  0
SECTION
  2
HEADER
  9
$ANGBASE
  50
0.0
  9
$ANGDIR
  70
1
  9
$MEASUREMENT
  70
0
  0
ENDSEC
  0
SECTION
  2
TABLES
  0
TABLE
  2
LTYPE
  70
4
  0
LTYPE
  5
40F
  2
CONTINUOUS
  70
0
  3
Solid line
  72
65
  73
0
  40
0.0
  0
LTYPE
  5
410
  2
DASHDOT
 70
0
  3
Dash Dot ____ _ ____ _
 72
65
 73
4
 40
2.0
 49
1.25
 49
-0.25
 49
0.25
 49
-0.25
  0
LTYPE
  5
411
  2
DASHED
 70
0
  3
Dashed __ __ __ __ __
 72
65
 73
2
 40
0.75
 49
0.5
 49
-0.25
  0
LTYPE
  5
43B
  2
DOTTED
 70
0
  3
Dotted .  .  .  .
 72
65
 73
2
 40
0.2
 49
0.0
 49
-0.2
  0
ENDTAB
  0
TABLE
  2
STYLE
  70
4
  0
STYLE
  2
KICAD
  70
0
  40
0
  41
1
  42
1
  50
0
  71
0
  3
isocp.shx
  0
STYLE
  2
KICADB
  70
0
  40
0
  41
1
  42
1
  50
0
  71
0
  3
isocp.shx
  0
STYLE
  2
KICADI
  70
0
  40
0
  41
1
  42
1
  50
15
  71
0
  3
isocp.shx
  0
STYLE
  2
KICADBI
  70
0
  40
0
  41
1
  42
1
  50
15
  71
0
  3
isocp.shx
  0
ENDTAB
  0
TABLE
  2
LAYER
  70
1
  0
LAYER
  2
BLACK
  70
0
  62
7
  6
CONTINUOUS
  0
ENDTAB
  0
ENDSEC
  0
SECTION
  2
ENTITIES
0
LINE
8
BLACK
6
CONTINUOUS
10
5.8900787401574801
20
-4.9984251968503939
11
5.8566141732283468
21
-4.9984251968503939
0
LINE
8
BLACK
6
CONTINUOUS
10
5.8566141732283468
20
-4.9984251968503939
11
5.8566141732283468
21
-4.9688976377952754
0
LINE
8
BLACK
6
CONTINUOUS
10
5.8566141732283468
20
-4.9688976377952754
11
5.8900787401574801
21
-4.9688976377952754
0
LINE
8
BLACK
6
CONTINUOUS
10
5.8900787401574801
20
-4.9688976377952754
11
5.8900787401574801
21
-4.9984251968503939
0
LINE
8
BLACK
6
CONTINUOUS
10
5.9432283464566931
20
-4.9984251968503939
11
5.9097637795275588
21
-4.9984251968503939
0
LINE
8
BLACK
6
CONTINUOUS
10
5.9097637795275588
20
-4.9984251968503939
11
5.9097637795275588
21
-4.9688976377952754
0
LINE
8
BLACK
6
CONTINUOUS
10
5.9097637795275588
20
-4.9688976377952754
11
5.9432283464566931
21
-4.9688976377952754
0
LINE
8
BLACK
6
CONTINUOUS
10
5.9432283464566931
20
-4.9688976377952754
11
5.9432283464566931
21
-4.9984251968503939
0
LINE
8
BLACK
6
CONTINUOUS
10
5.8900787401574801
20
-4.9570866141732282
11
5.8566141732283468
21
-4.9570866141732282
0
LINE
8
BLACK
6
CONTINUOUS
10
5.8566141732283468
20
-4.9570866141732282
11
5.8566141732283468
21
-4.9275590551181105
0
LINE
8
BLACK
6
CONTINUOUS
10
5.8566141732283468
20
-4.9275590551181105
11
5.8900787401574801
21
-4.9275590551181105
0
LINE
8
BLACK
6
CONTINUOUS
10
5.8900787401574801
20
-4.9275590551181105
11
5.8900787401574801
21
-4.9570866141732282
0
LINE
8
BLACK
6
CONTINUOUS
10
5.9432283464566931
20
-4.9570866141732282
11
5.9097637795275588
21
-4.9570866141732282
0
LINE
8
BLACK
6
CONTINUOUS
10
5.9097637795275588
20
-4.9570866141732282
11
5.9097637795275588
21
-4.9275590551181105
0
LINE
8
BLACK
6
CONTINUOUS
10
5.9097637795275588
20
-4.9275590551181105
11
5.9432283464566931
21
-4.9275590551181105
0
LINE
8
BLACK
6
CONTINUOUS
10
5.9432283464566931
20
-4.9275590551181105
11
5.9432283464566931
21
-4.9570866141732282
0
LINE
8
BLACK
6
CONTINUOUS
10
5.8104876771653542
20
-4.9144912992125986
11
5.8135211811023622
21
-4.9165181889763776
0
LINE
8
BLACK
6
CONTINUOUS
10
5.8135211811023622
20
-4.9165181889763776
11
5.815548070866142
21
-4.9195516929133856
0
LINE
8
BLACK
6
CONTINUOUS
10
5.815548070866142
20
-4.9195516929133856
11
5.8162598425196848
21
-4.9231299212598421
0
LINE
8
BLACK
6
CONTINUOUS
10
5.8162598425196848
20
-4.9231299212598421
11
5.8162598425196848
21
-4.9457677165354328
0
LINE
8
BLACK
6
CONTINUOUS
10
5.8162598425196848
20
-4.9457677165354328
11
5.815548070866142
21
-4.9493459448818893
0
LINE
8
BLACK
6
CONTINUOUS
10
5.815548070866142
20
-4.9493459448818893
11
5.8135211811023622
21
-4.9523794488188972
0
LINE
8
BLACK
6
CONTINUOUS
10
5.8135211811023622
20
-4.9523794488188972
11
5.8104876771653542
21
-4.9544063385826771
0
LINE
8
BLACK
6
CONTINUOUS
10
5.8104876771653542
20
-4.9544063385826771
11
5.8069094488188977
21
-4.9551181102362207
0
LINE
8
BLACK
6
CONTINUOUS
10
5.8069094488188977
20
-4.9551181102362207
11
5.7882086614173227
21
-4.9551181102362207
0
LINE
8
BLACK
6
CONTINUOUS
10
5.7882086614173227
20
-4.9551181102362207
11
5.7846304330708662
21
-4.9544063385826771
0
LINE
8
BLACK
6
CONTINUOUS
10
5.7846304330708662
20
-4.9544063385826771
11
5.7815969291338583
21
-4.9523794488188972
0
LINE
8
BLACK
6
CONTINUOUS
10
5.7815969291338583
20
-4.9523794488188972
11
5.7795700393700784
21
-4.9493459448818893
0
LINE
8
BLACK
6
CONTINUOUS
10
5.7795700393700784
20
-4.9493459448818893
11
5.7788582677165357
21
-4.9457677165354328
0
LINE
8
BLACK
6
CONTINUOUS
10
5.7788582677165357
20
-4.9457677165354328
11
5.7788582677165357
21
-4.9231299212598421
0
LINE
8
BLACK
6
CONTINUOUS
10
5.7788582677165357
20
-4.9231299212598421
11
5.7795700393700784
21
-4.9195516929133856
0
LINE
8
BLACK
6
CONTINUOUS
10
5.7795700393700784
20
-4.9195516929133856
11
5.7815969291338583
21
-4.9165181889763776
0
LINE
8
BLACK
6
CONTINUOUS
10
5.7815969291338583
20
-4.9165181889763776
11
5.7846304330708662
21
-4.9144912992125986
0
LINE
8
BLACK
6
CONTINUOUS
10
5.7846304330708662
20
-4.9144912992125986
11
5.7882086614173227
21
-4.913779527559055
0
LINE
8
BLACK
6
CONTINUOUS
10
5.7882086614173227
20
-4.913779527559055
11
5.8069094488188977
21
-4.913779527559055
0
LINE
8
BLACK
6
CONTINUOUS
10
5.8069094488188977
20
-4.913779527559055
11
5.8104876771653542
21
-4.9144912992125986
0
LINE
8
BLACK
6
CONTINUOUS
10
6.0152120866141727
20
-4.9144912992125986
11
6.0182455905511807
21
-4.9165181889763776
0
LINE
8
BLACK
6
CONTINUOUS
10
6.0182455905511807
20
-4.9165181889763776
11
6.0202724803149605
21
-4.9195516929133856
0
LINE
8
BLACK
6
CONTINUOUS
10
6.0202724803149605
20
-4.9195516929133856
11
6.0209842519685042
21
-4.9231299212598421
0
LINE
8
BLACK
6
CONTINUOUS
10
6.0209842519685042
20
-4.9231299212598421
11
6.0209842519685042
21
-4.9457677165354328
0
LINE
8
BLACK
6
CONTINUOUS
10
6.0209842519685042
20
-4.9457677165354328
11
6.0202724803149605
21
-4.9493459448818893
0
LINE
8
BLACK
6
CONTINUOUS
10
6.0202724803149605
20
-4.9493459448818893
11
6.0182455905511807
21
-4.9523794488188972
0
LINE
8
BLACK
6
CONTINUOUS
10
6.0182455905511807
20
-4.9523794488188972
11
6.0152120866141727
21
-4.9544063385826771
0
LINE
8
BLACK
6
CONTINUOUS
10
6.0152120866141727
20
-4.9544063385826771
11
6.0116338582677162
21
-4.9551181102362207
0
LINE
8
BLACK
6
CONTINUOUS
10
6.0116338582677162
20
-4.9551181102362207
11
5.9929330708661412
21
-4.9551181102362207
0
LINE
8
BLACK
6
CONTINUOUS
10
5.9929330708661412
20
-4.9551181102362207
11
5.9893548425196848
21
-4.9544063385826771
0
LINE
8
BLACK
6
CONTINUOUS
10
5.9893548425196848
20
-4.9544063385826771
11
5.9863213385826768
21
-4.9523794488188972
0
LINE
8
BLACK
6
CONTINUOUS
10
5.9863213385826768
20
-4.9523794488188972
11
5.9842944488188978
21
-4.9493459448818893
0
LINE
8
BLACK
6
CONTINUOUS
10
5.9842944488188978
20
-4.9493459448818893
11
5.9835826771653542
21
-4.9457677165354328
0
LINE
8
BLACK
6
CONTINUOUS
10
5.9835826771653542
20
-4.9457677165354328
11
5.9835826771653542
21
-4.9231299212598421
0
LINE
8
BLACK
6
CONTINUOUS
10
5.9835826771653542
20
-4.9231299212598421
11
5.9842944488188978
21
-4.9195516929133856
0
LINE
8
BLACK
6
CONTINUOUS
10
5.9842944488188978
20
-4.9195516929133856
11
5.9863213385826768
21
-4.9165181889763776
0
LINE
8
BLACK
6
CONTINUOUS
10
5.9863213385826768
20
-4.9165181889763776
11
5.9893548425196848
21
-4.9144912992125986
0
LINE
8
BLACK
6
CONTINUOUS
10
5.9893548425196848
20
-4.9144912992125986
11
5.9929330708661412
21
-4.913779527559055
0
LINE
8
BLACK
6
CONTINUOUS
10
5.9929330708661412
20
-4.913779527559055
11
6.0116338582677162
21
-4.913779527559055
0
LINE
8
BLACK
6
CONTINUOUS
10
6.0116338582677162
20
-4.913779527559055
11
6.0152120866141727
21
-4.9144912992125986
0
LINE
8
BLACK
6
CONTINUOUS
10
5.8104876771653542
20
-4.8455936614173227
11
5.8135211811023622
21
-4.8476205511811026
0
LINE
8
BLACK
6
CONTINUOUS
10
5.8135211811023622
20
-4.8476205511811026
11
5.815548070866142
21
-4.8506540551181105
0
LINE
8
BLACK
6
CONTINUOUS
10
5.815548070866142
20
-4.8506540551181105
11
5.8162598425196848
21
-4.854232283464567
0
LINE
8
BLACK
6
CONTINUOUS
10
5.8162598425196848
20
-4.854232283464567
11
5.8162598425196848
21
-4.8768700787401578
0
LINE
8
BLACK
6
CONTINUOUS
10
5.8162598425196848
20
-4.8768700787401578
11
5.815548070866142
21
-4.8804483070866143
0
LINE
8
BLACK
6
CONTINUOUS
10
5.815548070866142
20
-4.8804483070866143
11
5.8135211811023622
21
-4.8834818110236222
0
LINE
8
BLACK
6
CONTINUOUS
10
5.8135211811023622
20
-4.8834818110236222
11
5.8104876771653542
21
-4.8855087007874012
0
LINE
8
BLACK
6
CONTINUOUS
10
5.8104876771653542
20
-4.8855087007874012
11
5.8069094488188977
21
-4.8862204724409448
0
LINE
8
BLACK
6
CONTINUOUS
10
5.8069094488188977
20
-4.8862204724409448
11
5.7882086614173227
21
-4.8862204724409448
0
LINE
8
BLACK
6
CONTINUOUS
10
5.7882086614173227
20
-4.8862204724409448
11
5.7846304330708662
21
-4.8855087007874012
0
LINE
8
BLACK
6
CONTINUOUS
10
5.7846304330708662
20
-4.8855087007874012
11
5.7815969291338583
21
-4.8834818110236222
0
LINE
8
BLACK
6
CONTINUOUS
10
5.7815969291338583
20
-4.8834818110236222
11
5.7795700393700784
21
-4.8804483070866143
0
LINE
8
BLACK
6
CONTINUOUS
10
5.7795700393700784
20
-4.8804483070866143
11
5.7788582677165357
21
-4.8768700787401578
0
LINE
8
BLACK
6
CONTINUOUS
10
5.7788582677165357
20
-4.8768700787401578
11
5.7788582677165357
21
-4.854232283464567
0
LINE
8
BLACK
6
CONTINUOUS
10
5.7788582677165357
20
-4.854232283464567
11
5.7795700393700784
21
-4.8506540551181105
0
LINE
8
BLACK
6
CONTINUOUS
10
5.7795700393700784
20
-4.8506540551181105
11
5.7815969291338583
21
-4.8476205511811026
0
LINE
8
BLACK
6
CONTINUOUS
10
5.7815969291338583
20
-4.8476205511811026
11
5.7846304330708662
21
-4.8455936614173227
0
LINE
8
BLACK
6
CONTINUOUS
10
5.7846304330708662
20
-4.8455936614173227
11
5.7882086614173227
21
-4.8448818897637791
0
LINE
8
BLACK
6
CONTINUOUS
10
5.7882086614173227
20
-4.8448818897637791
11
5.8069094488188977
21
-4.8448818897637791
0
LINE
8
BLACK
6
CONTINUOUS
10
5.8069094488188977
20
-4.8448818897637791
11
5.8104876771653542
21
-4.8455936614173227
0
LINE
8
BLACK
6
CONTINUOUS
10
6.0152120866141727
20
-4.8455936614173227
11
6.0182455905511807
21
-4.8476205511811026
0
LINE
8
BLACK
6
CONTINUOUS
10
6.0182455905511807
20
-4.8476205511811026
11
6.0202724803149605
21
-4.8506540551181105
0
LINE
8
BLACK
6
CONTINUOUS
10
6.0202724803149605
20
-4.8506540551181105
11
6.0209842519685042
21
-4.854232283464567
0
LINE
8
BLACK
6
CONTINUOUS
10
6.0209842519685042
20
-4.854232283464567
11
6.0209842519685042
21
-4.8768700787401578
0
LINE
8
BLACK
6
CONTINUOUS
10
6.0209842519685042
20
-4.8768700787401578
11
6.0202724803149605
21
-4.8804483070866143
0
LINE
8
BLACK
6
CONTINUOUS
10
6.0202724803149605
20
-4.8804483070866143
11
6.0182455905511807
21
-4.8834818110236222
0
LINE
8
BLACK
6
CONTINUOUS
10
6.0182455905511807
20
-4.8834818110236222
11
6.0152120866141727
21
-4.8855087007874012
0
LINE
8
BLACK
6
CONTINUOUS
10
6.0152120866141727
20
-4.8855087007874012
11
6.0116338582677162
21
-4.8862204724409448
0
LINE
8
BLACK
6
CONTINUOUS
10
6.0116338582677162
20
-4.8862204724409448
11
5.9929330708661412
21
-4.8862204724409448
0
LINE
8
BLACK
6
CONTINUOUS
10
5.9929330708661412
20
-4.8862204724409448
11
5.9893548425196848
21
-4.8855087007874012
0
LINE
8
BLACK
6
CONTINUOUS
10
5.9893548425196848
20
-4.8855087007874012
11
5.9863213385826768
21
-4.8834818110236222
0
LINE
8
BLACK
6
CONTINUOUS
10
5.9863213385826768
20
-4.8834818110236222
11
5.9842944488188978
21
-4.8804483070866143
0
LINE
8
BLACK
6
CONTINUOUS
10
5.9842944488188978
20
-4.8804483070866143
11
5.9835826771653542
21
-4.8768700787401578
0
LINE
8
BLACK
6
CONTINUOUS
10
5.9835826771653542
20
-4.8768700787401578
11
5.9835826771653542
21
-4.854232283464567
0
LINE
8
BLACK
6
CONTINUOUS
10
5.9835826771653542
20
-4.854232283464567
11
5.9842944488188978
21
-4.8506540551181105
0
LINE
8
BLACK
6
CONTINUOUS
10
5.9842944488188978
20
-4.8506540551181105
11
5.9863213385826768
21
-4.8476205511811026
0
LINE
8
BLACK
6
CONTINUOUS
10
5.9863213385826768
20
-4.8476205511811026
11
5.9893548425196848
21
-4.8455936614173227
0
LINE
8
BLACK
6
CONTINUOUS
10
5.9893548425196848
20
-4.8455936614173227
11
5.9929330708661412
21
-4.8448818897637791
0
LINE
8
BLACK
6
CONTINUOUS
10
5.9929330708661412
20
-4.8448818897637791
11
6.0116338582677162
21
-4.8448818897637791
0
LINE
8
BLACK
6
CONTINUOUS
10
6.0116338582677162
20
-4.8448818897637791
11
6.0152120866141727
21
-4.8455936614173227
0
LINE
8
BLACK
6
CONTINUOUS
10
6.0880467322834644
20
-4.8420897244094485
11
6.0910802362204723
21
-4.8441166141732284
0
LINE
8
BLACK
6
CONTINUOUS
10
6.0910802362204723
20
-4.8441166141732284
11
6.0931071259842522
21
-4.8471501181102363
0
LINE
8
BLACK
6
CONTINUOUS
10
6.0931071259842522
20
-4.8471501181102363
11
6.0938188976377949
21
-4.8507283464566928
0
LINE
8
BLACK
6
CONTINUOUS
10
6.0938188976377949
20
-4.8507283464566928
11
6.0938188976377949
21
-4.8694291338582678
0
LINE
8
BLACK
6
CONTINUOUS
10
6.0938188976377949
20
-4.8694291338582678
11
6.0931071259842522
21
-4.8730073622047243
0
LINE
8
BLACK
6
CONTINUOUS
10
6.0931071259842522
20
-4.8730073622047243
11
6.0910802362204723
21
-4.8760408661417323
0
LINE
8
BLACK
6
CONTINUOUS
10
6.0910802362204723
20
-4.8760408661417323
11
6.0880467322834644
21
-4.8780677559055121
0
LINE
8
BLACK
6
CONTINUOUS
10
6.0880467322834644
20
-4.8780677559055121
11
6.0844685039370079
21
-4.8787795275590549
0
LINE
8
BLACK
6
CONTINUOUS
10
6.0844685039370079
20
-4.8787795275590549
11
6.0618307086614172
21
-4.8787795275590549
0
LINE
8
BLACK
6
CONTINUOUS
10
6.0618307086614172
20
-4.8787795275590549
11
6.0582524803149607
21
-4.8780677559055121
0
LINE
8
BLACK
6
CONTINUOUS
10
6.0582524803149607
20
-4.8780677559055121
11
6.0552189763779527
21
-4.8760408661417323
0
LINE
8
BLACK
6
CONTINUOUS
10
6.0552189763779527
20
-4.8760408661417323
11
6.0531920866141729
21
-4.8730073622047243
0
LINE
8
BLACK
6
CONTINUOUS
10
6.0531920866141729
20
-4.8730073622047243
11
6.0524803149606301
21
-4.8694291338582678
0
LINE
8
BLACK
6
CONTINUOUS
10
6.0524803149606301
20
-4.8694291338582678
11
6.0524803149606301
21
-4.8507283464566928
0
LINE
8
BLACK
6
CONTINUOUS
10
6.0524803149606301
20
-4.8507283464566928
11
6.0531920866141729
21
-4.8471501181102363
0
LINE
8
BLACK
6
CONTINUOUS
10
6.0531920866141729
20
-4.8471501181102363
11
6.0552189763779527
21
-4.8441166141732284
0
LINE
8
BLACK
6
CONTINUOUS
10
6.0552189763779527
20
-4.8441166141732284
11
6.0582524803149607
21
-4.8420897244094485
0
LINE
8
BLACK
6
CONTINUOUS
10
6.0582524803149607
20
-4.8420897244094485
11
6.0618307086614172
21
-4.8413779527559058
0
LINE
8
BLACK
6
CONTINUOUS
10
6.0618307086614172
20
-4.8413779527559058
11
6.0844685039370079
21
-4.8413779527559058
0
LINE
8
BLACK
6
CONTINUOUS
10
6.0844685039370079
20
-4.8413779527559058
11
6.0880467322834644
21
-4.8420897244094485
0
LINE
8
BLACK
6
CONTINUOUS
10
6.1569443700787403
20
-4.8420897244094485
11
6.1599778740157483
21
-4.8441166141732284
0
LINE
8
BLACK
6
CONTINUOUS
10
6.1599778740157483
20
-4.8441166141732284
11
6.1620047637795272
21
-4.8471501181102363
0
LINE
8
BLACK
6
CONTINUOUS
10
6.1620047637795272
20
-4.8471501181102363
11
6.1627165354330709
21
-4.8507283464566928
0
LINE
8
BLACK
6
CONTINUOUS
10
6.1627165354330709
20
-4.8507283464566928
11
6.1627165354330709
21
-4.8694291338582678
0
LINE
8
BLACK
6
CONTINUOUS
10
6.1627165354330709
20
-4.8694291338582678
11
6.1620047637795272
21
-4.8730073622047243
0
LINE
8
BLACK
6
CONTINUOUS
10
6.1620047637795272
20
-4.8730073622047243
11
6.1599778740157483
21
-4.8760408661417323
0
LINE
8
BLACK
6
CONTINUOUS
10
6.1599778740157483
20
-4.8760408661417323
11
6.1569443700787403
21
-4.8780677559055121
0
LINE
8
BLACK
6
CONTINUOUS
10
6.1569443700787403
20
-4.8780677559055121
11
6.1533661417322829
21
-4.8787795275590549
0
LINE
8
BLACK
6
CONTINUOUS
10
6.1533661417322829
20
-4.8787795275590549
11
6.1307283464566931
21
-4.8787795275590549
0
LINE
8
BLACK
6
CONTINUOUS
10
6.1307283464566931
20
-4.8787795275590549
11
6.1271501181102357
21
-4.8780677559055121
0
LINE
8
BLACK
6
CONTINUOUS
10
6.1271501181102357
20
-4.8780677559055121
11
6.1241166141732286
21
-4.8760408661417323
0
LINE
8
BLACK
6
CONTINUOUS
10
6.1241166141732286
20
-4.8760408661417323
11
6.1220897244094488
21
-4.8730073622047243
0
LINE
8
BLACK
6
CONTINUOUS
10
6.1220897244094488
20
-4.8730073622047243
11
6.1213779527559051
21
-4.8694291338582678
0
LINE
8
BLACK
6
CONTINUOUS
10
6.1213779527559051
20
-4.8694291338582678
11
6.1213779527559051
21
-4.8507283464566928
0
LINE
8
BLACK
6
CONTINUOUS
10
6.1213779527559051
20
-4.8507283464566928
11
6.1220897244094488
21
-4.8471501181102363
0
LINE
8
BLACK
6
CONTINUOUS
10
6.1220897244094488
20
-4.8471501181102363
11
6.1241166141732286
21
-4.8441166141732284
0
LINE
8
BLACK
6
CONTINUOUS
10
6.1241166141732286
20
-4.8441166141732284
11
6.1271501181102357
21
-4.8420897244094485
0
LINE
8
BLACK
6
CONTINUOUS
10
6.1271501181102357
20
-4.8420897244094485
11
6.1307283464566931
21
-4.8413779527559058
0
LINE
8
BLACK
6
CONTINUOUS
10
6.1307283464566931
20
-4.8413779527559058
11
6.1533661417322829
21
-4.8413779527559058
0
LINE
8
BLACK
6
CONTINUOUS
10
6.1533661417322829
20
-4.8413779527559058
11
6.1569443700787403
21
-4.8420897244094485
0
LINE
8
BLACK
6
CONTINUOUS
10
6.4207238976377949
20
-4.8239401181102357
11
6.4237574015748029
21
-4.8259670078740156
0
LINE
8
BLACK
6
CONTINUOUS
10
6.4237574015748029
20
-4.8259670078740156
11
6.4257842913385828
21
-4.8290005118110235
0
LINE
8
BLACK
6
CONTINUOUS
10
6.4257842913385828
20
-4.8290005118110235
11
6.4264960629921255
21
-4.83257874015748
0
LINE
8
BLACK
6
CONTINUOUS
10
6.4264960629921255
20
-4.83257874015748
11
6.4264960629921255
21
-4.8552165354330707
0
LINE
8
BLACK
6
CONTINUOUS
10
6.4264960629921255
20
-4.8552165354330707
11
6.4257842913385828
21
-4.8587947637795272
0
LINE
8
BLACK
6
CONTINUOUS
10
6.4257842913385828
20
-4.8587947637795272
11
6.4237574015748029
21
-4.8618282677165352
0
LINE
8
BLACK
6
CONTINUOUS
10
6.4237574015748029
20
-4.8618282677165352
11
6.4207238976377949
21
-4.8638551574803151
0
LINE
8
BLACK
6
CONTINUOUS
10
6.4207238976377949
20
-4.8638551574803151
11
6.4171456692913385
21
-4.8645669291338578
0
LINE
8
BLACK
6
CONTINUOUS
10
6.4171456692913385
20
-4.8645669291338578
11
6.3984448818897635
21
-4.8645669291338578
0
LINE
8
BLACK
6
CONTINUOUS
10
6.3984448818897635
20
-4.8645669291338578
11
6.394866653543307
21
-4.8638551574803151
0
LINE
8
BLACK
6
CONTINUOUS
10
6.394866653543307
20
-4.8638551574803151
11
6.391833149606299
21
-4.8618282677165352
0
LINE
8
BLACK
6
CONTINUOUS
10
6.391833149606299
20
-4.8618282677165352
11
6.3898062598425192
21
-4.8587947637795272
0
LINE
8
BLACK
6
CONTINUOUS
10
6.3898062598425192
20
-4.8587947637795272
11
6.3890944881889764
21
-4.8552165354330707
0
LINE
8
BLACK
6
CONTINUOUS
10
6.3890944881889764
20
-4.8552165354330707
11
6.3890944881889764
21
-4.83257874015748
0
LINE
8
BLACK
6
CONTINUOUS
10
6.3890944881889764
20
-4.83257874015748
11
6.3898062598425192
21
-4.8290005118110235
0
LINE
8
BLACK
6
CONTINUOUS
10
6.3898062598425192
20
-4.8290005118110235
11
6.391833149606299
21
-4.8259670078740156
0
LINE
8
BLACK
6
CONTINUOUS
10
6.391833149606299
20
-4.8259670078740156
11
6.394866653543307
21
-4.8239401181102357
0
LINE
8
BLACK
6
CONTINUOUS
10
6.394866653543307
20
-4.8239401181102357
11
6.3984448818897635
21
-4.823228346456693
0
LINE
8
BLACK
6
CONTINUOUS
10
6.3984448818897635
20
-4.823228346456693
11
6.4171456692913385
21
-4.823228346456693
0
LINE
8
BLACK
6
CONTINUOUS
10
6.4171456692913385
20
-4.823228346456693
11
6.4207238976377949
21
-4.8239401181102357
0
LINE
8
BLACK
6
CONTINUOUS
10
6.0880467322834644
20
-4.7751605905511809
11
6.0910802362204723
21
-4.7771874803149608
0
LINE
8
BLACK
6
CONTINUOUS
10
6.0910802362204723
20
-4.7771874803149608
11
6.0931071259842522
21
-4.7802209842519687
0
LINE
8
BLACK
6
CONTINUOUS
10
6.0931071259842522
20
-4.7802209842519687
11
6.0938188976377949
21
-4.7837992125984252
0
LINE
8
BLACK
6
CONTINUOUS
10
6.0938188976377949
20
-4.7837992125984252
11
6.0938188976377949
21
-4.8025000000000002
0
LINE
8
BLACK
6
CONTINUOUS
10
6.0938188976377949
20
-4.8025000000000002
11
6.0931071259842522
21
-4.8060782283464567
0
LINE
8
BLACK
6
CONTINUOUS
10
6.0931071259842522
20
-4.8060782283464567
11
6.0910802362204723
21
-4.8091117322834647
0
LINE
8
BLACK
6
CONTINUOUS
10
6.0910802362204723
20
-4.8091117322834647
11
6.0880467322834644
21
-4.8111386220472436
0
LINE
8
BLACK
6
CONTINUOUS
10
6.0880467322834644
20
-4.8111386220472436
11
6.0844685039370079
21
-4.8118503937007873
0
LINE
8
BLACK
6
CONTINUOUS
10
6.0844685039370079
20
-4.8118503937007873
11
6.0618307086614172
21
-4.8118503937007873
0
LINE
8
BLACK
6
CONTINUOUS
10
6.0618307086614172
20
-4.8118503937007873
11
6.0582524803149607
21
-4.8111386220472436
0
LINE
8
BLACK
6
CONTINUOUS
10
6.0582524803149607
20
-4.8111386220472436
11
6.0552189763779527
21
-4.8091117322834647
0
LINE
8
BLACK
6
CONTINUOUS
10
6.0552189763779527
20
-4.8091117322834647
11
6.0531920866141729
21
-4.8060782283464567
0
LINE
8
BLACK
6
CONTINUOUS
10
6.0531920866141729
20
-4.8060782283464567
11
6.0524803149606301
21
-4.8025000000000002
0
LINE
8
BLACK
6
CONTINUOUS
10
6.0524803149606301
20
-4.8025000000000002
11
6.0524803149606301
21
-4.7837992125984252
0
LINE
8
BLACK
6
CONTINUOUS
10
6.0524803149606301
20
-4.7837992125984252
11
6.0531920866141729
21
-4.7802209842519687
0
LINE
8
BLACK
6
CONTINUOUS
10
6.0531920866141729
20
-4.7802209842519687
11
6.0552189763779527
21
-4.7771874803149608
0
LINE
8
BLACK
6
CONTINUOUS
10
6.0552189763779527
20
-4.7771874803149608
11
6.0582524803149607
21
-4.7751605905511809
0
LINE
8
BLACK
6
CONTINUOUS
10
6.0582524803149607
20
-4.7751605905511809
11
6.0618307086614172
21
-4.7744488188976373
0
LINE
8
BLACK
6
CONTINUOUS
10
6.0618307086614172
20
-4.7744488188976373
11
6.0844685039370079
21
-4.7744488188976373
0
LINE
8
BLACK
6
CONTINUOUS
10
6.0844685039370079
20
-4.7744488188976373
11
6.0880467322834644
21
-4.7751605905511809
0
LINE
8
BLACK
6
CONTINUOUS
10
6.1569443700787403
20
-4.7751605905511809
11
6.1599778740157483
21
-4.7771874803149608
0
LINE
8
BLACK
6
CONTINUOUS
10
6.1599778740157483
20
-4.7771874803149608
11
6.1620047637795272
21
-4.7802209842519687
0
LINE
8
BLACK
6
CONTINUOUS
10
6.1620047637795272
20
-4.7802209842519687
11
6.1627165354330709
21
-4.7837992125984252
0
LINE
8
BLACK
6
CONTINUOUS
10
6.1627165354330709
20
-4.7837992125984252
11
6.1627165354330709
21
-4.8025000000000002
0
LINE
8
BLACK
6
CONTINUOUS
10
6.1627165354330709
20
-4.8025000000000002
11
6.1620047637795272
21
-4.8060782283464567
0
LINE
8
BLACK
6
CONTINUOUS
10
6.1620047637795272
20
-4.8060782283464567
11
6.1599778740157483
21
-4.8091117322834647
0
LINE
8
BLACK
6
CONTINUOUS
10
6.1599778740157483
20
-4.8091117322834647
11
6.1569443700787403
21
-4.8111386220472436
0
LINE
8
BLACK
6
CONTINUOUS
10
6.1569443700787403
20
-4.8111386220472436
11
6.1533661417322829
21
-4.8118503937007873
0
LINE
8
BLACK
6
CONTINUOUS
10
6.1533661417322829
20
-4.8118503937007873
11
6.1307283464566931
21
-4.8118503937007873
0
LINE
8
BLACK
6
CONTINUOUS
10
6.1307283464566931
20
-4.8118503937007873
11
6.1271501181102357
21
-4.8111386220472436
0
LINE
8
BLACK
6
CONTINUOUS
10
6.1271501181102357
20
-4.8111386220472436
11
6.1241166141732286
21
-4.8091117322834647
0
LINE
8
BLACK
6
CONTINUOUS
10
6.1241166141732286
20
-4.8091117322834647
11
6.1220897244094488
21
-4.8060782283464567
0
LINE
8
BLACK
6
CONTINUOUS
10
6.1220897244094488
20
-4.8060782283464567
11
6.1213779527559051
21
-4.8025000000000002
0
LINE
8
BLACK
6
CONTINUOUS
10
6.1213779527559051
20
-4.8025000000000002
11
6.1213779527559051
21
-4.7837992125984252
0
LINE
8
BLACK
6
CONTINUOUS
10
6.1213779527559051
20
-4.7837992125984252
11
6.1220897244094488
21
-4.7802209842519687
0
LINE
8
BLACK
6
CONTINUOUS
10
6.1220897244094488
20
-4.7802209842519687
11
6.1241166141732286
21
-4.7771874803149608
0
LINE
8
BLACK
6
CONTINUOUS
10
6.1241166141732286
20
-4.7771874803149608
11
6.1271501181102357
21
-4.7751605905511809
0
LINE
8
BLACK
6
CONTINUOUS
10
6.1271501181102357
20
-4.7751605905511809
11
6.1307283464566931
21
-4.7744488188976373
0
LINE
8
BLACK
6
CONTINUOUS
10
6.1307283464566931
20
-4.7744488188976373
11
6.1533661417322829
21
-4.7744488188976373
0
LINE
8
BLACK
6
CONTINUOUS
10
6.1533661417322829
20
-4.7744488188976373
11
6.1569443700787403
21
-4.7751605905511809
0
LINE
8
BLACK
6
CONTINUOUS
10
6.2238735039370079
20
-4.7564598031496059
11
6.2269070078740159
21
-4.7584866929133858
0
LINE
8
BLACK
6
CONTINUOUS
10
6.2269070078740159
20
-4.7584866929133858
11
6.2289338976377948
21
-4.7615201968503937
0
LINE
8
BLACK
6
CONTINUOUS
10
6.2289338976377948
20
-4.7615201968503937
11
6.2296456692913385
21
-4.7650984251968502
0
LINE
8
BLACK
6
CONTINUOUS
10
6.2296456692913385
20
-4.7650984251968502
11
6.2296456692913385
21
-4.787736220472441
0
LINE
8
BLACK
6
CONTINUOUS
10
6.2296456692913385
20
-4.787736220472441
11
6.2289338976377948
21
-4.7913144488188975
0
LINE
8
BLACK
6
CONTINUOUS
10
6.2289338976377948
20
-4.7913144488188975
11
6.2269070078740159
21
-4.7943479527559054
0
LINE
8
BLACK
6
CONTINUOUS
10
6.2269070078740159
20
-4.7943479527559054
11
6.2238735039370079
21
-4.7963748425196853
0
LINE
8
BLACK
6
CONTINUOUS
10
6.2238735039370079
20
-4.7963748425196853
11
6.2202952755905514
21
-4.797086614173228
0
LINE
8
BLACK
6
CONTINUOUS
10
6.2202952755905514
20
-4.797086614173228
11
6.2015944881889764
21
-4.797086614173228
0
LINE
8
BLACK
6
CONTINUOUS
10
6.2015944881889764
20
-4.797086614173228
11
6.1980162598425199
21
-4.7963748425196853
0
LINE
8
BLACK
6
CONTINUOUS
10
6.1980162598425199
20
-4.7963748425196853
11
6.194982755905512
21
-4.7943479527559054
0
LINE
8
BLACK
6
CONTINUOUS
10
6.194982755905512
20
-4.7943479527559054
11
6.1929558661417321
21
-4.7913144488188975
0
LINE
8
BLACK
6
CONTINUOUS
10
6.1929558661417321
20
-4.7913144488188975
11
6.1922440944881885
21
-4.787736220472441
0
LINE
8
BLACK
6
CONTINUOUS
10
6.1922440944881885
20
-4.787736220472441
11
6.1922440944881885
21
-4.7650984251968502
0
LINE
8
BLACK
6
CONTINUOUS
10
6.1922440944881885
20
-4.7650984251968502
11
6.1929558661417321
21
-4.7615201968503937
0
LINE
8
BLACK
6
CONTINUOUS
10
6.1929558661417321
20
-4.7615201968503937
11
6.194982755905512
21
-4.7584866929133858
0
LINE
8
BLACK
6
CONTINUOUS
10
6.194982755905512
20
-4.7584866929133858
11
6.1980162598425199
21
-4.7564598031496059
0
LINE
8
BLACK
6
CONTINUOUS
10
6.1980162598425199
20
-4.7564598031496059
11
6.2015944881889764
21
-4.7557480314960632
0
LINE
8
BLACK
6
CONTINUOUS
10
6.2015944881889764
20
-4.7557480314960632
11
6.2202952755905514
21
-4.7557480314960632
0
LINE
8
BLACK
6
CONTINUOUS
10
6.2202952755905514
20
-4.7557480314960632
11
6.2238735039370079
21
-4.7564598031496059
0
LINE
8
BLACK
6
CONTINUOUS
10
6.4207238976377949
20
-4.7550424803149607
11
6.4237574015748029
21
-4.7570693700787396
0
LINE
8
BLACK
6
CONTINUOUS
10
6.4237574015748029
20
-4.7570693700787396
11
6.4257842913385828
21
-4.7601028740157476
0
LINE
8
BLACK
6
CONTINUOUS
10
6.4257842913385828
20
-4.7601028740157476
11
6.4264960629921255
21
-4.763681102362205
0
LINE
8
BLACK
6
CONTINUOUS
10
6.4264960629921255
20
-4.763681102362205
11
6.4264960629921255
21
-4.7863188976377948
0
LINE
8
BLACK
6
CONTINUOUS
10
6.4264960629921255
20
-4.7863188976377948
11
6.4257842913385828
21
-4.7898971259842522
0
LINE
8
BLACK
6
CONTINUOUS
10
6.4257842913385828
20
-4.7898971259842522
11
6.4237574015748029
21
-4.7929306299212602
0
LINE
8
BLACK
6
CONTINUOUS
10
6.4237574015748029
20
-4.7929306299212602
11
6.4207238976377949
21
-4.7949575196850391
0
LINE
8
BLACK
6
CONTINUOUS
10
6.4207238976377949
20
-4.7949575196850391
11
6.4171456692913385
21
-4.7956692913385828
0
LINE
8
BLACK
6
CONTINUOUS
10
6.4171456692913385
20
-4.7956692913385828
11
6.3984448818897635
21
-4.7956692913385828
0
LINE
8
BLACK
6
CONTINUOUS
10
6.3984448818897635
20
-4.7956692913385828
11
6.394866653543307
21
-4.7949575196850391
0
LINE
8
BLACK
6
CONTINUOUS
10
6.394866653543307
20
-4.7949575196850391
11
6.391833149606299
21
-4.7929306299212602
0
LINE
8
BLACK
6
CONTINUOUS
10
6.391833149606299
20
-4.7929306299212602
11
6.3898062598425192
21
-4.7898971259842522
0
LINE
8
BLACK
6
CONTINUOUS
10
6.3898062598425192
20
-4.7898971259842522
11
6.3890944881889764
21
-4.7863188976377948
0
LINE
8
BLACK
6
CONTINUOUS
10
6.3890944881889764
20
-4.7863188976377948
11
6.3890944881889764
21
-4.763681102362205
0
LINE
8
BLACK
6
CONTINUOUS
10
6.3890944881889764
20
-4.763681102362205
11
6.3898062598425192
21
-4.7601028740157476
0
LINE
8
BLACK
6
CONTINUOUS
10
6.3898062598425192
20
-4.7601028740157476
11
6.391833149606299
21
-4.7570693700787396
0
LINE
8
BLACK
6
CONTINUOUS
10
6.391833149606299
20
-4.7570693700787396
11
6.394866653543307
21
-4.7550424803149607
0
LINE
8
BLACK
6
CONTINUOUS
10
6.394866653543307
20
-4.7550424803149607
11
6.3984448818897635
21
-4.754330708661417
0
LINE
8
BLACK
6
CONTINUOUS
10
6.3984448818897635
20
-4.754330708661417
11
6.4171456692913385
21
-4.754330708661417
0
LINE
8
BLACK
6
CONTINUOUS
10
6.4171456692913385
20
-4.754330708661417
11
6.4207238976377949
21
-4.7550424803149607
0
LINE
8
BLACK
6
CONTINUOUS
10
6.2983049606299213
20
-4.7613081889763782
11
6.3001888976377955
21
-4.7625670078740159
0
LINE
8
BLACK
6
CONTINUOUS
10
6.3001888976377955
20
-4.7625670078740159
11
6.3014477165354332
21
-4.7644509448818892
0
LINE
8
BLACK
6
CONTINUOUS
10
6.3014477165354332
20
-4.7644509448818892
11
6.3018897637795277
21
-4.7666732283464563
0
LINE
8
BLACK
6
CONTINUOUS
10
6.3018897637795277
20
-4.7666732283464563
11
6.3018897637795277
21
-4.7802559055118108
0
LINE
8
BLACK
6
CONTINUOUS
10
6.3018897637795277
20
-4.7802559055118108
11
6.3014477165354332
21
-4.7824781889763779
0
LINE
8
BLACK
6
CONTINUOUS
10
6.3014477165354332
20
-4.7824781889763779
11
6.3001888976377955
21
-4.7843621259842521
0
LINE
8
BLACK
6
CONTINUOUS
10
6.3001888976377955
20
-4.7843621259842521
11
6.2983049606299213
21
-4.7856209448818898
0
LINE
8
BLACK
6
CONTINUOUS
10
6.2983049606299213
20
-4.7856209448818898
11
6.2960826771653542
21
-4.7860629921259843
0
LINE
8
BLACK
6
CONTINUOUS
10
6.2960826771653542
20
-4.7860629921259843
11
6.2844685039370081
21
-4.7860629921259843
0
LINE
8
BLACK
6
CONTINUOUS
10
6.2844685039370081
20
-4.7860629921259843
11
6.282246220472441
21
-4.7856209448818898
0
LINE
8
BLACK
6
CONTINUOUS
10
6.282246220472441
20
-4.7856209448818898
11
6.2803622834645667
21
-4.7843621259842521
0
LINE
8
BLACK
6
CONTINUOUS
10
6.2803622834645667
20
-4.7843621259842521
11
6.279103464566929
21
-4.7824781889763779
0
LINE
8
BLACK
6
CONTINUOUS
10
6.279103464566929
20
-4.7824781889763779
11
6.2786614173228346
21
-4.7802559055118108
0
LINE
8
BLACK
6
CONTINUOUS
10
6.2786614173228346
20
-4.7802559055118108
11
6.2786614173228346
21
-4.7666732283464563
0
LINE
8
BLACK
6
CONTINUOUS
10
6.2786614173228346
20
-4.7666732283464563
11
6.279103464566929
21
-4.7644509448818892
0
LINE
8
BLACK
6
CONTINUOUS
10
6.279103464566929
20
-4.7644509448818892
11
6.2803622834645667
21
-4.7625670078740159
0
LINE
8
BLACK
6
CONTINUOUS
10
6.2803622834645667
20
-4.7625670078740159
11
6.282246220472441
21
-4.7613081889763782
0
LINE
8
BLACK
6
CONTINUOUS
10
6.282246220472441
20
-4.7613081889763782
11
6.2844685039370081
21
-4.7608661417322837
0
LINE
8
BLACK
6
CONTINUOUS
10
6.2844685039370081
20
-4.7608661417322837
11
6.2960826771653542
21
-4.7608661417322837
0
LINE
8
BLACK
6
CONTINUOUS
10
6.2960826771653542
20
-4.7608661417322837
11
6.2983049606299213
21
-4.7613081889763782
0
LINE
8
BLACK
6
CONTINUOUS
10
6.3364939370078739
20
-4.7613081889763782
11
6.3383778740157481
21
-4.7625670078740159
0
LINE
8
BLACK
6
CONTINUOUS
10
6.3383778740157481
20
-4.7625670078740159
11
6.3396366929133858
21
-4.7644509448818892
0
LINE
8
BLACK
6
CONTINUOUS
10
6.3396366929133858
20
-4.7644509448818892
11
6.3400787401574803
21
-4.7666732283464563
0
LINE
8
BLACK
6
CONTINUOUS
10
6.3400787401574803
20
-4.7666732283464563
11
6.3400787401574803
21
-4.7802559055118108
0
LINE
8
BLACK
6
CONTINUOUS
10
6.3400787401574803
20
-4.7802559055118108
11
6.3396366929133858
21
-4.7824781889763779
0
LINE
8
BLACK
6
CONTINUOUS
10
6.3396366929133858
20
-4.7824781889763779
11
6.3383778740157481
21
-4.7843621259842521
0
LINE
8
BLACK
6
CONTINUOUS
10
6.3383778740157481
20
-4.7843621259842521
11
6.3364939370078739
21
-4.7856209448818898
0
LINE
8
BLACK
6
CONTINUOUS
10
6.3364939370078739
20
-4.7856209448818898
11
6.3342716535433068
21
-4.7860629921259843
0
LINE
8
BLACK
6
CONTINUOUS
10
6.3342716535433068
20
-4.7860629921259843
11
6.3226574803149607
21
-4.7860629921259843
0
LINE
8
BLACK
6
CONTINUOUS
10
6.3226574803149607
20
-4.7860629921259843
11
6.3204351968503936
21
-4.7856209448818898
0
LINE
8
BLACK
6
CONTINUOUS
10
6.3204351968503936
20
-4.7856209448818898
11
6.3185512598425193
21
-4.7843621259842521
0
LINE
8
BLACK
6
CONTINUOUS
10
6.3185512598425193
20
-4.7843621259842521
11
6.3172924409448816
21
-4.7824781889763779
0
LINE
8
BLACK
6
CONTINUOUS
10
6.3172924409448816
20
-4.7824781889763779
11
6.3168503937007872
21
-4.7802559055118108
0
LINE
8
BLACK
6
CONTINUOUS
10
6.3168503937007872
20
-4.7802559055118108
11
6.3168503937007872
21
-4.7666732283464563
0
LINE
8
BLACK
6
CONTINUOUS
10
6.3168503937007872
20
-4.7666732283464563
11
6.3172924409448816
21
-4.7644509448818892
0
LINE
8
BLACK
6
CONTINUOUS
10
6.3172924409448816
20
-4.7644509448818892
11
6.3185512598425193
21
-4.7625670078740159
0
LINE
8
BLACK
6
CONTINUOUS
10
6.3185512598425193
20
-4.7625670078740159
11
6.3204351968503936
21
-4.7613081889763782
0
LINE
8
BLACK
6
CONTINUOUS
10
6.3204351968503936
20
-4.7613081889763782
11
6.3226574803149607
21
-4.7608661417322837
0
LINE
8
BLACK
6
CONTINUOUS
10
6.3226574803149607
20
-4.7608661417322837
11
6.3342716535433068
21
-4.7608661417322837
0
LINE
8
BLACK
6
CONTINUOUS
10
6.3342716535433068
20
-4.7608661417322837
11
6.3364939370078739
21
-4.7613081889763782
0
LINE
8
BLACK
6
CONTINUOUS
10
6.6329286220472436
20
-4.734491299212598
11
6.6359621259842516
21
-4.7365181889763779
0
LINE
8
BLACK
6
CONTINUOUS
10
6.6359621259842516
20
-4.7365181889763779
11
6.6379890157480315
21
-4.7395516929133858
0
LINE
8
BLACK
6
CONTINUOUS
10
6.6379890157480315
20
-4.7395516929133858
11
6.6387007874015742
21
-4.7431299212598423
0
LINE
8
BLACK
6
CONTINUOUS
10
6.6387007874015742
20
-4.7431299212598423
11
6.6387007874015742
21
-4.7657677165354331
0
LINE
8
BLACK
6
CONTINUOUS
10
6.6387007874015742
20
-4.7657677165354331
11
6.6379890157480315
21
-4.7693459448818896
0
LINE
8
BLACK
6
CONTINUOUS
10
6.6379890157480315
20
-4.7693459448818896
11
6.6359621259842516
21
-4.7723794488188975
0
LINE
8
BLACK
6
CONTINUOUS
10
6.6359621259842516
20
-4.7723794488188975
11
6.6329286220472436
21
-4.7744063385826774
0
LINE
8
BLACK
6
CONTINUOUS
10
6.6329286220472436
20
-4.7744063385826774
11
6.6293503937007872
21
-4.7751181102362201
0
LINE
8
BLACK
6
CONTINUOUS
10
6.6293503937007872
20
-4.7751181102362201
11
6.6106496062992122
21
-4.7751181102362201
0
LINE
8
BLACK
6
CONTINUOUS
10
6.6106496062992122
20
-4.7751181102362201
11
6.6070713779527557
21
-4.7744063385826774
0
LINE
8
BLACK
6
CONTINUOUS
10
6.6070713779527557
20
-4.7744063385826774
11
6.6040378740157477
21
-4.7723794488188975
0
LINE
8
BLACK
6
CONTINUOUS
10
6.6040378740157477
20
-4.7723794488188975
11
6.6020109842519688
21
-4.7693459448818896
0
LINE
8
BLACK
6
CONTINUOUS
10
6.6020109842519688
20
-4.7693459448818896
11
6.6012992125984251
21
-4.7657677165354331
0
LINE
8
BLACK
6
CONTINUOUS
10
6.6012992125984251
20
-4.7657677165354331
11
6.6012992125984251
21
-4.7431299212598423
0
LINE
8
BLACK
6
CONTINUOUS
10
6.6012992125984251
20
-4.7431299212598423
11
6.6020109842519688
21
-4.7395516929133858
0
LINE
8
BLACK
6
CONTINUOUS
10
6.6020109842519688
20
-4.7395516929133858
11
6.6040378740157477
21
-4.7365181889763779
0
LINE
8
BLACK
6
CONTINUOUS
10
6.6040378740157477
20
-4.7365181889763779
11
6.6070713779527557
21
-4.734491299212598
0
LINE
8
BLACK
6
CONTINUOUS
10
6.6070713779527557
20
-4.734491299212598
11
6.6106496062992122
21
-4.7337795275590553
0
LINE
8
BLACK
6
CONTINUOUS
10
6.6106496062992122
20
-4.7337795275590553
11
6.6293503937007872
21
-4.7337795275590553
0
LINE
8
BLACK
6
CONTINUOUS
10
6.6293503937007872
20
-4.7337795275590553
11
6.6329286220472436
21
-4.734491299212598
0
LINE
8
BLACK
6
CONTINUOUS
10
5.7238735039370079
20
-4.7289007480314957
11
5.7269070078740159
21
-4.7309276377952756
0
LINE
8
BLACK
6
CONTINUOUS
10
5.7269070078740159
20
-4.7309276377952756
11
5.7289338976377948
21
-4.7339611417322836
0
LINE
8
BLACK
6
CONTINUOUS
10
5.7289338976377948
20
-4.7339611417322836
11
5.7296456692913385
21
-4.73753937007874
0
LINE
8
BLACK
6
CONTINUOUS
10
5.7296456692913385
20
-4.73753937007874
11
5.7296456692913385
21
-4.7601771653543308
0
LINE
8
BLACK
6
CONTINUOUS
10
5.7296456692913385
20
-4.7601771653543308
11
5.7289338976377948
21
-4.7637553937007873
0
LINE
8
BLACK
6
CONTINUOUS
10
5.7289338976377948
20
-4.7637553937007873
11
5.7269070078740159
21
-4.7667888976377952
0
LINE
8
BLACK
6
CONTINUOUS
10
5.7269070078740159
20
-4.7667888976377952
11
5.7238735039370079
21
-4.7688157874015751
0
LINE
8
BLACK
6
CONTINUOUS
10
5.7238735039370079
20
-4.7688157874015751
11
5.7202952755905514
21
-4.7695275590551178
0
LINE
8
BLACK
6
CONTINUOUS
10
5.7202952755905514
20
-4.7695275590551178
11
5.7015944881889764
21
-4.7695275590551178
0
LINE
8
BLACK
6
CONTINUOUS
10
5.7015944881889764
20
-4.7695275590551178
11
5.6980162598425199
21
-4.7688157874015751
0
LINE
8
BLACK
6
CONTINUOUS
10
5.6980162598425199
20
-4.7688157874015751
11
5.694982755905512
21
-4.7667888976377952
0
LINE
8
BLACK
6
CONTINUOUS
10
5.694982755905512
20
-4.7667888976377952
11
5.6929558661417321
21
-4.7637553937007873
0
LINE
8
BLACK
6
CONTINUOUS
10
5.6929558661417321
20
-4.7637553937007873
11
5.6922440944881885
21
-4.7601771653543308
0
LINE
8
BLACK
6
CONTINUOUS
10
5.6922440944881885
20
-4.7601771653543308
11
5.6922440944881885
21
-4.73753937007874
0
LINE
8
BLACK
6
CONTINUOUS
10
5.6922440944881885
20
-4.73753937007874
11
5.6929558661417321
21
-4.7339611417322836
0
LINE
8
BLACK
6
CONTINUOUS
10
5.6929558661417321
20
-4.7339611417322836
11
5.694982755905512
21
-4.7309276377952756
0
LINE
8
BLACK
6
CONTINUOUS
10
5.694982755905512
20
-4.7309276377952756
11
5.6980162598425199
21
-4.7289007480314957
0
LINE
8
BLACK
6
CONTINUOUS
10
5.6980162598425199
20
-4.7289007480314957
11
5.7015944881889764
21
-4.728188976377953
0
LINE
8
BLACK
6
CONTINUOUS
10
5.7015944881889764
20
-4.728188976377953
11
5.7202952755905514
21
-4.728188976377953
0
LINE
8
BLACK
6
CONTINUOUS
10
5.7202952755905514
20
-4.728188976377953
11
5.7238735039370079
21
-4.7289007480314957
0
LINE
8
BLACK
6
CONTINUOUS
10
5.6636417322834642
20
-4.7549999999999999
11
5.6086417322834645
21
-4.7549999999999999
0
LINE
8
BLACK
6
CONTINUOUS
10
5.6086417322834645
20
-4.7549999999999999
11
5.6086417322834645
21
-4.7199999999999998
0
LINE
8
BLACK
6
CONTINUOUS
10
5.6086417322834645
20
-4.7199999999999998
11
5.6636417322834642
21
-4.7199999999999998
0
LINE
8
BLACK
6
CONTINUOUS
10
5.6636417322834642
20
-4.7199999999999998
11
5.6636417322834642
21
-4.7549999999999999
0
LINE
8
BLACK
6
CONTINUOUS
10
6.1609033858267717
20
-4.7262688188976378
11
6.1627873228346459
21
-4.7275276377952755
0
LINE
8
BLACK
6
CONTINUOUS
10
6.1627873228346459
20
-4.7275276377952755
11
6.1640461417322836
21
-4.7294115748031498
0
LINE
8
BLACK
6
CONTINUOUS
10
6.1640461417322836
20
-4.7294115748031498
11
6.1644881889763781
21
-4.731633858267716
0
LINE
8
BLACK
6
CONTINUOUS
10
6.1644881889763781
20
-4.731633858267716
11
6.1644881889763781
21
-4.743248031496063
0
LINE
8
BLACK
6
CONTINUOUS
10
6.1644881889763781
20
-4.743248031496063
11
6.1640461417322836
21
-4.7454703149606301
0
LINE
8
BLACK
6
CONTINUOUS
10
6.1640461417322836
20
-4.7454703149606301
11
6.1627873228346459
21
-4.7473542519685035
0
LINE
8
BLACK
6
CONTINUOUS
10
6.1627873228346459
20
-4.7473542519685035
11
6.1609033858267717
21
-4.748613070866142
0
LINE
8
BLACK
6
CONTINUOUS
10
6.1609033858267717
20
-4.748613070866142
11
6.1586811023622046
21
-4.7490551181102365
0
LINE
8
BLACK
6
CONTINUOUS
10
6.1586811023622046
20
-4.7490551181102365
11
6.1450984251968501
21
-4.7490551181102365
0
LINE
8
BLACK
6
CONTINUOUS
10
6.1450984251968501
20
-4.7490551181102365
11
6.142876141732283
21
-4.748613070866142
0
LINE
8
BLACK
6
CONTINUOUS
10
6.142876141732283
20
-4.748613070866142
11
6.1409922047244097
21
-4.7473542519685035
0
LINE
8
BLACK
6
CONTINUOUS
10
6.1409922047244097
20
-4.7473542519685035
11
6.1397333858267711
21
-4.7454703149606301
0
LINE
8
BLACK
6
CONTINUOUS
10
6.1397333858267711
20
-4.7454703149606301
11
6.1392913385826766
21
-4.743248031496063
0
LINE
8
BLACK
6
CONTINUOUS
10
6.1392913385826766
20
-4.743248031496063
11
6.1392913385826766
21
-4.731633858267716
0
LINE
8
BLACK
6
CONTINUOUS
10
6.1392913385826766
20
-4.731633858267716
11
6.1397333858267711
21
-4.7294115748031498
0
LINE
8
BLACK
6
CONTINUOUS
10
6.1397333858267711
20
-4.7294115748031498
11
6.1409922047244097
21
-4.7275276377952755
0
LINE
8
BLACK
6
CONTINUOUS
10
6.1409922047244097
20
-4.7275276377952755
11
6.142876141732283
21
-4.7262688188976378
0
LINE
8
BLACK
6
CONTINUOUS
10
6.142876141732283
20
-4.7262688188976378
11
6.1450984251968501
21
-4.7258267716535434
0
LINE
8
BLACK
6
CONTINUOUS
10
6.1450984251968501
20
-4.7258267716535434
11
6.1586811023622046
21
-4.7258267716535434
0
LINE
8
BLACK
6
CONTINUOUS
10
6.1586811023622046
20
-4.7258267716535434
11
6.1609033858267717
21
-4.7262688188976378
0
LINE
8
BLACK
6
CONTINUOUS
10
6.5530136220472439
20
-4.7079223622047239
11
6.5548975590551182
21
-4.7091811811023625
0
LINE
8
BLACK
6
CONTINUOUS
10
6.5548975590551182
20
-4.7091811811023625
11
6.5561563779527559
21
-4.7110651181102359
0
LINE
8
BLACK
6
CONTINUOUS
10
6.5561563779527559
20
-4.7110651181102359
11
6.5565984251968503
21
-4.713287401574803
0
LINE
8
BLACK
6
CONTINUOUS
10
6.5565984251968503
20
-4.713287401574803
11
6.5565984251968503
21
-4.7249015748031491
0
LINE
8
BLACK
6
CONTINUOUS
10
6.5565984251968503
20
-4.7249015748031491
11
6.5561563779527559
21
-4.7271238582677162
0
LINE
8
BLACK
6
CONTINUOUS
10
6.5561563779527559
20
-4.7271238582677162
11
6.5548975590551182
21
-4.7290077952755905
0
LINE
8
BLACK
6
CONTINUOUS
10
6.5548975590551182
20
-4.7290077952755905
11
6.5530136220472439
21
-4.7302666141732281
0
LINE
8
BLACK
6
CONTINUOUS
10
6.5530136220472439
20
-4.7302666141732281
11
6.5507913385826768
21
-4.7307086614173226
0
LINE
8
BLACK
6
CONTINUOUS
10
6.5507913385826768
20
-4.7307086614173226
11
6.5372086614173224
21
-4.7307086614173226
0
LINE
8
BLACK
6
CONTINUOUS
10
6.5372086614173224
20
-4.7307086614173226
11
6.5349863779527562
21
-4.7302666141732281
0
LINE
8
BLACK
6
CONTINUOUS
10
6.5349863779527562
20
-4.7302666141732281
11
6.5331024409448819
21
-4.7290077952755905
0
LINE
8
BLACK
6
CONTINUOUS
10
6.5331024409448819
20
-4.7290077952755905
11
6.5318436220472442
21
-4.7271238582677162
0
LINE
8
BLACK
6
CONTINUOUS
10
6.5318436220472442
20
-4.7271238582677162
11
6.5314015748031498
21
-4.7249015748031491
0
LINE
8
BLACK
6
CONTINUOUS
10
6.5314015748031498
20
-4.7249015748031491
11
6.5314015748031498
21
-4.713287401574803
0
LINE
8
BLACK
6
CONTINUOUS
10
6.5314015748031498
20
-4.713287401574803
11
6.5318436220472442
21
-4.7110651181102359
0
LINE
8
BLACK
6
CONTINUOUS
10
6.5318436220472442
20
-4.7110651181102359
11
6.5331024409448819
21
-4.7091811811023625
0
LINE
8
BLACK
6
CONTINUOUS
10
6.5331024409448819
20
-4.7091811811023625
11
6.5349863779527562
21
-4.7079223622047239
0
LINE
8
BLACK
6
CONTINUOUS
10
6.5349863779527562
20
-4.7079223622047239
11
6.5372086614173224
21
-4.7074803149606295
0
LINE
8
BLACK
6
CONTINUOUS
10
6.5372086614173224
20
-4.7074803149606295
11
6.5507913385826768
21
-4.7074803149606295
0
LINE
8
BLACK
6
CONTINUOUS
10
6.5507913385826768
20
-4.7074803149606295
11
6.5530136220472439
21
-4.7079223622047239
0
LINE
8
BLACK
6
CONTINUOUS
10
6.2238735039370079
20
-4.6875621653543309
11
6.2269070078740159
21
-4.6895890551181099
0
LINE
8
BLACK
6
CONTINUOUS
10
6.2269070078740159
20
-4.6895890551181099
11
6.2289338976377948
21
-4.6926225590551178
0
LINE
8
BLACK
6
CONTINUOUS
10
6.2289338976377948
20
-4.6926225590551178
11
6.2296456692913385
21
-4.6962007874015743
0
LINE
8
BLACK
6
CONTINUOUS
10
6.2296456692913385
20
-4.6962007874015743
11
6.2296456692913385
21
-4.718838582677165
0
LINE
8
BLACK
6
CONTINUOUS
10
6.2296456692913385
20
-4.718838582677165
11
6.2289338976377948
21
-4.7224168110236215
0
LINE
8
BLACK
6
CONTINUOUS
10
6.2289338976377948
20
-4.7224168110236215
11
6.2269070078740159
21
-4.7254503149606295
0
LINE
8
BLACK
6
CONTINUOUS
10
6.2269070078740159
20
-4.7254503149606295
11
6.2238735039370079
21
-4.7274772047244094
0
LINE
8
BLACK
6
CONTINUOUS
10
6.2238735039370079
20
-4.7274772047244094
11
6.2202952755905514
21
-4.728188976377953
0
LINE
8
BLACK
6
CONTINUOUS
10
6.2202952755905514
20
-4.728188976377953
11
6.2015944881889764
21
-4.728188976377953
0
LINE
8
BLACK
6
CONTINUOUS
10
6.2015944881889764
20
-4.728188976377953
11
6.1980162598425199
21
-4.7274772047244094
0
LINE
8
BLACK
6
CONTINUOUS
10
6.1980162598425199
20
-4.7274772047244094
11
6.194982755905512
21
-4.7254503149606295
0
LINE
8
BLACK
6
CONTINUOUS
10
6.194982755905512
20
-4.7254503149606295
11
6.1929558661417321
21
-4.7224168110236215
0
LINE
8
BLACK
6
CONTINUOUS
10
6.1929558661417321
20
-4.7224168110236215
11
6.1922440944881885
21
-4.718838582677165
0
LINE
8
BLACK
6
CONTINUOUS
10
6.1922440944881885
20
-4.718838582677165
11
6.1922440944881885
21
-4.6962007874015743
0
LINE
8
BLACK
6
CONTINUOUS
10
6.1922440944881885
20
-4.6962007874015743
11
6.1929558661417321
21
-4.6926225590551178
0
LINE
8
BLACK
6
CONTINUOUS
10
6.1929558661417321
20
-4.6926225590551178
11
6.194982755905512
21
-4.6895890551181099
0
LINE
8
BLACK
6
CONTINUOUS
10
6.194982755905512
20
-4.6895890551181099
11
6.1980162598425199
21
-4.6875621653543309
0
LINE
8
BLACK
6
CONTINUOUS
10
6.1980162598425199
20
-4.6875621653543309
11
6.2015944881889764
21
-4.6868503937007873
0
LINE
8
BLACK
6
CONTINUOUS
10
6.2015944881889764
20
-4.6868503937007873
11
6.2202952755905514
21
-4.6868503937007873
0
LINE
8
BLACK
6
CONTINUOUS
10
6.2202952755905514
20
-4.6868503937007873
11
6.2238735039370079
21
-4.6875621653543309
0
LINE
8
BLACK
6
CONTINUOUS
10
6.2898183858267718
20
-4.6885464173228346
11
6.2928518897637797
21
-4.6905733070866145
0
LINE
8
BLACK
6
CONTINUOUS
10
6.2928518897637797
20
-4.6905733070866145
11
6.2948787795275587
21
-4.6936068110236215
0
LINE
8
BLACK
6
CONTINUOUS
10
6.2948787795275587
20
-4.6936068110236215
11
6.2955905511811023
21
-4.6971850393700789
0
LINE
8
BLACK
6
CONTINUOUS
10
6.2955905511811023
20
-4.6971850393700789
11
6.2955905511811023
21
-4.715885826771653
0
LINE
8
BLACK
6
CONTINUOUS
10
6.2955905511811023
20
-4.715885826771653
11
6.2948787795275587
21
-4.7194640551181104
0
LINE
8
BLACK
6
CONTINUOUS
10
6.2948787795275587
20
-4.7194640551181104
11
6.2928518897637797
21
-4.7224975590551184
0
LINE
8
BLACK
6
CONTINUOUS
10
6.2928518897637797
20
-4.7224975590551184
11
6.2898183858267718
21
-4.7245244488188973
0
LINE
8
BLACK
6
CONTINUOUS
10
6.2898183858267718
20
-4.7245244488188973
11
6.2862401574803144
21
-4.725236220472441
0
LINE
8
BLACK
6
CONTINUOUS
10
6.2862401574803144
20
-4.725236220472441
11
6.2636023622047245
21
-4.725236220472441
0
LINE
8
BLACK
6
CONTINUOUS
10
6.2636023622047245
20
-4.725236220472441
11
6.2600241338582672
21
-4.7245244488188973
0
LINE
8
BLACK
6
CONTINUOUS
10
6.2600241338582672
20
-4.7245244488188973
11
6.2569906299212601
21
-4.7224975590551184
0
LINE
8
BLACK
6
CONTINUOUS
10
6.2569906299212601
20
-4.7224975590551184
11
6.2549637401574802
21
-4.7194640551181104
0
LINE
8
BLACK
6
CONTINUOUS
10
6.2549637401574802
20
-4.7194640551181104
11
6.2542519685039366
21
-4.715885826771653
0
LINE
8
BLACK
6
CONTINUOUS
10
6.2542519685039366
20
-4.715885826771653
11
6.2542519685039366
21
-4.6971850393700789
0
LINE
8
BLACK
6
CONTINUOUS
10
6.2542519685039366
20
-4.6971850393700789
11
6.2549637401574802
21
-4.6936068110236215
0
LINE
8
BLACK
6
CONTINUOUS
10
6.2549637401574802
20
-4.6936068110236215
11
6.2569906299212601
21
-4.6905733070866145
0
LINE
8
BLACK
6
CONTINUOUS
10
6.2569906299212601
20
-4.6905733070866145
11
6.2600241338582672
21
-4.6885464173228346
0
LINE
8
BLACK
6
CONTINUOUS
10
6.2600241338582672
20
-4.6885464173228346
11
6.2636023622047245
21
-4.687834645669291
0
LINE
8
BLACK
6
CONTINUOUS
10
6.2636023622047245
20
-4.687834645669291
11
6.2862401574803144
21
-4.687834645669291
0
LINE
8
BLACK
6
CONTINUOUS
10
6.2862401574803144
20
-4.687834645669291
11
6.2898183858267718
21
-4.6885464173228346
0
LINE
8
BLACK
6
CONTINUOUS
10
6.3587160236220468
20
-4.6885464173228346
11
6.3617495275590548
21
-4.6905733070866145
0
LINE
8
BLACK
6
CONTINUOUS
10
6.3617495275590548
20
-4.6905733070866145
11
6.3637764173228346
21
-4.6936068110236215
0
LINE
8
BLACK
6
CONTINUOUS
10
6.3637764173228346
20
-4.6936068110236215
11
6.3644881889763782
21
-4.6971850393700789
0
LINE
8
BLACK
6
CONTINUOUS
10
6.3644881889763782
20
-4.6971850393700789
11
6.3644881889763782
21
-4.715885826771653
0
LINE
8
BLACK
6
CONTINUOUS
10
6.3644881889763782
20
-4.715885826771653
11
6.3637764173228346
21
-4.7194640551181104
0
LINE
8
BLACK
6
CONTINUOUS
10
6.3637764173228346
20
-4.7194640551181104
11
6.3617495275590548
21
-4.7224975590551184
0
LINE
8
BLACK
6
CONTINUOUS
10
6.3617495275590548
20
-4.7224975590551184
11
6.3587160236220468
21
-4.7245244488188973
0
LINE
8
BLACK
6
CONTINUOUS
10
6.3587160236220468
20
-4.7245244488188973
11
6.3551377952755903
21
-4.725236220472441
0
LINE
8
BLACK
6
CONTINUOUS
10
6.3551377952755903
20
-4.725236220472441
11
6.3324999999999996
21
-4.725236220472441
0
LINE
8
BLACK
6
CONTINUOUS
10
6.3324999999999996
20
-4.725236220472441
11
6.3289217716535431
21
-4.7245244488188973
0
LINE
8
BLACK
6
CONTINUOUS
10
6.3289217716535431
20
-4.7245244488188973
11
6.3258882677165351
21
-4.7224975590551184
0
LINE
8
BLACK
6
CONTINUOUS
10
6.3258882677165351
20
-4.7224975590551184
11
6.3238613779527562
21
-4.7194640551181104
0
LINE
8
BLACK
6
CONTINUOUS
10
6.3238613779527562
20
-4.7194640551181104
11
6.3231496062992125
21
-4.715885826771653
0
LINE
8
BLACK
6
CONTINUOUS
10
6.3231496062992125
20
-4.715885826771653
11
6.3231496062992125
21
-4.6971850393700789
0
LINE
8
BLACK
6
CONTINUOUS
10
6.3231496062992125
20
-4.6971850393700789
11
6.3238613779527562
21
-4.6936068110236215
0
LINE
8
BLACK
6
CONTINUOUS
10
6.3238613779527562
20
-4.6936068110236215
11
6.3258882677165351
21
-4.6905733070866145
0
LINE
8
BLACK
6
CONTINUOUS
10
6.3258882677165351
20
-4.6905733070866145
11
6.3289217716535431
21
-4.6885464173228346
0
LINE
8
BLACK
6
CONTINUOUS
10
6.3289217716535431
20
-4.6885464173228346
11
6.3324999999999996
21
-4.687834645669291
0
LINE
8
BLACK
6
CONTINUOUS
10
6.3324999999999996
20
-4.687834645669291
11
6.3551377952755903
21
-4.687834645669291
0
LINE
8
BLACK
6
CONTINUOUS
10
6.3551377952755903
20
-4.687834645669291
11
6.3587160236220468
21
-4.6885464173228346
0
LINE
8
BLACK
6
CONTINUOUS
10
6.4268971259842518
20
-4.6880109842519682
11
6.4299306299212597
21
-4.690037874015748
0
LINE
8
BLACK
6
CONTINUOUS
10
6.4299306299212597
20
-4.690037874015748
11
6.4319575196850396
21
-4.693071377952756
0
LINE
8
BLACK
6
CONTINUOUS
10
6.4319575196850396
20
-4.693071377952756
11
6.4326692913385823
21
-4.6966496062992125
0
LINE
8
BLACK
6
CONTINUOUS
10
6.4326692913385823
20
-4.6966496062992125
11
6.4326692913385823
21
-4.7153503937007875
0
LINE
8
BLACK
6
CONTINUOUS
10
6.4326692913385823
20
-4.7153503937007875
11
6.4319575196850396
21
-4.7189286220472439
0
LINE
8
BLACK
6
CONTINUOUS
10
6.4319575196850396
20
-4.7189286220472439
11
6.4299306299212597
21
-4.7219621259842519
0
LINE
8
BLACK
6
CONTINUOUS
10
6.4299306299212597
20
-4.7219621259842519
11
6.4268971259842518
21
-4.7239890157480318
0
LINE
8
BLACK
6
CONTINUOUS
10
6.4268971259842518
20
-4.7239890157480318
11
6.4233188976377953
21
-4.7247007874015745
0
LINE
8
BLACK
6
CONTINUOUS
10
6.4233188976377953
20
-4.7247007874015745
11
6.4006811023622046
21
-4.7247007874015745
0
LINE
8
BLACK
6
CONTINUOUS
10
6.4006811023622046
20
-4.7247007874015745
11
6.3971028740157481
21
-4.7239890157480318
0
LINE
8
BLACK
6
CONTINUOUS
10
6.3971028740157481
20
-4.7239890157480318
11
6.3940693700787401
21
-4.7219621259842519
0
LINE
8
BLACK
6
CONTINUOUS
10
6.3940693700787401
20
-4.7219621259842519
11
6.3920424803149603
21
-4.7189286220472439
0
LINE
8
BLACK
6
CONTINUOUS
10
6.3920424803149603
20
-4.7189286220472439
11
6.3913307086614175
21
-4.7153503937007875
0
LINE
8
BLACK
6
CONTINUOUS
10
6.3913307086614175
20
-4.7153503937007875
11
6.3913307086614175
21
-4.6966496062992125
0
LINE
8
BLACK
6
CONTINUOUS
10
6.3913307086614175
20
-4.6966496062992125
11
6.3920424803149603
21
-4.693071377952756
0
LINE
8
BLACK
6
CONTINUOUS
10
6.3920424803149603
20
-4.693071377952756
11
6.3940693700787401
21
-4.690037874015748
0
LINE
8
BLACK
6
CONTINUOUS
10
6.3940693700787401
20
-4.690037874015748
11
6.3971028740157481
21
-4.6880109842519682
0
LINE
8
BLACK
6
CONTINUOUS
10
6.3971028740157481
20
-4.6880109842519682
11
6.4006811023622046
21
-4.6872992125984254
0
LINE
8
BLACK
6
CONTINUOUS
10
6.4006811023622046
20
-4.6872992125984254
11
6.4233188976377953
21
-4.6872992125984254
0
LINE
8
BLACK
6
CONTINUOUS
10
6.4233188976377953
20
-4.6872992125984254
11
6.4268971259842518
21
-4.6880109842519682
0
LINE
8
BLACK
6
CONTINUOUS
10
6.4957947637795277
20
-4.6880109842519682
11
6.4988282677165357
21
-4.690037874015748
0
LINE
8
BLACK
6
CONTINUOUS
10
6.4988282677165357
20
-4.690037874015748
11
6.5008551574803146
21
-4.693071377952756
0
LINE
8
BLACK
6
CONTINUOUS
10
6.5008551574803146
20
-4.693071377952756
11
6.5015669291338583
21
-4.6966496062992125
0
LINE
8
BLACK
6
CONTINUOUS
10
6.5015669291338583
20
-4.6966496062992125
11
6.5015669291338583
21
-4.7153503937007875
0
LINE
8
BLACK
6
CONTINUOUS
10
6.5015669291338583
20
-4.7153503937007875
11
6.5008551574803146
21
-4.7189286220472439
0
LINE
8
BLACK
6
CONTINUOUS
10
6.5008551574803146
20
-4.7189286220472439
11
6.4988282677165357
21
-4.7219621259842519
0
LINE
8
BLACK
6
CONTINUOUS
10
6.4988282677165357
20
-4.7219621259842519
11
6.4957947637795277
21
-4.7239890157480318
0
LINE
8
BLACK
6
CONTINUOUS
10
6.4957947637795277
20
-4.7239890157480318
11
6.4922165354330703
21
-4.7247007874015745
0
LINE
8
BLACK
6
CONTINUOUS
10
6.4922165354330703
20
-4.7247007874015745
11
6.4695787401574805
21
-4.7247007874015745
0
LINE
8
BLACK
6
CONTINUOUS
10
6.4695787401574805
20
-4.7247007874015745
11
6.4660005118110231
21
-4.7239890157480318
0
LINE
8
BLACK
6
CONTINUOUS
10
6.4660005118110231
20
-4.7239890157480318
11
6.462967007874016
21
-4.7219621259842519
0
LINE
8
BLACK
6
CONTINUOUS
10
6.462967007874016
20
-4.7219621259842519
11
6.4609401181102362
21
-4.7189286220472439
0
LINE
8
BLACK
6
CONTINUOUS
10
6.4609401181102362
20
-4.7189286220472439
11
6.4602283464566925
21
-4.7153503937007875
0
LINE
8
BLACK
6
CONTINUOUS
10
6.4602283464566925
20
-4.7153503937007875
11
6.4602283464566925
21
-4.6966496062992125
0
LINE
8
BLACK
6
CONTINUOUS
10
6.4602283464566925
20
-4.6966496062992125
11
6.4609401181102362
21
-4.693071377952756
0
LINE
8
BLACK
6
CONTINUOUS
10
6.4609401181102362
20
-4.693071377952756
11
6.462967007874016
21
-4.690037874015748
0
LINE
8
BLACK
6
CONTINUOUS
10
6.462967007874016
20
-4.690037874015748
11
6.4660005118110231
21
-4.6880109842519682
0
LINE
8
BLACK
6
CONTINUOUS
10
6.4660005118110231
20
-4.6880109842519682
11
6.4695787401574805
21
-4.6872992125984254
0
LINE
8
BLACK
6
CONTINUOUS
10
6.4695787401574805
20
-4.6872992125984254
11
6.4922165354330703
21
-4.6872992125984254
0
LINE
8
BLACK
6
CONTINUOUS
10
6.4922165354330703
20
-4.6872992125984254
11
6.4957947637795277
21
-4.6880109842519682
0
LINE
8
BLACK
6
CONTINUOUS
10
5.8541109448818895
20
-4.6919589763779523
11
5.8549092125984252
21
-4.6924923622047245
0
LINE
8
BLACK
6
CONTINUOUS
10
5.8549092125984252
20
-4.6924923622047245
11
5.8554425984251965
21
-4.6932906299212593
0
LINE
8
BLACK
6
CONTINUOUS
10
5.8554425984251965
20
-4.6932906299212593
11
5.8556299212598422
21
-4.6942322834645669
0
LINE
8
BLACK
6
CONTINUOUS
10
5.8556299212598422
20
-4.6942322834645669
11
5.8556299212598422
21
-4.7217913385826771
0
LINE
8
BLACK
6
CONTINUOUS
10
5.8556299212598422
20
-4.7217913385826771
11
5.8554425984251965
21
-4.7227329921259837
0
LINE
8
BLACK
6
CONTINUOUS
10
5.8554425984251965
20
-4.7227329921259837
11
5.8549092125984252
21
-4.7235312598425194
0
LINE
8
BLACK
6
CONTINUOUS
10
5.8549092125984252
20
-4.7235312598425194
11
5.8541109448818895
21
-4.7240646456692916
0
LINE
8
BLACK
6
CONTINUOUS
10
5.8541109448818895
20
-4.7240646456692916
11
5.8531692913385829
21
-4.7242519685039372
0
LINE
8
BLACK
6
CONTINUOUS
10
5.8531692913385829
20
-4.7242519685039372
11
5.8482480314960625
21
-4.7242519685039372
0
LINE
8
BLACK
6
CONTINUOUS
10
5.8482480314960625
20
-4.7242519685039372
11
5.8473063779527559
21
-4.7240646456692916
0
LINE
8
BLACK
6
CONTINUOUS
10
5.8473063779527559
20
-4.7240646456692916
11
5.8465081102362202
21
-4.7235312598425194
0
LINE
8
BLACK
6
CONTINUOUS
10
5.8465081102362202
20
-4.7235312598425194
11
5.8459747244094489
21
-4.7227329921259837
0
LINE
8
BLACK
6
CONTINUOUS
10
5.8459747244094489
20
-4.7227329921259837
11
5.8457874015748033
21
-4.7217913385826771
0
LINE
8
BLACK
6
CONTINUOUS
10
5.8457874015748033
20
-4.7217913385826771
11
5.8457874015748033
21
-4.6942322834645669
0
LINE
8
BLACK
6
CONTINUOUS
10
5.8457874015748033
20
-4.6942322834645669
11
5.8459747244094489
21
-4.6932906299212593
0
LINE
8
BLACK
6
CONTINUOUS
10
5.8459747244094489
20
-4.6932906299212593
11
5.8465081102362202
21
-4.6924923622047245
0
LINE
8
BLACK
6
CONTINUOUS
10
5.8465081102362202
20
-4.6924923622047245
11
5.8473063779527559
21
-4.6919589763779523
0
LINE
8
BLACK
6
CONTINUOUS
10
5.8473063779527559
20
-4.6919589763779523
11
5.8482480314960625
21
-4.6917716535433067
0
LINE
8
BLACK
6
CONTINUOUS
10
5.8482480314960625
20
-4.6917716535433067
11
5.8531692913385829
21
-4.6917716535433067
0
LINE
8
BLACK
6
CONTINUOUS
10
5.8531692913385829
20
-4.6917716535433067
11
5.8541109448818895
21
-4.6919589763779523
0
LINE
8
BLACK
6
CONTINUOUS
10
5.8737959842519682
20
-4.6919589763779523
11
5.8745942519685039
21
-4.6924923622047245
0
LINE
8
BLACK
6
CONTINUOUS
10
5.8745942519685039
20
-4.6924923622047245
11
5.8751276377952752
21
-4.6932906299212593
0
LINE
8
BLACK
6
CONTINUOUS
10
5.8751276377952752
20
-4.6932906299212593
11
5.8753149606299209
21
-4.6942322834645669
0
LINE
8
BLACK
6
CONTINUOUS
10
5.8753149606299209
20
-4.6942322834645669
11
5.8753149606299209
21
-4.7217913385826771
0
LINE
8
BLACK
6
CONTINUOUS
10
5.8753149606299209
20
-4.7217913385826771
11
5.8751276377952752
21
-4.7227329921259837
0
LINE
8
BLACK
6
CONTINUOUS
10
5.8751276377952752
20
-4.7227329921259837
11
5.8745942519685039
21
-4.7235312598425194
0
LINE
8
BLACK
6
CONTINUOUS
10
5.8745942519685039
20
-4.7235312598425194
11
5.8737959842519682
21
-4.7240646456692916
0
LINE
8
BLACK
6
CONTINUOUS
10
5.8737959842519682
20
-4.7240646456692916
11
5.8728543307086616
21
-4.7242519685039372
0
LINE
8
BLACK
6
CONTINUOUS
10
5.8728543307086616
20
-4.7242519685039372
11
5.8679330708661412
21
-4.7242519685039372
0
LINE
8
BLACK
6
CONTINUOUS
10
5.8679330708661412
20
-4.7242519685039372
11
5.8669914173228346
21
-4.7240646456692916
0
LINE
8
BLACK
6
CONTINUOUS
10
5.8669914173228346
20
-4.7240646456692916
11
5.8661931496062989
21
-4.7235312598425194
0
LINE
8
BLACK
6
CONTINUOUS
10
5.8661931496062989
20
-4.7235312598425194
11
5.8656597637795276
21
-4.7227329921259837
0
LINE
8
BLACK
6
CONTINUOUS
10
5.8656597637795276
20
-4.7227329921259837
11
5.865472440944882
21
-4.7217913385826771
0
LINE
8
BLACK
6
CONTINUOUS
10
5.865472440944882
20
-4.7217913385826771
11
5.865472440944882
21
-4.6942322834645669
0
LINE
8
BLACK
6
CONTINUOUS
10
5.865472440944882
20
-4.6942322834645669
11
5.8656597637795276
21
-4.6932906299212593
0
LINE
8
BLACK
6
CONTINUOUS
10
5.8656597637795276
20
-4.6932906299212593
11
5.8661931496062989
21
-4.6924923622047245
0
LINE
8
BLACK
6
CONTINUOUS
10
5.8661931496062989
20
-4.6924923622047245
11
5.8669914173228346
21
-4.6919589763779523
0
LINE
8
BLACK
6
CONTINUOUS
10
5.8669914173228346
20
-4.6919589763779523
11
5.8679330708661412
21
-4.6917716535433067
0
LINE
8
BLACK
6
CONTINUOUS
10
5.8679330708661412
20
-4.6917716535433067
11
5.8728543307086616
21
-4.6917716535433067
0
LINE
8
BLACK
6
CONTINUOUS
10
5.8728543307086616
20
-4.6917716535433067
11
5.8737959842519682
21
-4.6919589763779523
0
LINE
8
BLACK
6
CONTINUOUS
10
5.893481023622047
20
-4.6919589763779523
11
5.8942792913385826
21
-4.6924923622047245
0
LINE
8
BLACK
6
CONTINUOUS
10
5.8942792913385826
20
-4.6924923622047245
11
5.894812677165354
21
-4.6932906299212593
0
LINE
8
BLACK
6
CONTINUOUS
10
5.894812677165354
20
-4.6932906299212593
11
5.8949999999999996
21
-4.6942322834645669
0
LINE
8
BLACK
6
CONTINUOUS
10
5.8949999999999996
20
-4.6942322834645669
11
5.8949999999999996
21
-4.7217913385826771
0
LINE
8
BLACK
6
CONTINUOUS
10
5.8949999999999996
20
-4.7217913385826771
11
5.894812677165354
21
-4.7227329921259837
0
LINE
8
BLACK
6
CONTINUOUS
10
5.894812677165354
20
-4.7227329921259837
11
5.8942792913385826
21
-4.7235312598425194
0
LINE
8
BLACK
6
CONTINUOUS
10
5.8942792913385826
20
-4.7235312598425194
11
5.893481023622047
21
-4.7240646456692916
0
LINE
8
BLACK
6
CONTINUOUS
10
5.893481023622047
20
-4.7240646456692916
11
5.8925393700787403
21
-4.7242519685039372
0
LINE
8
BLACK
6
CONTINUOUS
10
5.8925393700787403
20
-4.7242519685039372
11
5.8876181102362199
21
-4.7242519685039372
0
LINE
8
BLACK
6
CONTINUOUS
10
5.8876181102362199
20
-4.7242519685039372
11
5.8866764566929133
21
-4.7240646456692916
0
LINE
8
BLACK
6
CONTINUOUS
10
5.8866764566929133
20
-4.7240646456692916
11
5.8858781889763776
21
-4.7235312598425194
0
LINE
8
BLACK
6
CONTINUOUS
10
5.8858781889763776
20
-4.7235312598425194
11
5.8853448031496063
21
-4.7227329921259837
0
LINE
8
BLACK
6
CONTINUOUS
10
5.8853448031496063
20
-4.7227329921259837
11
5.8851574803149607
21
-4.7217913385826771
0
LINE
8
BLACK
6
CONTINUOUS
10
5.8851574803149607
20
-4.7217913385826771
11
5.8851574803149607
21
-4.6942322834645669
0
LINE
8
BLACK
6
CONTINUOUS
10
5.8851574803149607
20
-4.6942322834645669
11
5.8853448031496063
21
-4.6932906299212593
0
LINE
8
BLACK
6
CONTINUOUS
10
5.8853448031496063
20
-4.6932906299212593
11
5.8858781889763776
21
-4.6924923622047245
0
LINE
8
BLACK
6
CONTINUOUS
10
5.8858781889763776
20
-4.6924923622047245
11
5.8866764566929133
21
-4.6919589763779523
0
LINE
8
BLACK
6
CONTINUOUS
10
5.8866764566929133
20
-4.6919589763779523
11
5.8876181102362199
21
-4.6917716535433067
0
LINE
8
BLACK
6
CONTINUOUS
10
5.8876181102362199
20
-4.6917716535433067
11
5.8925393700787403
21
-4.6917716535433067
0
LINE
8
BLACK
6
CONTINUOUS
10
5.8925393700787403
20
-4.6917716535433067
11
5.893481023622047
21
-4.6919589763779523
0
LINE
8
BLACK
6
CONTINUOUS
10
5.9131660629921257
20
-4.6919589763779523
11
5.9139643307086613
21
-4.6924923622047245
0
LINE
8
BLACK
6
CONTINUOUS
10
5.9139643307086613
20
-4.6924923622047245
11
5.9144977165354327
21
-4.6932906299212593
0
LINE
8
BLACK
6
CONTINUOUS
10
5.9144977165354327
20
-4.6932906299212593
11
5.9146850393700783
21
-4.6942322834645669
0
LINE
8
BLACK
6
CONTINUOUS
10
5.9146850393700783
20
-4.6942322834645669
11
5.9146850393700783
21
-4.7217913385826771
0
LINE
8
BLACK
6
CONTINUOUS
10
5.9146850393700783
20
-4.7217913385826771
11
5.9144977165354327
21
-4.7227329921259837
0
LINE
8
BLACK
6
CONTINUOUS
10
5.9144977165354327
20
-4.7227329921259837
11
5.9139643307086613
21
-4.7235312598425194
0
LINE
8
BLACK
6
CONTINUOUS
10
5.9139643307086613
20
-4.7235312598425194
11
5.9131660629921257
21
-4.7240646456692916
0
LINE
8
BLACK
6
CONTINUOUS
10
5.9131660629921257
20
-4.7240646456692916
11
5.912224409448819
21
-4.7242519685039372
0
LINE
8
BLACK
6
CONTINUOUS
10
5.912224409448819
20
-4.7242519685039372
11
5.9073031496062987
21
-4.7242519685039372
0
LINE
8
BLACK
6
CONTINUOUS
10
5.9073031496062987
20
-4.7242519685039372
11
5.906361496062992
21
-4.7240646456692916
0
LINE
8
BLACK
6
CONTINUOUS
10
5.906361496062992
20
-4.7240646456692916
11
5.9055632283464563
21
-4.7235312598425194
0
LINE
8
BLACK
6
CONTINUOUS
10
5.9055632283464563
20
-4.7235312598425194
11
5.905029842519685
21
-4.7227329921259837
0
LINE
8
BLACK
6
CONTINUOUS
10
5.905029842519685
20
-4.7227329921259837
11
5.9048425196850394
21
-4.7217913385826771
0
LINE
8
BLACK
6
CONTINUOUS
10
5.9048425196850394
20
-4.7217913385826771
11
5.9048425196850394
21
-4.6942322834645669
0
LINE
8
BLACK
6
CONTINUOUS
10
5.9048425196850394
20
-4.6942322834645669
11
5.905029842519685
21
-4.6932906299212593
0
LINE
8
BLACK
6
CONTINUOUS
10
5.905029842519685
20
-4.6932906299212593
11
5.9055632283464563
21
-4.6924923622047245
0
LINE
8
BLACK
6
CONTINUOUS
10
5.9055632283464563
20
-4.6924923622047245
11
5.906361496062992
21
-4.6919589763779523
0
LINE
8
BLACK
6
CONTINUOUS
10
5.906361496062992
20
-4.6919589763779523
11
5.9073031496062987
21
-4.6917716535433067
0
LINE
8
BLACK
6
CONTINUOUS
10
5.9073031496062987
20
-4.6917716535433067
11
5.912224409448819
21
-4.6917716535433067
0
LINE
8
BLACK
6
CONTINUOUS
10
5.912224409448819
20
-4.6917716535433067
11
5.9131660629921257
21
-4.6919589763779523
0
LINE
8
BLACK
6
CONTINUOUS
10
5.9328511023622044
20
-4.6919589763779523
11
5.93364937007874
21
-4.6924923622047245
0
LINE
8
BLACK
6
CONTINUOUS
10
5.93364937007874
20
-4.6924923622047245
11
5.9341827559055114
21
-4.6932906299212593
0
LINE
8
BLACK
6
CONTINUOUS
10
5.9341827559055114
20
-4.6932906299212593
11
5.934370078740157
21
-4.6942322834645669
0
LINE
8
BLACK
6
CONTINUOUS
10
5.934370078740157
20
-4.6942322834645669
11
5.934370078740157
21
-4.7217913385826771
0
LINE
8
BLACK
6
CONTINUOUS
10
5.934370078740157
20
-4.7217913385826771
11
5.9341827559055114
21
-4.7227329921259837
0
LINE
8
BLACK
6
CONTINUOUS
10
5.9341827559055114
20
-4.7227329921259837
11
5.93364937007874
21
-4.7235312598425194
0
LINE
8
BLACK
6
CONTINUOUS
10
5.93364937007874
20
-4.7235312598425194
11
5.9328511023622044
21
-4.7240646456692916
0
LINE
8
BLACK
6
CONTINUOUS
10
5.9328511023622044
20
-4.7240646456692916
11
5.9319094488188977
21
-4.7242519685039372
0
LINE
8
BLACK
6
CONTINUOUS
10
5.9319094488188977
20
-4.7242519685039372
11
5.9269881889763782
21
-4.7242519685039372
0
LINE
8
BLACK
6
CONTINUOUS
10
5.9269881889763782
20
-4.7242519685039372
11
5.9260465354330707
21
-4.7240646456692916
0
LINE
8
BLACK
6
CONTINUOUS
10
5.9260465354330707
20
-4.7240646456692916
11
5.925248267716535
21
-4.7235312598425194
0
LINE
8
BLACK
6
CONTINUOUS
10
5.925248267716535
20
-4.7235312598425194
11
5.9247148818897637
21
-4.7227329921259837
0
LINE
8
BLACK
6
CONTINUOUS
10
5.9247148818897637
20
-4.7227329921259837
11
5.9245275590551181
21
-4.7217913385826771
0
LINE
8
BLACK
6
CONTINUOUS
10
5.9245275590551181
20
-4.7217913385826771
11
5.9245275590551181
21
-4.6942322834645669
0
LINE
8
BLACK
6
CONTINUOUS
10
5.9245275590551181
20
-4.6942322834645669
11
5.9247148818897637
21
-4.6932906299212593
0
LINE
8
BLACK
6
CONTINUOUS
10
5.9247148818897637
20
-4.6932906299212593
11
5.925248267716535
21
-4.6924923622047245
0
LINE
8
BLACK
6
CONTINUOUS
10
5.925248267716535
20
-4.6924923622047245
11
5.9260465354330707
21
-4.6919589763779523
0
LINE
8
BLACK
6
CONTINUOUS
10
5.9260465354330707
20
-4.6919589763779523
11
5.9269881889763782
21
-4.6917716535433067
0
LINE
8
BLACK
6
CONTINUOUS
10
5.9269881889763782
20
-4.6917716535433067
11
5.9319094488188977
21
-4.6917716535433067
0
LINE
8
BLACK
6
CONTINUOUS
10
5.9319094488188977
20
-4.6917716535433067
11
5.9328511023622044
21
-4.6919589763779523
0
LINE
8
BLACK
6
CONTINUOUS
10
5.9525361417322831
20
-4.6919589763779523
11
5.9533344094488188
21
-4.6924923622047245
0
LINE
8
BLACK
6
CONTINUOUS
10
5.9533344094488188
20
-4.6924923622047245
11
5.9538677952755901
21
-4.6932906299212593
0
LINE
8
BLACK
6
CONTINUOUS
10
5.9538677952755901
20
-4.6932906299212593
11
5.9540551181102357
21
-4.6942322834645669
0
LINE
8
BLACK
6
CONTINUOUS
10
5.9540551181102357
20
-4.6942322834645669
11
5.9540551181102357
21
-4.7217913385826771
0
LINE
8
BLACK
6
CONTINUOUS
10
5.9540551181102357
20
-4.7217913385826771
11
5.9538677952755901
21
-4.7227329921259837
0
LINE
8
BLACK
6
CONTINUOUS
10
5.9538677952755901
20
-4.7227329921259837
11
5.9533344094488188
21
-4.7235312598425194
0
LINE
8
BLACK
6
CONTINUOUS
10
5.9533344094488188
20
-4.7235312598425194
11
5.9525361417322831
21
-4.7240646456692916
0
LINE
8
BLACK
6
CONTINUOUS
10
5.9525361417322831
20
-4.7240646456692916
11
5.9515944881889764
21
-4.7242519685039372
0
LINE
8
BLACK
6
CONTINUOUS
10
5.9515944881889764
20
-4.7242519685039372
11
5.946673228346457
21
-4.7242519685039372
0
LINE
8
BLACK
6
CONTINUOUS
10
5.946673228346457
20
-4.7242519685039372
11
5.9457315748031494
21
-4.7240646456692916
0
LINE
8
BLACK
6
CONTINUOUS
10
5.9457315748031494
20
-4.7240646456692916
11
5.9449333070866137
21
-4.7235312598425194
0
LINE
8
BLACK
6
CONTINUOUS
10
5.9449333070866137
20
-4.7235312598425194
11
5.9443999212598424
21
-4.7227329921259837
0
LINE
8
BLACK
6
CONTINUOUS
10
5.9443999212598424
20
-4.7227329921259837
11
5.9442125984251968
21
-4.7217913385826771
0
LINE
8
BLACK
6
CONTINUOUS
10
5.9442125984251968
20
-4.7217913385826771
11
5.9442125984251968
21
-4.6942322834645669
0
LINE
8
BLACK
6
CONTINUOUS
10
5.9442125984251968
20
-4.6942322834645669
11
5.9443999212598424
21
-4.6932906299212593
0
LINE
8
BLACK
6
CONTINUOUS
10
5.9443999212598424
20
-4.6932906299212593
11
5.9449333070866137
21
-4.6924923622047245
0
LINE
8
BLACK
6
CONTINUOUS
10
5.9449333070866137
20
-4.6924923622047245
11
5.9457315748031494
21
-4.6919589763779523
0
LINE
8
BLACK
6
CONTINUOUS
10
5.9457315748031494
20
-4.6919589763779523
11
5.946673228346457
21
-4.6917716535433067
0
LINE
8
BLACK
6
CONTINUOUS
10
5.946673228346457
20
-4.6917716535433067
11
5.9515944881889764
21
-4.6917716535433067
0
LINE
8
BLACK
6
CONTINUOUS
10
5.9515944881889764
20
-4.6917716535433067
11
5.9525361417322831
21
-4.6919589763779523
0
LINE
8
BLACK
6
CONTINUOUS
10
6.0738955118110232
20
-4.6865050393700782
11
6.0757794488188974
21
-4.6877638582677168
0
LINE
8
BLACK
6
CONTINUOUS
10
6.0757794488188974
20
-4.6877638582677168
11
6.0770382677165351
21
-4.6896477952755902
0
LINE
8
BLACK
6
CONTINUOUS
10
6.0770382677165351
20
-4.6896477952755902
11
6.0774803149606296
21
-4.6918700787401573
0
LINE
8
BLACK
6
CONTINUOUS
10
6.0774803149606296
20
-4.6918700787401573
11
6.0774803149606296
21
-4.7054527559055117
0
LINE
8
BLACK
6
CONTINUOUS
10
6.0774803149606296
20
-4.7054527559055117
11
6.0770382677165351
21
-4.7076750393700788
0
LINE
8
BLACK
6
CONTINUOUS
10
6.0770382677165351
20
-4.7076750393700788
11
6.0757794488188974
21
-4.7095589763779531
0
LINE
8
BLACK
6
CONTINUOUS
10
6.0757794488188974
20
-4.7095589763779531
11
6.0738955118110232
21
-4.7108177952755907
0
LINE
8
BLACK
6
CONTINUOUS
10
6.0738955118110232
20
-4.7108177952755907
11
6.071673228346457
21
-4.7112598425196852
0
LINE
8
BLACK
6
CONTINUOUS
10
6.071673228346457
20
-4.7112598425196852
11
6.0600590551181099
21
-4.7112598425196852
0
LINE
8
BLACK
6
CONTINUOUS
10
6.0600590551181099
20
-4.7112598425196852
11
6.0578367716535428
21
-4.7108177952755907
0
LINE
8
BLACK
6
CONTINUOUS
10
6.0578367716535428
20
-4.7108177952755907
11
6.0559528346456695
21
-4.7095589763779531
0
LINE
8
BLACK
6
CONTINUOUS
10
6.0559528346456695
20
-4.7095589763779531
11
6.0546940157480318
21
-4.7076750393700788
0
LINE
8
BLACK
6
CONTINUOUS
10
6.0546940157480318
20
-4.7076750393700788
11
6.0542519685039364
21
-4.7054527559055117
0
LINE
8
BLACK
6
CONTINUOUS
10
6.0542519685039364
20
-4.7054527559055117
11
6.0542519685039364
21
-4.6918700787401573
0
LINE
8
BLACK
6
CONTINUOUS
10
6.0542519685039364
20
-4.6918700787401573
11
6.0546940157480318
21
-4.6896477952755902
0
LINE
8
BLACK
6
CONTINUOUS
10
6.0546940157480318
20
-4.6896477952755902
11
6.0559528346456695
21
-4.6877638582677168
0
LINE
8
BLACK
6
CONTINUOUS
10
6.0559528346456695
20
-4.6877638582677168
11
6.0578367716535428
21
-4.6865050393700782
0
LINE
8
BLACK
6
CONTINUOUS
10
6.0578367716535428
20
-4.6865050393700782
11
6.0600590551181099
21
-4.6860629921259838
0
LINE
8
BLACK
6
CONTINUOUS
10
6.0600590551181099
20
-4.6860629921259838
11
6.071673228346457
21
-4.6860629921259838
0
LINE
8
BLACK
6
CONTINUOUS
10
6.071673228346457
20
-4.6860629921259838
11
6.0738955118110232
21
-4.6865050393700782
0
LINE
8
BLACK
6
CONTINUOUS
10
6.1120844881889766
20
-4.6865050393700782
11
6.11396842519685
21
-4.6877638582677168
0
LINE
8
BLACK
6
CONTINUOUS
10
6.11396842519685
20
-4.6877638582677168
11
6.1152272440944877
21
-4.6896477952755902
0
LINE
8
BLACK
6
CONTINUOUS
10
6.1152272440944877
20
-4.6896477952755902
11
6.1156692913385822
21
-4.6918700787401573
0
LINE
8
BLACK
6
CONTINUOUS
10
6.1156692913385822
20
-4.6918700787401573
11
6.1156692913385822
21
-4.7054527559055117
0
LINE
8
BLACK
6
CONTINUOUS
10
6.1156692913385822
20
-4.7054527559055117
11
6.1152272440944877
21
-4.7076750393700788
0
LINE
8
BLACK
6
CONTINUOUS
10
6.1152272440944877
20
-4.7076750393700788
11
6.11396842519685
21
-4.7095589763779531
0
LINE
8
BLACK
6
CONTINUOUS
10
6.11396842519685
20
-4.7095589763779531
11
6.1120844881889766
21
-4.7108177952755907
0
LINE
8
BLACK
6
CONTINUOUS
10
6.1120844881889766
20
-4.7108177952755907
11
6.1098622047244096
21
-4.7112598425196852
0
LINE
8
BLACK
6
CONTINUOUS
10
6.1098622047244096
20
-4.7112598425196852
11
6.0982480314960625
21
-4.7112598425196852
0
LINE
8
BLACK
6
CONTINUOUS
10
6.0982480314960625
20
-4.7112598425196852
11
6.0960257480314963
21
-4.7108177952755907
0
LINE
8
BLACK
6
CONTINUOUS
10
6.0960257480314963
20
-4.7108177952755907
11
6.0941418110236221
21
-4.7095589763779531
0
LINE
8
BLACK
6
CONTINUOUS
10
6.0941418110236221
20
-4.7095589763779531
11
6.0928829921259844
21
-4.7076750393700788
0
LINE
8
BLACK
6
CONTINUOUS
10
6.0928829921259844
20
-4.7076750393700788
11
6.0924409448818899
21
-4.7054527559055117
0
LINE
8
BLACK
6
CONTINUOUS
10
6.0924409448818899
20
-4.7054527559055117
11
6.0924409448818899
21
-4.6918700787401573
0
LINE
8
BLACK
6
CONTINUOUS
10
6.0924409448818899
20
-4.6918700787401573
11
6.0928829921259844
21
-4.6896477952755902
0
LINE
8
BLACK
6
CONTINUOUS
10
6.0928829921259844
20
-4.6896477952755902
11
6.0941418110236221
21
-4.6877638582677168
0
LINE
8
BLACK
6
CONTINUOUS
10
6.0941418110236221
20
-4.6877638582677168
11
6.0960257480314963
21
-4.6865050393700782
0
LINE
8
BLACK
6
CONTINUOUS
10
6.0960257480314963
20
-4.6865050393700782
11
6.0982480314960625
21
-4.6860629921259838
0
LINE
8
BLACK
6
CONTINUOUS
10
6.0982480314960625
20
-4.6860629921259838
11
6.1098622047244096
21
-4.6860629921259838
0
LINE
8
BLACK
6
CONTINUOUS
10
6.1098622047244096
20
-4.6860629921259838
11
6.1120844881889766
21
-4.6865050393700782
0
LINE
8
BLACK
6
CONTINUOUS
10
6.1609033858267717
20
-4.6880798425196852
11
6.1627873228346459
21
-4.6893386614173229
0
LINE
8
BLACK
6
CONTINUOUS
10
6.1627873228346459
20
-4.6893386614173229
11
6.1640461417322836
21
-4.6912225984251972
0
LINE
8
BLACK
6
CONTINUOUS
10
6.1640461417322836
20
-4.6912225984251972
11
6.1644881889763781
21
-4.6934448818897634
0
LINE
8
BLACK
6
CONTINUOUS
10
6.1644881889763781
20
-4.6934448818897634
11
6.1644881889763781
21
-4.7050590551181104
0
LINE
8
BLACK
6
CONTINUOUS
10
6.1644881889763781
20
-4.7050590551181104
11
6.1640461417322836
21
-4.7072813385826775
0
LINE
8
BLACK
6
CONTINUOUS
10
6.1640461417322836
20
-4.7072813385826775
11
6.1627873228346459
21
-4.7091652755905509
0
LINE
8
BLACK
6
CONTINUOUS
10
6.1627873228346459
20
-4.7091652755905509
11
6.1609033858267717
21
-4.7104240944881886
0
LINE
8
BLACK
6
CONTINUOUS
10
6.1609033858267717
20
-4.7104240944881886
11
6.1586811023622046
21
-4.710866141732283
0
LINE
8
BLACK
6
CONTINUOUS
10
6.1586811023622046
20
-4.710866141732283
11
6.1450984251968501
21
-4.710866141732283
0
LINE
8
BLACK
6
CONTINUOUS
10
6.1450984251968501
20
-4.710866141732283
11
6.142876141732283
21
-4.7104240944881886
0
LINE
8
BLACK
6
CONTINUOUS
10
6.142876141732283
20
-4.7104240944881886
11
6.1409922047244097
21
-4.7091652755905509
0
LINE
8
BLACK
6
CONTINUOUS
10
6.1409922047244097
20
-4.7091652755905509
11
6.1397333858267711
21
-4.7072813385826775
0
LINE
8
BLACK
6
CONTINUOUS
10
6.1397333858267711
20
-4.7072813385826775
11
6.1392913385826766
21
-4.7050590551181104
0
LINE
8
BLACK
6
CONTINUOUS
10
6.1392913385826766
20
-4.7050590551181104
11
6.1392913385826766
21
-4.6934448818897634
0
LINE
8
BLACK
6
CONTINUOUS
10
6.1392913385826766
20
-4.6934448818897634
11
6.1397333858267711
21
-4.6912225984251972
0
LINE
8
BLACK
6
CONTINUOUS
10
6.1397333858267711
20
-4.6912225984251972
11
6.1409922047244097
21
-4.6893386614173229
0
LINE
8
BLACK
6
CONTINUOUS
10
6.1409922047244097
20
-4.6893386614173229
11
6.142876141732283
21
-4.6880798425196852
0
LINE
8
BLACK
6
CONTINUOUS
10
6.142876141732283
20
-4.6880798425196852
11
6.1450984251968501
21
-4.6876377952755908
0
LINE
8
BLACK
6
CONTINUOUS
10
6.1450984251968501
20
-4.6876377952755908
11
6.1586811023622046
21
-4.6876377952755908
0
LINE
8
BLACK
6
CONTINUOUS
10
6.1586811023622046
20
-4.6876377952755908
11
6.1609033858267717
21
-4.6880798425196852
0
LINE
8
BLACK
6
CONTINUOUS
10
6.6329286220472436
20
-4.665593661417323
11
6.6359621259842516
21
-4.667620551181102
0
LINE
8
BLACK
6
CONTINUOUS
10
6.6359621259842516
20
-4.667620551181102
11
6.6379890157480315
21
-4.6706540551181099
0
LINE
8
BLACK
6
CONTINUOUS
10
6.6379890157480315
20
-4.6706540551181099
11
6.6387007874015742
21
-4.6742322834645664
0
LINE
8
BLACK
6
CONTINUOUS
10
6.6387007874015742
20
-4.6742322834645664
11
6.6387007874015742
21
-4.6968700787401572
0
LINE
8
BLACK
6
CONTINUOUS
10
6.6387007874015742
20
-4.6968700787401572
11
6.6379890157480315
21
-4.7004483070866137
0
LINE
8
BLACK
6
CONTINUOUS
10
6.6379890157480315
20
-4.7004483070866137
11
6.6359621259842516
21
-4.7034818110236216
0
LINE
8
BLACK
6
CONTINUOUS
10
6.6359621259842516
20
-4.7034818110236216
11
6.6329286220472436
21
-4.7055087007874015
0
LINE
8
BLACK
6
CONTINUOUS
10
6.6329286220472436
20
-4.7055087007874015
11
6.6293503937007872
21
-4.7062204724409451
0
LINE
8
BLACK
6
CONTINUOUS
10
6.6293503937007872
20
-4.7062204724409451
11
6.6106496062992122
21
-4.7062204724409451
0
LINE
8
BLACK
6
CONTINUOUS
10
6.6106496062992122
20
-4.7062204724409451
11
6.6070713779527557
21
-4.7055087007874015
0
LINE
8
BLACK
6
CONTINUOUS
10
6.6070713779527557
20
-4.7055087007874015
11
6.6040378740157477
21
-4.7034818110236216
0
LINE
8
BLACK
6
CONTINUOUS
10
6.6040378740157477
20
-4.7034818110236216
11
6.6020109842519688
21
-4.7004483070866137
0
LINE
8
BLACK
6
CONTINUOUS
10
6.6020109842519688
20
-4.7004483070866137
11
6.6012992125984251
21
-4.6968700787401572
0
LINE
8
BLACK
6
CONTINUOUS
10
6.6012992125984251
20
-4.6968700787401572
11
6.6012992125984251
21
-4.6742322834645664
0
LINE
8
BLACK
6
CONTINUOUS
10
6.6012992125984251
20
-4.6742322834645664
11
6.6020109842519688
21
-4.6706540551181099
0
LINE
8
BLACK
6
CONTINUOUS
10
6.6020109842519688
20
-4.6706540551181099
11
6.6040378740157477
21
-4.667620551181102
0
LINE
8
BLACK
6
CONTINUOUS
10
6.6040378740157477
20
-4.667620551181102
11
6.6070713779527557
21
-4.665593661417323
0
LINE
8
BLACK
6
CONTINUOUS
10
6.6070713779527557
20
-4.665593661417323
11
6.6106496062992122
21
-4.6648818897637794
0
LINE
8
BLACK
6
CONTINUOUS
10
6.6106496062992122
20
-4.6648818897637794
11
6.6293503937007872
21
-4.6648818897637794
0
LINE
8
BLACK
6
CONTINUOUS
10
6.6293503937007872
20
-4.6648818897637794
11
6.6329286220472436
21
-4.665593661417323
0
LINE
8
BLACK
6
CONTINUOUS
10
5.7238735039370079
20
-4.6600031102362207
11
5.7269070078740159
21
-4.6620299999999997
0
LINE
8
BLACK
6
CONTINUOUS
10
5.7269070078740159
20
-4.6620299999999997
11
5.7289338976377948
21
-4.6650635039370076
0
LINE
8
BLACK
6
CONTINUOUS
10
5.7289338976377948
20
-4.6650635039370076
11
5.7296456692913385
21
-4.6686417322834641
0
LINE
8
BLACK
6
CONTINUOUS
10
5.7296456692913385
20
-4.6686417322834641
11
5.7296456692913385
21
-4.6912795275590549
0
LINE
8
BLACK
6
CONTINUOUS
10
5.7296456692913385
20
-4.6912795275590549
11
5.7289338976377948
21
-4.6948577559055114
0
LINE
8
BLACK
6
CONTINUOUS
10
5.7289338976377948
20
-4.6948577559055114
11
5.7269070078740159
21
-4.6978912598425193
0
LINE
8
BLACK
6
CONTINUOUS
10
5.7269070078740159
20
-4.6978912598425193
11
5.7238735039370079
21
-4.6999181496062992
0
LINE
8
BLACK
6
CONTINUOUS
10
5.7238735039370079
20
-4.6999181496062992
11
5.7202952755905514
21
-4.7006299212598428
0
LINE
8
BLACK
6
CONTINUOUS
10
5.7202952755905514
20
-4.7006299212598428
11
5.7015944881889764
21
-4.7006299212598428
0
LINE
8
BLACK
6
CONTINUOUS
10
5.7015944881889764
20
-4.7006299212598428
11
5.6980162598425199
21
-4.6999181496062992
0
LINE
8
BLACK
6
CONTINUOUS
10
5.6980162598425199
20
-4.6999181496062992
11
5.694982755905512
21
-4.6978912598425193
0
LINE
8
BLACK
6
CONTINUOUS
10
5.694982755905512
20
-4.6978912598425193
11
5.6929558661417321
21
-4.6948577559055114
0
LINE
8
BLACK
6
CONTINUOUS
10
5.6929558661417321
20
-4.6948577559055114
11
5.6922440944881885
21
-4.6912795275590549
0
LINE
8
BLACK
6
CONTINUOUS
10
5.6922440944881885
20
-4.6912795275590549
11
5.6922440944881885
21
-4.6686417322834641
0
LINE
8
BLACK
6
CONTINUOUS
10
5.6922440944881885
20
-4.6686417322834641
11
5.6929558661417321
21
-4.6650635039370076
0
LINE
8
BLACK
6
CONTINUOUS
10
5.6929558661417321
20
-4.6650635039370076
11
5.694982755905512
21
-4.6620299999999997
0
LINE
8
BLACK
6
CONTINUOUS
10
5.694982755905512
20
-4.6620299999999997
11
5.6980162598425199
21
-4.6600031102362207
0
LINE
8
BLACK
6
CONTINUOUS
10
5.6980162598425199
20
-4.6600031102362207
11
5.7015944881889764
21
-4.6592913385826771
0
LINE
8
BLACK
6
CONTINUOUS
10
5.7015944881889764
20
-4.6592913385826771
11
5.7202952755905514
21
-4.6592913385826771
0
LINE
8
BLACK
6
CONTINUOUS
10
5.7202952755905514
20
-4.6592913385826771
11
5.7238735039370079
21
-4.6600031102362207
0
LINE
8
BLACK
6
CONTINUOUS
10
6.5530136220472439
20
-4.6697333858267713
11
6.5548975590551182
21
-4.670992204724409
0
LINE
8
BLACK
6
CONTINUOUS
10
6.5548975590551182
20
-4.670992204724409
11
6.5561563779527559
21
-4.6728761417322833
0
LINE
8
BLACK
6
CONTINUOUS
10
6.5561563779527559
20
-4.6728761417322833
11
6.5565984251968503
21
-4.6750984251968504
0
LINE
8
BLACK
6
CONTINUOUS
10
6.5565984251968503
20
-4.6750984251968504
11
6.5565984251968503
21
-4.6867125984251965
0
LINE
8
BLACK
6
CONTINUOUS
10
6.5565984251968503
20
-4.6867125984251965
11
6.5561563779527559
21
-4.6889348818897636
0
LINE
8
BLACK
6
CONTINUOUS
10
6.5561563779527559
20
-4.6889348818897636
11
6.5548975590551182
21
-4.6908188188976379
0
LINE
8
BLACK
6
CONTINUOUS
10
6.5548975590551182
20
-4.6908188188976379
11
6.5530136220472439
21
-4.6920776377952755
0
LINE
8
BLACK
6
CONTINUOUS
10
6.5530136220472439
20
-4.6920776377952755
11
6.5507913385826768
21
-4.69251968503937
0
LINE
8
BLACK
6
CONTINUOUS
10
6.5507913385826768
20
-4.69251968503937
11
6.5372086614173224
21
-4.69251968503937
0
LINE
8
BLACK
6
CONTINUOUS
10
6.5372086614173224
20
-4.69251968503937
11
6.5349863779527562
21
-4.6920776377952755
0
LINE
8
BLACK
6
CONTINUOUS
10
6.5349863779527562
20
-4.6920776377952755
11
6.5331024409448819
21
-4.6908188188976379
0
LINE
8
BLACK
6
CONTINUOUS
10
6.5331024409448819
20
-4.6908188188976379
11
6.5318436220472442
21
-4.6889348818897636
0
LINE
8
BLACK
6
CONTINUOUS
10
6.5318436220472442
20
-4.6889348818897636
11
6.5314015748031498
21
-4.6867125984251965
0
LINE
8
BLACK
6
CONTINUOUS
10
6.5314015748031498
20
-4.6867125984251965
11
6.5314015748031498
21
-4.6750984251968504
0
LINE
8
BLACK
6
CONTINUOUS
10
6.5314015748031498
20
-4.6750984251968504
11
6.5318436220472442
21
-4.6728761417322833
0
LINE
8
BLACK
6
CONTINUOUS
10
6.5318436220472442
20
-4.6728761417322833
11
6.5331024409448819
21
-4.670992204724409
0
LINE
8
BLACK
6
CONTINUOUS
10
6.5331024409448819
20
-4.670992204724409
11
6.5349863779527562
21
-4.6697333858267713
0
LINE
8
BLACK
6
CONTINUOUS
10
6.5349863779527562
20
-4.6697333858267713
11
6.5372086614173224
21
-4.6692913385826769
0
LINE
8
BLACK
6
CONTINUOUS
10
6.5372086614173224
20
-4.6692913385826769
11
6.5507913385826768
21
-4.6692913385826769
0
LINE
8
BLACK
6
CONTINUOUS
10
6.5507913385826768
20
-4.6692913385826769
11
6.5530136220472439
21
-4.6697333858267713
0
LINE
8
BLACK
6
CONTINUOUS
10
5.8383629133858266
20
-4.6762109448818894
11
5.8391611811023623
21
-4.6767443307086616
0
LINE
8
BLACK
6
CONTINUOUS
10
5.8391611811023623
20
-4.6767443307086616
11
5.8396945669291336
21
-4.6775425984251964
0
LINE
8
BLACK
6
CONTINUOUS
10
5.8396945669291336
20
-4.6775425984251964
11
5.8398818897637792
21
-4.6784842519685039
0
LINE
8
BLACK
6
CONTINUOUS
10
5.8398818897637792
20
-4.6784842519685039
11
5.8398818897637792
21
-4.6834055118110234
0
LINE
8
BLACK
6
CONTINUOUS
10
5.8398818897637792
20
-4.6834055118110234
11
5.8396945669291336
21
-4.6843471653543309
0
LINE
8
BLACK
6
CONTINUOUS
10
5.8396945669291336
20
-4.6843471653543309
11
5.8391611811023623
21
-4.6851454330708657
0
LINE
8
BLACK
6
CONTINUOUS
10
5.8391611811023623
20
-4.6851454330708657
11
5.8383629133858266
21
-4.6856788188976379
0
LINE
8
BLACK
6
CONTINUOUS
10
5.8383629133858266
20
-4.6856788188976379
11
5.8374212598425199
21
-4.6858661417322836
0
LINE
8
BLACK
6
CONTINUOUS
10
5.8374212598425199
20
-4.6858661417322836
11
5.8098622047244097
21
-4.6858661417322836
0
LINE
8
BLACK
6
CONTINUOUS
10
5.8098622047244097
20
-4.6858661417322836
11
5.8089205511811022
21
-4.6856788188976379
0
LINE
8
BLACK
6
CONTINUOUS
10
5.8089205511811022
20
-4.6856788188976379
11
5.8081222834645665
21
-4.6851454330708657
0
LINE
8
BLACK
6
CONTINUOUS
10
5.8081222834645665
20
-4.6851454330708657
11
5.8075888976377952
21
-4.6843471653543309
0
LINE
8
BLACK
6
CONTINUOUS
10
5.8075888976377952
20
-4.6843471653543309
11
5.8074015748031496
21
-4.6834055118110234
0
LINE
8
BLACK
6
CONTINUOUS
10
5.8074015748031496
20
-4.6834055118110234
11
5.8074015748031496
21
-4.6784842519685039
0
LINE
8
BLACK
6
CONTINUOUS
10
5.8074015748031496
20
-4.6784842519685039
11
5.8075888976377952
21
-4.6775425984251964
0
LINE
8
BLACK
6
CONTINUOUS
10
5.8075888976377952
20
-4.6775425984251964
11
5.8081222834645665
21
-4.6767443307086616
0
LINE
8
BLACK
6
CONTINUOUS
10
5.8081222834645665
20
-4.6767443307086616
11
5.8089205511811022
21
-4.6762109448818894
0
LINE
8
BLACK
6
CONTINUOUS
10
5.8089205511811022
20
-4.6762109448818894
11
5.8098622047244097
21
-4.6760236220472438
0
LINE
8
BLACK
6
CONTINUOUS
10
5.8098622047244097
20
-4.6760236220472438
11
5.8374212598425199
21
-4.6760236220472438
0
LINE
8
BLACK
6
CONTINUOUS
10
5.8374212598425199
20
-4.6760236220472438
11
5.8383629133858266
21
-4.6762109448818894
0
LINE
8
BLACK
6
CONTINUOUS
10
5.9909219685039368
20
-4.6762109448818894
11
5.9917202362204725
21
-4.6767443307086616
0
LINE
8
BLACK
6
CONTINUOUS
10
5.9917202362204725
20
-4.6767443307086616
11
5.9922536220472438
21
-4.6775425984251964
0
LINE
8
BLACK
6
CONTINUOUS
10
5.9922536220472438
20
-4.6775425984251964
11
5.9924409448818894
21
-4.6784842519685039
0
LINE
8
BLACK
6
CONTINUOUS
10
5.9924409448818894
20
-4.6784842519685039
11
5.9924409448818894
21
-4.6834055118110234
0
LINE
8
BLACK
6
CONTINUOUS
10
5.9924409448818894
20
-4.6834055118110234
11
5.9922536220472438
21
-4.6843471653543309
0
LINE
8
BLACK
6
CONTINUOUS
10
5.9922536220472438
20
-4.6843471653543309
11
5.9917202362204725
21
-4.6851454330708657
0
LINE
8
BLACK
6
CONTINUOUS
10
5.9917202362204725
20
-4.6851454330708657
11
5.9909219685039368
21
-4.6856788188976379
0
LINE
8
BLACK
6
CONTINUOUS
10
5.9909219685039368
20
-4.6856788188976379
11
5.9899803149606301
21
-4.6858661417322836
0
LINE
8
BLACK
6
CONTINUOUS
10
5.9899803149606301
20
-4.6858661417322836
11
5.9624212598425199
21
-4.6858661417322836
0
LINE
8
BLACK
6
CONTINUOUS
10
5.9624212598425199
20
-4.6858661417322836
11
5.9614796062992124
21
-4.6856788188976379
0
LINE
8
BLACK
6
CONTINUOUS
10
5.9614796062992124
20
-4.6856788188976379
11
5.9606813385826767
21
-4.6851454330708657
0
LINE
8
BLACK
6
CONTINUOUS
10
5.9606813385826767
20
-4.6851454330708657
11
5.9601479527559054
21
-4.6843471653543309
0
LINE
8
BLACK
6
CONTINUOUS
10
5.9601479527559054
20
-4.6843471653543309
11
5.9599606299212597
21
-4.6834055118110234
0
LINE
8
BLACK
6
CONTINUOUS
10
5.9599606299212597
20
-4.6834055118110234
11
5.9599606299212597
21
-4.6784842519685039
0
LINE
8
BLACK
6
CONTINUOUS
10
5.9599606299212597
20
-4.6784842519685039
11
5.9601479527559054
21
-4.6775425984251964
0
LINE
8
BLACK
6
CONTINUOUS
10
5.9601479527559054
20
-4.6775425984251964
11
5.9606813385826767
21
-4.6767443307086616
0
LINE
8
BLACK
6
CONTINUOUS
10
5.9606813385826767
20
-4.6767443307086616
11
5.9614796062992124
21
-4.6762109448818894
0
LINE
8
BLACK
6
CONTINUOUS
10
5.9614796062992124
20
-4.6762109448818894
11
5.9624212598425199
21
-4.6760236220472438
0
LINE
8
BLACK
6
CONTINUOUS
10
5.9624212598425199
20
-4.6760236220472438
11
5.9899803149606301
21
-4.6760236220472438
0
LINE
8
BLACK
6
CONTINUOUS
10
5.9899803149606301
20
-4.6760236220472438
11
5.9909219685039368
21
-4.6762109448818894
0
LINE
8
BLACK
6
CONTINUOUS
10
5.6636417322834642
20
-4.6799999999999997
11
5.6086417322834645
21
-4.6799999999999997
0
LINE
8
BLACK
6
CONTINUOUS
10
5.6086417322834645
20
-4.6799999999999997
11
5.6086417322834645
21
-4.6449999999999996
0
LINE
8
BLACK
6
CONTINUOUS
10
5.6086417322834645
20
-4.6449999999999996
11
5.6636417322834642
21
-4.6449999999999996
0
LINE
8
BLACK
6
CONTINUOUS
10
5.6636417322834642
20
-4.6449999999999996
11
5.6636417322834642
21
-4.6799999999999997
0
LINE
8
BLACK
6
CONTINUOUS
10
5.8904988582677165
20
-4.6358279527559052
11
5.8936920078740158
21
-4.637961535433071
0
LINE
8
BLACK
6
CONTINUOUS
10
5.8936920078740158
20
-4.637961535433071
11
5.8958255905511807
21
-4.6411546850393703
0
LINE
8
BLACK
6
CONTINUOUS
10
5.8958255905511807
20
-4.6411546850393703
11
5.8965748031496066
21
-4.64492125984252
0
LINE
8
BLACK
6
CONTINUOUS
10
5.8965748031496066
20
-4.64492125984252
11
5.8965748031496066
21
-4.6697244094488184
0
LINE
8
BLACK
6
CONTINUOUS
10
5.8965748031496066
20
-4.6697244094488184
11
5.8958255905511807
21
-4.6734909842519681
0
LINE
8
BLACK
6
CONTINUOUS
10
5.8958255905511807
20
-4.6734909842519681
11
5.8936920078740158
21
-4.6766841338582674
0
LINE
8
BLACK
6
CONTINUOUS
10
5.8936920078740158
20
-4.6766841338582674
11
5.8904988582677165
21
-4.6788177165354332
0
LINE
8
BLACK
6
CONTINUOUS
10
5.8904988582677165
20
-4.6788177165354332
11
5.8867322834645668
21
-4.6795669291338582
0
LINE
8
BLACK
6
CONTINUOUS
10
5.8867322834645668
20
-4.6795669291338582
11
5.8619291338582675
21
-4.6795669291338582
0
LINE
8
BLACK
6
CONTINUOUS
10
5.8619291338582675
20
-4.6795669291338582
11
5.8581625590551178
21
-4.6788177165354332
0
LINE
8
BLACK
6
CONTINUOUS
10
5.8581625590551178
20
-4.6788177165354332
11
5.8549694094488185
21
-4.6766841338582674
0
LINE
8
BLACK
6
CONTINUOUS
10
5.8549694094488185
20
-4.6766841338582674
11
5.8528358267716536
21
-4.6734909842519681
0
LINE
8
BLACK
6
CONTINUOUS
10
5.8528358267716536
20
-4.6734909842519681
11
5.8520866141732286
21
-4.6697244094488184
0
LINE
8
BLACK
6
CONTINUOUS
10
5.8520866141732286
20
-4.6697244094488184
11
5.8520866141732286
21
-4.64492125984252
0
LINE
8
BLACK
6
CONTINUOUS
10
5.8520866141732286
20
-4.64492125984252
11
5.8528358267716536
21
-4.6411546850393703
0
LINE
8
BLACK
6
CONTINUOUS
10
5.8528358267716536
20
-4.6411546850393703
11
5.8549694094488185
21
-4.637961535433071
0
LINE
8
BLACK
6
CONTINUOUS
10
5.8549694094488185
20
-4.637961535433071
11
5.8581625590551178
21
-4.6358279527559052
0
LINE
8
BLACK
6
CONTINUOUS
10
5.8581625590551178
20
-4.6358279527559052
11
5.8619291338582675
21
-4.6350787401574802
0
LINE
8
BLACK
6
CONTINUOUS
10
5.8619291338582675
20
-4.6350787401574802
11
5.8867322834645668
21
-4.6350787401574802
0
LINE
8
BLACK
6
CONTINUOUS
10
5.8867322834645668
20
-4.6350787401574802
11
5.8904988582677165
21
-4.6358279527559052
0
LINE
8
BLACK
6
CONTINUOUS
10
5.9416799606299211
20
-4.6358279527559052
11
5.9448731102362204
21
-4.637961535433071
0
LINE
8
BLACK
6
CONTINUOUS
10
5.9448731102362204
20
-4.637961535433071
11
5.9470066929133854
21
-4.6411546850393703
0
LINE
8
BLACK
6
CONTINUOUS
10
5.9470066929133854
20
-4.6411546850393703
11
5.9477559055118112
21
-4.64492125984252
0
LINE
8
BLACK
6
CONTINUOUS
10
5.9477559055118112
20
-4.64492125984252
11
5.9477559055118112
21
-4.6697244094488184
0
LINE
8
BLACK
6
CONTINUOUS
10
5.9477559055118112
20
-4.6697244094488184
11
5.9470066929133854
21
-4.6734909842519681
0
LINE
8
BLACK
6
CONTINUOUS
10
5.9470066929133854
20
-4.6734909842519681
11
5.9448731102362204
21
-4.6766841338582674
0
LINE
8
BLACK
6
CONTINUOUS
10
5.9448731102362204
20
-4.6766841338582674
11
5.9416799606299211
21
-4.6788177165354332
0
LINE
8
BLACK
6
CONTINUOUS
10
5.9416799606299211
20
-4.6788177165354332
11
5.9379133858267714
21
-4.6795669291338582
0
LINE
8
BLACK
6
CONTINUOUS
10
5.9379133858267714
20
-4.6795669291338582
11
5.9131102362204722
21
-4.6795669291338582
0
LINE
8
BLACK
6
CONTINUOUS
10
5.9131102362204722
20
-4.6795669291338582
11
5.9093436614173225
21
-4.6788177165354332
0
LINE
8
BLACK
6
CONTINUOUS
10
5.9093436614173225
20
-4.6788177165354332
11
5.9061505118110231
21
-4.6766841338582674
0
LINE
8
BLACK
6
CONTINUOUS
10
5.9061505118110231
20
-4.6766841338582674
11
5.9040169291338582
21
-4.6734909842519681
0
LINE
8
BLACK
6
CONTINUOUS
10
5.9040169291338582
20
-4.6734909842519681
11
5.9032677165354333
21
-4.6697244094488184
0
LINE
8
BLACK
6
CONTINUOUS
10
5.9032677165354333
20
-4.6697244094488184
11
5.9032677165354333
21
-4.64492125984252
0
LINE
8
BLACK
6
CONTINUOUS
10
5.9032677165354333
20
-4.64492125984252
11
5.9040169291338582
21
-4.6411546850393703
0
LINE
8
BLACK
6
CONTINUOUS
10
5.9040169291338582
20
-4.6411546850393703
11
5.9061505118110231
21
-4.637961535433071
0
LINE
8
BLACK
6
CONTINUOUS
10
5.9061505118110231
20
-4.637961535433071
11
5.9093436614173225
21
-4.6358279527559052
0
LINE
8
BLACK
6
CONTINUOUS
10
5.9093436614173225
20
-4.6358279527559052
11
5.9131102362204722
21
-4.6350787401574802
0
LINE
8
BLACK
6
CONTINUOUS
10
5.9131102362204722
20
-4.6350787401574802
11
5.9379133858267714
21
-4.6350787401574802
0
LINE
8
BLACK
6
CONTINUOUS
10
5.9379133858267714
20
-4.6350787401574802
11
5.9416799606299211
21
-4.6358279527559052
0
LINE
8
BLACK
6
CONTINUOUS
10
5.8383629133858266
20
-4.6565259055118107
11
5.8391611811023623
21
-4.6570592913385829
0
LINE
8
BLACK
6
CONTINUOUS
10
5.8391611811023623
20
-4.6570592913385829
11
5.8396945669291336
21
-4.6578575590551177
0
LINE
8
BLACK
6
CONTINUOUS
10
5.8396945669291336
20
-4.6578575590551177
11
5.8398818897637792
21
-4.6587992125984252
0
LINE
8
BLACK
6
CONTINUOUS
10
5.8398818897637792
20
-4.6587992125984252
11
5.8398818897637792
21
-4.6637204724409447
0
LINE
8
BLACK
6
CONTINUOUS
10
5.8398818897637792
20
-4.6637204724409447
11
5.8396945669291336
21
-4.6646621259842522
0
LINE
8
BLACK
6
CONTINUOUS
10
5.8396945669291336
20
-4.6646621259842522
11
5.8391611811023623
21
-4.665460393700787
0
LINE
8
BLACK
6
CONTINUOUS
10
5.8391611811023623
20
-4.665460393700787
11
5.8383629133858266
21
-4.6659937795275592
0
LINE
8
BLACK
6
CONTINUOUS
10
5.8383629133858266
20
-4.6659937795275592
11
5.8374212598425199
21
-4.6661811023622048
0
LINE
8
BLACK
6
CONTINUOUS
10
5.8374212598425199
20
-4.6661811023622048
11
5.8098622047244097
21
-4.6661811023622048
0
LINE
8
BLACK
6
CONTINUOUS
10
5.8098622047244097
20
-4.6661811023622048
11
5.8089205511811022
21
-4.6659937795275592
0
LINE
8
BLACK
6
CONTINUOUS
10
5.8089205511811022
20
-4.6659937795275592
11
5.8081222834645665
21
-4.665460393700787
0
LINE
8
BLACK
6
CONTINUOUS
10
5.8081222834645665
20
-4.665460393700787
11
5.8075888976377952
21
-4.6646621259842522
0
LINE
8
BLACK
6
CONTINUOUS
10
5.8075888976377952
20
-4.6646621259842522
11
5.8074015748031496
21
-4.6637204724409447
0
LINE
8
BLACK
6
CONTINUOUS
10
5.8074015748031496
20
-4.6637204724409447
11
5.8074015748031496
21
-4.6587992125984252
0
LINE
8
BLACK
6
CONTINUOUS
10
5.8074015748031496
20
-4.6587992125984252
11
5.8075888976377952
21
-4.6578575590551177
0
LINE
8
BLACK
6
CONTINUOUS
10
5.8075888976377952
20
-4.6578575590551177
11
5.8081222834645665
21
-4.6570592913385829
0
LINE
8
BLACK
6
CONTINUOUS
10
5.8081222834645665
20
-4.6570592913385829
11
5.8089205511811022
21
-4.6565259055118107
0
LINE
8
BLACK
6
CONTINUOUS
10
5.8089205511811022
20
-4.6565259055118107
11
5.8098622047244097
21
-4.656338582677165
0
LINE
8
BLACK
6
CONTINUOUS
10
5.8098622047244097
20
-4.656338582677165
11
5.8374212598425199
21
-4.656338582677165
0
LINE
8
BLACK
6
CONTINUOUS
10
5.8374212598425199
20
-4.656338582677165
11
5.8383629133858266
21
-4.6565259055118107
0
LINE
8
BLACK
6
CONTINUOUS
10
5.9909219685039368
20
-4.6565259055118107
11
5.9917202362204725
21
-4.6570592913385829
0
LINE
8
BLACK
6
CONTINUOUS
10
5.9917202362204725
20
-4.6570592913385829
11
5.9922536220472438
21
-4.6578575590551177
0
LINE
8
BLACK
6
CONTINUOUS
10
5.9922536220472438
20
-4.6578575590551177
11
5.9924409448818894
21
-4.6587992125984252
0
LINE
8
BLACK
6
CONTINUOUS
10
5.9924409448818894
20
-4.6587992125984252
11
5.9924409448818894
21
-4.6637204724409447
0
LINE
8
BLACK
6
CONTINUOUS
10
5.9924409448818894
20
-4.6637204724409447
11
5.9922536220472438
21
-4.6646621259842522
0
LINE
8
BLACK
6
CONTINUOUS
10
5.9922536220472438
20
-4.6646621259842522
11
5.9917202362204725
21
-4.665460393700787
0
LINE
8
BLACK
6
CONTINUOUS
10
5.9917202362204725
20
-4.665460393700787
11
5.9909219685039368
21
-4.6659937795275592
0
LINE
8
BLACK
6
CONTINUOUS
10
5.9909219685039368
20
-4.6659937795275592
11
5.9899803149606301
21
-4.6661811023622048
0
LINE
8
BLACK
6
CONTINUOUS
10
5.9899803149606301
20
-4.6661811023622048
11
5.9624212598425199
21
-4.6661811023622048
0
LINE
8
BLACK
6
CONTINUOUS
10
5.9624212598425199
20
-4.6661811023622048
11
5.9614796062992124
21
-4.6659937795275592
0
LINE
8
BLACK
6
CONTINUOUS
10
5.9614796062992124
20
-4.6659937795275592
11
5.9606813385826767
21
-4.665460393700787
0
LINE
8
BLACK
6
CONTINUOUS
10
5.9606813385826767
20
-4.665460393700787
11
5.9601479527559054
21
-4.6646621259842522
0
LINE
8
BLACK
6
CONTINUOUS
10
5.9601479527559054
20
-4.6646621259842522
11
5.9599606299212597
21
-4.6637204724409447
0
LINE
8
BLACK
6
CONTINUOUS
10
5.9599606299212597
20
-4.6637204724409447
11
5.9599606299212597
21
-4.6587992125984252
0
LINE
8
BLACK
6
CONTINUOUS
10
5.9599606299212597
20
-4.6587992125984252
11
5.9601479527559054
21
-4.6578575590551177
0
LINE
8
BLACK
6
CONTINUOUS
10
5.9601479527559054
20
-4.6578575590551177
11
5.9606813385826767
21
-4.6570592913385829
0
LINE
8
BLACK
6
CONTINUOUS
10
5.9606813385826767
20
-4.6570592913385829
11
5.9614796062992124
21
-4.6565259055118107
0
LINE
8
BLACK
6
CONTINUOUS
10
5.9614796062992124
20
-4.6565259055118107
11
5.9624212598425199
21
-4.656338582677165
0
LINE
8
BLACK
6
CONTINUOUS
10
5.9624212598425199
20
-4.656338582677165
11
5.9899803149606301
21
-4.656338582677165
0
LINE
8
BLACK
6
CONTINUOUS
10
5.9899803149606301
20
-4.656338582677165
11
5.9909219685039368
21
-4.6565259055118107
0
LINE
8
BLACK
6
CONTINUOUS
10
5.8383629133858266
20
-4.636840866141732
11
5.8391611811023623
21
-4.6373742519685042
0
LINE
8
BLACK
6
CONTINUOUS
10
5.8391611811023623
20
-4.6373742519685042
11
5.8396945669291336
21
-4.638172519685039
0
LINE
8
BLACK
6
CONTINUOUS
10
5.8396945669291336
20
-4.638172519685039
11
5.8398818897637792
21
-4.6391141732283465
0
LINE
8
BLACK
6
CONTINUOUS
10
5.8398818897637792
20
-4.6391141732283465
11
5.8398818897637792
21
-4.644035433070866
0
LINE
8
BLACK
6
CONTINUOUS
10
5.8398818897637792
20
-4.644035433070866
11
5.8396945669291336
21
-4.6449770866141735
0
LINE
8
BLACK
6
CONTINUOUS
10
5.8396945669291336
20
-4.6449770866141735
11
5.8391611811023623
21
-4.6457753543307083
0
LINE
8
BLACK
6
CONTINUOUS
10
5.8391611811023623
20
-4.6457753543307083
11
5.8383629133858266
21
-4.6463087401574805
0
LINE
8
BLACK
6
CONTINUOUS
10
5.8383629133858266
20
-4.6463087401574805
11
5.8374212598425199
21
-4.6464960629921261
0
LINE
8
BLACK
6
CONTINUOUS
10
5.8374212598425199
20
-4.6464960629921261
11
5.8098622047244097
21
-4.6464960629921261
0
LINE
8
BLACK
6
CONTINUOUS
10
5.8098622047244097
20
-4.6464960629921261
11
5.8089205511811022
21
-4.6463087401574805
0
LINE
8
BLACK
6
CONTINUOUS
10
5.8089205511811022
20
-4.6463087401574805
11
5.8081222834645665
21
-4.6457753543307083
0
LINE
8
BLACK
6
CONTINUOUS
10
5.8081222834645665
20
-4.6457753543307083
11
5.8075888976377952
21
-4.6449770866141735
0
LINE
8
BLACK
6
CONTINUOUS
10
5.8075888976377952
20
-4.6449770866141735
11
5.8074015748031496
21
-4.644035433070866
0
LINE
8
BLACK
6
CONTINUOUS
10
5.8074015748031496
20
-4.644035433070866
11
5.8074015748031496
21
-4.6391141732283465
0
LINE
8
BLACK
6
CONTINUOUS
10
5.8074015748031496
20
-4.6391141732283465
11
5.8075888976377952
21
-4.638172519685039
0
LINE
8
BLACK
6
CONTINUOUS
10
5.8075888976377952
20
-4.638172519685039
11
5.8081222834645665
21
-4.6373742519685042
0
LINE
8
BLACK
6
CONTINUOUS
10
5.8081222834645665
20
-4.6373742519685042
11
5.8089205511811022
21
-4.636840866141732
0
LINE
8
BLACK
6
CONTINUOUS
10
5.8089205511811022
20
-4.636840866141732
11
5.8098622047244097
21
-4.6366535433070863
0
LINE
8
BLACK
6
CONTINUOUS
10
5.8098622047244097
20
-4.6366535433070863
11
5.8374212598425199
21
-4.6366535433070863
0
LINE
8
BLACK
6
CONTINUOUS
10
5.8374212598425199
20
-4.6366535433070863
11
5.8383629133858266
21
-4.636840866141732
0
LINE
8
BLACK
6
CONTINUOUS
10
5.9909219685039368
20
-4.636840866141732
11
5.9917202362204725
21
-4.6373742519685042
0
LINE
8
BLACK
6
CONTINUOUS
10
5.9917202362204725
20
-4.6373742519685042
11
5.9922536220472438
21
-4.638172519685039
0
LINE
8
BLACK
6
CONTINUOUS
10
5.9922536220472438
20
-4.638172519685039
11
5.9924409448818894
21
-4.6391141732283465
0
LINE
8
BLACK
6
CONTINUOUS
10
5.9924409448818894
20
-4.6391141732283465
11
5.9924409448818894
21
-4.644035433070866
0
LINE
8
BLACK
6
CONTINUOUS
10
5.9924409448818894
20
-4.644035433070866
11
5.9922536220472438
21
-4.6449770866141735
0
LINE
8
BLACK
6
CONTINUOUS
10
5.9922536220472438
20
-4.6449770866141735
11
5.9917202362204725
21
-4.6457753543307083
0
LINE
8
BLACK
6
CONTINUOUS
10
5.9917202362204725
20
-4.6457753543307083
11
5.9909219685039368
21
-4.6463087401574805
0
LINE
8
BLACK
6
CONTINUOUS
10
5.9909219685039368
20
-4.6463087401574805
11
5.9899803149606301
21
-4.6464960629921261
0
LINE
8
BLACK
6
CONTINUOUS
10
5.9899803149606301
20
-4.6464960629921261
11
5.9624212598425199
21
-4.6464960629921261
0
LINE
8
BLACK
6
CONTINUOUS
10
5.9624212598425199
20
-4.6464960629921261
11
5.9614796062992124
21
-4.6463087401574805
0
LINE
8
BLACK
6
CONTINUOUS
10
5.9614796062992124
20
-4.6463087401574805
11
5.9606813385826767
21
-4.6457753543307083
0
LINE
8
BLACK
6
CONTINUOUS
10
5.9606813385826767
20
-4.6457753543307083
11
5.9601479527559054
21
-4.6449770866141735
0
LINE
8
BLACK
6
CONTINUOUS
10
5.9601479527559054
20
-4.6449770866141735
11
5.9599606299212597
21
-4.644035433070866
0
LINE
8
BLACK
6
CONTINUOUS
10
5.9599606299212597
20
-4.644035433070866
11
5.9599606299212597
21
-4.6391141732283465
0
LINE
8
BLACK
6
CONTINUOUS
10
5.9599606299212597
20
-4.6391141732283465
11
5.9601479527559054
21
-4.638172519685039
0
LINE
8
BLACK
6
CONTINUOUS
10
5.9601479527559054
20
-4.638172519685039
11
5.9606813385826767
21
-4.6373742519685042
0
LINE
8
BLACK
6
CONTINUOUS
10
5.9606813385826767
20
-4.6373742519685042
11
5.9614796062992124
21
-4.636840866141732
0
LINE
8
BLACK
6
CONTINUOUS
10
5.9614796062992124
20
-4.636840866141732
11
5.9624212598425199
21
-4.6366535433070863
0
LINE
8
BLACK
6
CONTINUOUS
10
5.9624212598425199
20
-4.6366535433070863
11
5.9899803149606301
21
-4.6366535433070863
0
LINE
8
BLACK
6
CONTINUOUS
10
5.9899803149606301
20
-4.6366535433070863
11
5.9909219685039368
21
-4.636840866141732
0
LINE
8
BLACK
6
CONTINUOUS
10
5.8904988582677165
20
-4.5846468503937006
11
5.8936920078740158
21
-4.5867804330708664
0
LINE
8
BLACK
6
CONTINUOUS
10
5.8936920078740158
20
-4.5867804330708664
11
5.8958255905511807
21
-4.5899735826771648
0
LINE
8
BLACK
6
CONTINUOUS
10
5.8958255905511807
20
-4.5899735826771648
11
5.8965748031496066
21
-4.5937401574803145
0
LINE
8
BLACK
6
CONTINUOUS
10
5.8965748031496066
20
-4.5937401574803145
11
5.8965748031496066
21
-4.6185433070866138
0
LINE
8
BLACK
6
CONTINUOUS
10
5.8965748031496066
20
-4.6185433070866138
11
5.8958255905511807
21
-4.6223098818897634
0
LINE
8
BLACK
6
CONTINUOUS
10
5.8958255905511807
20
-4.6223098818897634
11
5.8936920078740158
21
-4.6255030314960628
0
LINE
8
BLACK
6
CONTINUOUS
10
5.8936920078740158
20
-4.6255030314960628
11
5.8904988582677165
21
-4.6276366141732286
0
LINE
8
BLACK
6
CONTINUOUS
10
5.8904988582677165
20
-4.6276366141732286
11
5.8867322834645668
21
-4.6283858267716536
0
LINE
8
BLACK
6
CONTINUOUS
10
5.8867322834645668
20
-4.6283858267716536
11
5.8619291338582675
21
-4.6283858267716536
0
LINE
8
BLACK
6
CONTINUOUS
10
5.8619291338582675
20
-4.6283858267716536
11
5.8581625590551178
21
-4.6276366141732286
0
LINE
8
BLACK
6
CONTINUOUS
10
5.8581625590551178
20
-4.6276366141732286
11
5.8549694094488185
21
-4.6255030314960628
0
LINE
8
BLACK
6
CONTINUOUS
10
5.8549694094488185
20
-4.6255030314960628
11
5.8528358267716536
21
-4.6223098818897634
0
LINE
8
BLACK
6
CONTINUOUS
10
5.8528358267716536
20
-4.6223098818897634
11
5.8520866141732286
21
-4.6185433070866138
0
LINE
8
BLACK
6
CONTINUOUS
10
5.8520866141732286
20
-4.6185433070866138
11
5.8520866141732286
21
-4.5937401574803145
0
LINE
8
BLACK
6
CONTINUOUS
10
5.8520866141732286
20
-4.5937401574803145
11
5.8528358267716536
21
-4.5899735826771648
0
LINE
8
BLACK
6
CONTINUOUS
10
5.8528358267716536
20
-4.5899735826771648
11
5.8549694094488185
21
-4.5867804330708664
0
LINE
8
BLACK
6
CONTINUOUS
10
5.8549694094488185
20
-4.5867804330708664
11
5.8581625590551178
21
-4.5846468503937006
0
LINE
8
BLACK
6
CONTINUOUS
10
5.8581625590551178
20
-4.5846468503937006
11
5.8619291338582675
21
-4.5838976377952756
0
LINE
8
BLACK
6
CONTINUOUS
10
5.8619291338582675
20
-4.5838976377952756
11
5.8867322834645668
21
-4.5838976377952756
0
LINE
8
BLACK
6
CONTINUOUS
10
5.8867322834645668
20
-4.5838976377952756
11
5.8904988582677165
21
-4.5846468503937006
0
LINE
8
BLACK
6
CONTINUOUS
10
5.9416799606299211
20
-4.5846468503937006
11
5.9448731102362204
21
-4.5867804330708664
0
LINE
8
BLACK
6
CONTINUOUS
10
5.9448731102362204
20
-4.5867804330708664
11
5.9470066929133854
21
-4.5899735826771648
0
LINE
8
BLACK
6
CONTINUOUS
10
5.9470066929133854
20
-4.5899735826771648
11
5.9477559055118112
21
-4.5937401574803145
0
LINE
8
BLACK
6
CONTINUOUS
10
5.9477559055118112
20
-4.5937401574803145
11
5.9477559055118112
21
-4.6185433070866138
0
LINE
8
BLACK
6
CONTINUOUS
10
5.9477559055118112
20
-4.6185433070866138
11
5.9470066929133854
21
-4.6223098818897634
0
LINE
8
BLACK
6
CONTINUOUS
10
5.9470066929133854
20
-4.6223098818897634
11
5.9448731102362204
21
-4.6255030314960628
0
LINE
8
BLACK
6
CONTINUOUS
10
5.9448731102362204
20
-4.6255030314960628
11
5.9416799606299211
21
-4.6276366141732286
0
LINE
8
BLACK
6
CONTINUOUS
10
5.9416799606299211
20
-4.6276366141732286
11
5.9379133858267714
21
-4.6283858267716536
0
LINE
8
BLACK
6
CONTINUOUS
10
5.9379133858267714
20
-4.6283858267716536
11
5.9131102362204722
21
-4.6283858267716536
0
LINE
8
BLACK
6
CONTINUOUS
10
5.9131102362204722
20
-4.6283858267716536
11
5.9093436614173225
21
-4.6276366141732286
0
LINE
8
BLACK
6
CONTINUOUS
10
5.9093436614173225
20
-4.6276366141732286
11
5.9061505118110231
21
-4.6255030314960628
0
LINE
8
BLACK
6
CONTINUOUS
10
5.9061505118110231
20
-4.6255030314960628
11
5.9040169291338582
21
-4.6223098818897634
0
LINE
8
BLACK
6
CONTINUOUS
10
5.9040169291338582
20
-4.6223098818897634
11
5.9032677165354333
21
-4.6185433070866138
0
LINE
8
BLACK
6
CONTINUOUS
10
5.9032677165354333
20
-4.6185433070866138
11
5.9032677165354333
21
-4.5937401574803145
0
LINE
8
BLACK
6
CONTINUOUS
10
5.9032677165354333
20
-4.5937401574803145
11
5.9040169291338582
21
-4.5899735826771648
0
LINE
8
BLACK
6
CONTINUOUS
10
5.9040169291338582
20
-4.5899735826771648
11
5.9061505118110231
21
-4.5867804330708664
0
LINE
8
BLACK
6
CONTINUOUS
10
5.9061505118110231
20
-4.5867804330708664
11
5.9093436614173225
21
-4.5846468503937006
0
LINE
8
BLACK
6
CONTINUOUS
10
5.9093436614173225
20
-4.5846468503937006
11
5.9131102362204722
21
-4.5838976377952756
0
LINE
8
BLACK
6
CONTINUOUS
10
5.9131102362204722
20
-4.5838976377952756
11
5.9379133858267714
21
-4.5838976377952756
0
LINE
8
BLACK
6
CONTINUOUS
10
5.9379133858267714
20
-4.5838976377952756
11
5.9416799606299211
21
-4.5846468503937006
0
LINE
8
BLACK
6
CONTINUOUS
10
6.373479803149606
20
-4.5871684645669291
11
6.376513307086614
21
-4.5891953543307089
0
LINE
8
BLACK
6
CONTINUOUS
10
6.376513307086614
20
-4.5891953543307089
11
6.3785401968503939
21
-4.5922288582677169
0
LINE
8
BLACK
6
CONTINUOUS
10
6.3785401968503939
20
-4.5922288582677169
11
6.3792519685039366
21
-4.5958070866141734
0
LINE
8
BLACK
6
CONTINUOUS
10
6.3792519685039366
20
-4.5958070866141734
11
6.3792519685039366
21
-4.6184448818897641
0
LINE
8
BLACK
6
CONTINUOUS
10
6.3792519685039366
20
-4.6184448818897641
11
6.3785401968503939
21
-4.6220231102362206
0
LINE
8
BLACK
6
CONTINUOUS
10
6.3785401968503939
20
-4.6220231102362206
11
6.376513307086614
21
-4.6250566141732286
0
LINE
8
BLACK
6
CONTINUOUS
10
6.376513307086614
20
-4.6250566141732286
11
6.373479803149606
21
-4.6270835039370075
0
LINE
8
BLACK
6
CONTINUOUS
10
6.373479803149606
20
-4.6270835039370075
11
6.3699015748031496
21
-4.6277952755905511
0
LINE
8
BLACK
6
CONTINUOUS
10
6.3699015748031496
20
-4.6277952755905511
11
6.3512007874015746
21
-4.6277952755905511
0
LINE
8
BLACK
6
CONTINUOUS
10
6.3512007874015746
20
-4.6277952755905511
11
6.3476225590551181
21
-4.6270835039370075
0
LINE
8
BLACK
6
CONTINUOUS
10
6.3476225590551181
20
-4.6270835039370075
11
6.3445890551181101
21
-4.6250566141732286
0
LINE
8
BLACK
6
CONTINUOUS
10
6.3445890551181101
20
-4.6250566141732286
11
6.3425621653543303
21
-4.6220231102362206
0
LINE
8
BLACK
6
CONTINUOUS
10
6.3425621653543303
20
-4.6220231102362206
11
6.3418503937007875
21
-4.6184448818897641
0
LINE
8
BLACK
6
CONTINUOUS
10
6.3418503937007875
20
-4.6184448818897641
11
6.3418503937007875
21
-4.5958070866141734
0
LINE
8
BLACK
6
CONTINUOUS
10
6.3418503937007875
20
-4.5958070866141734
11
6.3425621653543303
21
-4.5922288582677169
0
LINE
8
BLACK
6
CONTINUOUS
10
6.3425621653543303
20
-4.5922288582677169
11
6.3445890551181101
21
-4.5891953543307089
0
LINE
8
BLACK
6
CONTINUOUS
10
6.3445890551181101
20
-4.5891953543307089
11
6.3476225590551181
21
-4.5871684645669291
0
LINE
8
BLACK
6
CONTINUOUS
10
6.3476225590551181
20
-4.5871684645669291
11
6.3512007874015746
21
-4.5864566929133854
0
LINE
8
BLACK
6
CONTINUOUS
10
6.3512007874015746
20
-4.5864566929133854
11
6.3699015748031496
21
-4.5864566929133854
0
LINE
8
BLACK
6
CONTINUOUS
10
6.3699015748031496
20
-4.5864566929133854
11
6.373479803149606
21
-4.5871684645669291
0
LINE
8
BLACK
6
CONTINUOUS
10
5.8383629133858266
20
-4.6171558267716533
11
5.8391611811023623
21
-4.6176892125984255
0
LINE
8
BLACK
6
CONTINUOUS
10
5.8391611811023623
20
-4.6176892125984255
11
5.8396945669291336
21
-4.6184874803149603
0
LINE
8
BLACK
6
CONTINUOUS
10
5.8396945669291336
20
-4.6184874803149603
11
5.8398818897637792
21
-4.6194291338582678
0
LINE
8
BLACK
6
CONTINUOUS
10
5.8398818897637792
20
-4.6194291338582678
11
5.8398818897637792
21
-4.6243503937007873
0
LINE
8
BLACK
6
CONTINUOUS
10
5.8398818897637792
20
-4.6243503937007873
11
5.8396945669291336
21
-4.6252920472440948
0
LINE
8
BLACK
6
CONTINUOUS
10
5.8396945669291336
20
-4.6252920472440948
11
5.8391611811023623
21
-4.6260903149606296
0
LINE
8
BLACK
6
CONTINUOUS
10
5.8391611811023623
20
-4.6260903149606296
11
5.8383629133858266
21
-4.6266237007874018
0
LINE
8
BLACK
6
CONTINUOUS
10
5.8383629133858266
20
-4.6266237007874018
11
5.8374212598425199
21
-4.6268110236220474
0
LINE
8
BLACK
6
CONTINUOUS
10
5.8374212598425199
20
-4.6268110236220474
11
5.8098622047244097
21
-4.6268110236220474
0
LINE
8
BLACK
6
CONTINUOUS
10
5.8098622047244097
20
-4.6268110236220474
11
5.8089205511811022
21
-4.6266237007874018
0
LINE
8
BLACK
6
CONTINUOUS
10
5.8089205511811022
20
-4.6266237007874018
11
5.8081222834645665
21
-4.6260903149606296
0
LINE
8
BLACK
6
CONTINUOUS
10
5.8081222834645665
20
-4.6260903149606296
11
5.8075888976377952
21
-4.6252920472440948
0
LINE
8
BLACK
6
CONTINUOUS
10
5.8075888976377952
20
-4.6252920472440948
11
5.8074015748031496
21
-4.6243503937007873
0
LINE
8
BLACK
6
CONTINUOUS
10
5.8074015748031496
20
-4.6243503937007873
11
5.8074015748031496
21
-4.6194291338582678
0
LINE
8
BLACK
6
CONTINUOUS
10
5.8074015748031496
20
-4.6194291338582678
11
5.8075888976377952
21
-4.6184874803149603
0
LINE
8
BLACK
6
CONTINUOUS
10
5.8075888976377952
20
-4.6184874803149603
11
5.8081222834645665
21
-4.6176892125984255
0
LINE
8
BLACK
6
CONTINUOUS
10
5.8081222834645665
20
-4.6176892125984255
11
5.8089205511811022
21
-4.6171558267716533
0
LINE
8
BLACK
6
CONTINUOUS
10
5.8089205511811022
20
-4.6171558267716533
11
5.8098622047244097
21
-4.6169685039370076
0
LINE
8
BLACK
6
CONTINUOUS
10
5.8098622047244097
20
-4.6169685039370076
11
5.8374212598425199
21
-4.6169685039370076
0
LINE
8
BLACK
6
CONTINUOUS
10
5.8374212598425199
20
-4.6169685039370076
11
5.8383629133858266
21
-4.6171558267716533
0
LINE
8
BLACK
6
CONTINUOUS
10
5.9909219685039368
20
-4.6171558267716533
11
5.9917202362204725
21
-4.6176892125984255
0
LINE
8
BLACK
6
CONTINUOUS
10
5.9917202362204725
20
-4.6176892125984255
11
5.9922536220472438
21
-4.6184874803149603
0
LINE
8
BLACK
6
CONTINUOUS
10
5.9922536220472438
20
-4.6184874803149603
11
5.9924409448818894
21
-4.6194291338582678
0
LINE
8
BLACK
6
CONTINUOUS
10
5.9924409448818894
20
-4.6194291338582678
11
5.9924409448818894
21
-4.6243503937007873
0
LINE
8
BLACK
6
CONTINUOUS
10
5.9924409448818894
20
-4.6243503937007873
11
5.9922536220472438
21
-4.6252920472440948
0
LINE
8
BLACK
6
CONTINUOUS
10
5.9922536220472438
20
-4.6252920472440948
11
5.9917202362204725
21
-4.6260903149606296
0
LINE
8
BLACK
6
CONTINUOUS
10
5.9917202362204725
20
-4.6260903149606296
11
5.9909219685039368
21
-4.6266237007874018
0
LINE
8
BLACK
6
CONTINUOUS
10
5.9909219685039368
20
-4.6266237007874018
11
5.9899803149606301
21
-4.6268110236220474
0
LINE
8
BLACK
6
CONTINUOUS
10
5.9899803149606301
20
-4.6268110236220474
11
5.9624212598425199
21
-4.6268110236220474
0
LINE
8
BLACK
6
CONTINUOUS
10
5.9624212598425199
20
-4.6268110236220474
11
5.9614796062992124
21
-4.6266237007874018
0
LINE
8
BLACK
6
CONTINUOUS
10
5.9614796062992124
20
-4.6266237007874018
11
5.9606813385826767
21
-4.6260903149606296
0
LINE
8
BLACK
6
CONTINUOUS
10
5.9606813385826767
20
-4.6260903149606296
11
5.9601479527559054
21
-4.6252920472440948
0
LINE
8
BLACK
6
CONTINUOUS
10
5.9601479527559054
20
-4.6252920472440948
11
5.9599606299212597
21
-4.6243503937007873
0
LINE
8
BLACK
6
CONTINUOUS
10
5.9599606299212597
20
-4.6243503937007873
11
5.9599606299212597
21
-4.6194291338582678
0
LINE
8
BLACK
6
CONTINUOUS
10
5.9599606299212597
20
-4.6194291338582678
11
5.9601479527559054
21
-4.6184874803149603
0
LINE
8
BLACK
6
CONTINUOUS
10
5.9601479527559054
20
-4.6184874803149603
11
5.9606813385826767
21
-4.6176892125984255
0
LINE
8
BLACK
6
CONTINUOUS
10
5.9606813385826767
20
-4.6176892125984255
11
5.9614796062992124
21
-4.6171558267716533
0
LINE
8
BLACK
6
CONTINUOUS
10
5.9614796062992124
20
-4.6171558267716533
11
5.9624212598425199
21
-4.6169685039370076
0
LINE
8
BLACK
6
CONTINUOUS
10
5.9624212598425199
20
-4.6169685039370076
11
5.9899803149606301
21
-4.6169685039370076
0
LINE
8
BLACK
6
CONTINUOUS
10
5.9899803149606301
20
-4.6169685039370076
11
5.9909219685039368
21
-4.6171558267716533
0
LINE
8
BLACK
6
CONTINUOUS
10
6.2209994881889763
20
-4.5901212204724411
11
6.2240329921259843
21
-4.59214811023622
0
LINE
8
BLACK
6
CONTINUOUS
10
6.2240329921259843
20
-4.59214811023622
11
6.2260598818897632
21
-4.595181614173228
0
LINE
8
BLACK
6
CONTINUOUS
10
6.2260598818897632
20
-4.595181614173228
11
6.2267716535433069
21
-4.5987598425196845
0
LINE
8
BLACK
6
CONTINUOUS
10
6.2267716535433069
20
-4.5987598425196845
11
6.2267716535433069
21
-4.6174606299212595
0
LINE
8
BLACK
6
CONTINUOUS
10
6.2267716535433069
20
-4.6174606299212595
11
6.2260598818897632
21
-4.621038858267716
0
LINE
8
BLACK
6
CONTINUOUS
10
6.2260598818897632
20
-4.621038858267716
11
6.2240329921259843
21
-4.624072362204724
0
LINE
8
BLACK
6
CONTINUOUS
10
6.2240329921259843
20
-4.624072362204724
11
6.2209994881889763
21
-4.6260992519685038
0
LINE
8
BLACK
6
CONTINUOUS
10
6.2209994881889763
20
-4.6260992519685038
11
6.2174212598425198
21
-4.6268110236220474
0
LINE
8
BLACK
6
CONTINUOUS
10
6.2174212598425198
20
-4.6268110236220474
11
6.1947834645669291
21
-4.6268110236220474
0
LINE
8
BLACK
6
CONTINUOUS
10
6.1947834645669291
20
-4.6268110236220474
11
6.1912052362204726
21
-4.6260992519685038
0
LINE
8
BLACK
6
CONTINUOUS
10
6.1912052362204726
20
-4.6260992519685038
11
6.1881717322834646
21
-4.624072362204724
0
LINE
8
BLACK
6
CONTINUOUS
10
6.1881717322834646
20
-4.624072362204724
11
6.1861448425196848
21
-4.621038858267716
0
LINE
8
BLACK
6
CONTINUOUS
10
6.1861448425196848
20
-4.621038858267716
11
6.185433070866142
21
-4.6174606299212595
0
LINE
8
BLACK
6
CONTINUOUS
10
6.185433070866142
20
-4.6174606299212595
11
6.185433070866142
21
-4.5987598425196845
0
LINE
8
BLACK
6
CONTINUOUS
10
6.185433070866142
20
-4.5987598425196845
11
6.1861448425196848
21
-4.595181614173228
0
LINE
8
BLACK
6
CONTINUOUS
10
6.1861448425196848
20
-4.595181614173228
11
6.1881717322834646
21
-4.59214811023622
0
LINE
8
BLACK
6
CONTINUOUS
10
6.1881717322834646
20
-4.59214811023622
11
6.1912052362204726
21
-4.5901212204724411
0
LINE
8
BLACK
6
CONTINUOUS
10
6.1912052362204726
20
-4.5901212204724411
11
6.1947834645669291
21
-4.5894094488188975
0
LINE
8
BLACK
6
CONTINUOUS
10
6.1947834645669291
20
-4.5894094488188975
11
6.2174212598425198
21
-4.5894094488188975
0
LINE
8
BLACK
6
CONTINUOUS
10
6.2174212598425198
20
-4.5894094488188975
11
6.2209994881889763
21
-4.5901212204724411
0
LINE
8
BLACK
6
CONTINUOUS
10
6.2898971259842522
20
-4.5901212204724411
11
6.2929306299212593
21
-4.59214811023622
0
LINE
8
BLACK
6
CONTINUOUS
10
6.2929306299212593
20
-4.59214811023622
11
6.2949575196850391
21
-4.595181614173228
0
LINE
8
BLACK
6
CONTINUOUS
10
6.2949575196850391
20
-4.595181614173228
11
6.2956692913385828
21
-4.5987598425196845
0
LINE
8
BLACK
6
CONTINUOUS
10
6.2956692913385828
20
-4.5987598425196845
11
6.2956692913385828
21
-4.6174606299212595
0
LINE
8
BLACK
6
CONTINUOUS
10
6.2956692913385828
20
-4.6174606299212595
11
6.2949575196850391
21
-4.621038858267716
0
LINE
8
BLACK
6
CONTINUOUS
10
6.2949575196850391
20
-4.621038858267716
11
6.2929306299212593
21
-4.624072362204724
0
LINE
8
BLACK
6
CONTINUOUS
10
6.2929306299212593
20
-4.624072362204724
11
6.2898971259842522
21
-4.6260992519685038
0
LINE
8
BLACK
6
CONTINUOUS
10
6.2898971259842522
20
-4.6260992519685038
11
6.2863188976377948
21
-4.6268110236220474
0
LINE
8
BLACK
6
CONTINUOUS
10
6.2863188976377948
20
-4.6268110236220474
11
6.263681102362205
21
-4.6268110236220474
0
LINE
8
BLACK
6
CONTINUOUS
10
6.263681102362205
20
-4.6268110236220474
11
6.2601028740157476
21
-4.6260992519685038
0
LINE
8
BLACK
6
CONTINUOUS
10
6.2601028740157476
20
-4.6260992519685038
11
6.2570693700787396
21
-4.624072362204724
0
LINE
8
BLACK
6
CONTINUOUS
10
6.2570693700787396
20
-4.624072362204724
11
6.2550424803149607
21
-4.621038858267716
0
LINE
8
BLACK
6
CONTINUOUS
10
6.2550424803149607
20
-4.621038858267716
11
6.254330708661417
21
-4.6174606299212595
0
LINE
8
BLACK
6
CONTINUOUS
10
6.254330708661417
20
-4.6174606299212595
11
6.254330708661417
21
-4.5987598425196845
0
LINE
8
BLACK
6
CONTINUOUS
10
6.254330708661417
20
-4.5987598425196845
11
6.2550424803149607
21
-4.595181614173228
0
LINE
8
BLACK
6
CONTINUOUS
10
6.2550424803149607
20
-4.595181614173228
11
6.2570693700787396
21
-4.59214811023622
0
LINE
8
BLACK
6
CONTINUOUS
10
6.2570693700787396
20
-4.59214811023622
11
6.2601028740157476
21
-4.5901212204724411
0
LINE
8
BLACK
6
CONTINUOUS
10
6.2601028740157476
20
-4.5901212204724411
11
6.263681102362205
21
-4.5894094488188975
0
LINE
8
BLACK
6
CONTINUOUS
10
6.263681102362205
20
-4.5894094488188975
11
6.2863188976377948
21
-4.5894094488188975
0
LINE
8
BLACK
6
CONTINUOUS
10
6.2863188976377948
20
-4.5894094488188975
11
6.2898971259842522
21
-4.5901212204724411
0
LINE
8
BLACK
6
CONTINUOUS
10
5.660881377952756
20
-4.5832314566929133
11
5.663914881889764
21
-4.5852583464566932
0
LINE
8
BLACK
6
CONTINUOUS
10
5.663914881889764
20
-4.5852583464566932
11
5.665941771653543
21
-4.5882918503937002
0
LINE
8
BLACK
6
CONTINUOUS
10
5.665941771653543
20
-4.5882918503937002
11
5.6666535433070866
21
-4.5918700787401576
0
LINE
8
BLACK
6
CONTINUOUS
10
5.6666535433070866
20
-4.5918700787401576
11
5.6666535433070866
21
-4.6145078740157484
0
LINE
8
BLACK
6
CONTINUOUS
10
5.6666535433070866
20
-4.6145078740157484
11
5.665941771653543
21
-4.6180861023622048
0
LINE
8
BLACK
6
CONTINUOUS
10
5.665941771653543
20
-4.6180861023622048
11
5.663914881889764
21
-4.6211196062992128
0
LINE
8
BLACK
6
CONTINUOUS
10
5.663914881889764
20
-4.6211196062992128
11
5.660881377952756
21
-4.6231464960629918
0
LINE
8
BLACK
6
CONTINUOUS
10
5.660881377952756
20
-4.6231464960629918
11
5.6573031496062987
21
-4.6238582677165354
0
LINE
8
BLACK
6
CONTINUOUS
10
5.6573031496062987
20
-4.6238582677165354
11
5.6386023622047245
21
-4.6238582677165354
0
LINE
8
BLACK
6
CONTINUOUS
10
5.6386023622047245
20
-4.6238582677165354
11
5.6350241338582672
21
-4.6231464960629918
0
LINE
8
BLACK
6
CONTINUOUS
10
5.6350241338582672
20
-4.6231464960629918
11
5.6319906299212601
21
-4.6211196062992128
0
LINE
8
BLACK
6
CONTINUOUS
10
5.6319906299212601
20
-4.6211196062992128
11
5.6299637401574802
21
-4.6180861023622048
0
LINE
8
BLACK
6
CONTINUOUS
10
5.6299637401574802
20
-4.6180861023622048
11
5.6292519685039366
21
-4.6145078740157484
0
LINE
8
BLACK
6
CONTINUOUS
10
5.6292519685039366
20
-4.6145078740157484
11
5.6292519685039366
21
-4.5918700787401576
0
LINE
8
BLACK
6
CONTINUOUS
10
5.6292519685039366
20
-4.5918700787401576
11
5.6299637401574802
21
-4.5882918503937002
0
LINE
8
BLACK
6
CONTINUOUS
10
5.6299637401574802
20
-4.5882918503937002
11
5.6319906299212601
21
-4.5852583464566932
0
LINE
8
BLACK
6
CONTINUOUS
10
5.6319906299212601
20
-4.5852583464566932
11
5.6350241338582672
21
-4.5832314566929133
0
LINE
8
BLACK
6
CONTINUOUS
10
5.6350241338582672
20
-4.5832314566929133
11
5.6386023622047245
21
-4.5825196850393697
0
LINE
8
BLACK
6
CONTINUOUS
10
5.6386023622047245
20
-4.5825196850393697
11
5.6573031496062987
21
-4.5825196850393697
0
LINE
8
BLACK
6
CONTINUOUS
10
5.6573031496062987
20
-4.5825196850393697
11
5.660881377952756
21
-4.5832314566929133
0
LINE
8
BLACK
6
CONTINUOUS
10
5.7238735039370079
20
-4.5832314566929133
11
5.7269070078740159
21
-4.5852583464566932
0
LINE
8
BLACK
6
CONTINUOUS
10
5.7269070078740159
20
-4.5852583464566932
11
5.7289338976377948
21
-4.5882918503937002
0
LINE
8
BLACK
6
CONTINUOUS
10
5.7289338976377948
20
-4.5882918503937002
11
5.7296456692913385
21
-4.5918700787401576
0
LINE
8
BLACK
6
CONTINUOUS
10
5.7296456692913385
20
-4.5918700787401576
11
5.7296456692913385
21
-4.6145078740157484
0
LINE
8
BLACK
6
CONTINUOUS
10
5.7296456692913385
20
-4.6145078740157484
11
5.7289338976377948
21
-4.6180861023622048
0
LINE
8
BLACK
6
CONTINUOUS
10
5.7289338976377948
20
-4.6180861023622048
11
5.7269070078740159
21
-4.6211196062992128
0
LINE
8
BLACK
6
CONTINUOUS
10
5.7269070078740159
20
-4.6211196062992128
11
5.7238735039370079
21
-4.6231464960629918
0
LINE
8
BLACK
6
CONTINUOUS
10
5.7238735039370079
20
-4.6231464960629918
11
5.7202952755905514
21
-4.6238582677165354
0
LINE
8
BLACK
6
CONTINUOUS
10
5.7202952755905514
20
-4.6238582677165354
11
5.7015944881889764
21
-4.6238582677165354
0
LINE
8
BLACK
6
CONTINUOUS
10
5.7015944881889764
20
-4.6238582677165354
11
5.6980162598425199
21
-4.6231464960629918
0
LINE
8
BLACK
6
CONTINUOUS
10
5.6980162598425199
20
-4.6231464960629918
11
5.694982755905512
21
-4.6211196062992128
0
LINE
8
BLACK
6
CONTINUOUS
10
5.694982755905512
20
-4.6211196062992128
11
5.6929558661417321
21
-4.6180861023622048
0
LINE
8
BLACK
6
CONTINUOUS
10
5.6929558661417321
20
-4.6180861023622048
11
5.6922440944881885
21
-4.6145078740157484
0
LINE
8
BLACK
6
CONTINUOUS
10
5.6922440944881885
20
-4.6145078740157484
11
5.6922440944881885
21
-4.5918700787401576
0
LINE
8
BLACK
6
CONTINUOUS
10
5.6922440944881885
20
-4.5918700787401576
11
5.6929558661417321
21
-4.5882918503937002
0
LINE
8
BLACK
6
CONTINUOUS
10
5.6929558661417321
20
-4.5882918503937002
11
5.694982755905512
21
-4.5852583464566932
0
LINE
8
BLACK
6
CONTINUOUS
10
5.694982755905512
20
-4.5852583464566932
11
5.6980162598425199
21
-4.5832314566929133
0
LINE
8
BLACK
6
CONTINUOUS
10
5.6980162598425199
20
-4.5832314566929133
11
5.7015944881889764
21
-4.5825196850393697
0
LINE
8
BLACK
6
CONTINUOUS
10
5.7015944881889764
20
-4.5825196850393697
11
5.7202952755905514
21
-4.5825196850393697
0
LINE
8
BLACK
6
CONTINUOUS
10
5.7202952755905514
20
-4.5825196850393697
11
5.7238735039370079
21
-4.5832314566929133
0
LINE
8
BLACK
6
CONTINUOUS
10
6.4822834645669287
20
-4.6126377952755906
11
6.4665354330708658
21
-4.6126377952755906
0
LINE
8
BLACK
6
CONTINUOUS
10
6.4665354330708658
20
-4.6126377952755906
11
6.4665354330708658
21
-4.5870472440944878
0
LINE
8
BLACK
6
CONTINUOUS
10
6.4665354330708658
20
-4.5870472440944878
11
6.4822834645669287
21
-4.5870472440944878
0
LINE
8
BLACK
6
CONTINUOUS
10
6.4822834645669287
20
-4.5870472440944878
11
6.4822834645669287
21
-4.6126377952755906
0
LINE
8
BLACK
6
CONTINUOUS
10
6.5078740157480315
20
-4.6126377952755906
11
6.4921259842519685
21
-4.6126377952755906
0
LINE
8
BLACK
6
CONTINUOUS
10
6.4921259842519685
20
-4.6126377952755906
11
6.4921259842519685
21
-4.5870472440944878
0
LINE
8
BLACK
6
CONTINUOUS
10
6.4921259842519685
20
-4.5870472440944878
11
6.5078740157480315
21
-4.5870472440944878
0
LINE
8
BLACK
6
CONTINUOUS
10
6.5078740157480315
20
-4.5870472440944878
11
6.5078740157480315
21
-4.6126377952755906
0
LINE
8
BLACK
6
CONTINUOUS
10
6.5334645669291334
20
-4.6126377952755906
11
6.5177165354330704
21
-4.6126377952755906
0
LINE
8
BLACK
6
CONTINUOUS
10
6.5177165354330704
20
-4.6126377952755906
11
6.5177165354330704
21
-4.5870472440944878
0
LINE
8
BLACK
6
CONTINUOUS
10
6.5177165354330704
20
-4.5870472440944878
11
6.5334645669291334
21
-4.5870472440944878
0
LINE
8
BLACK
6
CONTINUOUS
10
6.5334645669291334
20
-4.5870472440944878
11
6.5334645669291334
21
-4.6126377952755906
0
LINE
8
BLACK
6
CONTINUOUS
10
5.8383629133858266
20
-4.5974707874015746
11
5.8391611811023623
21
-4.5980041732283468
0
LINE
8
BLACK
6
CONTINUOUS
10
5.8391611811023623
20
-4.5980041732283468
11
5.8396945669291336
21
-4.5988024409448816
0
LINE
8
BLACK
6
CONTINUOUS
10
5.8396945669291336
20
-4.5988024409448816
11
5.8398818897637792
21
-4.5997440944881891
0
LINE
8
BLACK
6
CONTINUOUS
10
5.8398818897637792
20
-4.5997440944881891
11
5.8398818897637792
21
-4.6046653543307086
0
LINE
8
BLACK
6
CONTINUOUS
10
5.8398818897637792
20
-4.6046653543307086
11
5.8396945669291336
21
-4.6056070078740152
0
LINE
8
BLACK
6
CONTINUOUS
10
5.8396945669291336
20
-4.6056070078740152
11
5.8391611811023623
21
-4.6064052755905509
0
LINE
8
BLACK
6
CONTINUOUS
10
5.8391611811023623
20
-4.6064052755905509
11
5.8383629133858266
21
-4.6069386614173231
0
LINE
8
BLACK
6
CONTINUOUS
10
5.8383629133858266
20
-4.6069386614173231
11
5.8374212598425199
21
-4.6071259842519687
0
LINE
8
BLACK
6
CONTINUOUS
10
5.8374212598425199
20
-4.6071259842519687
11
5.8098622047244097
21
-4.6071259842519687
0
LINE
8
BLACK
6
CONTINUOUS
10
5.8098622047244097
20
-4.6071259842519687
11
5.8089205511811022
21
-4.6069386614173231
0
LINE
8
BLACK
6
CONTINUOUS
10
5.8089205511811022
20
-4.6069386614173231
11
5.8081222834645665
21
-4.6064052755905509
0
LINE
8
BLACK
6
CONTINUOUS
10
5.8081222834645665
20
-4.6064052755905509
11
5.8075888976377952
21
-4.6056070078740152
0
LINE
8
BLACK
6
CONTINUOUS
10
5.8075888976377952
20
-4.6056070078740152
11
5.8074015748031496
21
-4.6046653543307086
0
LINE
8
BLACK
6
CONTINUOUS
10
5.8074015748031496
20
-4.6046653543307086
11
5.8074015748031496
21
-4.5997440944881891
0
LINE
8
BLACK
6
CONTINUOUS
10
5.8074015748031496
20
-4.5997440944881891
11
5.8075888976377952
21
-4.5988024409448816
0
LINE
8
BLACK
6
CONTINUOUS
10
5.8075888976377952
20
-4.5988024409448816
11
5.8081222834645665
21
-4.5980041732283468
0
LINE
8
BLACK
6
CONTINUOUS
10
5.8081222834645665
20
-4.5980041732283468
11
5.8089205511811022
21
-4.5974707874015746
0
LINE
8
BLACK
6
CONTINUOUS
10
5.8089205511811022
20
-4.5974707874015746
11
5.8098622047244097
21
-4.5972834645669289
0
LINE
8
BLACK
6
CONTINUOUS
10
5.8098622047244097
20
-4.5972834645669289
11
5.8374212598425199
21
-4.5972834645669289
0
LINE
8
BLACK
6
CONTINUOUS
10
5.8374212598425199
20
-4.5972834645669289
11
5.8383629133858266
21
-4.5974707874015746
0
LINE
8
BLACK
6
CONTINUOUS
10
5.9909219685039368
20
-4.5974707874015746
11
5.9917202362204725
21
-4.5980041732283468
0
LINE
8
BLACK
6
CONTINUOUS
10
5.9917202362204725
20
-4.5980041732283468
11
5.9922536220472438
21
-4.5988024409448816
0
LINE
8
BLACK
6
CONTINUOUS
10
5.9922536220472438
20
-4.5988024409448816
11
5.9924409448818894
21
-4.5997440944881891
0
LINE
8
BLACK
6
CONTINUOUS
10
5.9924409448818894
20
-4.5997440944881891
11
5.9924409448818894
21
-4.6046653543307086
0
LINE
8
BLACK
6
CONTINUOUS
10
5.9924409448818894
20
-4.6046653543307086
11
5.9922536220472438
21
-4.6056070078740152
0
LINE
8
BLACK
6
CONTINUOUS
10
5.9922536220472438
20
-4.6056070078740152
11
5.9917202362204725
21
-4.6064052755905509
0
LINE
8
BLACK
6
CONTINUOUS
10
5.9917202362204725
20
-4.6064052755905509
11
5.9909219685039368
21
-4.6069386614173231
0
LINE
8
BLACK
6
CONTINUOUS
10
5.9909219685039368
20
-4.6069386614173231
11
5.9899803149606301
21
-4.6071259842519687
0
LINE
8
BLACK
6
CONTINUOUS
10
5.9899803149606301
20
-4.6071259842519687
11
5.9624212598425199
21
-4.6071259842519687
0
LINE
8
BLACK
6
CONTINUOUS
10
5.9624212598425199
20
-4.6071259842519687
11
5.9614796062992124
21
-4.6069386614173231
0
LINE
8
BLACK
6
CONTINUOUS
10
5.9614796062992124
20
-4.6069386614173231
11
5.9606813385826767
21
-4.6064052755905509
0
LINE
8
BLACK
6
CONTINUOUS
10
5.9606813385826767
20
-4.6064052755905509
11
5.9601479527559054
21
-4.6056070078740152
0
LINE
8
BLACK
6
CONTINUOUS
10
5.9601479527559054
20
-4.6056070078740152
11
5.9599606299212597
21
-4.6046653543307086
0
LINE
8
BLACK
6
CONTINUOUS
10
5.9599606299212597
20
-4.6046653543307086
11
5.9599606299212597
21
-4.5997440944881891
0
LINE
8
BLACK
6
CONTINUOUS
10
5.9599606299212597
20
-4.5997440944881891
11
5.9601479527559054
21
-4.5988024409448816
0
LINE
8
BLACK
6
CONTINUOUS
10
5.9601479527559054
20
-4.5988024409448816
11
5.9606813385826767
21
-4.5980041732283468
0
LINE
8
BLACK
6
CONTINUOUS
10
5.9606813385826767
20
-4.5980041732283468
11
5.9614796062992124
21
-4.5974707874015746
0
LINE
8
BLACK
6
CONTINUOUS
10
5.9614796062992124
20
-4.5974707874015746
11
5.9624212598425199
21
-4.5972834645669289
0
LINE
8
BLACK
6
CONTINUOUS
10
5.9624212598425199
20
-4.5972834645669289
11
5.9899803149606301
21
-4.5972834645669289
0
LINE
8
BLACK
6
CONTINUOUS
10
5.9899803149606301
20
-4.5972834645669289
11
5.9909219685039368
21
-4.5974707874015746
0
LINE
8
BLACK
6
CONTINUOUS
10
6.1495648031496062
20
-4.5805995275590554
11
6.1514487401574804
21
-4.5818583464566931
0
LINE
8
BLACK
6
CONTINUOUS
10
6.1514487401574804
20
-4.5818583464566931
11
6.1527075590551181
21
-4.5837422834645665
0
LINE
8
BLACK
6
CONTINUOUS
10
6.1527075590551181
20
-4.5837422834645665
11
6.1531496062992126
21
-4.5859645669291336
0
LINE
8
BLACK
6
CONTINUOUS
10
6.1531496062992126
20
-4.5859645669291336
11
6.1531496062992126
21
-4.5975787401574806
0
LINE
8
BLACK
6
CONTINUOUS
10
6.1531496062992126
20
-4.5975787401574806
11
6.1527075590551181
21
-4.5998010236220468
0
LINE
8
BLACK
6
CONTINUOUS
10
6.1527075590551181
20
-4.5998010236220468
11
6.1514487401574804
21
-4.6016849606299211
0
LINE
8
BLACK
6
CONTINUOUS
10
6.1514487401574804
20
-4.6016849606299211
11
6.1495648031496062
21
-4.6029437795275587
0
LINE
8
BLACK
6
CONTINUOUS
10
6.1495648031496062
20
-4.6029437795275587
11
6.1473425196850391
21
-4.6033858267716532
0
LINE
8
BLACK
6
CONTINUOUS
10
6.1473425196850391
20
-4.6033858267716532
11
6.1337598425196846
21
-4.6033858267716532
0
LINE
8
BLACK
6
CONTINUOUS
10
6.1337598425196846
20
-4.6033858267716532
11
6.1315375590551175
21
-4.6029437795275587
0
LINE
8
BLACK
6
CONTINUOUS
10
6.1315375590551175
20
-4.6029437795275587
11
6.1296536220472442
21
-4.6016849606299211
0
LINE
8
BLACK
6
CONTINUOUS
10
6.1296536220472442
20
-4.6016849606299211
11
6.1283948031496065
21
-4.5998010236220468
0
LINE
8
BLACK
6
CONTINUOUS
10
6.1283948031496065
20
-4.5998010236220468
11
6.127952755905512
21
-4.5975787401574806
0
LINE
8
BLACK
6
CONTINUOUS
10
6.127952755905512
20
-4.5975787401574806
11
6.127952755905512
21
-4.5859645669291336
0
LINE
8
BLACK
6
CONTINUOUS
10
6.127952755905512
20
-4.5859645669291336
11
6.1283948031496065
21
-4.5837422834645665
0
LINE
8
BLACK
6
CONTINUOUS
10
6.1283948031496065
20
-4.5837422834645665
11
6.1296536220472442
21
-4.5818583464566931
0
LINE
8
BLACK
6
CONTINUOUS
10
6.1296536220472442
20
-4.5818583464566931
11
6.1315375590551175
21
-4.5805995275590554
0
LINE
8
BLACK
6
CONTINUOUS
10
6.1315375590551175
20
-4.5805995275590554
11
6.1337598425196846
21
-4.5801574803149609
0
LINE
8
BLACK
6
CONTINUOUS
10
6.1337598425196846
20
-4.5801574803149609
11
6.1473425196850391
21
-4.5801574803149609
0
LINE
8
BLACK
6
CONTINUOUS
10
6.1473425196850391
20
-4.5801574803149609
11
6.1495648031496062
21
-4.5805995275590554
0
LINE
8
BLACK
6
CONTINUOUS
10
5.8383629133858266
20
-4.5777857480314958
11
5.8391611811023623
21
-4.5783191338582681
0
LINE
8
BLACK
6
CONTINUOUS
10
5.8391611811023623
20
-4.5783191338582681
11
5.8396945669291336
21
-4.5791174015748028
0
LINE
8
BLACK
6
CONTINUOUS
10
5.8396945669291336
20
-4.5791174015748028
11
5.8398818897637792
21
-4.5800590551181104
0
LINE
8
BLACK
6
CONTINUOUS
10
5.8398818897637792
20
-4.5800590551181104
11
5.8398818897637792
21
-4.5849803149606299
0
LINE
8
BLACK
6
CONTINUOUS
10
5.8398818897637792
20
-4.5849803149606299
11
5.8396945669291336
21
-4.5859219685039365
0
LINE
8
BLACK
6
CONTINUOUS
10
5.8396945669291336
20
-4.5859219685039365
11
5.8391611811023623
21
-4.5867202362204722
0
LINE
8
BLACK
6
CONTINUOUS
10
5.8391611811023623
20
-4.5867202362204722
11
5.8383629133858266
21
-4.5872536220472444
0
LINE
8
BLACK
6
CONTINUOUS
10
5.8383629133858266
20
-4.5872536220472444
11
5.8374212598425199
21
-4.58744094488189
0
LINE
8
BLACK
6
CONTINUOUS
10
5.8374212598425199
20
-4.58744094488189
11
5.8098622047244097
21
-4.58744094488189
0
LINE
8
BLACK
6
CONTINUOUS
10
5.8098622047244097
20
-4.58744094488189
11
5.8089205511811022
21
-4.5872536220472444
0
LINE
8
BLACK
6
CONTINUOUS
10
5.8089205511811022
20
-4.5872536220472444
11
5.8081222834645665
21
-4.5867202362204722
0
LINE
8
BLACK
6
CONTINUOUS
10
5.8081222834645665
20
-4.5867202362204722
11
5.8075888976377952
21
-4.5859219685039365
0
LINE
8
BLACK
6
CONTINUOUS
10
5.8075888976377952
20
-4.5859219685039365
11
5.8074015748031496
21
-4.5849803149606299
0
LINE
8
BLACK
6
CONTINUOUS
10
5.8074015748031496
20
-4.5849803149606299
11
5.8074015748031496
21
-4.5800590551181104
0
LINE
8
BLACK
6
CONTINUOUS
10
5.8074015748031496
20
-4.5800590551181104
11
5.8075888976377952
21
-4.5791174015748028
0
LINE
8
BLACK
6
CONTINUOUS
10
5.8075888976377952
20
-4.5791174015748028
11
5.8081222834645665
21
-4.5783191338582681
0
LINE
8
BLACK
6
CONTINUOUS
10
5.8081222834645665
20
-4.5783191338582681
11
5.8089205511811022
21
-4.5777857480314958
0
LINE
8
BLACK
6
CONTINUOUS
10
5.8089205511811022
20
-4.5777857480314958
11
5.8098622047244097
21
-4.5775984251968502
0
LINE
8
BLACK
6
CONTINUOUS
10
5.8098622047244097
20
-4.5775984251968502
11
5.8374212598425199
21
-4.5775984251968502
0
LINE
8
BLACK
6
CONTINUOUS
10
5.8374212598425199
20
-4.5775984251968502
11
5.8383629133858266
21
-4.5777857480314958
0
LINE
8
BLACK
6
CONTINUOUS
10
5.9909219685039368
20
-4.5777857480314958
11
5.9917202362204725
21
-4.5783191338582681
0
LINE
8
BLACK
6
CONTINUOUS
10
5.9917202362204725
20
-4.5783191338582681
11
5.9922536220472438
21
-4.5791174015748028
0
LINE
8
BLACK
6
CONTINUOUS
10
5.9922536220472438
20
-4.5791174015748028
11
5.9924409448818894
21
-4.5800590551181104
0
LINE
8
BLACK
6
CONTINUOUS
10
5.9924409448818894
20
-4.5800590551181104
11
5.9924409448818894
21
-4.5849803149606299
0
LINE
8
BLACK
6
CONTINUOUS
10
5.9924409448818894
20
-4.5849803149606299
11
5.9922536220472438
21
-4.5859219685039365
0
LINE
8
BLACK
6
CONTINUOUS
10
5.9922536220472438
20
-4.5859219685039365
11
5.9917202362204725
21
-4.5867202362204722
0
LINE
8
BLACK
6
CONTINUOUS
10
5.9917202362204725
20
-4.5867202362204722
11
5.9909219685039368
21
-4.5872536220472444
0
LINE
8
BLACK
6
CONTINUOUS
10
5.9909219685039368
20
-4.5872536220472444
11
5.9899803149606301
21
-4.58744094488189
0
LINE
8
BLACK
6
CONTINUOUS
10
5.9899803149606301
20
-4.58744094488189
11
5.9624212598425199
21
-4.58744094488189
0
LINE
8
BLACK
6
CONTINUOUS
10
5.9624212598425199
20
-4.58744094488189
11
5.9614796062992124
21
-4.5872536220472444
0
LINE
8
BLACK
6
CONTINUOUS
10
5.9614796062992124
20
-4.5872536220472444
11
5.9606813385826767
21
-4.5867202362204722
0
LINE
8
BLACK
6
CONTINUOUS
10
5.9606813385826767
20
-4.5867202362204722
11
5.9601479527559054
21
-4.5859219685039365
0
LINE
8
BLACK
6
CONTINUOUS
10
5.9601479527559054
20
-4.5859219685039365
11
5.9599606299212597
21
-4.5849803149606299
0
LINE
8
BLACK
6
CONTINUOUS
10
5.9599606299212597
20
-4.5849803149606299
11
5.9599606299212597
21
-4.5800590551181104
0
LINE
8
BLACK
6
CONTINUOUS
10
5.9599606299212597
20
-4.5800590551181104
11
5.9601479527559054
21
-4.5791174015748028
0
LINE
8
BLACK
6
CONTINUOUS
10
5.9601479527559054
20
-4.5791174015748028
11
5.9606813385826767
21
-4.5783191338582681
0
LINE
8
BLACK
6
CONTINUOUS
10
5.9606813385826767
20
-4.5783191338582681
11
5.9614796062992124
21
-4.5777857480314958
0
LINE
8
BLACK
6
CONTINUOUS
10
5.9614796062992124
20
-4.5777857480314958
11
5.9624212598425199
21
-4.5775984251968502
0
LINE
8
BLACK
6
CONTINUOUS
10
5.9624212598425199
20
-4.5775984251968502
11
5.9899803149606301
21
-4.5775984251968502
0
LINE
8
BLACK
6
CONTINUOUS
10
5.9899803149606301
20
-4.5775984251968502
11
5.9909219685039368
21
-4.5777857480314958
0
LINE
8
BLACK
6
CONTINUOUS
10
5.8541109448818895
20
-4.5393999212598422
11
5.8549092125984252
21
-4.5399333070866144
0
LINE
8
BLACK
6
CONTINUOUS
10
5.8549092125984252
20
-4.5399333070866144
11
5.8554425984251965
21
-4.5407315748031492
0
LINE
8
BLACK
6
CONTINUOUS
10
5.8554425984251965
20
-4.5407315748031492
11
5.8556299212598422
21
-4.5416732283464567
0
LINE
8
BLACK
6
CONTINUOUS
10
5.8556299212598422
20
-4.5416732283464567
11
5.8556299212598422
21
-4.5692322834645669
0
LINE
8
BLACK
6
CONTINUOUS
10
5.8556299212598422
20
-4.5692322834645669
11
5.8554425984251965
21
-4.5701739370078736
0
LINE
8
BLACK
6
CONTINUOUS
10
5.8554425984251965
20
-4.5701739370078736
11
5.8549092125984252
21
-4.5709722047244092
0
LINE
8
BLACK
6
CONTINUOUS
10
5.8549092125984252
20
-4.5709722047244092
11
5.8541109448818895
21
-4.5715055905511814
0
LINE
8
BLACK
6
CONTINUOUS
10
5.8541109448818895
20
-4.5715055905511814
11
5.8531692913385829
21
-4.5716929133858271
0
LINE
8
BLACK
6
CONTINUOUS
10
5.8531692913385829
20
-4.5716929133858271
11
5.8482480314960625
21
-4.5716929133858271
0
LINE
8
BLACK
6
CONTINUOUS
10
5.8482480314960625
20
-4.5716929133858271
11
5.8473063779527559
21
-4.5715055905511814
0
LINE
8
BLACK
6
CONTINUOUS
10
5.8473063779527559
20
-4.5715055905511814
11
5.8465081102362202
21
-4.5709722047244092
0
LINE
8
BLACK
6
CONTINUOUS
10
5.8465081102362202
20
-4.5709722047244092
11
5.8459747244094489
21
-4.5701739370078736
0
LINE
8
BLACK
6
CONTINUOUS
10
5.8459747244094489
20
-4.5701739370078736
11
5.8457874015748033
21
-4.5692322834645669
0
LINE
8
BLACK
6
CONTINUOUS
10
5.8457874015748033
20
-4.5692322834645669
11
5.8457874015748033
21
-4.5416732283464567
0
LINE
8
BLACK
6
CONTINUOUS
10
5.8457874015748033
20
-4.5416732283464567
11
5.8459747244094489
21
-4.5407315748031492
0
LINE
8
BLACK
6
CONTINUOUS
10
5.8459747244094489
20
-4.5407315748031492
11
5.8465081102362202
21
-4.5399333070866144
0
LINE
8
BLACK
6
CONTINUOUS
10
5.8465081102362202
20
-4.5399333070866144
11
5.8473063779527559
21
-4.5393999212598422
0
LINE
8
BLACK
6
CONTINUOUS
10
5.8473063779527559
20
-4.5393999212598422
11
5.8482480314960625
21
-4.5392125984251965
0
LINE
8
BLACK
6
CONTINUOUS
10
5.8482480314960625
20
-4.5392125984251965
11
5.8531692913385829
21
-4.5392125984251965
0
LINE
8
BLACK
6
CONTINUOUS
10
5.8531692913385829
20
-4.5392125984251965
11
5.8541109448818895
21
-4.5393999212598422
0
LINE
8
BLACK
6
CONTINUOUS
10
5.8737959842519682
20
-4.5393999212598422
11
5.8745942519685039
21
-4.5399333070866144
0
LINE
8
BLACK
6
CONTINUOUS
10
5.8745942519685039
20
-4.5399333070866144
11
5.8751276377952752
21
-4.5407315748031492
0
LINE
8
BLACK
6
CONTINUOUS
10
5.8751276377952752
20
-4.5407315748031492
11
5.8753149606299209
21
-4.5416732283464567
0
LINE
8
BLACK
6
CONTINUOUS
10
5.8753149606299209
20
-4.5416732283464567
11
5.8753149606299209
21
-4.5692322834645669
0
LINE
8
BLACK
6
CONTINUOUS
10
5.8753149606299209
20
-4.5692322834645669
11
5.8751276377952752
21
-4.5701739370078736
0
LINE
8
BLACK
6
CONTINUOUS
10
5.8751276377952752
20
-4.5701739370078736
11
5.8745942519685039
21
-4.5709722047244092
0
LINE
8
BLACK
6
CONTINUOUS
10
5.8745942519685039
20
-4.5709722047244092
11
5.8737959842519682
21
-4.5715055905511814
0
LINE
8
BLACK
6
CONTINUOUS
10
5.8737959842519682
20
-4.5715055905511814
11
5.8728543307086616
21
-4.5716929133858271
0
LINE
8
BLACK
6
CONTINUOUS
10
5.8728543307086616
20
-4.5716929133858271
11
5.8679330708661412
21
-4.5716929133858271
0
LINE
8
BLACK
6
CONTINUOUS
10
5.8679330708661412
20
-4.5716929133858271
11
5.8669914173228346
21
-4.5715055905511814
0
LINE
8
BLACK
6
CONTINUOUS
10
5.8669914173228346
20
-4.5715055905511814
11
5.8661931496062989
21
-4.5709722047244092
0
LINE
8
BLACK
6
CONTINUOUS
10
5.8661931496062989
20
-4.5709722047244092
11
5.8656597637795276
21
-4.5701739370078736
0
LINE
8
BLACK
6
CONTINUOUS
10
5.8656597637795276
20
-4.5701739370078736
11
5.865472440944882
21
-4.5692322834645669
0
LINE
8
BLACK
6
CONTINUOUS
10
5.865472440944882
20
-4.5692322834645669
11
5.865472440944882
21
-4.5416732283464567
0
LINE
8
BLACK
6
CONTINUOUS
10
5.865472440944882
20
-4.5416732283464567
11
5.8656597637795276
21
-4.5407315748031492
0
LINE
8
BLACK
6
CONTINUOUS
10
5.8656597637795276
20
-4.5407315748031492
11
5.8661931496062989
21
-4.5399333070866144
0
LINE
8
BLACK
6
CONTINUOUS
10
5.8661931496062989
20
-4.5399333070866144
11
5.8669914173228346
21
-4.5393999212598422
0
LINE
8
BLACK
6
CONTINUOUS
10
5.8669914173228346
20
-4.5393999212598422
11
5.8679330708661412
21
-4.5392125984251965
0
LINE
8
BLACK
6
CONTINUOUS
10
5.8679330708661412
20
-4.5392125984251965
11
5.8728543307086616
21
-4.5392125984251965
0
LINE
8
BLACK
6
CONTINUOUS
10
5.8728543307086616
20
-4.5392125984251965
11
5.8737959842519682
21
-4.5393999212598422
0
LINE
8
BLACK
6
CONTINUOUS
10
5.893481023622047
20
-4.5393999212598422
11
5.8942792913385826
21
-4.5399333070866144
0
LINE
8
BLACK
6
CONTINUOUS
10
5.8942792913385826
20
-4.5399333070866144
11
5.894812677165354
21
-4.5407315748031492
0
LINE
8
BLACK
6
CONTINUOUS
10
5.894812677165354
20
-4.5407315748031492
11
5.8949999999999996
21
-4.5416732283464567
0
LINE
8
BLACK
6
CONTINUOUS
10
5.8949999999999996
20
-4.5416732283464567
11
5.8949999999999996
21
-4.5692322834645669
0
LINE
8
BLACK
6
CONTINUOUS
10
5.8949999999999996
20
-4.5692322834645669
11
5.894812677165354
21
-4.5701739370078736
0
LINE
8
BLACK
6
CONTINUOUS
10
5.894812677165354
20
-4.5701739370078736
11
5.8942792913385826
21
-4.5709722047244092
0
LINE
8
BLACK
6
CONTINUOUS
10
5.8942792913385826
20
-4.5709722047244092
11
5.893481023622047
21
-4.5715055905511814
0
LINE
8
BLACK
6
CONTINUOUS
10
5.893481023622047
20
-4.5715055905511814
11
5.8925393700787403
21
-4.5716929133858271
0
LINE
8
BLACK
6
CONTINUOUS
10
5.8925393700787403
20
-4.5716929133858271
11
5.8876181102362199
21
-4.5716929133858271
0
LINE
8
BLACK
6
CONTINUOUS
10
5.8876181102362199
20
-4.5716929133858271
11
5.8866764566929133
21
-4.5715055905511814
0
LINE
8
BLACK
6
CONTINUOUS
10
5.8866764566929133
20
-4.5715055905511814
11
5.8858781889763776
21
-4.5709722047244092
0
LINE
8
BLACK
6
CONTINUOUS
10
5.8858781889763776
20
-4.5709722047244092
11
5.8853448031496063
21
-4.5701739370078736
0
LINE
8
BLACK
6
CONTINUOUS
10
5.8853448031496063
20
-4.5701739370078736
11
5.8851574803149607
21
-4.5692322834645669
0
LINE
8
BLACK
6
CONTINUOUS
10
5.8851574803149607
20
-4.5692322834645669
11
5.8851574803149607
21
-4.5416732283464567
0
LINE
8
BLACK
6
CONTINUOUS
10
5.8851574803149607
20
-4.5416732283464567
11
5.8853448031496063
21
-4.5407315748031492
0
LINE
8
BLACK
6
CONTINUOUS
10
5.8853448031496063
20
-4.5407315748031492
11
5.8858781889763776
21
-4.5399333070866144
0
LINE
8
BLACK
6
CONTINUOUS
10
5.8858781889763776
20
-4.5399333070866144
11
5.8866764566929133
21
-4.5393999212598422
0
LINE
8
BLACK
6
CONTINUOUS
10
5.8866764566929133
20
-4.5393999212598422
11
5.8876181102362199
21
-4.5392125984251965
0
LINE
8
BLACK
6
CONTINUOUS
10
5.8876181102362199
20
-4.5392125984251965
11
5.8925393700787403
21
-4.5392125984251965
0
LINE
8
BLACK
6
CONTINUOUS
10
5.8925393700787403
20
-4.5392125984251965
11
5.893481023622047
21
-4.5393999212598422
0
LINE
8
BLACK
6
CONTINUOUS
10
5.9131660629921257
20
-4.5393999212598422
11
5.9139643307086613
21
-4.5399333070866144
0
LINE
8
BLACK
6
CONTINUOUS
10
5.9139643307086613
20
-4.5399333070866144
11
5.9144977165354327
21
-4.5407315748031492
0
LINE
8
BLACK
6
CONTINUOUS
10
5.9144977165354327
20
-4.5407315748031492
11
5.9146850393700783
21
-4.5416732283464567
0
LINE
8
BLACK
6
CONTINUOUS
10
5.9146850393700783
20
-4.5416732283464567
11
5.9146850393700783
21
-4.5692322834645669
0
LINE
8
BLACK
6
CONTINUOUS
10
5.9146850393700783
20
-4.5692322834645669
11
5.9144977165354327
21
-4.5701739370078736
0
LINE
8
BLACK
6
CONTINUOUS
10
5.9144977165354327
20
-4.5701739370078736
11
5.9139643307086613
21
-4.5709722047244092
0
LINE
8
BLACK
6
CONTINUOUS
10
5.9139643307086613
20
-4.5709722047244092
11
5.9131660629921257
21
-4.5715055905511814
0
LINE
8
BLACK
6
CONTINUOUS
10
5.9131660629921257
20
-4.5715055905511814
11
5.912224409448819
21
-4.5716929133858271
0
LINE
8
BLACK
6
CONTINUOUS
10
5.912224409448819
20
-4.5716929133858271
11
5.9073031496062987
21
-4.5716929133858271
0
LINE
8
BLACK
6
CONTINUOUS
10
5.9073031496062987
20
-4.5716929133858271
11
5.906361496062992
21
-4.5715055905511814
0
LINE
8
BLACK
6
CONTINUOUS
10
5.906361496062992
20
-4.5715055905511814
11
5.9055632283464563
21
-4.5709722047244092
0
LINE
8
BLACK
6
CONTINUOUS
10
5.9055632283464563
20
-4.5709722047244092
11
5.905029842519685
21
-4.5701739370078736
0
LINE
8
BLACK
6
CONTINUOUS
10
5.905029842519685
20
-4.5701739370078736
11
5.9048425196850394
21
-4.5692322834645669
0
LINE
8
BLACK
6
CONTINUOUS
10
5.9048425196850394
20
-4.5692322834645669
11
5.9048425196850394
21
-4.5416732283464567
0
LINE
8
BLACK
6
CONTINUOUS
10
5.9048425196850394
20
-4.5416732283464567
11
5.905029842519685
21
-4.5407315748031492
0
LINE
8
BLACK
6
CONTINUOUS
10
5.905029842519685
20
-4.5407315748031492
11
5.9055632283464563
21
-4.5399333070866144
0
LINE
8
BLACK
6
CONTINUOUS
10
5.9055632283464563
20
-4.5399333070866144
11
5.906361496062992
21
-4.5393999212598422
0
LINE
8
BLACK
6
CONTINUOUS
10
5.906361496062992
20
-4.5393999212598422
11
5.9073031496062987
21
-4.5392125984251965
0
LINE
8
BLACK
6
CONTINUOUS
10
5.9073031496062987
20
-4.5392125984251965
11
5.912224409448819
21
-4.5392125984251965
0
LINE
8
BLACK
6
CONTINUOUS
10
5.912224409448819
20
-4.5392125984251965
11
5.9131660629921257
21
-4.5393999212598422
0
LINE
8
BLACK
6
CONTINUOUS
10
5.9328511023622044
20
-4.5393999212598422
11
5.93364937007874
21
-4.5399333070866144
0
LINE
8
BLACK
6
CONTINUOUS
10
5.93364937007874
20
-4.5399333070866144
11
5.9341827559055114
21
-4.5407315748031492
0
LINE
8
BLACK
6
CONTINUOUS
10
5.9341827559055114
20
-4.5407315748031492
11
5.934370078740157
21
-4.5416732283464567
0
LINE
8
BLACK
6
CONTINUOUS
10
5.934370078740157
20
-4.5416732283464567
11
5.934370078740157
21
-4.5692322834645669
0
LINE
8
BLACK
6
CONTINUOUS
10
5.934370078740157
20
-4.5692322834645669
11
5.9341827559055114
21
-4.5701739370078736
0
LINE
8
BLACK
6
CONTINUOUS
10
5.9341827559055114
20
-4.5701739370078736
11
5.93364937007874
21
-4.5709722047244092
0
LINE
8
BLACK
6
CONTINUOUS
10
5.93364937007874
20
-4.5709722047244092
11
5.9328511023622044
21
-4.5715055905511814
0
LINE
8
BLACK
6
CONTINUOUS
10
5.9328511023622044
20
-4.5715055905511814
11
5.9319094488188977
21
-4.5716929133858271
0
LINE
8
BLACK
6
CONTINUOUS
10
5.9319094488188977
20
-4.5716929133858271
11
5.9269881889763782
21
-4.5716929133858271
0
LINE
8
BLACK
6
CONTINUOUS
10
5.9269881889763782
20
-4.5716929133858271
11
5.9260465354330707
21
-4.5715055905511814
0
LINE
8
BLACK
6
CONTINUOUS
10
5.9260465354330707
20
-4.5715055905511814
11
5.925248267716535
21
-4.5709722047244092
0
LINE
8
BLACK
6
CONTINUOUS
10
5.925248267716535
20
-4.5709722047244092
11
5.9247148818897637
21
-4.5701739370078736
0
LINE
8
BLACK
6
CONTINUOUS
10
5.9247148818897637
20
-4.5701739370078736
11
5.9245275590551181
21
-4.5692322834645669
0
LINE
8
BLACK
6
CONTINUOUS
10
5.9245275590551181
20
-4.5692322834645669
11
5.9245275590551181
21
-4.5416732283464567
0
LINE
8
BLACK
6
CONTINUOUS
10
5.9245275590551181
20
-4.5416732283464567
11
5.9247148818897637
21
-4.5407315748031492
0
LINE
8
BLACK
6
CONTINUOUS
10
5.9247148818897637
20
-4.5407315748031492
11
5.925248267716535
21
-4.5399333070866144
0
LINE
8
BLACK
6
CONTINUOUS
10
5.925248267716535
20
-4.5399333070866144
11
5.9260465354330707
21
-4.5393999212598422
0
LINE
8
BLACK
6
CONTINUOUS
10
5.9260465354330707
20
-4.5393999212598422
11
5.9269881889763782
21
-4.5392125984251965
0
LINE
8
BLACK
6
CONTINUOUS
10
5.9269881889763782
20
-4.5392125984251965
11
5.9319094488188977
21
-4.5392125984251965
0
LINE
8
BLACK
6
CONTINUOUS
10
5.9319094488188977
20
-4.5392125984251965
11
5.9328511023622044
21
-4.5393999212598422
0
LINE
8
BLACK
6
CONTINUOUS
10
5.9525361417322831
20
-4.5393999212598422
11
5.9533344094488188
21
-4.5399333070866144
0
LINE
8
BLACK
6
CONTINUOUS
10
5.9533344094488188
20
-4.5399333070866144
11
5.9538677952755901
21
-4.5407315748031492
0
LINE
8
BLACK
6
CONTINUOUS
10
5.9538677952755901
20
-4.5407315748031492
11
5.9540551181102357
21
-4.5416732283464567
0
LINE
8
BLACK
6
CONTINUOUS
10
5.9540551181102357
20
-4.5416732283464567
11
5.9540551181102357
21
-4.5692322834645669
0
LINE
8
BLACK
6
CONTINUOUS
10
5.9540551181102357
20
-4.5692322834645669
11
5.9538677952755901
21
-4.5701739370078736
0
LINE
8
BLACK
6
CONTINUOUS
10
5.9538677952755901
20
-4.5701739370078736
11
5.9533344094488188
21
-4.5709722047244092
0
LINE
8
BLACK
6
CONTINUOUS
10
5.9533344094488188
20
-4.5709722047244092
11
5.9525361417322831
21
-4.5715055905511814
0
LINE
8
BLACK
6
CONTINUOUS
10
5.9525361417322831
20
-4.5715055905511814
11
5.9515944881889764
21
-4.5716929133858271
0
LINE
8
BLACK
6
CONTINUOUS
10
5.9515944881889764
20
-4.5716929133858271
11
5.946673228346457
21
-4.5716929133858271
0
LINE
8
BLACK
6
CONTINUOUS
10
5.946673228346457
20
-4.5716929133858271
11
5.9457315748031494
21
-4.5715055905511814
0
LINE
8
BLACK
6
CONTINUOUS
10
5.9457315748031494
20
-4.5715055905511814
11
5.9449333070866137
21
-4.5709722047244092
0
LINE
8
BLACK
6
CONTINUOUS
10
5.9449333070866137
20
-4.5709722047244092
11
5.9443999212598424
21
-4.5701739370078736
0
LINE
8
BLACK
6
CONTINUOUS
10
5.9443999212598424
20
-4.5701739370078736
11
5.9442125984251968
21
-4.5692322834645669
0
LINE
8
BLACK
6
CONTINUOUS
10
5.9442125984251968
20
-4.5692322834645669
11
5.9442125984251968
21
-4.5416732283464567
0
LINE
8
BLACK
6
CONTINUOUS
10
5.9442125984251968
20
-4.5416732283464567
11
5.9443999212598424
21
-4.5407315748031492
0
LINE
8
BLACK
6
CONTINUOUS
10
5.9443999212598424
20
-4.5407315748031492
11
5.9449333070866137
21
-4.5399333070866144
0
LINE
8
BLACK
6
CONTINUOUS
10
5.9449333070866137
20
-4.5399333070866144
11
5.9457315748031494
21
-4.5393999212598422
0
LINE
8
BLACK
6
CONTINUOUS
10
5.9457315748031494
20
-4.5393999212598422
11
5.946673228346457
21
-4.5392125984251965
0
LINE
8
BLACK
6
CONTINUOUS
10
5.946673228346457
20
-4.5392125984251965
11
5.9515944881889764
21
-4.5392125984251965
0
LINE
8
BLACK
6
CONTINUOUS
10
5.9515944881889764
20
-4.5392125984251965
11
5.9525361417322831
21
-4.5393999212598422
0
LINE
8
BLACK
6
CONTINUOUS
10
6.1495648031496062
20
-4.5424105511811019
11
6.1514487401574804
21
-4.5436693700787396
0
LINE
8
BLACK
6
CONTINUOUS
10
6.1514487401574804
20
-4.5436693700787396
11
6.1527075590551181
21
-4.5455533070866139
0
LINE
8
BLACK
6
CONTINUOUS
10
6.1527075590551181
20
-4.5455533070866139
11
6.1531496062992126
21
-4.547775590551181
0
LINE
8
BLACK
6
CONTINUOUS
10
6.1531496062992126
20
-4.547775590551181
11
6.1531496062992126
21
-4.5593897637795271
0
LINE
8
BLACK
6
CONTINUOUS
10
6.1531496062992126
20
-4.5593897637795271
11
6.1527075590551181
21
-4.5616120472440942
0
LINE
8
BLACK
6
CONTINUOUS
10
6.1527075590551181
20
-4.5616120472440942
11
6.1514487401574804
21
-4.5634959842519685
0
LINE
8
BLACK
6
CONTINUOUS
10
6.1514487401574804
20
-4.5634959842519685
11
6.1495648031496062
21
-4.5647548031496061
0
LINE
8
BLACK
6
CONTINUOUS
10
6.1495648031496062
20
-4.5647548031496061
11
6.1473425196850391
21
-4.5651968503937006
0
LINE
8
BLACK
6
CONTINUOUS
10
6.1473425196850391
20
-4.5651968503937006
11
6.1337598425196846
21
-4.5651968503937006
0
LINE
8
BLACK
6
CONTINUOUS
10
6.1337598425196846
20
-4.5651968503937006
11
6.1315375590551175
21
-4.5647548031496061
0
LINE
8
BLACK
6
CONTINUOUS
10
6.1315375590551175
20
-4.5647548031496061
11
6.1296536220472442
21
-4.5634959842519685
0
LINE
8
BLACK
6
CONTINUOUS
10
6.1296536220472442
20
-4.5634959842519685
11
6.1283948031496065
21
-4.5616120472440942
0
LINE
8
BLACK
6
CONTINUOUS
10
6.1283948031496065
20
-4.5616120472440942
11
6.127952755905512
21
-4.5593897637795271
0
LINE
8
BLACK
6
CONTINUOUS
10
6.127952755905512
20
-4.5593897637795271
11
6.127952755905512
21
-4.547775590551181
0
LINE
8
BLACK
6
CONTINUOUS
10
6.127952755905512
20
-4.547775590551181
11
6.1283948031496065
21
-4.5455533070866139
0
LINE
8
BLACK
6
CONTINUOUS
10
6.1283948031496065
20
-4.5455533070866139
11
6.1296536220472442
21
-4.5436693700787396
0
LINE
8
BLACK
6
CONTINUOUS
10
6.1296536220472442
20
-4.5436693700787396
11
6.1315375590551175
21
-4.5424105511811019
0
LINE
8
BLACK
6
CONTINUOUS
10
6.1315375590551175
20
-4.5424105511811019
11
6.1337598425196846
21
-4.5419685039370075
0
LINE
8
BLACK
6
CONTINUOUS
10
6.1337598425196846
20
-4.5419685039370075
11
6.1473425196850391
21
-4.5419685039370075
0
LINE
8
BLACK
6
CONTINUOUS
10
6.1473425196850391
20
-4.5419685039370075
11
6.1495648031496062
21
-4.5424105511811019
0
LINE
8
BLACK
6
CONTINUOUS
10
6.373479803149606
20
-4.5182708267716531
11
6.376513307086614
21
-4.520297716535433
0
LINE
8
BLACK
6
CONTINUOUS
10
6.376513307086614
20
-4.520297716535433
11
6.3785401968503939
21
-4.523331220472441
0
LINE
8
BLACK
6
CONTINUOUS
10
6.3785401968503939
20
-4.523331220472441
11
6.3792519685039366
21
-4.5269094488188975
0
LINE
8
BLACK
6
CONTINUOUS
10
6.3792519685039366
20
-4.5269094488188975
11
6.3792519685039366
21
-4.5495472440944882
0
LINE
8
BLACK
6
CONTINUOUS
10
6.3792519685039366
20
-4.5495472440944882
11
6.3785401968503939
21
-4.5531254724409447
0
LINE
8
BLACK
6
CONTINUOUS
10
6.3785401968503939
20
-4.5531254724409447
11
6.376513307086614
21
-4.5561589763779526
0
LINE
8
BLACK
6
CONTINUOUS
10
6.376513307086614
20
-4.5561589763779526
11
6.373479803149606
21
-4.5581858661417325
0
LINE
8
BLACK
6
CONTINUOUS
10
6.373479803149606
20
-4.5581858661417325
11
6.3699015748031496
21
-4.5588976377952752
0
LINE
8
BLACK
6
CONTINUOUS
10
6.3699015748031496
20
-4.5588976377952752
11
6.3512007874015746
21
-4.5588976377952752
0
LINE
8
BLACK
6
CONTINUOUS
10
6.3512007874015746
20
-4.5588976377952752
11
6.3476225590551181
21
-4.5581858661417325
0
LINE
8
BLACK
6
CONTINUOUS
10
6.3476225590551181
20
-4.5581858661417325
11
6.3445890551181101
21
-4.5561589763779526
0
LINE
8
BLACK
6
CONTINUOUS
10
6.3445890551181101
20
-4.5561589763779526
11
6.3425621653543303
21
-4.5531254724409447
0
LINE
8
BLACK
6
CONTINUOUS
10
6.3425621653543303
20
-4.5531254724409447
11
6.3418503937007875
21
-4.5495472440944882
0
LINE
8
BLACK
6
CONTINUOUS
10
6.3418503937007875
20
-4.5495472440944882
11
6.3418503937007875
21
-4.5269094488188975
0
LINE
8
BLACK
6
CONTINUOUS
10
6.3418503937007875
20
-4.5269094488188975
11
6.3425621653543303
21
-4.523331220472441
0
LINE
8
BLACK
6
CONTINUOUS
10
6.3425621653543303
20
-4.523331220472441
11
6.3445890551181101
21
-4.520297716535433
0
LINE
8
BLACK
6
CONTINUOUS
10
6.3445890551181101
20
-4.520297716535433
11
6.3476225590551181
21
-4.5182708267716531
0
LINE
8
BLACK
6
CONTINUOUS
10
6.3476225590551181
20
-4.5182708267716531
11
6.3512007874015746
21
-4.5175590551181104
0
LINE
8
BLACK
6
CONTINUOUS
10
6.3512007874015746
20
-4.5175590551181104
11
6.3699015748031496
21
-4.5175590551181104
0
LINE
8
BLACK
6
CONTINUOUS
10
6.3699015748031496
20
-4.5175590551181104
11
6.373479803149606
21
-4.5182708267716531
0
LINE
8
BLACK
6
CONTINUOUS
10
6.2209994881889763
20
-4.5220109842519687
11
6.2240329921259843
21
-4.5240378740157476
0
LINE
8
BLACK
6
CONTINUOUS
10
6.2240329921259843
20
-4.5240378740157476
11
6.2260598818897632
21
-4.5270713779527556
0
LINE
8
BLACK
6
CONTINUOUS
10
6.2260598818897632
20
-4.5270713779527556
11
6.2267716535433069
21
-4.5306496062992121
0
LINE
8
BLACK
6
CONTINUOUS
10
6.2267716535433069
20
-4.5306496062992121
11
6.2267716535433069
21
-4.5493503937007871
0
LINE
8
BLACK
6
CONTINUOUS
10
6.2267716535433069
20
-4.5493503937007871
11
6.2260598818897632
21
-4.5529286220472436
0
LINE
8
BLACK
6
CONTINUOUS
10
6.2260598818897632
20
-4.5529286220472436
11
6.2240329921259843
21
-4.5559621259842515
0
LINE
8
BLACK
6
CONTINUOUS
10
6.2240329921259843
20
-4.5559621259842515
11
6.2209994881889763
21
-4.5579890157480314
0
LINE
8
BLACK
6
CONTINUOUS
10
6.2209994881889763
20
-4.5579890157480314
11
6.2174212598425198
21
-4.558700787401575
0
LINE
8
BLACK
6
CONTINUOUS
10
6.2174212598425198
20
-4.558700787401575
11
6.1947834645669291
21
-4.558700787401575
0
LINE
8
BLACK
6
CONTINUOUS
10
6.1947834645669291
20
-4.558700787401575
11
6.1912052362204726
21
-4.5579890157480314
0
LINE
8
BLACK
6
CONTINUOUS
10
6.1912052362204726
20
-4.5579890157480314
11
6.1881717322834646
21
-4.5559621259842515
0
LINE
8
BLACK
6
CONTINUOUS
10
6.1881717322834646
20
-4.5559621259842515
11
6.1861448425196848
21
-4.5529286220472436
0
LINE
8
BLACK
6
CONTINUOUS
10
6.1861448425196848
20
-4.5529286220472436
11
6.185433070866142
21
-4.5493503937007871
0
LINE
8
BLACK
6
CONTINUOUS
10
6.185433070866142
20
-4.5493503937007871
11
6.185433070866142
21
-4.5306496062992121
0
LINE
8
BLACK
6
CONTINUOUS
10
6.185433070866142
20
-4.5306496062992121
11
6.1861448425196848
21
-4.5270713779527556
0
LINE
8
BLACK
6
CONTINUOUS
10
6.1861448425196848
20
-4.5270713779527556
11
6.1881717322834646
21
-4.5240378740157476
0
LINE
8
BLACK
6
CONTINUOUS
10
6.1881717322834646
20
-4.5240378740157476
11
6.1912052362204726
21
-4.5220109842519687
0
LINE
8
BLACK
6
CONTINUOUS
10
6.1912052362204726
20
-4.5220109842519687
11
6.1947834645669291
21
-4.521299212598425
0
LINE
8
BLACK
6
CONTINUOUS
10
6.1947834645669291
20
-4.521299212598425
11
6.2174212598425198
21
-4.521299212598425
0
LINE
8
BLACK
6
CONTINUOUS
10
6.2174212598425198
20
-4.521299212598425
11
6.2209994881889763
21
-4.5220109842519687
0
LINE
8
BLACK
6
CONTINUOUS
10
6.2898971259842522
20
-4.5220109842519687
11
6.2929306299212593
21
-4.5240378740157476
0
LINE
8
BLACK
6
CONTINUOUS
10
6.2929306299212593
20
-4.5240378740157476
11
6.2949575196850391
21
-4.5270713779527556
0
LINE
8
BLACK
6
CONTINUOUS
10
6.2949575196850391
20
-4.5270713779527556
11
6.2956692913385828
21
-4.5306496062992121
0
LINE
8
BLACK
6
CONTINUOUS
10
6.2956692913385828
20
-4.5306496062992121
11
6.2956692913385828
21
-4.5493503937007871
0
LINE
8
BLACK
6
CONTINUOUS
10
6.2956692913385828
20
-4.5493503937007871
11
6.2949575196850391
21
-4.5529286220472436
0
LINE
8
BLACK
6
CONTINUOUS
10
6.2949575196850391
20
-4.5529286220472436
11
6.2929306299212593
21
-4.5559621259842515
0
LINE
8
BLACK
6
CONTINUOUS
10
6.2929306299212593
20
-4.5559621259842515
11
6.2898971259842522
21
-4.5579890157480314
0
LINE
8
BLACK
6
CONTINUOUS
10
6.2898971259842522
20
-4.5579890157480314
11
6.2863188976377948
21
-4.558700787401575
0
LINE
8
BLACK
6
CONTINUOUS
10
6.2863188976377948
20
-4.558700787401575
11
6.263681102362205
21
-4.558700787401575
0
LINE
8
BLACK
6
CONTINUOUS
10
6.263681102362205
20
-4.558700787401575
11
6.2601028740157476
21
-4.5579890157480314
0
LINE
8
BLACK
6
CONTINUOUS
10
6.2601028740157476
20
-4.5579890157480314
11
6.2570693700787396
21
-4.5559621259842515
0
LINE
8
BLACK
6
CONTINUOUS
10
6.2570693700787396
20
-4.5559621259842515
11
6.2550424803149607
21
-4.5529286220472436
0
LINE
8
BLACK
6
CONTINUOUS
10
6.2550424803149607
20
-4.5529286220472436
11
6.254330708661417
21
-4.5493503937007871
0
LINE
8
BLACK
6
CONTINUOUS
10
6.254330708661417
20
-4.5493503937007871
11
6.254330708661417
21
-4.5306496062992121
0
LINE
8
BLACK
6
CONTINUOUS
10
6.254330708661417
20
-4.5306496062992121
11
6.2550424803149607
21
-4.5270713779527556
0
LINE
8
BLACK
6
CONTINUOUS
10
6.2550424803149607
20
-4.5270713779527556
11
6.2570693700787396
21
-4.5240378740157476
0
LINE
8
BLACK
6
CONTINUOUS
10
6.2570693700787396
20
-4.5240378740157476
11
6.2601028740157476
21
-4.5220109842519687
0
LINE
8
BLACK
6
CONTINUOUS
10
6.2601028740157476
20
-4.5220109842519687
11
6.263681102362205
21
-4.521299212598425
0
LINE
8
BLACK
6
CONTINUOUS
10
6.263681102362205
20
-4.521299212598425
11
6.2863188976377948
21
-4.521299212598425
0
LINE
8
BLACK
6
CONTINUOUS
10
6.2863188976377948
20
-4.521299212598425
11
6.2898971259842522
21
-4.5220109842519687
0
LINE
8
BLACK
6
CONTINUOUS
10
5.660881377952756
20
-4.5143338188976374
11
5.663914881889764
21
-4.5163607086614173
0
LINE
8
BLACK
6
CONTINUOUS
10
5.663914881889764
20
-4.5163607086614173
11
5.665941771653543
21
-4.5193942125984252
0
LINE
8
BLACK
6
CONTINUOUS
10
5.665941771653543
20
-4.5193942125984252
11
5.6666535433070866
21
-4.5229724409448817
0
LINE
8
BLACK
6
CONTINUOUS
10
5.6666535433070866
20
-4.5229724409448817
11
5.6666535433070866
21
-4.5456102362204724
0
LINE
8
BLACK
6
CONTINUOUS
10
5.6666535433070866
20
-4.5456102362204724
11
5.665941771653543
21
-4.5491884645669289
0
LINE
8
BLACK
6
CONTINUOUS
10
5.665941771653543
20
-4.5491884645669289
11
5.663914881889764
21
-4.5522219685039369
0
LINE
8
BLACK
6
CONTINUOUS
10
5.663914881889764
20
-4.5522219685039369
11
5.660881377952756
21
-4.5542488582677167
0
LINE
8
BLACK
6
CONTINUOUS
10
5.660881377952756
20
-4.5542488582677167
11
5.6573031496062987
21
-4.5549606299212595
0
LINE
8
BLACK
6
CONTINUOUS
10
5.6573031496062987
20
-4.5549606299212595
11
5.6386023622047245
21
-4.5549606299212595
0
LINE
8
BLACK
6
CONTINUOUS
10
5.6386023622047245
20
-4.5549606299212595
11
5.6350241338582672
21
-4.5542488582677167
0
LINE
8
BLACK
6
CONTINUOUS
10
5.6350241338582672
20
-4.5542488582677167
11
5.6319906299212601
21
-4.5522219685039369
0
LINE
8
BLACK
6
CONTINUOUS
10
5.6319906299212601
20
-4.5522219685039369
11
5.6299637401574802
21
-4.5491884645669289
0
LINE
8
BLACK
6
CONTINUOUS
10
5.6299637401574802
20
-4.5491884645669289
11
5.6292519685039366
21
-4.5456102362204724
0
LINE
8
BLACK
6
CONTINUOUS
10
5.6292519685039366
20
-4.5456102362204724
11
5.6292519685039366
21
-4.5229724409448817
0
LINE
8
BLACK
6
CONTINUOUS
10
5.6292519685039366
20
-4.5229724409448817
11
5.6299637401574802
21
-4.5193942125984252
0
LINE
8
BLACK
6
CONTINUOUS
10
5.6299637401574802
20
-4.5193942125984252
11
5.6319906299212601
21
-4.5163607086614173
0
LINE
8
BLACK
6
CONTINUOUS
10
5.6319906299212601
20
-4.5163607086614173
11
5.6350241338582672
21
-4.5143338188976374
0
LINE
8
BLACK
6
CONTINUOUS
10
5.6350241338582672
20
-4.5143338188976374
11
5.6386023622047245
21
-4.5136220472440947
0
LINE
8
BLACK
6
CONTINUOUS
10
5.6386023622047245
20
-4.5136220472440947
11
5.6573031496062987
21
-4.5136220472440947
0
LINE
8
BLACK
6
CONTINUOUS
10
5.6573031496062987
20
-4.5136220472440947
11
5.660881377952756
21
-4.5143338188976374
0
LINE
8
BLACK
6
CONTINUOUS
10
5.7238735039370079
20
-4.5143338188976374
11
5.7269070078740159
21
-4.5163607086614173
0
LINE
8
BLACK
6
CONTINUOUS
10
5.7269070078740159
20
-4.5163607086614173
11
5.7289338976377948
21
-4.5193942125984252
0
LINE
8
BLACK
6
CONTINUOUS
10
5.7289338976377948
20
-4.5193942125984252
11
5.7296456692913385
21
-4.5229724409448817
0
LINE
8
BLACK
6
CONTINUOUS
10
5.7296456692913385
20
-4.5229724409448817
11
5.7296456692913385
21
-4.5456102362204724
0
LINE
8
BLACK
6
CONTINUOUS
10
5.7296456692913385
20
-4.5456102362204724
11
5.7289338976377948
21
-4.5491884645669289
0
LINE
8
BLACK
6
CONTINUOUS
10
5.7289338976377948
20
-4.5491884645669289
11
5.7269070078740159
21
-4.5522219685039369
0
LINE
8
BLACK
6
CONTINUOUS
10
5.7269070078740159
20
-4.5522219685039369
11
5.7238735039370079
21
-4.5542488582677167
0
LINE
8
BLACK
6
CONTINUOUS
10
5.7238735039370079
20
-4.5542488582677167
11
5.7202952755905514
21
-4.5549606299212595
0
LINE
8
BLACK
6
CONTINUOUS
10
5.7202952755905514
20
-4.5549606299212595
11
5.7015944881889764
21
-4.5549606299212595
0
LINE
8
BLACK
6
CONTINUOUS
10
5.7015944881889764
20
-4.5549606299212595
11
5.6980162598425199
21
-4.5542488582677167
0
LINE
8
BLACK
6
CONTINUOUS
10
5.6980162598425199
20
-4.5542488582677167
11
5.694982755905512
21
-4.5522219685039369
0
LINE
8
BLACK
6
CONTINUOUS
10
5.694982755905512
20
-4.5522219685039369
11
5.6929558661417321
21
-4.5491884645669289
0
LINE
8
BLACK
6
CONTINUOUS
10
5.6929558661417321
20
-4.5491884645669289
11
5.6922440944881885
21
-4.5456102362204724
0
LINE
8
BLACK
6
CONTINUOUS
10
5.6922440944881885
20
-4.5456102362204724
11
5.6922440944881885
21
-4.5229724409448817
0
LINE
8
BLACK
6
CONTINUOUS
10
5.6922440944881885
20
-4.5229724409448817
11
5.6929558661417321
21
-4.5193942125984252
0
LINE
8
BLACK
6
CONTINUOUS
10
5.6929558661417321
20
-4.5193942125984252
11
5.694982755905512
21
-4.5163607086614173
0
LINE
8
BLACK
6
CONTINUOUS
10
5.694982755905512
20
-4.5163607086614173
11
5.6980162598425199
21
-4.5143338188976374
0
LINE
8
BLACK
6
CONTINUOUS
10
5.6980162598425199
20
-4.5143338188976374
11
5.7015944881889764
21
-4.5136220472440947
0
LINE
8
BLACK
6
CONTINUOUS
10
5.7015944881889764
20
-4.5136220472440947
11
5.7202952755905514
21
-4.5136220472440947
0
LINE
8
BLACK
6
CONTINUOUS
10
5.7202952755905514
20
-4.5136220472440947
11
5.7238735039370079
21
-4.5143338188976374
0
LINE
8
BLACK
6
CONTINUOUS
10
6.6644876771653543
20
-4.4999243700787401
11
6.6675211811023622
21
-4.50195125984252
0
LINE
8
BLACK
6
CONTINUOUS
10
6.6675211811023622
20
-4.50195125984252
11
6.6695480708661412
21
-4.5049847637795271
0
LINE
8
BLACK
6
CONTINUOUS
10
6.6695480708661412
20
-4.5049847637795271
11
6.6702598425196848
21
-4.5085629921259844
0
LINE
8
BLACK
6
CONTINUOUS
10
6.6702598425196848
20
-4.5085629921259844
11
6.6702598425196848
21
-4.5312007874015743
0
LINE
8
BLACK
6
CONTINUOUS
10
6.6702598425196848
20
-4.5312007874015743
11
6.6695480708661412
21
-4.5347790157480317
0
LINE
8
BLACK
6
CONTINUOUS
10
6.6695480708661412
20
-4.5347790157480317
11
6.6675211811023622
21
-4.5378125196850396
0
LINE
8
BLACK
6
CONTINUOUS
10
6.6675211811023622
20
-4.5378125196850396
11
6.6644876771653543
21
-4.5398394094488186
0
LINE
8
BLACK
6
CONTINUOUS
10
6.6644876771653543
20
-4.5398394094488186
11
6.6609094488188978
21
-4.5405511811023622
0
LINE
8
BLACK
6
CONTINUOUS
10
6.6609094488188978
20
-4.5405511811023622
11
6.6422086614173228
21
-4.5405511811023622
0
LINE
8
BLACK
6
CONTINUOUS
10
6.6422086614173228
20
-4.5405511811023622
11
6.6386304330708663
21
-4.5398394094488186
0
LINE
8
BLACK
6
CONTINUOUS
10
6.6386304330708663
20
-4.5398394094488186
11
6.6355969291338583
21
-4.5378125196850396
0
LINE
8
BLACK
6
CONTINUOUS
10
6.6355969291338583
20
-4.5378125196850396
11
6.6335700393700785
21
-4.5347790157480317
0
LINE
8
BLACK
6
CONTINUOUS
10
6.6335700393700785
20
-4.5347790157480317
11
6.6328582677165349
21
-4.5312007874015743
0
LINE
8
BLACK
6
CONTINUOUS
10
6.6328582677165349
20
-4.5312007874015743
11
6.6328582677165349
21
-4.5085629921259844
0
LINE
8
BLACK
6
CONTINUOUS
10
6.6328582677165349
20
-4.5085629921259844
11
6.6335700393700785
21
-4.5049847637795271
0
LINE
8
BLACK
6
CONTINUOUS
10
6.6335700393700785
20
-4.5049847637795271
11
6.6355969291338583
21
-4.50195125984252
0
LINE
8
BLACK
6
CONTINUOUS
10
6.6355969291338583
20
-4.50195125984252
11
6.6386304330708663
21
-4.4999243700787401
0
LINE
8
BLACK
6
CONTINUOUS
10
6.6386304330708663
20
-4.4999243700787401
11
6.6422086614173228
21
-4.4992125984251965
0
LINE
8
BLACK
6
CONTINUOUS
10
6.6422086614173228
20
-4.4992125984251965
11
6.6609094488188978
21
-4.4992125984251965
0
LINE
8
BLACK
6
CONTINUOUS
10
6.6609094488188978
20
-4.4992125984251965
11
6.6644876771653543
21
-4.4999243700787401
0
LINE
8
BLACK
6
CONTINUOUS
10
6.4822834645669287
20
-4.5378346456692915
11
6.4665354330708658
21
-4.5378346456692915
0
LINE
8
BLACK
6
CONTINUOUS
10
6.4665354330708658
20
-4.5378346456692915
11
6.4665354330708658
21
-4.5122440944881888
0
LINE
8
BLACK
6
CONTINUOUS
10
6.4665354330708658
20
-4.5122440944881888
11
6.4822834645669287
21
-4.5122440944881888
0
LINE
8
BLACK
6
CONTINUOUS
10
6.4822834645669287
20
-4.5122440944881888
11
6.4822834645669287
21
-4.5378346456692915
0
LINE
8
BLACK
6
CONTINUOUS
10
6.5078740157480315
20
-4.5378346456692915
11
6.4921259842519685
21
-4.5378346456692915
0
LINE
8
BLACK
6
CONTINUOUS
10
6.4921259842519685
20
-4.5378346456692915
11
6.4921259842519685
21
-4.5122440944881888
0
LINE
8
BLACK
6
CONTINUOUS
10
6.4921259842519685
20
-4.5122440944881888
11
6.5078740157480315
21
-4.5122440944881888
0
LINE
8
BLACK
6
CONTINUOUS
10
6.5078740157480315
20
-4.5122440944881888
11
6.5078740157480315
21
-4.5378346456692915
0
LINE
8
BLACK
6
CONTINUOUS
10
6.5334645669291334
20
-4.5378346456692915
11
6.5177165354330704
21
-4.5378346456692915
0
LINE
8
BLACK
6
CONTINUOUS
10
6.5177165354330704
20
-4.5378346456692915
11
6.5177165354330704
21
-4.5122440944881888
0
LINE
8
BLACK
6
CONTINUOUS
10
6.5177165354330704
20
-4.5122440944881888
11
6.5334645669291334
21
-4.5122440944881888
0
LINE
8
BLACK
6
CONTINUOUS
10
6.5334645669291334
20
-4.5122440944881888
11
6.5334645669291334
21
-4.5378346456692915
0
LINE
8
BLACK
6
CONTINUOUS
10
6.8129286220472443
20
-4.4944912992125987
11
6.8159621259842522
21
-4.4965181889763777
0
LINE
8
BLACK
6
CONTINUOUS
10
6.8159621259842522
20
-4.4965181889763777
11
6.8179890157480312
21
-4.4995516929133856
0
LINE
8
BLACK
6
CONTINUOUS
10
6.8179890157480312
20
-4.4995516929133856
11
6.8187007874015748
21
-4.5031299212598421
0
LINE
8
BLACK
6
CONTINUOUS
10
6.8187007874015748
20
-4.5031299212598421
11
6.8187007874015748
21
-4.5257677165354329
0
LINE
8
BLACK
6
CONTINUOUS
10
6.8187007874015748
20
-4.5257677165354329
11
6.8179890157480312
21
-4.5293459448818894
0
LINE
8
BLACK
6
CONTINUOUS
10
6.8179890157480312
20
-4.5293459448818894
11
6.8159621259842522
21
-4.5323794488188973
0
LINE
8
BLACK
6
CONTINUOUS
10
6.8159621259842522
20
-4.5323794488188973
11
6.8129286220472443
21
-4.5344063385826772
0
LINE
8
BLACK
6
CONTINUOUS
10
6.8129286220472443
20
-4.5344063385826772
11
6.8093503937007869
21
-4.5351181102362208
0
LINE
8
BLACK
6
CONTINUOUS
10
6.8093503937007869
20
-4.5351181102362208
11
6.7906496062992128
21
-4.5351181102362208
0
LINE
8
BLACK
6
CONTINUOUS
10
6.7906496062992128
20
-4.5351181102362208
11
6.7870713779527554
21
-4.5344063385826772
0
LINE
8
BLACK
6
CONTINUOUS
10
6.7870713779527554
20
-4.5344063385826772
11
6.7840378740157483
21
-4.5323794488188973
0
LINE
8
BLACK
6
CONTINUOUS
10
6.7840378740157483
20
-4.5323794488188973
11
6.7820109842519685
21
-4.5293459448818894
0
LINE
8
BLACK
6
CONTINUOUS
10
6.7820109842519685
20
-4.5293459448818894
11
6.7812992125984248
21
-4.5257677165354329
0
LINE
8
BLACK
6
CONTINUOUS
10
6.7812992125984248
20
-4.5257677165354329
11
6.7812992125984248
21
-4.5031299212598421
0
LINE
8
BLACK
6
CONTINUOUS
10
6.7812992125984248
20
-4.5031299212598421
11
6.7820109842519685
21
-4.4995516929133856
0
LINE
8
BLACK
6
CONTINUOUS
10
6.7820109842519685
20
-4.4995516929133856
11
6.7840378740157483
21
-4.4965181889763777
0
LINE
8
BLACK
6
CONTINUOUS
10
6.7840378740157483
20
-4.4965181889763777
11
6.7870713779527554
21
-4.4944912992125987
0
LINE
8
BLACK
6
CONTINUOUS
10
6.7870713779527554
20
-4.4944912992125987
11
6.7906496062992128
21
-4.4937795275590551
0
LINE
8
BLACK
6
CONTINUOUS
10
6.7906496062992128
20
-4.4937795275590551
11
6.8093503937007869
21
-4.4937795275590551
0
LINE
8
BLACK
6
CONTINUOUS
10
6.8093503937007869
20
-4.4937795275590551
11
6.8129286220472443
21
-4.4944912992125987
0
LINE
8
BLACK
6
CONTINUOUS
10
6.6644876771653543
20
-4.4310267322834642
11
6.6675211811023622
21
-4.4330536220472441
0
LINE
8
BLACK
6
CONTINUOUS
10
6.6675211811023622
20
-4.4330536220472441
11
6.6695480708661412
21
-4.436087125984252
0
LINE
8
BLACK
6
CONTINUOUS
10
6.6695480708661412
20
-4.436087125984252
11
6.6702598425196848
21
-4.4396653543307085
0
LINE
8
BLACK
6
CONTINUOUS
10
6.6702598425196848
20
-4.4396653543307085
11
6.6702598425196848
21
-4.4623031496062993
0
LINE
8
BLACK
6
CONTINUOUS
10
6.6702598425196848
20
-4.4623031496062993
11
6.6695480708661412
21
-4.4658813779527557
0
LINE
8
BLACK
6
CONTINUOUS
10
6.6695480708661412
20
-4.4658813779527557
11
6.6675211811023622
21
-4.4689148818897637
0
LINE
8
BLACK
6
CONTINUOUS
10
6.6675211811023622
20
-4.4689148818897637
11
6.6644876771653543
21
-4.4709417716535436
0
LINE
8
BLACK
6
CONTINUOUS
10
6.6644876771653543
20
-4.4709417716535436
11
6.6609094488188978
21
-4.4716535433070863
0
LINE
8
BLACK
6
CONTINUOUS
10
6.6609094488188978
20
-4.4716535433070863
11
6.6422086614173228
21
-4.4716535433070863
0
LINE
8
BLACK
6
CONTINUOUS
10
6.6422086614173228
20
-4.4716535433070863
11
6.6386304330708663
21
-4.4709417716535436
0
LINE
8
BLACK
6
CONTINUOUS
10
6.6386304330708663
20
-4.4709417716535436
11
6.6355969291338583
21
-4.4689148818897637
0
LINE
8
BLACK
6
CONTINUOUS
10
6.6355969291338583
20
-4.4689148818897637
11
6.6335700393700785
21
-4.4658813779527557
0
LINE
8
BLACK
6
CONTINUOUS
10
6.6335700393700785
20
-4.4658813779527557
11
6.6328582677165349
21
-4.4623031496062993
0
LINE
8
BLACK
6
CONTINUOUS
10
6.6328582677165349
20
-4.4623031496062993
11
6.6328582677165349
21
-4.4396653543307085
0
LINE
8
BLACK
6
CONTINUOUS
10
6.6328582677165349
20
-4.4396653543307085
11
6.6335700393700785
21
-4.436087125984252
0
LINE
8
BLACK
6
CONTINUOUS
10
6.6335700393700785
20
-4.436087125984252
11
6.6355969291338583
21
-4.4330536220472441
0
LINE
8
BLACK
6
CONTINUOUS
10
6.6355969291338583
20
-4.4330536220472441
11
6.6386304330708663
21
-4.4310267322834642
0
LINE
8
BLACK
6
CONTINUOUS
10
6.6386304330708663
20
-4.4310267322834642
11
6.6422086614173228
21
-4.4303149606299215
0
LINE
8
BLACK
6
CONTINUOUS
10
6.6422086614173228
20
-4.4303149606299215
11
6.6609094488188978
21
-4.4303149606299215
0
LINE
8
BLACK
6
CONTINUOUS
10
6.6609094488188978
20
-4.4303149606299215
11
6.6644876771653543
21
-4.4310267322834642
0
LINE
8
BLACK
6
CONTINUOUS
10
6.5199994881889758
20
-4.4320109842519688
11
6.5230329921259838
21
-4.4340378740157478
0
LINE
8
BLACK
6
CONTINUOUS
10
6.5230329921259838
20
-4.4340378740157478
11
6.5250598818897636
21
-4.4370713779527557
0
LINE
8
BLACK
6
CONTINUOUS
10
6.5250598818897636
20
-4.4370713779527557
11
6.5257716535433072
21
-4.4406496062992122
0
LINE
8
BLACK
6
CONTINUOUS
10
6.5257716535433072
20
-4.4406496062992122
11
6.5257716535433072
21
-4.4593503937007872
0
LINE
8
BLACK
6
CONTINUOUS
10
6.5257716535433072
20
-4.4593503937007872
11
6.5250598818897636
21
-4.4629286220472437
0
LINE
8
BLACK
6
CONTINUOUS
10
6.5250598818897636
20
-4.4629286220472437
11
6.5230329921259838
21
-4.4659621259842517
0
LINE
8
BLACK
6
CONTINUOUS
10
6.5230329921259838
20
-4.4659621259842517
11
6.5199994881889758
21
-4.4679890157480315
0
LINE
8
BLACK
6
CONTINUOUS
10
6.5199994881889758
20
-4.4679890157480315
11
6.5164212598425193
21
-4.4687007874015743
0
LINE
8
BLACK
6
CONTINUOUS
10
6.5164212598425193
20
-4.4687007874015743
11
6.4937834645669286
21
-4.4687007874015743
0
LINE
8
BLACK
6
CONTINUOUS
10
6.4937834645669286
20
-4.4687007874015743
11
6.4902052362204721
21
-4.4679890157480315
0
LINE
8
BLACK
6
CONTINUOUS
10
6.4902052362204721
20
-4.4679890157480315
11
6.4871717322834641
21
-4.4659621259842517
0
LINE
8
BLACK
6
CONTINUOUS
10
6.4871717322834641
20
-4.4659621259842517
11
6.4851448425196851
21
-4.4629286220472437
0
LINE
8
BLACK
6
CONTINUOUS
10
6.4851448425196851
20
-4.4629286220472437
11
6.4844330708661415
21
-4.4593503937007872
0
LINE
8
BLACK
6
CONTINUOUS
10
6.4844330708661415
20
-4.4593503937007872
11
6.4844330708661415
21
-4.4406496062992122
0
LINE
8
BLACK
6
CONTINUOUS
10
6.4844330708661415
20
-4.4406496062992122
11
6.4851448425196851
21
-4.4370713779527557
0
LINE
8
BLACK
6
CONTINUOUS
10
6.4851448425196851
20
-4.4370713779527557
11
6.4871717322834641
21
-4.4340378740157478
0
LINE
8
BLACK
6
CONTINUOUS
10
6.4871717322834641
20
-4.4340378740157478
11
6.4902052362204721
21
-4.4320109842519688
0
LINE
8
BLACK
6
CONTINUOUS
10
6.4902052362204721
20
-4.4320109842519688
11
6.4937834645669286
21
-4.4312992125984252
0
LINE
8
BLACK
6
CONTINUOUS
10
6.4937834645669286
20
-4.4312992125984252
11
6.5164212598425193
21
-4.4312992125984252
0
LINE
8
BLACK
6
CONTINUOUS
10
6.5164212598425193
20
-4.4312992125984252
11
6.5199994881889758
21
-4.4320109842519688
0
LINE
8
BLACK
6
CONTINUOUS
10
6.5888971259842517
20
-4.4320109842519688
11
6.5919306299212597
21
-4.4340378740157478
0
LINE
8
BLACK
6
CONTINUOUS
10
6.5919306299212597
20
-4.4340378740157478
11
6.5939575196850395
21
-4.4370713779527557
0
LINE
8
BLACK
6
CONTINUOUS
10
6.5939575196850395
20
-4.4370713779527557
11
6.5946692913385823
21
-4.4406496062992122
0
LINE
8
BLACK
6
CONTINUOUS
10
6.5946692913385823
20
-4.4406496062992122
11
6.5946692913385823
21
-4.4593503937007872
0
LINE
8
BLACK
6
CONTINUOUS
10
6.5946692913385823
20
-4.4593503937007872
11
6.5939575196850395
21
-4.4629286220472437
0
LINE
8
BLACK
6
CONTINUOUS
10
6.5939575196850395
20
-4.4629286220472437
11
6.5919306299212597
21
-4.4659621259842517
0
LINE
8
BLACK
6
CONTINUOUS
10
6.5919306299212597
20
-4.4659621259842517
11
6.5888971259842517
21
-4.4679890157480315
0
LINE
8
BLACK
6
CONTINUOUS
10
6.5888971259842517
20
-4.4679890157480315
11
6.5853188976377952
21
-4.4687007874015743
0
LINE
8
BLACK
6
CONTINUOUS
10
6.5853188976377952
20
-4.4687007874015743
11
6.5626811023622045
21
-4.4687007874015743
0
LINE
8
BLACK
6
CONTINUOUS
10
6.5626811023622045
20
-4.4687007874015743
11
6.559102874015748
21
-4.4679890157480315
0
LINE
8
BLACK
6
CONTINUOUS
10
6.559102874015748
20
-4.4679890157480315
11
6.55606937007874
21
-4.4659621259842517
0
LINE
8
BLACK
6
CONTINUOUS
10
6.55606937007874
20
-4.4659621259842517
11
6.5540424803149602
21
-4.4629286220472437
0
LINE
8
BLACK
6
CONTINUOUS
10
6.5540424803149602
20
-4.4629286220472437
11
6.5533307086614174
21
-4.4593503937007872
0
LINE
8
BLACK
6
CONTINUOUS
10
6.5533307086614174
20
-4.4593503937007872
11
6.5533307086614174
21
-4.4406496062992122
0
LINE
8
BLACK
6
CONTINUOUS
10
6.5533307086614174
20
-4.4406496062992122
11
6.5540424803149602
21
-4.4370713779527557
0
LINE
8
BLACK
6
CONTINUOUS
10
6.5540424803149602
20
-4.4370713779527557
11
6.55606937007874
21
-4.4340378740157478
0
LINE
8
BLACK
6
CONTINUOUS
10
6.55606937007874
20
-4.4340378740157478
11
6.559102874015748
21
-4.4320109842519688
0
LINE
8
BLACK
6
CONTINUOUS
10
6.559102874015748
20
-4.4320109842519688
11
6.5626811023622045
21
-4.4312992125984252
0
LINE
8
BLACK
6
CONTINUOUS
10
6.5626811023622045
20
-4.4312992125984252
11
6.5853188976377952
21
-4.4312992125984252
0
LINE
8
BLACK
6
CONTINUOUS
10
6.5853188976377952
20
-4.4312992125984252
11
6.5888971259842517
21
-4.4320109842519688
0
LINE
8
BLACK
6
CONTINUOUS
10
6.8129286220472443
20
-4.4255936614173228
11
6.8159621259842522
21
-4.4276205511811026
0
LINE
8
BLACK
6
CONTINUOUS
10
6.8159621259842522
20
-4.4276205511811026
11
6.8179890157480312
21
-4.4306540551181097
0
LINE
8
BLACK
6
CONTINUOUS
10
6.8179890157480312
20
-4.4306540551181097
11
6.8187007874015748
21
-4.4342322834645671
0
LINE
8
BLACK
6
CONTINUOUS
10
6.8187007874015748
20
-4.4342322834645671
11
6.8187007874015748
21
-4.4568700787401569
0
LINE
8
BLACK
6
CONTINUOUS
10
6.8187007874015748
20
-4.4568700787401569
11
6.8179890157480312
21
-4.4604483070866143
0
LINE
8
BLACK
6
CONTINUOUS
10
6.8179890157480312
20
-4.4604483070866143
11
6.8159621259842522
21
-4.4634818110236223
0
LINE
8
BLACK
6
CONTINUOUS
10
6.8159621259842522
20
-4.4634818110236223
11
6.8129286220472443
21
-4.4655087007874013
0
LINE
8
BLACK
6
CONTINUOUS
10
6.8129286220472443
20
-4.4655087007874013
11
6.8093503937007869
21
-4.4662204724409449
0
LINE
8
BLACK
6
CONTINUOUS
10
6.8093503937007869
20
-4.4662204724409449
11
6.7906496062992128
21
-4.4662204724409449
0
LINE
8
BLACK
6
CONTINUOUS
10
6.7906496062992128
20
-4.4662204724409449
11
6.7870713779527554
21
-4.4655087007874013
0
LINE
8
BLACK
6
CONTINUOUS
10
6.7870713779527554
20
-4.4655087007874013
11
6.7840378740157483
21
-4.4634818110236223
0
LINE
8
BLACK
6
CONTINUOUS
10
6.7840378740157483
20
-4.4634818110236223
11
6.7820109842519685
21
-4.4604483070866143
0
LINE
8
BLACK
6
CONTINUOUS
10
6.7820109842519685
20
-4.4604483070866143
11
6.7812992125984248
21
-4.4568700787401569
0
LINE
8
BLACK
6
CONTINUOUS
10
6.7812992125984248
20
-4.4568700787401569
11
6.7812992125984248
21
-4.4342322834645671
0
LINE
8
BLACK
6
CONTINUOUS
10
6.7812992125984248
20
-4.4342322834645671
11
6.7820109842519685
21
-4.4306540551181097
0
LINE
8
BLACK
6
CONTINUOUS
10
6.7820109842519685
20
-4.4306540551181097
11
6.7840378740157483
21
-4.4276205511811026
0
LINE
8
BLACK
6
CONTINUOUS
10
6.7840378740157483
20
-4.4276205511811026
11
6.7870713779527554
21
-4.4255936614173228
0
LINE
8
BLACK
6
CONTINUOUS
10
6.7870713779527554
20
-4.4255936614173228
11
6.7906496062992128
21
-4.4248818897637792
0
LINE
8
BLACK
6
CONTINUOUS
10
6.7906496062992128
20
-4.4248818897637792
11
6.8093503937007869
21
-4.4248818897637792
0
LINE
8
BLACK
6
CONTINUOUS
10
6.8093503937007869
20
-4.4248818897637792
11
6.8129286220472443
21
-4.4255936614173228
0
LINE
8
BLACK
6
CONTINUOUS
10
6.719234094488189
20
-4.4378436220472439
11
6.7211180314960632
21
-4.4391024409448816
0
LINE
8
BLACK
6
CONTINUOUS
10
6.7211180314960632
20
-4.4391024409448816
11
6.7223768503937009
21
-4.4409863779527559
0
LINE
8
BLACK
6
CONTINUOUS
10
6.7223768503937009
20
-4.4409863779527559
11
6.7228188976377954
21
-4.443208661417323
0
LINE
8
BLACK
6
CONTINUOUS
10
6.7228188976377954
20
-4.443208661417323
11
6.7228188976377954
21
-4.4567913385826774
0
LINE
8
BLACK
6
CONTINUOUS
10
6.7228188976377954
20
-4.4567913385826774
11
6.7223768503937009
21
-4.4590136220472436
0
LINE
8
BLACK
6
CONTINUOUS
10
6.7223768503937009
20
-4.4590136220472436
11
6.7211180314960632
21
-4.4608975590551179
0
LINE
8
BLACK
6
CONTINUOUS
10
6.7211180314960632
20
-4.4608975590551179
11
6.719234094488189
21
-4.4621563779527555
0
LINE
8
BLACK
6
CONTINUOUS
10
6.719234094488189
20
-4.4621563779527555
11
6.7170118110236219
21
-4.46259842519685
0
LINE
8
BLACK
6
CONTINUOUS
10
6.7170118110236219
20
-4.46259842519685
11
6.7053976377952758
21
-4.46259842519685
0
LINE
8
BLACK
6
CONTINUOUS
10
6.7053976377952758
20
-4.46259842519685
11
6.7031753543307087
21
-4.4621563779527555
0
LINE
8
BLACK
6
CONTINUOUS
10
6.7031753543307087
20
-4.4621563779527555
11
6.7012914173228344
21
-4.4608975590551179
0
LINE
8
BLACK
6
CONTINUOUS
10
6.7012914173228344
20
-4.4608975590551179
11
6.7000325984251967
21
-4.4590136220472436
0
LINE
8
BLACK
6
CONTINUOUS
10
6.7000325984251967
20
-4.4590136220472436
11
6.6995905511811022
21
-4.4567913385826774
0
LINE
8
BLACK
6
CONTINUOUS
10
6.6995905511811022
20
-4.4567913385826774
11
6.6995905511811022
21
-4.443208661417323
0
LINE
8
BLACK
6
CONTINUOUS
10
6.6995905511811022
20
-4.443208661417323
11
6.7000325984251967
21
-4.4409863779527559
0
LINE
8
BLACK
6
CONTINUOUS
10
6.7000325984251967
20
-4.4409863779527559
11
6.7012914173228344
21
-4.4391024409448816
0
LINE
8
BLACK
6
CONTINUOUS
10
6.7012914173228344
20
-4.4391024409448816
11
6.7031753543307087
21
-4.4378436220472439
0
LINE
8
BLACK
6
CONTINUOUS
10
6.7031753543307087
20
-4.4378436220472439
11
6.7053976377952758
21
-4.4374015748031495
0
LINE
8
BLACK
6
CONTINUOUS
10
6.7053976377952758
20
-4.4374015748031495
11
6.7170118110236219
21
-4.4374015748031495
0
LINE
8
BLACK
6
CONTINUOUS
10
6.7170118110236219
20
-4.4374015748031495
11
6.719234094488189
21
-4.4378436220472439
0
LINE
8
BLACK
6
CONTINUOUS
10
6.7574230708661416
20
-4.4378436220472439
11
6.7593070078740158
21
-4.4391024409448816
0
LINE
8
BLACK
6
CONTINUOUS
10
6.7593070078740158
20
-4.4391024409448816
11
6.7605658267716535
21
-4.4409863779527559
0
LINE
8
BLACK
6
CONTINUOUS
10
6.7605658267716535
20
-4.4409863779527559
11
6.761007874015748
21
-4.443208661417323
0
LINE
8
BLACK
6
CONTINUOUS
10
6.761007874015748
20
-4.443208661417323
11
6.761007874015748
21
-4.4567913385826774
0
LINE
8
BLACK
6
CONTINUOUS
10
6.761007874015748
20
-4.4567913385826774
11
6.7605658267716535
21
-4.4590136220472436
0
LINE
8
BLACK
6
CONTINUOUS
10
6.7605658267716535
20
-4.4590136220472436
11
6.7593070078740158
21
-4.4608975590551179
0
LINE
8
BLACK
6
CONTINUOUS
10
6.7593070078740158
20
-4.4608975590551179
11
6.7574230708661416
21
-4.4621563779527555
0
LINE
8
BLACK
6
CONTINUOUS
10
6.7574230708661416
20
-4.4621563779527555
11
6.7552007874015745
21
-4.46259842519685
0
LINE
8
BLACK
6
CONTINUOUS
10
6.7552007874015745
20
-4.46259842519685
11
6.7435866141732284
21
-4.46259842519685
0
LINE
8
BLACK
6
CONTINUOUS
10
6.7435866141732284
20
-4.46259842519685
11
6.7413643307086613
21
-4.4621563779527555
0
LINE
8
BLACK
6
CONTINUOUS
10
6.7413643307086613
20
-4.4621563779527555
11
6.739480393700787
21
-4.4608975590551179
0
LINE
8
BLACK
6
CONTINUOUS
10
6.739480393700787
20
-4.4608975590551179
11
6.7382215748031493
21
-4.4590136220472436
0
LINE
8
BLACK
6
CONTINUOUS
10
6.7382215748031493
20
-4.4590136220472436
11
6.7377795275590548
21
-4.4567913385826774
0
LINE
8
BLACK
6
CONTINUOUS
10
6.7377795275590548
20
-4.4567913385826774
11
6.7377795275590548
21
-4.443208661417323
0
LINE
8
BLACK
6
CONTINUOUS
10
6.7377795275590548
20
-4.443208661417323
11
6.7382215748031493
21
-4.4409863779527559
0
LINE
8
BLACK
6
CONTINUOUS
10
6.7382215748031493
20
-4.4409863779527559
11
6.739480393700787
21
-4.4391024409448816
0
LINE
8
BLACK
6
CONTINUOUS
10
6.739480393700787
20
-4.4391024409448816
11
6.7413643307086613
21
-4.4378436220472439
0
LINE
8
BLACK
6
CONTINUOUS
10
6.7413643307086613
20
-4.4378436220472439
11
6.7435866141732284
21
-4.4374015748031495
0
LINE
8
BLACK
6
CONTINUOUS
10
6.7435866141732284
20
-4.4374015748031495
11
6.7552007874015745
21
-4.4374015748031495
0
LINE
8
BLACK
6
CONTINUOUS
10
6.7552007874015745
20
-4.4374015748031495
11
6.7574230708661416
21
-4.4378436220472439
0
LINE
8
BLACK
6
CONTINUOUS
10
6.3109994881889762
20
-4.3970109842519687
11
6.3140329921259841
21
-4.3990378740157476
0
LINE
8
BLACK
6
CONTINUOUS
10
6.3140329921259841
20
-4.3990378740157476
11
6.316059881889764
21
-4.4020713779527556
0
LINE
8
BLACK
6
CONTINUOUS
10
6.316059881889764
20
-4.4020713779527556
11
6.3167716535433067
21
-4.4056496062992121
0
LINE
8
BLACK
6
CONTINUOUS
10
6.3167716535433067
20
-4.4056496062992121
11
6.3167716535433067
21
-4.4243503937007871
0
LINE
8
BLACK
6
CONTINUOUS
10
6.3167716535433067
20
-4.4243503937007871
11
6.316059881889764
21
-4.4279286220472436
0
LINE
8
BLACK
6
CONTINUOUS
10
6.316059881889764
20
-4.4279286220472436
11
6.3140329921259841
21
-4.4309621259842515
0
LINE
8
BLACK
6
CONTINUOUS
10
6.3140329921259841
20
-4.4309621259842515
11
6.3109994881889762
21
-4.4329890157480314
0
LINE
8
BLACK
6
CONTINUOUS
10
6.3109994881889762
20
-4.4329890157480314
11
6.3074212598425197
21
-4.433700787401575
0
LINE
8
BLACK
6
CONTINUOUS
10
6.3074212598425197
20
-4.433700787401575
11
6.2847834645669289
21
-4.433700787401575
0
LINE
8
BLACK
6
CONTINUOUS
10
6.2847834645669289
20
-4.433700787401575
11
6.2812052362204724
21
-4.4329890157480314
0
LINE
8
BLACK
6
CONTINUOUS
10
6.2812052362204724
20
-4.4329890157480314
11
6.2781717322834645
21
-4.4309621259842515
0
LINE
8
BLACK
6
CONTINUOUS
10
6.2781717322834645
20
-4.4309621259842515
11
6.2761448425196846
21
-4.4279286220472436
0
LINE
8
BLACK
6
CONTINUOUS
10
6.2761448425196846
20
-4.4279286220472436
11
6.2754330708661419
21
-4.4243503937007871
0
LINE
8
BLACK
6
CONTINUOUS
10
6.2754330708661419
20
-4.4243503937007871
11
6.2754330708661419
21
-4.4056496062992121
0
LINE
8
BLACK
6
CONTINUOUS
10
6.2754330708661419
20
-4.4056496062992121
11
6.2761448425196846
21
-4.4020713779527556
0
LINE
8
BLACK
6
CONTINUOUS
10
6.2761448425196846
20
-4.4020713779527556
11
6.2781717322834645
21
-4.3990378740157476
0
LINE
8
BLACK
6
CONTINUOUS
10
6.2781717322834645
20
-4.3990378740157476
11
6.2812052362204724
21
-4.3970109842519687
0
LINE
8
BLACK
6
CONTINUOUS
10
6.2812052362204724
20
-4.3970109842519687
11
6.2847834645669289
21
-4.396299212598425
0
LINE
8
BLACK
6
CONTINUOUS
10
6.2847834645669289
20
-4.396299212598425
11
6.3074212598425197
21
-4.396299212598425
0
LINE
8
BLACK
6
CONTINUOUS
10
6.3074212598425197
20
-4.396299212598425
11
6.3109994881889762
21
-4.3970109842519687
0
LINE
8
BLACK
6
CONTINUOUS
10
6.3798971259842521
20
-4.3970109842519687
11
6.38293062992126
21
-4.3990378740157476
0
LINE
8
BLACK
6
CONTINUOUS
10
6.38293062992126
20
-4.3990378740157476
11
6.384957519685039
21
-4.4020713779527556
0
LINE
8
BLACK
6
CONTINUOUS
10
6.384957519685039
20
-4.4020713779527556
11
6.3856692913385826
21
-4.4056496062992121
0
LINE
8
BLACK
6
CONTINUOUS
10
6.3856692913385826
20
-4.4056496062992121
11
6.3856692913385826
21
-4.4243503937007871
0
LINE
8
BLACK
6
CONTINUOUS
10
6.3856692913385826
20
-4.4243503937007871
11
6.384957519685039
21
-4.4279286220472436
0
LINE
8
BLACK
6
CONTINUOUS
10
6.384957519685039
20
-4.4279286220472436
11
6.38293062992126
21
-4.4309621259842515
0
LINE
8
BLACK
6
CONTINUOUS
10
6.38293062992126
20
-4.4309621259842515
11
6.3798971259842521
21
-4.4329890157480314
0
LINE
8
BLACK
6
CONTINUOUS
10
6.3798971259842521
20
-4.4329890157480314
11
6.3763188976377947
21
-4.433700787401575
0
LINE
8
BLACK
6
CONTINUOUS
10
6.3763188976377947
20
-4.433700787401575
11
6.3536811023622048
21
-4.433700787401575
0
LINE
8
BLACK
6
CONTINUOUS
10
6.3536811023622048
20
-4.433700787401575
11
6.3501028740157475
21
-4.4329890157480314
0
LINE
8
BLACK
6
CONTINUOUS
10
6.3501028740157475
20
-4.4329890157480314
11
6.3470693700787404
21
-4.4309621259842515
0
LINE
8
BLACK
6
CONTINUOUS
10
6.3470693700787404
20
-4.4309621259842515
11
6.3450424803149605
21
-4.4279286220472436
0
LINE
8
BLACK
6
CONTINUOUS
10
6.3450424803149605
20
-4.4279286220472436
11
6.3443307086614169
21
-4.4243503937007871
0
LINE
8
BLACK
6
CONTINUOUS
10
6.3443307086614169
20
-4.4243503937007871
11
6.3443307086614169
21
-4.4056496062992121
0
LINE
8
BLACK
6
CONTINUOUS
10
6.3443307086614169
20
-4.4056496062992121
11
6.3450424803149605
21
-4.4020713779527556
0
LINE
8
BLACK
6
CONTINUOUS
10
6.3450424803149605
20
-4.4020713779527556
11
6.3470693700787404
21
-4.3990378740157476
0
LINE
8
BLACK
6
CONTINUOUS
10
6.3470693700787404
20
-4.3990378740157476
11
6.3501028740157475
21
-4.3970109842519687
0
LINE
8
BLACK
6
CONTINUOUS
10
6.3501028740157475
20
-4.3970109842519687
11
6.3536811023622048
21
-4.396299212598425
0
LINE
8
BLACK
6
CONTINUOUS
10
6.3536811023622048
20
-4.396299212598425
11
6.3763188976377947
21
-4.396299212598425
0
LINE
8
BLACK
6
CONTINUOUS
10
6.3763188976377947
20
-4.396299212598425
11
6.3798971259842521
21
-4.3970109842519687
0
LINE
8
BLACK
6
CONTINUOUS
10
5.7339128740157479
20
-4.3620109842519685
11
5.7369463779527559
21
-4.3640378740157475
0
LINE
8
BLACK
6
CONTINUOUS
10
5.7369463779527559
20
-4.3640378740157475
11
5.7389732677165357
21
-4.3670713779527555
0
LINE
8
BLACK
6
CONTINUOUS
10
5.7389732677165357
20
-4.3670713779527555
11
5.7396850393700785
21
-4.3706496062992128
0
LINE
8
BLACK
6
CONTINUOUS
10
5.7396850393700785
20
-4.3706496062992128
11
5.7396850393700785
21
-4.3893503937007869
0
LINE
8
BLACK
6
CONTINUOUS
10
5.7396850393700785
20
-4.3893503937007869
11
5.7389732677165357
21
-4.3929286220472443
0
LINE
8
BLACK
6
CONTINUOUS
10
5.7389732677165357
20
-4.3929286220472443
11
5.7369463779527559
21
-4.3959621259842523
0
LINE
8
BLACK
6
CONTINUOUS
10
5.7369463779527559
20
-4.3959621259842523
11
5.7339128740157479
21
-4.3979890157480312
0
LINE
8
BLACK
6
CONTINUOUS
10
5.7339128740157479
20
-4.3979890157480312
11
5.7303346456692914
21
-4.3987007874015749
0
LINE
8
BLACK
6
CONTINUOUS
10
5.7303346456692914
20
-4.3987007874015749
11
5.7076968503937007
21
-4.3987007874015749
0
LINE
8
BLACK
6
CONTINUOUS
10
5.7076968503937007
20
-4.3987007874015749
11
5.7041186220472442
21
-4.3979890157480312
0
LINE
8
BLACK
6
CONTINUOUS
10
5.7041186220472442
20
-4.3979890157480312
11
5.7010851181102362
21
-4.3959621259842523
0
LINE
8
BLACK
6
CONTINUOUS
10
5.7010851181102362
20
-4.3959621259842523
11
5.6990582283464564
21
-4.3929286220472443
0
LINE
8
BLACK
6
CONTINUOUS
10
5.6990582283464564
20
-4.3929286220472443
11
5.6983464566929136
21
-4.3893503937007869
0
LINE
8
BLACK
6
CONTINUOUS
10
5.6983464566929136
20
-4.3893503937007869
11
5.6983464566929136
21
-4.3706496062992128
0
LINE
8
BLACK
6
CONTINUOUS
10
5.6983464566929136
20
-4.3706496062992128
11
5.6990582283464564
21
-4.3670713779527555
0
LINE
8
BLACK
6
CONTINUOUS
10
5.6990582283464564
20
-4.3670713779527555
11
5.7010851181102362
21
-4.3640378740157475
0
LINE
8
BLACK
6
CONTINUOUS
10
5.7010851181102362
20
-4.3640378740157475
11
5.7041186220472442
21
-4.3620109842519685
0
LINE
8
BLACK
6
CONTINUOUS
10
5.7041186220472442
20
-4.3620109842519685
11
5.7076968503937007
21
-4.3612992125984249
0
LINE
8
BLACK
6
CONTINUOUS
10
5.7076968503937007
20
-4.3612992125984249
11
5.7303346456692914
21
-4.3612992125984249
0
LINE
8
BLACK
6
CONTINUOUS
10
5.7303346456692914
20
-4.3612992125984249
11
5.7339128740157479
21
-4.3620109842519685
0
LINE
8
BLACK
6
CONTINUOUS
10
5.8028105118110238
20
-4.3620109842519685
11
5.8058440157480318
21
-4.3640378740157475
0
LINE
8
BLACK
6
CONTINUOUS
10
5.8058440157480318
20
-4.3640378740157475
11
5.8078709055118107
21
-4.3670713779527555
0
LINE
8
BLACK
6
CONTINUOUS
10
5.8078709055118107
20
-4.3670713779527555
11
5.8085826771653544
21
-4.3706496062992128
0
LINE
8
BLACK
6
CONTINUOUS
10
5.8085826771653544
20
-4.3706496062992128
11
5.8085826771653544
21
-4.3893503937007869
0
LINE
8
BLACK
6
CONTINUOUS
10
5.8085826771653544
20
-4.3893503937007869
11
5.8078709055118107
21
-4.3929286220472443
0
LINE
8
BLACK
6
CONTINUOUS
10
5.8078709055118107
20
-4.3929286220472443
11
5.8058440157480318
21
-4.3959621259842523
0
LINE
8
BLACK
6
CONTINUOUS
10
5.8058440157480318
20
-4.3959621259842523
11
5.8028105118110238
21
-4.3979890157480312
0
LINE
8
BLACK
6
CONTINUOUS
10
5.8028105118110238
20
-4.3979890157480312
11
5.7992322834645664
21
-4.3987007874015749
0
LINE
8
BLACK
6
CONTINUOUS
10
5.7992322834645664
20
-4.3987007874015749
11
5.7765944881889766
21
-4.3987007874015749
0
LINE
8
BLACK
6
CONTINUOUS
10
5.7765944881889766
20
-4.3987007874015749
11
5.7730162598425192
21
-4.3979890157480312
0
LINE
8
BLACK
6
CONTINUOUS
10
5.7730162598425192
20
-4.3979890157480312
11
5.7699827559055112
21
-4.3959621259842523
0
LINE
8
BLACK
6
CONTINUOUS
10
5.7699827559055112
20
-4.3959621259842523
11
5.7679558661417323
21
-4.3929286220472443
0
LINE
8
BLACK
6
CONTINUOUS
10
5.7679558661417323
20
-4.3929286220472443
11
5.7672440944881886
21
-4.3893503937007869
0
LINE
8
BLACK
6
CONTINUOUS
10
5.7672440944881886
20
-4.3893503937007869
11
5.7672440944881886
21
-4.3706496062992128
0
LINE
8
BLACK
6
CONTINUOUS
10
5.7672440944881886
20
-4.3706496062992128
11
5.7679558661417323
21
-4.3670713779527555
0
LINE
8
BLACK
6
CONTINUOUS
10
5.7679558661417323
20
-4.3670713779527555
11
5.7699827559055112
21
-4.3640378740157475
0
LINE
8
BLACK
6
CONTINUOUS
10
5.7699827559055112
20
-4.3640378740157475
11
5.7730162598425192
21
-4.3620109842519685
0
LINE
8
BLACK
6
CONTINUOUS
10
5.7730162598425192
20
-4.3620109842519685
11
5.7765944881889766
21
-4.3612992125984249
0
LINE
8
BLACK
6
CONTINUOUS
10
5.7765944881889766
20
-4.3612992125984249
11
5.7992322834645664
21
-4.3612992125984249
0
LINE
8
BLACK
6
CONTINUOUS
10
5.7992322834645664
20
-4.3612992125984249
11
5.8028105118110238
21
-4.3620109842519685
0
LINE
8
BLACK
6
CONTINUOUS
10
5.6589173228346459
20
-4.3877559055118107
11
5.6039173228346453
21
-4.3877559055118107
0
LINE
8
BLACK
6
CONTINUOUS
10
5.6039173228346453
20
-4.3877559055118107
11
5.6039173228346453
21
-4.3527559055118106
0
LINE
8
BLACK
6
CONTINUOUS
10
5.6039173228346453
20
-4.3527559055118106
11
5.6589173228346459
21
-4.3527559055118106
0
LINE
8
BLACK
6
CONTINUOUS
10
5.6589173228346459
20
-4.3527559055118106
11
5.6589173228346459
21
-4.3877559055118107
0
LINE
8
BLACK
6
CONTINUOUS
10
5.4869291338582675
20
-4.3829527559055119
11
5.4451968503937005
21
-4.3829527559055119
0
LINE
8
BLACK
6
CONTINUOUS
10
5.4451968503937005
20
-4.3829527559055119
11
5.4451968503937005
21
-4.3573622047244092
0
LINE
8
BLACK
6
CONTINUOUS
10
5.4451968503937005
20
-4.3573622047244092
11
5.4869291338582675
21
-4.3573622047244092
0
LINE
8
BLACK
6
CONTINUOUS
10
5.4869291338582675
20
-4.3573622047244092
11
5.4869291338582675
21
-4.3829527559055119
0
LINE
8
BLACK
6
CONTINUOUS
10
5.5735433070866138
20
-4.3829527559055119
11
5.5318110236220468
21
-4.3829527559055119
0
LINE
8
BLACK
6
CONTINUOUS
10
5.5318110236220468
20
-4.3829527559055119
11
5.5318110236220468
21
-4.3573622047244092
0
LINE
8
BLACK
6
CONTINUOUS
10
5.5318110236220468
20
-4.3573622047244092
11
5.5735433070866138
21
-4.3573622047244092
0
LINE
8
BLACK
6
CONTINUOUS
10
5.5735433070866138
20
-4.3573622047244092
11
5.5735433070866138
21
-4.3829527559055119
0
LINE
8
BLACK
6
CONTINUOUS
10
5.4074999999999998
20
-4.3774999999999995
11
5.3525
21
-4.3774999999999995
0
LINE
8
BLACK
6
CONTINUOUS
10
5.3525
20
-4.3774999999999995
11
5.3525
21
-4.3425000000000002
0
LINE
8
BLACK
6
CONTINUOUS
10
5.3525
20
-4.3425000000000002
11
5.4074999999999998
21
-4.3425000000000002
0
LINE
8
BLACK
6
CONTINUOUS
10
5.4074999999999998
20
-4.3425000000000002
11
5.4074999999999998
21
-4.3774999999999995
0
LINE
8
BLACK
6
CONTINUOUS
10
6.4049000787401571
20
-4.3219547637795275
11
6.4076940944881891
21
-4.3238216535433072
0
LINE
8
BLACK
6
CONTINUOUS
10
6.4076940944881891
20
-4.3238216535433072
11
6.4095609842519687
21
-4.3266156692913382
0
LINE
8
BLACK
6
CONTINUOUS
10
6.4095609842519687
20
-4.3266156692913382
11
6.4102165354330705
21
-4.3299114173228341
0
LINE
8
BLACK
6
CONTINUOUS
10
6.4102165354330705
20
-4.3299114173228341
11
6.4102165354330705
21
-4.3500885826771656
0
LINE
8
BLACK
6
CONTINUOUS
10
6.4102165354330705
20
-4.3500885826771656
11
6.4095609842519687
21
-4.3533843307086615
0
LINE
8
BLACK
6
CONTINUOUS
10
6.4095609842519687
20
-4.3533843307086615
11
6.4076940944881891
21
-4.3561783464566926
0
LINE
8
BLACK
6
CONTINUOUS
10
6.4076940944881891
20
-4.3561783464566926
11
6.4049000787401571
21
-4.3580452362204722
0
LINE
8
BLACK
6
CONTINUOUS
10
6.4049000787401571
20
-4.3580452362204722
11
6.4016043307086612
21
-4.3587007874015748
0
LINE
8
BLACK
6
CONTINUOUS
10
6.4016043307086612
20
-4.3587007874015748
11
6.3843799212598427
21
-4.3587007874015748
0
LINE
8
BLACK
6
CONTINUOUS
10
6.3843799212598427
20
-4.3587007874015748
11
6.3810841732283459
21
-4.3580452362204722
0
LINE
8
BLACK
6
CONTINUOUS
10
6.3810841732283459
20
-4.3580452362204722
11
6.3782901574803148
21
-4.3561783464566926
0
LINE
8
BLACK
6
CONTINUOUS
10
6.3782901574803148
20
-4.3561783464566926
11
6.3764232677165351
21
-4.3533843307086615
0
LINE
8
BLACK
6
CONTINUOUS
10
6.3764232677165351
20
-4.3533843307086615
11
6.3757677165354325
21
-4.3500885826771656
0
LINE
8
BLACK
6
CONTINUOUS
10
6.3757677165354325
20
-4.3500885826771656
11
6.3757677165354325
21
-4.3299114173228341
0
LINE
8
BLACK
6
CONTINUOUS
10
6.3757677165354325
20
-4.3299114173228341
11
6.3764232677165351
21
-4.3266156692913382
0
LINE
8
BLACK
6
CONTINUOUS
10
6.3764232677165351
20
-4.3266156692913382
11
6.3782901574803148
21
-4.3238216535433072
0
LINE
8
BLACK
6
CONTINUOUS
10
6.3782901574803148
20
-4.3238216535433072
11
6.3810841732283459
21
-4.3219547637795275
0
LINE
8
BLACK
6
CONTINUOUS
10
6.3810841732283459
20
-4.3219547637795275
11
6.3843799212598427
21
-4.3212992125984249
0
LINE
8
BLACK
6
CONTINUOUS
10
6.3843799212598427
20
-4.3212992125984249
11
6.4016043307086612
21
-4.3212992125984249
0
LINE
8
BLACK
6
CONTINUOUS
10
6.4016043307086612
20
-4.3212992125984249
11
6.4049000787401571
21
-4.3219547637795275
0
LINE
8
BLACK
6
CONTINUOUS
10
6.4669079527559052
20
-4.3219547637795275
11
6.4697019685039372
21
-4.3238216535433072
0
LINE
8
BLACK
6
CONTINUOUS
10
6.4697019685039372
20
-4.3238216535433072
11
6.471568858267716
21
-4.3266156692913382
0
LINE
8
BLACK
6
CONTINUOUS
10
6.471568858267716
20
-4.3266156692913382
11
6.4722244094488186
21
-4.3299114173228341
0
LINE
8
BLACK
6
CONTINUOUS
10
6.4722244094488186
20
-4.3299114173228341
11
6.4722244094488186
21
-4.3500885826771656
0
LINE
8
BLACK
6
CONTINUOUS
10
6.4722244094488186
20
-4.3500885826771656
11
6.471568858267716
21
-4.3533843307086615
0
LINE
8
BLACK
6
CONTINUOUS
10
6.471568858267716
20
-4.3533843307086615
11
6.4697019685039372
21
-4.3561783464566926
0
LINE
8
BLACK
6
CONTINUOUS
10
6.4697019685039372
20
-4.3561783464566926
11
6.4669079527559052
21
-4.3580452362204722
0
LINE
8
BLACK
6
CONTINUOUS
10
6.4669079527559052
20
-4.3580452362204722
11
6.4636122047244093
21
-4.3587007874015748
0
LINE
8
BLACK
6
CONTINUOUS
10
6.4636122047244093
20
-4.3587007874015748
11
6.4463877952755908
21
-4.3587007874015748
0
LINE
8
BLACK
6
CONTINUOUS
10
6.4463877952755908
20
-4.3587007874015748
11
6.443092047244094
21
-4.3580452362204722
0
LINE
8
BLACK
6
CONTINUOUS
10
6.443092047244094
20
-4.3580452362204722
11
6.4402980314960629
21
-4.3561783464566926
0
LINE
8
BLACK
6
CONTINUOUS
10
6.4402980314960629
20
-4.3561783464566926
11
6.4384311417322833
21
-4.3533843307086615
0
LINE
8
BLACK
6
CONTINUOUS
10
6.4384311417322833
20
-4.3533843307086615
11
6.4377755905511806
21
-4.3500885826771656
0
LINE
8
BLACK
6
CONTINUOUS
10
6.4377755905511806
20
-4.3500885826771656
11
6.4377755905511806
21
-4.3299114173228341
0
LINE
8
BLACK
6
CONTINUOUS
10
6.4377755905511806
20
-4.3299114173228341
11
6.4384311417322833
21
-4.3266156692913382
0
LINE
8
BLACK
6
CONTINUOUS
10
6.4384311417322833
20
-4.3266156692913382
11
6.4402980314960629
21
-4.3238216535433072
0
LINE
8
BLACK
6
CONTINUOUS
10
6.4402980314960629
20
-4.3238216535433072
11
6.443092047244094
21
-4.3219547637795275
0
LINE
8
BLACK
6
CONTINUOUS
10
6.443092047244094
20
-4.3219547637795275
11
6.4463877952755908
21
-4.3212992125984249
0
LINE
8
BLACK
6
CONTINUOUS
10
6.4463877952755908
20
-4.3212992125984249
11
6.4636122047244093
21
-4.3212992125984249
0
LINE
8
BLACK
6
CONTINUOUS
10
6.4636122047244093
20
-4.3212992125984249
11
6.4669079527559052
21
-4.3219547637795275
0
LINE
8
BLACK
6
CONTINUOUS
10
6.5649000787401572
20
-4.3219547637795275
11
6.5676940944881892
21
-4.3238216535433072
0
LINE
8
BLACK
6
CONTINUOUS
10
6.5676940944881892
20
-4.3238216535433072
11
6.569560984251968
21
-4.3266156692913382
0
LINE
8
BLACK
6
CONTINUOUS
10
6.569560984251968
20
-4.3266156692913382
11
6.5702165354330706
21
-4.3299114173228341
0
LINE
8
BLACK
6
CONTINUOUS
10
6.5702165354330706
20
-4.3299114173228341
11
6.5702165354330706
21
-4.3500885826771656
0
LINE
8
BLACK
6
CONTINUOUS
10
6.5702165354330706
20
-4.3500885826771656
11
6.569560984251968
21
-4.3533843307086615
0
LINE
8
BLACK
6
CONTINUOUS
10
6.569560984251968
20
-4.3533843307086615
11
6.5676940944881892
21
-4.3561783464566926
0
LINE
8
BLACK
6
CONTINUOUS
10
6.5676940944881892
20
-4.3561783464566926
11
6.5649000787401572
21
-4.3580452362204722
0
LINE
8
BLACK
6
CONTINUOUS
10
6.5649000787401572
20
-4.3580452362204722
11
6.5616043307086613
21
-4.3587007874015748
0
LINE
8
BLACK
6
CONTINUOUS
10
6.5616043307086613
20
-4.3587007874015748
11
6.5443799212598428
21
-4.3587007874015748
0
LINE
8
BLACK
6
CONTINUOUS
10
6.5443799212598428
20
-4.3587007874015748
11
6.541084173228346
21
-4.3580452362204722
0
LINE
8
BLACK
6
CONTINUOUS
10
6.541084173228346
20
-4.3580452362204722
11
6.5382901574803149
21
-4.3561783464566926
0
LINE
8
BLACK
6
CONTINUOUS
10
6.5382901574803149
20
-4.3561783464566926
11
6.5364232677165353
21
-4.3533843307086615
0
LINE
8
BLACK
6
CONTINUOUS
10
6.5364232677165353
20
-4.3533843307086615
11
6.5357677165354326
21
-4.3500885826771656
0
LINE
8
BLACK
6
CONTINUOUS
10
6.5357677165354326
20
-4.3500885826771656
11
6.5357677165354326
21
-4.3299114173228341
0
LINE
8
BLACK
6
CONTINUOUS
10
6.5357677165354326
20
-4.3299114173228341
11
6.5364232677165353
21
-4.3266156692913382
0
LINE
8
BLACK
6
CONTINUOUS
10
6.5364232677165353
20
-4.3266156692913382
11
6.5382901574803149
21
-4.3238216535433072
0
LINE
8
BLACK
6
CONTINUOUS
10
6.5382901574803149
20
-4.3238216535433072
11
6.541084173228346
21
-4.3219547637795275
0
LINE
8
BLACK
6
CONTINUOUS
10
6.541084173228346
20
-4.3219547637795275
11
6.5443799212598428
21
-4.3212992125984249
0
LINE
8
BLACK
6
CONTINUOUS
10
6.5443799212598428
20
-4.3212992125984249
11
6.5616043307086613
21
-4.3212992125984249
0
LINE
8
BLACK
6
CONTINUOUS
10
6.5616043307086613
20
-4.3212992125984249
11
6.5649000787401572
21
-4.3219547637795275
0
LINE
8
BLACK
6
CONTINUOUS
10
6.6269079527559054
20
-4.3219547637795275
11
6.6297019685039364
21
-4.3238216535433072
0
LINE
8
BLACK
6
CONTINUOUS
10
6.6297019685039364
20
-4.3238216535433072
11
6.6315688582677161
21
-4.3266156692913382
0
LINE
8
BLACK
6
CONTINUOUS
10
6.6315688582677161
20
-4.3266156692913382
11
6.6322244094488187
21
-4.3299114173228341
0
LINE
8
BLACK
6
CONTINUOUS
10
6.6322244094488187
20
-4.3299114173228341
11
6.6322244094488187
21
-4.3500885826771656
0
LINE
8
BLACK
6
CONTINUOUS
10
6.6322244094488187
20
-4.3500885826771656
11
6.6315688582677161
21
-4.3533843307086615
0
LINE
8
BLACK
6
CONTINUOUS
10
6.6315688582677161
20
-4.3533843307086615
11
6.6297019685039364
21
-4.3561783464566926
0
LINE
8
BLACK
6
CONTINUOUS
10
6.6297019685039364
20
-4.3561783464566926
11
6.6269079527559054
21
-4.3580452362204722
0
LINE
8
BLACK
6
CONTINUOUS
10
6.6269079527559054
20
-4.3580452362204722
11
6.6236122047244095
21
-4.3587007874015748
0
LINE
8
BLACK
6
CONTINUOUS
10
6.6236122047244095
20
-4.3587007874015748
11
6.6063877952755901
21
-4.3587007874015748
0
LINE
8
BLACK
6
CONTINUOUS
10
6.6063877952755901
20
-4.3587007874015748
11
6.6030920472440942
21
-4.3580452362204722
0
LINE
8
BLACK
6
CONTINUOUS
10
6.6030920472440942
20
-4.3580452362204722
11
6.6002980314960631
21
-4.3561783464566926
0
LINE
8
BLACK
6
CONTINUOUS
10
6.6002980314960631
20
-4.3561783464566926
11
6.5984311417322834
21
-4.3533843307086615
0
LINE
8
BLACK
6
CONTINUOUS
10
6.5984311417322834
20
-4.3533843307086615
11
6.5977755905511808
21
-4.3500885826771656
0
LINE
8
BLACK
6
CONTINUOUS
10
6.5977755905511808
20
-4.3500885826771656
11
6.5977755905511808
21
-4.3299114173228341
0
LINE
8
BLACK
6
CONTINUOUS
10
6.5977755905511808
20
-4.3299114173228341
11
6.5984311417322834
21
-4.3266156692913382
0
LINE
8
BLACK
6
CONTINUOUS
10
6.5984311417322834
20
-4.3266156692913382
11
6.6002980314960631
21
-4.3238216535433072
0
LINE
8
BLACK
6
CONTINUOUS
10
6.6002980314960631
20
-4.3238216535433072
11
6.6030920472440942
21
-4.3219547637795275
0
LINE
8
BLACK
6
CONTINUOUS
10
6.6030920472440942
20
-4.3219547637795275
11
6.6063877952755901
21
-4.3212992125984249
0
LINE
8
BLACK
6
CONTINUOUS
10
6.6063877952755901
20
-4.3212992125984249
11
6.6236122047244095
21
-4.3212992125984249
0
LINE
8
BLACK
6
CONTINUOUS
10
6.6236122047244095
20
-4.3212992125984249
11
6.6269079527559054
21
-4.3219547637795275
0
LINE
8
BLACK
6
CONTINUOUS
10
5.5735433070866138
20
-4.3455511811023619
11
5.5318110236220468
21
-4.3455511811023619
0
LINE
8
BLACK
6
CONTINUOUS
10
5.5318110236220468
20
-4.3455511811023619
11
5.5318110236220468
21
-4.3199606299212601
0
LINE
8
BLACK
6
CONTINUOUS
10
5.5318110236220468
20
-4.3199606299212601
11
5.5735433070866138
21
-4.3199606299212601
0
LINE
8
BLACK
6
CONTINUOUS
10
5.5735433070866138
20
-4.3199606299212601
11
5.5735433070866138
21
-4.3455511811023619
0
LINE
8
BLACK
6
CONTINUOUS
10
5.7474999999999996
20
-4.3324999999999996
11
5.6924999999999999
21
-4.3324999999999996
0
LINE
8
BLACK
6
CONTINUOUS
10
5.6924999999999999
20
-4.3324999999999996
11
5.6924999999999999
21
-4.2975000000000003
0
LINE
8
BLACK
6
CONTINUOUS
10
5.6924999999999999
20
-4.2975000000000003
11
5.7474999999999996
21
-4.2975000000000003
0
LINE
8
BLACK
6
CONTINUOUS
10
5.7474999999999996
20
-4.2975000000000003
11
5.7474999999999996
21
-4.3324999999999996
0
LINE
8
BLACK
6
CONTINUOUS
10
5.8477952755905509
20
-4.3134645669291336
11
5.7966141732283463
21
-4.3134645669291336
0
LINE
8
BLACK
6
CONTINUOUS
10
5.7966141732283463
20
-4.3134645669291336
11
5.7966141732283463
21
-4.246535433070866
0
LINE
8
BLACK
6
CONTINUOUS
10
5.7966141732283463
20
-4.246535433070866
11
5.8477952755905509
21
-4.246535433070866
0
LINE
8
BLACK
6
CONTINUOUS
10
5.8477952755905509
20
-4.246535433070866
11
5.8477952755905509
21
-4.3134645669291336
0
LINE
8
BLACK
6
CONTINUOUS
10
5.9855905511811018
20
-4.3134645669291336
11
5.9344094488188972
21
-4.3134645669291336
0
LINE
8
BLACK
6
CONTINUOUS
10
5.9344094488188972
20
-4.3134645669291336
11
5.9344094488188972
21
-4.246535433070866
0
LINE
8
BLACK
6
CONTINUOUS
10
5.9344094488188972
20
-4.246535433070866
11
5.9855905511811018
21
-4.246535433070866
0
LINE
8
BLACK
6
CONTINUOUS
10
5.9855905511811018
20
-4.246535433070866
11
5.9855905511811018
21
-4.3134645669291336
0
LINE
8
BLACK
6
CONTINUOUS
10
5.6589173228346459
20
-4.3127559055118105
11
5.6039173228346453
21
-4.3127559055118105
0
LINE
8
BLACK
6
CONTINUOUS
10
5.6039173228346453
20
-4.3127559055118105
11
5.6039173228346453
21
-4.2777559055118113
0
LINE
8
BLACK
6
CONTINUOUS
10
5.6039173228346453
20
-4.2777559055118113
11
5.6589173228346459
21
-4.2777559055118113
0
LINE
8
BLACK
6
CONTINUOUS
10
5.6589173228346459
20
-4.2777559055118113
11
5.6589173228346459
21
-4.3127559055118105
0
LINE
8
BLACK
6
CONTINUOUS
10
5.4869291338582675
20
-4.3081496062992128
11
5.4451968503937005
21
-4.3081496062992128
0
LINE
8
BLACK
6
CONTINUOUS
10
5.4451968503937005
20
-4.3081496062992128
11
5.4451968503937005
21
-4.2825590551181101
0
LINE
8
BLACK
6
CONTINUOUS
10
5.4451968503937005
20
-4.2825590551181101
11
5.4869291338582675
21
-4.2825590551181101
0
LINE
8
BLACK
6
CONTINUOUS
10
5.4869291338582675
20
-4.2825590551181101
11
5.4869291338582675
21
-4.3081496062992128
0
LINE
8
BLACK
6
CONTINUOUS
10
5.5735433070866138
20
-4.3081496062992128
11
5.5318110236220468
21
-4.3081496062992128
0
LINE
8
BLACK
6
CONTINUOUS
10
5.5318110236220468
20
-4.3081496062992128
11
5.5318110236220468
21
-4.2825590551181101
0
LINE
8
BLACK
6
CONTINUOUS
10
5.5318110236220468
20
-4.2825590551181101
11
5.5735433070866138
21
-4.2825590551181101
0
LINE
8
BLACK
6
CONTINUOUS
10
5.5735433070866138
20
-4.2825590551181101
11
5.5735433070866138
21
-4.3081496062992128
0
LINE
8
BLACK
6
CONTINUOUS
10
5.4074999999999998
20
-4.3025000000000002
11
5.3525
21
-4.3025000000000002
0
LINE
8
BLACK
6
CONTINUOUS
10
5.3525
20
-4.3025000000000002
11
5.3525
21
-4.2675000000000001
0
LINE
8
BLACK
6
CONTINUOUS
10
5.3525
20
-4.2675000000000001
11
5.4074999999999998
21
-4.2675000000000001
0
LINE
8
BLACK
6
CONTINUOUS
10
5.4074999999999998
20
-4.2675000000000001
11
5.4074999999999998
21
-4.3025000000000002
0
LINE
8
BLACK
6
CONTINUOUS
10
5.7474999999999996
20
-4.2575000000000003
11
5.6924999999999999
21
-4.2575000000000003
0
LINE
8
BLACK
6
CONTINUOUS
10
5.6924999999999999
20
-4.2575000000000003
11
5.6924999999999999
21
-4.2225000000000001
0
LINE
8
BLACK
6
CONTINUOUS
10
5.6924999999999999
20
-4.2225000000000001
11
5.7474999999999996
21
-4.2225000000000001
0
LINE
8
BLACK
6
CONTINUOUS
10
5.7474999999999996
20
-4.2225000000000001
11
5.7474999999999996
21
-4.2575000000000003
  0
ENDSEC
  0
EOF
