  0
SECTION
  2
HEADER
  9
$ANGBASE
  50
0.0
  9
$ANGDIR
  70
1
  9
$MEASUREMENT
  70
0
  0
ENDSEC
  0
SECTION
  2
TABLES
  0
TABLE
  2
LTYPE
  70
4
  0
LTYPE
  5
40F
  2
CONTINUOUS
  70
0
  3
Solid line
  72
65
  73
0
  40
0.0
  0
LTYPE
  5
410
  2
DASHDOT
 70
0
  3
Dash Dot ____ _ ____ _
 72
65
 73
4
 40
2.0
 49
1.25
 49
-0.25
 49
0.25
 49
-0.25
  0
LTYPE
  5
411
  2
DASHED
 70
0
  3
Dashed __ __ __ __ __
 72
65
 73
2
 40
0.75
 49
0.5
 49
-0.25
  0
LTYPE
  5
43B
  2
DOTTED
 70
0
  3
Dotted .  .  .  .
 72
65
 73
2
 40
0.2
 49
0.0
 49
-0.2
  0
ENDTAB
  0
TABLE
  2
STYLE
  70
4
  0
STYLE
  2
KICAD
  70
0
  40
0
  41
1
  42
1
  50
0
  71
0
  3
isocp.shx
  0
STYLE
  2
KICADB
  70
0
  40
0
  41
1
  42
1
  50
0
  71
0
  3
isocp.shx
  0
STYLE
  2
KICADI
  70
0
  40
0
  41
1
  42
1
  50
15
  71
0
  3
isocp.shx
  0
STYLE
  2
KICADBI
  70
0
  40
0
  41
1
  42
1
  50
15
  71
0
  3
isocp.shx
  0
ENDTAB
  0
TABLE
  2
LAYER
  70
1
  0
LAYER
  2
BLACK
  70
0
  62
7
  6
CONTINUOUS
  0
ENDTAB
  0
ENDSEC
  0
SECTION
  2
ENTITIES
0
LINE
8
BLACK
6
CONTINUOUS
10
5.7562204724409449
20
-4.4679621259842515
11
5.7593627165354331
21
-4.4705988188976375
0
LINE
8
BLACK
6
CONTINUOUS
10
5.7593627165354331
20
-4.4705988188976375
11
5.7614137007874016
21
-4.4741511811023624
0
LINE
8
BLACK
6
CONTINUOUS
10
5.7614137007874016
20
-4.4741511811023624
11
5.7621259842519681
21
-4.4781907874015747
0
LINE
8
BLACK
6
CONTINUOUS
10
5.7621259842519681
20
-4.4781907874015747
11
5.7614137007874016
21
-4.482230393700787
0
LINE
8
BLACK
6
CONTINUOUS
10
5.7614137007874016
20
-4.482230393700787
11
5.7593627165354331
21
-4.4857827559055119
0
LINE
8
BLACK
6
CONTINUOUS
10
5.7593627165354331
20
-4.4857827559055119
11
5.7562204724409449
21
-4.4884194488188971
0
LINE
8
BLACK
6
CONTINUOUS
10
5.7562204724409449
20
-4.4884194488188971
11
5.7552362204724412
21
-4.4887776771653538
0
LINE
8
BLACK
6
CONTINUOUS
10
5.7552362204724412
20
-4.4887776771653538
11
5.7552362204724412
21
-4.4948940944881892
0
LINE
8
BLACK
6
CONTINUOUS
10
5.7552362204724412
20
-4.4948940944881892
11
5.7552362204724412
21
-4.6336308267716531
0
LINE
8
BLACK
6
CONTINUOUS
10
5.7552362204724412
20
-4.6336308267716531
11
5.7931649212598426
21
-4.6715595275590553
0
LINE
8
BLACK
6
CONTINUOUS
10
5.7931649212598426
20
-4.6715595275590553
11
5.7937769291338581
21
-4.672305275590551
0
LINE
8
BLACK
6
CONTINUOUS
10
5.7937769291338581
20
-4.672305275590551
11
5.7945117322834641
21
-4.6740792913385825
0
LINE
8
BLACK
6
CONTINUOUS
10
5.7945117322834641
20
-4.6740792913385825
11
5.7946062992125986
21
-4.67503937007874
0
LINE
8
BLACK
6
CONTINUOUS
10
5.7946062992125986
20
-4.67503937007874
11
5.7946062992125986
21
-4.7342797244094488
0
LINE
8
BLACK
6
CONTINUOUS
10
5.7946062992125986
20
-4.7342797244094488
11
5.8189219291338583
21
-4.7585953543307085
0
LINE
8
BLACK
6
CONTINUOUS
10
5.8189219291338583
20
-4.7585953543307085
11
5.8208435039370077
21
-4.7578959842519684
0
LINE
8
BLACK
6
CONTINUOUS
10
5.8208435039370077
20
-4.7578959842519684
11
5.8249453937007871
21
-4.7578959842519684
0
LINE
8
BLACK
6
CONTINUOUS
10
5.8249453937007871
20
-4.7578959842519684
11
5.8287999606299215
21
-4.7592988976377955
0
LINE
8
BLACK
6
CONTINUOUS
10
5.8287999606299215
20
-4.7592988976377955
11
5.8319422047244096
21
-4.7619355905511807
0
LINE
8
BLACK
6
CONTINUOUS
10
5.8319422047244096
20
-4.7619355905511807
11
5.8339931889763781
21
-4.7654879527559055
0
LINE
8
BLACK
6
CONTINUOUS
10
5.8339931889763781
20
-4.7654879527559055
11
5.8347054724409446
21
-4.7695275590551178
0
LINE
8
BLACK
6
CONTINUOUS
10
5.8347054724409446
20
-4.7695275590551178
11
5.8339931889763781
21
-4.773567165354331
0
LINE
8
BLACK
6
CONTINUOUS
10
5.8339931889763781
20
-4.773567165354331
11
5.8319422047244096
21
-4.777119527559055
0
LINE
8
BLACK
6
CONTINUOUS
10
5.8319422047244096
20
-4.777119527559055
11
5.8287999606299215
21
-4.7797562204724411
0
LINE
8
BLACK
6
CONTINUOUS
10
5.8287999606299215
20
-4.7797562204724411
11
5.8249453937007871
21
-4.7811591338582673
0
LINE
8
BLACK
6
CONTINUOUS
10
5.8249453937007871
20
-4.7811591338582673
11
5.8208435039370077
21
-4.7811591338582673
0
LINE
8
BLACK
6
CONTINUOUS
10
5.8208435039370077
20
-4.7811591338582673
11
5.8169889370078742
21
-4.7797562204724411
0
LINE
8
BLACK
6
CONTINUOUS
10
5.8169889370078742
20
-4.7797562204724411
11
5.8138466929133861
21
-4.777119527559055
0
LINE
8
BLACK
6
CONTINUOUS
10
5.8138466929133861
20
-4.777119527559055
11
5.8117957086614176
21
-4.773567165354331
0
LINE
8
BLACK
6
CONTINUOUS
10
5.8117957086614176
20
-4.773567165354331
11
5.8110834251968502
21
-4.7695275590551178
0
LINE
8
BLACK
6
CONTINUOUS
10
5.8110834251968502
20
-4.7695275590551178
11
5.8117957086614176
21
-4.7654879527559055
0
LINE
8
BLACK
6
CONTINUOUS
10
5.8117957086614176
20
-4.7654879527559055
11
5.8118320866141735
21
-4.7654248818897633
0
LINE
8
BLACK
6
CONTINUOUS
10
5.8118320866141735
20
-4.7654248818897633
11
5.7862051968503936
21
-4.7397979921259843
0
LINE
8
BLACK
6
CONTINUOUS
10
5.7862051968503936
20
-4.7397979921259843
11
5.7855933464566931
21
-4.7390524409448815
0
LINE
8
BLACK
6
CONTINUOUS
10
5.7855933464566931
20
-4.7390524409448815
11
5.7855931496062993
21
-4.7390522440944878
0
LINE
8
BLACK
6
CONTINUOUS
10
5.7855931496062993
20
-4.7390522440944878
11
5.7848583464566925
21
-4.7372782283464563
0
LINE
8
BLACK
6
CONTINUOUS
10
5.7848583464566925
20
-4.7372782283464563
11
5.7847637795275588
21
-4.7363181496062987
0
LINE
8
BLACK
6
CONTINUOUS
10
5.7847637795275588
20
-4.7363181496062987
11
5.7847637795275588
21
-4.6770777952755909
0
LINE
8
BLACK
6
CONTINUOUS
10
5.7847637795275588
20
-4.6770777952755909
11
5.7468351181102362
21
-4.6391491338582673
0
LINE
8
BLACK
6
CONTINUOUS
10
5.7468351181102362
20
-4.6391491338582673
11
5.7462232677165357
21
-4.6384035826771655
0
LINE
8
BLACK
6
CONTINUOUS
10
5.7462232677165357
20
-4.6384035826771655
11
5.7462230708661419
21
-4.6384033858267717
0
LINE
8
BLACK
6
CONTINUOUS
10
5.7462230708661419
20
-4.6384033858267717
11
5.7454882677165351
21
-4.6366293700787402
0
LINE
8
BLACK
6
CONTINUOUS
10
5.7454882677165351
20
-4.6366293700787402
11
5.7453937007874014
21
-4.6356692913385826
0
LINE
8
BLACK
6
CONTINUOUS
10
5.7453937007874014
20
-4.6356692913385826
11
5.7453937007874014
21
-4.4948940944881892
0
LINE
8
BLACK
6
CONTINUOUS
10
5.7453937007874014
20
-4.4948940944881892
11
5.7453937007874014
21
-4.4887776771653538
0
LINE
8
BLACK
6
CONTINUOUS
10
5.7453937007874014
20
-4.4887776771653538
11
5.7444094488188977
21
-4.4884194488188971
0
LINE
8
BLACK
6
CONTINUOUS
10
5.7444094488188977
20
-4.4884194488188971
11
5.7412672047244095
21
-4.4857827559055119
0
LINE
8
BLACK
6
CONTINUOUS
10
5.7412672047244095
20
-4.4857827559055119
11
5.7392162204724411
21
-4.482230393700787
0
LINE
8
BLACK
6
CONTINUOUS
10
5.7392162204724411
20
-4.482230393700787
11
5.7385039370078736
21
-4.4781907874015747
0
LINE
8
BLACK
6
CONTINUOUS
10
5.7385039370078736
20
-4.4781907874015747
11
5.7392162204724411
21
-4.4741511811023624
0
LINE
8
BLACK
6
CONTINUOUS
10
5.7392162204724411
20
-4.4741511811023624
11
5.7412672047244095
21
-4.4705988188976375
0
LINE
8
BLACK
6
CONTINUOUS
10
5.7412672047244095
20
-4.4705988188976375
11
5.7444094488188977
21
-4.4679621259842515
0
LINE
8
BLACK
6
CONTINUOUS
10
5.7444094488188977
20
-4.4679621259842515
11
5.7482640157480311
21
-4.4665592125984253
0
LINE
8
BLACK
6
CONTINUOUS
10
5.7482640157480311
20
-4.4665592125984253
11
5.7523659055118106
21
-4.4665592125984253
0
LINE
8
BLACK
6
CONTINUOUS
10
5.7523659055118106
20
-4.4665592125984253
11
5.7562204724409449
21
-4.4679621259842515
0
LINE
8
BLACK
6
CONTINUOUS
10
5.7877165354330709
20
-4.6018185826771649
11
5.790858779527559
21
-4.604455275590551
0
LINE
8
BLACK
6
CONTINUOUS
10
5.790858779527559
20
-4.604455275590551
11
5.7929097637795275
21
-4.6080076377952759
0
LINE
8
BLACK
6
CONTINUOUS
10
5.7929097637795275
20
-4.6080076377952759
11
5.793622047244094
21
-4.6120472440944882
0
LINE
8
BLACK
6
CONTINUOUS
10
5.793622047244094
20
-4.6120472440944882
11
5.7929097637795275
21
-4.6160868503937005
0
LINE
8
BLACK
6
CONTINUOUS
10
5.7929097637795275
20
-4.6160868503937005
11
5.790858779527559
21
-4.6196392125984254
0
LINE
8
BLACK
6
CONTINUOUS
10
5.790858779527559
20
-4.6196392125984254
11
5.7877165354330709
21
-4.6222759055118106
0
LINE
8
BLACK
6
CONTINUOUS
10
5.7877165354330709
20
-4.6222759055118106
11
5.7867322834645671
21
-4.6226341338582673
0
LINE
8
BLACK
6
CONTINUOUS
10
5.7867322834645671
20
-4.6226341338582673
11
5.7867322834645671
21
-4.6257568503937003
0
LINE
8
BLACK
6
CONTINUOUS
10
5.7867322834645671
20
-4.6257568503937003
11
5.820723937007874
21
-4.6597485039370081
0
LINE
8
BLACK
6
CONTINUOUS
10
5.820723937007874
20
-4.6597485039370081
11
5.8213359448818895
21
-4.660494212598425
0
LINE
8
BLACK
6
CONTINUOUS
10
5.8213359448818895
20
-4.660494212598425
11
5.8213359842519683
21
-4.6604942519685038
0
LINE
8
BLACK
6
CONTINUOUS
10
5.8213359842519683
20
-4.6604942519685038
11
5.8220707874015742
21
-4.6622682677165352
0
LINE
8
BLACK
6
CONTINUOUS
10
5.8220707874015742
20
-4.6622682677165352
11
5.8221653543307088
21
-4.6632283464566928
0
LINE
8
BLACK
6
CONTINUOUS
10
5.8221653543307088
20
-4.6632283464566928
11
5.8221653543307088
21
-4.708433976377953
0
LINE
8
BLACK
6
CONTINUOUS
10
5.8221653543307088
20
-4.708433976377953
11
5.835030590551181
21
-4.7212992125984252
0
LINE
8
BLACK
6
CONTINUOUS
10
5.835030590551181
20
-4.7212992125984252
11
5.9353543307086616
21
-4.7212992125984252
0
LINE
8
BLACK
6
CONTINUOUS
10
5.9353543307086616
20
-4.7212992125984252
11
5.9363144094488192
21
-4.7213937795275589
0
LINE
8
BLACK
6
CONTINUOUS
10
5.9363144094488192
20
-4.7213937795275589
11
5.9363144488188979
21
-4.7213937795275589
0
LINE
8
BLACK
6
CONTINUOUS
10
5.9363144488188979
20
-4.7213937795275589
11
5.9368340157480315
21
-4.7216089763779525
0
LINE
8
BLACK
6
CONTINUOUS
10
5.9368340157480315
20
-4.7216089763779525
11
5.9380884251968507
21
-4.7221285826771648
0
LINE
8
BLACK
6
CONTINUOUS
10
5.9380884251968507
20
-4.7221285826771648
11
5.9380886220472435
21
-4.7221287795275586
0
LINE
8
BLACK
6
CONTINUOUS
10
5.9380886220472435
20
-4.7221287795275586
11
5.9388341732283463
21
-4.72274062992126
0
LINE
8
BLACK
6
CONTINUOUS
10
5.9388341732283463
20
-4.72274062992126
11
5.970330275590551
21
-4.7542366929133859
0
LINE
8
BLACK
6
CONTINUOUS
10
5.970330275590551
20
-4.7542366929133859
11
5.970330433070866
21
-4.7542368897637797
0
LINE
8
BLACK
6
CONTINUOUS
10
5.970330433070866
20
-4.7542368897637797
11
5.9746888976377948
21
-4.7585953543307085
0
LINE
8
BLACK
6
CONTINUOUS
10
5.9746888976377948
20
-4.7585953543307085
11
5.976610472440945
21
-4.7578959842519684
0
LINE
8
BLACK
6
CONTINUOUS
10
5.976610472440945
20
-4.7578959842519684
11
5.9807123622047245
21
-4.7578959842519684
0
LINE
8
BLACK
6
CONTINUOUS
10
5.9807123622047245
20
-4.7578959842519684
11
5.9845669291338579
21
-4.7592988976377955
0
LINE
8
BLACK
6
CONTINUOUS
10
5.9845669291338579
20
-4.7592988976377955
11
5.9877091732283461
21
-4.7619355905511807
0
LINE
8
BLACK
6
CONTINUOUS
10
5.9877091732283461
20
-4.7619355905511807
11
5.9897601574803145
21
-4.7654879527559055
0
LINE
8
BLACK
6
CONTINUOUS
10
5.9897601574803145
20
-4.7654879527559055
11
5.990472440944882
21
-4.7695275590551178
0
LINE
8
BLACK
6
CONTINUOUS
10
5.990472440944882
20
-4.7695275590551178
11
5.9897601574803145
21
-4.773567165354331
0
LINE
8
BLACK
6
CONTINUOUS
10
5.9897601574803145
20
-4.773567165354331
11
5.9877091732283461
21
-4.777119527559055
0
LINE
8
BLACK
6
CONTINUOUS
10
5.9877091732283461
20
-4.777119527559055
11
5.9845669291338579
21
-4.7797562204724411
0
LINE
8
BLACK
6
CONTINUOUS
10
5.9845669291338579
20
-4.7797562204724411
11
5.9807123622047245
21
-4.7811591338582673
0
LINE
8
BLACK
6
CONTINUOUS
10
5.9807123622047245
20
-4.7811591338582673
11
5.976610472440945
21
-4.7811591338582673
0
LINE
8
BLACK
6
CONTINUOUS
10
5.976610472440945
20
-4.7811591338582673
11
5.9727559055118107
21
-4.7797562204724411
0
LINE
8
BLACK
6
CONTINUOUS
10
5.9727559055118107
20
-4.7797562204724411
11
5.9696136614173225
21
-4.777119527559055
0
LINE
8
BLACK
6
CONTINUOUS
10
5.9696136614173225
20
-4.777119527559055
11
5.967562677165354
21
-4.773567165354331
0
LINE
8
BLACK
6
CONTINUOUS
10
5.967562677165354
20
-4.773567165354331
11
5.9668503937007875
21
-4.7695275590551178
0
LINE
8
BLACK
6
CONTINUOUS
10
5.9668503937007875
20
-4.7695275590551178
11
5.967562677165354
21
-4.7654879527559055
0
LINE
8
BLACK
6
CONTINUOUS
10
5.967562677165354
20
-4.7654879527559055
11
5.96759905511811
21
-4.7654248818897633
0
LINE
8
BLACK
6
CONTINUOUS
10
5.96759905511811
20
-4.7654248818897633
11
5.9633707480314957
21
-4.7611965748031491
0
LINE
8
BLACK
6
CONTINUOUS
10
5.9633707480314957
20
-4.7611965748031491
11
5.9633705511811019
21
-4.7611964173228349
0
LINE
8
BLACK
6
CONTINUOUS
10
5.9633705511811019
20
-4.7611964173228349
11
5.9333159055118108
21
-4.7311417322834641
0
LINE
8
BLACK
6
CONTINUOUS
10
5.9333159055118108
20
-4.7311417322834641
11
5.8329921259842514
21
-4.7311417322834641
0
LINE
8
BLACK
6
CONTINUOUS
10
5.8329921259842514
20
-4.7311417322834641
11
5.8320320472440947
21
-4.7310471653543305
0
LINE
8
BLACK
6
CONTINUOUS
10
5.8320320472440947
20
-4.7310471653543305
11
5.832032007874016
21
-4.7310471653543305
0
LINE
8
BLACK
6
CONTINUOUS
10
5.832032007874016
20
-4.7310471653543305
11
5.8312972047244092
21
-4.7307427559055117
0
LINE
8
BLACK
6
CONTINUOUS
10
5.8312972047244092
20
-4.7307427559055117
11
5.8302580314960633
21
-4.7303123622047245
0
LINE
8
BLACK
6
CONTINUOUS
10
5.8302580314960633
20
-4.7303123622047245
11
5.8302579921259845
21
-4.7303123228346458
0
LINE
8
BLACK
6
CONTINUOUS
10
5.8302579921259845
20
-4.7303123228346458
11
5.829512244094488
21
-4.7297003149606294
0
LINE
8
BLACK
6
CONTINUOUS
10
5.829512244094488
20
-4.7297003149606294
11
5.8137642519685038
21
-4.7139522834645664
0
LINE
8
BLACK
6
CONTINUOUS
10
5.8137642519685038
20
-4.7139522834645664
11
5.8131524015748033
21
-4.7132067322834645
0
LINE
8
BLACK
6
CONTINUOUS
10
5.8131524015748033
20
-4.7132067322834645
11
5.8131522047244095
21
-4.7132065354330708
0
LINE
8
BLACK
6
CONTINUOUS
10
5.8131522047244095
20
-4.7132065354330708
11
5.8124174015748027
21
-4.7114325196850393
0
LINE
8
BLACK
6
CONTINUOUS
10
5.8124174015748027
20
-4.7114325196850393
11
5.812322834645669
21
-4.7104724409448817
0
LINE
8
BLACK
6
CONTINUOUS
10
5.812322834645669
20
-4.7104724409448817
11
5.812322834645669
21
-4.6652667716535436
0
LINE
8
BLACK
6
CONTINUOUS
10
5.812322834645669
20
-4.6652667716535436
11
5.7783311811023621
21
-4.6312751181102358
0
LINE
8
BLACK
6
CONTINUOUS
10
5.7783311811023621
20
-4.6312751181102358
11
5.7777193307086616
21
-4.630529566929134
0
LINE
8
BLACK
6
CONTINUOUS
10
5.7777193307086616
20
-4.630529566929134
11
5.7777191338582679
21
-4.6305293700787402
0
LINE
8
BLACK
6
CONTINUOUS
10
5.7777191338582679
20
-4.6305293700787402
11
5.776984330708661
21
-4.6287553543307087
0
LINE
8
BLACK
6
CONTINUOUS
10
5.776984330708661
20
-4.6287553543307087
11
5.7768897637795273
21
-4.6277952755905511
0
LINE
8
BLACK
6
CONTINUOUS
10
5.7768897637795273
20
-4.6277952755905511
11
5.7768897637795273
21
-4.6226341338582673
0
LINE
8
BLACK
6
CONTINUOUS
10
5.7768897637795273
20
-4.6226341338582673
11
5.7759055118110236
21
-4.6222759055118106
0
LINE
8
BLACK
6
CONTINUOUS
10
5.7759055118110236
20
-4.6222759055118106
11
5.7727632677165355
21
-4.6196392125984254
0
LINE
8
BLACK
6
CONTINUOUS
10
5.7727632677165355
20
-4.6196392125984254
11
5.770712283464567
21
-4.6160868503937005
0
LINE
8
BLACK
6
CONTINUOUS
10
5.770712283464567
20
-4.6160868503937005
11
5.7699999999999996
21
-4.6120472440944882
0
LINE
8
BLACK
6
CONTINUOUS
10
5.7699999999999996
20
-4.6120472440944882
11
5.770712283464567
21
-4.6080076377952759
0
LINE
8
BLACK
6
CONTINUOUS
10
5.770712283464567
20
-4.6080076377952759
11
5.7727632677165355
21
-4.604455275590551
0
LINE
8
BLACK
6
CONTINUOUS
10
5.7727632677165355
20
-4.604455275590551
11
5.7759055118110236
21
-4.6018185826771649
0
LINE
8
BLACK
6
CONTINUOUS
10
5.7759055118110236
20
-4.6018185826771649
11
5.7797600787401571
21
-4.6004156692913387
0
LINE
8
BLACK
6
CONTINUOUS
10
5.7797600787401571
20
-4.6004156692913387
11
5.7838619685039365
21
-4.6004156692913387
0
LINE
8
BLACK
6
CONTINUOUS
10
5.7838619685039365
20
-4.6004156692913387
11
5.7877165354330709
21
-4.6018185826771649
0
LINE
8
BLACK
6
CONTINUOUS
10
7.070545669291338
20
-4.4515350393700786
11
7.0788316929133854
21
-4.4537552755905514
0
LINE
8
BLACK
6
CONTINUOUS
10
7.0788316929133854
20
-4.4537552755905514
11
7.0866062992125984
21
-4.4573806299212597
0
LINE
8
BLACK
6
CONTINUOUS
10
7.0866062992125984
20
-4.4573806299212597
11
7.0936332677165357
21
-4.46230094488189
0
LINE
8
BLACK
6
CONTINUOUS
10
7.0936332677165357
20
-4.46230094488189
11
7.0996990551181103
21
-4.4683667322834646
0
LINE
8
BLACK
6
CONTINUOUS
10
7.0996990551181103
20
-4.4683667322834646
11
7.1046193700787397
21
-4.4753937007874018
0
LINE
8
BLACK
6
CONTINUOUS
10
7.1046193700787397
20
-4.4753937007874018
11
7.1082447244094489
21
-4.483168307086614
0
LINE
8
BLACK
6
CONTINUOUS
10
7.1082447244094489
20
-4.483168307086614
11
7.1104649606299208
21
-4.4914543307086614
0
LINE
8
BLACK
6
CONTINUOUS
10
7.1104649606299208
20
-4.4914543307086614
11
7.1112125984251966
21
-4.5
0
LINE
8
BLACK
6
CONTINUOUS
10
7.1112125984251966
20
-4.5
11
7.1104649606299208
21
-4.5085456692913386
0
LINE
8
BLACK
6
CONTINUOUS
10
7.1104649606299208
20
-4.5085456692913386
11
7.1082447244094489
21
-4.516831692913386
0
LINE
8
BLACK
6
CONTINUOUS
10
7.1082447244094489
20
-4.516831692913386
11
7.1046193700787397
21
-4.5246062992125982
0
LINE
8
BLACK
6
CONTINUOUS
10
7.1046193700787397
20
-4.5246062992125982
11
7.0996990551181103
21
-4.5316332677165354
0
LINE
8
BLACK
6
CONTINUOUS
10
7.0996990551181103
20
-4.5316332677165354
11
7.0936332677165357
21
-4.53769905511811
0
LINE
8
BLACK
6
CONTINUOUS
10
7.0936332677165357
20
-4.53769905511811
11
7.0866062992125984
21
-4.5426193700787403
0
LINE
8
BLACK
6
CONTINUOUS
10
7.0866062992125984
20
-4.5426193700787403
11
7.0788316929133854
21
-4.5462447244094486
0
LINE
8
BLACK
6
CONTINUOUS
10
7.0788316929133854
20
-4.5462447244094486
11
7.070545669291338
21
-4.5484649606299214
0
LINE
8
BLACK
6
CONTINUOUS
10
7.070545669291338
20
-4.5484649606299214
11
7.0620000000000003
21
-4.5492125984251963
0
LINE
8
BLACK
6
CONTINUOUS
10
7.0620000000000003
20
-4.5492125984251963
11
7.0534543307086617
21
-4.5484649606299214
0
LINE
8
BLACK
6
CONTINUOUS
10
7.0534543307086617
20
-4.5484649606299214
11
7.0451683070866142
21
-4.5462447244094486
0
LINE
8
BLACK
6
CONTINUOUS
10
7.0451683070866142
20
-4.5462447244094486
11
7.0373937007874012
21
-4.5426193700787403
0
LINE
8
BLACK
6
CONTINUOUS
10
7.0373937007874012
20
-4.5426193700787403
11
7.030366732283464
21
-4.53769905511811
0
LINE
8
BLACK
6
CONTINUOUS
10
7.030366732283464
20
-4.53769905511811
11
7.0243009448818894
21
-4.5316332677165354
0
LINE
8
BLACK
6
CONTINUOUS
10
7.0243009448818894
20
-4.5316332677165354
11
7.01938062992126
21
-4.5246062992125982
0
LINE
8
BLACK
6
CONTINUOUS
10
7.01938062992126
20
-4.5246062992125982
11
7.0157552755905508
21
-4.516831692913386
0
LINE
8
BLACK
6
CONTINUOUS
10
7.0157552755905508
20
-4.516831692913386
11
7.0135350393700788
21
-4.5085456692913386
0
LINE
8
BLACK
6
CONTINUOUS
10
7.0135350393700788
20
-4.5085456692913386
11
7.0127874015748031
21
-4.5
0
LINE
8
BLACK
6
CONTINUOUS
10
7.0127874015748031
20
-4.5
11
7.0135350393700788
21
-4.4914543307086614
0
LINE
8
BLACK
6
CONTINUOUS
10
7.0135350393700788
20
-4.4914543307086614
11
7.0157552755905508
21
-4.483168307086614
0
LINE
8
BLACK
6
CONTINUOUS
10
7.0157552755905508
20
-4.483168307086614
11
7.01938062992126
21
-4.4753937007874018
0
LINE
8
BLACK
6
CONTINUOUS
10
7.01938062992126
20
-4.4753937007874018
11
7.0243009448818894
21
-4.4683667322834646
0
LINE
8
BLACK
6
CONTINUOUS
10
7.0243009448818894
20
-4.4683667322834646
11
7.030366732283464
21
-4.46230094488189
0
LINE
8
BLACK
6
CONTINUOUS
10
7.030366732283464
20
-4.46230094488189
11
7.0373937007874012
21
-4.4573806299212597
0
LINE
8
BLACK
6
CONTINUOUS
10
7.0373937007874012
20
-4.4573806299212597
11
7.0451683070866142
21
-4.4537552755905514
0
LINE
8
BLACK
6
CONTINUOUS
10
7.0451683070866142
20
-4.4537552755905514
11
7.0534543307086617
21
-4.4515350393700786
0
LINE
8
BLACK
6
CONTINUOUS
10
7.0534543307086617
20
-4.4515350393700786
11
7.0620000000000003
21
-4.4507874015748028
0
LINE
8
BLACK
6
CONTINUOUS
10
7.0620000000000003
20
-4.4507874015748028
11
7.070545669291338
21
-4.4515350393700786
0
LINE
8
BLACK
6
CONTINUOUS
10
5.46
20
-4.6100000000000003
11
5.3999999999999995
21
-4.6100000000000003
0
LINE
8
BLACK
6
CONTINUOUS
10
5.3999999999999995
20
-4.6100000000000003
11
5.3999999999999995
21
-4.5499999999999998
0
LINE
8
BLACK
6
CONTINUOUS
10
5.3999999999999995
20
-4.5499999999999998
11
5.46
21
-4.5499999999999998
0
LINE
8
BLACK
6
CONTINUOUS
10
5.46
20
-4.5499999999999998
11
5.46
21
-4.6100000000000003
0
LINE
8
BLACK
6
CONTINUOUS
10
5.5599999999999996
20
-4.6100000000000003
11
5.5
21
-4.6100000000000003
0
LINE
8
BLACK
6
CONTINUOUS
10
5.5
20
-4.6100000000000003
11
5.5
21
-4.5499999999999998
0
LINE
8
BLACK
6
CONTINUOUS
10
5.5
20
-4.5499999999999998
11
5.5599999999999996
21
-4.5499999999999998
0
LINE
8
BLACK
6
CONTINUOUS
10
5.5599999999999996
20
-4.5499999999999998
11
5.5599999999999996
21
-4.6100000000000003
0
LINE
8
BLACK
6
CONTINUOUS
10
5.4366141732283459
20
-4.3204799999999999
11
5.4397564173228341
21
-4.323116692913386
0
LINE
8
BLACK
6
CONTINUOUS
10
5.4397564173228341
20
-4.323116692913386
11
5.4418074015748026
21
-4.32666905511811
0
LINE
8
BLACK
6
CONTINUOUS
10
5.4418074015748026
20
-4.32666905511811
11
5.4420683070866138
21
-4.3281488976377949
0
LINE
8
BLACK
6
CONTINUOUS
10
5.4420683070866138
20
-4.3281488976377949
11
5.4462064566929129
21
-4.332287047244094
0
LINE
8
BLACK
6
CONTINUOUS
10
5.4462064566929129
20
-4.332287047244094
11
6.3228704330708663
21
-4.332287047244094
0
LINE
8
BLACK
6
CONTINUOUS
10
6.3228704330708663
20
-4.332287047244094
11
6.5010964173228345
21
-4.332287047244094
0
LINE
8
BLACK
6
CONTINUOUS
10
6.5010964173228345
20
-4.332287047244094
11
6.5040944881889766
21
-4.3297713385826775
0
LINE
8
BLACK
6
CONTINUOUS
10
6.5040944881889766
20
-4.3297713385826775
11
6.5079490551181101
21
-4.3283684251968504
0
LINE
8
BLACK
6
CONTINUOUS
10
6.5079490551181101
20
-4.3283684251968504
11
6.5120509448818895
21
-4.3283684251968504
0
LINE
8
BLACK
6
CONTINUOUS
10
6.5120509448818895
20
-4.3283684251968504
11
6.5159055118110238
21
-4.3297713385826775
0
LINE
8
BLACK
6
CONTINUOUS
10
6.5159055118110238
20
-4.3297713385826775
11
6.519047755905512
21
-4.3324080314960627
0
LINE
8
BLACK
6
CONTINUOUS
10
6.519047755905512
20
-4.3324080314960627
11
6.5200214566929136
21
-4.3340944881889767
0
LINE
8
BLACK
6
CONTINUOUS
10
6.5200214566929136
20
-4.3340944881889767
11
6.5549999999999997
21
-4.3340944881889767
0
LINE
8
BLACK
6
CONTINUOUS
10
6.5549999999999997
20
-4.3340944881889767
11
6.5561521259842515
21
-4.3342079527559054
0
LINE
8
BLACK
6
CONTINUOUS
10
6.5561521259842515
20
-4.3342079527559054
11
6.5563768897637793
21
-4.3343010629921261
0
LINE
8
BLACK
6
CONTINUOUS
10
6.5563768897637793
20
-4.3343010629921261
11
6.5582809055118112
21
-4.3350897244094488
0
LINE
8
BLACK
6
CONTINUOUS
10
6.5582809055118112
20
-4.3350897244094488
11
6.5591758267716536
21
-4.335824173228346
0
LINE
8
BLACK
6
CONTINUOUS
10
6.5591758267716536
20
-4.335824173228346
11
6.5791758267716531
21
-4.3558241732283465
0
LINE
8
BLACK
6
CONTINUOUS
10
6.5791758267716531
20
-4.3558241732283465
11
6.5799102755905512
21
-4.3567190551181101
0
LINE
8
BLACK
6
CONTINUOUS
10
6.5799102755905512
20
-4.3567190551181101
11
6.5800060236220475
21
-4.3569502755905507
0
LINE
8
BLACK
6
CONTINUOUS
10
6.5800060236220475
20
-4.3569502755905507
11
6.5807920472440946
21
-4.3588478740157477
0
LINE
8
BLACK
6
CONTINUOUS
10
6.5807920472440946
20
-4.3588478740157477
11
6.5809055118110233
21
-4.3600000000000003
0
LINE
8
BLACK
6
CONTINUOUS
10
6.5809055118110233
20
-4.3600000000000003
11
6.5809055118110233
21
-4.5347713385826767
0
LINE
8
BLACK
6
CONTINUOUS
10
6.5809055118110233
20
-4.5347713385826767
11
6.5840477559055115
21
-4.5374080314960628
0
LINE
8
BLACK
6
CONTINUOUS
10
6.5840477559055115
20
-4.5374080314960628
11
6.58609874015748
21
-4.5409603937007876
0
LINE
8
BLACK
6
CONTINUOUS
10
6.58609874015748
20
-4.5409603937007876
11
6.5868110236220474
21
-4.5449999999999999
0
LINE
8
BLACK
6
CONTINUOUS
10
6.5868110236220474
20
-4.5449999999999999
11
6.58609874015748
21
-4.5490396062992122
0
LINE
8
BLACK
6
CONTINUOUS
10
6.58609874015748
20
-4.5490396062992122
11
6.5840477559055115
21
-4.5525919685039371
0
LINE
8
BLACK
6
CONTINUOUS
10
6.5840477559055115
20
-4.5525919685039371
11
6.5809055118110233
21
-4.5552286614173223
0
LINE
8
BLACK
6
CONTINUOUS
10
6.5809055118110233
20
-4.5552286614173223
11
6.5770509448818899
21
-4.5566315748031494
0
LINE
8
BLACK
6
CONTINUOUS
10
6.5770509448818899
20
-4.5566315748031494
11
6.5729490551181105
21
-4.5566315748031494
0
LINE
8
BLACK
6
CONTINUOUS
10
6.5729490551181105
20
-4.5566315748031494
11
6.5690944881889761
21
-4.5552286614173223
0
LINE
8
BLACK
6
CONTINUOUS
10
6.5690944881889761
20
-4.5552286614173223
11
6.565952244094488
21
-4.5525919685039371
0
LINE
8
BLACK
6
CONTINUOUS
10
6.565952244094488
20
-4.5525919685039371
11
6.5639012598425195
21
-4.5490396062992122
0
LINE
8
BLACK
6
CONTINUOUS
10
6.5639012598425195
20
-4.5490396062992122
11
6.563188976377953
21
-4.5449999999999999
0
LINE
8
BLACK
6
CONTINUOUS
10
6.563188976377953
20
-4.5449999999999999
11
6.5639012598425195
21
-4.5409603937007876
0
LINE
8
BLACK
6
CONTINUOUS
10
6.5639012598425195
20
-4.5409603937007876
11
6.565952244094488
21
-4.5374080314960628
0
LINE
8
BLACK
6
CONTINUOUS
10
6.565952244094488
20
-4.5374080314960628
11
6.5690944881889761
21
-4.5347713385826767
0
LINE
8
BLACK
6
CONTINUOUS
10
6.5690944881889761
20
-4.5347713385826767
11
6.5690944881889761
21
-4.3624461417322831
0
LINE
8
BLACK
6
CONTINUOUS
10
6.5690944881889761
20
-4.3624461417322831
11
6.5525538582677161
21
-4.3459055118110239
0
LINE
8
BLACK
6
CONTINUOUS
10
6.5525538582677161
20
-4.3459055118110239
11
6.5200214566929136
21
-4.3459055118110239
0
LINE
8
BLACK
6
CONTINUOUS
10
6.5200214566929136
20
-4.3459055118110239
11
6.519047755905512
21
-4.347591968503937
0
LINE
8
BLACK
6
CONTINUOUS
10
6.519047755905512
20
-4.347591968503937
11
6.5159055118110238
21
-4.3502286614173231
0
LINE
8
BLACK
6
CONTINUOUS
10
6.5159055118110238
20
-4.3502286614173231
11
6.5120509448818895
21
-4.3516315748031493
0
LINE
8
BLACK
6
CONTINUOUS
10
6.5120509448818895
20
-4.3516315748031493
11
6.5101561023622043
21
-4.3516315748031493
0
LINE
8
BLACK
6
CONTINUOUS
10
6.5101561023622043
20
-4.3516315748031493
11
6.5097906299212598
21
-4.3517829527559053
0
LINE
8
BLACK
6
CONTINUOUS
10
6.5097906299212598
20
-4.3517829527559053
11
6.5078704330708659
21
-4.3519720866141736
0
LINE
8
BLACK
6
CONTINUOUS
10
6.5078704330708659
20
-4.3519720866141736
11
6.3228704330708663
21
-4.3519720866141736
0
LINE
8
BLACK
6
CONTINUOUS
10
6.3228704330708663
20
-4.3519720866141736
11
6.3057122440944884
21
-4.3519720866141736
0
LINE
8
BLACK
6
CONTINUOUS
10
6.3057122440944884
20
-4.3519720866141736
11
5.4421295669291334
21
-4.3519720866141736
0
LINE
8
BLACK
6
CONTINUOUS
10
5.4421295669291334
20
-4.3519720866141736
11
5.440209763779527
21
-4.3517829921259841
0
LINE
8
BLACK
6
CONTINUOUS
10
5.440209763779527
20
-4.3517829921259841
11
5.4402094094488191
21
-4.3517829921259841
0
LINE
8
BLACK
6
CONTINUOUS
10
5.4402094094488191
20
-4.3517829921259841
11
5.4366613779527562
21
-4.3503133464566925
0
LINE
8
BLACK
6
CONTINUOUS
10
5.4366613779527562
20
-4.3503133464566925
11
5.435169881889764
21
-4.3490892913385828
0
LINE
8
BLACK
6
CONTINUOUS
10
5.435169881889764
20
-4.3490892913385828
11
5.4282851968503936
21
-4.3422046456692911
0
LINE
8
BLACK
6
CONTINUOUS
10
5.4282851968503936
20
-4.3422046456692911
11
5.4248031496062987
21
-4.3409373228346455
0
LINE
8
BLACK
6
CONTINUOUS
10
5.4248031496062987
20
-4.3409373228346455
11
5.4216609055118106
21
-4.3383006299212594
0
LINE
8
BLACK
6
CONTINUOUS
10
5.4216609055118106
20
-4.3383006299212594
11
5.4196099212598421
21
-4.3347482677165354
0
LINE
8
BLACK
6
CONTINUOUS
10
5.4196099212598421
20
-4.3347482677165354
11
5.4188976377952756
21
-4.3307086614173231
0
LINE
8
BLACK
6
CONTINUOUS
10
5.4188976377952756
20
-4.3307086614173231
11
5.4196099212598421
21
-4.32666905511811
0
LINE
8
BLACK
6
CONTINUOUS
10
5.4196099212598421
20
-4.32666905511811
11
5.4216609055118106
21
-4.323116692913386
0
LINE
8
BLACK
6
CONTINUOUS
10
5.4216609055118106
20
-4.323116692913386
11
5.4248031496062987
21
-4.3204799999999999
0
LINE
8
BLACK
6
CONTINUOUS
10
5.4248031496062987
20
-4.3204799999999999
11
5.4286577165354331
21
-4.3190770866141728
0
LINE
8
BLACK
6
CONTINUOUS
10
5.4286577165354331
20
-4.3190770866141728
11
5.4327596062992125
21
-4.3190770866141728
0
LINE
8
BLACK
6
CONTINUOUS
10
5.4327596062992125
20
-4.3190770866141728
11
5.4366141732283459
21
-4.3204799999999999
0
LINE
8
BLACK
6
CONTINUOUS
10
6.1696062992125986
20
-4.1676466141732282
11
6.3020384251968506
21
-4.3000787401574803
0
LINE
8
BLACK
6
CONTINUOUS
10
6.3020384251968506
20
-4.3000787401574803
11
6.3543669291338585
21
-4.3000787401574803
0
LINE
8
BLACK
6
CONTINUOUS
10
6.3543669291338585
20
-4.3000787401574803
11
6.3548566929133861
21
-4.3001269685039372
0
LINE
8
BLACK
6
CONTINUOUS
10
6.3548566929133861
20
-4.3001269685039372
11
6.3579490551181097
21
-4.2990014960629921
0
LINE
8
BLACK
6
CONTINUOUS
10
6.3579490551181097
20
-4.2990014960629921
11
6.36205094488189
21
-4.2990014960629921
0
LINE
8
BLACK
6
CONTINUOUS
10
6.36205094488189
20
-4.2990014960629921
11
6.3659055118110235
21
-4.3004044094488192
0
LINE
8
BLACK
6
CONTINUOUS
10
6.3659055118110235
20
-4.3004044094488192
11
6.3690477559055116
21
-4.3030411023622044
0
LINE
8
BLACK
6
CONTINUOUS
10
6.3690477559055116
20
-4.3030411023622044
11
6.3710987401574801
21
-4.3065934645669293
0
LINE
8
BLACK
6
CONTINUOUS
10
6.3710987401574801
20
-4.3065934645669293
11
6.3718110236220475
21
-4.3106330708661416
0
LINE
8
BLACK
6
CONTINUOUS
10
6.3718110236220475
20
-4.3106330708661416
11
6.3710987401574801
21
-4.3146726771653539
0
LINE
8
BLACK
6
CONTINUOUS
10
6.3710987401574801
20
-4.3146726771653539
11
6.3690477559055116
21
-4.3182250393700787
0
LINE
8
BLACK
6
CONTINUOUS
10
6.3690477559055116
20
-4.3182250393700787
11
6.3659055118110235
21
-4.3208617322834648
0
LINE
8
BLACK
6
CONTINUOUS
10
6.3659055118110235
20
-4.3208617322834648
11
6.36205094488189
21
-4.322264645669291
0
LINE
8
BLACK
6
CONTINUOUS
10
6.36205094488189
20
-4.322264645669291
11
6.3579490551181097
21
-4.322264645669291
0
LINE
8
BLACK
6
CONTINUOUS
10
6.3579490551181097
20
-4.322264645669291
11
6.3540944881889763
21
-4.3208617322834648
0
LINE
8
BLACK
6
CONTINUOUS
10
6.3540944881889763
20
-4.3208617322834648
11
6.3509522440944881
21
-4.3182250393700787
0
LINE
8
BLACK
6
CONTINUOUS
10
6.3509522440944881
20
-4.3182250393700787
11
6.3489012598425196
21
-4.3146726771653539
0
LINE
8
BLACK
6
CONTINUOUS
10
6.3489012598425196
20
-4.3146726771653539
11
6.3481889763779522
21
-4.3106330708661416
0
LINE
8
BLACK
6
CONTINUOUS
10
6.3481889763779522
20
-4.3106330708661416
11
6.3483144881889766
21
-4.3099212598425192
0
LINE
8
BLACK
6
CONTINUOUS
10
6.3483144881889766
20
-4.3099212598425192
11
6.2999999999999998
21
-4.3099212598425192
0
LINE
8
BLACK
6
CONTINUOUS
10
6.2999999999999998
20
-4.3099212598425192
11
6.2990399212598422
21
-4.3098266929133855
0
LINE
8
BLACK
6
CONTINUOUS
10
6.2990399212598422
20
-4.3098266929133855
11
6.2990398818897635
21
-4.3098266929133855
0
LINE
8
BLACK
6
CONTINUOUS
10
6.2990398818897635
20
-4.3098266929133855
11
6.2972659055118108
21
-4.3090918897637795
0
LINE
8
BLACK
6
CONTINUOUS
10
6.2972659055118108
20
-4.3090918897637795
11
6.2965201574803151
21
-4.3084798425196853
0
LINE
8
BLACK
6
CONTINUOUS
10
6.2965201574803151
20
-4.3084798425196853
11
6.1680403149606295
21
-4.1799999999999997
0
LINE
8
BLACK
6
CONTINUOUS
10
6.1680403149606295
20
-4.1799999999999997
11
6.1096062992125981
21
-4.1799999999999997
0
LINE
8
BLACK
6
CONTINUOUS
10
6.1096062992125981
20
-4.1799999999999997
11
6.1096062992125981
21
-4.1200000000000001
0
LINE
8
BLACK
6
CONTINUOUS
10
6.1096062992125981
20
-4.1200000000000001
11
6.1696062992125986
21
-4.1200000000000001
0
LINE
8
BLACK
6
CONTINUOUS
10
6.1696062992125986
20
-4.1200000000000001
11
6.1696062992125986
21
-4.1676466141732282
0
LINE
8
BLACK
6
CONTINUOUS
10
6.2699999999999996
20
-4.1799999999999997
11
6.21
21
-4.1799999999999997
0
LINE
8
BLACK
6
CONTINUOUS
10
6.21
20
-4.1799999999999997
11
6.21
21
-4.1200000000000001
0
LINE
8
BLACK
6
CONTINUOUS
10
6.21
20
-4.1200000000000001
11
6.2699999999999996
21
-4.1200000000000001
0
LINE
8
BLACK
6
CONTINUOUS
10
6.2699999999999996
20
-4.1200000000000001
11
6.2699999999999996
21
-4.1799999999999997
0
LINE
8
BLACK
6
CONTINUOUS
10
6.4159055118110233
20
-4.3847713385826772
11
6.4190477559055115
21
-4.3874080314960633
0
LINE
8
BLACK
6
CONTINUOUS
10
6.4190477559055115
20
-4.3874080314960633
11
6.4210987401574799
21
-4.3909603937007873
0
LINE
8
BLACK
6
CONTINUOUS
10
6.4210987401574799
20
-4.3909603937007873
11
6.4218110236220474
21
-4.3949999999999996
0
LINE
8
BLACK
6
CONTINUOUS
10
6.4218110236220474
20
-4.3949999999999996
11
6.4210987401574799
21
-4.3990396062992128
0
LINE
8
BLACK
6
CONTINUOUS
10
6.4210987401574799
20
-4.3990396062992128
11
6.4190477559055115
21
-4.4025919685039367
0
LINE
8
BLACK
6
CONTINUOUS
10
6.4190477559055115
20
-4.4025919685039367
11
6.4159055118110233
21
-4.4052286614173228
0
LINE
8
BLACK
6
CONTINUOUS
10
6.4159055118110233
20
-4.4052286614173228
11
6.4159055118110233
21
-4.4875538582677166
0
LINE
8
BLACK
6
CONTINUOUS
10
6.4159055118110233
20
-4.4875538582677166
11
6.4420479921259837
21
-4.5136963385826769
0
LINE
8
BLACK
6
CONTINUOUS
10
6.4420479921259837
20
-4.5136963385826769
11
6.4429490551181097
21
-4.51336842519685
0
LINE
8
BLACK
6
CONTINUOUS
10
6.4429490551181097
20
-4.51336842519685
11
6.44705094488189
21
-4.51336842519685
0
LINE
8
BLACK
6
CONTINUOUS
10
6.44705094488189
20
-4.51336842519685
11
6.4509055118110235
21
-4.5147713385826771
0
LINE
8
BLACK
6
CONTINUOUS
10
6.4509055118110235
20
-4.5147713385826771
11
6.4540477559055116
21
-4.5174080314960632
0
LINE
8
BLACK
6
CONTINUOUS
10
6.4540477559055116
20
-4.5174080314960632
11
6.4560987401574801
21
-4.5209603937007872
0
LINE
8
BLACK
6
CONTINUOUS
10
6.4560987401574801
20
-4.5209603937007872
11
6.4568110236220475
21
-4.5249999999999995
0
LINE
8
BLACK
6
CONTINUOUS
10
6.4568110236220475
20
-4.5249999999999995
11
6.4560987401574801
21
-4.5290396062992127
0
LINE
8
BLACK
6
CONTINUOUS
10
6.4560987401574801
20
-4.5290396062992127
11
6.4540477559055116
21
-4.5325919685039366
0
LINE
8
BLACK
6
CONTINUOUS
10
6.4540477559055116
20
-4.5325919685039366
11
6.4509055118110235
21
-4.5352286614173227
0
LINE
8
BLACK
6
CONTINUOUS
10
6.4509055118110235
20
-4.5352286614173227
11
6.44705094488189
21
-4.5366315748031498
0
LINE
8
BLACK
6
CONTINUOUS
10
6.44705094488189
20
-4.5366315748031498
11
6.4429490551181097
21
-4.5366315748031498
0
LINE
8
BLACK
6
CONTINUOUS
10
6.4429490551181097
20
-4.5366315748031498
11
6.4390944881889762
21
-4.5352286614173227
0
LINE
8
BLACK
6
CONTINUOUS
10
6.4390944881889762
20
-4.5352286614173227
11
6.4359522440944881
21
-4.5325919685039366
0
LINE
8
BLACK
6
CONTINUOUS
10
6.4359522440944881
20
-4.5325919685039366
11
6.4339012598425196
21
-4.5290396062992127
0
LINE
8
BLACK
6
CONTINUOUS
10
6.4339012598425196
20
-4.5290396062992127
11
6.4331889763779522
21
-4.5249999999999995
0
LINE
8
BLACK
6
CONTINUOUS
10
6.4331889763779522
20
-4.5249999999999995
11
6.4337074803149603
21
-4.5220591338582672
0
LINE
8
BLACK
6
CONTINUOUS
10
6.4337074803149603
20
-4.5220591338582672
11
6.4058241732283463
21
-4.4941758267716532
0
LINE
8
BLACK
6
CONTINUOUS
10
6.4058241732283463
20
-4.4941758267716532
11
6.4050897244094482
21
-4.4932809055118108
0
LINE
8
BLACK
6
CONTINUOUS
10
6.4050897244094482
20
-4.4932809055118108
11
6.4042079527559057
21
-4.4911520866141732
0
LINE
8
BLACK
6
CONTINUOUS
10
6.4042079527559057
20
-4.4911520866141732
11
6.4040944881889761
21
-4.4900000000000002
0
LINE
8
BLACK
6
CONTINUOUS
10
6.4040944881889761
20
-4.4900000000000002
11
6.4040944881889761
21
-4.4052286614173228
0
LINE
8
BLACK
6
CONTINUOUS
10
6.4040944881889761
20
-4.4052286614173228
11
6.4009522440944879
21
-4.4025919685039367
0
LINE
8
BLACK
6
CONTINUOUS
10
6.4009522440944879
20
-4.4025919685039367
11
6.3989012598425195
21
-4.3990396062992128
0
LINE
8
BLACK
6
CONTINUOUS
10
6.3989012598425195
20
-4.3990396062992128
11
6.3981889763779529
21
-4.3949999999999996
0
LINE
8
BLACK
6
CONTINUOUS
10
6.3981889763779529
20
-4.3949999999999996
11
6.3989012598425195
21
-4.3909603937007873
0
LINE
8
BLACK
6
CONTINUOUS
10
6.3989012598425195
20
-4.3909603937007873
11
6.4009522440944879
21
-4.3874080314960633
0
LINE
8
BLACK
6
CONTINUOUS
10
6.4009522440944879
20
-4.3874080314960633
11
6.4040944881889761
21
-4.3847713385826772
0
LINE
8
BLACK
6
CONTINUOUS
10
6.4040944881889761
20
-4.3847713385826772
11
6.4079490551181104
21
-4.3833684251968501
0
LINE
8
BLACK
6
CONTINUOUS
10
6.4079490551181104
20
-4.3833684251968501
11
6.4120509448818899
21
-4.3833684251968501
0
LINE
8
BLACK
6
CONTINUOUS
10
6.4120509448818899
20
-4.3833684251968501
11
6.4159055118110233
21
-4.3847713385826772
0
LINE
8
BLACK
6
CONTINUOUS
10
6.4707874015748033
20
-4.1716483464566929
11
6.6332335433070861
21
-4.3340944881889767
0
LINE
8
BLACK
6
CONTINUOUS
10
6.6332335433070861
20
-4.3340944881889767
11
6.6499785433070864
21
-4.3340944881889767
0
LINE
8
BLACK
6
CONTINUOUS
10
6.6499785433070864
20
-4.3340944881889767
11
6.6509522440944879
21
-4.3324080314960627
0
LINE
8
BLACK
6
CONTINUOUS
10
6.6509522440944879
20
-4.3324080314960627
11
6.6540944881889761
21
-4.3297713385826775
0
LINE
8
BLACK
6
CONTINUOUS
10
6.6540944881889761
20
-4.3297713385826775
11
6.6579490551181104
21
-4.3283684251968504
0
LINE
8
BLACK
6
CONTINUOUS
10
6.6579490551181104
20
-4.3283684251968504
11
6.6620509448818899
21
-4.3283684251968504
0
LINE
8
BLACK
6
CONTINUOUS
10
6.6620509448818899
20
-4.3283684251968504
11
6.6659055118110233
21
-4.3297713385826775
0
LINE
8
BLACK
6
CONTINUOUS
10
6.6659055118110233
20
-4.3297713385826775
11
6.6690477559055115
21
-4.3324080314960627
0
LINE
8
BLACK
6
CONTINUOUS
10
6.6690477559055115
20
-4.3324080314960627
11
6.6710987401574799
21
-4.3359603937007876
0
LINE
8
BLACK
6
CONTINUOUS
10
6.6710987401574799
20
-4.3359603937007876
11
6.6718110236220474
21
-4.3399999999999999
0
LINE
8
BLACK
6
CONTINUOUS
10
6.6718110236220474
20
-4.3399999999999999
11
6.6710987401574799
21
-4.3440396062992122
0
LINE
8
BLACK
6
CONTINUOUS
10
6.6710987401574799
20
-4.3440396062992122
11
6.6690477559055115
21
-4.347591968503937
0
LINE
8
BLACK
6
CONTINUOUS
10
6.6690477559055115
20
-4.347591968503937
11
6.6659055118110233
21
-4.3502286614173231
0
LINE
8
BLACK
6
CONTINUOUS
10
6.6659055118110233
20
-4.3502286614173231
11
6.6620509448818899
21
-4.3516315748031493
0
LINE
8
BLACK
6
CONTINUOUS
10
6.6620509448818899
20
-4.3516315748031493
11
6.6579490551181104
21
-4.3516315748031493
0
LINE
8
BLACK
6
CONTINUOUS
10
6.6579490551181104
20
-4.3516315748031493
11
6.6540944881889761
21
-4.3502286614173231
0
LINE
8
BLACK
6
CONTINUOUS
10
6.6540944881889761
20
-4.3502286614173231
11
6.6509522440944879
21
-4.347591968503937
0
LINE
8
BLACK
6
CONTINUOUS
10
6.6509522440944879
20
-4.347591968503937
11
6.6499785433070864
21
-4.3459055118110239
0
LINE
8
BLACK
6
CONTINUOUS
10
6.6499785433070864
20
-4.3459055118110239
11
6.6307874015748034
21
-4.3459055118110239
0
LINE
8
BLACK
6
CONTINUOUS
10
6.6307874015748034
20
-4.3459055118110239
11
6.6296352755905508
21
-4.3457920472440943
0
LINE
8
BLACK
6
CONTINUOUS
10
6.6296352755905508
20
-4.3457920472440943
11
6.6287535039370074
21
-4.3454267716535435
0
LINE
8
BLACK
6
CONTINUOUS
10
6.6287535039370074
20
-4.3454267716535435
11
6.6275064960629919
21
-4.3449102755905509
0
LINE
8
BLACK
6
CONTINUOUS
10
6.6275064960629919
20
-4.3449102755905509
11
6.6266115748031496
21
-4.3441758267716537
0
LINE
8
BLACK
6
CONTINUOUS
10
6.6266115748031496
20
-4.3441758267716537
11
6.4624357480314956
21
-4.1799999999999997
0
LINE
8
BLACK
6
CONTINUOUS
10
6.4624357480314956
20
-4.1799999999999997
11
6.4107874015748028
21
-4.1799999999999997
0
LINE
8
BLACK
6
CONTINUOUS
10
6.4107874015748028
20
-4.1799999999999997
11
6.4107874015748028
21
-4.1200000000000001
0
LINE
8
BLACK
6
CONTINUOUS
10
6.4107874015748028
20
-4.1200000000000001
11
6.4707874015748033
21
-4.1200000000000001
0
LINE
8
BLACK
6
CONTINUOUS
10
6.4707874015748033
20
-4.1200000000000001
11
6.4707874015748033
21
-4.1716483464566929
0
LINE
8
BLACK
6
CONTINUOUS
10
5.8499999999999996
20
-4.1799999999999997
11
5.79
21
-4.1799999999999997
0
LINE
8
BLACK
6
CONTINUOUS
10
5.79
20
-4.1799999999999997
11
5.79
21
-4.1200000000000001
0
LINE
8
BLACK
6
CONTINUOUS
10
5.79
20
-4.1200000000000001
11
5.8499999999999996
21
-4.1200000000000001
0
LINE
8
BLACK
6
CONTINUOUS
10
5.8499999999999996
20
-4.1200000000000001
11
5.8499999999999996
21
-4.1799999999999997
0
LINE
8
BLACK
6
CONTINUOUS
10
6.0692125984251968
20
-4.1799999999999997
11
6.0092125984251963
21
-4.1799999999999997
0
LINE
8
BLACK
6
CONTINUOUS
10
6.0092125984251963
20
-4.1799999999999997
11
6.0092125984251963
21
-4.1200000000000001
0
LINE
8
BLACK
6
CONTINUOUS
10
6.0092125984251963
20
-4.1200000000000001
11
6.0692125984251968
21
-4.1200000000000001
0
LINE
8
BLACK
6
CONTINUOUS
10
6.0692125984251968
20
-4.1200000000000001
11
6.0692125984251968
21
-4.1799999999999997
0
LINE
8
BLACK
6
CONTINUOUS
10
6.3703937007874014
20
-4.1799999999999997
11
6.3103937007874018
21
-4.1799999999999997
0
LINE
8
BLACK
6
CONTINUOUS
10
6.3103937007874018
20
-4.1799999999999997
11
6.3103937007874018
21
-4.1200000000000001
0
LINE
8
BLACK
6
CONTINUOUS
10
6.3103937007874018
20
-4.1200000000000001
11
6.3703937007874014
21
-4.1200000000000001
0
LINE
8
BLACK
6
CONTINUOUS
10
6.3703937007874014
20
-4.1200000000000001
11
6.3703937007874014
21
-4.1799999999999997
0
LINE
8
BLACK
6
CONTINUOUS
10
6.6088188976377955
20
-4.1799999999999997
11
6.548818897637795
21
-4.1799999999999997
0
LINE
8
BLACK
6
CONTINUOUS
10
6.548818897637795
20
-4.1799999999999997
11
6.548818897637795
21
-4.1200000000000001
0
LINE
8
BLACK
6
CONTINUOUS
10
6.548818897637795
20
-4.1200000000000001
11
6.6088188976377955
21
-4.1200000000000001
0
LINE
8
BLACK
6
CONTINUOUS
10
6.6088188976377955
20
-4.1200000000000001
11
6.6088188976377955
21
-4.1799999999999997
0
LINE
8
BLACK
6
CONTINUOUS
10
6.7092125984251965
20
-4.1799999999999997
11
6.6492125984251969
21
-4.1799999999999997
0
LINE
8
BLACK
6
CONTINUOUS
10
6.6492125984251969
20
-4.1799999999999997
11
6.6492125984251969
21
-4.1200000000000001
0
LINE
8
BLACK
6
CONTINUOUS
10
6.6492125984251969
20
-4.1200000000000001
11
6.7092125984251965
21
-4.1200000000000001
0
LINE
8
BLACK
6
CONTINUOUS
10
6.7092125984251965
20
-4.1200000000000001
11
6.7092125984251965
21
-4.1799999999999997
0
LINE
8
BLACK
6
CONTINUOUS
10
6.8096062992125983
20
-4.1799999999999997
11
6.7496062992125987
21
-4.1799999999999997
0
LINE
8
BLACK
6
CONTINUOUS
10
6.7496062992125987
20
-4.1799999999999997
11
6.7496062992125987
21
-4.1200000000000001
0
LINE
8
BLACK
6
CONTINUOUS
10
6.7496062992125987
20
-4.1200000000000001
11
6.8096062992125983
21
-4.1200000000000001
0
LINE
8
BLACK
6
CONTINUOUS
10
6.8096062992125983
20
-4.1200000000000001
11
6.8096062992125983
21
-4.1799999999999997
0
LINE
8
BLACK
6
CONTINUOUS
10
6.9100000000000001
20
-4.1799999999999997
11
6.8499999999999996
21
-4.1799999999999997
0
LINE
8
BLACK
6
CONTINUOUS
10
6.8499999999999996
20
-4.1799999999999997
11
6.8499999999999996
21
-4.1200000000000001
0
LINE
8
BLACK
6
CONTINUOUS
10
6.8499999999999996
20
-4.1200000000000001
11
6.9100000000000001
21
-4.1200000000000001
0
LINE
8
BLACK
6
CONTINUOUS
10
6.9100000000000001
20
-4.1200000000000001
11
6.9100000000000001
21
-4.1799999999999997
0
LINE
8
BLACK
6
CONTINUOUS
10
5.8499999999999996
20
-4.0800000000000001
11
5.79
21
-4.0800000000000001
0
LINE
8
BLACK
6
CONTINUOUS
10
5.79
20
-4.0800000000000001
11
5.79
21
-4.0199999999999996
0
LINE
8
BLACK
6
CONTINUOUS
10
5.79
20
-4.0199999999999996
11
5.8499999999999996
21
-4.0199999999999996
0
LINE
8
BLACK
6
CONTINUOUS
10
5.8499999999999996
20
-4.0199999999999996
11
5.8499999999999996
21
-4.0800000000000001
0
LINE
8
BLACK
6
CONTINUOUS
10
6.0692125984251968
20
-4.0800000000000001
11
6.0092125984251963
21
-4.0800000000000001
0
LINE
8
BLACK
6
CONTINUOUS
10
6.0092125984251963
20
-4.0800000000000001
11
6.0092125984251963
21
-4.0199999999999996
0
LINE
8
BLACK
6
CONTINUOUS
10
6.0092125984251963
20
-4.0199999999999996
11
6.0692125984251968
21
-4.0199999999999996
0
LINE
8
BLACK
6
CONTINUOUS
10
6.0692125984251968
20
-4.0199999999999996
11
6.0692125984251968
21
-4.0800000000000001
0
LINE
8
BLACK
6
CONTINUOUS
10
6.1696062992125986
20
-4.0800000000000001
11
6.1096062992125981
21
-4.0800000000000001
0
LINE
8
BLACK
6
CONTINUOUS
10
6.1096062992125981
20
-4.0800000000000001
11
6.1096062992125981
21
-4.0199999999999996
0
LINE
8
BLACK
6
CONTINUOUS
10
6.1096062992125981
20
-4.0199999999999996
11
6.1696062992125986
21
-4.0199999999999996
0
LINE
8
BLACK
6
CONTINUOUS
10
6.1696062992125986
20
-4.0199999999999996
11
6.1696062992125986
21
-4.0800000000000001
0
LINE
8
BLACK
6
CONTINUOUS
10
6.2699999999999996
20
-4.0800000000000001
11
6.21
21
-4.0800000000000001
0
LINE
8
BLACK
6
CONTINUOUS
10
6.21
20
-4.0800000000000001
11
6.21
21
-4.0199999999999996
0
LINE
8
BLACK
6
CONTINUOUS
10
6.21
20
-4.0199999999999996
11
6.2699999999999996
21
-4.0199999999999996
0
LINE
8
BLACK
6
CONTINUOUS
10
6.2699999999999996
20
-4.0199999999999996
11
6.2699999999999996
21
-4.0800000000000001
0
LINE
8
BLACK
6
CONTINUOUS
10
6.3703937007874014
20
-4.0800000000000001
11
6.3103937007874018
21
-4.0800000000000001
0
LINE
8
BLACK
6
CONTINUOUS
10
6.3103937007874018
20
-4.0800000000000001
11
6.3103937007874018
21
-4.0199999999999996
0
LINE
8
BLACK
6
CONTINUOUS
10
6.3103937007874018
20
-4.0199999999999996
11
6.3703937007874014
21
-4.0199999999999996
0
LINE
8
BLACK
6
CONTINUOUS
10
6.3703937007874014
20
-4.0199999999999996
11
6.3703937007874014
21
-4.0800000000000001
0
LINE
8
BLACK
6
CONTINUOUS
10
6.4707874015748033
20
-4.0800000000000001
11
6.4107874015748028
21
-4.0800000000000001
0
LINE
8
BLACK
6
CONTINUOUS
10
6.4107874015748028
20
-4.0800000000000001
11
6.4107874015748028
21
-4.0199999999999996
0
LINE
8
BLACK
6
CONTINUOUS
10
6.4107874015748028
20
-4.0199999999999996
11
6.4707874015748033
21
-4.0199999999999996
0
LINE
8
BLACK
6
CONTINUOUS
10
6.4707874015748033
20
-4.0199999999999996
11
6.4707874015748033
21
-4.0800000000000001
0
LINE
8
BLACK
6
CONTINUOUS
10
6.6088188976377955
20
-4.0800000000000001
11
6.548818897637795
21
-4.0800000000000001
0
LINE
8
BLACK
6
CONTINUOUS
10
6.548818897637795
20
-4.0800000000000001
11
6.548818897637795
21
-4.0199999999999996
0
LINE
8
BLACK
6
CONTINUOUS
10
6.548818897637795
20
-4.0199999999999996
11
6.6088188976377955
21
-4.0199999999999996
0
LINE
8
BLACK
6
CONTINUOUS
10
6.6088188976377955
20
-4.0199999999999996
11
6.6088188976377955
21
-4.0800000000000001
0
LINE
8
BLACK
6
CONTINUOUS
10
6.7092125984251965
20
-4.0800000000000001
11
6.6492125984251969
21
-4.0800000000000001
0
LINE
8
BLACK
6
CONTINUOUS
10
6.6492125984251969
20
-4.0800000000000001
11
6.6492125984251969
21
-4.0199999999999996
0
LINE
8
BLACK
6
CONTINUOUS
10
6.6492125984251969
20
-4.0199999999999996
11
6.7092125984251965
21
-4.0199999999999996
0
LINE
8
BLACK
6
CONTINUOUS
10
6.7092125984251965
20
-4.0199999999999996
11
6.7092125984251965
21
-4.0800000000000001
0
LINE
8
BLACK
6
CONTINUOUS
10
6.8096062992125983
20
-4.0800000000000001
11
6.7496062992125987
21
-4.0800000000000001
0
LINE
8
BLACK
6
CONTINUOUS
10
6.7496062992125987
20
-4.0800000000000001
11
6.7496062992125987
21
-4.0199999999999996
0
LINE
8
BLACK
6
CONTINUOUS
10
6.7496062992125987
20
-4.0199999999999996
11
6.8096062992125983
21
-4.0199999999999996
0
LINE
8
BLACK
6
CONTINUOUS
10
6.8096062992125983
20
-4.0199999999999996
11
6.8096062992125983
21
-4.0800000000000001
0
LINE
8
BLACK
6
CONTINUOUS
10
6.9100000000000001
20
-4.0800000000000001
11
6.8499999999999996
21
-4.0800000000000001
0
LINE
8
BLACK
6
CONTINUOUS
10
6.8499999999999996
20
-4.0800000000000001
11
6.8499999999999996
21
-4.0199999999999996
0
LINE
8
BLACK
6
CONTINUOUS
10
6.8499999999999996
20
-4.0199999999999996
11
6.9100000000000001
21
-4.0199999999999996
0
LINE
8
BLACK
6
CONTINUOUS
10
6.9100000000000001
20
-4.0199999999999996
11
6.9100000000000001
21
-4.0800000000000001
0
LINE
8
BLACK
6
CONTINUOUS
10
7.2680165748031493
20
-3.9304922047244095
11
7.2698470078740156
21
-3.9326046456692914
0
LINE
8
BLACK
6
CONTINUOUS
10
7.2698470078740156
20
-3.9326046456692914
11
7.2702952755905512
21
-3.9346653543307086
0
LINE
8
BLACK
6
CONTINUOUS
10
7.2702952755905512
20
-3.9346653543307086
11
7.2702952755905512
21
-5.0653346456692914
0
LINE
8
BLACK
6
CONTINUOUS
10
7.2702952755905512
20
-5.0653346456692914
11
7.2695077952755902
21
-5.0680165748031492
0
LINE
8
BLACK
6
CONTINUOUS
10
7.2695077952755902
20
-5.0680165748031492
11
7.2673953543307084
21
-5.0698470078740154
0
LINE
8
BLACK
6
CONTINUOUS
10
7.2673953543307084
20
-5.0698470078740154
11
7.2653346456692915
21
-5.070295275590551
0
LINE
8
BLACK
6
CONTINUOUS
10
7.2653346456692915
20
-5.070295275590551
11
5.3346653543307081
21
-5.070295275590551
0
LINE
8
BLACK
6
CONTINUOUS
10
5.3346653543307081
20
-5.070295275590551
11
5.3319834251968503
21
-5.06950779527559
0
LINE
8
BLACK
6
CONTINUOUS
10
5.3319834251968503
20
-5.06950779527559
11
5.330152992125984
21
-5.0673953543307082
0
LINE
8
BLACK
6
CONTINUOUS
10
5.330152992125984
20
-5.0673953543307082
11
5.3297047244094484
21
-5.0653346456692914
0
LINE
8
BLACK
6
CONTINUOUS
10
5.3297047244094484
20
-5.0653346456692914
11
5.3297047244094484
21
-4.6480866929133855
0
LINE
8
BLACK
6
CONTINUOUS
10
5.3297047244094484
20
-4.6480866929133855
11
5.3297047244094484
21
-4.5490129921259843
0
LINE
8
BLACK
6
CONTINUOUS
10
5.3297047244094484
20
-4.5490129921259843
11
5.3297047244094484
21
-4.4480866929133853
0
LINE
8
BLACK
6
CONTINUOUS
10
5.3297047244094484
20
-4.4480866929133853
11
5.3297047244094484
21
-4.3949999606299208
0
LINE
8
BLACK
6
CONTINUOUS
10
5.3297047244094484
20
-4.3949999606299208
11
5.3297047244094484
21
-4.3307086220472444
0
LINE
8
BLACK
6
CONTINUOUS
10
5.3297047244094484
20
-4.3307086220472444
11
5.3297047244094484
21
-4.0180866929133856
0
LINE
8
BLACK
6
CONTINUOUS
10
5.3297047244094484
20
-4.0180866929133856
11
5.3297047244094484
21
-3.9346653543307086
0
LINE
8
BLACK
6
CONTINUOUS
10
5.3297047244094484
20
-3.9346653543307086
11
5.3304922047244094
21
-3.9319834251968504
0
LINE
8
BLACK
6
CONTINUOUS
10
5.3304922047244094
20
-3.9319834251968504
11
5.3326046456692913
21
-3.9301529921259841
0
LINE
8
BLACK
6
CONTINUOUS
10
5.3326046456692913
20
-3.9301529921259841
11
5.3346653543307081
21
-3.9297047244094485
0
LINE
8
BLACK
6
CONTINUOUS
10
5.3346653543307081
20
-3.9297047244094485
11
7.2653346456692915
21
-3.9297047244094485
0
LINE
8
BLACK
6
CONTINUOUS
10
7.2653346456692915
20
-3.9297047244094485
11
7.2680165748031493
21
-3.9304922047244095
0
LINE
8
BLACK
6
CONTINUOUS
10
5.7446160236220472
20
-4.4569219291338582
11
5.7420449606299213
21
-4.4579869291338579
0
LINE
8
BLACK
6
CONTINUOUS
10
5.7420449606299213
20
-4.4579869291338579
11
5.7393054330708662
21
-4.4591216929133859
0
LINE
8
BLACK
6
CONTINUOUS
10
5.7393054330708662
20
-4.4591216929133859
11
5.7393053937007874
21
-4.4591217322834646
0
LINE
8
BLACK
6
CONTINUOUS
10
5.7393053937007874
20
-4.4591217322834646
11
5.7393053543307087
21
-4.4591217322834646
0
LINE
8
BLACK
6
CONTINUOUS
10
5.7393053543307087
20
-4.4591217322834646
11
5.7347451181102365
21
-4.4626209448818894
0
LINE
8
BLACK
6
CONTINUOUS
10
5.7347451181102365
20
-4.4626209448818894
11
5.7312459055118108
21
-4.4671811811023625
0
LINE
8
BLACK
6
CONTINUOUS
10
5.7312459055118108
20
-4.4671811811023625
11
5.731245866141732
21
-4.46718125984252
0
LINE
8
BLACK
6
CONTINUOUS
10
5.731245866141732
20
-4.46718125984252
11
5.7303870078740156
21
-4.4692547244094492
0
LINE
8
BLACK
6
CONTINUOUS
10
5.7303870078740156
20
-4.4692547244094492
11
5.7290461023622044
21
-4.472491850393701
0
LINE
8
BLACK
6
CONTINUOUS
10
5.7290461023622044
20
-4.472491850393701
11
5.7282958661417318
21
-4.478190748031496
0
LINE
8
BLACK
6
CONTINUOUS
10
5.7282958661417318
20
-4.478190748031496
11
5.7282958661417318
21
-4.4781907874015747
0
LINE
8
BLACK
6
CONTINUOUS
10
5.7282958661417318
20
-4.4781907874015747
11
5.7290461023622044
21
-4.4838896850393697
0
LINE
8
BLACK
6
CONTINUOUS
10
5.7290461023622044
20
-4.4838896850393697
11
5.7312458267716533
21
-4.4892002755905507
0
LINE
8
BLACK
6
CONTINUOUS
10
5.7312458267716533
20
-4.4892002755905507
11
5.731246023622047
21
-4.4892005905511807
0
LINE
8
BLACK
6
CONTINUOUS
10
5.731246023622047
20
-4.4892005905511807
11
5.734348897637795
21
-4.4932442913385824
0
LINE
8
BLACK
6
CONTINUOUS
10
5.734348897637795
20
-4.4932442913385824
11
5.7353568110236219
21
-4.4958513779527562
0
LINE
8
BLACK
6
CONTINUOUS
10
5.7353568110236219
20
-4.4958513779527562
11
5.7353740157480315
21
-4.4962641338582676
0
LINE
8
BLACK
6
CONTINUOUS
10
5.7353740157480315
20
-4.4962641338582676
11
5.7353740157480315
21
-4.6333977559055119
0
LINE
8
BLACK
6
CONTINUOUS
10
5.7353740157480315
20
-4.6333977559055119
11
5.7353739763779528
21
-4.6333984645669286
0
LINE
8
BLACK
6
CONTINUOUS
10
5.7353739763779528
20
-4.6333984645669286
11
5.7353739763779528
21
-4.6337022834645669
0
LINE
8
BLACK
6
CONTINUOUS
10
5.7353739763779528
20
-4.6337022834645669
11
5.7353739763779528
21
-4.6376362992125983
0
LINE
8
BLACK
6
CONTINUOUS
10
5.7353739763779528
20
-4.6376362992125983
11
5.735930590551181
21
-4.6397135039370081
0
LINE
8
BLACK
6
CONTINUOUS
10
5.735930590551181
20
-4.6397135039370081
11
5.7359406299212594
21
-4.6397509842519682
0
LINE
8
BLACK
6
CONTINUOUS
10
5.7359406299212594
20
-4.6397509842519682
11
5.7359406299212594
21
-4.6397512598425195
0
LINE
8
BLACK
6
CONTINUOUS
10
5.7359406299212594
20
-4.6397512598425195
11
5.7363921653543306
21
-4.6414362204724409
0
LINE
8
BLACK
6
CONTINUOUS
10
5.7363921653543306
20
-4.6414362204724409
11
5.7383590944881888
21
-4.64484311023622
0
LINE
8
BLACK
6
CONTINUOUS
10
5.7383590944881888
20
-4.64484311023622
11
5.7383594094488188
21
-4.6448435039370075
0
LINE
8
BLACK
6
CONTINUOUS
10
5.7383594094488188
20
-4.6448435039370075
11
5.7414234645669291
21
-4.6479075590551178
0
LINE
8
BLACK
6
CONTINUOUS
10
5.7414234645669291
20
-4.6479075590551178
11
5.7414240157480316
21
-4.6479080314960628
0
LINE
8
BLACK
6
CONTINUOUS
10
5.7414240157480316
20
-4.6479080314960628
11
5.7732911417322832
21
-4.6797751574803153
0
LINE
8
BLACK
6
CONTINUOUS
10
5.7732911417322832
20
-4.6797751574803153
11
5.7746307480314956
21
-4.6822283858267717
0
LINE
8
BLACK
6
CONTINUOUS
10
5.7746307480314956
20
-4.6822283858267717
11
5.7747440944881889
21
-4.6832828346456692
0
LINE
8
BLACK
6
CONTINUOUS
10
5.7747440944881889
20
-4.6832828346456692
11
5.7747440944881889
21
-4.734046614173228
0
LINE
8
BLACK
6
CONTINUOUS
10
5.7747440944881889
20
-4.734046614173228
11
5.7747440551181102
21
-4.7340473228346456
0
LINE
8
BLACK
6
CONTINUOUS
10
5.7747440551181102
20
-4.7340473228346456
11
5.7747440551181102
21
-4.734351141732283
0
LINE
8
BLACK
6
CONTINUOUS
10
5.7747440551181102
20
-4.734351141732283
11
5.7747440551181102
21
-4.7382851574803144
0
LINE
8
BLACK
6
CONTINUOUS
10
5.7747440551181102
20
-4.7382851574803144
11
5.775514763779527
21
-4.7411613779527562
0
LINE
8
BLACK
6
CONTINUOUS
10
5.775514763779527
20
-4.7411613779527562
11
5.775514763779527
21
-4.7411614173228349
0
LINE
8
BLACK
6
CONTINUOUS
10
5.775514763779527
20
-4.7411614173228349
11
5.775762244094488
21
-4.7420851181102357
0
LINE
8
BLACK
6
CONTINUOUS
10
5.775762244094488
20
-4.7420851181102357
11
5.7777291732283462
21
-4.745491968503937
0
LINE
8
BLACK
6
CONTINUOUS
10
5.7777291732283462
20
-4.745491968503937
11
5.7777294881889762
21
-4.7454923622047245
0
LINE
8
BLACK
6
CONTINUOUS
10
5.7777294881889762
20
-4.7454923622047245
11
5.7807935433070865
21
-4.7485564173228347
0
LINE
8
BLACK
6
CONTINUOUS
10
5.7807935433070865
20
-4.7485564173228347
11
5.780794094488189
21
-4.7485568897637798
0
LINE
8
BLACK
6
CONTINUOUS
10
5.780794094488189
20
-4.7485568897637798
11
5.7995497637795275
21
-4.7673125590551182
0
LINE
8
BLACK
6
CONTINUOUS
10
5.7995497637795275
20
-4.7673125590551182
11
5.8008893700787398
21
-4.7697657874015746
0
LINE
8
BLACK
6
CONTINUOUS
10
5.8008893700787398
20
-4.7697657874015746
11
5.8009602755905512
21
-4.7701727165354333
0
LINE
8
BLACK
6
CONTINUOUS
10
5.8009602755905512
20
-4.7701727165354333
11
5.8016255905511809
21
-4.7752264566929137
0
LINE
8
BLACK
6
CONTINUOUS
10
5.8016255905511809
20
-4.7752264566929137
11
5.8038253149606298
21
-4.7805370472440947
0
LINE
8
BLACK
6
CONTINUOUS
10
5.8038253149606298
20
-4.7805370472440947
11
5.8038255118110236
21
-4.7805373622047247
0
LINE
8
BLACK
6
CONTINUOUS
10
5.8038255118110236
20
-4.7805373622047247
11
5.8073245669291333
21
-4.7850974015748031
0
LINE
8
BLACK
6
CONTINUOUS
10
5.8073245669291333
20
-4.7850974015748031
11
5.8118846062992127
21
-4.7885964566929129
0
LINE
8
BLACK
6
CONTINUOUS
10
5.8118846062992127
20
-4.7885964566929129
11
5.8118848818897639
21
-4.7885966535433067
0
LINE
8
BLACK
6
CONTINUOUS
10
5.8118848818897639
20
-4.7885966535433067
11
5.8171954724409449
21
-4.7907963779527556
0
LINE
8
BLACK
6
CONTINUOUS
10
5.8171954724409449
20
-4.7907963779527556
11
5.8228944488188974
21
-4.7915466535433069
0
LINE
8
BLACK
6
CONTINUOUS
10
5.8228944488188974
20
-4.7915466535433069
11
5.8285934251968499
21
-4.7907963779527556
0
LINE
8
BLACK
6
CONTINUOUS
10
5.8285934251968499
20
-4.7907963779527556
11
5.8339040157480317
21
-4.7885966535433067
0
LINE
8
BLACK
6
CONTINUOUS
10
5.8339040157480317
20
-4.7885966535433067
11
5.8384642913385827
21
-4.7850974015748031
0
LINE
8
BLACK
6
CONTINUOUS
10
5.8384642913385827
20
-4.7850974015748031
11
5.8419635433070862
21
-4.7805371259842522
0
LINE
8
BLACK
6
CONTINUOUS
10
5.8419635433070862
20
-4.7805371259842522
11
5.8441632677165352
21
-4.7752265354330712
0
LINE
8
BLACK
6
CONTINUOUS
10
5.8441632677165352
20
-4.7752265354330712
11
5.8449135433070865
21
-4.7695275590551178
0
LINE
8
BLACK
6
CONTINUOUS
10
5.8449135433070865
20
-4.7695275590551178
11
5.8441632677165352
21
-4.7638285826771654
0
LINE
8
BLACK
6
CONTINUOUS
10
5.8441632677165352
20
-4.7638285826771654
11
5.8419635433070862
21
-4.7585180314960631
0
LINE
8
BLACK
6
CONTINUOUS
10
5.8419635433070862
20
-4.7585180314960631
11
5.8384642913385827
21
-4.7539577165354325
0
LINE
8
BLACK
6
CONTINUOUS
10
5.8384642913385827
20
-4.7539577165354325
11
5.8384642125984252
21
-4.7539576377952759
0
LINE
8
BLACK
6
CONTINUOUS
10
5.8384642125984252
20
-4.7539576377952759
11
5.8384641732283464
21
-4.7539575984251972
0
LINE
8
BLACK
6
CONTINUOUS
10
5.8384641732283464
20
-4.7539575984251972
11
5.8339041732283468
21
-4.7504585433070865
0
LINE
8
BLACK
6
CONTINUOUS
10
5.8339041732283468
20
-4.7504585433070865
11
5.8338340944881892
21
-4.75041811023622
0
LINE
8
BLACK
6
CONTINUOUS
10
5.8338340944881892
20
-4.75041811023622
11
5.8337867716535428
21
-4.7503684645669288
0
LINE
8
BLACK
6
CONTINUOUS
10
5.8337867716535428
20
-4.7503684645669288
11
5.8336460629921261
21
-4.7502605118110237
0
LINE
8
BLACK
6
CONTINUOUS
10
5.8336460629921261
20
-4.7502605118110237
11
5.8336628740157481
21
-4.7502385433070868
0
LINE
8
BLACK
6
CONTINUOUS
10
5.8336628740157481
20
-4.7502385433070868
11
5.8319052362204724
21
-4.7483951968503932
0
LINE
8
BLACK
6
CONTINUOUS
10
5.8319052362204724
20
-4.7483951968503932
11
5.8313761811023621
21
-4.7456505905511808
0
LINE
8
BLACK
6
CONTINUOUS
10
5.8313761811023621
20
-4.7456505905511808
11
5.8324150000000001
21
-4.7430556299212601
0
LINE
8
BLACK
6
CONTINUOUS
10
5.8324150000000001
20
-4.7430556299212601
11
5.8346918503937006
21
-4.7414342519685038
0
LINE
8
BLACK
6
CONTINUOUS
10
5.8346918503937006
20
-4.7414342519685038
11
5.8363143700787399
21
-4.7411614173228349
0
LINE
8
BLACK
6
CONTINUOUS
10
5.8363143700787399
20
-4.7411614173228349
11
5.9271108661417324
21
-4.7411614173228349
0
LINE
8
BLACK
6
CONTINUOUS
10
5.9271108661417324
20
-4.7411614173228349
11
5.9297927952755902
21
-4.741948897637795
0
LINE
8
BLACK
6
CONTINUOUS
10
5.9297927952755902
20
-4.741948897637795
11
5.9306185433070864
21
-4.7426143700787398
0
LINE
8
BLACK
6
CONTINUOUS
10
5.9306185433070864
20
-4.7426143700787398
11
5.9553167322834648
21
-4.7673125590551182
0
LINE
8
BLACK
6
CONTINUOUS
10
5.9553167322834648
20
-4.7673125590551182
11
5.9566563385826772
21
-4.7697657874015746
0
LINE
8
BLACK
6
CONTINUOUS
10
5.9566563385826772
20
-4.7697657874015746
11
5.9567272440944876
21
-4.7701727165354333
0
LINE
8
BLACK
6
CONTINUOUS
10
5.9567272440944876
20
-4.7701727165354333
11
5.9573925590551182
21
-4.7752264566929137
0
LINE
8
BLACK
6
CONTINUOUS
10
5.9573925590551182
20
-4.7752264566929137
11
5.9595922834645672
21
-4.7805370472440947
0
LINE
8
BLACK
6
CONTINUOUS
10
5.9595922834645672
20
-4.7805370472440947
11
5.9595924803149609
21
-4.7805373622047247
0
LINE
8
BLACK
6
CONTINUOUS
10
5.9595924803149609
20
-4.7805373622047247
11
5.9630915354330707
21
-4.7850974015748031
0
LINE
8
BLACK
6
CONTINUOUS
10
5.9630915354330707
20
-4.7850974015748031
11
5.9676515748031491
21
-4.7885964566929129
0
LINE
8
BLACK
6
CONTINUOUS
10
5.9676515748031491
20
-4.7885964566929129
11
5.9676518503937004
21
-4.7885966535433067
0
LINE
8
BLACK
6
CONTINUOUS
10
5.9676518503937004
20
-4.7885966535433067
11
5.9729624409448814
21
-4.7907963779527556
0
LINE
8
BLACK
6
CONTINUOUS
10
5.9729624409448814
20
-4.7907963779527556
11
5.9786614173228347
21
-4.7915466535433069
0
LINE
8
BLACK
6
CONTINUOUS
10
5.9786614173228347
20
-4.7915466535433069
11
5.9843603937007872
21
-4.7907963779527556
0
LINE
8
BLACK
6
CONTINUOUS
10
5.9843603937007872
20
-4.7907963779527556
11
5.9896709842519682
21
-4.7885966535433067
0
LINE
8
BLACK
6
CONTINUOUS
10
5.9896709842519682
20
-4.7885966535433067
11
5.9942312598425191
21
-4.7850974015748031
0
LINE
8
BLACK
6
CONTINUOUS
10
5.9942312598425191
20
-4.7850974015748031
11
5.9977305118110236
21
-4.7805371259842522
0
LINE
8
BLACK
6
CONTINUOUS
10
5.9977305118110236
20
-4.7805371259842522
11
5.9999302362204725
21
-4.7752265354330712
0
LINE
8
BLACK
6
CONTINUOUS
10
5.9999302362204725
20
-4.7752265354330712
11
6.0006805118110238
21
-4.7695275590551178
0
LINE
8
BLACK
6
CONTINUOUS
10
6.0006805118110238
20
-4.7695275590551178
11
5.9999302362204725
21
-4.7638285826771654
0
LINE
8
BLACK
6
CONTINUOUS
10
5.9999302362204725
20
-4.7638285826771654
11
5.9977305118110236
21
-4.7585180314960631
0
LINE
8
BLACK
6
CONTINUOUS
10
5.9977305118110236
20
-4.7585180314960631
11
5.9942312598425191
21
-4.7539577165354325
0
LINE
8
BLACK
6
CONTINUOUS
10
5.9942312598425191
20
-4.7539577165354325
11
5.9942311811023616
21
-4.7539576377952759
0
LINE
8
BLACK
6
CONTINUOUS
10
5.9942311811023616
20
-4.7539576377952759
11
5.9942311417322829
21
-4.7539575984251972
0
LINE
8
BLACK
6
CONTINUOUS
10
5.9942311417322829
20
-4.7539575984251972
11
5.9896712204724407
21
-4.750458622047244
0
LINE
8
BLACK
6
CONTINUOUS
10
5.9896712204724407
20
-4.750458622047244
11
5.9896709055118107
21
-4.7504584251968502
0
LINE
8
BLACK
6
CONTINUOUS
10
5.9896709055118107
20
-4.7504584251968502
11
5.9843603149606297
21
-4.7482587007874013
0
LINE
8
BLACK
6
CONTINUOUS
10
5.9843603149606297
20
-4.7482587007874013
11
5.9793065748031493
21
-4.7475933858267716
0
LINE
8
BLACK
6
CONTINUOUS
10
5.9793065748031493
20
-4.7475933858267716
11
5.9767503937007875
21
-4.7464625590551179
0
LINE
8
BLACK
6
CONTINUOUS
10
5.9767503937007875
20
-4.7464625590551179
11
5.9764464173228342
21
-4.7461828740157479
0
LINE
8
BLACK
6
CONTINUOUS
10
5.9764464173228342
20
-4.7461828740157479
11
5.9475930708661418
21
-4.7173295275590554
0
LINE
8
BLACK
6
CONTINUOUS
10
5.9475930708661418
20
-4.7173295275590554
11
5.9475925984251967
21
-4.7173289763779529
0
LINE
8
BLACK
6
CONTINUOUS
10
5.9475925984251967
20
-4.7173289763779529
11
5.9445285433070865
21
-4.7142649212598426
0
LINE
8
BLACK
6
CONTINUOUS
10
5.9445285433070865
20
-4.7142649212598426
11
5.9445281496062989
21
-4.7142646062992126
0
LINE
8
BLACK
6
CONTINUOUS
10
5.9445281496062989
20
-4.7142646062992126
11
5.9411212598425198
21
-4.7122976771653544
0
LINE
8
BLACK
6
CONTINUOUS
10
5.9411212598425198
20
-4.7122976771653544
11
5.940719803149606
21
-4.7121901181102359
0
LINE
8
BLACK
6
CONTINUOUS
10
5.940719803149606
20
-4.7121901181102359
11
5.9403182677165356
21
-4.7120825196850395
0
LINE
8
BLACK
6
CONTINUOUS
10
5.9403182677165356
20
-4.7120825196850395
11
5.9373214566929136
21
-4.7112794881889766
0
LINE
8
BLACK
6
CONTINUOUS
10
5.9373214566929136
20
-4.7112794881889766
11
5.9373213385826773
21
-4.7112794881889766
0
LINE
8
BLACK
6
CONTINUOUS
10
5.9373213385826773
20
-4.7112794881889766
11
5.9333873228346459
21
-4.7112794881889766
0
LINE
8
BLACK
6
CONTINUOUS
10
5.9333873228346459
20
-4.7112794881889766
11
5.9330834645669288
21
-4.7112794881889766
0
LINE
8
BLACK
6
CONTINUOUS
10
5.9330834645669288
20
-4.7112794881889766
11
5.9330828346456688
21
-4.7112795275590553
0
LINE
8
BLACK
6
CONTINUOUS
10
5.9330828346456688
20
-4.7112795275590553
11
5.8412355905511806
21
-4.7112795275590553
0
LINE
8
BLACK
6
CONTINUOUS
10
5.8412355905511806
20
-4.7112795275590553
11
5.8385536614173228
21
-4.7104920472440943
0
LINE
8
BLACK
6
CONTINUOUS
10
5.8385536614173228
20
-4.7104920472440943
11
5.8377279133858266
21
-4.7098265748031496
0
LINE
8
BLACK
6
CONTINUOUS
10
5.8377279133858266
20
-4.7098265748031496
11
5.8336379921259844
21
-4.7057366535433074
0
LINE
8
BLACK
6
CONTINUOUS
10
5.8336379921259844
20
-4.7057366535433074
11
5.8322983858267712
21
-4.7032834251968501
0
LINE
8
BLACK
6
CONTINUOUS
10
5.8322983858267712
20
-4.7032834251968501
11
5.8321850393700787
21
-4.7022289763779526
0
LINE
8
BLACK
6
CONTINUOUS
10
5.8321850393700787
20
-4.7022289763779526
11
5.8321850393700787
21
-4.6655954724409447
0
LINE
8
BLACK
6
CONTINUOUS
10
5.8321850393700787
20
-4.6655954724409447
11
5.8321850787401575
21
-4.665594960629921
0
LINE
8
BLACK
6
CONTINUOUS
10
5.8321850787401575
20
-4.665594960629921
11
5.8321850787401575
21
-4.6612613385826771
0
LINE
8
BLACK
6
CONTINUOUS
10
5.8321850787401575
20
-4.6612613385826771
11
5.8321850393700787
21
-4.6612611811023621
0
LINE
8
BLACK
6
CONTINUOUS
10
5.8321850393700787
20
-4.6612611811023621
11
5.8311668897637796
21
-4.6574614173228346
0
LINE
8
BLACK
6
CONTINUOUS
10
5.8311668897637796
20
-4.6574614173228346
11
5.8291999212598427
21
-4.6540544881889767
0
LINE
8
BLACK
6
CONTINUOUS
10
5.8291999212598427
20
-4.6540544881889767
11
5.8291996062992126
21
-4.6540540944881892
0
LINE
8
BLACK
6
CONTINUOUS
10
5.8291996062992126
20
-4.6540540944881892
11
5.8262452755905514
21
-4.6510997637795271
0
LINE
8
BLACK
6
CONTINUOUS
10
5.8262452755905514
20
-4.6510997637795271
11
5.8262443700787401
21
-4.6510989370078741
0
LINE
8
BLACK
6
CONTINUOUS
10
5.8262443700787401
20
-4.6510989370078741
11
5.8024395275590548
21
-4.6272940944881888
0
LINE
8
BLACK
6
CONTINUOUS
10
5.8024395275590548
20
-4.6272940944881888
11
5.8010999212598424
21
-4.6248408661417324
0
LINE
8
BLACK
6
CONTINUOUS
10
5.8010999212598424
20
-4.6248408661417324
11
5.8012993307086616
21
-4.6220528740157478
0
LINE
8
BLACK
6
CONTINUOUS
10
5.8012993307086616
20
-4.6220528740157478
11
5.8013635826771655
21
-4.6218895275590546
0
LINE
8
BLACK
6
CONTINUOUS
10
5.8013635826771655
20
-4.6218895275590546
11
5.8030798425196846
21
-4.6177462204724407
0
LINE
8
BLACK
6
CONTINUOUS
10
5.8030798425196846
20
-4.6177462204724407
11
5.8038301181102359
21
-4.6120472440944882
0
LINE
8
BLACK
6
CONTINUOUS
10
5.8038301181102359
20
-4.6120472440944882
11
5.8030798425196846
21
-4.6063482677165357
0
LINE
8
BLACK
6
CONTINUOUS
10
5.8030798425196846
20
-4.6063482677165357
11
5.8008801181102365
21
-4.6010377165354326
0
LINE
8
BLACK
6
CONTINUOUS
10
5.8008801181102365
20
-4.6010377165354326
11
5.7973808661417321
21
-4.5964774015748029
0
LINE
8
BLACK
6
CONTINUOUS
10
5.7973808661417321
20
-4.5964774015748029
11
5.7973807874015746
21
-4.5964773228346454
0
LINE
8
BLACK
6
CONTINUOUS
10
5.7973807874015746
20
-4.5964773228346454
11
5.7973807480314958
21
-4.5964772834645666
0
LINE
8
BLACK
6
CONTINUOUS
10
5.7973807480314958
20
-4.5964772834645666
11
5.7928208267716537
21
-4.5929783070866144
0
LINE
8
BLACK
6
CONTINUOUS
10
5.7928208267716537
20
-4.5929783070866144
11
5.7928205118110236
21
-4.5929781102362206
0
LINE
8
BLACK
6
CONTINUOUS
10
5.7928205118110236
20
-4.5929781102362206
11
5.7875099212598426
21
-4.5907783858267717
0
LINE
8
BLACK
6
CONTINUOUS
10
5.7875099212598426
20
-4.5907783858267717
11
5.7818110236220468
21
-4.5900281496062991
0
LINE
8
BLACK
6
CONTINUOUS
10
5.7818110236220468
20
-4.5900281496062991
11
5.7761120866141731
21
-4.5907783858267717
0
LINE
8
BLACK
6
CONTINUOUS
10
5.7761120866141731
20
-4.5907783858267717
11
5.7743153543307084
21
-4.5915226377952756
0
LINE
8
BLACK
6
CONTINUOUS
10
5.7743153543307084
20
-4.5915226377952756
11
5.7721148031496066
21
-4.5924341338582675
0
LINE
8
BLACK
6
CONTINUOUS
10
5.7721148031496066
20
-4.5924341338582675
11
5.7693357874015749
21
-4.5927329133858263
0
LINE
8
BLACK
6
CONTINUOUS
10
5.7693357874015749
20
-4.5927329133858263
11
5.7668362992125983
21
-4.5914817716535428
0
LINE
8
BLACK
6
CONTINUOUS
10
5.7668362992125983
20
-4.5914817716535428
11
5.7654100000000001
21
-4.589077913385827
0
LINE
8
BLACK
6
CONTINUOUS
10
5.7654100000000001
20
-4.589077913385827
11
5.7652559055118111
21
-4.5878511023622046
0
LINE
8
BLACK
6
CONTINUOUS
10
5.7652559055118111
20
-4.5878511023622046
11
5.7652559055118111
21
-4.4962641338582676
0
LINE
8
BLACK
6
CONTINUOUS
10
5.7652559055118111
20
-4.4962641338582676
11
5.7660433858267712
21
-4.4935822047244089
0
LINE
8
BLACK
6
CONTINUOUS
10
5.7660433858267712
20
-4.4935822047244089
11
5.7662810236220468
21
-4.4932442913385824
0
LINE
8
BLACK
6
CONTINUOUS
10
5.7662810236220468
20
-4.4932442913385824
11
5.7682291732283462
21
-4.4907053937007877
0
LINE
8
BLACK
6
CONTINUOUS
10
5.7682291732283462
20
-4.4907053937007877
11
5.7693840551181097
21
-4.4892003543307082
0
LINE
8
BLACK
6
CONTINUOUS
10
5.7693840551181097
20
-4.4892003543307082
11
5.7715837795275586
21
-4.4838897637795272
0
LINE
8
BLACK
6
CONTINUOUS
10
5.7715837795275586
20
-4.4838897637795272
11
5.7723340551181099
21
-4.4781907874015747
0
LINE
8
BLACK
6
CONTINUOUS
10
5.7723340551181099
20
-4.4781907874015747
11
5.7715837795275586
21
-4.4724918110236223
0
LINE
8
BLACK
6
CONTINUOUS
10
5.7715837795275586
20
-4.4724918110236223
11
5.7693840551181097
21
-4.46718125984252
0
LINE
8
BLACK
6
CONTINUOUS
10
5.7693840551181097
20
-4.46718125984252
11
5.7658848031496062
21
-4.4626209448818894
0
LINE
8
BLACK
6
CONTINUOUS
10
5.7658848031496062
20
-4.4626209448818894
11
5.7658847244094487
21
-4.4626208661417319
0
LINE
8
BLACK
6
CONTINUOUS
10
5.7658847244094487
20
-4.4626208661417319
11
5.7658846850393699
21
-4.4626208267716532
0
LINE
8
BLACK
6
CONTINUOUS
10
5.7658846850393699
20
-4.4626208267716532
11
5.7613247637795277
21
-4.4591218503937009
0
LINE
8
BLACK
6
CONTINUOUS
10
5.7613247637795277
20
-4.4591218503937009
11
5.7613244488188977
21
-4.4591216535433071
0
LINE
8
BLACK
6
CONTINUOUS
10
5.7613244488188977
20
-4.4591216535433071
11
5.7560138582677167
21
-4.4569219291338582
0
LINE
8
BLACK
6
CONTINUOUS
10
5.7560138582677167
20
-4.4569219291338582
11
5.7503149606299209
21
-4.4561716929133857
0
LINE
8
BLACK
6
CONTINUOUS
10
5.7503149606299209
20
-4.4561716929133857
11
5.7446160236220472
21
-4.4569219291338582
0
LINE
8
BLACK
6
CONTINUOUS
10
5.3799999999999999
20
-4.6899999999999995
11
5.3799999999999999
21
-4.7119132677165352
0
LINE
8
BLACK
6
CONTINUOUS
10
5.3799999999999999
20
-4.7119132677165352
11
5.3802561023622042
21
-4.7142949999999999
0
LINE
8
BLACK
6
CONTINUOUS
10
5.3802561023622042
20
-4.7142949999999999
11
5.3822659448818895
21
-4.7196836220472438
0
LINE
8
BLACK
6
CONTINUOUS
10
5.3822659448818895
20
-4.7196836220472438
11
5.3822659448818895
21
-4.7196836614173225
0
LINE
8
BLACK
6
CONTINUOUS
10
5.3822659448818895
20
-4.7196836614173225
11
5.3857124015748035
21
-4.7242875590551181
0
LINE
8
BLACK
6
CONTINUOUS
10
5.3857124015748035
20
-4.7242875590551181
11
5.3903162992125981
21
-4.7277340157480312
0
LINE
8
BLACK
6
CONTINUOUS
10
5.3903162992125981
20
-4.7277340157480312
11
5.3957049606299208
21
-4.7297438582677165
0
LINE
8
BLACK
6
CONTINUOUS
10
5.3957049606299208
20
-4.7297438582677165
11
5.3980866929133855
21
-4.7299999606299208
0
LINE
8
BLACK
6
CONTINUOUS
10
5.3980866929133855
20
-4.7299999606299208
11
5.3980872047244093
21
-4.7299999999999995
0
LINE
8
BLACK
6
CONTINUOUS
10
5.3980872047244093
20
-4.7299999999999995
11
5.4199999999999999
21
-4.7299999999999995
0
LINE
8
BLACK
6
CONTINUOUS
10
5.4199999999999999
20
-4.7299999999999995
11
5.4199999999999999
21
-4.71
0
LINE
8
BLACK
6
CONTINUOUS
10
5.4199999999999999
20
-4.71
11
5.3999999999999995
21
-4.71
0
LINE
8
BLACK
6
CONTINUOUS
10
5.3999999999999995
20
-4.71
11
5.3999999999999995
21
-4.6899999999999995
0
LINE
8
BLACK
6
CONTINUOUS
10
5.3999999999999995
20
-4.6899999999999995
11
5.3799999999999999
21
-4.6899999999999995
0
LINE
8
BLACK
6
CONTINUOUS
10
5.46
20
-4.6899999999999995
11
5.46
21
-4.71
0
LINE
8
BLACK
6
CONTINUOUS
10
5.46
20
-4.71
11
5.4399999999999995
21
-4.71
0
LINE
8
BLACK
6
CONTINUOUS
10
5.4399999999999995
20
-4.71
11
5.4399999999999995
21
-4.7299999999999995
0
LINE
8
BLACK
6
CONTINUOUS
10
5.4399999999999995
20
-4.7299999999999995
11
5.4619127952755901
21
-4.7299999999999995
0
LINE
8
BLACK
6
CONTINUOUS
10
5.4619127952755901
20
-4.7299999999999995
11
5.4619132677165352
21
-4.7299999606299208
0
LINE
8
BLACK
6
CONTINUOUS
10
5.4619132677165352
20
-4.7299999606299208
11
5.4642949999999999
21
-4.7297438582677165
0
LINE
8
BLACK
6
CONTINUOUS
10
5.4642949999999999
20
-4.7297438582677165
11
5.4696836220472438
21
-4.7277340157480312
0
LINE
8
BLACK
6
CONTINUOUS
10
5.4696836220472438
20
-4.7277340157480312
11
5.4696836614173225
21
-4.7277340157480312
0
LINE
8
BLACK
6
CONTINUOUS
10
5.4696836614173225
20
-4.7277340157480312
11
5.4742875590551181
21
-4.7242875590551181
0
LINE
8
BLACK
6
CONTINUOUS
10
5.4742875590551181
20
-4.7242875590551181
11
5.476028818897638
21
-4.7219615354330706
0
LINE
8
BLACK
6
CONTINUOUS
10
5.476028818897638
20
-4.7219615354330706
11
5.4782664566929133
21
-4.7202864566929135
0
LINE
8
BLACK
6
CONTINUOUS
10
5.4782664566929133
20
-4.7202864566929135
11
5.4810544488188979
21
-4.7200870866141731
0
LINE
8
BLACK
6
CONTINUOUS
10
5.4810544488188979
20
-4.7200870866141731
11
5.4835077165354331
21
-4.7214266535433067
0
LINE
8
BLACK
6
CONTINUOUS
10
5.4835077165354331
20
-4.7214266535433067
11
5.4839711811023619
21
-4.7219615354330706
0
LINE
8
BLACK
6
CONTINUOUS
10
5.4839711811023619
20
-4.7219615354330706
11
5.4857124015748031
21
-4.7242875590551181
0
LINE
8
BLACK
6
CONTINUOUS
10
5.4857124015748031
20
-4.7242875590551181
11
5.4903162992125987
21
-4.7277340157480312
0
LINE
8
BLACK
6
CONTINUOUS
10
5.4903162992125987
20
-4.7277340157480312
11
5.4957049606299213
21
-4.7297438582677165
0
LINE
8
BLACK
6
CONTINUOUS
10
5.4957049606299213
20
-4.7297438582677165
11
5.498086692913386
21
-4.7299999606299208
0
LINE
8
BLACK
6
CONTINUOUS
10
5.498086692913386
20
-4.7299999606299208
11
5.4980872047244089
21
-4.7299999999999995
0
LINE
8
BLACK
6
CONTINUOUS
10
5.4980872047244089
20
-4.7299999999999995
11
5.5199999999999996
21
-4.7299999999999995
0
LINE
8
BLACK
6
CONTINUOUS
10
5.5199999999999996
20
-4.7299999999999995
11
5.5199999999999996
21
-4.71
0
LINE
8
BLACK
6
CONTINUOUS
10
5.5199999999999996
20
-4.71
11
5.5
21
-4.71
0
LINE
8
BLACK
6
CONTINUOUS
10
5.5
20
-4.71
11
5.5
21
-4.6899999999999995
0
LINE
8
BLACK
6
CONTINUOUS
10
5.5
20
-4.6899999999999995
11
5.46
21
-4.6899999999999995
0
LINE
8
BLACK
6
CONTINUOUS
10
5.5599999999999996
20
-4.71
11
5.54
21
-4.71
0
LINE
8
BLACK
6
CONTINUOUS
10
5.54
20
-4.71
11
5.54
21
-4.7299999999999995
0
LINE
8
BLACK
6
CONTINUOUS
10
5.54
20
-4.7299999999999995
11
5.5619127952755907
21
-4.7299999999999995
0
LINE
8
BLACK
6
CONTINUOUS
10
5.5619127952755907
20
-4.7299999999999995
11
5.5619132677165357
21
-4.7299999606299208
0
LINE
8
BLACK
6
CONTINUOUS
10
5.5619132677165357
20
-4.7299999606299208
11
5.5642949999999995
21
-4.7297438582677165
0
LINE
8
BLACK
6
CONTINUOUS
10
5.5642949999999995
20
-4.7297438582677165
11
5.5696836220472443
21
-4.7277340157480312
0
LINE
8
BLACK
6
CONTINUOUS
10
5.5696836220472443
20
-4.7277340157480312
11
5.5696836614173231
21
-4.7277340157480312
0
LINE
8
BLACK
6
CONTINUOUS
10
5.5696836614173231
20
-4.7277340157480312
11
5.5742875590551177
21
-4.7242875590551181
0
LINE
8
BLACK
6
CONTINUOUS
10
5.5742875590551177
20
-4.7242875590551181
11
5.5777340157480317
21
-4.7196836614173225
0
LINE
8
BLACK
6
CONTINUOUS
10
5.5777340157480317
20
-4.7196836614173225
11
5.5777340157480317
21
-4.7196836220472438
0
LINE
8
BLACK
6
CONTINUOUS
10
5.5777340157480317
20
-4.7196836220472438
11
5.5797438582677161
21
-4.7142949999999999
0
LINE
8
BLACK
6
CONTINUOUS
10
5.5797438582677161
20
-4.7142949999999999
11
5.5799999606299213
21
-4.7119132677165352
0
LINE
8
BLACK
6
CONTINUOUS
10
5.5799999606299213
20
-4.7119132677165352
11
5.5800000000000001
21
-4.7119127952755901
0
LINE
8
BLACK
6
CONTINUOUS
10
5.5800000000000001
20
-4.7119127952755901
11
5.5800000000000001
21
-4.6899999999999995
0
LINE
8
BLACK
6
CONTINUOUS
10
5.5800000000000001
20
-4.6899999999999995
11
5.5599999999999996
21
-4.6899999999999995
0
LINE
8
BLACK
6
CONTINUOUS
10
5.5599999999999996
20
-4.6899999999999995
11
5.5599999999999996
21
-4.71
0
LINE
8
BLACK
6
CONTINUOUS
10
6.9885748031496062
20
-4.6460288976377955
11
6.9801782283464568
21
-4.6499442913385822
0
LINE
8
BLACK
6
CONTINUOUS
10
6.9801782283464568
20
-4.6499442913385822
11
6.9712293307086615
21
-4.6523421259842515
0
LINE
8
BLACK
6
CONTINUOUS
10
6.9712293307086615
20
-4.6523421259842515
11
6.9619999999999997
21
-4.6531496062992126
0
LINE
8
BLACK
6
CONTINUOUS
10
6.9619999999999997
20
-4.6531496062992126
11
6.952770669291338
21
-4.6523421259842515
0
LINE
8
BLACK
6
CONTINUOUS
10
6.952770669291338
20
-4.6523421259842515
11
6.9438217716535435
21
-4.6499442913385822
0
LINE
8
BLACK
6
CONTINUOUS
10
6.9438217716535435
20
-4.6499442913385822
11
6.9354251968503933
21
-4.6460288976377955
0
LINE
8
BLACK
6
CONTINUOUS
10
6.9354251968503933
20
-4.6460288976377955
11
6.9323007874015747
21
-4.6438411811023617
0
LINE
8
BLACK
6
CONTINUOUS
10
6.9323007874015747
20
-4.6438411811023617
11
6.9178311811023621
21
-4.6583108267716531
0
LINE
8
BLACK
6
CONTINUOUS
10
6.9178311811023621
20
-4.6583108267716531
11
6.9178312204724408
21
-4.6583108661417318
0
LINE
8
BLACK
6
CONTINUOUS
10
6.9178312204724408
20
-4.6583108661417318
11
6.9223511417322836
21
-4.6616944488188974
0
LINE
8
BLACK
6
CONTINUOUS
10
6.9223511417322836
20
-4.6616944488188974
11
6.9315348425196852
21
-4.6667091338582676
0
LINE
8
BLACK
6
CONTINUOUS
10
6.9315348425196852
20
-4.6667091338582676
11
6.9413388188976377
21
-4.6703658267716532
0
LINE
8
BLACK
6
CONTINUOUS
10
6.9413388188976377
20
-4.6703658267716532
11
6.9515632677165353
21
-4.6725899999999996
0
LINE
8
BLACK
6
CONTINUOUS
10
6.9515632677165353
20
-4.6725899999999996
11
6.9619999999999997
21
-4.6733364173228349
0
LINE
8
BLACK
6
CONTINUOUS
10
6.9619999999999997
20
-4.6733364173228349
11
6.9724366929133854
21
-4.6725899999999996
0
LINE
8
BLACK
6
CONTINUOUS
10
6.9724366929133854
20
-4.6725899999999996
11
6.982661141732283
21
-4.6703658267716532
0
LINE
8
BLACK
6
CONTINUOUS
10
6.982661141732283
20
-4.6703658267716532
11
6.9924651181102364
21
-4.6667091338582676
0
LINE
8
BLACK
6
CONTINUOUS
10
6.9924651181102364
20
-4.6667091338582676
11
7.001648661417323
21
-4.6616945669291336
0
LINE
8
BLACK
6
CONTINUOUS
10
7.001648661417323
20
-4.6616945669291336
11
7.0061687007874012
21
-4.6583108267716531
0
LINE
8
BLACK
6
CONTINUOUS
10
7.0061687007874012
20
-4.6583108267716531
11
7.0061687401574799
21
-4.6583108267716531
0
LINE
8
BLACK
6
CONTINUOUS
10
7.0061687401574799
20
-4.6583108267716531
11
6.9916990944881885
21
-4.6438411811023617
0
LINE
8
BLACK
6
CONTINUOUS
10
6.9916990944881885
20
-4.6438411811023617
11
6.9885748031496062
21
-4.6460288976377955
0
LINE
8
BLACK
6
CONTINUOUS
10
7.1885748031496064
20
-4.6460288976377955
11
7.1801782283464561
21
-4.6499442913385822
0
LINE
8
BLACK
6
CONTINUOUS
10
7.1801782283464561
20
-4.6499442913385822
11
7.1712293307086616
21
-4.6523421259842515
0
LINE
8
BLACK
6
CONTINUOUS
10
7.1712293307086616
20
-4.6523421259842515
11
7.1619999999999999
21
-4.6531496062992126
0
LINE
8
BLACK
6
CONTINUOUS
10
7.1619999999999999
20
-4.6531496062992126
11
7.1527706692913382
21
-4.6523421259842515
0
LINE
8
BLACK
6
CONTINUOUS
10
7.1527706692913382
20
-4.6523421259842515
11
7.1438217716535428
21
-4.6499442913385822
0
LINE
8
BLACK
6
CONTINUOUS
10
7.1438217716535428
20
-4.6499442913385822
11
7.1354251968503934
21
-4.6460288976377955
0
LINE
8
BLACK
6
CONTINUOUS
10
7.1354251968503934
20
-4.6460288976377955
11
7.1323007874015749
21
-4.6438411811023617
0
LINE
8
BLACK
6
CONTINUOUS
10
7.1323007874015749
20
-4.6438411811023617
11
7.1178311811023622
21
-4.6583108267716531
0
LINE
8
BLACK
6
CONTINUOUS
10
7.1178311811023622
20
-4.6583108267716531
11
7.117831220472441
21
-4.6583108661417318
0
LINE
8
BLACK
6
CONTINUOUS
10
7.117831220472441
20
-4.6583108661417318
11
7.1223511417322829
21
-4.6616944488188974
0
LINE
8
BLACK
6
CONTINUOUS
10
7.1223511417322829
20
-4.6616944488188974
11
7.1315348425196845
21
-4.6667091338582676
0
LINE
8
BLACK
6
CONTINUOUS
10
7.1315348425196845
20
-4.6667091338582676
11
7.1413388188976379
21
-4.6703658267716532
0
LINE
8
BLACK
6
CONTINUOUS
10
7.1413388188976379
20
-4.6703658267716532
11
7.1515632677165355
21
-4.6725899999999996
0
LINE
8
BLACK
6
CONTINUOUS
10
7.1515632677165355
20
-4.6725899999999996
11
7.1619999999999999
21
-4.6733364173228349
0
LINE
8
BLACK
6
CONTINUOUS
10
7.1619999999999999
20
-4.6733364173228349
11
7.1724366929133856
21
-4.6725899999999996
0
LINE
8
BLACK
6
CONTINUOUS
10
7.1724366929133856
20
-4.6725899999999996
11
7.1826611417322832
21
-4.6703658267716532
0
LINE
8
BLACK
6
CONTINUOUS
10
7.1826611417322832
20
-4.6703658267716532
11
7.1924651181102357
21
-4.6667091338582676
0
LINE
8
BLACK
6
CONTINUOUS
10
7.1924651181102357
20
-4.6667091338582676
11
7.2016486614173223
21
-4.6616945669291336
0
LINE
8
BLACK
6
CONTINUOUS
10
7.2016486614173223
20
-4.6616945669291336
11
7.2061687007874013
21
-4.6583108267716531
0
LINE
8
BLACK
6
CONTINUOUS
10
7.2061687007874013
20
-4.6583108267716531
11
7.2061687401574801
21
-4.6583108267716531
0
LINE
8
BLACK
6
CONTINUOUS
10
7.2061687401574801
20
-4.6583108267716531
11
7.1916990944881887
21
-4.6438411811023617
0
LINE
8
BLACK
6
CONTINUOUS
10
7.1916990944881887
20
-4.6438411811023617
11
7.1885748031496064
21
-4.6460288976377955
0
LINE
8
BLACK
6
CONTINUOUS
10
5.54
20
-4.6499999999999995
11
5.5599999999999996
21
-4.6499999999999995
0
LINE
8
BLACK
6
CONTINUOUS
10
5.5599999999999996
20
-4.6499999999999995
11
5.5599999999999996
21
-4.6699999999999999
0
LINE
8
BLACK
6
CONTINUOUS
10
5.5599999999999996
20
-4.6699999999999999
11
5.5800000000000001
21
-4.6699999999999999
0
LINE
8
BLACK
6
CONTINUOUS
10
5.5800000000000001
20
-4.6699999999999999
11
5.5800000000000001
21
-4.6480871653543305
0
LINE
8
BLACK
6
CONTINUOUS
10
5.5800000000000001
20
-4.6480871653543305
11
5.5799999606299213
21
-4.6480866929133855
0
LINE
8
BLACK
6
CONTINUOUS
10
5.5799999606299213
20
-4.6480866929133855
11
5.5797438582677161
21
-4.6457049606299208
0
LINE
8
BLACK
6
CONTINUOUS
10
5.5797438582677161
20
-4.6457049606299208
11
5.5777340157480317
21
-4.6403163385826769
0
LINE
8
BLACK
6
CONTINUOUS
10
5.5777340157480317
20
-4.6403163385826769
11
5.5777340157480317
21
-4.6403162992125981
0
LINE
8
BLACK
6
CONTINUOUS
10
5.5777340157480317
20
-4.6403162992125981
11
5.5742875590551177
21
-4.6357124015748035
0
LINE
8
BLACK
6
CONTINUOUS
10
5.5742875590551177
20
-4.6357124015748035
11
5.5696836614173231
21
-4.6322659448818895
0
LINE
8
BLACK
6
CONTINUOUS
10
5.5696836614173231
20
-4.6322659448818895
11
5.5642949999999995
21
-4.6302561023622042
0
LINE
8
BLACK
6
CONTINUOUS
10
5.5642949999999995
20
-4.6302561023622042
11
5.5619132677165357
21
-4.6299999999999999
0
LINE
8
BLACK
6
CONTINUOUS
10
5.5619132677165357
20
-4.6299999999999999
11
5.54
21
-4.6299999999999999
0
LINE
8
BLACK
6
CONTINUOUS
10
5.54
20
-4.6299999999999999
11
5.54
21
-4.6499999999999995
0
LINE
8
BLACK
6
CONTINUOUS
10
5.4399999999999995
20
-4.6499999999999995
11
5.46
21
-4.6499999999999995
0
LINE
8
BLACK
6
CONTINUOUS
10
5.46
20
-4.6499999999999995
11
5.46
21
-4.6699999999999999
0
LINE
8
BLACK
6
CONTINUOUS
10
5.46
20
-4.6699999999999999
11
5.5
21
-4.6699999999999999
0
LINE
8
BLACK
6
CONTINUOUS
10
5.5
20
-4.6699999999999999
11
5.5
21
-4.6499999999999995
0
LINE
8
BLACK
6
CONTINUOUS
10
5.5
20
-4.6499999999999995
11
5.5199999999999996
21
-4.6499999999999995
0
LINE
8
BLACK
6
CONTINUOUS
10
5.5199999999999996
20
-4.6499999999999995
11
5.5199999999999996
21
-4.6299999999999999
0
LINE
8
BLACK
6
CONTINUOUS
10
5.5199999999999996
20
-4.6299999999999999
11
5.498086692913386
21
-4.6299999999999999
0
LINE
8
BLACK
6
CONTINUOUS
10
5.498086692913386
20
-4.6299999999999999
11
5.4957049606299213
21
-4.6302561023622042
0
LINE
8
BLACK
6
CONTINUOUS
10
5.4957049606299213
20
-4.6302561023622042
11
5.4903163385826774
21
-4.6322659448818895
0
LINE
8
BLACK
6
CONTINUOUS
10
5.4903163385826774
20
-4.6322659448818895
11
5.4903162992125987
21
-4.6322659448818895
0
LINE
8
BLACK
6
CONTINUOUS
10
5.4903162992125987
20
-4.6322659448818895
11
5.4857124803149606
21
-4.6357123622047247
0
LINE
8
BLACK
6
CONTINUOUS
10
5.4857124803149606
20
-4.6357123622047247
11
5.4839711811023619
21
-4.6380384645669288
0
LINE
8
BLACK
6
CONTINUOUS
10
5.4839711811023619
20
-4.6380384645669288
11
5.4817335039370079
21
-4.6397135039370081
0
LINE
8
BLACK
6
CONTINUOUS
10
5.4817335039370079
20
-4.6397135039370081
11
5.4789455118110233
21
-4.6399128740157476
0
LINE
8
BLACK
6
CONTINUOUS
10
5.4789455118110233
20
-4.6399128740157476
11
5.4764922834645668
21
-4.638573307086614
0
LINE
8
BLACK
6
CONTINUOUS
10
5.4764922834645668
20
-4.638573307086614
11
5.476028818897638
21
-4.6380384645669288
0
LINE
8
BLACK
6
CONTINUOUS
10
5.476028818897638
20
-4.6380384645669288
11
5.4742874803149606
21
-4.6357123622047247
0
LINE
8
BLACK
6
CONTINUOUS
10
5.4742874803149606
20
-4.6357123622047247
11
5.4696836614173225
21
-4.6322659448818895
0
LINE
8
BLACK
6
CONTINUOUS
10
5.4696836614173225
20
-4.6322659448818895
11
5.4642949999999999
21
-4.6302561023622042
0
LINE
8
BLACK
6
CONTINUOUS
10
5.4642949999999999
20
-4.6302561023622042
11
5.4619132677165352
21
-4.6299999999999999
0
LINE
8
BLACK
6
CONTINUOUS
10
5.4619132677165352
20
-4.6299999999999999
11
5.4399999999999995
21
-4.6299999999999999
0
LINE
8
BLACK
6
CONTINUOUS
10
5.4399999999999995
20
-4.6299999999999999
11
5.4399999999999995
21
-4.6499999999999995
0
LINE
8
BLACK
6
CONTINUOUS
10
5.3957049606299208
20
-4.6302561023622042
11
5.3903163385826769
21
-4.6322659448818895
0
LINE
8
BLACK
6
CONTINUOUS
10
5.3903163385826769
20
-4.6322659448818895
11
5.3903162992125981
21
-4.6322659448818895
0
LINE
8
BLACK
6
CONTINUOUS
10
5.3903162992125981
20
-4.6322659448818895
11
5.3857124015748035
21
-4.6357124015748035
0
LINE
8
BLACK
6
CONTINUOUS
10
5.3857124015748035
20
-4.6357124015748035
11
5.3822659448818895
21
-4.6403162992125981
0
LINE
8
BLACK
6
CONTINUOUS
10
5.3822659448818895
20
-4.6403162992125981
11
5.3822659448818895
21
-4.6403163385826769
0
LINE
8
BLACK
6
CONTINUOUS
10
5.3822659448818895
20
-4.6403163385826769
11
5.3802561023622042
21
-4.6457049606299208
0
LINE
8
BLACK
6
CONTINUOUS
10
5.3802561023622042
20
-4.6457049606299208
11
5.3799999999999999
21
-4.6480866929133855
0
LINE
8
BLACK
6
CONTINUOUS
10
5.3799999999999999
20
-4.6480866929133855
11
5.3799999999999999
21
-4.6699999999999999
0
LINE
8
BLACK
6
CONTINUOUS
10
5.3799999999999999
20
-4.6699999999999999
11
5.3999999999999995
21
-4.6699999999999999
0
LINE
8
BLACK
6
CONTINUOUS
10
5.3999999999999995
20
-4.6699999999999999
11
5.3999999999999995
21
-4.6499999999999995
0
LINE
8
BLACK
6
CONTINUOUS
10
5.3999999999999995
20
-4.6499999999999995
11
5.4199999999999999
21
-4.6499999999999995
0
LINE
8
BLACK
6
CONTINUOUS
10
5.4199999999999999
20
-4.6499999999999995
11
5.4199999999999999
21
-4.6299999999999999
0
LINE
8
BLACK
6
CONTINUOUS
10
5.4199999999999999
20
-4.6299999999999999
11
5.3980866929133855
21
-4.6299999999999999
0
LINE
8
BLACK
6
CONTINUOUS
10
5.3980866929133855
20
-4.6299999999999999
11
5.3957049606299208
21
-4.6302561023622042
0
LINE
8
BLACK
6
CONTINUOUS
10
6.90368905511811
20
-4.5558312204724407
11
6.900305393700787
21
-4.5603513385826773
0
LINE
8
BLACK
6
CONTINUOUS
10
6.900305393700787
20
-4.5603513385826773
11
6.8952908267716531
21
-4.5695348425196851
0
LINE
8
BLACK
6
CONTINUOUS
10
6.8952908267716531
20
-4.5695348425196851
11
6.8916341338582674
21
-4.5793388188976376
0
LINE
8
BLACK
6
CONTINUOUS
10
6.8916341338582674
20
-4.5793388188976376
11
6.8894099606299211
21
-4.5895632677165352
0
LINE
8
BLACK
6
CONTINUOUS
10
6.8894099606299211
20
-4.5895632677165352
11
6.8886635433070866
21
-4.5999999999999996
0
LINE
8
BLACK
6
CONTINUOUS
10
6.8886635433070866
20
-4.5999999999999996
11
6.8894099606299211
21
-4.6104366929133853
0
LINE
8
BLACK
6
CONTINUOUS
10
6.8894099606299211
20
-4.6104366929133853
11
6.8916341338582674
21
-4.6206611417322829
0
LINE
8
BLACK
6
CONTINUOUS
10
6.8916341338582674
20
-4.6206611417322829
11
6.8952908267716531
21
-4.6304651181102363
0
LINE
8
BLACK
6
CONTINUOUS
10
6.8952908267716531
20
-4.6304651181102363
11
6.9003054330708657
21
-4.6396486614173229
0
LINE
8
BLACK
6
CONTINUOUS
10
6.9003054330708657
20
-4.6396486614173229
11
6.9036890944881888
21
-4.6441687007874011
0
LINE
8
BLACK
6
CONTINUOUS
10
6.9036890944881888
20
-4.6441687007874011
11
6.9036890944881888
21
-4.6441687401574798
0
LINE
8
BLACK
6
CONTINUOUS
10
6.9036890944881888
20
-4.6441687401574798
11
6.9181587401574802
21
-4.6296990551181105
0
LINE
8
BLACK
6
CONTINUOUS
10
6.9181587401574802
20
-4.6296990551181105
11
6.9159711023622048
21
-4.6265748031496061
0
LINE
8
BLACK
6
CONTINUOUS
10
6.9159711023622048
20
-4.6265748031496061
11
6.9120557086614172
21
-4.6181782283464567
0
LINE
8
BLACK
6
CONTINUOUS
10
6.9120557086614172
20
-4.6181782283464567
11
6.9096578740157479
21
-4.6092293307086614
0
LINE
8
BLACK
6
CONTINUOUS
10
6.9096578740157479
20
-4.6092293307086614
11
6.9088503937007877
21
-4.5999999999999996
0
LINE
8
BLACK
6
CONTINUOUS
10
6.9088503937007877
20
-4.5999999999999996
11
6.9096578740157479
21
-4.5907706692913388
0
LINE
8
BLACK
6
CONTINUOUS
10
6.9096578740157479
20
-4.5907706692913388
11
6.9120557086614172
21
-4.5818217716535434
0
LINE
8
BLACK
6
CONTINUOUS
10
6.9120557086614172
20
-4.5818217716535434
11
6.9159711023622048
21
-4.5734251968503932
0
LINE
8
BLACK
6
CONTINUOUS
10
6.9159711023622048
20
-4.5734251968503932
11
6.918158779527559
21
-4.5703008661417321
0
LINE
8
BLACK
6
CONTINUOUS
10
6.918158779527559
20
-4.5703008661417321
11
6.9036890944881888
21
-4.555831181102362
0
LINE
8
BLACK
6
CONTINUOUS
10
6.9036890944881888
20
-4.555831181102362
11
6.90368905511811
21
-4.5558312204724407
0
LINE
8
BLACK
6
CONTINUOUS
10
7.1036890551181102
20
-4.3558312204724405
11
7.1003053937007872
21
-4.3603513385826771
0
LINE
8
BLACK
6
CONTINUOUS
10
7.1003053937007872
20
-4.3603513385826771
11
7.0952908267716532
21
-4.3695348425196849
0
LINE
8
BLACK
6
CONTINUOUS
10
7.0952908267716532
20
-4.3695348425196849
11
7.0916341338582676
21
-4.3793388188976374
0
LINE
8
BLACK
6
CONTINUOUS
10
7.0916341338582676
20
-4.3793388188976374
11
7.0894099606299212
21
-4.389563267716535
0
LINE
8
BLACK
6
CONTINUOUS
10
7.0894099606299212
20
-4.389563267716535
11
7.0886635433070868
21
-4.3999999999999995
0
LINE
8
BLACK
6
CONTINUOUS
10
7.0886635433070868
20
-4.3999999999999995
11
7.0894099606299212
21
-4.410436692913386
0
LINE
8
BLACK
6
CONTINUOUS
10
7.0894099606299212
20
-4.410436692913386
11
7.0916341338582676
21
-4.4206611417322836
0
LINE
8
BLACK
6
CONTINUOUS
10
7.0916341338582676
20
-4.4206611417322836
11
7.0952908267716532
21
-4.4304651181102361
0
LINE
8
BLACK
6
CONTINUOUS
10
7.0952908267716532
20
-4.4304651181102361
11
7.1003055118110234
21
-4.4396488188976377
0
LINE
8
BLACK
6
CONTINUOUS
10
7.1003055118110234
20
-4.4396488188976377
11
7.1050453149606296
21
-4.4459804330708659
0
LINE
8
BLACK
6
CONTINUOUS
10
7.1050453149606296
20
-4.4459804330708659
11
7.1060221259842518
21
-4.4485993307086611
0
LINE
8
BLACK
6
CONTINUOUS
10
7.1060221259842518
20
-4.4485993307086611
11
7.1054279921259837
21
-4.4513305905511809
0
LINE
8
BLACK
6
CONTINUOUS
10
7.1054279921259837
20
-4.4513305905511809
11
7.103451535433071
21
-4.4533070472440945
0
LINE
8
BLACK
6
CONTINUOUS
10
7.103451535433071
20
-4.4533070472440945
11
7.1007202755905512
21
-4.4539012204724404
0
LINE
8
BLACK
6
CONTINUOUS
10
7.1007202755905512
20
-4.4539012204724404
11
7.0981013385826772
21
-4.4529244094488192
0
LINE
8
BLACK
6
CONTINUOUS
10
7.0981013385826772
20
-4.4529244094488192
11
7.0978531889763774
21
-4.4527259055118114
0
LINE
8
BLACK
6
CONTINUOUS
10
7.0978531889763774
20
-4.4527259055118114
11
7.096923503937008
21
-4.4519318897637792
0
LINE
8
BLACK
6
CONTINUOUS
10
7.096923503937008
20
-4.4519318897637792
11
7.0889740551181104
21
-4.4470604724409446
0
LINE
8
BLACK
6
CONTINUOUS
10
7.0889740551181104
20
-4.4470604724409446
11
7.0869969685039367
21
-4.4462415354330709
0
LINE
8
BLACK
6
CONTINUOUS
10
7.0869969685039367
20
-4.4462415354330709
11
7.0803603937007873
21
-4.4434925590551178
0
LINE
8
BLACK
6
CONTINUOUS
10
7.0803603937007873
20
-4.4434925590551178
11
7.0712946062992126
21
-4.4413160629921258
0
LINE
8
BLACK
6
CONTINUOUS
10
7.0712946062992126
20
-4.4413160629921258
11
7.0620000000000003
21
-4.4405845669291342
0
LINE
8
BLACK
6
CONTINUOUS
10
7.0620000000000003
20
-4.4405845669291342
11
7.0527053937007871
21
-4.4413160629921258
0
LINE
8
BLACK
6
CONTINUOUS
10
7.0527053937007871
20
-4.4413160629921258
11
7.0436395669291336
21
-4.4434925590551178
0
LINE
8
BLACK
6
CONTINUOUS
10
7.0436395669291336
20
-4.4434925590551178
11
7.035025984251968
21
-4.4470604330708658
0
LINE
8
BLACK
6
CONTINUOUS
10
7.035025984251968
20
-4.4470604330708658
11
7.0270764173228342
21
-4.4519319291338579
0
LINE
8
BLACK
6
CONTINUOUS
10
7.0270764173228342
20
-4.4519319291338579
11
7.0270763779527554
21
-4.4519319685039367
0
LINE
8
BLACK
6
CONTINUOUS
10
7.0270763779527554
20
-4.4519319685039367
11
7.0261474409448814
21
-4.4527253543307088
0
LINE
8
BLACK
6
CONTINUOUS
10
7.0261474409448814
20
-4.4527253543307088
11
7.023596653543307
21
-4.4538683070866139
0
LINE
8
BLACK
6
CONTINUOUS
10
7.023596653543307
20
-4.4538683070866139
11
7.0208328740157482
21
-4.4534507086614168
0
LINE
8
BLACK
6
CONTINUOUS
10
7.0208328740157482
20
-4.4534507086614168
11
7.018733622047244
21
-4.4516052362204723
0
LINE
8
BLACK
6
CONTINUOUS
10
7.018733622047244
20
-4.4516052362204723
11
7.0179653149606294
21
-4.4489177559055113
0
LINE
8
BLACK
6
CONTINUOUS
10
7.0179653149606294
20
-4.4489177559055113
11
7.0187719685039367
21
-4.4462415354330709
0
LINE
8
BLACK
6
CONTINUOUS
10
7.0187719685039367
20
-4.4462415354330709
11
7.0189546456692913
21
-4.4459803937007871
0
LINE
8
BLACK
6
CONTINUOUS
10
7.0189546456692913
20
-4.4459803937007871
11
7.0236945669291337
21
-4.4396486614173227
0
LINE
8
BLACK
6
CONTINUOUS
10
7.0236945669291337
20
-4.4396486614173227
11
7.0287091338582677
21
-4.4304651181102361
0
LINE
8
BLACK
6
CONTINUOUS
10
7.0287091338582677
20
-4.4304651181102361
11
7.0323658267716533
21
-4.4206611417322836
0
LINE
8
BLACK
6
CONTINUOUS
10
7.0323658267716533
20
-4.4206611417322836
11
7.0345899999999997
21
-4.410436692913386
0
LINE
8
BLACK
6
CONTINUOUS
10
7.0345899999999997
20
-4.410436692913386
11
7.0353364173228341
21
-4.3999999999999995
0
LINE
8
BLACK
6
CONTINUOUS
10
7.0353364173228341
20
-4.3999999999999995
11
7.0345899999999997
21
-4.389563267716535
0
LINE
8
BLACK
6
CONTINUOUS
10
7.0345899999999997
20
-4.389563267716535
11
7.0323658267716533
21
-4.3793388188976374
0
LINE
8
BLACK
6
CONTINUOUS
10
7.0323658267716533
20
-4.3793388188976374
11
7.0287091338582677
21
-4.3695348425196849
0
LINE
8
BLACK
6
CONTINUOUS
10
7.0287091338582677
20
-4.3695348425196849
11
7.0236944488188975
21
-4.3603511417322833
0
LINE
8
BLACK
6
CONTINUOUS
10
7.0236944488188975
20
-4.3603511417322833
11
7.0203108661417319
21
-4.3558312204724405
0
LINE
8
BLACK
6
CONTINUOUS
10
7.0203108661417319
20
-4.3558312204724405
11
7.0058411811023618
21
-4.370300866141732
0
LINE
8
BLACK
6
CONTINUOUS
10
7.0058411811023618
20
-4.370300866141732
11
7.0080288976377947
21
-4.3734251968503939
0
LINE
8
BLACK
6
CONTINUOUS
10
7.0080288976377947
20
-4.3734251968503939
11
7.0119442913385823
21
-4.3818217716535433
0
LINE
8
BLACK
6
CONTINUOUS
10
7.0119442913385823
20
-4.3818217716535433
11
7.0143421259842516
21
-4.3907706692913386
0
LINE
8
BLACK
6
CONTINUOUS
10
7.0143421259842516
20
-4.3907706692913386
11
7.0151496062992127
21
-4.3999999999999995
0
LINE
8
BLACK
6
CONTINUOUS
10
7.0151496062992127
20
-4.3999999999999995
11
7.0143421259842516
21
-4.4092293307086612
0
LINE
8
BLACK
6
CONTINUOUS
10
7.0143421259842516
20
-4.4092293307086612
11
7.0119442913385823
21
-4.4181782283464566
0
LINE
8
BLACK
6
CONTINUOUS
10
7.0119442913385823
20
-4.4181782283464566
11
7.0080288976377947
21
-4.4265748031496059
0
LINE
8
BLACK
6
CONTINUOUS
10
7.0080288976377947
20
-4.4265748031496059
11
7.0027149606299215
21
-4.4341638976377951
0
LINE
8
BLACK
6
CONTINUOUS
10
7.0027149606299215
20
-4.4341638976377951
11
6.9961638976377953
21
-4.4407149606299212
0
LINE
8
BLACK
6
CONTINUOUS
10
6.9961638976377953
20
-4.4407149606299212
11
6.9885748031496062
21
-4.4460288976377953
0
LINE
8
BLACK
6
CONTINUOUS
10
6.9885748031496062
20
-4.4460288976377953
11
6.9801782283464568
21
-4.4499442913385829
0
LINE
8
BLACK
6
CONTINUOUS
10
6.9801782283464568
20
-4.4499442913385829
11
6.9712293307086615
21
-4.4523421259842522
0
LINE
8
BLACK
6
CONTINUOUS
10
6.9712293307086615
20
-4.4523421259842522
11
6.9619999999999997
21
-4.4531496062992124
0
LINE
8
BLACK
6
CONTINUOUS
10
6.9619999999999997
20
-4.4531496062992124
11
6.952770669291338
21
-4.4523421259842522
0
LINE
8
BLACK
6
CONTINUOUS
10
6.952770669291338
20
-4.4523421259842522
11
6.9438217716535435
21
-4.4499442913385829
0
LINE
8
BLACK
6
CONTINUOUS
10
6.9438217716535435
20
-4.4499442913385829
11
6.9354251968503933
21
-4.4460288976377953
0
LINE
8
BLACK
6
CONTINUOUS
10
6.9354251968503933
20
-4.4460288976377953
11
6.9323008661417322
21
-4.4438411811023624
0
LINE
8
BLACK
6
CONTINUOUS
10
6.9323008661417322
20
-4.4438411811023624
11
6.9178312204724408
21
-4.4583108661417326
0
LINE
8
BLACK
6
CONTINUOUS
10
6.9178312204724408
20
-4.4583108661417326
11
6.9223511417322836
21
-4.4616944488188972
0
LINE
8
BLACK
6
CONTINUOUS
10
6.9223511417322836
20
-4.4616944488188972
11
6.9315348425196852
21
-4.4667091338582674
0
LINE
8
BLACK
6
CONTINUOUS
10
6.9315348425196852
20
-4.4667091338582674
11
6.9413388188976377
21
-4.4703658267716531
0
LINE
8
BLACK
6
CONTINUOUS
10
6.9413388188976377
20
-4.4703658267716531
11
6.9515632677165353
21
-4.4725900000000003
0
LINE
8
BLACK
6
CONTINUOUS
10
6.9515632677165353
20
-4.4725900000000003
11
6.9619999999999997
21
-4.4733364173228347
0
LINE
8
BLACK
6
CONTINUOUS
10
6.9619999999999997
20
-4.4733364173228347
11
6.9724366929133854
21
-4.4725900000000003
0
LINE
8
BLACK
6
CONTINUOUS
10
6.9724366929133854
20
-4.4725900000000003
11
6.982661141732283
21
-4.4703658267716531
0
LINE
8
BLACK
6
CONTINUOUS
10
6.982661141732283
20
-4.4703658267716531
11
6.9924651181102364
21
-4.4667091338582674
0
LINE
8
BLACK
6
CONTINUOUS
10
6.9924651181102364
20
-4.4667091338582674
11
7.001648661417323
21
-4.4616945669291335
0
LINE
8
BLACK
6
CONTINUOUS
10
7.001648661417323
20
-4.4616945669291335
11
7.0079803937007874
21
-4.456954645669291
0
LINE
8
BLACK
6
CONTINUOUS
10
7.0079803937007874
20
-4.456954645669291
11
7.0105992913385826
21
-4.4559778346456689
0
LINE
8
BLACK
6
CONTINUOUS
10
7.0105992913385826
20
-4.4559778346456689
11
7.0133305905511811
21
-4.4565719685039369
0
LINE
8
BLACK
6
CONTINUOUS
10
7.0133305905511811
20
-4.4565719685039369
11
7.0153070472440939
21
-4.4585484251968506
0
LINE
8
BLACK
6
CONTINUOUS
10
7.0153070472440939
20
-4.4585484251968506
11
7.0159012204724407
21
-4.4612796850393703
0
LINE
8
BLACK
6
CONTINUOUS
10
7.0159012204724407
20
-4.4612796850393703
11
7.0149244488188973
21
-4.4638985826771655
0
LINE
8
BLACK
6
CONTINUOUS
10
7.0149244488188973
20
-4.4638985826771655
11
7.0147253543307082
21
-4.464147440944882
0
LINE
8
BLACK
6
CONTINUOUS
10
7.0147253543307082
20
-4.464147440944882
11
7.013931968503937
21
-4.465076377952756
0
LINE
8
BLACK
6
CONTINUOUS
10
7.013931968503937
20
-4.465076377952756
11
7.0139319291338582
21
-4.4650764173228348
0
LINE
8
BLACK
6
CONTINUOUS
10
7.0139319291338582
20
-4.4650764173228348
11
7.0090604330708661
21
-4.4730259842519686
0
LINE
8
BLACK
6
CONTINUOUS
10
7.0090604330708661
20
-4.4730259842519686
11
7.005492559055118
21
-4.4816395669291333
0
LINE
8
BLACK
6
CONTINUOUS
10
7.005492559055118
20
-4.4816395669291333
11
7.0047202362204724
21
-4.4848565354330709
0
LINE
8
BLACK
6
CONTINUOUS
10
7.0047202362204724
20
-4.4848565354330709
11
7.0033160629921261
21
-4.4907053937007877
0
LINE
8
BLACK
6
CONTINUOUS
10
7.0033160629921261
20
-4.4907053937007877
11
7.0025845669291336
21
-4.5
0
LINE
8
BLACK
6
CONTINUOUS
10
7.0025845669291336
20
-4.5
11
7.0033160629921261
21
-4.5092946062992123
0
LINE
8
BLACK
6
CONTINUOUS
10
7.0033160629921261
20
-4.5092946062992123
11
7.005492559055118
21
-4.518360393700787
0
LINE
8
BLACK
6
CONTINUOUS
10
7.005492559055118
20
-4.518360393700787
11
7.0090604724409449
21
-4.5269740551181101
0
LINE
8
BLACK
6
CONTINUOUS
10
7.0090604724409449
20
-4.5269740551181101
11
7.0139318897637795
21
-4.5349235039370077
0
LINE
8
BLACK
6
CONTINUOUS
10
7.0139318897637795
20
-4.5349235039370077
11
7.0147253543307082
21
-4.5358525196850392
0
LINE
8
BLACK
6
CONTINUOUS
10
7.0147253543307082
20
-4.5358525196850392
11
7.0158682677165354
21
-4.5384031889763783
0
LINE
8
BLACK
6
CONTINUOUS
10
7.0158682677165354
20
-4.5384031889763783
11
7.0154507480314958
21
-4.5411669685039371
0
LINE
8
BLACK
6
CONTINUOUS
10
7.0154507480314958
20
-4.5411669685039371
11
7.0136053149606301
21
-4.5432662992125987
0
LINE
8
BLACK
6
CONTINUOUS
10
7.0136053149606301
20
-4.5432662992125987
11
7.0109178346456691
21
-4.5440346456692913
0
LINE
8
BLACK
6
CONTINUOUS
10
7.0109178346456691
20
-4.5440346456692913
11
7.0082416141732278
21
-4.5432280314960627
0
LINE
8
BLACK
6
CONTINUOUS
10
7.0082416141732278
20
-4.5432280314960627
11
7.0079804330708662
21
-4.5430453149606302
0
LINE
8
BLACK
6
CONTINUOUS
10
7.0079804330708662
20
-4.5430453149606302
11
7.001648818897638
21
-4.5383055118110232
0
LINE
8
BLACK
6
CONTINUOUS
10
7.001648818897638
20
-4.5383055118110232
11
6.9924651181102364
21
-4.5332908267716538
0
LINE
8
BLACK
6
CONTINUOUS
10
6.9924651181102364
20
-4.5332908267716538
11
6.982661141732283
21
-4.5296341338582673
0
LINE
8
BLACK
6
CONTINUOUS
10
6.982661141732283
20
-4.5296341338582673
11
6.9724366929133854
21
-4.527409960629921
0
LINE
8
BLACK
6
CONTINUOUS
10
6.9724366929133854
20
-4.527409960629921
11
6.9619999999999997
21
-4.5266635433070865
0
LINE
8
BLACK
6
CONTINUOUS
10
6.9619999999999997
20
-4.5266635433070865
11
6.9515632677165353
21
-4.527409960629921
0
LINE
8
BLACK
6
CONTINUOUS
10
6.9515632677165353
20
-4.527409960629921
11
6.9413388188976377
21
-4.5296341338582673
0
LINE
8
BLACK
6
CONTINUOUS
10
6.9413388188976377
20
-4.5296341338582673
11
6.9315348425196852
21
-4.5332908267716538
0
LINE
8
BLACK
6
CONTINUOUS
10
6.9315348425196852
20
-4.5332908267716538
11
6.9223513385826774
21
-4.5383053937007869
0
LINE
8
BLACK
6
CONTINUOUS
10
6.9223513385826774
20
-4.5383053937007869
11
6.9178312204724408
21
-4.5416890551181099
0
LINE
8
BLACK
6
CONTINUOUS
10
6.9178312204724408
20
-4.5416890551181099
11
6.9178311811023621
21
-4.5416890944881887
0
LINE
8
BLACK
6
CONTINUOUS
10
6.9178311811023621
20
-4.5416890944881887
11
6.9323008661417322
21
-4.5561587795275589
0
LINE
8
BLACK
6
CONTINUOUS
10
6.9323008661417322
20
-4.5561587795275589
11
6.9354251968503933
21
-4.5539711023622047
0
LINE
8
BLACK
6
CONTINUOUS
10
6.9354251968503933
20
-4.5539711023622047
11
6.9438217716535435
21
-4.5500557086614171
0
LINE
8
BLACK
6
CONTINUOUS
10
6.9438217716535435
20
-4.5500557086614171
11
6.952770669291338
21
-4.5476578740157478
0
LINE
8
BLACK
6
CONTINUOUS
10
6.952770669291338
20
-4.5476578740157478
11
6.9619999999999997
21
-4.5468503937007876
0
LINE
8
BLACK
6
CONTINUOUS
10
6.9619999999999997
20
-4.5468503937007876
11
6.9712293307086615
21
-4.5476578740157478
0
LINE
8
BLACK
6
CONTINUOUS
10
6.9712293307086615
20
-4.5476578740157478
11
6.9801782283464568
21
-4.5500557086614171
0
LINE
8
BLACK
6
CONTINUOUS
10
6.9801782283464568
20
-4.5500557086614171
11
6.9885748031496062
21
-4.5539711023622047
0
LINE
8
BLACK
6
CONTINUOUS
10
6.9885748031496062
20
-4.5539711023622047
11
6.9961638976377953
21
-4.5592850393700788
0
LINE
8
BLACK
6
CONTINUOUS
10
6.9961638976377953
20
-4.5592850393700788
11
7.0027149606299215
21
-4.5658361023622049
0
LINE
8
BLACK
6
CONTINUOUS
10
7.0027149606299215
20
-4.5658361023622049
11
7.0080288976377947
21
-4.5734251968503932
0
LINE
8
BLACK
6
CONTINUOUS
10
7.0080288976377947
20
-4.5734251968503932
11
7.0119442913385823
21
-4.5818217716535434
0
LINE
8
BLACK
6
CONTINUOUS
10
7.0119442913385823
20
-4.5818217716535434
11
7.0143421259842516
21
-4.5907706692913388
0
LINE
8
BLACK
6
CONTINUOUS
10
7.0143421259842516
20
-4.5907706692913388
11
7.0151496062992127
21
-4.5999999999999996
0
LINE
8
BLACK
6
CONTINUOUS
10
7.0151496062992127
20
-4.5999999999999996
11
7.0143421259842516
21
-4.6092293307086614
0
LINE
8
BLACK
6
CONTINUOUS
10
7.0143421259842516
20
-4.6092293307086614
11
7.0119442913385823
21
-4.6181782283464567
0
LINE
8
BLACK
6
CONTINUOUS
10
7.0119442913385823
20
-4.6181782283464567
11
7.0080288976377947
21
-4.6265748031496061
0
LINE
8
BLACK
6
CONTINUOUS
10
7.0080288976377947
20
-4.6265748031496061
11
7.0058411811023618
21
-4.6296990944881893
0
LINE
8
BLACK
6
CONTINUOUS
10
7.0058411811023618
20
-4.6296990944881893
11
7.0203108267716532
21
-4.6441687401574798
0
LINE
8
BLACK
6
CONTINUOUS
10
7.0203108267716532
20
-4.6441687401574798
11
7.0203108267716532
21
-4.6441687007874011
0
LINE
8
BLACK
6
CONTINUOUS
10
7.0203108267716532
20
-4.6441687007874011
11
7.0236945669291337
21
-4.6396486614173229
0
LINE
8
BLACK
6
CONTINUOUS
10
7.0236945669291337
20
-4.6396486614173229
11
7.0287091338582677
21
-4.6304651181102363
0
LINE
8
BLACK
6
CONTINUOUS
10
7.0287091338582677
20
-4.6304651181102363
11
7.0323658267716533
21
-4.6206611417322829
0
LINE
8
BLACK
6
CONTINUOUS
10
7.0323658267716533
20
-4.6206611417322829
11
7.0345899999999997
21
-4.6104366929133853
0
LINE
8
BLACK
6
CONTINUOUS
10
7.0345899999999997
20
-4.6104366929133853
11
7.0353364173228341
21
-4.5999999999999996
0
LINE
8
BLACK
6
CONTINUOUS
10
7.0353364173228341
20
-4.5999999999999996
11
7.0345899999999997
21
-4.5895632677165352
0
LINE
8
BLACK
6
CONTINUOUS
10
7.0345899999999997
20
-4.5895632677165352
11
7.0323658267716533
21
-4.5793388188976376
0
LINE
8
BLACK
6
CONTINUOUS
10
7.0323658267716533
20
-4.5793388188976376
11
7.0287091338582677
21
-4.5695348425196851
0
LINE
8
BLACK
6
CONTINUOUS
10
7.0287091338582677
20
-4.5695348425196851
11
7.0236944488188975
21
-4.5603511417322835
0
LINE
8
BLACK
6
CONTINUOUS
10
7.0236944488188975
20
-4.5603511417322835
11
7.0189546456692913
21
-4.5540195275590554
0
LINE
8
BLACK
6
CONTINUOUS
10
7.0189546456692913
20
-4.5540195275590554
11
7.0179778346456692
21
-4.5514006299212602
0
LINE
8
BLACK
6
CONTINUOUS
10
7.0179778346456692
20
-4.5514006299212602
11
7.0185719685039372
21
-4.5486693700787404
0
LINE
8
BLACK
6
CONTINUOUS
10
7.0185719685039372
20
-4.5486693700787404
11
7.02054842519685
21
-4.5466929133858267
0
LINE
8
BLACK
6
CONTINUOUS
10
7.02054842519685
20
-4.5466929133858267
11
7.0232796850393697
21
-4.5460987401574799
0
LINE
8
BLACK
6
CONTINUOUS
10
7.0232796850393697
20
-4.5460987401574799
11
7.0258986220472437
21
-4.5470755511811021
0
LINE
8
BLACK
6
CONTINUOUS
10
7.0258986220472437
20
-4.5470755511811021
11
7.0261473622047239
21
-4.5472745669291337
0
LINE
8
BLACK
6
CONTINUOUS
10
7.0261473622047239
20
-4.5472745669291337
11
7.0270764960629917
21
-4.5480681102362199
0
LINE
8
BLACK
6
CONTINUOUS
10
7.0270764960629917
20
-4.5480681102362199
11
7.0350259448818893
21
-4.5529395275590554
0
LINE
8
BLACK
6
CONTINUOUS
10
7.0350259448818893
20
-4.5529395275590554
11
7.0436396062992124
21
-4.5565074409448814
0
LINE
8
BLACK
6
CONTINUOUS
10
7.0436396062992124
20
-4.5565074409448814
11
7.0527053937007871
21
-4.5586839370078742
0
LINE
8
BLACK
6
CONTINUOUS
10
7.0527053937007871
20
-4.5586839370078742
11
7.0620000000000003
21
-4.5594154330708658
0
LINE
8
BLACK
6
CONTINUOUS
10
7.0620000000000003
20
-4.5594154330708658
11
7.0712946062992126
21
-4.5586839370078742
0
LINE
8
BLACK
6
CONTINUOUS
10
7.0712946062992126
20
-4.5586839370078742
11
7.0803603937007873
21
-4.5565074409448814
0
LINE
8
BLACK
6
CONTINUOUS
10
7.0803603937007873
20
-4.5565074409448814
11
7.0889740551181104
21
-4.5529395275590554
0
LINE
8
BLACK
6
CONTINUOUS
10
7.0889740551181104
20
-4.5529395275590554
11
7.096923503937008
21
-4.5480681102362199
0
LINE
8
BLACK
6
CONTINUOUS
10
7.096923503937008
20
-4.5480681102362199
11
7.0978525196850395
21
-4.5472746456692912
0
LINE
8
BLACK
6
CONTINUOUS
10
7.0978525196850395
20
-4.5472746456692912
11
7.1004031102362202
21
-4.5461316929133861
0
LINE
8
BLACK
6
CONTINUOUS
10
7.1004031102362202
20
-4.5461316929133861
11
7.103166889763779
21
-4.5465491338582673
0
LINE
8
BLACK
6
CONTINUOUS
10
7.103166889763779
20
-4.5465491338582673
11
7.1052662598425194
21
-4.5483945669291339
0
LINE
8
BLACK
6
CONTINUOUS
10
7.1052662598425194
20
-4.5483945669291339
11
7.1060346456692915
21
-4.5510820078740153
0
LINE
8
BLACK
6
CONTINUOUS
10
7.1060346456692915
20
-4.5510820078740153
11
7.1052281102362205
21
-4.5537582677165354
0
LINE
8
BLACK
6
CONTINUOUS
10
7.1052281102362205
20
-4.5537582677165354
11
7.1050453149606296
21
-4.5540195275590554
0
LINE
8
BLACK
6
CONTINUOUS
10
7.1050453149606296
20
-4.5540195275590554
11
7.1003055118110234
21
-4.5603511417322835
0
LINE
8
BLACK
6
CONTINUOUS
10
7.1003055118110234
20
-4.5603511417322835
11
7.0952908267716532
21
-4.5695348425196851
0
LINE
8
BLACK
6
CONTINUOUS
10
7.0952908267716532
20
-4.5695348425196851
11
7.0916341338582676
21
-4.5793388188976376
0
LINE
8
BLACK
6
CONTINUOUS
10
7.0916341338582676
20
-4.5793388188976376
11
7.0894099606299212
21
-4.5895632677165352
0
LINE
8
BLACK
6
CONTINUOUS
10
7.0894099606299212
20
-4.5895632677165352
11
7.0886635433070868
21
-4.5999999999999996
0
LINE
8
BLACK
6
CONTINUOUS
10
7.0886635433070868
20
-4.5999999999999996
11
7.0894099606299212
21
-4.6104366929133853
0
LINE
8
BLACK
6
CONTINUOUS
10
7.0894099606299212
20
-4.6104366929133853
11
7.0916341338582676
21
-4.6206611417322829
0
LINE
8
BLACK
6
CONTINUOUS
10
7.0916341338582676
20
-4.6206611417322829
11
7.0952908267716532
21
-4.6304651181102363
0
LINE
8
BLACK
6
CONTINUOUS
10
7.0952908267716532
20
-4.6304651181102363
11
7.1003054330708659
21
-4.6396486614173229
0
LINE
8
BLACK
6
CONTINUOUS
10
7.1003054330708659
20
-4.6396486614173229
11
7.103689094488189
21
-4.6441687007874011
0
LINE
8
BLACK
6
CONTINUOUS
10
7.103689094488189
20
-4.6441687007874011
11
7.103689094488189
21
-4.6441687401574798
0
LINE
8
BLACK
6
CONTINUOUS
10
7.103689094488189
20
-4.6441687401574798
11
7.1181587007874016
21
-4.6296990551181105
0
LINE
8
BLACK
6
CONTINUOUS
10
7.1181587007874016
20
-4.6296990551181105
11
7.115971102362205
21
-4.6265748031496061
0
LINE
8
BLACK
6
CONTINUOUS
10
7.115971102362205
20
-4.6265748031496061
11
7.1120557086614173
21
-4.6181782283464567
0
LINE
8
BLACK
6
CONTINUOUS
10
7.1120557086614173
20
-4.6181782283464567
11
7.1096578740157481
21
-4.6092293307086614
0
LINE
8
BLACK
6
CONTINUOUS
10
7.1096578740157481
20
-4.6092293307086614
11
7.108850393700787
21
-4.5999999999999996
0
LINE
8
BLACK
6
CONTINUOUS
10
7.108850393700787
20
-4.5999999999999996
11
7.1096578740157481
21
-4.5907706692913388
0
LINE
8
BLACK
6
CONTINUOUS
10
7.1096578740157481
20
-4.5907706692913388
11
7.1120557086614173
21
-4.5818217716535434
0
LINE
8
BLACK
6
CONTINUOUS
10
7.1120557086614173
20
-4.5818217716535434
11
7.115971102362205
21
-4.5734251968503932
0
LINE
8
BLACK
6
CONTINUOUS
10
7.115971102362205
20
-4.5734251968503932
11
7.1212850393700782
21
-4.5658361023622049
0
LINE
8
BLACK
6
CONTINUOUS
10
7.1212850393700782
20
-4.5658361023622049
11
7.1278361023622043
21
-4.5592850393700788
0
LINE
8
BLACK
6
CONTINUOUS
10
7.1278361023622043
20
-4.5592850393700788
11
7.1354251968503934
21
-4.5539711023622047
0
LINE
8
BLACK
6
CONTINUOUS
10
7.1354251968503934
20
-4.5539711023622047
11
7.1438217716535428
21
-4.5500557086614171
0
LINE
8
BLACK
6
CONTINUOUS
10
7.1438217716535428
20
-4.5500557086614171
11
7.1527706692913382
21
-4.5476578740157478
0
LINE
8
BLACK
6
CONTINUOUS
10
7.1527706692913382
20
-4.5476578740157478
11
7.1619999999999999
21
-4.5468503937007876
0
LINE
8
BLACK
6
CONTINUOUS
10
7.1619999999999999
20
-4.5468503937007876
11
7.1712293307086616
21
-4.5476578740157478
0
LINE
8
BLACK
6
CONTINUOUS
10
7.1712293307086616
20
-4.5476578740157478
11
7.1801782283464561
21
-4.5500557086614171
0
LINE
8
BLACK
6
CONTINUOUS
10
7.1801782283464561
20
-4.5500557086614171
11
7.1885748031496064
21
-4.5539711023622047
0
LINE
8
BLACK
6
CONTINUOUS
10
7.1885748031496064
20
-4.5539711023622047
11
7.1916990551181099
21
-4.5561587007874014
0
LINE
8
BLACK
6
CONTINUOUS
10
7.1916990551181099
20
-4.5561587007874014
11
7.2061687401574801
21
-4.5416890944881887
0
LINE
8
BLACK
6
CONTINUOUS
10
7.2061687401574801
20
-4.5416890944881887
11
7.2016486614173223
21
-4.5383054330708656
0
LINE
8
BLACK
6
CONTINUOUS
10
7.2016486614173223
20
-4.5383054330708656
11
7.1924651181102357
21
-4.5332908267716538
0
LINE
8
BLACK
6
CONTINUOUS
10
7.1924651181102357
20
-4.5332908267716538
11
7.1826611417322832
21
-4.5296341338582673
0
LINE
8
BLACK
6
CONTINUOUS
10
7.1826611417322832
20
-4.5296341338582673
11
7.1724366929133856
21
-4.527409960629921
0
LINE
8
BLACK
6
CONTINUOUS
10
7.1724366929133856
20
-4.527409960629921
11
7.1619999999999999
21
-4.5266635433070865
0
LINE
8
BLACK
6
CONTINUOUS
10
7.1619999999999999
20
-4.5266635433070865
11
7.1515632677165355
21
-4.527409960629921
0
LINE
8
BLACK
6
CONTINUOUS
10
7.1515632677165355
20
-4.527409960629921
11
7.1413388188976379
21
-4.5296341338582673
0
LINE
8
BLACK
6
CONTINUOUS
10
7.1413388188976379
20
-4.5296341338582673
11
7.1315348425196845
21
-4.5332908267716538
0
LINE
8
BLACK
6
CONTINUOUS
10
7.1315348425196845
20
-4.5332908267716538
11
7.1223511417322829
21
-4.5383055118110232
0
LINE
8
BLACK
6
CONTINUOUS
10
7.1223511417322829
20
-4.5383055118110232
11
7.1160195275590548
21
-4.5430453149606302
0
LINE
8
BLACK
6
CONTINUOUS
10
7.1160195275590548
20
-4.5430453149606302
11
7.1134006299212595
21
-4.5440221259842515
0
LINE
8
BLACK
6
CONTINUOUS
10
7.1134006299212595
20
-4.5440221259842515
11
7.1106693700787398
21
-4.5434279921259844
0
LINE
8
BLACK
6
CONTINUOUS
10
7.1106693700787398
20
-4.5434279921259844
11
7.1086928740157482
21
-4.5414514960629919
0
LINE
8
BLACK
6
CONTINUOUS
10
7.1086928740157482
20
-4.5414514960629919
11
7.1080987401574802
21
-4.5387202362204722
0
LINE
8
BLACK
6
CONTINUOUS
10
7.1080987401574802
20
-4.5387202362204722
11
7.1090755511811023
21
-4.5361013385826769
0
LINE
8
BLACK
6
CONTINUOUS
10
7.1090755511811023
20
-4.5361013385826769
11
7.1092737007874014
21
-4.5358536220472443
0
LINE
8
BLACK
6
CONTINUOUS
10
7.1092737007874014
20
-4.5358536220472443
11
7.1100681102362202
21
-4.5349235039370077
0
LINE
8
BLACK
6
CONTINUOUS
10
7.1100681102362202
20
-4.5349235039370077
11
7.1149395275590548
21
-4.5269740551181101
0
LINE
8
BLACK
6
CONTINUOUS
10
7.1149395275590548
20
-4.5269740551181101
11
7.1185074409448816
21
-4.518360393700787
0
LINE
8
BLACK
6
CONTINUOUS
10
7.1185074409448816
20
-4.518360393700787
11
7.1206839370078736
21
-4.5092946062992123
0
LINE
8
BLACK
6
CONTINUOUS
10
7.1206839370078736
20
-4.5092946062992123
11
7.1214154330708661
21
-4.5
0
LINE
8
BLACK
6
CONTINUOUS
10
7.1214154330708661
20
-4.5
11
7.1206839370078736
21
-4.4907053937007877
0
LINE
8
BLACK
6
CONTINUOUS
10
7.1206839370078736
20
-4.4907053937007877
11
7.1185074409448816
21
-4.4816396062992121
0
LINE
8
BLACK
6
CONTINUOUS
10
7.1185074409448816
20
-4.4816396062992121
11
7.1149395275590548
21
-4.4730259448818899
0
LINE
8
BLACK
6
CONTINUOUS
10
7.1149395275590548
20
-4.4730259448818899
11
7.1100681102362202
21
-4.4650764960629923
0
LINE
8
BLACK
6
CONTINUOUS
10
7.1100681102362202
20
-4.4650764960629923
11
7.1092746456692915
21
-4.4641474803149608
0
LINE
8
BLACK
6
CONTINUOUS
10
7.1092746456692915
20
-4.4641474803149608
11
7.1081316929133855
21
-4.461596771653543
0
LINE
8
BLACK
6
CONTINUOUS
10
7.1081316929133855
20
-4.461596771653543
11
7.1085491732283463
21
-4.4588329921259842
0
LINE
8
BLACK
6
CONTINUOUS
10
7.1085491732283463
20
-4.4588329921259842
11
7.1103946456692908
21
-4.4567336614173225
0
LINE
8
BLACK
6
CONTINUOUS
10
7.1103946456692908
20
-4.4567336614173225
11
7.1130820866141731
21
-4.45596531496063
0
LINE
8
BLACK
6
CONTINUOUS
10
7.1130820866141731
20
-4.45596531496063
11
7.1157583464566931
21
-4.4567718897637798
0
LINE
8
BLACK
6
CONTINUOUS
10
7.1157583464566931
20
-4.4567718897637798
11
7.1160195275590548
21
-4.456954645669291
0
LINE
8
BLACK
6
CONTINUOUS
10
7.1160195275590548
20
-4.456954645669291
11
7.1223511417322829
21
-4.4616944488188972
0
LINE
8
BLACK
6
CONTINUOUS
10
7.1223511417322829
20
-4.4616944488188972
11
7.1315348425196845
21
-4.4667091338582674
0
LINE
8
BLACK
6
CONTINUOUS
10
7.1315348425196845
20
-4.4667091338582674
11
7.1413388188976379
21
-4.4703658267716531
0
LINE
8
BLACK
6
CONTINUOUS
10
7.1413388188976379
20
-4.4703658267716531
11
7.1515632677165355
21
-4.4725900000000003
0
LINE
8
BLACK
6
CONTINUOUS
10
7.1515632677165355
20
-4.4725900000000003
11
7.1619999999999999
21
-4.4733364173228347
0
LINE
8
BLACK
6
CONTINUOUS
10
7.1619999999999999
20
-4.4733364173228347
11
7.1724366929133856
21
-4.4725900000000003
0
LINE
8
BLACK
6
CONTINUOUS
10
7.1724366929133856
20
-4.4725900000000003
11
7.1826611417322832
21
-4.4703658267716531
0
LINE
8
BLACK
6
CONTINUOUS
10
7.1826611417322832
20
-4.4703658267716531
11
7.1924651181102357
21
-4.4667091338582674
0
LINE
8
BLACK
6
CONTINUOUS
10
7.1924651181102357
20
-4.4667091338582674
11
7.2016486614173223
21
-4.4616945669291335
0
LINE
8
BLACK
6
CONTINUOUS
10
7.2016486614173223
20
-4.4616945669291335
11
7.2061687007874013
21
-4.4583108267716538
0
LINE
8
BLACK
6
CONTINUOUS
10
7.2061687007874013
20
-4.4583108267716538
11
7.2061687401574801
21
-4.4583108267716538
0
LINE
8
BLACK
6
CONTINUOUS
10
7.2061687401574801
20
-4.4583108267716538
11
7.1916990944881887
21
-4.4438411811023624
0
LINE
8
BLACK
6
CONTINUOUS
10
7.1916990944881887
20
-4.4438411811023624
11
7.1885748031496064
21
-4.4460288976377953
0
LINE
8
BLACK
6
CONTINUOUS
10
7.1885748031496064
20
-4.4460288976377953
11
7.1801782283464561
21
-4.4499442913385829
0
LINE
8
BLACK
6
CONTINUOUS
10
7.1801782283464561
20
-4.4499442913385829
11
7.1712293307086616
21
-4.4523421259842522
0
LINE
8
BLACK
6
CONTINUOUS
10
7.1712293307086616
20
-4.4523421259842522
11
7.1619999999999999
21
-4.4531496062992124
0
LINE
8
BLACK
6
CONTINUOUS
10
7.1619999999999999
20
-4.4531496062992124
11
7.1527706692913382
21
-4.4523421259842522
0
LINE
8
BLACK
6
CONTINUOUS
10
7.1527706692913382
20
-4.4523421259842522
11
7.1438217716535428
21
-4.4499442913385829
0
LINE
8
BLACK
6
CONTINUOUS
10
7.1438217716535428
20
-4.4499442913385829
11
7.1354251968503934
21
-4.4460288976377953
0
LINE
8
BLACK
6
CONTINUOUS
10
7.1354251968503934
20
-4.4460288976377953
11
7.1278361023622043
21
-4.4407149606299212
0
LINE
8
BLACK
6
CONTINUOUS
10
7.1278361023622043
20
-4.4407149606299212
11
7.1212850393700782
21
-4.4341638976377951
0
LINE
8
BLACK
6
CONTINUOUS
10
7.1212850393700782
20
-4.4341638976377951
11
7.115971102362205
21
-4.4265748031496059
0
LINE
8
BLACK
6
CONTINUOUS
10
7.115971102362205
20
-4.4265748031496059
11
7.1120557086614173
21
-4.4181782283464566
0
LINE
8
BLACK
6
CONTINUOUS
10
7.1120557086614173
20
-4.4181782283464566
11
7.1096578740157481
21
-4.4092293307086612
0
LINE
8
BLACK
6
CONTINUOUS
10
7.1096578740157481
20
-4.4092293307086612
11
7.108850393700787
21
-4.3999999999999995
0
LINE
8
BLACK
6
CONTINUOUS
10
7.108850393700787
20
-4.3999999999999995
11
7.1096578740157481
21
-4.3907706692913386
0
LINE
8
BLACK
6
CONTINUOUS
10
7.1096578740157481
20
-4.3907706692913386
11
7.1120557086614173
21
-4.3818217716535433
0
LINE
8
BLACK
6
CONTINUOUS
10
7.1120557086614173
20
-4.3818217716535433
11
7.115971102362205
21
-4.3734251968503939
0
LINE
8
BLACK
6
CONTINUOUS
10
7.115971102362205
20
-4.3734251968503939
11
7.1181587795275592
21
-4.370300866141732
0
LINE
8
BLACK
6
CONTINUOUS
10
7.1181587795275592
20
-4.370300866141732
11
7.103689094488189
21
-4.3558311811023618
0
LINE
8
BLACK
6
CONTINUOUS
10
7.103689094488189
20
-4.3558311811023618
11
7.1036890551181102
21
-4.3558312204724405
0
LINE
8
BLACK
6
CONTINUOUS
10
7.2058411811023619
20
-4.5703007874015746
11
7.2080288976377949
21
-4.5734251968503932
0
LINE
8
BLACK
6
CONTINUOUS
10
7.2080288976377949
20
-4.5734251968503932
11
7.2119442913385825
21
-4.5818217716535434
0
LINE
8
BLACK
6
CONTINUOUS
10
7.2119442913385825
20
-4.5818217716535434
11
7.2143421259842517
21
-4.5907706692913388
0
LINE
8
BLACK
6
CONTINUOUS
10
7.2143421259842517
20
-4.5907706692913388
11
7.2151496062992129
21
-4.5999999999999996
0
LINE
8
BLACK
6
CONTINUOUS
10
7.2151496062992129
20
-4.5999999999999996
11
7.2143421259842517
21
-4.6092293307086614
0
LINE
8
BLACK
6
CONTINUOUS
10
7.2143421259842517
20
-4.6092293307086614
11
7.2119442913385825
21
-4.6181782283464567
0
LINE
8
BLACK
6
CONTINUOUS
10
7.2119442913385825
20
-4.6181782283464567
11
7.2080288976377949
21
-4.6265748031496061
0
LINE
8
BLACK
6
CONTINUOUS
10
7.2080288976377949
20
-4.6265748031496061
11
7.2058411811023619
21
-4.6296990944881893
0
LINE
8
BLACK
6
CONTINUOUS
10
7.2058411811023619
20
-4.6296990944881893
11
7.2203108267716534
21
-4.6441687401574798
0
LINE
8
BLACK
6
CONTINUOUS
10
7.2203108267716534
20
-4.6441687401574798
11
7.2203108267716534
21
-4.6441687007874011
0
LINE
8
BLACK
6
CONTINUOUS
10
7.2203108267716534
20
-4.6441687007874011
11
7.2236945669291339
21
-4.6396486614173229
0
LINE
8
BLACK
6
CONTINUOUS
10
7.2236945669291339
20
-4.6396486614173229
11
7.2287091338582679
21
-4.6304651181102363
0
LINE
8
BLACK
6
CONTINUOUS
10
7.2287091338582679
20
-4.6304651181102363
11
7.2323658267716535
21
-4.6206611417322829
0
LINE
8
BLACK
6
CONTINUOUS
10
7.2323658267716535
20
-4.6206611417322829
11
7.2345899999999999
21
-4.6104366929133853
0
LINE
8
BLACK
6
CONTINUOUS
10
7.2345899999999999
20
-4.6104366929133853
11
7.2353364173228343
21
-4.5999999999999996
0
LINE
8
BLACK
6
CONTINUOUS
10
7.2353364173228343
20
-4.5999999999999996
11
7.2345899999999999
21
-4.5895632677165352
0
LINE
8
BLACK
6
CONTINUOUS
10
7.2345899999999999
20
-4.5895632677165352
11
7.2323658267716535
21
-4.5793388188976376
0
LINE
8
BLACK
6
CONTINUOUS
10
7.2323658267716535
20
-4.5793388188976376
11
7.2287091338582679
21
-4.5695348425196851
0
LINE
8
BLACK
6
CONTINUOUS
10
7.2287091338582679
20
-4.5695348425196851
11
7.2236944488188977
21
-4.5603511417322835
0
LINE
8
BLACK
6
CONTINUOUS
10
7.2236944488188977
20
-4.5603511417322835
11
7.2203108661417321
21
-4.5558312204724407
0
LINE
8
BLACK
6
CONTINUOUS
10
7.2203108661417321
20
-4.5558312204724407
11
7.2203108267716534
21
-4.555831181102362
0
LINE
8
BLACK
6
CONTINUOUS
10
7.2203108267716534
20
-4.555831181102362
11
7.2058411811023619
21
-4.5703007874015746
0
LINE
8
BLACK
6
CONTINUOUS
10
5.3899803149606296
20
-4.6109867322834646
11
5.3899803543307083
21
-4.6109871259842521
0
LINE
8
BLACK
6
CONTINUOUS
10
5.3899803543307083
20
-4.6109871259842521
11
5.3905616141732287
21
-4.6139094488188972
0
LINE
8
BLACK
6
CONTINUOUS
10
5.3905616141732287
20
-4.6139094488188972
11
5.3927762204724408
21
-4.617223779527559
0
LINE
8
BLACK
6
CONTINUOUS
10
5.3927762204724408
20
-4.617223779527559
11
5.3960904330708663
21
-4.6194383070866136
0
LINE
8
BLACK
6
CONTINUOUS
10
5.3960904330708663
20
-4.6194383070866136
11
5.3960905118110238
21
-4.6194383464566924
0
LINE
8
BLACK
6
CONTINUOUS
10
5.3960905118110238
20
-4.6194383464566924
11
5.3990131102362202
21
-4.6200196850393702
0
LINE
8
BLACK
6
CONTINUOUS
10
5.3990131102362202
20
-4.6200196850393702
11
5.4609868503937005
21
-4.6200196456692915
0
LINE
8
BLACK
6
CONTINUOUS
10
5.4609868503937005
20
-4.6200196456692915
11
5.4609869685039367
21
-4.6200196062992127
0
LINE
8
BLACK
6
CONTINUOUS
10
5.4609869685039367
20
-4.6200196062992127
11
5.4609871259842517
21
-4.6200196062992127
0
LINE
8
BLACK
6
CONTINUOUS
10
5.4609871259842517
20
-4.6200196062992127
11
5.4629262204724407
21
-4.6196338976377955
0
LINE
8
BLACK
6
CONTINUOUS
10
5.4629262204724407
20
-4.6196338976377955
11
5.4639094881889765
21
-4.6194383464566924
0
LINE
8
BLACK
6
CONTINUOUS
10
5.4639094881889765
20
-4.6194383464566924
11
5.4672237795275587
21
-4.617223779527559
0
LINE
8
BLACK
6
CONTINUOUS
10
5.4672237795275587
20
-4.617223779527559
11
5.4694383464566929
21
-4.6139094881889759
0
LINE
8
BLACK
6
CONTINUOUS
10
5.4694383464566929
20
-4.6139094881889759
11
5.4700196850393699
21
-4.6109868897637796
0
LINE
8
BLACK
6
CONTINUOUS
10
5.4700196850393699
20
-4.6109868897637796
11
5.4700196456692911
21
-4.5490131496062993
0
LINE
8
BLACK
6
CONTINUOUS
10
5.4700196456692911
20
-4.5490131496062993
11
5.4700196062992124
21
-4.5490129921259843
0
LINE
8
BLACK
6
CONTINUOUS
10
5.4700196062992124
20
-4.5490129921259843
11
5.4700196062992124
21
-4.5490128346456693
0
LINE
8
BLACK
6
CONTINUOUS
10
5.4700196062992124
20
-4.5490128346456693
11
5.4694383464566929
21
-4.5460905118110233
0
LINE
8
BLACK
6
CONTINUOUS
10
5.4694383464566929
20
-4.5460905118110233
11
5.468709645669291
21
-4.5449999606299212
0
LINE
8
BLACK
6
CONTINUOUS
10
5.468709645669291
20
-4.5449999606299212
11
5.4672237795275587
21
-4.5427762204724411
0
LINE
8
BLACK
6
CONTINUOUS
10
5.4672237795275587
20
-4.5427762204724411
11
5.4672237401574799
21
-4.5427761811023624
0
LINE
8
BLACK
6
CONTINUOUS
10
5.4672237401574799
20
-4.5427761811023624
11
5.4639095275590552
21
-4.5405616535433069
0
LINE
8
BLACK
6
CONTINUOUS
10
5.4639095275590552
20
-4.5405616535433069
11
5.4609868897637792
21
-4.5399803149606299
0
LINE
8
BLACK
6
CONTINUOUS
10
5.4609868897637792
20
-4.5399803149606299
11
5.3990132283464565
21
-4.5399803149606299
0
LINE
8
BLACK
6
CONTINUOUS
10
5.3990132283464565
20
-4.5399803149606299
11
5.3990128346456689
21
-4.5399803543307087
0
LINE
8
BLACK
6
CONTINUOUS
10
5.3990128346456689
20
-4.5399803543307087
11
5.3960905118110238
21
-4.5405616141732281
0
LINE
8
BLACK
6
CONTINUOUS
10
5.3960905118110238
20
-4.5405616141732281
11
5.392776181102362
21
-4.5427762204724411
0
LINE
8
BLACK
6
CONTINUOUS
10
5.392776181102362
20
-4.5427762204724411
11
5.3905616535433074
21
-4.5460904330708658
0
LINE
8
BLACK
6
CONTINUOUS
10
5.3905616535433074
20
-4.5460904330708658
11
5.3899803149606296
21
-4.5490129921259843
0
LINE
8
BLACK
6
CONTINUOUS
10
5.3899803149606296
20
-4.5490129921259843
11
5.3899803149606296
21
-4.6109867322834646
0
LINE
8
BLACK
6
CONTINUOUS
10
5.4899803149606301
20
-4.6109867322834646
11
5.4899803543307089
21
-4.6109871259842521
0
LINE
8
BLACK
6
CONTINUOUS
10
5.4899803543307089
20
-4.6109871259842521
11
5.4905616141732283
21
-4.6139094488188972
0
LINE
8
BLACK
6
CONTINUOUS
10
5.4905616141732283
20
-4.6139094488188972
11
5.4927762204724404
21
-4.617223779527559
0
LINE
8
BLACK
6
CONTINUOUS
10
5.4927762204724404
20
-4.617223779527559
11
5.496090433070866
21
-4.6194383070866136
0
LINE
8
BLACK
6
CONTINUOUS
10
5.496090433070866
20
-4.6194383070866136
11
5.4960905118110235
21
-4.6194383464566924
0
LINE
8
BLACK
6
CONTINUOUS
10
5.4960905118110235
20
-4.6194383464566924
11
5.4990131102362207
21
-4.6200196850393702
0
LINE
8
BLACK
6
CONTINUOUS
10
5.4990131102362207
20
-4.6200196850393702
11
5.560986850393701
21
-4.6200196456692915
0
LINE
8
BLACK
6
CONTINUOUS
10
5.560986850393701
20
-4.6200196456692915
11
5.5609869685039373
21
-4.6200196062992127
0
LINE
8
BLACK
6
CONTINUOUS
10
5.5609869685039373
20
-4.6200196062992127
11
5.5609871259842523
21
-4.6200196062992127
0
LINE
8
BLACK
6
CONTINUOUS
10
5.5609871259842523
20
-4.6200196062992127
11
5.5629262204724412
21
-4.6196338976377955
0
LINE
8
BLACK
6
CONTINUOUS
10
5.5629262204724412
20
-4.6196338976377955
11
5.5639094881889761
21
-4.6194383464566924
0
LINE
8
BLACK
6
CONTINUOUS
10
5.5639094881889761
20
-4.6194383464566924
11
5.5672237795275592
21
-4.617223779527559
0
LINE
8
BLACK
6
CONTINUOUS
10
5.5672237795275592
20
-4.617223779527559
11
5.5694383464566926
21
-4.6139094881889759
0
LINE
8
BLACK
6
CONTINUOUS
10
5.5694383464566926
20
-4.6139094881889759
11
5.5700196850393704
21
-4.6109868897637796
0
LINE
8
BLACK
6
CONTINUOUS
10
5.5700196850393704
20
-4.6109868897637796
11
5.5700196456692916
21
-4.5490131496062993
0
LINE
8
BLACK
6
CONTINUOUS
10
5.5700196456692916
20
-4.5490131496062993
11
5.5700196062992129
21
-4.5490129921259843
0
LINE
8
BLACK
6
CONTINUOUS
10
5.5700196062992129
20
-4.5490129921259843
11
5.5700196062992129
21
-4.5490128346456693
0
LINE
8
BLACK
6
CONTINUOUS
10
5.5700196062992129
20
-4.5490128346456693
11
5.5694383464566926
21
-4.5460905118110233
0
LINE
8
BLACK
6
CONTINUOUS
10
5.5694383464566926
20
-4.5460905118110233
11
5.5687096456692915
21
-4.5449999606299212
0
LINE
8
BLACK
6
CONTINUOUS
10
5.5687096456692915
20
-4.5449999606299212
11
5.5672237795275592
21
-4.5427762204724411
0
LINE
8
BLACK
6
CONTINUOUS
10
5.5672237795275592
20
-4.5427762204724411
11
5.5672237401574804
21
-4.5427761811023624
0
LINE
8
BLACK
6
CONTINUOUS
10
5.5672237401574804
20
-4.5427761811023624
11
5.5639095275590549
21
-4.5405616535433069
0
LINE
8
BLACK
6
CONTINUOUS
10
5.5639095275590549
20
-4.5405616535433069
11
5.5609868897637798
21
-4.5399803149606299
0
LINE
8
BLACK
6
CONTINUOUS
10
5.5609868897637798
20
-4.5399803149606299
11
5.499013228346457
21
-4.5399803149606299
0
LINE
8
BLACK
6
CONTINUOUS
10
5.499013228346457
20
-4.5399803149606299
11
5.4990128346456695
21
-4.5399803543307087
0
LINE
8
BLACK
6
CONTINUOUS
10
5.4990128346456695
20
-4.5399803543307087
11
5.4960905118110235
21
-4.5405616141732281
0
LINE
8
BLACK
6
CONTINUOUS
10
5.4960905118110235
20
-4.5405616141732281
11
5.4927761811023617
21
-4.5427762204724411
0
LINE
8
BLACK
6
CONTINUOUS
10
5.4927761811023617
20
-4.5427762204724411
11
5.4905616535433071
21
-4.5460904330708658
0
LINE
8
BLACK
6
CONTINUOUS
10
5.4905616535433071
20
-4.5460904330708658
11
5.4899803149606301
21
-4.5490129921259843
0
LINE
8
BLACK
6
CONTINUOUS
10
5.4899803149606301
20
-4.5490129921259843
11
5.4899803149606301
21
-4.6109867322834646
0
LINE
8
BLACK
6
CONTINUOUS
10
5.4086895669291337
20
-4.3307086614173231
11
5.4094398031496063
21
-4.3364075590551181
0
LINE
8
BLACK
6
CONTINUOUS
10
5.4094398031496063
20
-4.3364075590551181
11
5.4116395275590552
21
-4.3417181496062991
0
LINE
8
BLACK
6
CONTINUOUS
10
5.4116395275590552
20
-4.3417181496062991
11
5.411639724409449
21
-4.3417184645669291
0
LINE
8
BLACK
6
CONTINUOUS
10
5.411639724409449
20
-4.3417184645669291
11
5.4151387795275587
21
-4.3462785039370075
0
LINE
8
BLACK
6
CONTINUOUS
10
5.4151387795275587
20
-4.3462785039370075
11
5.419698818897638
21
-4.3497775590551182
0
LINE
8
BLACK
6
CONTINUOUS
10
5.419698818897638
20
-4.3497775590551182
11
5.4196990944881884
21
-4.349777755905512
0
LINE
8
BLACK
6
CONTINUOUS
10
5.4196990944881884
20
-4.349777755905512
11
5.4221834251968506
21
-4.3508067716535432
0
LINE
8
BLACK
6
CONTINUOUS
10
5.4221834251968506
20
-4.3508067716535432
11
5.4237925984251971
21
-4.3518820078740159
0
LINE
8
BLACK
6
CONTINUOUS
10
5.4237925984251971
20
-4.3518820078740159
11
5.4299338976377953
21
-4.3580233070866141
0
LINE
8
BLACK
6
CONTINUOUS
10
5.4299338976377953
20
-4.3580233070866141
11
5.4299339763779528
21
-4.3580233464566929
0
LINE
8
BLACK
6
CONTINUOUS
10
5.4299339763779528
20
-4.3580233464566929
11
5.4299340157480316
21
-4.3580233858267716
0
LINE
8
BLACK
6
CONTINUOUS
10
5.4299340157480316
20
-4.3580233858267716
11
5.4344629133858264
21
-4.3606381496062987
0
LINE
8
BLACK
6
CONTINUOUS
10
5.4344629133858264
20
-4.3606381496062987
11
5.4344629527559052
21
-4.3606381496062987
0
LINE
8
BLACK
6
CONTINUOUS
10
5.4344629527559052
20
-4.3606381496062987
11
5.4344630708661414
21
-4.3606382283464562
0
LINE
8
BLACK
6
CONTINUOUS
10
5.4344630708661414
20
-4.3606382283464562
11
5.4381609055118112
21
-4.3616289763779523
0
LINE
8
BLACK
6
CONTINUOUS
10
5.4381609055118112
20
-4.3616289763779523
11
5.4381610629921262
21
-4.3616290944881886
0
LINE
8
BLACK
6
CONTINUOUS
10
5.4381610629921262
20
-4.3616290944881886
11
5.438161102362205
21
-4.3616290551181098
0
LINE
8
BLACK
6
CONTINUOUS
10
5.438161102362205
20
-4.3616290551181098
11
5.4395146456692913
21
-4.3619917716535435
0
LINE
8
BLACK
6
CONTINUOUS
10
5.4395146456692913
20
-4.3619917716535435
11
5.4395146850393701
21
-4.3619917716535435
0
LINE
8
BLACK
6
CONTINUOUS
10
5.4395146850393701
20
-4.3619917716535435
11
5.4447444881889764
21
-4.3619917716535435
0
LINE
8
BLACK
6
CONTINUOUS
10
5.4447444881889764
20
-4.3619917716535435
11
6.3030973228346454
21
-4.3619917716535435
0
LINE
8
BLACK
6
CONTINUOUS
10
6.3030973228346454
20
-4.3619917716535435
11
6.3202555118110233
21
-4.3619917716535435
0
LINE
8
BLACK
6
CONTINUOUS
10
6.3202555118110233
20
-4.3619917716535435
11
6.5094673622047239
21
-4.3619917716535435
0
LINE
8
BLACK
6
CONTINUOUS
10
6.5094673622047239
20
-4.3619917716535435
11
6.5098842519685034
21
-4.3620190944881889
0
LINE
8
BLACK
6
CONTINUOUS
10
6.5098842519685034
20
-4.3620190944881889
11
6.5099999999999998
21
-4.3620190944881889
0
LINE
8
BLACK
6
CONTINUOUS
10
6.5099999999999998
20
-4.3620190944881889
11
6.5101157480314962
21
-4.3620190944881889
0
LINE
8
BLACK
6
CONTINUOUS
10
6.5101157480314962
20
-4.3620190944881889
11
6.5104385039370074
21
-4.3619979133858271
0
LINE
8
BLACK
6
CONTINUOUS
10
6.5104385039370074
20
-4.3619979133858271
11
6.5104851574803151
21
-4.3619917716535435
0
LINE
8
BLACK
6
CONTINUOUS
10
6.5104851574803151
20
-4.3619917716535435
11
6.5104853543307089
21
-4.3619917716535435
0
LINE
8
BLACK
6
CONTINUOUS
10
6.5104853543307089
20
-4.3619917716535435
11
6.5104855118110239
21
-4.361991692913386
0
LINE
8
BLACK
6
CONTINUOUS
10
6.5104855118110239
20
-4.361991692913386
11
6.5105327165354332
21
-4.3619855118110236
0
LINE
8
BLACK
6
CONTINUOUS
10
6.5105327165354332
20
-4.3619855118110236
11
6.5110761811023616
21
-4.3618773622047247
0
LINE
8
BLACK
6
CONTINUOUS
10
6.5110761811023616
20
-4.3618773622047247
11
6.5156989763779523
21
-4.3612688188976376
0
LINE
8
BLACK
6
CONTINUOUS
10
6.5156989763779523
20
-4.3612688188976376
11
6.5210095669291341
21
-4.3590690944881887
0
LINE
8
BLACK
6
CONTINUOUS
10
6.5210095669291341
20
-4.3590690944881887
11
6.5237707874015749
21
-4.3569502755905507
0
LINE
8
BLACK
6
CONTINUOUS
10
6.5237707874015749
20
-4.3569502755905507
11
6.5263778346456691
21
-4.3559424015748034
0
LINE
8
BLACK
6
CONTINUOUS
10
6.5263778346456691
20
-4.3559424015748034
11
6.5267906299212601
21
-4.3559251968503938
0
LINE
8
BLACK
6
CONTINUOUS
10
6.5267906299212601
20
-4.3559251968503938
11
6.5463488582677165
21
-4.3559251968503938
0
LINE
8
BLACK
6
CONTINUOUS
10
6.5463488582677165
20
-4.3559251968503938
11
6.5490307874015743
21
-4.3567126771653539
0
LINE
8
BLACK
6
CONTINUOUS
10
6.5490307874015743
20
-4.3567126771653539
11
6.5498565354330704
21
-4.3573781496062995
0
LINE
8
BLACK
6
CONTINUOUS
10
6.5498565354330704
20
-4.3573781496062995
11
6.5576218503937005
21
-4.3651434645669287
0
LINE
8
BLACK
6
CONTINUOUS
10
6.5576218503937005
20
-4.3651434645669287
11
6.5589614566929129
21
-4.367596692913386
0
LINE
8
BLACK
6
CONTINUOUS
10
6.5589614566929129
20
-4.367596692913386
11
6.5590748031496062
21
-4.3686511417322835
0
LINE
8
BLACK
6
CONTINUOUS
10
6.5590748031496062
20
-4.3686511417322835
11
6.5590748031496062
21
-4.528209291338583
0
LINE
8
BLACK
6
CONTINUOUS
10
6.5590748031496062
20
-4.528209291338583
11
6.5582873228346452
21
-4.5308912204724408
0
LINE
8
BLACK
6
CONTINUOUS
10
6.5582873228346452
20
-4.5308912204724408
11
6.5580497244094484
21
-4.5312290944881886
0
LINE
8
BLACK
6
CONTINUOUS
10
6.5580497244094484
20
-4.5312290944881886
11
6.5559310629921255
21
-4.533990196850394
0
LINE
8
BLACK
6
CONTINUOUS
10
6.5559310629921255
20
-4.533990196850394
11
6.5559309448818892
21
-4.5339903937007877
0
LINE
8
BLACK
6
CONTINUOUS
10
6.5559309448818892
20
-4.5339903937007877
11
6.5559309055118105
21
-4.5339904724409452
0
LINE
8
BLACK
6
CONTINUOUS
10
6.5559309055118105
20
-4.5339904724409452
11
6.5551596850393699
21
-4.5358523622047242
0
LINE
8
BLACK
6
CONTINUOUS
10
6.5551596850393699
20
-4.5358523622047242
11
6.5537311417322837
21
-4.5393010629921262
0
LINE
8
BLACK
6
CONTINUOUS
10
6.5537311417322837
20
-4.5393010629921262
11
6.5529809055118111
21
-4.5449999606299212
0
LINE
8
BLACK
6
CONTINUOUS
10
6.5529809055118111
20
-4.5449999606299212
11
6.5529809055118111
21
-4.5449999999999999
0
LINE
8
BLACK
6
CONTINUOUS
10
6.5529809055118111
20
-4.5449999999999999
11
6.5537311417322837
21
-4.5506988976377949
0
LINE
8
BLACK
6
CONTINUOUS
10
6.5537311417322837
20
-4.5506988976377949
11
6.5559308661417317
21
-4.5560094881889759
0
LINE
8
BLACK
6
CONTINUOUS
10
6.5559308661417317
20
-4.5560094881889759
11
6.5559310629921255
21
-4.5560098031496059
0
LINE
8
BLACK
6
CONTINUOUS
10
6.5559310629921255
20
-4.5560098031496059
11
6.5594301181102361
21
-4.5605698425196852
0
LINE
8
BLACK
6
CONTINUOUS
10
6.5594301181102361
20
-4.5605698425196852
11
6.5639901574803146
21
-4.564068897637795
0
LINE
8
BLACK
6
CONTINUOUS
10
6.5639901574803146
20
-4.564068897637795
11
6.5639904330708658
21
-4.5640690944881888
0
LINE
8
BLACK
6
CONTINUOUS
10
6.5639904330708658
20
-4.5640690944881888
11
6.5693010236220468
21
-4.5662688188976377
0
LINE
8
BLACK
6
CONTINUOUS
10
6.5693010236220468
20
-4.5662688188976377
11
6.5750000000000002
21
-4.567019094488189
0
LINE
8
BLACK
6
CONTINUOUS
10
6.5750000000000002
20
-4.567019094488189
11
6.5806989763779526
21
-4.5662688188976377
0
LINE
8
BLACK
6
CONTINUOUS
10
6.5806989763779526
20
-4.5662688188976377
11
6.5860095669291336
21
-4.5640690944881888
0
LINE
8
BLACK
6
CONTINUOUS
10
6.5860095669291336
20
-4.5640690944881888
11
6.5905698425196846
21
-4.5605698425196852
0
LINE
8
BLACK
6
CONTINUOUS
10
6.5905698425196846
20
-4.5605698425196852
11
6.594069094488189
21
-4.5560095669291334
0
LINE
8
BLACK
6
CONTINUOUS
10
6.594069094488189
20
-4.5560095669291334
11
6.5962688188976379
21
-4.5506989763779524
0
LINE
8
BLACK
6
CONTINUOUS
10
6.5962688188976379
20
-4.5506989763779524
11
6.5970190944881892
21
-4.5449999999999999
0
LINE
8
BLACK
6
CONTINUOUS
10
6.5970190944881892
20
-4.5449999999999999
11
6.5968964960629917
21
-4.5440688976377954
0
LINE
8
BLACK
6
CONTINUOUS
10
6.5968964960629917
20
-4.5440688976377954
11
6.5963582677165356
21
-4.5399803543307087
0
LINE
8
BLACK
6
CONTINUOUS
10
6.5963582677165356
20
-4.5399803543307087
11
6.5962688188976379
21
-4.5393010236220475
0
LINE
8
BLACK
6
CONTINUOUS
10
6.5962688188976379
20
-4.5393010236220475
11
6.594069094488189
21
-4.5339904724409452
0
LINE
8
BLACK
6
CONTINUOUS
10
6.594069094488189
20
-4.5339904724409452
11
6.5940688976377952
21
-4.533990196850394
0
LINE
8
BLACK
6
CONTINUOUS
10
6.5940688976377952
20
-4.533990196850394
11
6.591950275590551
21
-4.5312290944881886
0
LINE
8
BLACK
6
CONTINUOUS
10
6.591950275590551
20
-4.5312290944881886
11
6.5909424015748028
21
-4.5286219685039368
0
LINE
8
BLACK
6
CONTINUOUS
10
6.5909424015748028
20
-4.5286219685039368
11
6.5909251968503932
21
-4.528209291338583
0
LINE
8
BLACK
6
CONTINUOUS
10
6.5909251968503932
20
-4.528209291338583
11
6.5909251968503932
21
-4.3999999999999995
0
LINE
8
BLACK
6
CONTINUOUS
10
6.5909251968503932
20
-4.3999999999999995
11
6.5909251968503932
21
-4.3579034645669292
0
LINE
8
BLACK
6
CONTINUOUS
10
6.5909251968503932
20
-4.3579034645669292
11
6.5903699212598426
21
-4.3558311811023618
0
LINE
8
BLACK
6
CONTINUOUS
10
6.5903699212598426
20
-4.3558311811023618
11
6.5898399212598422
21
-4.3538531102362201
0
LINE
8
BLACK
6
CONTINUOUS
10
6.5898399212598422
20
-4.3538531102362201
11
6.5898399212598422
21
-4.3538530708661414
0
LINE
8
BLACK
6
CONTINUOUS
10
6.5898399212598422
20
-4.3538530708661414
11
6.5881981496062991
21
-4.3510094881889767
0
LINE
8
BLACK
6
CONTINUOUS
10
6.5881981496062991
20
-4.3510094881889767
11
6.5877433464566924
21
-4.3502217322834644
0
LINE
8
BLACK
6
CONTINUOUS
10
6.5877433464566924
20
-4.3502217322834644
11
6.5877432677165348
21
-4.3502216141732282
0
LINE
8
BLACK
6
CONTINUOUS
10
6.5877432677165348
20
-4.3502216141732282
11
6.5647785433070869
21
-4.3272568897637793
0
LINE
8
BLACK
6
CONTINUOUS
10
6.5647785433070869
20
-4.3272568897637793
11
6.5647781496062994
21
-4.3272565748031493
0
LINE
8
BLACK
6
CONTINUOUS
10
6.5647781496062994
20
-4.3272565748031493
11
6.561147047244094
21
-4.3251601574803145
0
LINE
8
BLACK
6
CONTINUOUS
10
6.561147047244094
20
-4.3251601574803145
11
6.5611469291338578
21
-4.3251601181102357
0
LINE
8
BLACK
6
CONTINUOUS
10
6.5611469291338578
20
-4.3251601181102357
11
6.561146889763779
21
-4.325160078740157
0
LINE
8
BLACK
6
CONTINUOUS
10
6.561146889763779
20
-4.325160078740157
11
6.5611468110236215
21
-4.3251600393700782
0
LINE
8
BLACK
6
CONTINUOUS
10
6.5611468110236215
20
-4.3251600393700782
11
6.5611467716535428
21
-4.3251600393700782
0
LINE
8
BLACK
6
CONTINUOUS
10
6.5611467716535428
20
-4.3251600393700782
11
6.560061456692913
21
-4.3248692125984247
0
LINE
8
BLACK
6
CONTINUOUS
10
6.560061456692913
20
-4.3248692125984247
11
6.5570965748031496
21
-4.3240748031496059
0
LINE
8
BLACK
6
CONTINUOUS
10
6.5570965748031496
20
-4.3240748031496059
11
6.5570964960629921
21
-4.3240748031496059
0
LINE
8
BLACK
6
CONTINUOUS
10
6.5570964960629921
20
-4.3240748031496059
11
6.5267906299212601
21
-4.3240748031496059
0
LINE
8
BLACK
6
CONTINUOUS
10
6.5267906299212601
20
-4.3240748031496059
11
6.5241087007874015
21
-4.3232873228346458
0
LINE
8
BLACK
6
CONTINUOUS
10
6.5241087007874015
20
-4.3232873228346458
11
6.5237711811023624
21
-4.3230500000000003
0
LINE
8
BLACK
6
CONTINUOUS
10
6.5237711811023624
20
-4.3230500000000003
11
6.5210095669291341
21
-4.320930905511811
0
LINE
8
BLACK
6
CONTINUOUS
10
6.5210095669291341
20
-4.320930905511811
11
6.518619724409449
21
-4.3199409842519687
0
LINE
8
BLACK
6
CONTINUOUS
10
6.518619724409449
20
-4.3199409842519687
11
6.5156988976377948
21
-4.3187311417322833
0
LINE
8
BLACK
6
CONTINUOUS
10
6.5156988976377948
20
-4.3187311417322833
11
6.5099999999999998
21
-4.3179809055118108
0
LINE
8
BLACK
6
CONTINUOUS
10
6.5099999999999998
20
-4.3179809055118108
11
6.5043010629921261
21
-4.3187311417322833
0
LINE
8
BLACK
6
CONTINUOUS
10
6.5043010629921261
20
-4.3187311417322833
11
6.5019642913385827
21
-4.3196990944881888
0
LINE
8
BLACK
6
CONTINUOUS
10
6.5019642913385827
20
-4.3196990944881888
11
6.4989904724409451
21
-4.320930905511811
0
LINE
8
BLACK
6
CONTINUOUS
10
6.4989904724409451
20
-4.320930905511811
11
6.4989904330708663
21
-4.3209309448818898
0
LINE
8
BLACK
6
CONTINUOUS
10
6.4989904330708663
20
-4.3209309448818898
11
6.4989901574803151
21
-4.3209311023622048
0
LINE
8
BLACK
6
CONTINUOUS
10
6.4989901574803151
20
-4.3209311023622048
11
6.4985847637795278
21
-4.3212422047244097
0
LINE
8
BLACK
6
CONTINUOUS
10
6.4985847637795278
20
-4.3212422047244097
11
6.4959777165354327
21
-4.3222501574803145
0
LINE
8
BLACK
6
CONTINUOUS
10
6.4959777165354327
20
-4.3222501574803145
11
6.4955648818897638
21
-4.3222673622047241
0
LINE
8
BLACK
6
CONTINUOUS
10
6.4955648818897638
20
-4.3222673622047241
11
6.3861432677165348
21
-4.3222673622047241
0
LINE
8
BLACK
6
CONTINUOUS
10
6.3861432677165348
20
-4.3222673622047241
11
6.3834613385826771
21
-4.321479881889764
0
LINE
8
BLACK
6
CONTINUOUS
10
6.3834613385826771
20
-4.321479881889764
11
6.3816309055118108
21
-4.3193674409448821
0
LINE
8
BLACK
6
CONTINUOUS
10
6.3816309055118108
20
-4.3193674409448821
11
6.3812411023622042
21
-4.3166563385826775
0
LINE
8
BLACK
6
CONTINUOUS
10
6.3812411023622042
20
-4.3166563385826775
11
6.381226377952756
21
-4.3166544094488186
0
LINE
8
BLACK
6
CONTINUOUS
10
6.381226377952756
20
-4.3166544094488186
11
6.3812332677165351
21
-4.3166019291338582
0
LINE
8
BLACK
6
CONTINUOUS
10
6.3812332677165351
20
-4.3166019291338582
11
6.3812331102362201
21
-4.3166007480314956
0
LINE
8
BLACK
6
CONTINUOUS
10
6.3812331102362201
20
-4.3166007480314956
11
6.3812340157480314
21
-4.3165962204724408
0
LINE
8
BLACK
6
CONTINUOUS
10
6.3812340157480314
20
-4.3165962204724408
11
6.3812687795275593
21
-4.3163321259842515
0
LINE
8
BLACK
6
CONTINUOUS
10
6.3812687795275593
20
-4.3163321259842515
11
6.3812688188976381
21
-4.316332047244094
0
LINE
8
BLACK
6
CONTINUOUS
10
6.3812688188976381
20
-4.316332047244094
11
6.3820190944881885
21
-4.3106330708661416
0
LINE
8
BLACK
6
CONTINUOUS
10
6.3820190944881885
20
-4.3106330708661416
11
6.3812688188976381
21
-4.3049340944881891
0
LINE
8
BLACK
6
CONTINUOUS
10
6.3812688188976381
20
-4.3049340944881891
11
6.3790690944881892
21
-4.2996235433070868
0
LINE
8
BLACK
6
CONTINUOUS
10
6.3790690944881892
20
-4.2996235433070868
11
6.3755698425196847
21
-4.2950632283464563
0
LINE
8
BLACK
6
CONTINUOUS
10
6.3755698425196847
20
-4.2950632283464563
11
6.3755697637795272
21
-4.2950631496062988
0
LINE
8
BLACK
6
CONTINUOUS
10
6.3755697637795272
20
-4.2950631496062988
11
6.3755697244094485
21
-4.29506311023622
0
LINE
8
BLACK
6
CONTINUOUS
10
6.3755697244094485
20
-4.29506311023622
11
6.3710098031496063
21
-4.2915641338582677
0
LINE
8
BLACK
6
CONTINUOUS
10
6.3710098031496063
20
-4.2915641338582677
11
6.3710094881889763
21
-4.291563937007874
0
LINE
8
BLACK
6
CONTINUOUS
10
6.3710094881889763
20
-4.291563937007874
11
6.3656988976377953
21
-4.289364212598425
0
LINE
8
BLACK
6
CONTINUOUS
10
6.3656988976377953
20
-4.289364212598425
11
6.3599999999999994
21
-4.2886139763779525
0
LINE
8
BLACK
6
CONTINUOUS
10
6.3599999999999994
20
-4.2886139763779525
11
6.354301023622047
21
-4.289364212598425
0
LINE
8
BLACK
6
CONTINUOUS
10
6.354301023622047
20
-4.289364212598425
11
6.3543009842519682
21
-4.2893642519685038
0
LINE
8
BLACK
6
CONTINUOUS
10
6.3543009842519682
20
-4.2893642519685038
11
6.3535352362204724
21
-4.2896814566929136
0
LINE
8
BLACK
6
CONTINUOUS
10
6.3535352362204724
20
-4.2896814566929136
11
6.3516368897637792
21
-4.2900590551181104
0
LINE
8
BLACK
6
CONTINUOUS
10
6.3516368897637792
20
-4.2900590551181104
11
6.308243464566929
21
-4.2900590551181104
0
LINE
8
BLACK
6
CONTINUOUS
10
6.308243464566929
20
-4.2900590551181104
11
6.3055615354330703
21
-4.2892715748031494
0
LINE
8
BLACK
6
CONTINUOUS
10
6.3055615354330703
20
-4.2892715748031494
11
6.304735787401575
21
-4.2886061023622046
0
LINE
8
BLACK
6
CONTINUOUS
10
6.304735787401575
20
-4.2886061023622046
11
6.2146176377952758
21
-4.1984879527559054
0
LINE
8
BLACK
6
CONTINUOUS
10
6.2146176377952758
20
-4.1984879527559054
11
6.2132780314960625
21
-4.1960347244094489
0
LINE
8
BLACK
6
CONTINUOUS
10
6.2132780314960625
20
-4.1960347244094489
11
6.2134774409448816
21
-4.1932467322834643
0
LINE
8
BLACK
6
CONTINUOUS
10
6.2134774409448816
20
-4.1932467322834643
11
6.2151525196850388
21
-4.191009094488189
0
LINE
8
BLACK
6
CONTINUOUS
10
6.2151525196850388
20
-4.191009094488189
11
6.2177714173228349
21
-4.1900322834645669
0
LINE
8
BLACK
6
CONTINUOUS
10
6.2177714173228349
20
-4.1900322834645669
11
6.2181243700787396
21
-4.1900196456692909
0
LINE
8
BLACK
6
CONTINUOUS
10
6.2181243700787396
20
-4.1900196456692909
11
6.270986850393701
21
-4.1900196456692909
0
LINE
8
BLACK
6
CONTINUOUS
10
6.270986850393701
20
-4.1900196456692909
11
6.2709869685039372
21
-4.1900196062992121
0
LINE
8
BLACK
6
CONTINUOUS
10
6.2709869685039372
20
-4.1900196062992121
11
6.2709871259842522
21
-4.1900196062992121
0
LINE
8
BLACK
6
CONTINUOUS
10
6.2709871259842522
20
-4.1900196062992121
11
6.2729262204724412
21
-4.1896338976377949
0
LINE
8
BLACK
6
CONTINUOUS
10
6.2729262204724412
20
-4.1896338976377949
11
6.2739094881889761
21
-4.1894383464566927
0
LINE
8
BLACK
6
CONTINUOUS
10
6.2739094881889761
20
-4.1894383464566927
11
6.2772237795275592
21
-4.1872237795275593
0
LINE
8
BLACK
6
CONTINUOUS
10
6.2772237795275592
20
-4.1872237795275593
11
6.2794383464566925
21
-4.1839094881889762
0
LINE
8
BLACK
6
CONTINUOUS
10
6.2794383464566925
20
-4.1839094881889762
11
6.2800196850393704
21
-4.1809868897637799
0
LINE
8
BLACK
6
CONTINUOUS
10
6.2800196850393704
20
-4.1809868897637799
11
6.2800196456692916
21
-4.1190131496062987
0
LINE
8
BLACK
6
CONTINUOUS
10
6.2800196456692916
20
-4.1190131496062987
11
6.2800196062992129
21
-4.1190129921259846
0
LINE
8
BLACK
6
CONTINUOUS
10
6.2800196062992129
20
-4.1190129921259846
11
6.2800196062992129
21
-4.1190128740157483
0
LINE
8
BLACK
6
CONTINUOUS
10
6.2800196062992129
20
-4.1190128740157483
11
6.2800196062992129
21
-4.1190128346456696
0
LINE
8
BLACK
6
CONTINUOUS
10
6.2800196062992129
20
-4.1190128346456696
11
6.2794383464566925
21
-4.1160905118110236
0
LINE
8
BLACK
6
CONTINUOUS
10
6.2794383464566925
20
-4.1160905118110236
11
6.2772237401574804
21
-4.1127761811023618
0
LINE
8
BLACK
6
CONTINUOUS
10
6.2772237401574804
20
-4.1127761811023618
11
6.2739095275590548
21
-4.1105616535433072
0
LINE
8
BLACK
6
CONTINUOUS
10
6.2739095275590548
20
-4.1105616535433072
11
6.2709868897637797
21
-4.1099803149606302
0
LINE
8
BLACK
6
CONTINUOUS
10
6.2709868897637797
20
-4.1099803149606302
11
6.209013228346457
21
-4.1099803149606302
0
LINE
8
BLACK
6
CONTINUOUS
10
6.209013228346457
20
-4.1099803149606302
11
6.2090128346456694
21
-4.109980354330709
0
LINE
8
BLACK
6
CONTINUOUS
10
6.2090128346456694
20
-4.109980354330709
11
6.2060905118110234
21
-4.1105616141732284
0
LINE
8
BLACK
6
CONTINUOUS
10
6.2060905118110234
20
-4.1105616141732284
11
6.2027761811023625
21
-4.1127762204724405
0
LINE
8
BLACK
6
CONTINUOUS
10
6.2027761811023625
20
-4.1127762204724405
11
6.200561653543307
21
-4.1160904330708661
0
LINE
8
BLACK
6
CONTINUOUS
10
6.200561653543307
20
-4.1160904330708661
11
6.1999803149606301
21
-4.1190129921259846
0
LINE
8
BLACK
6
CONTINUOUS
10
6.1999803149606301
20
-4.1190129921259846
11
6.1999803149606301
21
-4.1718746456692912
0
LINE
8
BLACK
6
CONTINUOUS
10
6.1999803149606301
20
-4.1718746456692912
11
6.1991928346456691
21
-4.1745565748031499
0
LINE
8
BLACK
6
CONTINUOUS
10
6.1991928346456691
20
-4.1745565748031499
11
6.1970803937007872
21
-4.1763870078740153
0
LINE
8
BLACK
6
CONTINUOUS
10
6.1970803937007872
20
-4.1763870078740153
11
6.1943137007874016
21
-4.176784803149606
0
LINE
8
BLACK
6
CONTINUOUS
10
6.1943137007874016
20
-4.176784803149606
11
6.1917711811023617
21
-4.1756236220472438
0
LINE
8
BLACK
6
CONTINUOUS
10
6.1917711811023617
20
-4.1756236220472438
11
6.1915120078740156
21
-4.1753823228346452
0
LINE
8
BLACK
6
CONTINUOUS
10
6.1915120078740156
20
-4.1753823228346452
11
6.1810788976377955
21
-4.1649492125984251
0
LINE
8
BLACK
6
CONTINUOUS
10
6.1810788976377955
20
-4.1649492125984251
11
6.1797392913385822
21
-4.1624959842519687
0
LINE
8
BLACK
6
CONTINUOUS
10
6.1797392913385822
20
-4.1624959842519687
11
6.1796259448818898
21
-4.1614415354330712
0
LINE
8
BLACK
6
CONTINUOUS
10
6.1796259448818898
20
-4.1614415354330712
11
6.1796259448818898
21
-4.1190132283464562
0
LINE
8
BLACK
6
CONTINUOUS
10
6.1796259448818898
20
-4.1190132283464562
11
6.179625905511811
21
-4.1190128740157483
0
LINE
8
BLACK
6
CONTINUOUS
10
6.179625905511811
20
-4.1190128740157483
11
6.1790446456692916
21
-4.1160905118110236
0
LINE
8
BLACK
6
CONTINUOUS
10
6.1790446456692916
20
-4.1160905118110236
11
6.1768300393700786
21
-4.1127761811023618
0
LINE
8
BLACK
6
CONTINUOUS
10
6.1768300393700786
20
-4.1127761811023618
11
6.173515826771653
21
-4.1105616535433072
0
LINE
8
BLACK
6
CONTINUOUS
10
6.173515826771653
20
-4.1105616535433072
11
6.1705931889763779
21
-4.1099803149606302
0
LINE
8
BLACK
6
CONTINUOUS
10
6.1705931889763779
20
-4.1099803149606302
11
6.1086195275590551
21
-4.1099803149606302
0
LINE
8
BLACK
6
CONTINUOUS
10
6.1086195275590551
20
-4.1099803149606302
11
6.1086191338582676
21
-4.109980354330709
0
LINE
8
BLACK
6
CONTINUOUS
10
6.1086191338582676
20
-4.109980354330709
11
6.1056968110236216
21
-4.1105616141732284
0
LINE
8
BLACK
6
CONTINUOUS
10
6.1056968110236216
20
-4.1105616141732284
11
6.1023824803149607
21
-4.1127762204724405
0
LINE
8
BLACK
6
CONTINUOUS
10
6.1023824803149607
20
-4.1127762204724405
11
6.1001679527559052
21
-4.1160904330708661
0
LINE
8
BLACK
6
CONTINUOUS
10
6.1001679527559052
20
-4.1160904330708661
11
6.0995866141732282
21
-4.1190129921259846
0
LINE
8
BLACK
6
CONTINUOUS
10
6.0995866141732282
20
-4.1190129921259846
11
6.0995866141732282
21
-4.1809867322834648
0
LINE
8
BLACK
6
CONTINUOUS
10
6.0995866141732282
20
-4.1809867322834648
11
6.099586653543307
21
-4.1809871259842515
0
LINE
8
BLACK
6
CONTINUOUS
10
6.099586653543307
20
-4.1809871259842515
11
6.1001679133858264
21
-4.1839094488188975
0
LINE
8
BLACK
6
CONTINUOUS
10
6.1001679133858264
20
-4.1839094488188975
11
6.1023825196850394
21
-4.1872237795275593
0
LINE
8
BLACK
6
CONTINUOUS
10
6.1023825196850394
20
-4.1872237795275593
11
6.1056967322834641
21
-4.1894383070866139
0
LINE
8
BLACK
6
CONTINUOUS
10
6.1056967322834641
20
-4.1894383070866139
11
6.1056968110236216
21
-4.1894383464566927
0
LINE
8
BLACK
6
CONTINUOUS
10
6.1056968110236216
20
-4.1894383464566927
11
6.1086194094488189
21
-4.1900196850393696
0
LINE
8
BLACK
6
CONTINUOUS
10
6.1086194094488189
20
-4.1900196850393696
11
6.1618352362204725
21
-4.1900196456692909
0
LINE
8
BLACK
6
CONTINUOUS
10
6.1618352362204725
20
-4.1900196456692909
11
6.1645171653543303
21
-4.1908071259842519
0
LINE
8
BLACK
6
CONTINUOUS
10
6.1645171653543303
20
-4.1908071259842519
11
6.1653429133858264
21
-4.1914725984251966
0
LINE
8
BLACK
6
CONTINUOUS
10
6.1653429133858264
20
-4.1914725984251966
11
6.2876693700787403
21
-4.3137990551181105
0
LINE
8
BLACK
6
CONTINUOUS
10
6.2876693700787403
20
-4.3137990551181105
11
6.2890089763779526
21
-4.3162522834645669
0
LINE
8
BLACK
6
CONTINUOUS
10
6.2890089763779526
20
-4.3162522834645669
11
6.2888095669291335
21
-4.3190402755905515
0
LINE
8
BLACK
6
CONTINUOUS
10
6.2888095669291335
20
-4.3190402755905515
11
6.2871344881889764
21
-4.3212779133858268
0
LINE
8
BLACK
6
CONTINUOUS
10
6.2871344881889764
20
-4.3212779133858268
11
6.2845155905511811
21
-4.3222547244094489
0
LINE
8
BLACK
6
CONTINUOUS
10
6.2845155905511811
20
-4.3222547244094489
11
6.2841616929133854
21
-4.3222673622047241
0
LINE
8
BLACK
6
CONTINUOUS
10
6.2841616929133854
20
-4.3222673622047241
11
5.4541245669291341
21
-4.3222673622047241
0
LINE
8
BLACK
6
CONTINUOUS
10
5.4541245669291341
20
-4.3222673622047241
11
5.4514426377952754
21
-4.321479881889764
0
LINE
8
BLACK
6
CONTINUOUS
10
5.4514426377952754
20
-4.321479881889764
11
5.4499842913385823
21
-4.3199504330708658
0
LINE
8
BLACK
6
CONTINUOUS
10
5.4499842913385823
20
-4.3199504330708658
11
5.4499756692913381
21
-4.3199570866141732
0
LINE
8
BLACK
6
CONTINUOUS
10
5.4499756692913381
20
-4.3199570866141732
11
5.4499140944881885
21
-4.3198768110236223
0
LINE
8
BLACK
6
CONTINUOUS
10
5.4499140944881885
20
-4.3198768110236223
11
5.4498286614173228
21
-4.3197872440944884
0
LINE
8
BLACK
6
CONTINUOUS
10
5.4498286614173228
20
-4.3197872440944884
11
5.4497779133858266
21
-4.3196993700787401
0
LINE
8
BLACK
6
CONTINUOUS
10
5.4497779133858266
20
-4.3196993700787401
11
5.4497777559055116
21
-4.3196991732283463
0
LINE
8
BLACK
6
CONTINUOUS
10
5.4497777559055116
20
-4.3196991732283463
11
5.4497777559055116
21
-4.3196991338582675
0
LINE
8
BLACK
6
CONTINUOUS
10
5.4497777559055116
20
-4.3196991338582675
11
5.4462785039370081
21
-4.3151388188976378
0
LINE
8
BLACK
6
CONTINUOUS
10
5.4462785039370081
20
-4.3151388188976378
11
5.4462784251968506
21
-4.3151387401574803
0
LINE
8
BLACK
6
CONTINUOUS
10
5.4462784251968506
20
-4.3151387401574803
11
5.4462783858267718
21
-4.3151387007874016
0
LINE
8
BLACK
6
CONTINUOUS
10
5.4462783858267718
20
-4.3151387007874016
11
5.4417184645669288
21
-4.3116397244094484
0
LINE
8
BLACK
6
CONTINUOUS
10
5.4417184645669288
20
-4.3116397244094484
11
5.4417181496062987
21
-4.3116395275590547
0
LINE
8
BLACK
6
CONTINUOUS
10
5.4417181496062987
20
-4.3116395275590547
11
5.4364075590551177
21
-4.3094398031496066
0
LINE
8
BLACK
6
CONTINUOUS
10
5.4364075590551177
20
-4.3094398031496066
11
5.4307086614173228
21
-4.3086895669291341
0
LINE
8
BLACK
6
CONTINUOUS
10
5.4307086614173228
20
-4.3086895669291341
11
5.4250097244094491
21
-4.3094398031496066
0
LINE
8
BLACK
6
CONTINUOUS
10
5.4250097244094491
20
-4.3094398031496066
11
5.4223544094488192
21
-4.3105396850393696
0
LINE
8
BLACK
6
CONTINUOUS
10
5.4223544094488192
20
-4.3105396850393696
11
5.4196991338582672
21
-4.3116395669291334
0
LINE
8
BLACK
6
CONTINUOUS
10
5.4196991338582672
20
-4.3116395669291334
11
5.4196990944881884
21
-4.3116396062992122
0
LINE
8
BLACK
6
CONTINUOUS
10
5.4196990944881884
20
-4.3116396062992122
11
5.4196990551181097
21
-4.3116396062992122
0
LINE
8
BLACK
6
CONTINUOUS
10
5.4196990551181097
20
-4.3116396062992122
11
5.4151388188976375
21
-4.3151388188976378
0
LINE
8
BLACK
6
CONTINUOUS
10
5.4151388188976375
20
-4.3151388188976378
11
5.4116396062992127
21
-4.31969905511811
0
LINE
8
BLACK
6
CONTINUOUS
10
5.4116396062992127
20
-4.31969905511811
11
5.4116395669291339
21
-4.3196991338582675
0
LINE
8
BLACK
6
CONTINUOUS
10
5.4116395669291339
20
-4.3196991338582675
11
5.4109019685039366
21
-4.321479881889764
0
LINE
8
BLACK
6
CONTINUOUS
10
5.4109019685039366
20
-4.321479881889764
11
5.4094398031496063
21
-4.3250097244094485
0
LINE
8
BLACK
6
CONTINUOUS
10
5.4094398031496063
20
-4.3250097244094485
11
5.4086895669291337
21
-4.3307086220472444
0
LINE
8
BLACK
6
CONTINUOUS
10
5.4086895669291337
20
-4.3307086220472444
11
5.4086895669291337
21
-4.3307086614173231
0
LINE
8
BLACK
6
CONTINUOUS
10
6.3879809055118111
20
-4.3949999999999996
11
6.3887311417322836
21
-4.4006988976377954
0
LINE
8
BLACK
6
CONTINUOUS
10
6.3887311417322836
20
-4.4006988976377954
11
6.3887311811023624
21
-4.4006989763779529
0
LINE
8
BLACK
6
CONTINUOUS
10
6.3887311811023624
20
-4.4006989763779529
11
6.3909309055118113
21
-4.4060095669291339
0
LINE
8
BLACK
6
CONTINUOUS
10
6.3909309055118113
20
-4.4060095669291339
11
6.3930496850393697
21
-4.4087707874015747
0
LINE
8
BLACK
6
CONTINUOUS
10
6.3930496850393697
20
-4.4087707874015747
11
6.3940575984251966
21
-4.4113778346456689
0
LINE
8
BLACK
6
CONTINUOUS
10
6.3940575984251966
20
-4.4113778346456689
11
6.3940748031496062
21
-4.4117906299212599
0
LINE
8
BLACK
6
CONTINUOUS
10
6.3940748031496062
20
-4.4117906299212599
11
6.3940748031496062
21
-4.4879034251968504
0
LINE
8
BLACK
6
CONTINUOUS
10
6.3940748031496062
20
-4.4879034251968504
11
6.3940748031496062
21
-4.4920965748031492
0
LINE
8
BLACK
6
CONTINUOUS
10
6.3940748031496062
20
-4.4920965748031492
11
6.3946499999999995
21
-4.4942431889763776
0
LINE
8
BLACK
6
CONTINUOUS
10
6.3946499999999995
20
-4.4942431889763776
11
6.3951600393700785
21
-4.4961467716535433
0
LINE
8
BLACK
6
CONTINUOUS
10
6.3951600393700785
20
-4.4961467716535433
11
6.3951601574803147
21
-4.4961470472440945
0
LINE
8
BLACK
6
CONTINUOUS
10
6.3951601574803147
20
-4.4961470472440945
11
6.3972565748031496
21
-4.499778149606299
0
LINE
8
BLACK
6
CONTINUOUS
10
6.3972565748031496
20
-4.499778149606299
11
6.3972566535433071
21
-4.4997782283464565
0
LINE
8
BLACK
6
CONTINUOUS
10
6.3972566535433071
20
-4.4997782283464565
11
6.3972566929133858
21
-4.499778307086614
0
LINE
8
BLACK
6
CONTINUOUS
10
6.3972566929133858
20
-4.499778307086614
11
6.4218663779527558
21
-4.524387992125984
0
LINE
8
BLACK
6
CONTINUOUS
10
6.4218663779527558
20
-4.524387992125984
11
6.4232059055118107
21
-4.5268411811023617
0
LINE
8
BLACK
6
CONTINUOUS
10
6.4232059055118107
20
-4.5268411811023617
11
6.4232768503937008
21
-4.5272481102362203
0
LINE
8
BLACK
6
CONTINUOUS
10
6.4232768503937008
20
-4.5272481102362203
11
6.4237311417322829
21
-4.5306988976377953
0
LINE
8
BLACK
6
CONTINUOUS
10
6.4237311417322829
20
-4.5306988976377953
11
6.4259308661417318
21
-4.5360094881889763
0
LINE
8
BLACK
6
CONTINUOUS
10
6.4259308661417318
20
-4.5360094881889763
11
6.4259310629921256
21
-4.5360098031496063
0
LINE
8
BLACK
6
CONTINUOUS
10
6.4259310629921256
20
-4.5360098031496063
11
6.4294301181102362
21
-4.5405698425196848
0
LINE
8
BLACK
6
CONTINUOUS
10
6.4294301181102362
20
-4.5405698425196848
11
6.4339901574803147
21
-4.5440688976377954
0
LINE
8
BLACK
6
CONTINUOUS
10
6.4339901574803147
20
-4.5440688976377954
11
6.4339904330708659
21
-4.5440690944881892
0
LINE
8
BLACK
6
CONTINUOUS
10
6.4339904330708659
20
-4.5440690944881892
11
6.4393010236220469
21
-4.5462688188976381
0
LINE
8
BLACK
6
CONTINUOUS
10
6.4393010236220469
20
-4.5462688188976381
11
6.4450000000000003
21
-4.5470190944881885
0
LINE
8
BLACK
6
CONTINUOUS
10
6.4450000000000003
20
-4.5470190944881885
11
6.4506989763779528
21
-4.5462688188976381
0
LINE
8
BLACK
6
CONTINUOUS
10
6.4506989763779528
20
-4.5462688188976381
11
6.4560095669291337
21
-4.5440690944881892
0
LINE
8
BLACK
6
CONTINUOUS
10
6.4560095669291337
20
-4.5440690944881892
11
6.4605698425196847
21
-4.5405698425196848
0
LINE
8
BLACK
6
CONTINUOUS
10
6.4605698425196847
20
-4.5405698425196848
11
6.4640690944881891
21
-4.5360095669291338
0
LINE
8
BLACK
6
CONTINUOUS
10
6.4640690944881891
20
-4.5360095669291338
11
6.466268818897638
21
-4.5306989763779528
0
LINE
8
BLACK
6
CONTINUOUS
10
6.466268818897638
20
-4.5306989763779528
11
6.4670190944881885
21
-4.5249999999999995
0
LINE
8
BLACK
6
CONTINUOUS
10
6.4670190944881885
20
-4.5249999999999995
11
6.466268818897638
21
-4.519301023622047
0
LINE
8
BLACK
6
CONTINUOUS
10
6.466268818897638
20
-4.519301023622047
11
6.4640690944881891
21
-4.5139904724409448
0
LINE
8
BLACK
6
CONTINUOUS
10
6.4640690944881891
20
-4.5139904724409448
11
6.4605698425196847
21
-4.5094301574803151
0
LINE
8
BLACK
6
CONTINUOUS
10
6.4605698425196847
20
-4.5094301574803151
11
6.4605697637795272
21
-4.5094300787401576
0
LINE
8
BLACK
6
CONTINUOUS
10
6.4605697637795272
20
-4.5094300787401576
11
6.4605697244094484
21
-4.5094300393700788
0
LINE
8
BLACK
6
CONTINUOUS
10
6.4605697244094484
20
-4.5094300393700788
11
6.4560098031496063
21
-4.5059310629921256
0
LINE
8
BLACK
6
CONTINUOUS
10
6.4560098031496063
20
-4.5059310629921256
11
6.4560094881889762
21
-4.5059308661417319
0
LINE
8
BLACK
6
CONTINUOUS
10
6.4560094881889762
20
-4.5059308661417319
11
6.4506988976377952
21
-4.5037311417322829
0
LINE
8
BLACK
6
CONTINUOUS
10
6.4506988976377952
20
-4.5037311417322829
11
6.4472481102362202
21
-4.5032768503937008
0
LINE
8
BLACK
6
CONTINUOUS
10
6.4472481102362202
20
-4.5032768503937008
11
6.4446919291338585
21
-4.5021460236220472
0
LINE
8
BLACK
6
CONTINUOUS
10
6.4446919291338585
20
-4.5021460236220472
11
6.4443879527559051
21
-4.5018663385826772
0
LINE
8
BLACK
6
CONTINUOUS
10
6.4443879527559051
20
-4.5018663385826772
11
6.4273781496062989
21
-4.4848565354330709
0
LINE
8
BLACK
6
CONTINUOUS
10
6.4273781496062989
20
-4.4848565354330709
11
6.4260385433070866
21
-4.4824033070866145
0
LINE
8
BLACK
6
CONTINUOUS
10
6.4260385433070866
20
-4.4824033070866145
11
6.4259251968503932
21
-4.4813488582677161
0
LINE
8
BLACK
6
CONTINUOUS
10
6.4259251968503932
20
-4.4813488582677161
11
6.4259251968503932
21
-4.4117906299212599
0
LINE
8
BLACK
6
CONTINUOUS
10
6.4259251968503932
20
-4.4117906299212599
11
6.4267126771653542
21
-4.4091087007874012
0
LINE
8
BLACK
6
CONTINUOUS
10
6.4267126771653542
20
-4.4091087007874012
11
6.426949960629921
21
-4.4087711811023622
0
LINE
8
BLACK
6
CONTINUOUS
10
6.426949960629921
20
-4.4087711811023622
11
6.429069094488189
21
-4.4060095669291339
0
LINE
8
BLACK
6
CONTINUOUS
10
6.429069094488189
20
-4.4060095669291339
11
6.4312688188976379
21
-4.4006989763779529
0
LINE
8
BLACK
6
CONTINUOUS
10
6.4312688188976379
20
-4.4006989763779529
11
6.4320190944881892
21
-4.3949999999999996
0
LINE
8
BLACK
6
CONTINUOUS
10
6.4320190944881892
20
-4.3949999999999996
11
6.4312688188976379
21
-4.3893010236220471
0
LINE
8
BLACK
6
CONTINUOUS
10
6.4312688188976379
20
-4.3893010236220471
11
6.429069094488189
21
-4.3839904724409449
0
LINE
8
BLACK
6
CONTINUOUS
10
6.429069094488189
20
-4.3839904724409449
11
6.4255698425196845
21
-4.3794301574803152
0
LINE
8
BLACK
6
CONTINUOUS
10
6.4255698425196845
20
-4.3794301574803152
11
6.425569763779527
21
-4.3794300787401577
0
LINE
8
BLACK
6
CONTINUOUS
10
6.425569763779527
20
-4.3794300787401577
11
6.4255697244094483
21
-4.3794300393700789
0
LINE
8
BLACK
6
CONTINUOUS
10
6.4255697244094483
20
-4.3794300393700789
11
6.4210098031496061
21
-4.3759310629921258
0
LINE
8
BLACK
6
CONTINUOUS
10
6.4210098031496061
20
-4.3759310629921258
11
6.4210094881889761
21
-4.375930866141732
0
LINE
8
BLACK
6
CONTINUOUS
10
6.4210094881889761
20
-4.375930866141732
11
6.4156988976377951
21
-4.3737311417322831
0
LINE
8
BLACK
6
CONTINUOUS
10
6.4156988976377951
20
-4.3737311417322831
11
6.4100000000000001
21
-4.3729809055118105
0
LINE
8
BLACK
6
CONTINUOUS
10
6.4100000000000001
20
-4.3729809055118105
11
6.4043010629921255
21
-4.3737311417322831
0
LINE
8
BLACK
6
CONTINUOUS
10
6.4043010629921255
20
-4.3737311417322831
11
6.4016457480314957
21
-4.3748310236220469
0
LINE
8
BLACK
6
CONTINUOUS
10
6.4016457480314957
20
-4.3748310236220469
11
6.3989904724409445
21
-4.3759309055118107
0
LINE
8
BLACK
6
CONTINUOUS
10
6.3989904724409445
20
-4.3759309055118107
11
6.3989904330708658
21
-4.3759309448818895
0
LINE
8
BLACK
6
CONTINUOUS
10
6.3989904330708658
20
-4.3759309448818895
11
6.398990393700787
21
-4.3759309448818895
0
LINE
8
BLACK
6
CONTINUOUS
10
6.398990393700787
20
-4.3759309448818895
11
6.3944301574803148
21
-4.3794301574803152
0
LINE
8
BLACK
6
CONTINUOUS
10
6.3944301574803148
20
-4.3794301574803152
11
6.3909309448818892
21
-4.3839903937007874
0
LINE
8
BLACK
6
CONTINUOUS
10
6.3909309448818892
20
-4.3839903937007874
11
6.3909309055118113
21
-4.3839904724409449
0
LINE
8
BLACK
6
CONTINUOUS
10
6.3909309055118113
20
-4.3839904724409449
11
6.3908654330708661
21
-4.3841485826771649
0
LINE
8
BLACK
6
CONTINUOUS
10
6.3908654330708661
20
-4.3841485826771649
11
6.3887311417322836
21
-4.3893010629921259
0
LINE
8
BLACK
6
CONTINUOUS
10
6.3887311417322836
20
-4.3893010629921259
11
6.3879809055118111
21
-4.3949999606299208
0
LINE
8
BLACK
6
CONTINUOUS
10
6.3879809055118111
20
-4.3949999606299208
11
6.3879809055118111
21
-4.3949999999999996
0
LINE
8
BLACK
6
CONTINUOUS
10
5.3799999999999999
20
-4.4900000000000002
11
5.3799999999999999
21
-4.511913267716535
0
LINE
8
BLACK
6
CONTINUOUS
10
5.3799999999999999
20
-4.511913267716535
11
5.3802561023622042
21
-4.5142949999999997
0
LINE
8
BLACK
6
CONTINUOUS
10
5.3802561023622042
20
-4.5142949999999997
11
5.3822659448818895
21
-4.5196836220472436
0
LINE
8
BLACK
6
CONTINUOUS
10
5.3822659448818895
20
-4.5196836220472436
11
5.3822659448818895
21
-4.5196836614173224
0
LINE
8
BLACK
6
CONTINUOUS
10
5.3822659448818895
20
-4.5196836614173224
11
5.3857124015748035
21
-4.5242875590551179
0
LINE
8
BLACK
6
CONTINUOUS
10
5.3857124015748035
20
-4.5242875590551179
11
5.3903162992125981
21
-4.527734015748031
0
LINE
8
BLACK
6
CONTINUOUS
10
5.3903162992125981
20
-4.527734015748031
11
5.3957049606299208
21
-4.5297438582677163
0
LINE
8
BLACK
6
CONTINUOUS
10
5.3957049606299208
20
-4.5297438582677163
11
5.3980866929133855
21
-4.5299999606299215
0
LINE
8
BLACK
6
CONTINUOUS
10
5.3980866929133855
20
-4.5299999606299215
11
5.3980872047244093
21
-4.5300000000000002
0
LINE
8
BLACK
6
CONTINUOUS
10
5.3980872047244093
20
-4.5300000000000002
11
5.4199999999999999
21
-4.5300000000000002
0
LINE
8
BLACK
6
CONTINUOUS
10
5.4199999999999999
20
-4.5300000000000002
11
5.4199999999999999
21
-4.5099999999999998
0
LINE
8
BLACK
6
CONTINUOUS
10
5.4199999999999999
20
-4.5099999999999998
11
5.3999999999999995
21
-4.5099999999999998
0
LINE
8
BLACK
6
CONTINUOUS
10
5.3999999999999995
20
-4.5099999999999998
11
5.3999999999999995
21
-4.4900000000000002
0
LINE
8
BLACK
6
CONTINUOUS
10
5.3999999999999995
20
-4.4900000000000002
11
5.3799999999999999
21
-4.4900000000000002
0
LINE
8
BLACK
6
CONTINUOUS
10
5.46
20
-4.4900000000000002
11
5.46
21
-4.5099999999999998
0
LINE
8
BLACK
6
CONTINUOUS
10
5.46
20
-4.5099999999999998
11
5.4399999999999995
21
-4.5099999999999998
0
LINE
8
BLACK
6
CONTINUOUS
10
5.4399999999999995
20
-4.5099999999999998
11
5.4399999999999995
21
-4.5300000000000002
0
LINE
8
BLACK
6
CONTINUOUS
10
5.4399999999999995
20
-4.5300000000000002
11
5.4619127952755901
21
-4.5300000000000002
0
LINE
8
BLACK
6
CONTINUOUS
10
5.4619127952755901
20
-4.5300000000000002
11
5.4619132677165352
21
-4.5299999606299215
0
LINE
8
BLACK
6
CONTINUOUS
10
5.4619132677165352
20
-4.5299999606299215
11
5.4642949999999999
21
-4.5297438582677163
0
LINE
8
BLACK
6
CONTINUOUS
10
5.4642949999999999
20
-4.5297438582677163
11
5.4696836220472438
21
-4.527734015748031
0
LINE
8
BLACK
6
CONTINUOUS
10
5.4696836220472438
20
-4.527734015748031
11
5.4696836614173225
21
-4.527734015748031
0
LINE
8
BLACK
6
CONTINUOUS
10
5.4696836614173225
20
-4.527734015748031
11
5.4742875590551181
21
-4.5242875590551179
0
LINE
8
BLACK
6
CONTINUOUS
10
5.4742875590551181
20
-4.5242875590551179
11
5.476028818897638
21
-4.5219615354330704
0
LINE
8
BLACK
6
CONTINUOUS
10
5.476028818897638
20
-4.5219615354330704
11
5.4782664566929133
21
-4.5202864566929133
0
LINE
8
BLACK
6
CONTINUOUS
10
5.4782664566929133
20
-4.5202864566929133
11
5.4810544488188979
21
-4.5200870866141729
0
LINE
8
BLACK
6
CONTINUOUS
10
5.4810544488188979
20
-4.5200870866141729
11
5.4835077165354331
21
-4.5214266535433074
0
LINE
8
BLACK
6
CONTINUOUS
10
5.4835077165354331
20
-4.5214266535433074
11
5.4839711811023619
21
-4.5219615354330704
0
LINE
8
BLACK
6
CONTINUOUS
10
5.4839711811023619
20
-4.5219615354330704
11
5.4857124015748031
21
-4.5242875590551179
0
LINE
8
BLACK
6
CONTINUOUS
10
5.4857124015748031
20
-4.5242875590551179
11
5.4903162992125987
21
-4.527734015748031
0
LINE
8
BLACK
6
CONTINUOUS
10
5.4903162992125987
20
-4.527734015748031
11
5.4957049606299213
21
-4.5297438582677163
0
LINE
8
BLACK
6
CONTINUOUS
10
5.4957049606299213
20
-4.5297438582677163
11
5.498086692913386
21
-4.5299999606299215
0
LINE
8
BLACK
6
CONTINUOUS
10
5.498086692913386
20
-4.5299999606299215
11
5.4980872047244089
21
-4.5300000000000002
0
LINE
8
BLACK
6
CONTINUOUS
10
5.4980872047244089
20
-4.5300000000000002
11
5.5199999999999996
21
-4.5300000000000002
0
LINE
8
BLACK
6
CONTINUOUS
10
5.5199999999999996
20
-4.5300000000000002
11
5.5199999999999996
21
-4.5099999999999998
0
LINE
8
BLACK
6
CONTINUOUS
10
5.5199999999999996
20
-4.5099999999999998
11
5.5
21
-4.5099999999999998
0
LINE
8
BLACK
6
CONTINUOUS
10
5.5
20
-4.5099999999999998
11
5.5
21
-4.4900000000000002
0
LINE
8
BLACK
6
CONTINUOUS
10
5.5
20
-4.4900000000000002
11
5.46
21
-4.4900000000000002
0
LINE
8
BLACK
6
CONTINUOUS
10
5.5599999999999996
20
-4.5099999999999998
11
5.54
21
-4.5099999999999998
0
LINE
8
BLACK
6
CONTINUOUS
10
5.54
20
-4.5099999999999998
11
5.54
21
-4.5300000000000002
0
LINE
8
BLACK
6
CONTINUOUS
10
5.54
20
-4.5300000000000002
11
5.5619127952755907
21
-4.5300000000000002
0
LINE
8
BLACK
6
CONTINUOUS
10
5.5619127952755907
20
-4.5300000000000002
11
5.5619132677165357
21
-4.5299999606299215
0
LINE
8
BLACK
6
CONTINUOUS
10
5.5619132677165357
20
-4.5299999606299215
11
5.5642949999999995
21
-4.5297438582677163
0
LINE
8
BLACK
6
CONTINUOUS
10
5.5642949999999995
20
-4.5297438582677163
11
5.5696836220472443
21
-4.527734015748031
0
LINE
8
BLACK
6
CONTINUOUS
10
5.5696836220472443
20
-4.527734015748031
11
5.5696836614173231
21
-4.527734015748031
0
LINE
8
BLACK
6
CONTINUOUS
10
5.5696836614173231
20
-4.527734015748031
11
5.5742875590551177
21
-4.5242875590551179
0
LINE
8
BLACK
6
CONTINUOUS
10
5.5742875590551177
20
-4.5242875590551179
11
5.5777340157480317
21
-4.5196836614173224
0
LINE
8
BLACK
6
CONTINUOUS
10
5.5777340157480317
20
-4.5196836614173224
11
5.5777340157480317
21
-4.5196836220472436
0
LINE
8
BLACK
6
CONTINUOUS
10
5.5777340157480317
20
-4.5196836220472436
11
5.5797438582677161
21
-4.5142949999999997
0
LINE
8
BLACK
6
CONTINUOUS
10
5.5797438582677161
20
-4.5142949999999997
11
5.5799999606299213
21
-4.511913267716535
0
LINE
8
BLACK
6
CONTINUOUS
10
5.5799999606299213
20
-4.511913267716535
11
5.5800000000000001
21
-4.5119127952755909
0
LINE
8
BLACK
6
CONTINUOUS
10
5.5800000000000001
20
-4.5119127952755909
11
5.5800000000000001
21
-4.4900000000000002
0
LINE
8
BLACK
6
CONTINUOUS
10
5.5800000000000001
20
-4.4900000000000002
11
5.5599999999999996
21
-4.4900000000000002
0
LINE
8
BLACK
6
CONTINUOUS
10
5.5599999999999996
20
-4.4900000000000002
11
5.5599999999999996
21
-4.5099999999999998
0
LINE
8
BLACK
6
CONTINUOUS
10
5.54
20
-4.4500000000000002
11
5.5599999999999996
21
-4.4500000000000002
0
LINE
8
BLACK
6
CONTINUOUS
10
5.5599999999999996
20
-4.4500000000000002
11
5.5599999999999996
21
-4.4699999999999998
0
LINE
8
BLACK
6
CONTINUOUS
10
5.5599999999999996
20
-4.4699999999999998
11
5.5800000000000001
21
-4.4699999999999998
0
LINE
8
BLACK
6
CONTINUOUS
10
5.5800000000000001
20
-4.4699999999999998
11
5.5800000000000001
21
-4.4480871653543304
0
LINE
8
BLACK
6
CONTINUOUS
10
5.5800000000000001
20
-4.4480871653543304
11
5.5799999606299213
21
-4.4480866929133853
0
LINE
8
BLACK
6
CONTINUOUS
10
5.5799999606299213
20
-4.4480866929133853
11
5.5797438582677161
21
-4.4457049606299215
0
LINE
8
BLACK
6
CONTINUOUS
10
5.5797438582677161
20
-4.4457049606299215
11
5.5777340157480317
21
-4.4403163385826767
0
LINE
8
BLACK
6
CONTINUOUS
10
5.5777340157480317
20
-4.4403163385826767
11
5.5777340157480317
21
-4.440316299212598
0
LINE
8
BLACK
6
CONTINUOUS
10
5.5777340157480317
20
-4.440316299212598
11
5.5742875590551177
21
-4.4357124015748033
0
LINE
8
BLACK
6
CONTINUOUS
10
5.5742875590551177
20
-4.4357124015748033
11
5.5696836614173231
21
-4.4322659448818893
0
LINE
8
BLACK
6
CONTINUOUS
10
5.5696836614173231
20
-4.4322659448818893
11
5.5642949999999995
21
-4.4302561023622049
0
LINE
8
BLACK
6
CONTINUOUS
10
5.5642949999999995
20
-4.4302561023622049
11
5.5619132677165357
21
-4.4299999999999997
0
LINE
8
BLACK
6
CONTINUOUS
10
5.5619132677165357
20
-4.4299999999999997
11
5.54
21
-4.4299999999999997
0
LINE
8
BLACK
6
CONTINUOUS
10
5.54
20
-4.4299999999999997
11
5.54
21
-4.4500000000000002
0
LINE
8
BLACK
6
CONTINUOUS
10
5.4399999999999995
20
-4.4500000000000002
11
5.46
21
-4.4500000000000002
0
LINE
8
BLACK
6
CONTINUOUS
10
5.46
20
-4.4500000000000002
11
5.46
21
-4.4699999999999998
0
LINE
8
BLACK
6
CONTINUOUS
10
5.46
20
-4.4699999999999998
11
5.5
21
-4.4699999999999998
0
LINE
8
BLACK
6
CONTINUOUS
10
5.5
20
-4.4699999999999998
11
5.5
21
-4.4500000000000002
0
LINE
8
BLACK
6
CONTINUOUS
10
5.5
20
-4.4500000000000002
11
5.5199999999999996
21
-4.4500000000000002
0
LINE
8
BLACK
6
CONTINUOUS
10
5.5199999999999996
20
-4.4500000000000002
11
5.5199999999999996
21
-4.4299999999999997
0
LINE
8
BLACK
6
CONTINUOUS
10
5.5199999999999996
20
-4.4299999999999997
11
5.498086692913386
21
-4.4299999999999997
0
LINE
8
BLACK
6
CONTINUOUS
10
5.498086692913386
20
-4.4299999999999997
11
5.4957049606299213
21
-4.4302561023622049
0
LINE
8
BLACK
6
CONTINUOUS
10
5.4957049606299213
20
-4.4302561023622049
11
5.4903163385826774
21
-4.4322659448818893
0
LINE
8
BLACK
6
CONTINUOUS
10
5.4903163385826774
20
-4.4322659448818893
11
5.4903162992125987
21
-4.4322659448818893
0
LINE
8
BLACK
6
CONTINUOUS
10
5.4903162992125987
20
-4.4322659448818893
11
5.4857124803149606
21
-4.4357123622047245
0
LINE
8
BLACK
6
CONTINUOUS
10
5.4857124803149606
20
-4.4357123622047245
11
5.4839711811023619
21
-4.4380384645669286
0
LINE
8
BLACK
6
CONTINUOUS
10
5.4839711811023619
20
-4.4380384645669286
11
5.4817335039370079
21
-4.4397135039370079
0
LINE
8
BLACK
6
CONTINUOUS
10
5.4817335039370079
20
-4.4397135039370079
11
5.4789455118110233
21
-4.4399128740157483
0
LINE
8
BLACK
6
CONTINUOUS
10
5.4789455118110233
20
-4.4399128740157483
11
5.4764922834645668
21
-4.4385733070866138
0
LINE
8
BLACK
6
CONTINUOUS
10
5.4764922834645668
20
-4.4385733070866138
11
5.476028818897638
21
-4.4380384645669286
0
LINE
8
BLACK
6
CONTINUOUS
10
5.476028818897638
20
-4.4380384645669286
11
5.4742874803149606
21
-4.4357123622047245
0
LINE
8
BLACK
6
CONTINUOUS
10
5.4742874803149606
20
-4.4357123622047245
11
5.4696836614173225
21
-4.4322659448818893
0
LINE
8
BLACK
6
CONTINUOUS
10
5.4696836614173225
20
-4.4322659448818893
11
5.4642949999999999
21
-4.4302561023622049
0
LINE
8
BLACK
6
CONTINUOUS
10
5.4642949999999999
20
-4.4302561023622049
11
5.4619132677165352
21
-4.4299999999999997
0
LINE
8
BLACK
6
CONTINUOUS
10
5.4619132677165352
20
-4.4299999999999997
11
5.4399999999999995
21
-4.4299999999999997
0
LINE
8
BLACK
6
CONTINUOUS
10
5.4399999999999995
20
-4.4299999999999997
11
5.4399999999999995
21
-4.4500000000000002
0
LINE
8
BLACK
6
CONTINUOUS
10
6.90368905511811
20
-4.3558312204724405
11
6.900305393700787
21
-4.3603513385826771
0
LINE
8
BLACK
6
CONTINUOUS
10
6.900305393700787
20
-4.3603513385826771
11
6.8952908267716531
21
-4.3695348425196849
0
LINE
8
BLACK
6
CONTINUOUS
10
6.8952908267716531
20
-4.3695348425196849
11
6.8916341338582674
21
-4.3793388188976374
0
LINE
8
BLACK
6
CONTINUOUS
10
6.8916341338582674
20
-4.3793388188976374
11
6.8894099606299211
21
-4.389563267716535
0
LINE
8
BLACK
6
CONTINUOUS
10
6.8894099606299211
20
-4.389563267716535
11
6.8886635433070866
21
-4.3999999999999995
0
LINE
8
BLACK
6
CONTINUOUS
10
6.8886635433070866
20
-4.3999999999999995
11
6.8894099606299211
21
-4.410436692913386
0
LINE
8
BLACK
6
CONTINUOUS
10
6.8894099606299211
20
-4.410436692913386
11
6.8916341338582674
21
-4.4206611417322836
0
LINE
8
BLACK
6
CONTINUOUS
10
6.8916341338582674
20
-4.4206611417322836
11
6.8952908267716531
21
-4.4304651181102361
0
LINE
8
BLACK
6
CONTINUOUS
10
6.8952908267716531
20
-4.4304651181102361
11
6.9003054330708657
21
-4.4396486614173227
0
LINE
8
BLACK
6
CONTINUOUS
10
6.9003054330708657
20
-4.4396486614173227
11
6.9036890944881888
21
-4.4441687007874018
0
LINE
8
BLACK
6
CONTINUOUS
10
6.9036890944881888
20
-4.4441687007874018
11
6.9036890944881888
21
-4.4441687401574805
0
LINE
8
BLACK
6
CONTINUOUS
10
6.9036890944881888
20
-4.4441687401574805
11
6.9181587401574802
21
-4.4296990551181104
0
LINE
8
BLACK
6
CONTINUOUS
10
6.9181587401574802
20
-4.4296990551181104
11
6.9159711023622048
21
-4.4265748031496059
0
LINE
8
BLACK
6
CONTINUOUS
10
6.9159711023622048
20
-4.4265748031496059
11
6.9120557086614172
21
-4.4181782283464566
0
LINE
8
BLACK
6
CONTINUOUS
10
6.9120557086614172
20
-4.4181782283464566
11
6.9096578740157479
21
-4.4092293307086612
0
LINE
8
BLACK
6
CONTINUOUS
10
6.9096578740157479
20
-4.4092293307086612
11
6.9088503937007877
21
-4.3999999999999995
0
LINE
8
BLACK
6
CONTINUOUS
10
6.9088503937007877
20
-4.3999999999999995
11
6.9096578740157479
21
-4.3907706692913386
0
LINE
8
BLACK
6
CONTINUOUS
10
6.9096578740157479
20
-4.3907706692913386
11
6.9120557086614172
21
-4.3818217716535433
0
LINE
8
BLACK
6
CONTINUOUS
10
6.9120557086614172
20
-4.3818217716535433
11
6.9159711023622048
21
-4.3734251968503939
0
LINE
8
BLACK
6
CONTINUOUS
10
6.9159711023622048
20
-4.3734251968503939
11
6.918158779527559
21
-4.370300866141732
0
LINE
8
BLACK
6
CONTINUOUS
10
6.918158779527559
20
-4.370300866141732
11
6.9036890944881888
21
-4.3558311811023618
0
LINE
8
BLACK
6
CONTINUOUS
10
6.9036890944881888
20
-4.3558311811023618
11
6.90368905511811
21
-4.3558312204724405
0
LINE
8
BLACK
6
CONTINUOUS
10
7.2058411811023619
20
-4.3703007874015745
11
7.2080288976377949
21
-4.3734251968503939
0
LINE
8
BLACK
6
CONTINUOUS
10
7.2080288976377949
20
-4.3734251968503939
11
7.2119442913385825
21
-4.3818217716535433
0
LINE
8
BLACK
6
CONTINUOUS
10
7.2119442913385825
20
-4.3818217716535433
11
7.2143421259842517
21
-4.3907706692913386
0
LINE
8
BLACK
6
CONTINUOUS
10
7.2143421259842517
20
-4.3907706692913386
11
7.2151496062992129
21
-4.3999999999999995
0
LINE
8
BLACK
6
CONTINUOUS
10
7.2151496062992129
20
-4.3999999999999995
11
7.2143421259842517
21
-4.4092293307086612
0
LINE
8
BLACK
6
CONTINUOUS
10
7.2143421259842517
20
-4.4092293307086612
11
7.2119442913385825
21
-4.4181782283464566
0
LINE
8
BLACK
6
CONTINUOUS
10
7.2119442913385825
20
-4.4181782283464566
11
7.2080288976377949
21
-4.4265748031496059
0
LINE
8
BLACK
6
CONTINUOUS
10
7.2080288976377949
20
-4.4265748031496059
11
7.2058411811023619
21
-4.4296990944881891
0
LINE
8
BLACK
6
CONTINUOUS
10
7.2058411811023619
20
-4.4296990944881891
11
7.2203108267716534
21
-4.4441687401574805
0
LINE
8
BLACK
6
CONTINUOUS
10
7.2203108267716534
20
-4.4441687401574805
11
7.2203108267716534
21
-4.4441687007874018
0
LINE
8
BLACK
6
CONTINUOUS
10
7.2203108267716534
20
-4.4441687007874018
11
7.2236945669291339
21
-4.4396486614173227
0
LINE
8
BLACK
6
CONTINUOUS
10
7.2236945669291339
20
-4.4396486614173227
11
7.2287091338582679
21
-4.4304651181102361
0
LINE
8
BLACK
6
CONTINUOUS
10
7.2287091338582679
20
-4.4304651181102361
11
7.2323658267716535
21
-4.4206611417322836
0
LINE
8
BLACK
6
CONTINUOUS
10
7.2323658267716535
20
-4.4206611417322836
11
7.2345899999999999
21
-4.410436692913386
0
LINE
8
BLACK
6
CONTINUOUS
10
7.2345899999999999
20
-4.410436692913386
11
7.2353364173228343
21
-4.3999999999999995
0
LINE
8
BLACK
6
CONTINUOUS
10
7.2353364173228343
20
-4.3999999999999995
11
7.2345899999999999
21
-4.389563267716535
0
LINE
8
BLACK
6
CONTINUOUS
10
7.2345899999999999
20
-4.389563267716535
11
7.2323658267716535
21
-4.3793388188976374
0
LINE
8
BLACK
6
CONTINUOUS
10
7.2323658267716535
20
-4.3793388188976374
11
7.2287091338582679
21
-4.3695348425196849
0
LINE
8
BLACK
6
CONTINUOUS
10
7.2287091338582679
20
-4.3695348425196849
11
7.2236944488188977
21
-4.3603511417322833
0
LINE
8
BLACK
6
CONTINUOUS
10
7.2236944488188977
20
-4.3603511417322833
11
7.2203108661417321
21
-4.3558312204724405
0
LINE
8
BLACK
6
CONTINUOUS
10
7.2203108661417321
20
-4.3558312204724405
11
7.2203108267716534
21
-4.3558311811023618
0
LINE
8
BLACK
6
CONTINUOUS
10
7.2203108267716534
20
-4.3558311811023618
11
7.2058411811023619
21
-4.3703007874015745
0
LINE
8
BLACK
6
CONTINUOUS
10
6.9515632677165353
20
-4.3274099606299208
11
6.9413388188976377
21
-4.329634133858268
0
LINE
8
BLACK
6
CONTINUOUS
10
6.9413388188976377
20
-4.329634133858268
11
6.9315348425196852
21
-4.3332908267716537
0
LINE
8
BLACK
6
CONTINUOUS
10
6.9315348425196852
20
-4.3332908267716537
11
6.9223513385826774
21
-4.3383053937007876
0
LINE
8
BLACK
6
CONTINUOUS
10
6.9223513385826774
20
-4.3383053937007876
11
6.9178312204724408
21
-4.3416890551181098
0
LINE
8
BLACK
6
CONTINUOUS
10
6.9178312204724408
20
-4.3416890551181098
11
6.9178311811023621
21
-4.3416890944881885
0
LINE
8
BLACK
6
CONTINUOUS
10
6.9178311811023621
20
-4.3416890944881885
11
6.9323008661417322
21
-4.3561587795275587
0
LINE
8
BLACK
6
CONTINUOUS
10
6.9323008661417322
20
-4.3561587795275587
11
6.9354251968503933
21
-4.3539711023622045
0
LINE
8
BLACK
6
CONTINUOUS
10
6.9354251968503933
20
-4.3539711023622045
11
6.9438217716535435
21
-4.3500557086614169
0
LINE
8
BLACK
6
CONTINUOUS
10
6.9438217716535435
20
-4.3500557086614169
11
6.952770669291338
21
-4.3476578740157477
0
LINE
8
BLACK
6
CONTINUOUS
10
6.952770669291338
20
-4.3476578740157477
11
6.9619999999999997
21
-4.3468503937007874
0
LINE
8
BLACK
6
CONTINUOUS
10
6.9619999999999997
20
-4.3468503937007874
11
6.9712293307086615
21
-4.3476578740157477
0
LINE
8
BLACK
6
CONTINUOUS
10
6.9712293307086615
20
-4.3476578740157477
11
6.9801782283464568
21
-4.3500557086614169
0
LINE
8
BLACK
6
CONTINUOUS
10
6.9801782283464568
20
-4.3500557086614169
11
6.9885748031496062
21
-4.3539711023622045
0
LINE
8
BLACK
6
CONTINUOUS
10
6.9885748031496062
20
-4.3539711023622045
11
6.9916990944881885
21
-4.3561587401574799
0
LINE
8
BLACK
6
CONTINUOUS
10
6.9916990944881885
20
-4.3561587401574799
11
7.0061687401574799
21
-4.3416890944881885
0
LINE
8
BLACK
6
CONTINUOUS
10
7.0061687401574799
20
-4.3416890944881885
11
7.001648661417323
21
-4.3383054330708664
0
LINE
8
BLACK
6
CONTINUOUS
10
7.001648661417323
20
-4.3383054330708664
11
6.9924651181102364
21
-4.3332908267716537
0
LINE
8
BLACK
6
CONTINUOUS
10
6.9924651181102364
20
-4.3332908267716537
11
6.982661141732283
21
-4.329634133858268
0
LINE
8
BLACK
6
CONTINUOUS
10
6.982661141732283
20
-4.329634133858268
11
6.9724366929133854
21
-4.3274099606299208
0
LINE
8
BLACK
6
CONTINUOUS
10
6.9724366929133854
20
-4.3274099606299208
11
6.9619999999999997
21
-4.3266635433070864
0
LINE
8
BLACK
6
CONTINUOUS
10
6.9619999999999997
20
-4.3266635433070864
11
6.9515632677165353
21
-4.3274099606299208
0
LINE
8
BLACK
6
CONTINUOUS
10
7.1515632677165355
20
-4.3274099606299208
11
7.1413388188976379
21
-4.329634133858268
0
LINE
8
BLACK
6
CONTINUOUS
10
7.1413388188976379
20
-4.329634133858268
11
7.1315348425196845
21
-4.3332908267716537
0
LINE
8
BLACK
6
CONTINUOUS
10
7.1315348425196845
20
-4.3332908267716537
11
7.1223513385826767
21
-4.3383053937007876
0
LINE
8
BLACK
6
CONTINUOUS
10
7.1223513385826767
20
-4.3383053937007876
11
7.117831220472441
21
-4.3416890551181098
0
LINE
8
BLACK
6
CONTINUOUS
10
7.117831220472441
20
-4.3416890551181098
11
7.1178311811023622
21
-4.3416890944881885
0
LINE
8
BLACK
6
CONTINUOUS
10
7.1178311811023622
20
-4.3416890944881885
11
7.1323008661417324
21
-4.3561587795275587
0
LINE
8
BLACK
6
CONTINUOUS
10
7.1323008661417324
20
-4.3561587795275587
11
7.1354251968503934
21
-4.3539711023622045
0
LINE
8
BLACK
6
CONTINUOUS
10
7.1354251968503934
20
-4.3539711023622045
11
7.1438217716535428
21
-4.3500557086614169
0
LINE
8
BLACK
6
CONTINUOUS
10
7.1438217716535428
20
-4.3500557086614169
11
7.1527706692913382
21
-4.3476578740157477
0
LINE
8
BLACK
6
CONTINUOUS
10
7.1527706692913382
20
-4.3476578740157477
11
7.1619999999999999
21
-4.3468503937007874
0
LINE
8
BLACK
6
CONTINUOUS
10
7.1619999999999999
20
-4.3468503937007874
11
7.1712293307086616
21
-4.3476578740157477
0
LINE
8
BLACK
6
CONTINUOUS
10
7.1712293307086616
20
-4.3476578740157477
11
7.1801782283464561
21
-4.3500557086614169
0
LINE
8
BLACK
6
CONTINUOUS
10
7.1801782283464561
20
-4.3500557086614169
11
7.1885748031496064
21
-4.3539711023622045
0
LINE
8
BLACK
6
CONTINUOUS
10
7.1885748031496064
20
-4.3539711023622045
11
7.1916990944881887
21
-4.3561587401574799
0
LINE
8
BLACK
6
CONTINUOUS
10
7.1916990944881887
20
-4.3561587401574799
11
7.2061687401574801
21
-4.3416890944881885
0
LINE
8
BLACK
6
CONTINUOUS
10
7.2061687401574801
20
-4.3416890944881885
11
7.2016486614173223
21
-4.3383054330708664
0
LINE
8
BLACK
6
CONTINUOUS
10
7.2016486614173223
20
-4.3383054330708664
11
7.1924651181102357
21
-4.3332908267716537
0
LINE
8
BLACK
6
CONTINUOUS
10
7.1924651181102357
20
-4.3332908267716537
11
7.1826611417322832
21
-4.329634133858268
0
LINE
8
BLACK
6
CONTINUOUS
10
7.1826611417322832
20
-4.329634133858268
11
7.1724366929133856
21
-4.3274099606299208
0
LINE
8
BLACK
6
CONTINUOUS
10
7.1724366929133856
20
-4.3274099606299208
11
7.1619999999999999
21
-4.3266635433070864
0
LINE
8
BLACK
6
CONTINUOUS
10
7.1619999999999999
20
-4.3266635433070864
11
7.1515632677165355
21
-4.3274099606299208
0
LINE
8
BLACK
6
CONTINUOUS
10
6.4007677165354329
20
-4.1809867322834648
11
6.4007677559055116
21
-4.1809871259842515
0
LINE
8
BLACK
6
CONTINUOUS
10
6.4007677559055116
20
-4.1809871259842515
11
6.4013490157480311
21
-4.1839094488188975
0
LINE
8
BLACK
6
CONTINUOUS
10
6.4013490157480311
20
-4.1839094488188975
11
6.4035636220472441
21
-4.1872237795275593
0
LINE
8
BLACK
6
CONTINUOUS
10
6.4035636220472441
20
-4.1872237795275593
11
6.4068778346456687
21
-4.1894383070866139
0
LINE
8
BLACK
6
CONTINUOUS
10
6.4068778346456687
20
-4.1894383070866139
11
6.4068779133858262
21
-4.1894383464566927
0
LINE
8
BLACK
6
CONTINUOUS
10
6.4068779133858262
20
-4.1894383464566927
11
6.4098005118110235
21
-4.1900196850393696
0
LINE
8
BLACK
6
CONTINUOUS
10
6.4098005118110235
20
-4.1900196850393696
11
6.4562307086614172
21
-4.1900196456692909
0
LINE
8
BLACK
6
CONTINUOUS
10
6.4562307086614172
20
-4.1900196456692909
11
6.458912637795275
21
-4.1908071259842519
0
LINE
8
BLACK
6
CONTINUOUS
10
6.458912637795275
20
-4.1908071259842519
11
6.4597383858267712
21
-4.1914725984251966
0
LINE
8
BLACK
6
CONTINUOUS
10
6.4597383858267712
20
-4.1914725984251966
11
6.6180440944881891
21
-4.3497783070866145
0
LINE
8
BLACK
6
CONTINUOUS
10
6.6180440944881891
20
-4.3497783070866145
11
6.6210090944881888
21
-4.3527433070866142
0
LINE
8
BLACK
6
CONTINUOUS
10
6.6210090944881888
20
-4.3527433070866142
11
6.6246405118110232
21
-4.3548399212598428
0
LINE
8
BLACK
6
CONTINUOUS
10
6.6246405118110232
20
-4.3548399212598428
11
6.6286908267716536
21
-4.3559251968503938
0
LINE
8
BLACK
6
CONTINUOUS
10
6.6286908267716536
20
-4.3559251968503938
11
6.6432093700787398
21
-4.3559251968503938
0
LINE
8
BLACK
6
CONTINUOUS
10
6.6432093700787398
20
-4.3559251968503938
11
6.6458912992125985
21
-4.3567126771653539
0
LINE
8
BLACK
6
CONTINUOUS
10
6.6458912992125985
20
-4.3567126771653539
11
6.6462287795275587
21
-4.3569499606299216
0
LINE
8
BLACK
6
CONTINUOUS
10
6.6462287795275587
20
-4.3569499606299216
11
6.6489904330708658
21
-4.3590690944881887
0
LINE
8
BLACK
6
CONTINUOUS
10
6.6489904330708658
20
-4.3590690944881887
11
6.6543010236220468
21
-4.3612688188976376
0
LINE
8
BLACK
6
CONTINUOUS
10
6.6543010236220468
20
-4.3612688188976376
11
6.6600000000000001
21
-4.3620190944881889
0
LINE
8
BLACK
6
CONTINUOUS
10
6.6600000000000001
20
-4.3620190944881889
11
6.6656989763779526
21
-4.3612688188976376
0
LINE
8
BLACK
6
CONTINUOUS
10
6.6656989763779526
20
-4.3612688188976376
11
6.6710095669291336
21
-4.3590690944881887
0
LINE
8
BLACK
6
CONTINUOUS
10
6.6710095669291336
20
-4.3590690944881887
11
6.6755698425196845
21
-4.3555698425196852
0
LINE
8
BLACK
6
CONTINUOUS
10
6.6755698425196845
20
-4.3555698425196852
11
6.679069094488189
21
-4.3510095669291333
0
LINE
8
BLACK
6
CONTINUOUS
10
6.679069094488189
20
-4.3510095669291333
11
6.6812688188976379
21
-4.3456989763779523
0
LINE
8
BLACK
6
CONTINUOUS
10
6.6812688188976379
20
-4.3456989763779523
11
6.6820190944881892
21
-4.3399999999999999
0
LINE
8
BLACK
6
CONTINUOUS
10
6.6820190944881892
20
-4.3399999999999999
11
6.6817959842519681
21
-4.3383054330708664
0
LINE
8
BLACK
6
CONTINUOUS
10
6.6817959842519681
20
-4.3383054330708664
11
6.6812688188976379
21
-4.3343010629921261
0
LINE
8
BLACK
6
CONTINUOUS
10
6.6812688188976379
20
-4.3343010629921261
11
6.6812688188976379
21
-4.3343010236220474
0
LINE
8
BLACK
6
CONTINUOUS
10
6.6812688188976379
20
-4.3343010236220474
11
6.679069094488189
21
-4.3289904724409451
0
LINE
8
BLACK
6
CONTINUOUS
10
6.679069094488189
20
-4.3289904724409451
11
6.6755698425196845
21
-4.3244301574803146
0
LINE
8
BLACK
6
CONTINUOUS
10
6.6755698425196845
20
-4.3244301574803146
11
6.675569763779527
21
-4.3244300787401571
0
LINE
8
BLACK
6
CONTINUOUS
10
6.675569763779527
20
-4.3244300787401571
11
6.6755697244094483
21
-4.3244300393700783
0
LINE
8
BLACK
6
CONTINUOUS
10
6.6755697244094483
20
-4.3244300393700783
11
6.6710098031496061
21
-4.320931062992126
0
LINE
8
BLACK
6
CONTINUOUS
10
6.6710098031496061
20
-4.320931062992126
11
6.6710094881889761
21
-4.3209308661417323
0
LINE
8
BLACK
6
CONTINUOUS
10
6.6710094881889761
20
-4.3209308661417323
11
6.6656988976377951
21
-4.3187311417322833
0
LINE
8
BLACK
6
CONTINUOUS
10
6.6656988976377951
20
-4.3187311417322833
11
6.6600000000000001
21
-4.3179809055118108
0
LINE
8
BLACK
6
CONTINUOUS
10
6.6600000000000001
20
-4.3179809055118108
11
6.6543010629921255
21
-4.3187311417322833
0
LINE
8
BLACK
6
CONTINUOUS
10
6.6543010629921255
20
-4.3187311417322833
11
6.6519642913385821
21
-4.3196990944881888
0
LINE
8
BLACK
6
CONTINUOUS
10
6.6519642913385821
20
-4.3196990944881888
11
6.6489904724409445
21
-4.320930905511811
0
LINE
8
BLACK
6
CONTINUOUS
10
6.6489904724409445
20
-4.320930905511811
11
6.6489904330708658
21
-4.3209309448818898
0
LINE
8
BLACK
6
CONTINUOUS
10
6.6489904330708658
20
-4.3209309448818898
11
6.6489901968503933
21
-4.320931062992126
0
LINE
8
BLACK
6
CONTINUOUS
10
6.6489901968503933
20
-4.320931062992126
11
6.646229212598425
21
-4.3230496850393703
0
LINE
8
BLACK
6
CONTINUOUS
10
6.646229212598425
20
-4.3230496850393703
11
6.6436221259842521
21
-4.3240575984251963
0
LINE
8
BLACK
6
CONTINUOUS
10
6.6436221259842521
20
-4.3240575984251963
11
6.6432093700787398
21
-4.3240748031496059
0
LINE
8
BLACK
6
CONTINUOUS
10
6.6432093700787398
20
-4.3240748031496059
11
6.6394385433070866
21
-4.3240748031496059
0
LINE
8
BLACK
6
CONTINUOUS
10
6.6394385433070866
20
-4.3240748031496059
11
6.6367566141732279
21
-4.3232873228346458
0
LINE
8
BLACK
6
CONTINUOUS
10
6.6367566141732279
20
-4.3232873228346458
11
6.6359308661417318
21
-4.3226218503937011
0
LINE
8
BLACK
6
CONTINUOUS
10
6.6359308661417318
20
-4.3226218503937011
11
6.4822600000000001
21
-4.1689509842519685
0
LINE
8
BLACK
6
CONTINUOUS
10
6.4822600000000001
20
-4.1689509842519685
11
6.4809203937007869
21
-4.1664977559055121
0
LINE
8
BLACK
6
CONTINUOUS
10
6.4809203937007869
20
-4.1664977559055121
11
6.4808070472440944
21
-4.1654433070866137
0
LINE
8
BLACK
6
CONTINUOUS
10
6.4808070472440944
20
-4.1654433070866137
11
6.4808070472440944
21
-4.1190132283464562
0
LINE
8
BLACK
6
CONTINUOUS
10
6.4808070472440944
20
-4.1190132283464562
11
6.4808070078740156
21
-4.1190129921259846
0
LINE
8
BLACK
6
CONTINUOUS
10
6.4808070078740156
20
-4.1190129921259846
11
6.4808070078740156
21
-4.1190128740157483
0
LINE
8
BLACK
6
CONTINUOUS
10
6.4808070078740156
20
-4.1190128740157483
11
6.4802257480314962
21
-4.1160905118110236
0
LINE
8
BLACK
6
CONTINUOUS
10
6.4802257480314962
20
-4.1160905118110236
11
6.4780111417322832
21
-4.1127761811023618
0
LINE
8
BLACK
6
CONTINUOUS
10
6.4780111417322832
20
-4.1127761811023618
11
6.4746969291338585
21
-4.1105616535433072
0
LINE
8
BLACK
6
CONTINUOUS
10
6.4746969291338585
20
-4.1105616535433072
11
6.4717742913385825
21
-4.1099803149606302
0
LINE
8
BLACK
6
CONTINUOUS
10
6.4717742913385825
20
-4.1099803149606302
11
6.4098006299212598
21
-4.1099803149606302
0
LINE
8
BLACK
6
CONTINUOUS
10
6.4098006299212598
20
-4.1099803149606302
11
6.4098002362204722
21
-4.109980354330709
0
LINE
8
BLACK
6
CONTINUOUS
10
6.4098002362204722
20
-4.109980354330709
11
6.4068779133858262
21
-4.1105616141732284
0
LINE
8
BLACK
6
CONTINUOUS
10
6.4068779133858262
20
-4.1105616141732284
11
6.4035635826771653
21
-4.1127762204724405
0
LINE
8
BLACK
6
CONTINUOUS
10
6.4035635826771653
20
-4.1127762204724405
11
6.4013490551181098
21
-4.1160904330708661
0
LINE
8
BLACK
6
CONTINUOUS
10
6.4013490551181098
20
-4.1160904330708661
11
6.4007677165354329
21
-4.1190129921259846
0
LINE
8
BLACK
6
CONTINUOUS
10
6.4007677165354329
20
-4.1190129921259846
11
6.4007677165354329
21
-4.1809867322834648
0
LINE
8
BLACK
6
CONTINUOUS
10
5.6699999999999999
20
-4.1600000000000001
11
5.6699999999999999
21
-4.1819132677165349
0
LINE
8
BLACK
6
CONTINUOUS
10
5.6699999999999999
20
-4.1819132677165349
11
5.6702561023622042
21
-4.1842949999999997
0
LINE
8
BLACK
6
CONTINUOUS
10
5.6702561023622042
20
-4.1842949999999997
11
5.6722659448818895
21
-4.1896836220472444
0
LINE
8
BLACK
6
CONTINUOUS
10
5.6722659448818895
20
-4.1896836220472444
11
5.6722659448818895
21
-4.1896836614173232
0
LINE
8
BLACK
6
CONTINUOUS
10
5.6722659448818895
20
-4.1896836614173232
11
5.6757124015748026
21
-4.1942875590551179
0
LINE
8
BLACK
6
CONTINUOUS
10
5.6757124015748026
20
-4.1942875590551179
11
5.6803162992125982
21
-4.1977340157480318
0
LINE
8
BLACK
6
CONTINUOUS
10
5.6803162992125982
20
-4.1977340157480318
11
5.6857049606299208
21
-4.1997438582677162
0
LINE
8
BLACK
6
CONTINUOUS
10
5.6857049606299208
20
-4.1997438582677162
11
5.6880866929133855
21
-4.1999999606299214
0
LINE
8
BLACK
6
CONTINUOUS
10
5.6880866929133855
20
-4.1999999606299214
11
5.6880872047244093
21
-4.2000000000000002
0
LINE
8
BLACK
6
CONTINUOUS
10
5.6880872047244093
20
-4.2000000000000002
11
5.71
21
-4.2000000000000002
0
LINE
8
BLACK
6
CONTINUOUS
10
5.71
20
-4.2000000000000002
11
5.71
21
-4.1799999999999997
0
LINE
8
BLACK
6
CONTINUOUS
10
5.71
20
-4.1799999999999997
11
5.6899999999999995
21
-4.1799999999999997
0
LINE
8
BLACK
6
CONTINUOUS
10
5.6899999999999995
20
-4.1799999999999997
11
5.6899999999999995
21
-4.1600000000000001
0
LINE
8
BLACK
6
CONTINUOUS
10
5.6899999999999995
20
-4.1600000000000001
11
5.6699999999999999
21
-4.1600000000000001
0
LINE
8
BLACK
6
CONTINUOUS
10
5.75
20
-4.1799999999999997
11
5.7299999999999995
21
-4.1799999999999997
0
LINE
8
BLACK
6
CONTINUOUS
10
5.7299999999999995
20
-4.1799999999999997
11
5.7299999999999995
21
-4.2000000000000002
0
LINE
8
BLACK
6
CONTINUOUS
10
5.7299999999999995
20
-4.2000000000000002
11
5.7519127952755902
21
-4.2000000000000002
0
LINE
8
BLACK
6
CONTINUOUS
10
5.7519127952755902
20
-4.2000000000000002
11
5.7519132677165352
21
-4.1999999606299214
0
LINE
8
BLACK
6
CONTINUOUS
10
5.7519132677165352
20
-4.1999999606299214
11
5.7542949999999999
21
-4.1997438582677162
0
LINE
8
BLACK
6
CONTINUOUS
10
5.7542949999999999
20
-4.1997438582677162
11
5.7596836220472438
21
-4.1977340157480318
0
LINE
8
BLACK
6
CONTINUOUS
10
5.7596836220472438
20
-4.1977340157480318
11
5.7596836614173226
21
-4.1977340157480318
0
LINE
8
BLACK
6
CONTINUOUS
10
5.7596836614173226
20
-4.1977340157480318
11
5.7642875590551181
21
-4.1942875590551179
0
LINE
8
BLACK
6
CONTINUOUS
10
5.7642875590551181
20
-4.1942875590551179
11
5.7677340157480312
21
-4.1896836614173232
0
LINE
8
BLACK
6
CONTINUOUS
10
5.7677340157480312
20
-4.1896836614173232
11
5.7677340157480312
21
-4.1896836220472444
0
LINE
8
BLACK
6
CONTINUOUS
10
5.7677340157480312
20
-4.1896836220472444
11
5.7697438582677165
21
-4.1842949999999997
0
LINE
8
BLACK
6
CONTINUOUS
10
5.7697438582677165
20
-4.1842949999999997
11
5.7699999606299208
21
-4.1819132677165349
0
LINE
8
BLACK
6
CONTINUOUS
10
5.7699999606299208
20
-4.1819132677165349
11
5.7699999999999996
21
-4.1819127952755908
0
LINE
8
BLACK
6
CONTINUOUS
10
5.7699999999999996
20
-4.1819127952755908
11
5.7699999999999996
21
-4.1600000000000001
0
LINE
8
BLACK
6
CONTINUOUS
10
5.7699999999999996
20
-4.1600000000000001
11
5.75
21
-4.1600000000000001
0
LINE
8
BLACK
6
CONTINUOUS
10
5.75
20
-4.1600000000000001
11
5.75
21
-4.1799999999999997
0
LINE
8
BLACK
6
CONTINUOUS
10
5.8700000000000001
20
-4.1600000000000001
11
5.8700000000000001
21
-4.1819132677165349
0
LINE
8
BLACK
6
CONTINUOUS
10
5.8700000000000001
20
-4.1819132677165349
11
5.8702561023622044
21
-4.1842949999999997
0
LINE
8
BLACK
6
CONTINUOUS
10
5.8702561023622044
20
-4.1842949999999997
11
5.8722659448818897
21
-4.1896836220472444
0
LINE
8
BLACK
6
CONTINUOUS
10
5.8722659448818897
20
-4.1896836220472444
11
5.8722659448818897
21
-4.1896836614173232
0
LINE
8
BLACK
6
CONTINUOUS
10
5.8722659448818897
20
-4.1896836614173232
11
5.8757124015748028
21
-4.1942875590551179
0
LINE
8
BLACK
6
CONTINUOUS
10
5.8757124015748028
20
-4.1942875590551179
11
5.8803162992125984
21
-4.1977340157480318
0
LINE
8
BLACK
6
CONTINUOUS
10
5.8803162992125984
20
-4.1977340157480318
11
5.885704960629921
21
-4.1997438582677162
0
LINE
8
BLACK
6
CONTINUOUS
10
5.885704960629921
20
-4.1997438582677162
11
5.8880866929133857
21
-4.1999999606299214
0
LINE
8
BLACK
6
CONTINUOUS
10
5.8880866929133857
20
-4.1999999606299214
11
5.8880872047244095
21
-4.2000000000000002
0
LINE
8
BLACK
6
CONTINUOUS
10
5.8880872047244095
20
-4.2000000000000002
11
5.9100000000000001
21
-4.2000000000000002
0
LINE
8
BLACK
6
CONTINUOUS
10
5.9100000000000001
20
-4.2000000000000002
11
5.9100000000000001
21
-4.1799999999999997
0
LINE
8
BLACK
6
CONTINUOUS
10
5.9100000000000001
20
-4.1799999999999997
11
5.8899999999999997
21
-4.1799999999999997
0
LINE
8
BLACK
6
CONTINUOUS
10
5.8899999999999997
20
-4.1799999999999997
11
5.8899999999999997
21
-4.1600000000000001
0
LINE
8
BLACK
6
CONTINUOUS
10
5.8899999999999997
20
-4.1600000000000001
11
5.8700000000000001
21
-4.1600000000000001
0
LINE
8
BLACK
6
CONTINUOUS
10
5.9500000000000002
20
-4.1799999999999997
11
5.9299999999999997
21
-4.1799999999999997
0
LINE
8
BLACK
6
CONTINUOUS
10
5.9299999999999997
20
-4.1799999999999997
11
5.9299999999999997
21
-4.2000000000000002
0
LINE
8
BLACK
6
CONTINUOUS
10
5.9299999999999997
20
-4.2000000000000002
11
5.9519127952755904
21
-4.2000000000000002
0
LINE
8
BLACK
6
CONTINUOUS
10
5.9519127952755904
20
-4.2000000000000002
11
5.9519132677165354
21
-4.1999999606299214
0
LINE
8
BLACK
6
CONTINUOUS
10
5.9519132677165354
20
-4.1999999606299214
11
5.9542950000000001
21
-4.1997438582677162
0
LINE
8
BLACK
6
CONTINUOUS
10
5.9542950000000001
20
-4.1997438582677162
11
5.959683622047244
21
-4.1977340157480318
0
LINE
8
BLACK
6
CONTINUOUS
10
5.959683622047244
20
-4.1977340157480318
11
5.9596836614173228
21
-4.1977340157480318
0
LINE
8
BLACK
6
CONTINUOUS
10
5.9596836614173228
20
-4.1977340157480318
11
5.9642875590551183
21
-4.1942875590551179
0
LINE
8
BLACK
6
CONTINUOUS
10
5.9642875590551183
20
-4.1942875590551179
11
5.9677340157480314
21
-4.1896836614173232
0
LINE
8
BLACK
6
CONTINUOUS
10
5.9677340157480314
20
-4.1896836614173232
11
5.9677340157480314
21
-4.1896836220472444
0
LINE
8
BLACK
6
CONTINUOUS
10
5.9677340157480314
20
-4.1896836220472444
11
5.9697438582677167
21
-4.1842949999999997
0
LINE
8
BLACK
6
CONTINUOUS
10
5.9697438582677167
20
-4.1842949999999997
11
5.969999960629921
21
-4.1819132677165349
0
LINE
8
BLACK
6
CONTINUOUS
10
5.969999960629921
20
-4.1819132677165349
11
5.9699999999999998
21
-4.1819127952755908
0
LINE
8
BLACK
6
CONTINUOUS
10
5.9699999999999998
20
-4.1819127952755908
11
5.9699999999999998
21
-4.1600000000000001
0
LINE
8
BLACK
6
CONTINUOUS
10
5.9699999999999998
20
-4.1600000000000001
11
5.9500000000000002
21
-4.1600000000000001
0
LINE
8
BLACK
6
CONTINUOUS
10
5.9500000000000002
20
-4.1600000000000001
11
5.9500000000000002
21
-4.1799999999999997
0
LINE
8
BLACK
6
CONTINUOUS
10
5.75
20
-4.0800000000000001
11
5.7299999999999995
21
-4.0800000000000001
0
LINE
8
BLACK
6
CONTINUOUS
10
5.7299999999999995
20
-4.0800000000000001
11
5.7299999999999995
21
-4.1200000000000001
0
LINE
8
BLACK
6
CONTINUOUS
10
5.7299999999999995
20
-4.1200000000000001
11
5.75
21
-4.1200000000000001
0
LINE
8
BLACK
6
CONTINUOUS
10
5.75
20
-4.1200000000000001
11
5.75
21
-4.1399999999999997
0
LINE
8
BLACK
6
CONTINUOUS
10
5.75
20
-4.1399999999999997
11
5.7699999999999996
21
-4.1399999999999997
0
LINE
8
BLACK
6
CONTINUOUS
10
5.7699999999999996
20
-4.1399999999999997
11
5.7699999999999996
21
-4.1190129921259846
0
LINE
8
BLACK
6
CONTINUOUS
10
5.7699999999999996
20
-4.1190129921259846
11
5.7699999999999996
21
-4.1180871653543303
0
LINE
8
BLACK
6
CONTINUOUS
10
5.7699999999999996
20
-4.1180871653543303
11
5.7699999606299208
21
-4.1180866929133861
0
LINE
8
BLACK
6
CONTINUOUS
10
5.7699999606299208
20
-4.1180866929133861
11
5.7697438582677165
21
-4.1157049606299214
0
LINE
8
BLACK
6
CONTINUOUS
10
5.7697438582677165
20
-4.1157049606299214
11
5.7677340157480312
21
-4.1103163385826766
0
LINE
8
BLACK
6
CONTINUOUS
10
5.7677340157480312
20
-4.1103163385826766
11
5.7677340157480312
21
-4.1103162992125979
0
LINE
8
BLACK
6
CONTINUOUS
10
5.7677340157480312
20
-4.1103162992125979
11
5.7642875590551181
21
-4.1057124015748032
0
LINE
8
BLACK
6
CONTINUOUS
10
5.7642875590551181
20
-4.1057124015748032
11
5.7619615354330707
21
-4.103971181102362
0
LINE
8
BLACK
6
CONTINUOUS
10
5.7619615354330707
20
-4.103971181102362
11
5.7602864566929135
21
-4.1017335433070867
0
LINE
8
BLACK
6
CONTINUOUS
10
5.7602864566929135
20
-4.1017335433070867
11
5.7600870866141731
21
-4.0989455511811022
0
LINE
8
BLACK
6
CONTINUOUS
10
5.7600870866141731
20
-4.0989455511811022
11
5.7614266535433067
21
-4.096492283464567
0
LINE
8
BLACK
6
CONTINUOUS
10
5.7614266535433067
20
-4.096492283464567
11
5.7619615354330707
21
-4.0960288188976373
0
LINE
8
BLACK
6
CONTINUOUS
10
5.7619615354330707
20
-4.0960288188976373
11
5.7642875590551181
21
-4.0942875590551182
0
LINE
8
BLACK
6
CONTINUOUS
10
5.7642875590551181
20
-4.0942875590551182
11
5.7677340157480312
21
-4.0896836614173226
0
LINE
8
BLACK
6
CONTINUOUS
10
5.7677340157480312
20
-4.0896836614173226
11
5.7677340157480312
21
-4.0896836220472439
0
LINE
8
BLACK
6
CONTINUOUS
10
5.7677340157480312
20
-4.0896836220472439
11
5.7697438582677165
21
-4.084295
0
LINE
8
BLACK
6
CONTINUOUS
10
5.7697438582677165
20
-4.084295
11
5.7699999606299208
21
-4.0819132677165353
0
LINE
8
BLACK
6
CONTINUOUS
10
5.7699999606299208
20
-4.0819132677165353
11
5.7699999999999996
21
-4.0819127952755903
0
LINE
8
BLACK
6
CONTINUOUS
10
5.7699999999999996
20
-4.0819127952755903
11
5.7699999999999996
21
-4.0599999999999996
0
LINE
8
BLACK
6
CONTINUOUS
10
5.7699999999999996
20
-4.0599999999999996
11
5.75
21
-4.0599999999999996
0
LINE
8
BLACK
6
CONTINUOUS
10
5.75
20
-4.0599999999999996
11
5.75
21
-4.0800000000000001
0
LINE
8
BLACK
6
CONTINUOUS
10
5.9500000000000002
20
-4.0800000000000001
11
5.9299999999999997
21
-4.0800000000000001
0
LINE
8
BLACK
6
CONTINUOUS
10
5.9299999999999997
20
-4.0800000000000001
11
5.9299999999999997
21
-4.1200000000000001
0
LINE
8
BLACK
6
CONTINUOUS
10
5.9299999999999997
20
-4.1200000000000001
11
5.9500000000000002
21
-4.1200000000000001
0
LINE
8
BLACK
6
CONTINUOUS
10
5.9500000000000002
20
-4.1200000000000001
11
5.9500000000000002
21
-4.1399999999999997
0
LINE
8
BLACK
6
CONTINUOUS
10
5.9500000000000002
20
-4.1399999999999997
11
5.9699999999999998
21
-4.1399999999999997
0
LINE
8
BLACK
6
CONTINUOUS
10
5.9699999999999998
20
-4.1399999999999997
11
5.9699999999999998
21
-4.1190129921259846
0
LINE
8
BLACK
6
CONTINUOUS
10
5.9699999999999998
20
-4.1190129921259846
11
5.9699999999999998
21
-4.1180871653543303
0
LINE
8
BLACK
6
CONTINUOUS
10
5.9699999999999998
20
-4.1180871653543303
11
5.969999960629921
21
-4.1180866929133861
0
LINE
8
BLACK
6
CONTINUOUS
10
5.969999960629921
20
-4.1180866929133861
11
5.9697438582677167
21
-4.1157049606299214
0
LINE
8
BLACK
6
CONTINUOUS
10
5.9697438582677167
20
-4.1157049606299214
11
5.9677340157480314
21
-4.1103163385826766
0
LINE
8
BLACK
6
CONTINUOUS
10
5.9677340157480314
20
-4.1103163385826766
11
5.9677340157480314
21
-4.1103162992125979
0
LINE
8
BLACK
6
CONTINUOUS
10
5.9677340157480314
20
-4.1103162992125979
11
5.9642875590551183
21
-4.1057124015748032
0
LINE
8
BLACK
6
CONTINUOUS
10
5.9642875590551183
20
-4.1057124015748032
11
5.9619615354330708
21
-4.103971181102362
0
LINE
8
BLACK
6
CONTINUOUS
10
5.9619615354330708
20
-4.103971181102362
11
5.9602864566929137
21
-4.1017335433070867
0
LINE
8
BLACK
6
CONTINUOUS
10
5.9602864566929137
20
-4.1017335433070867
11
5.9600870866141733
21
-4.0989455511811022
0
LINE
8
BLACK
6
CONTINUOUS
10
5.9600870866141733
20
-4.0989455511811022
11
5.9614266535433069
21
-4.096492283464567
0
LINE
8
BLACK
6
CONTINUOUS
10
5.9614266535433069
20
-4.096492283464567
11
5.9619615354330708
21
-4.0960288188976373
0
LINE
8
BLACK
6
CONTINUOUS
10
5.9619615354330708
20
-4.0960288188976373
11
5.9642875590551183
21
-4.0942875590551182
0
LINE
8
BLACK
6
CONTINUOUS
10
5.9642875590551183
20
-4.0942875590551182
11
5.9677340157480314
21
-4.0896836614173226
0
LINE
8
BLACK
6
CONTINUOUS
10
5.9677340157480314
20
-4.0896836614173226
11
5.9677340157480314
21
-4.0896836220472439
0
LINE
8
BLACK
6
CONTINUOUS
10
5.9677340157480314
20
-4.0896836220472439
11
5.9697438582677167
21
-4.084295
0
LINE
8
BLACK
6
CONTINUOUS
10
5.9697438582677167
20
-4.084295
11
5.969999960629921
21
-4.0819132677165353
0
LINE
8
BLACK
6
CONTINUOUS
10
5.969999960629921
20
-4.0819132677165353
11
5.9699999999999998
21
-4.0819127952755903
0
LINE
8
BLACK
6
CONTINUOUS
10
5.9699999999999998
20
-4.0819127952755903
11
5.9699999999999998
21
-4.0599999999999996
0
LINE
8
BLACK
6
CONTINUOUS
10
5.9699999999999998
20
-4.0599999999999996
11
5.9500000000000002
21
-4.0599999999999996
0
LINE
8
BLACK
6
CONTINUOUS
10
5.9500000000000002
20
-4.0599999999999996
11
5.9500000000000002
21
-4.0800000000000001
0
LINE
8
BLACK
6
CONTINUOUS
10
5.7799803149606301
20
-4.1809867322834648
11
5.7799803543307089
21
-4.1809871259842515
0
LINE
8
BLACK
6
CONTINUOUS
10
5.7799803543307089
20
-4.1809871259842515
11
5.7805616141732283
21
-4.1839094488188975
0
LINE
8
BLACK
6
CONTINUOUS
10
5.7805616141732283
20
-4.1839094488188975
11
5.7827762204724404
21
-4.1872237795275593
0
LINE
8
BLACK
6
CONTINUOUS
10
5.7827762204724404
20
-4.1872237795275593
11
5.786090433070866
21
-4.1894383070866139
0
LINE
8
BLACK
6
CONTINUOUS
10
5.786090433070866
20
-4.1894383070866139
11
5.7860905118110235
21
-4.1894383464566927
0
LINE
8
BLACK
6
CONTINUOUS
10
5.7860905118110235
20
-4.1894383464566927
11
5.7890131102362208
21
-4.1900196850393696
0
LINE
8
BLACK
6
CONTINUOUS
10
5.7890131102362208
20
-4.1900196850393696
11
5.850986850393701
21
-4.1900196456692909
0
LINE
8
BLACK
6
CONTINUOUS
10
5.850986850393701
20
-4.1900196456692909
11
5.8509869685039373
21
-4.1900196062992121
0
LINE
8
BLACK
6
CONTINUOUS
10
5.8509869685039373
20
-4.1900196062992121
11
5.8509871259842514
21
-4.1900196062992121
0
LINE
8
BLACK
6
CONTINUOUS
10
5.8509871259842514
20
-4.1900196062992121
11
5.8529262204724404
21
-4.1896338976377949
0
LINE
8
BLACK
6
CONTINUOUS
10
5.8529262204724404
20
-4.1896338976377949
11
5.8539094881889762
21
-4.1894383464566927
0
LINE
8
BLACK
6
CONTINUOUS
10
5.8539094881889762
20
-4.1894383464566927
11
5.8572237795275592
21
-4.1872237795275593
0
LINE
8
BLACK
6
CONTINUOUS
10
5.8572237795275592
20
-4.1872237795275593
11
5.8594383464566926
21
-4.1839094881889762
0
LINE
8
BLACK
6
CONTINUOUS
10
5.8594383464566926
20
-4.1839094881889762
11
5.8600196850393695
21
-4.1809868897637799
0
LINE
8
BLACK
6
CONTINUOUS
10
5.8600196850393695
20
-4.1809868897637799
11
5.8600196456692908
21
-4.1190131496062987
0
LINE
8
BLACK
6
CONTINUOUS
10
5.8600196456692908
20
-4.1190131496062987
11
5.860019606299212
21
-4.1190128740157483
0
LINE
8
BLACK
6
CONTINUOUS
10
5.860019606299212
20
-4.1190128740157483
11
5.860019606299212
21
-4.1190128346456696
0
LINE
8
BLACK
6
CONTINUOUS
10
5.860019606299212
20
-4.1190128346456696
11
5.8594383464566926
21
-4.1160905118110236
0
LINE
8
BLACK
6
CONTINUOUS
10
5.8594383464566926
20
-4.1160905118110236
11
5.8572237401574805
21
-4.1127761811023618
0
LINE
8
BLACK
6
CONTINUOUS
10
5.8572237401574805
20
-4.1127761811023618
11
5.8539095275590549
21
-4.1105616535433072
0
LINE
8
BLACK
6
CONTINUOUS
10
5.8539095275590549
20
-4.1105616535433072
11
5.8509868897637798
21
-4.1099803149606302
0
LINE
8
BLACK
6
CONTINUOUS
10
5.8509868897637798
20
-4.1099803149606302
11
5.7890132283464562
21
-4.1099803149606302
0
LINE
8
BLACK
6
CONTINUOUS
10
5.7890132283464562
20
-4.1099803149606302
11
5.7890128346456695
21
-4.109980354330709
0
LINE
8
BLACK
6
CONTINUOUS
10
5.7890128346456695
20
-4.109980354330709
11
5.7860905118110235
21
-4.1105616141732284
0
LINE
8
BLACK
6
CONTINUOUS
10
5.7860905118110235
20
-4.1105616141732284
11
5.7827761811023617
21
-4.1127762204724405
0
LINE
8
BLACK
6
CONTINUOUS
10
5.7827761811023617
20
-4.1127762204724405
11
5.7805616535433071
21
-4.1160904330708661
0
LINE
8
BLACK
6
CONTINUOUS
10
5.7805616535433071
20
-4.1160904330708661
11
5.7799803149606301
21
-4.1190129921259846
0
LINE
8
BLACK
6
CONTINUOUS
10
5.7799803149606301
20
-4.1190129921259846
11
5.7799803149606301
21
-4.1809867322834648
0
LINE
8
BLACK
6
CONTINUOUS
10
5.9991929133858264
20
-4.1809867322834648
11
5.9991929527559051
21
-4.1809871259842515
0
LINE
8
BLACK
6
CONTINUOUS
10
5.9991929527559051
20
-4.1809871259842515
11
5.9997742125984255
21
-4.1839094488188975
0
LINE
8
BLACK
6
CONTINUOUS
10
5.9997742125984255
20
-4.1839094488188975
11
6.0019888188976376
21
-4.1872237795275593
0
LINE
8
BLACK
6
CONTINUOUS
10
6.0019888188976376
20
-4.1872237795275593
11
6.0053030314960631
21
-4.1894383070866139
0
LINE
8
BLACK
6
CONTINUOUS
10
6.0053030314960631
20
-4.1894383070866139
11
6.0053031102362207
21
-4.1894383464566927
0
LINE
8
BLACK
6
CONTINUOUS
10
6.0053031102362207
20
-4.1894383464566927
11
6.008225708661417
21
-4.1900196850393696
0
LINE
8
BLACK
6
CONTINUOUS
10
6.008225708661417
20
-4.1900196850393696
11
6.0701994488188973
21
-4.1900196456692909
0
LINE
8
BLACK
6
CONTINUOUS
10
6.0701994488188973
20
-4.1900196456692909
11
6.0701995669291335
21
-4.1900196062992121
0
LINE
8
BLACK
6
CONTINUOUS
10
6.0701995669291335
20
-4.1900196062992121
11
6.0701997244094485
21
-4.1900196062992121
0
LINE
8
BLACK
6
CONTINUOUS
10
6.0701997244094485
20
-4.1900196062992121
11
6.0721388188976375
21
-4.1896338976377949
0
LINE
8
BLACK
6
CONTINUOUS
10
6.0721388188976375
20
-4.1896338976377949
11
6.0731220866141733
21
-4.1894383464566927
0
LINE
8
BLACK
6
CONTINUOUS
10
6.0731220866141733
20
-4.1894383464566927
11
6.0764363779527555
21
-4.1872237795275593
0
LINE
8
BLACK
6
CONTINUOUS
10
6.0764363779527555
20
-4.1872237795275593
11
6.0786509448818897
21
-4.1839094881889762
0
LINE
8
BLACK
6
CONTINUOUS
10
6.0786509448818897
20
-4.1839094881889762
11
6.0792322834645667
21
-4.1809868897637799
0
LINE
8
BLACK
6
CONTINUOUS
10
6.0792322834645667
20
-4.1809868897637799
11
6.0792322440944879
21
-4.1190131496062987
0
LINE
8
BLACK
6
CONTINUOUS
10
6.0792322440944879
20
-4.1190131496062987
11
6.0792322047244092
21
-4.1190128740157483
0
LINE
8
BLACK
6
CONTINUOUS
10
6.0792322047244092
20
-4.1190128740157483
11
6.0792322047244092
21
-4.1190128346456696
0
LINE
8
BLACK
6
CONTINUOUS
10
6.0792322047244092
20
-4.1190128346456696
11
6.0786509448818897
21
-4.1160905118110236
0
LINE
8
BLACK
6
CONTINUOUS
10
6.0786509448818897
20
-4.1160905118110236
11
6.0764363385826767
21
-4.1127761811023618
0
LINE
8
BLACK
6
CONTINUOUS
10
6.0764363385826767
20
-4.1127761811023618
11
6.0731221259842521
21
-4.1105616535433072
0
LINE
8
BLACK
6
CONTINUOUS
10
6.0731221259842521
20
-4.1105616535433072
11
6.070199488188976
21
-4.1099803149606302
0
LINE
8
BLACK
6
CONTINUOUS
10
6.070199488188976
20
-4.1099803149606302
11
6.0082258267716533
21
-4.1099803149606302
0
LINE
8
BLACK
6
CONTINUOUS
10
6.0082258267716533
20
-4.1099803149606302
11
6.0082254330708658
21
-4.109980354330709
0
LINE
8
BLACK
6
CONTINUOUS
10
6.0082254330708658
20
-4.109980354330709
11
6.0053031102362207
21
-4.1105616141732284
0
LINE
8
BLACK
6
CONTINUOUS
10
6.0053031102362207
20
-4.1105616141732284
11
6.0019887795275588
21
-4.1127762204724405
0
LINE
8
BLACK
6
CONTINUOUS
10
6.0019887795275588
20
-4.1127762204724405
11
5.9997742519685042
21
-4.1160904330708661
0
LINE
8
BLACK
6
CONTINUOUS
10
5.9997742519685042
20
-4.1160904330708661
11
5.9991929133858264
21
-4.1190129921259846
0
LINE
8
BLACK
6
CONTINUOUS
10
5.9991929133858264
20
-4.1190129921259846
11
5.9991929133858264
21
-4.1809867322834648
0
LINE
8
BLACK
6
CONTINUOUS
10
6.300374015748031
20
-4.1809867322834648
11
6.3003740551181098
21
-4.1809871259842515
0
LINE
8
BLACK
6
CONTINUOUS
10
6.3003740551181098
20
-4.1809871259842515
11
6.3009553149606301
21
-4.1839094488188975
0
LINE
8
BLACK
6
CONTINUOUS
10
6.3009553149606301
20
-4.1839094488188975
11
6.3031699212598422
21
-4.1872237795275593
0
LINE
8
BLACK
6
CONTINUOUS
10
6.3031699212598422
20
-4.1872237795275593
11
6.3064841338582678
21
-4.1894383070866139
0
LINE
8
BLACK
6
CONTINUOUS
10
6.3064841338582678
20
-4.1894383070866139
11
6.3064842125984253
21
-4.1894383464566927
0
LINE
8
BLACK
6
CONTINUOUS
10
6.3064842125984253
20
-4.1894383464566927
11
6.3094068110236217
21
-4.1900196850393696
0
LINE
8
BLACK
6
CONTINUOUS
10
6.3094068110236217
20
-4.1900196850393696
11
6.3713805511811019
21
-4.1900196456692909
0
LINE
8
BLACK
6
CONTINUOUS
10
6.3713805511811019
20
-4.1900196456692909
11
6.3713806692913382
21
-4.1900196062992121
0
LINE
8
BLACK
6
CONTINUOUS
10
6.3713806692913382
20
-4.1900196062992121
11
6.3713808267716532
21
-4.1900196062992121
0
LINE
8
BLACK
6
CONTINUOUS
10
6.3713808267716532
20
-4.1900196062992121
11
6.3733199212598421
21
-4.1896338976377949
0
LINE
8
BLACK
6
CONTINUOUS
10
6.3733199212598421
20
-4.1896338976377949
11
6.3743031889763779
21
-4.1894383464566927
0
LINE
8
BLACK
6
CONTINUOUS
10
6.3743031889763779
20
-4.1894383464566927
11
6.3776174803149601
21
-4.1872237795275593
0
LINE
8
BLACK
6
CONTINUOUS
10
6.3776174803149601
20
-4.1872237795275593
11
6.3798320472440944
21
-4.1839094881889762
0
LINE
8
BLACK
6
CONTINUOUS
10
6.3798320472440944
20
-4.1839094881889762
11
6.3804133858267713
21
-4.1809868897637799
0
LINE
8
BLACK
6
CONTINUOUS
10
6.3804133858267713
20
-4.1809868897637799
11
6.3804133464566926
21
-4.1190131496062987
0
LINE
8
BLACK
6
CONTINUOUS
10
6.3804133464566926
20
-4.1190131496062987
11
6.3804133070866138
21
-4.1190129921259846
0
LINE
8
BLACK
6
CONTINUOUS
10
6.3804133070866138
20
-4.1190129921259846
11
6.3804133070866138
21
-4.1190128740157483
0
LINE
8
BLACK
6
CONTINUOUS
10
6.3804133070866138
20
-4.1190128740157483
11
6.3804133070866138
21
-4.1190128346456696
0
LINE
8
BLACK
6
CONTINUOUS
10
6.3804133070866138
20
-4.1190128346456696
11
6.3798320472440944
21
-4.1160905118110236
0
LINE
8
BLACK
6
CONTINUOUS
10
6.3798320472440944
20
-4.1160905118110236
11
6.3776174409448814
21
-4.1127761811023618
0
LINE
8
BLACK
6
CONTINUOUS
10
6.3776174409448814
20
-4.1127761811023618
11
6.3743032283464567
21
-4.1105616535433072
0
LINE
8
BLACK
6
CONTINUOUS
10
6.3743032283464567
20
-4.1105616535433072
11
6.3713805905511807
21
-4.1099803149606302
0
LINE
8
BLACK
6
CONTINUOUS
10
6.3713805905511807
20
-4.1099803149606302
11
6.3094069291338579
21
-4.1099803149606302
0
LINE
8
BLACK
6
CONTINUOUS
10
6.3094069291338579
20
-4.1099803149606302
11
6.3094065354330704
21
-4.109980354330709
0
LINE
8
BLACK
6
CONTINUOUS
10
6.3094065354330704
20
-4.109980354330709
11
6.3064842125984253
21
-4.1105616141732284
0
LINE
8
BLACK
6
CONTINUOUS
10
6.3064842125984253
20
-4.1105616141732284
11
6.3031698818897635
21
-4.1127762204724405
0
LINE
8
BLACK
6
CONTINUOUS
10
6.3031698818897635
20
-4.1127762204724405
11
6.3009553543307089
21
-4.1160904330708661
0
LINE
8
BLACK
6
CONTINUOUS
10
6.3009553543307089
20
-4.1160904330708661
11
6.300374015748031
21
-4.1190129921259846
0
LINE
8
BLACK
6
CONTINUOUS
10
6.300374015748031
20
-4.1190129921259846
11
6.300374015748031
21
-4.1809867322834648
0
LINE
8
BLACK
6
CONTINUOUS
10
6.5387992125984251
20
-4.1809867322834648
11
6.5387992519685039
21
-4.1809871259842515
0
LINE
8
BLACK
6
CONTINUOUS
10
6.5387992519685039
20
-4.1809871259842515
11
6.5393805118110233
21
-4.1839094488188975
0
LINE
8
BLACK
6
CONTINUOUS
10
6.5393805118110233
20
-4.1839094488188975
11
6.5415951181102363
21
-4.1872237795275593
0
LINE
8
BLACK
6
CONTINUOUS
10
6.5415951181102363
20
-4.1872237795275593
11
6.544909330708661
21
-4.1894383070866139
0
LINE
8
BLACK
6
CONTINUOUS
10
6.544909330708661
20
-4.1894383070866139
11
6.5449094094488185
21
-4.1894383464566927
0
LINE
8
BLACK
6
CONTINUOUS
10
6.5449094094488185
20
-4.1894383464566927
11
6.5478320078740158
21
-4.1900196850393696
0
LINE
8
BLACK
6
CONTINUOUS
10
6.5478320078740158
20
-4.1900196850393696
11
6.609805748031496
21
-4.1900196456692909
0
LINE
8
BLACK
6
CONTINUOUS
10
6.609805748031496
20
-4.1900196456692909
11
6.6098058661417323
21
-4.1900196062992121
0
LINE
8
BLACK
6
CONTINUOUS
10
6.6098058661417323
20
-4.1900196062992121
11
6.6098060236220473
21
-4.1900196062992121
0
LINE
8
BLACK
6
CONTINUOUS
10
6.6098060236220473
20
-4.1900196062992121
11
6.6117451181102362
21
-4.1896338976377949
0
LINE
8
BLACK
6
CONTINUOUS
10
6.6117451181102362
20
-4.1896338976377949
11
6.6127283858267711
21
-4.1894383464566927
0
LINE
8
BLACK
6
CONTINUOUS
10
6.6127283858267711
20
-4.1894383464566927
11
6.6160426771653542
21
-4.1872237795275593
0
LINE
8
BLACK
6
CONTINUOUS
10
6.6160426771653542
20
-4.1872237795275593
11
6.6182572440944885
21
-4.1839094881889762
0
LINE
8
BLACK
6
CONTINUOUS
10
6.6182572440944885
20
-4.1839094881889762
11
6.6188385826771654
21
-4.1809868897637799
0
LINE
8
BLACK
6
CONTINUOUS
10
6.6188385826771654
20
-4.1809868897637799
11
6.6188385433070867
21
-4.1190131496062987
0
LINE
8
BLACK
6
CONTINUOUS
10
6.6188385433070867
20
-4.1190131496062987
11
6.6188385039370079
21
-4.1190129921259846
0
LINE
8
BLACK
6
CONTINUOUS
10
6.6188385039370079
20
-4.1190129921259846
11
6.6188385039370079
21
-4.1190128740157483
0
LINE
8
BLACK
6
CONTINUOUS
10
6.6188385039370079
20
-4.1190128740157483
11
6.6188385039370079
21
-4.1190128346456696
0
LINE
8
BLACK
6
CONTINUOUS
10
6.6188385039370079
20
-4.1190128346456696
11
6.6182572440944885
21
-4.1160905118110236
0
LINE
8
BLACK
6
CONTINUOUS
10
6.6182572440944885
20
-4.1160905118110236
11
6.6160426377952755
21
-4.1127761811023618
0
LINE
8
BLACK
6
CONTINUOUS
10
6.6160426377952755
20
-4.1127761811023618
11
6.6127284251968499
21
-4.1105616535433072
0
LINE
8
BLACK
6
CONTINUOUS
10
6.6127284251968499
20
-4.1105616535433072
11
6.6098057874015748
21
-4.1099803149606302
0
LINE
8
BLACK
6
CONTINUOUS
10
6.6098057874015748
20
-4.1099803149606302
11
6.547832125984252
21
-4.1099803149606302
0
LINE
8
BLACK
6
CONTINUOUS
10
6.547832125984252
20
-4.1099803149606302
11
6.5478317322834645
21
-4.109980354330709
0
LINE
8
BLACK
6
CONTINUOUS
10
6.5478317322834645
20
-4.109980354330709
11
6.5449094094488185
21
-4.1105616141732284
0
LINE
8
BLACK
6
CONTINUOUS
10
6.5449094094488185
20
-4.1105616141732284
11
6.5415950787401576
21
-4.1127762204724405
0
LINE
8
BLACK
6
CONTINUOUS
10
6.5415950787401576
20
-4.1127762204724405
11
6.5393805511811021
21
-4.1160904330708661
0
LINE
8
BLACK
6
CONTINUOUS
10
6.5393805511811021
20
-4.1160904330708661
11
6.5387992125984251
21
-4.1190129921259846
0
LINE
8
BLACK
6
CONTINUOUS
10
6.5387992125984251
20
-4.1190129921259846
11
6.5387992125984251
21
-4.1809867322834648
0
LINE
8
BLACK
6
CONTINUOUS
10
6.639192913385827
20
-4.1809867322834648
11
6.6391929527559057
21
-4.1809871259842515
0
LINE
8
BLACK
6
CONTINUOUS
10
6.6391929527559057
20
-4.1809871259842515
11
6.6397742125984252
21
-4.1839094488188975
0
LINE
8
BLACK
6
CONTINUOUS
10
6.6397742125984252
20
-4.1839094488188975
11
6.6419888188976373
21
-4.1872237795275593
0
LINE
8
BLACK
6
CONTINUOUS
10
6.6419888188976373
20
-4.1872237795275593
11
6.6453030314960628
21
-4.1894383070866139
0
LINE
8
BLACK
6
CONTINUOUS
10
6.6453030314960628
20
-4.1894383070866139
11
6.6453031102362203
21
-4.1894383464566927
0
LINE
8
BLACK
6
CONTINUOUS
10
6.6453031102362203
20
-4.1894383464566927
11
6.6482257086614176
21
-4.1900196850393696
0
LINE
8
BLACK
6
CONTINUOUS
10
6.6482257086614176
20
-4.1900196850393696
11
6.7101994488188978
21
-4.1900196456692909
0
LINE
8
BLACK
6
CONTINUOUS
10
6.7101994488188978
20
-4.1900196456692909
11
6.7101995669291341
21
-4.1900196062992121
0
LINE
8
BLACK
6
CONTINUOUS
10
6.7101995669291341
20
-4.1900196062992121
11
6.7101997244094482
21
-4.1900196062992121
0
LINE
8
BLACK
6
CONTINUOUS
10
6.7101997244094482
20
-4.1900196062992121
11
6.7121388188976381
21
-4.1896338976377949
0
LINE
8
BLACK
6
CONTINUOUS
10
6.7121388188976381
20
-4.1896338976377949
11
6.713122086614173
21
-4.1894383464566927
0
LINE
8
BLACK
6
CONTINUOUS
10
6.713122086614173
20
-4.1894383464566927
11
6.7164363779527561
21
-4.1872237795275593
0
LINE
8
BLACK
6
CONTINUOUS
10
6.7164363779527561
20
-4.1872237795275593
11
6.7186509448818894
21
-4.1839094881889762
0
LINE
8
BLACK
6
CONTINUOUS
10
6.7186509448818894
20
-4.1839094881889762
11
6.7192322834645664
21
-4.1809868897637799
0
LINE
8
BLACK
6
CONTINUOUS
10
6.7192322834645664
20
-4.1809868897637799
11
6.7192322440944876
21
-4.1190131496062987
0
LINE
8
BLACK
6
CONTINUOUS
10
6.7192322440944876
20
-4.1190131496062987
11
6.7192322047244089
21
-4.1190129921259846
0
LINE
8
BLACK
6
CONTINUOUS
10
6.7192322047244089
20
-4.1190129921259846
11
6.7192322047244089
21
-4.1190128740157483
0
LINE
8
BLACK
6
CONTINUOUS
10
6.7192322047244089
20
-4.1190128740157483
11
6.7192322047244089
21
-4.1190128346456696
0
LINE
8
BLACK
6
CONTINUOUS
10
6.7192322047244089
20
-4.1190128346456696
11
6.7186509448818894
21
-4.1160905118110236
0
LINE
8
BLACK
6
CONTINUOUS
10
6.7186509448818894
20
-4.1160905118110236
11
6.7164363385826773
21
-4.1127761811023618
0
LINE
8
BLACK
6
CONTINUOUS
10
6.7164363385826773
20
-4.1127761811023618
11
6.7131221259842517
21
-4.1105616535433072
0
LINE
8
BLACK
6
CONTINUOUS
10
6.7131221259842517
20
-4.1105616535433072
11
6.7101994881889766
21
-4.1099803149606302
0
LINE
8
BLACK
6
CONTINUOUS
10
6.7101994881889766
20
-4.1099803149606302
11
6.648225826771653
21
-4.1099803149606302
0
LINE
8
BLACK
6
CONTINUOUS
10
6.648225826771653
20
-4.1099803149606302
11
6.6482254330708663
21
-4.109980354330709
0
LINE
8
BLACK
6
CONTINUOUS
10
6.6482254330708663
20
-4.109980354330709
11
6.6453031102362203
21
-4.1105616141732284
0
LINE
8
BLACK
6
CONTINUOUS
10
6.6453031102362203
20
-4.1105616141732284
11
6.6419887795275585
21
-4.1127762204724405
0
LINE
8
BLACK
6
CONTINUOUS
10
6.6419887795275585
20
-4.1127762204724405
11
6.6397742519685039
21
-4.1160904330708661
0
LINE
8
BLACK
6
CONTINUOUS
10
6.6397742519685039
20
-4.1160904330708661
11
6.639192913385827
21
-4.1190129921259846
0
LINE
8
BLACK
6
CONTINUOUS
10
6.639192913385827
20
-4.1190129921259846
11
6.639192913385827
21
-4.1809867322834648
0
LINE
8
BLACK
6
CONTINUOUS
10
6.7395866141732279
20
-4.1809867322834648
11
6.7395866535433067
21
-4.1809871259842515
0
LINE
8
BLACK
6
CONTINUOUS
10
6.7395866535433067
20
-4.1809871259842515
11
6.740167913385827
21
-4.1839094488188975
0
LINE
8
BLACK
6
CONTINUOUS
10
6.740167913385827
20
-4.1839094488188975
11
6.7423825196850391
21
-4.1872237795275593
0
LINE
8
BLACK
6
CONTINUOUS
10
6.7423825196850391
20
-4.1872237795275593
11
6.7456967322834647
21
-4.1894383070866139
0
LINE
8
BLACK
6
CONTINUOUS
10
6.7456967322834647
20
-4.1894383070866139
11
6.7456968110236222
21
-4.1894383464566927
0
LINE
8
BLACK
6
CONTINUOUS
10
6.7456968110236222
20
-4.1894383464566927
11
6.7486194094488186
21
-4.1900196850393696
0
LINE
8
BLACK
6
CONTINUOUS
10
6.7486194094488186
20
-4.1900196850393696
11
6.8105931496062988
21
-4.1900196456692909
0
LINE
8
BLACK
6
CONTINUOUS
10
6.8105931496062988
20
-4.1900196456692909
11
6.8105932677165351
21
-4.1900196062992121
0
LINE
8
BLACK
6
CONTINUOUS
10
6.8105932677165351
20
-4.1900196062992121
11
6.8105934251968501
21
-4.1900196062992121
0
LINE
8
BLACK
6
CONTINUOUS
10
6.8105934251968501
20
-4.1900196062992121
11
6.812532519685039
21
-4.1896338976377949
0
LINE
8
BLACK
6
CONTINUOUS
10
6.812532519685039
20
-4.1896338976377949
11
6.8135157874015748
21
-4.1894383464566927
0
LINE
8
BLACK
6
CONTINUOUS
10
6.8135157874015748
20
-4.1894383464566927
11
6.816830078740157
21
-4.1872237795275593
0
LINE
8
BLACK
6
CONTINUOUS
10
6.816830078740157
20
-4.1872237795275593
11
6.8190446456692912
21
-4.1839094881889762
0
LINE
8
BLACK
6
CONTINUOUS
10
6.8190446456692912
20
-4.1839094881889762
11
6.8196259842519682
21
-4.1809868897637799
0
LINE
8
BLACK
6
CONTINUOUS
10
6.8196259842519682
20
-4.1809868897637799
11
6.8196259448818894
21
-4.1190131496062987
0
LINE
8
BLACK
6
CONTINUOUS
10
6.8196259448818894
20
-4.1190131496062987
11
6.8196259055118107
21
-4.1190129921259846
0
LINE
8
BLACK
6
CONTINUOUS
10
6.8196259055118107
20
-4.1190129921259846
11
6.8196259055118107
21
-4.1190128740157483
0
LINE
8
BLACK
6
CONTINUOUS
10
6.8196259055118107
20
-4.1190128740157483
11
6.8196259055118107
21
-4.1190128346456696
0
LINE
8
BLACK
6
CONTINUOUS
10
6.8196259055118107
20
-4.1190128346456696
11
6.8190446456692912
21
-4.1160905118110236
0
LINE
8
BLACK
6
CONTINUOUS
10
6.8190446456692912
20
-4.1160905118110236
11
6.8168300393700783
21
-4.1127761811023618
0
LINE
8
BLACK
6
CONTINUOUS
10
6.8168300393700783
20
-4.1127761811023618
11
6.8135158267716536
21
-4.1105616535433072
0
LINE
8
BLACK
6
CONTINUOUS
10
6.8135158267716536
20
-4.1105616535433072
11
6.8105931889763776
21
-4.1099803149606302
0
LINE
8
BLACK
6
CONTINUOUS
10
6.8105931889763776
20
-4.1099803149606302
11
6.7486195275590548
21
-4.1099803149606302
0
LINE
8
BLACK
6
CONTINUOUS
10
6.7486195275590548
20
-4.1099803149606302
11
6.7486191338582673
21
-4.109980354330709
0
LINE
8
BLACK
6
CONTINUOUS
10
6.7486191338582673
20
-4.109980354330709
11
6.7456968110236222
21
-4.1105616141732284
0
LINE
8
BLACK
6
CONTINUOUS
10
6.7456968110236222
20
-4.1105616141732284
11
6.7423824803149603
21
-4.1127762204724405
0
LINE
8
BLACK
6
CONTINUOUS
10
6.7423824803149603
20
-4.1127762204724405
11
6.7401679527559057
21
-4.1160904330708661
0
LINE
8
BLACK
6
CONTINUOUS
10
6.7401679527559057
20
-4.1160904330708661
11
6.7395866141732279
21
-4.1190129921259846
0
LINE
8
BLACK
6
CONTINUOUS
10
6.7395866141732279
20
-4.1190129921259846
11
6.7395866141732279
21
-4.1809867322834648
0
LINE
8
BLACK
6
CONTINUOUS
10
6.8399803149606297
20
-4.1809867322834648
11
6.8399803543307085
21
-4.1809871259842515
0
LINE
8
BLACK
6
CONTINUOUS
10
6.8399803543307085
20
-4.1809871259842515
11
6.8405616141732279
21
-4.1839094488188975
0
LINE
8
BLACK
6
CONTINUOUS
10
6.8405616141732279
20
-4.1839094488188975
11
6.8427762204724409
21
-4.1872237795275593
0
LINE
8
BLACK
6
CONTINUOUS
10
6.8427762204724409
20
-4.1872237795275593
11
6.8460904330708656
21
-4.1894383070866139
0
LINE
8
BLACK
6
CONTINUOUS
10
6.8460904330708656
20
-4.1894383070866139
11
6.8460905118110231
21
-4.1894383464566927
0
LINE
8
BLACK
6
CONTINUOUS
10
6.8460905118110231
20
-4.1894383464566927
11
6.8490131102362204
21
-4.1900196850393696
0
LINE
8
BLACK
6
CONTINUOUS
10
6.8490131102362204
20
-4.1900196850393696
11
6.9109868503937006
21
-4.1900196456692909
0
LINE
8
BLACK
6
CONTINUOUS
10
6.9109868503937006
20
-4.1900196456692909
11
6.9109869685039369
21
-4.1900196062992121
0
LINE
8
BLACK
6
CONTINUOUS
10
6.9109869685039369
20
-4.1900196062992121
11
6.9109871259842519
21
-4.1900196062992121
0
LINE
8
BLACK
6
CONTINUOUS
10
6.9109871259842519
20
-4.1900196062992121
11
6.9129262204724409
21
-4.1896338976377949
0
LINE
8
BLACK
6
CONTINUOUS
10
6.9129262204724409
20
-4.1896338976377949
11
6.9139094881889767
21
-4.1894383464566927
0
LINE
8
BLACK
6
CONTINUOUS
10
6.9139094881889767
20
-4.1894383464566927
11
6.9172237795275588
21
-4.1872237795275593
0
LINE
8
BLACK
6
CONTINUOUS
10
6.9172237795275588
20
-4.1872237795275593
11
6.9194383464566931
21
-4.1839094881889762
0
LINE
8
BLACK
6
CONTINUOUS
10
6.9194383464566931
20
-4.1839094881889762
11
6.92001968503937
21
-4.1809868897637799
0
LINE
8
BLACK
6
CONTINUOUS
10
6.92001968503937
20
-4.1809868897637799
11
6.9200196456692913
21
-4.1190131496062987
0
LINE
8
BLACK
6
CONTINUOUS
10
6.9200196456692913
20
-4.1190131496062987
11
6.9200196062992125
21
-4.1190128740157483
0
LINE
8
BLACK
6
CONTINUOUS
10
6.9200196062992125
20
-4.1190128740157483
11
6.9200196062992125
21
-4.1190128346456696
0
LINE
8
BLACK
6
CONTINUOUS
10
6.9200196062992125
20
-4.1190128346456696
11
6.9194383464566931
21
-4.1160905118110236
0
LINE
8
BLACK
6
CONTINUOUS
10
6.9194383464566931
20
-4.1160905118110236
11
6.9172237401574801
21
-4.1127761811023618
0
LINE
8
BLACK
6
CONTINUOUS
10
6.9172237401574801
20
-4.1127761811023618
11
6.9139095275590545
21
-4.1105616535433072
0
LINE
8
BLACK
6
CONTINUOUS
10
6.9139095275590545
20
-4.1105616535433072
11
6.9109868897637794
21
-4.1099803149606302
0
LINE
8
BLACK
6
CONTINUOUS
10
6.9109868897637794
20
-4.1099803149606302
11
6.8490132283464566
21
-4.1099803149606302
0
LINE
8
BLACK
6
CONTINUOUS
10
6.8490132283464566
20
-4.1099803149606302
11
6.8490128346456691
21
-4.109980354330709
0
LINE
8
BLACK
6
CONTINUOUS
10
6.8490128346456691
20
-4.109980354330709
11
6.8460905118110231
21
-4.1105616141732284
0
LINE
8
BLACK
6
CONTINUOUS
10
6.8460905118110231
20
-4.1105616141732284
11
6.8427761811023622
21
-4.1127762204724405
0
LINE
8
BLACK
6
CONTINUOUS
10
6.8427761811023622
20
-4.1127762204724405
11
6.8405616535433067
21
-4.1160904330708661
0
LINE
8
BLACK
6
CONTINUOUS
10
6.8405616535433067
20
-4.1160904330708661
11
6.8399803149606297
21
-4.1190129921259846
0
LINE
8
BLACK
6
CONTINUOUS
10
6.8399803149606297
20
-4.1190129921259846
11
6.8399803149606297
21
-4.1809867322834648
0
LINE
8
BLACK
6
CONTINUOUS
10
5.8700000000000001
20
-4.0599999999999996
11
5.8700000000000001
21
-4.0819132677165353
0
LINE
8
BLACK
6
CONTINUOUS
10
5.8700000000000001
20
-4.0819132677165353
11
5.8702561023622044
21
-4.084295
0
LINE
8
BLACK
6
CONTINUOUS
10
5.8702561023622044
20
-4.084295
11
5.8722659448818897
21
-4.0896836220472439
0
LINE
8
BLACK
6
CONTINUOUS
10
5.8722659448818897
20
-4.0896836220472439
11
5.8722659448818897
21
-4.0896836614173226
0
LINE
8
BLACK
6
CONTINUOUS
10
5.8722659448818897
20
-4.0896836614173226
11
5.875712362204724
21
-4.0942874803149607
0
LINE
8
BLACK
6
CONTINUOUS
10
5.875712362204724
20
-4.0942874803149607
11
5.878038464566929
21
-4.0960288188976373
0
LINE
8
BLACK
6
CONTINUOUS
10
5.878038464566929
20
-4.0960288188976373
11
5.8797135039370074
21
-4.0982664960629922
0
LINE
8
BLACK
6
CONTINUOUS
10
5.8797135039370074
20
-4.0982664960629922
11
5.8799128740157478
21
-4.1010544881889759
0
LINE
8
BLACK
6
CONTINUOUS
10
5.8799128740157478
20
-4.1010544881889759
11
5.8785733070866142
21
-4.1035077165354332
0
LINE
8
BLACK
6
CONTINUOUS
10
5.8785733070866142
20
-4.1035077165354332
11
5.878038464566929
21
-4.103971181102362
0
LINE
8
BLACK
6
CONTINUOUS
10
5.878038464566929
20
-4.103971181102362
11
5.875712362204724
21
-4.1057124803149607
0
LINE
8
BLACK
6
CONTINUOUS
10
5.875712362204724
20
-4.1057124803149607
11
5.8722659448818897
21
-4.1103162992125979
0
LINE
8
BLACK
6
CONTINUOUS
10
5.8722659448818897
20
-4.1103162992125979
11
5.8722659448818897
21
-4.1103163385826766
0
LINE
8
BLACK
6
CONTINUOUS
10
5.8722659448818897
20
-4.1103163385826766
11
5.8702561023622044
21
-4.1157049606299214
0
LINE
8
BLACK
6
CONTINUOUS
10
5.8702561023622044
20
-4.1157049606299214
11
5.8700000000000001
21
-4.1180866929133861
0
LINE
8
BLACK
6
CONTINUOUS
10
5.8700000000000001
20
-4.1180866929133861
11
5.8700000000000001
21
-4.1399999999999997
0
LINE
8
BLACK
6
CONTINUOUS
10
5.8700000000000001
20
-4.1399999999999997
11
5.8899999999999997
21
-4.1399999999999997
0
LINE
8
BLACK
6
CONTINUOUS
10
5.8899999999999997
20
-4.1399999999999997
11
5.8899999999999997
21
-4.1200000000000001
0
LINE
8
BLACK
6
CONTINUOUS
10
5.8899999999999997
20
-4.1200000000000001
11
5.9100000000000001
21
-4.1200000000000001
0
LINE
8
BLACK
6
CONTINUOUS
10
5.9100000000000001
20
-4.1200000000000001
11
5.9100000000000001
21
-4.0800000000000001
0
LINE
8
BLACK
6
CONTINUOUS
10
5.9100000000000001
20
-4.0800000000000001
11
5.8899999999999997
21
-4.0800000000000001
0
LINE
8
BLACK
6
CONTINUOUS
10
5.8899999999999997
20
-4.0800000000000001
11
5.8899999999999997
21
-4.0599999999999996
0
LINE
8
BLACK
6
CONTINUOUS
10
5.8899999999999997
20
-4.0599999999999996
11
5.8700000000000001
21
-4.0599999999999996
0
LINE
8
BLACK
6
CONTINUOUS
10
5.6699999999999999
20
-4.0599999999999996
11
5.6699999999999999
21
-4.0819132677165353
0
LINE
8
BLACK
6
CONTINUOUS
10
5.6699999999999999
20
-4.0819132677165353
11
5.6702561023622042
21
-4.084295
0
LINE
8
BLACK
6
CONTINUOUS
10
5.6702561023622042
20
-4.084295
11
5.6722659448818895
21
-4.0896836220472439
0
LINE
8
BLACK
6
CONTINUOUS
10
5.6722659448818895
20
-4.0896836220472439
11
5.6722659448818895
21
-4.0896836614173226
0
LINE
8
BLACK
6
CONTINUOUS
10
5.6722659448818895
20
-4.0896836614173226
11
5.6757123622047239
21
-4.0942874803149607
0
LINE
8
BLACK
6
CONTINUOUS
10
5.6757123622047239
20
-4.0942874803149607
11
5.6780384645669288
21
-4.0960288188976373
0
LINE
8
BLACK
6
CONTINUOUS
10
5.6780384645669288
20
-4.0960288188976373
11
5.6797135039370081
21
-4.0982664960629922
0
LINE
8
BLACK
6
CONTINUOUS
10
5.6797135039370081
20
-4.0982664960629922
11
5.6799128740157476
21
-4.1010544881889759
0
LINE
8
BLACK
6
CONTINUOUS
10
5.6799128740157476
20
-4.1010544881889759
11
5.678573307086614
21
-4.1035077165354332
0
LINE
8
BLACK
6
CONTINUOUS
10
5.678573307086614
20
-4.1035077165354332
11
5.6780384645669288
21
-4.103971181102362
0
LINE
8
BLACK
6
CONTINUOUS
10
5.6780384645669288
20
-4.103971181102362
11
5.6757123622047239
21
-4.1057124803149607
0
LINE
8
BLACK
6
CONTINUOUS
10
5.6757123622047239
20
-4.1057124803149607
11
5.6722659448818895
21
-4.1103162992125979
0
LINE
8
BLACK
6
CONTINUOUS
10
5.6722659448818895
20
-4.1103162992125979
11
5.6722659448818895
21
-4.1103163385826766
0
LINE
8
BLACK
6
CONTINUOUS
10
5.6722659448818895
20
-4.1103163385826766
11
5.6702561023622042
21
-4.1157049606299214
0
LINE
8
BLACK
6
CONTINUOUS
10
5.6702561023622042
20
-4.1157049606299214
11
5.6699999999999999
21
-4.1180866929133861
0
LINE
8
BLACK
6
CONTINUOUS
10
5.6699999999999999
20
-4.1180866929133861
11
5.6699999999999999
21
-4.1399999999999997
0
LINE
8
BLACK
6
CONTINUOUS
10
5.6699999999999999
20
-4.1399999999999997
11
5.6899999999999995
21
-4.1399999999999997
0
LINE
8
BLACK
6
CONTINUOUS
10
5.6899999999999995
20
-4.1399999999999997
11
5.6899999999999995
21
-4.1200000000000001
0
LINE
8
BLACK
6
CONTINUOUS
10
5.6899999999999995
20
-4.1200000000000001
11
5.71
21
-4.1200000000000001
0
LINE
8
BLACK
6
CONTINUOUS
10
5.71
20
-4.1200000000000001
11
5.71
21
-4.0800000000000001
0
LINE
8
BLACK
6
CONTINUOUS
10
5.71
20
-4.0800000000000001
11
5.6899999999999995
21
-4.0800000000000001
0
LINE
8
BLACK
6
CONTINUOUS
10
5.6899999999999995
20
-4.0800000000000001
11
5.6899999999999995
21
-4.0599999999999996
0
LINE
8
BLACK
6
CONTINUOUS
10
5.6899999999999995
20
-4.0599999999999996
11
5.6699999999999999
21
-4.0599999999999996
0
LINE
8
BLACK
6
CONTINUOUS
10
5.7299999999999995
20
-4.0199999999999996
11
5.75
21
-4.0199999999999996
0
LINE
8
BLACK
6
CONTINUOUS
10
5.75
20
-4.0199999999999996
11
5.75
21
-4.04
0
LINE
8
BLACK
6
CONTINUOUS
10
5.75
20
-4.04
11
5.7699999999999996
21
-4.04
0
LINE
8
BLACK
6
CONTINUOUS
10
5.7699999999999996
20
-4.04
11
5.7699999999999996
21
-4.0190129921259841
0
LINE
8
BLACK
6
CONTINUOUS
10
5.7699999999999996
20
-4.0190129921259841
11
5.7699999999999996
21
-4.0180871653543306
0
LINE
8
BLACK
6
CONTINUOUS
10
5.7699999999999996
20
-4.0180871653543306
11
5.7699999606299208
21
-4.0180866929133856
0
LINE
8
BLACK
6
CONTINUOUS
10
5.7699999606299208
20
-4.0180866929133856
11
5.7697438582677165
21
-4.0157049606299209
0
LINE
8
BLACK
6
CONTINUOUS
10
5.7697438582677165
20
-4.0157049606299209
11
5.7677340157480312
21
-4.010316338582677
0
LINE
8
BLACK
6
CONTINUOUS
10
5.7677340157480312
20
-4.010316338582677
11
5.7677340157480312
21
-4.0103162992125982
0
LINE
8
BLACK
6
CONTINUOUS
10
5.7677340157480312
20
-4.0103162992125982
11
5.7642875590551181
21
-4.0057124015748027
0
LINE
8
BLACK
6
CONTINUOUS
10
5.7642875590551181
20
-4.0057124015748027
11
5.7596836614173226
21
-4.0022659448818896
0
LINE
8
BLACK
6
CONTINUOUS
10
5.7596836614173226
20
-4.0022659448818896
11
5.7542949999999999
21
-4.0002561023622043
0
LINE
8
BLACK
6
CONTINUOUS
10
5.7542949999999999
20
-4.0002561023622043
11
5.7519132677165352
21
-4.
0
LINE
8
BLACK
6
CONTINUOUS
10
5.7519132677165352
20
-4.
11
5.7299999999999995
21
-4.
0
LINE
8
BLACK
6
CONTINUOUS
10
5.7299999999999995
20
-4.
11
5.7299999999999995
21
-4.0199999999999996
0
LINE
8
BLACK
6
CONTINUOUS
10
5.9299999999999997
20
-4.0199999999999996
11
5.9500000000000002
21
-4.0199999999999996
0
LINE
8
BLACK
6
CONTINUOUS
10
5.9500000000000002
20
-4.0199999999999996
11
5.9500000000000002
21
-4.04
0
LINE
8
BLACK
6
CONTINUOUS
10
5.9500000000000002
20
-4.04
11
5.9699999999999998
21
-4.04
0
LINE
8
BLACK
6
CONTINUOUS
10
5.9699999999999998
20
-4.04
11
5.9699999999999998
21
-4.0190129921259841
0
LINE
8
BLACK
6
CONTINUOUS
10
5.9699999999999998
20
-4.0190129921259841
11
5.9699999999999998
21
-4.0180871653543306
0
LINE
8
BLACK
6
CONTINUOUS
10
5.9699999999999998
20
-4.0180871653543306
11
5.969999960629921
21
-4.0180866929133856
0
LINE
8
BLACK
6
CONTINUOUS
10
5.969999960629921
20
-4.0180866929133856
11
5.9697438582677167
21
-4.0157049606299209
0
LINE
8
BLACK
6
CONTINUOUS
10
5.9697438582677167
20
-4.0157049606299209
11
5.9677340157480314
21
-4.010316338582677
0
LINE
8
BLACK
6
CONTINUOUS
10
5.9677340157480314
20
-4.010316338582677
11
5.9677340157480314
21
-4.0103162992125982
0
LINE
8
BLACK
6
CONTINUOUS
10
5.9677340157480314
20
-4.0103162992125982
11
5.9642875590551183
21
-4.0057124015748027
0
LINE
8
BLACK
6
CONTINUOUS
10
5.9642875590551183
20
-4.0057124015748027
11
5.9596836614173228
21
-4.0022659448818896
0
LINE
8
BLACK
6
CONTINUOUS
10
5.9596836614173228
20
-4.0022659448818896
11
5.9542950000000001
21
-4.0002561023622043
0
LINE
8
BLACK
6
CONTINUOUS
10
5.9542950000000001
20
-4.0002561023622043
11
5.9519132677165354
21
-4.
0
LINE
8
BLACK
6
CONTINUOUS
10
5.9519132677165354
20
-4.
11
5.9299999999999997
21
-4.
0
LINE
8
BLACK
6
CONTINUOUS
10
5.9299999999999997
20
-4.
11
5.9299999999999997
21
-4.0199999999999996
0
LINE
8
BLACK
6
CONTINUOUS
10
5.7799803149606301
20
-4.0809867322834643
11
5.7799803543307089
21
-4.0809871259842518
0
LINE
8
BLACK
6
CONTINUOUS
10
5.7799803543307089
20
-4.0809871259842518
11
5.7805616141732283
21
-4.0839094488188978
0
LINE
8
BLACK
6
CONTINUOUS
10
5.7805616141732283
20
-4.0839094488188978
11
5.7827762204724404
21
-4.0872237795275588
0
LINE
8
BLACK
6
CONTINUOUS
10
5.7827762204724404
20
-4.0872237795275588
11
5.786090433070866
21
-4.0894383070866143
0
LINE
8
BLACK
6
CONTINUOUS
10
5.786090433070866
20
-4.0894383070866143
11
5.7860905118110235
21
-4.089438346456693
0
LINE
8
BLACK
6
CONTINUOUS
10
5.7860905118110235
20
-4.089438346456693
11
5.7890131102362208
21
-4.09001968503937
0
LINE
8
BLACK
6
CONTINUOUS
10
5.7890131102362208
20
-4.09001968503937
11
5.850986850393701
21
-4.0900196456692912
0
LINE
8
BLACK
6
CONTINUOUS
10
5.850986850393701
20
-4.0900196456692912
11
5.8509869685039373
21
-4.0900196062992125
0
LINE
8
BLACK
6
CONTINUOUS
10
5.8509869685039373
20
-4.0900196062992125
11
5.8509871259842514
21
-4.0900196062992125
0
LINE
8
BLACK
6
CONTINUOUS
10
5.8509871259842514
20
-4.0900196062992125
11
5.8529262204724404
21
-4.0896338976377953
0
LINE
8
BLACK
6
CONTINUOUS
10
5.8529262204724404
20
-4.0896338976377953
11
5.8539094881889762
21
-4.089438346456693
0
LINE
8
BLACK
6
CONTINUOUS
10
5.8539094881889762
20
-4.089438346456693
11
5.8572237795275592
21
-4.0872237795275588
0
LINE
8
BLACK
6
CONTINUOUS
10
5.8572237795275592
20
-4.0872237795275588
11
5.8594383464566926
21
-4.0839094881889766
0
LINE
8
BLACK
6
CONTINUOUS
10
5.8594383464566926
20
-4.0839094881889766
11
5.8600196850393695
21
-4.0809868897637793
0
LINE
8
BLACK
6
CONTINUOUS
10
5.8600196850393695
20
-4.0809868897637793
11
5.8600196456692908
21
-4.0190131496062991
0
LINE
8
BLACK
6
CONTINUOUS
10
5.8600196456692908
20
-4.0190131496062991
11
5.860019606299212
21
-4.0190129921259841
0
LINE
8
BLACK
6
CONTINUOUS
10
5.860019606299212
20
-4.0190129921259841
11
5.860019606299212
21
-4.0190128346456691
0
LINE
8
BLACK
6
CONTINUOUS
10
5.860019606299212
20
-4.0190128346456691
11
5.859835393700787
21
-4.0180866929133856
0
LINE
8
BLACK
6
CONTINUOUS
10
5.859835393700787
20
-4.0180866929133856
11
5.8594383464566926
21
-4.0160905118110239
0
LINE
8
BLACK
6
CONTINUOUS
10
5.8594383464566926
20
-4.0160905118110239
11
5.8572237401574805
21
-4.0127761811023621
0
LINE
8
BLACK
6
CONTINUOUS
10
5.8572237401574805
20
-4.0127761811023621
11
5.8539095275590549
21
-4.0105616535433066
0
LINE
8
BLACK
6
CONTINUOUS
10
5.8539095275590549
20
-4.0105616535433066
11
5.8509868897637798
21
-4.0099803149606297
0
LINE
8
BLACK
6
CONTINUOUS
10
5.8509868897637798
20
-4.0099803149606297
11
5.7890132283464562
21
-4.0099803149606297
0
LINE
8
BLACK
6
CONTINUOUS
10
5.7890132283464562
20
-4.0099803149606297
11
5.7890128346456695
21
-4.0099803543307084
0
LINE
8
BLACK
6
CONTINUOUS
10
5.7890128346456695
20
-4.0099803543307084
11
5.7860905118110235
21
-4.0105616141732279
0
LINE
8
BLACK
6
CONTINUOUS
10
5.7860905118110235
20
-4.0105616141732279
11
5.7827761811023617
21
-4.0127762204724409
0
LINE
8
BLACK
6
CONTINUOUS
10
5.7827761811023617
20
-4.0127762204724409
11
5.7805616535433071
21
-4.0160904330708664
0
LINE
8
BLACK
6
CONTINUOUS
10
5.7805616535433071
20
-4.0160904330708664
11
5.7799803149606301
21
-4.0190129921259841
0
LINE
8
BLACK
6
CONTINUOUS
10
5.7799803149606301
20
-4.0190129921259841
11
5.7799803149606301
21
-4.0809867322834643
0
LINE
8
BLACK
6
CONTINUOUS
10
5.9991929133858264
20
-4.0809867322834643
11
5.9991929527559051
21
-4.0809871259842518
0
LINE
8
BLACK
6
CONTINUOUS
10
5.9991929527559051
20
-4.0809871259842518
11
5.9997742125984255
21
-4.0839094488188978
0
LINE
8
BLACK
6
CONTINUOUS
10
5.9997742125984255
20
-4.0839094488188978
11
6.0019888188976376
21
-4.0872237795275588
0
LINE
8
BLACK
6
CONTINUOUS
10
6.0019888188976376
20
-4.0872237795275588
11
6.0053030314960631
21
-4.0894383070866143
0
LINE
8
BLACK
6
CONTINUOUS
10
6.0053030314960631
20
-4.0894383070866143
11
6.0053031102362207
21
-4.089438346456693
0
LINE
8
BLACK
6
CONTINUOUS
10
6.0053031102362207
20
-4.089438346456693
11
6.008225708661417
21
-4.09001968503937
0
LINE
8
BLACK
6
CONTINUOUS
10
6.008225708661417
20
-4.09001968503937
11
6.0701994488188973
21
-4.0900196456692912
0
LINE
8
BLACK
6
CONTINUOUS
10
6.0701994488188973
20
-4.0900196456692912
11
6.0701995669291335
21
-4.0900196062992125
0
LINE
8
BLACK
6
CONTINUOUS
10
6.0701995669291335
20
-4.0900196062992125
11
6.0701997244094485
21
-4.0900196062992125
0
LINE
8
BLACK
6
CONTINUOUS
10
6.0701997244094485
20
-4.0900196062992125
11
6.0721388188976375
21
-4.0896338976377953
0
LINE
8
BLACK
6
CONTINUOUS
10
6.0721388188976375
20
-4.0896338976377953
11
6.0731220866141733
21
-4.089438346456693
0
LINE
8
BLACK
6
CONTINUOUS
10
6.0731220866141733
20
-4.089438346456693
11
6.0764363779527555
21
-4.0872237795275588
0
LINE
8
BLACK
6
CONTINUOUS
10
6.0764363779527555
20
-4.0872237795275588
11
6.0786509448818897
21
-4.0839094881889766
0
LINE
8
BLACK
6
CONTINUOUS
10
6.0786509448818897
20
-4.0839094881889766
11
6.0792322834645667
21
-4.0809868897637793
0
LINE
8
BLACK
6
CONTINUOUS
10
6.0792322834645667
20
-4.0809868897637793
11
6.0792322440944879
21
-4.0190131496062991
0
LINE
8
BLACK
6
CONTINUOUS
10
6.0792322440944879
20
-4.0190131496062991
11
6.0792322047244092
21
-4.0190129921259841
0
LINE
8
BLACK
6
CONTINUOUS
10
6.0792322047244092
20
-4.0190129921259841
11
6.0792322047244092
21
-4.0190128346456691
0
LINE
8
BLACK
6
CONTINUOUS
10
6.0792322047244092
20
-4.0190128346456691
11
6.0786509448818897
21
-4.0160905118110239
0
LINE
8
BLACK
6
CONTINUOUS
10
6.0786509448818897
20
-4.0160905118110239
11
6.0764363385826767
21
-4.0127761811023621
0
LINE
8
BLACK
6
CONTINUOUS
10
6.0764363385826767
20
-4.0127761811023621
11
6.0731221259842521
21
-4.0105616535433066
0
LINE
8
BLACK
6
CONTINUOUS
10
6.0731221259842521
20
-4.0105616535433066
11
6.070199488188976
21
-4.0099803149606297
0
LINE
8
BLACK
6
CONTINUOUS
10
6.070199488188976
20
-4.0099803149606297
11
6.0082258267716533
21
-4.0099803149606297
0
LINE
8
BLACK
6
CONTINUOUS
10
6.0082258267716533
20
-4.0099803149606297
11
6.0082254330708658
21
-4.0099803543307084
0
LINE
8
BLACK
6
CONTINUOUS
10
6.0082254330708658
20
-4.0099803543307084
11
6.0053031102362207
21
-4.0105616141732279
0
LINE
8
BLACK
6
CONTINUOUS
10
6.0053031102362207
20
-4.0105616141732279
11
6.0019887795275588
21
-4.0127762204724409
0
LINE
8
BLACK
6
CONTINUOUS
10
6.0019887795275588
20
-4.0127762204724409
11
5.9997742519685042
21
-4.0160904330708664
0
LINE
8
BLACK
6
CONTINUOUS
10
5.9997742519685042
20
-4.0160904330708664
11
5.9991929133858264
21
-4.0190129921259841
0
LINE
8
BLACK
6
CONTINUOUS
10
5.9991929133858264
20
-4.0190129921259841
11
5.9991929133858264
21
-4.0809867322834643
0
LINE
8
BLACK
6
CONTINUOUS
10
6.0995866141732282
20
-4.0809867322834643
11
6.099586653543307
21
-4.0809871259842518
0
LINE
8
BLACK
6
CONTINUOUS
10
6.099586653543307
20
-4.0809871259842518
11
6.1001679133858264
21
-4.0839094488188978
0
LINE
8
BLACK
6
CONTINUOUS
10
6.1001679133858264
20
-4.0839094488188978
11
6.1023825196850394
21
-4.0872237795275588
0
LINE
8
BLACK
6
CONTINUOUS
10
6.1023825196850394
20
-4.0872237795275588
11
6.1056967322834641
21
-4.0894383070866143
0
LINE
8
BLACK
6
CONTINUOUS
10
6.1056967322834641
20
-4.0894383070866143
11
6.1056968110236216
21
-4.089438346456693
0
LINE
8
BLACK
6
CONTINUOUS
10
6.1056968110236216
20
-4.089438346456693
11
6.1086194094488189
21
-4.09001968503937
0
LINE
8
BLACK
6
CONTINUOUS
10
6.1086194094488189
20
-4.09001968503937
11
6.1705931496062991
21
-4.0900196456692912
0
LINE
8
BLACK
6
CONTINUOUS
10
6.1705931496062991
20
-4.0900196456692912
11
6.1705932677165354
21
-4.0900196062992125
0
LINE
8
BLACK
6
CONTINUOUS
10
6.1705932677165354
20
-4.0900196062992125
11
6.1705934251968504
21
-4.0900196062992125
0
LINE
8
BLACK
6
CONTINUOUS
10
6.1705934251968504
20
-4.0900196062992125
11
6.1725325196850394
21
-4.0896338976377953
0
LINE
8
BLACK
6
CONTINUOUS
10
6.1725325196850394
20
-4.0896338976377953
11
6.1735157874015743
21
-4.089438346456693
0
LINE
8
BLACK
6
CONTINUOUS
10
6.1735157874015743
20
-4.089438346456693
11
6.1768300787401573
21
-4.0872237795275588
0
LINE
8
BLACK
6
CONTINUOUS
10
6.1768300787401573
20
-4.0872237795275588
11
6.1790446456692916
21
-4.0839094881889766
0
LINE
8
BLACK
6
CONTINUOUS
10
6.1790446456692916
20
-4.0839094881889766
11
6.1796259842519685
21
-4.0809868897637793
0
LINE
8
BLACK
6
CONTINUOUS
10
6.1796259842519685
20
-4.0809868897637793
11
6.1796259448818898
21
-4.0190131496062991
0
LINE
8
BLACK
6
CONTINUOUS
10
6.1796259448818898
20
-4.0190131496062991
11
6.179625905511811
21
-4.0190129921259841
0
LINE
8
BLACK
6
CONTINUOUS
10
6.179625905511811
20
-4.0190129921259841
11
6.179625905511811
21
-4.0190128346456691
0
LINE
8
BLACK
6
CONTINUOUS
10
6.179625905511811
20
-4.0190128346456691
11
6.1790446456692916
21
-4.0160905118110239
0
LINE
8
BLACK
6
CONTINUOUS
10
6.1790446456692916
20
-4.0160905118110239
11
6.1768300393700786
21
-4.0127761811023621
0
LINE
8
BLACK
6
CONTINUOUS
10
6.1768300393700786
20
-4.0127761811023621
11
6.173515826771653
21
-4.0105616535433066
0
LINE
8
BLACK
6
CONTINUOUS
10
6.173515826771653
20
-4.0105616535433066
11
6.1705931889763779
21
-4.0099803149606297
0
LINE
8
BLACK
6
CONTINUOUS
10
6.1705931889763779
20
-4.0099803149606297
11
6.1086195275590551
21
-4.0099803149606297
0
LINE
8
BLACK
6
CONTINUOUS
10
6.1086195275590551
20
-4.0099803149606297
11
6.1086191338582676
21
-4.0099803543307084
0
LINE
8
BLACK
6
CONTINUOUS
10
6.1086191338582676
20
-4.0099803543307084
11
6.1056968110236216
21
-4.0105616141732279
0
LINE
8
BLACK
6
CONTINUOUS
10
6.1056968110236216
20
-4.0105616141732279
11
6.1023824803149607
21
-4.0127762204724409
0
LINE
8
BLACK
6
CONTINUOUS
10
6.1023824803149607
20
-4.0127762204724409
11
6.1001679527559052
21
-4.0160904330708664
0
LINE
8
BLACK
6
CONTINUOUS
10
6.1001679527559052
20
-4.0160904330708664
11
6.0995866141732282
21
-4.0190129921259841
0
LINE
8
BLACK
6
CONTINUOUS
10
6.0995866141732282
20
-4.0190129921259841
11
6.0995866141732282
21
-4.0809867322834643
0
LINE
8
BLACK
6
CONTINUOUS
10
6.1999803149606301
20
-4.0809867322834643
11
6.1999803543307088
21
-4.0809871259842518
0
LINE
8
BLACK
6
CONTINUOUS
10
6.1999803543307088
20
-4.0809871259842518
11
6.2005616141732283
21
-4.0839094488188978
0
LINE
8
BLACK
6
CONTINUOUS
10
6.2005616141732283
20
-4.0839094488188978
11
6.2027762204724404
21
-4.0872237795275588
0
LINE
8
BLACK
6
CONTINUOUS
10
6.2027762204724404
20
-4.0872237795275588
11
6.2060904330708659
21
-4.0894383070866143
0
LINE
8
BLACK
6
CONTINUOUS
10
6.2060904330708659
20
-4.0894383070866143
11
6.2060905118110234
21
-4.089438346456693
0
LINE
8
BLACK
6
CONTINUOUS
10
6.2060905118110234
20
-4.089438346456693
11
6.2090131102362207
21
-4.09001968503937
0
LINE
8
BLACK
6
CONTINUOUS
10
6.2090131102362207
20
-4.09001968503937
11
6.270986850393701
21
-4.0900196456692912
0
LINE
8
BLACK
6
CONTINUOUS
10
6.270986850393701
20
-4.0900196456692912
11
6.2709869685039372
21
-4.0900196062992125
0
LINE
8
BLACK
6
CONTINUOUS
10
6.2709869685039372
20
-4.0900196062992125
11
6.2709871259842522
21
-4.0900196062992125
0
LINE
8
BLACK
6
CONTINUOUS
10
6.2709871259842522
20
-4.0900196062992125
11
6.2729262204724412
21
-4.0896338976377953
0
LINE
8
BLACK
6
CONTINUOUS
10
6.2729262204724412
20
-4.0896338976377953
11
6.2739094881889761
21
-4.089438346456693
0
LINE
8
BLACK
6
CONTINUOUS
10
6.2739094881889761
20
-4.089438346456693
11
6.2772237795275592
21
-4.0872237795275588
0
LINE
8
BLACK
6
CONTINUOUS
10
6.2772237795275592
20
-4.0872237795275588
11
6.2794383464566925
21
-4.0839094881889766
0
LINE
8
BLACK
6
CONTINUOUS
10
6.2794383464566925
20
-4.0839094881889766
11
6.2800196850393704
21
-4.0809868897637793
0
LINE
8
BLACK
6
CONTINUOUS
10
6.2800196850393704
20
-4.0809868897637793
11
6.2800196456692916
21
-4.0190131496062991
0
LINE
8
BLACK
6
CONTINUOUS
10
6.2800196456692916
20
-4.0190131496062991
11
6.2800196062992129
21
-4.0190129921259841
0
LINE
8
BLACK
6
CONTINUOUS
10
6.2800196062992129
20
-4.0190129921259841
11
6.2800196062992129
21
-4.0190128346456691
0
LINE
8
BLACK
6
CONTINUOUS
10
6.2800196062992129
20
-4.0190128346456691
11
6.2794383464566925
21
-4.0160905118110239
0
LINE
8
BLACK
6
CONTINUOUS
10
6.2794383464566925
20
-4.0160905118110239
11
6.2772237401574804
21
-4.0127761811023621
0
LINE
8
BLACK
6
CONTINUOUS
10
6.2772237401574804
20
-4.0127761811023621
11
6.2739095275590548
21
-4.0105616535433066
0
LINE
8
BLACK
6
CONTINUOUS
10
6.2739095275590548
20
-4.0105616535433066
11
6.2709868897637797
21
-4.0099803149606297
0
LINE
8
BLACK
6
CONTINUOUS
10
6.2709868897637797
20
-4.0099803149606297
11
6.209013228346457
21
-4.0099803149606297
0
LINE
8
BLACK
6
CONTINUOUS
10
6.209013228346457
20
-4.0099803149606297
11
6.2090128346456694
21
-4.0099803543307084
0
LINE
8
BLACK
6
CONTINUOUS
10
6.2090128346456694
20
-4.0099803543307084
11
6.2060905118110234
21
-4.0105616141732279
0
LINE
8
BLACK
6
CONTINUOUS
10
6.2060905118110234
20
-4.0105616141732279
11
6.2027761811023625
21
-4.0127762204724409
0
LINE
8
BLACK
6
CONTINUOUS
10
6.2027761811023625
20
-4.0127762204724409
11
6.200561653543307
21
-4.0160904330708664
0
LINE
8
BLACK
6
CONTINUOUS
10
6.200561653543307
20
-4.0160904330708664
11
6.1999803149606301
21
-4.0190129921259841
0
LINE
8
BLACK
6
CONTINUOUS
10
6.1999803149606301
20
-4.0190129921259841
11
6.1999803149606301
21
-4.0809867322834643
0
LINE
8
BLACK
6
CONTINUOUS
10
6.300374015748031
20
-4.0809867322834643
11
6.3003740551181098
21
-4.0809871259842518
0
LINE
8
BLACK
6
CONTINUOUS
10
6.3003740551181098
20
-4.0809871259842518
11
6.3009553149606301
21
-4.0839094488188978
0
LINE
8
BLACK
6
CONTINUOUS
10
6.3009553149606301
20
-4.0839094488188978
11
6.3031699212598422
21
-4.0872237795275588
0
LINE
8
BLACK
6
CONTINUOUS
10
6.3031699212598422
20
-4.0872237795275588
11
6.3064841338582678
21
-4.0894383070866143
0
LINE
8
BLACK
6
CONTINUOUS
10
6.3064841338582678
20
-4.0894383070866143
11
6.3064842125984253
21
-4.089438346456693
0
LINE
8
BLACK
6
CONTINUOUS
10
6.3064842125984253
20
-4.089438346456693
11
6.3094068110236217
21
-4.09001968503937
0
LINE
8
BLACK
6
CONTINUOUS
10
6.3094068110236217
20
-4.09001968503937
11
6.3713805511811019
21
-4.0900196456692912
0
LINE
8
BLACK
6
CONTINUOUS
10
6.3713805511811019
20
-4.0900196456692912
11
6.3713806692913382
21
-4.0900196062992125
0
LINE
8
BLACK
6
CONTINUOUS
10
6.3713806692913382
20
-4.0900196062992125
11
6.3713808267716532
21
-4.0900196062992125
0
LINE
8
BLACK
6
CONTINUOUS
10
6.3713808267716532
20
-4.0900196062992125
11
6.3733199212598421
21
-4.0896338976377953
0
LINE
8
BLACK
6
CONTINUOUS
10
6.3733199212598421
20
-4.0896338976377953
11
6.3743031889763779
21
-4.089438346456693
0
LINE
8
BLACK
6
CONTINUOUS
10
6.3743031889763779
20
-4.089438346456693
11
6.3776174803149601
21
-4.0872237795275588
0
LINE
8
BLACK
6
CONTINUOUS
10
6.3776174803149601
20
-4.0872237795275588
11
6.3798320472440944
21
-4.0839094881889766
0
LINE
8
BLACK
6
CONTINUOUS
10
6.3798320472440944
20
-4.0839094881889766
11
6.3804133858267713
21
-4.0809868897637793
0
LINE
8
BLACK
6
CONTINUOUS
10
6.3804133858267713
20
-4.0809868897637793
11
6.3804133464566926
21
-4.0190131496062991
0
LINE
8
BLACK
6
CONTINUOUS
10
6.3804133464566926
20
-4.0190131496062991
11
6.3804133070866138
21
-4.0190129921259841
0
LINE
8
BLACK
6
CONTINUOUS
10
6.3804133070866138
20
-4.0190129921259841
11
6.3804133070866138
21
-4.0190128346456691
0
LINE
8
BLACK
6
CONTINUOUS
10
6.3804133070866138
20
-4.0190128346456691
11
6.3798320472440944
21
-4.0160905118110239
0
LINE
8
BLACK
6
CONTINUOUS
10
6.3798320472440944
20
-4.0160905118110239
11
6.3776174409448814
21
-4.0127761811023621
0
LINE
8
BLACK
6
CONTINUOUS
10
6.3776174409448814
20
-4.0127761811023621
11
6.3743032283464567
21
-4.0105616535433066
0
LINE
8
BLACK
6
CONTINUOUS
10
6.3743032283464567
20
-4.0105616535433066
11
6.3713805905511807
21
-4.0099803149606297
0
LINE
8
BLACK
6
CONTINUOUS
10
6.3713805905511807
20
-4.0099803149606297
11
6.3094069291338579
21
-4.0099803149606297
0
LINE
8
BLACK
6
CONTINUOUS
10
6.3094069291338579
20
-4.0099803149606297
11
6.3094065354330704
21
-4.0099803543307084
0
LINE
8
BLACK
6
CONTINUOUS
10
6.3094065354330704
20
-4.0099803543307084
11
6.3064842125984253
21
-4.0105616141732279
0
LINE
8
BLACK
6
CONTINUOUS
10
6.3064842125984253
20
-4.0105616141732279
11
6.3031698818897635
21
-4.0127762204724409
0
LINE
8
BLACK
6
CONTINUOUS
10
6.3031698818897635
20
-4.0127762204724409
11
6.3009553543307089
21
-4.0160904330708664
0
LINE
8
BLACK
6
CONTINUOUS
10
6.3009553543307089
20
-4.0160904330708664
11
6.300374015748031
21
-4.0190129921259841
0
LINE
8
BLACK
6
CONTINUOUS
10
6.300374015748031
20
-4.0190129921259841
11
6.300374015748031
21
-4.0809867322834643
0
LINE
8
BLACK
6
CONTINUOUS
10
6.4007677165354329
20
-4.0809867322834643
11
6.4007677559055116
21
-4.0809871259842518
0
LINE
8
BLACK
6
CONTINUOUS
10
6.4007677559055116
20
-4.0809871259842518
11
6.4013490157480311
21
-4.0839094488188978
0
LINE
8
BLACK
6
CONTINUOUS
10
6.4013490157480311
20
-4.0839094488188978
11
6.4035636220472441
21
-4.0872237795275588
0
LINE
8
BLACK
6
CONTINUOUS
10
6.4035636220472441
20
-4.0872237795275588
11
6.4068778346456687
21
-4.0894383070866143
0
LINE
8
BLACK
6
CONTINUOUS
10
6.4068778346456687
20
-4.0894383070866143
11
6.4068779133858262
21
-4.089438346456693
0
LINE
8
BLACK
6
CONTINUOUS
10
6.4068779133858262
20
-4.089438346456693
11
6.4098005118110235
21
-4.09001968503937
0
LINE
8
BLACK
6
CONTINUOUS
10
6.4098005118110235
20
-4.09001968503937
11
6.4717742519685038
21
-4.0900196456692912
0
LINE
8
BLACK
6
CONTINUOUS
10
6.4717742519685038
20
-4.0900196456692912
11
6.47177437007874
21
-4.0900196062992125
0
LINE
8
BLACK
6
CONTINUOUS
10
6.47177437007874
20
-4.0900196062992125
11
6.471774527559055
21
-4.0900196062992125
0
LINE
8
BLACK
6
CONTINUOUS
10
6.471774527559055
20
-4.0900196062992125
11
6.473713622047244
21
-4.0896338976377953
0
LINE
8
BLACK
6
CONTINUOUS
10
6.473713622047244
20
-4.0896338976377953
11
6.4746968897637798
21
-4.089438346456693
0
LINE
8
BLACK
6
CONTINUOUS
10
6.4746968897637798
20
-4.089438346456693
11
6.478011181102362
21
-4.0872237795275588
0
LINE
8
BLACK
6
CONTINUOUS
10
6.478011181102362
20
-4.0872237795275588
11
6.4802257480314962
21
-4.0839094881889766
0
LINE
8
BLACK
6
CONTINUOUS
10
6.4802257480314962
20
-4.0839094881889766
11
6.4808070866141732
21
-4.0809868897637793
0
LINE
8
BLACK
6
CONTINUOUS
10
6.4808070866141732
20
-4.0809868897637793
11
6.4808070472440944
21
-4.0190131496062991
0
LINE
8
BLACK
6
CONTINUOUS
10
6.4808070472440944
20
-4.0190131496062991
11
6.4808070078740156
21
-4.0190129921259841
0
LINE
8
BLACK
6
CONTINUOUS
10
6.4808070078740156
20
-4.0190129921259841
11
6.4808070078740156
21
-4.0190128346456691
0
LINE
8
BLACK
6
CONTINUOUS
10
6.4808070078740156
20
-4.0190128346456691
11
6.4802257480314962
21
-4.0160905118110239
0
LINE
8
BLACK
6
CONTINUOUS
10
6.4802257480314962
20
-4.0160905118110239
11
6.4780111417322832
21
-4.0127761811023621
0
LINE
8
BLACK
6
CONTINUOUS
10
6.4780111417322832
20
-4.0127761811023621
11
6.4746969291338585
21
-4.0105616535433066
0
LINE
8
BLACK
6
CONTINUOUS
10
6.4746969291338585
20
-4.0105616535433066
11
6.4717742913385825
21
-4.0099803149606297
0
LINE
8
BLACK
6
CONTINUOUS
10
6.4717742913385825
20
-4.0099803149606297
11
6.4098006299212598
21
-4.0099803149606297
0
LINE
8
BLACK
6
CONTINUOUS
10
6.4098006299212598
20
-4.0099803149606297
11
6.4098002362204722
21
-4.0099803543307084
0
LINE
8
BLACK
6
CONTINUOUS
10
6.4098002362204722
20
-4.0099803543307084
11
6.4068779133858262
21
-4.0105616141732279
0
LINE
8
BLACK
6
CONTINUOUS
10
6.4068779133858262
20
-4.0105616141732279
11
6.4035635826771653
21
-4.0127762204724409
0
LINE
8
BLACK
6
CONTINUOUS
10
6.4035635826771653
20
-4.0127762204724409
11
6.4013490551181098
21
-4.0160904330708664
0
LINE
8
BLACK
6
CONTINUOUS
10
6.4013490551181098
20
-4.0160904330708664
11
6.4007677165354329
21
-4.0190129921259841
0
LINE
8
BLACK
6
CONTINUOUS
10
6.4007677165354329
20
-4.0190129921259841
11
6.4007677165354329
21
-4.0809867322834643
0
LINE
8
BLACK
6
CONTINUOUS
10
6.5387992125984251
20
-4.0809867322834643
11
6.5387992519685039
21
-4.0809871259842518
0
LINE
8
BLACK
6
CONTINUOUS
10
6.5387992519685039
20
-4.0809871259842518
11
6.5393805118110233
21
-4.0839094488188978
0
LINE
8
BLACK
6
CONTINUOUS
10
6.5393805118110233
20
-4.0839094488188978
11
6.5415951181102363
21
-4.0872237795275588
0
LINE
8
BLACK
6
CONTINUOUS
10
6.5415951181102363
20
-4.0872237795275588
11
6.544909330708661
21
-4.0894383070866143
0
LINE
8
BLACK
6
CONTINUOUS
10
6.544909330708661
20
-4.0894383070866143
11
6.5449094094488185
21
-4.089438346456693
0
LINE
8
BLACK
6
CONTINUOUS
10
6.5449094094488185
20
-4.089438346456693
11
6.5478320078740158
21
-4.09001968503937
0
LINE
8
BLACK
6
CONTINUOUS
10
6.5478320078740158
20
-4.09001968503937
11
6.609805748031496
21
-4.0900196456692912
0
LINE
8
BLACK
6
CONTINUOUS
10
6.609805748031496
20
-4.0900196456692912
11
6.6098058661417323
21
-4.0900196062992125
0
LINE
8
BLACK
6
CONTINUOUS
10
6.6098058661417323
20
-4.0900196062992125
11
6.6098060236220473
21
-4.0900196062992125
0
LINE
8
BLACK
6
CONTINUOUS
10
6.6098060236220473
20
-4.0900196062992125
11
6.6117451181102362
21
-4.0896338976377953
0
LINE
8
BLACK
6
CONTINUOUS
10
6.6117451181102362
20
-4.0896338976377953
11
6.6127283858267711
21
-4.089438346456693
0
LINE
8
BLACK
6
CONTINUOUS
10
6.6127283858267711
20
-4.089438346456693
11
6.6160426771653542
21
-4.0872237795275588
0
LINE
8
BLACK
6
CONTINUOUS
10
6.6160426771653542
20
-4.0872237795275588
11
6.6182572440944885
21
-4.0839094881889766
0
LINE
8
BLACK
6
CONTINUOUS
10
6.6182572440944885
20
-4.0839094881889766
11
6.6188385826771654
21
-4.0809868897637793
0
LINE
8
BLACK
6
CONTINUOUS
10
6.6188385826771654
20
-4.0809868897637793
11
6.6188385433070867
21
-4.0190131496062991
0
LINE
8
BLACK
6
CONTINUOUS
10
6.6188385433070867
20
-4.0190131496062991
11
6.6188385039370079
21
-4.0190129921259841
0
LINE
8
BLACK
6
CONTINUOUS
10
6.6188385039370079
20
-4.0190129921259841
11
6.6188385039370079
21
-4.0190128346456691
0
LINE
8
BLACK
6
CONTINUOUS
10
6.6188385039370079
20
-4.0190128346456691
11
6.6182572440944885
21
-4.0160905118110239
0
LINE
8
BLACK
6
CONTINUOUS
10
6.6182572440944885
20
-4.0160905118110239
11
6.6160426377952755
21
-4.0127761811023621
0
LINE
8
BLACK
6
CONTINUOUS
10
6.6160426377952755
20
-4.0127761811023621
11
6.6127284251968499
21
-4.0105616535433066
0
LINE
8
BLACK
6
CONTINUOUS
10
6.6127284251968499
20
-4.0105616535433066
11
6.6098057874015748
21
-4.0099803149606297
0
LINE
8
BLACK
6
CONTINUOUS
10
6.6098057874015748
20
-4.0099803149606297
11
6.547832125984252
21
-4.0099803149606297
0
LINE
8
BLACK
6
CONTINUOUS
10
6.547832125984252
20
-4.0099803149606297
11
6.5478317322834645
21
-4.0099803543307084
0
LINE
8
BLACK
6
CONTINUOUS
10
6.5478317322834645
20
-4.0099803543307084
11
6.5449094094488185
21
-4.0105616141732279
0
LINE
8
BLACK
6
CONTINUOUS
10
6.5449094094488185
20
-4.0105616141732279
11
6.5415950787401576
21
-4.0127762204724409
0
LINE
8
BLACK
6
CONTINUOUS
10
6.5415950787401576
20
-4.0127762204724409
11
6.5393805511811021
21
-4.0160904330708664
0
LINE
8
BLACK
6
CONTINUOUS
10
6.5393805511811021
20
-4.0160904330708664
11
6.5387992125984251
21
-4.0190129921259841
0
LINE
8
BLACK
6
CONTINUOUS
10
6.5387992125984251
20
-4.0190129921259841
11
6.5387992125984251
21
-4.0809867322834643
0
LINE
8
BLACK
6
CONTINUOUS
10
6.639192913385827
20
-4.0809867322834643
11
6.6391929527559057
21
-4.0809871259842518
0
LINE
8
BLACK
6
CONTINUOUS
10
6.6391929527559057
20
-4.0809871259842518
11
6.6397742125984252
21
-4.0839094488188978
0
LINE
8
BLACK
6
CONTINUOUS
10
6.6397742125984252
20
-4.0839094488188978
11
6.6419888188976373
21
-4.0872237795275588
0
LINE
8
BLACK
6
CONTINUOUS
10
6.6419888188976373
20
-4.0872237795275588
11
6.6453030314960628
21
-4.0894383070866143
0
LINE
8
BLACK
6
CONTINUOUS
10
6.6453030314960628
20
-4.0894383070866143
11
6.6453031102362203
21
-4.089438346456693
0
LINE
8
BLACK
6
CONTINUOUS
10
6.6453031102362203
20
-4.089438346456693
11
6.6482257086614176
21
-4.09001968503937
0
LINE
8
BLACK
6
CONTINUOUS
10
6.6482257086614176
20
-4.09001968503937
11
6.7101994488188978
21
-4.0900196456692912
0
LINE
8
BLACK
6
CONTINUOUS
10
6.7101994488188978
20
-4.0900196456692912
11
6.7101995669291341
21
-4.0900196062992125
0
LINE
8
BLACK
6
CONTINUOUS
10
6.7101995669291341
20
-4.0900196062992125
11
6.7101997244094482
21
-4.0900196062992125
0
LINE
8
BLACK
6
CONTINUOUS
10
6.7101997244094482
20
-4.0900196062992125
11
6.7121388188976381
21
-4.0896338976377953
0
LINE
8
BLACK
6
CONTINUOUS
10
6.7121388188976381
20
-4.0896338976377953
11
6.713122086614173
21
-4.089438346456693
0
LINE
8
BLACK
6
CONTINUOUS
10
6.713122086614173
20
-4.089438346456693
11
6.7164363779527561
21
-4.0872237795275588
0
LINE
8
BLACK
6
CONTINUOUS
10
6.7164363779527561
20
-4.0872237795275588
11
6.7186509448818894
21
-4.0839094881889766
0
LINE
8
BLACK
6
CONTINUOUS
10
6.7186509448818894
20
-4.0839094881889766
11
6.7192322834645664
21
-4.0809868897637793
0
LINE
8
BLACK
6
CONTINUOUS
10
6.7192322834645664
20
-4.0809868897637793
11
6.7192322440944876
21
-4.0190131496062991
0
LINE
8
BLACK
6
CONTINUOUS
10
6.7192322440944876
20
-4.0190131496062991
11
6.7192322047244089
21
-4.0190129921259841
0
LINE
8
BLACK
6
CONTINUOUS
10
6.7192322047244089
20
-4.0190129921259841
11
6.7192322047244089
21
-4.0190128346456691
0
LINE
8
BLACK
6
CONTINUOUS
10
6.7192322047244089
20
-4.0190128346456691
11
6.7186509448818894
21
-4.0160905118110239
0
LINE
8
BLACK
6
CONTINUOUS
10
6.7186509448818894
20
-4.0160905118110239
11
6.7164363385826773
21
-4.0127761811023621
0
LINE
8
BLACK
6
CONTINUOUS
10
6.7164363385826773
20
-4.0127761811023621
11
6.7131221259842517
21
-4.0105616535433066
0
LINE
8
BLACK
6
CONTINUOUS
10
6.7131221259842517
20
-4.0105616535433066
11
6.7101994881889766
21
-4.0099803149606297
0
LINE
8
BLACK
6
CONTINUOUS
10
6.7101994881889766
20
-4.0099803149606297
11
6.648225826771653
21
-4.0099803149606297
0
LINE
8
BLACK
6
CONTINUOUS
10
6.648225826771653
20
-4.0099803149606297
11
6.6482254330708663
21
-4.0099803543307084
0
LINE
8
BLACK
6
CONTINUOUS
10
6.6482254330708663
20
-4.0099803543307084
11
6.6453031102362203
21
-4.0105616141732279
0
LINE
8
BLACK
6
CONTINUOUS
10
6.6453031102362203
20
-4.0105616141732279
11
6.6419887795275585
21
-4.0127762204724409
0
LINE
8
BLACK
6
CONTINUOUS
10
6.6419887795275585
20
-4.0127762204724409
11
6.6397742519685039
21
-4.0160904330708664
0
LINE
8
BLACK
6
CONTINUOUS
10
6.6397742519685039
20
-4.0160904330708664
11
6.639192913385827
21
-4.0190129921259841
0
LINE
8
BLACK
6
CONTINUOUS
10
6.639192913385827
20
-4.0190129921259841
11
6.639192913385827
21
-4.0809867322834643
0
LINE
8
BLACK
6
CONTINUOUS
10
6.7395866141732279
20
-4.0809867322834643
11
6.7395866535433067
21
-4.0809871259842518
0
LINE
8
BLACK
6
CONTINUOUS
10
6.7395866535433067
20
-4.0809871259842518
11
6.740167913385827
21
-4.0839094488188978
0
LINE
8
BLACK
6
CONTINUOUS
10
6.740167913385827
20
-4.0839094488188978
11
6.7423825196850391
21
-4.0872237795275588
0
LINE
8
BLACK
6
CONTINUOUS
10
6.7423825196850391
20
-4.0872237795275588
11
6.7456967322834647
21
-4.0894383070866143
0
LINE
8
BLACK
6
CONTINUOUS
10
6.7456967322834647
20
-4.0894383070866143
11
6.7456968110236222
21
-4.089438346456693
0
LINE
8
BLACK
6
CONTINUOUS
10
6.7456968110236222
20
-4.089438346456693
11
6.7486194094488186
21
-4.09001968503937
0
LINE
8
BLACK
6
CONTINUOUS
10
6.7486194094488186
20
-4.09001968503937
11
6.8105931496062988
21
-4.0900196456692912
0
LINE
8
BLACK
6
CONTINUOUS
10
6.8105931496062988
20
-4.0900196456692912
11
6.8105932677165351
21
-4.0900196062992125
0
LINE
8
BLACK
6
CONTINUOUS
10
6.8105932677165351
20
-4.0900196062992125
11
6.8105934251968501
21
-4.0900196062992125
0
LINE
8
BLACK
6
CONTINUOUS
10
6.8105934251968501
20
-4.0900196062992125
11
6.812532519685039
21
-4.0896338976377953
0
LINE
8
BLACK
6
CONTINUOUS
10
6.812532519685039
20
-4.0896338976377953
11
6.8135157874015748
21
-4.089438346456693
0
LINE
8
BLACK
6
CONTINUOUS
10
6.8135157874015748
20
-4.089438346456693
11
6.816830078740157
21
-4.0872237795275588
0
LINE
8
BLACK
6
CONTINUOUS
10
6.816830078740157
20
-4.0872237795275588
11
6.8190446456692912
21
-4.0839094881889766
0
LINE
8
BLACK
6
CONTINUOUS
10
6.8190446456692912
20
-4.0839094881889766
11
6.8196259842519682
21
-4.0809868897637793
0
LINE
8
BLACK
6
CONTINUOUS
10
6.8196259842519682
20
-4.0809868897637793
11
6.8196259448818894
21
-4.0190131496062991
0
LINE
8
BLACK
6
CONTINUOUS
10
6.8196259448818894
20
-4.0190131496062991
11
6.8196259055118107
21
-4.0190129921259841
0
LINE
8
BLACK
6
CONTINUOUS
10
6.8196259055118107
20
-4.0190129921259841
11
6.8196259055118107
21
-4.0190128346456691
0
LINE
8
BLACK
6
CONTINUOUS
10
6.8196259055118107
20
-4.0190128346456691
11
6.8190446456692912
21
-4.0160905118110239
0
LINE
8
BLACK
6
CONTINUOUS
10
6.8190446456692912
20
-4.0160905118110239
11
6.8168300393700783
21
-4.0127761811023621
0
LINE
8
BLACK
6
CONTINUOUS
10
6.8168300393700783
20
-4.0127761811023621
11
6.8135158267716536
21
-4.0105616535433066
0
LINE
8
BLACK
6
CONTINUOUS
10
6.8135158267716536
20
-4.0105616535433066
11
6.8105931889763776
21
-4.0099803149606297
0
LINE
8
BLACK
6
CONTINUOUS
10
6.8105931889763776
20
-4.0099803149606297
11
6.7486195275590548
21
-4.0099803149606297
0
LINE
8
BLACK
6
CONTINUOUS
10
6.7486195275590548
20
-4.0099803149606297
11
6.7486191338582673
21
-4.0099803543307084
0
LINE
8
BLACK
6
CONTINUOUS
10
6.7486191338582673
20
-4.0099803543307084
11
6.7456968110236222
21
-4.0105616141732279
0
LINE
8
BLACK
6
CONTINUOUS
10
6.7456968110236222
20
-4.0105616141732279
11
6.7423824803149603
21
-4.0127762204724409
0
LINE
8
BLACK
6
CONTINUOUS
10
6.7423824803149603
20
-4.0127762204724409
11
6.7401679527559057
21
-4.0160904330708664
0
LINE
8
BLACK
6
CONTINUOUS
10
6.7401679527559057
20
-4.0160904330708664
11
6.7395866141732279
21
-4.0190129921259841
0
LINE
8
BLACK
6
CONTINUOUS
10
6.7395866141732279
20
-4.0190129921259841
11
6.7395866141732279
21
-4.0809867322834643
0
LINE
8
BLACK
6
CONTINUOUS
10
6.8399803149606297
20
-4.0809867322834643
11
6.8399803543307085
21
-4.0809871259842518
0
LINE
8
BLACK
6
CONTINUOUS
10
6.8399803543307085
20
-4.0809871259842518
11
6.8405616141732279
21
-4.0839094488188978
0
LINE
8
BLACK
6
CONTINUOUS
10
6.8405616141732279
20
-4.0839094488188978
11
6.8427762204724409
21
-4.0872237795275588
0
LINE
8
BLACK
6
CONTINUOUS
10
6.8427762204724409
20
-4.0872237795275588
11
6.8460904330708656
21
-4.0894383070866143
0
LINE
8
BLACK
6
CONTINUOUS
10
6.8460904330708656
20
-4.0894383070866143
11
6.8460905118110231
21
-4.089438346456693
0
LINE
8
BLACK
6
CONTINUOUS
10
6.8460905118110231
20
-4.089438346456693
11
6.8490131102362204
21
-4.09001968503937
0
LINE
8
BLACK
6
CONTINUOUS
10
6.8490131102362204
20
-4.09001968503937
11
6.9109868503937006
21
-4.0900196456692912
0
LINE
8
BLACK
6
CONTINUOUS
10
6.9109868503937006
20
-4.0900196456692912
11
6.9109869685039369
21
-4.0900196062992125
0
LINE
8
BLACK
6
CONTINUOUS
10
6.9109869685039369
20
-4.0900196062992125
11
6.9109871259842519
21
-4.0900196062992125
0
LINE
8
BLACK
6
CONTINUOUS
10
6.9109871259842519
20
-4.0900196062992125
11
6.9129262204724409
21
-4.0896338976377953
0
LINE
8
BLACK
6
CONTINUOUS
10
6.9129262204724409
20
-4.0896338976377953
11
6.9139094881889767
21
-4.089438346456693
0
LINE
8
BLACK
6
CONTINUOUS
10
6.9139094881889767
20
-4.089438346456693
11
6.9172237795275588
21
-4.0872237795275588
0
LINE
8
BLACK
6
CONTINUOUS
10
6.9172237795275588
20
-4.0872237795275588
11
6.9194383464566931
21
-4.0839094881889766
0
LINE
8
BLACK
6
CONTINUOUS
10
6.9194383464566931
20
-4.0839094881889766
11
6.92001968503937
21
-4.0809868897637793
0
LINE
8
BLACK
6
CONTINUOUS
10
6.92001968503937
20
-4.0809868897637793
11
6.9200196456692913
21
-4.0190131496062991
0
LINE
8
BLACK
6
CONTINUOUS
10
6.9200196456692913
20
-4.0190131496062991
11
6.9200196062992125
21
-4.0190129921259841
0
LINE
8
BLACK
6
CONTINUOUS
10
6.9200196062992125
20
-4.0190129921259841
11
6.9200196062992125
21
-4.0190128346456691
0
LINE
8
BLACK
6
CONTINUOUS
10
6.9200196062992125
20
-4.0190128346456691
11
6.9194383464566931
21
-4.0160905118110239
0
LINE
8
BLACK
6
CONTINUOUS
10
6.9194383464566931
20
-4.0160905118110239
11
6.9172237401574801
21
-4.0127761811023621
0
LINE
8
BLACK
6
CONTINUOUS
10
6.9172237401574801
20
-4.0127761811023621
11
6.9139095275590545
21
-4.0105616535433066
0
LINE
8
BLACK
6
CONTINUOUS
10
6.9139095275590545
20
-4.0105616535433066
11
6.9109868897637794
21
-4.0099803149606297
0
LINE
8
BLACK
6
CONTINUOUS
10
6.9109868897637794
20
-4.0099803149606297
11
6.8490132283464566
21
-4.0099803149606297
0
LINE
8
BLACK
6
CONTINUOUS
10
6.8490132283464566
20
-4.0099803149606297
11
6.8490128346456691
21
-4.0099803543307084
0
LINE
8
BLACK
6
CONTINUOUS
10
6.8490128346456691
20
-4.0099803543307084
11
6.8460905118110231
21
-4.0105616141732279
0
LINE
8
BLACK
6
CONTINUOUS
10
6.8460905118110231
20
-4.0105616141732279
11
6.8427761811023622
21
-4.0127762204724409
0
LINE
8
BLACK
6
CONTINUOUS
10
6.8427761811023622
20
-4.0127762204724409
11
6.8405616535433067
21
-4.0160904330708664
0
LINE
8
BLACK
6
CONTINUOUS
10
6.8405616535433067
20
-4.0160904330708664
11
6.8399803149606297
21
-4.0190129921259841
0
LINE
8
BLACK
6
CONTINUOUS
10
6.8399803149606297
20
-4.0190129921259841
11
6.8399803149606297
21
-4.0809867322834643
0
LINE
8
BLACK
6
CONTINUOUS
10
5.6857049606299208
20
-4.0002561023622043
11
5.6803163385826769
21
-4.0022659448818896
0
LINE
8
BLACK
6
CONTINUOUS
10
5.6803163385826769
20
-4.0022659448818896
11
5.6803162992125982
21
-4.0022659448818896
0
LINE
8
BLACK
6
CONTINUOUS
10
5.6803162992125982
20
-4.0022659448818896
11
5.6757124015748026
21
-4.0057124015748027
0
LINE
8
BLACK
6
CONTINUOUS
10
5.6757124015748026
20
-4.0057124015748027
11
5.6722659448818895
21
-4.0103162992125982
0
LINE
8
BLACK
6
CONTINUOUS
10
5.6722659448818895
20
-4.0103162992125982
11
5.6722659448818895
21
-4.010316338582677
0
LINE
8
BLACK
6
CONTINUOUS
10
5.6722659448818895
20
-4.010316338582677
11
5.6702561023622042
21
-4.0157049606299209
0
LINE
8
BLACK
6
CONTINUOUS
10
5.6702561023622042
20
-4.0157049606299209
11
5.6699999999999999
21
-4.0180866929133856
0
LINE
8
BLACK
6
CONTINUOUS
10
5.6699999999999999
20
-4.0180866929133856
11
5.6699999999999999
21
-4.04
0
LINE
8
BLACK
6
CONTINUOUS
10
5.6699999999999999
20
-4.04
11
5.6899999999999995
21
-4.04
0
LINE
8
BLACK
6
CONTINUOUS
10
5.6899999999999995
20
-4.04
11
5.6899999999999995
21
-4.0199999999999996
0
LINE
8
BLACK
6
CONTINUOUS
10
5.6899999999999995
20
-4.0199999999999996
11
5.71
21
-4.0199999999999996
0
LINE
8
BLACK
6
CONTINUOUS
10
5.71
20
-4.0199999999999996
11
5.71
21
-4.
0
LINE
8
BLACK
6
CONTINUOUS
10
5.71
20
-4.
11
5.6880866929133855
21
-4.
0
LINE
8
BLACK
6
CONTINUOUS
10
5.6880866929133855
20
-4.
11
5.6857049606299208
21
-4.0002561023622043
0
LINE
8
BLACK
6
CONTINUOUS
10
5.3799999999999999
20
-4.4699999999999998
11
5.3999999999999995
21
-4.4699999999999998
0
LINE
8
BLACK
6
CONTINUOUS
10
5.3999999999999995
20
-4.4699999999999998
11
5.3999999999999995
21
-4.4500000000000002
0
LINE
8
BLACK
6
CONTINUOUS
10
5.3999999999999995
20
-4.4500000000000002
11
5.4199999999999999
21
-4.4500000000000002
0
LINE
8
BLACK
6
CONTINUOUS
10
5.4199999999999999
20
-4.4500000000000002
11
5.4199999999999999
21
-4.4299999999999997
0
LINE
8
BLACK
6
CONTINUOUS
10
5.4199999999999999
20
-4.4299999999999997
11
5.3980866929133855
21
-4.4299999999999997
0
LINE
8
BLACK
6
CONTINUOUS
10
5.3980866929133855
20
-4.4299999999999997
11
5.3957049606299208
21
-4.4302561023622049
0
LINE
8
BLACK
6
CONTINUOUS
10
5.3957049606299208
20
-4.4302561023622049
11
5.3903163385826769
21
-4.4322659448818893
0
LINE
8
BLACK
6
CONTINUOUS
10
5.3903163385826769
20
-4.4322659448818893
11
5.3903162992125981
21
-4.4322659448818893
0
LINE
8
BLACK
6
CONTINUOUS
10
5.3903162992125981
20
-4.4322659448818893
11
5.3857124015748035
21
-4.4357124015748033
0
LINE
8
BLACK
6
CONTINUOUS
10
5.3857124015748035
20
-4.4357124015748033
11
5.3822659448818895
21
-4.440316299212598
0
LINE
8
BLACK
6
CONTINUOUS
10
5.3822659448818895
20
-4.440316299212598
11
5.3822659448818895
21
-4.4403163385826767
0
LINE
8
BLACK
6
CONTINUOUS
10
5.3822659448818895
20
-4.4403163385826767
11
5.3802561023622042
21
-4.4457049606299215
0
LINE
8
BLACK
6
CONTINUOUS
10
5.3802561023622042
20
-4.4457049606299215
11
5.3799999999999999
21
-4.4480866929133853
0
LINE
8
BLACK
6
CONTINUOUS
10
5.3799999999999999
20
-4.4480866929133853
11
5.3799999999999999
21
-4.4699999999999998
0
LINE
8
BLACK
6
CONTINUOUS
10
5.8700000000000001
20
-4.04
11
5.8899999999999997
21
-4.04
0
LINE
8
BLACK
6
CONTINUOUS
10
5.8899999999999997
20
-4.04
11
5.8899999999999997
21
-4.0199999999999996
0
LINE
8
BLACK
6
CONTINUOUS
10
5.8899999999999997
20
-4.0199999999999996
11
5.9100000000000001
21
-4.0199999999999996
0
LINE
8
BLACK
6
CONTINUOUS
10
5.9100000000000001
20
-4.0199999999999996
11
5.9100000000000001
21
-4.
0
LINE
8
BLACK
6
CONTINUOUS
10
5.9100000000000001
20
-4.
11
5.8880866929133857
21
-4.
0
LINE
8
BLACK
6
CONTINUOUS
10
5.8880866929133857
20
-4.
11
5.885704960629921
21
-4.0002561023622043
0
LINE
8
BLACK
6
CONTINUOUS
10
5.885704960629921
20
-4.0002561023622043
11
5.8803163385826771
21
-4.0022659448818896
0
LINE
8
BLACK
6
CONTINUOUS
10
5.8803163385826771
20
-4.0022659448818896
11
5.8803162992125984
21
-4.0022659448818896
0
LINE
8
BLACK
6
CONTINUOUS
10
5.8803162992125984
20
-4.0022659448818896
11
5.8757124015748028
21
-4.0057124015748027
0
LINE
8
BLACK
6
CONTINUOUS
10
5.8757124015748028
20
-4.0057124015748027
11
5.8722659448818897
21
-4.0103162992125982
0
LINE
8
BLACK
6
CONTINUOUS
10
5.8722659448818897
20
-4.0103162992125982
11
5.8722659448818897
21
-4.010316338582677
0
LINE
8
BLACK
6
CONTINUOUS
10
5.8722659448818897
20
-4.010316338582677
11
5.8702561023622044
21
-4.0157049606299209
0
LINE
8
BLACK
6
CONTINUOUS
10
5.8702561023622044
20
-4.0157049606299209
11
5.8700000000000001
21
-4.0180866929133856
0
LINE
8
BLACK
6
CONTINUOUS
10
5.8700000000000001
20
-4.0180866929133856
11
5.8700000000000001
21
-4.04
0
CIRCLE
8
BLACK
10
5.5
20
-4.0999999999999996
40
0.0068897637795276
0
CIRCLE
8
BLACK
10
7.0999999999999996
20
-4.8999999999999995
40
0.0068897637795276
0
CIRCLE
8
BLACK
10
5.4299999999999997
20
-4.6799999999999997
40
0.0068897637795276
0
CIRCLE
8
BLACK
10
5.5300000000000002
20
-4.6799999999999997
40
0.0068897637795276
0
CIRCLE
8
BLACK
10
6.5788188976377953
20
-4.1499999999999995
40
0.0068897637795276
0
CIRCLE
8
BLACK
10
6.5788188976377953
20
-4.0499999999999998
40
0.0068897637795276
0
CIRCLE
8
BLACK
10
6.7796062992125981
20
-4.1499999999999995
40
0.0068897637795276
0
CIRCLE
8
BLACK
10
6.7796062992125981
20
-4.0499999999999998
40
0.0068897637795276
0
CIRCLE
8
BLACK
10
6.440787401574803
20
-4.1499999999999995
40
0.0068897637795276
0
CIRCLE
8
BLACK
10
6.440787401574803
20
-4.0499999999999998
40
0.0068897637795276
0
CIRCLE
8
BLACK
10
7.0620000000000003
20
-4.5
40
0.0068897637795276
0
CIRCLE
8
BLACK
10
6.9619999999999997
20
-4.5999999999999996
40
0.0068897637795276
0
CIRCLE
8
BLACK
10
7.1619999999999999
20
-4.5999999999999996
40
0.0068897637795276
0
CIRCLE
8
BLACK
10
6.9619999999999997
20
-4.3999999999999995
40
0.0068897637795276
0
CIRCLE
8
BLACK
10
7.1619999999999999
20
-4.3999999999999995
40
0.0068897637795276
0
CIRCLE
8
BLACK
10
6.0392125984251965
20
-4.1499999999999995
40
0.0068897637795276
0
CIRCLE
8
BLACK
10
6.0392125984251965
20
-4.0499999999999998
40
0.0068897637795276
0
CIRCLE
8
BLACK
10
6.8799999999999999
20
-4.1499999999999995
40
0.0068897637795276
0
CIRCLE
8
BLACK
10
6.8799999999999999
20
-4.0499999999999998
40
0.0068897637795276
0
CIRCLE
8
BLACK
10
6.1396062992125984
20
-4.1499999999999995
40
0.0068897637795276
0
CIRCLE
8
BLACK
10
6.1396062992125984
20
-4.0499999999999998
40
0.0068897637795276
0
CIRCLE
8
BLACK
10
6.2400000000000002
20
-4.1499999999999995
40
0.0068897637795276
0
CIRCLE
8
BLACK
10
6.2400000000000002
20
-4.0499999999999998
40
0.0068897637795276
0
CIRCLE
8
BLACK
10
6.3403937007874012
20
-4.1499999999999995
40
0.0068897637795276
0
CIRCLE
8
BLACK
10
6.3403937007874012
20
-4.0499999999999998
40
0.0068897637795276
0
CIRCLE
8
BLACK
10
6.6792125984251971
20
-4.1499999999999995
40
0.0068897637795276
0
CIRCLE
8
BLACK
10
6.6792125984251971
20
-4.0499999999999998
40
0.0068897637795276
0
CIRCLE
8
BLACK
10
7.0999999999999996
20
-4.0999999999999996
40
0.0068897637795276
0
CIRCLE
8
BLACK
10
5.7199999999999998
20
-4.1499999999999995
40
0.0068897637795276
0
CIRCLE
8
BLACK
10
5.7199999999999998
20
-4.0499999999999998
40
0.0068897637795276
0
CIRCLE
8
BLACK
10
5.8200000000000003
20
-4.1499999999999995
40
0.0068897637795276
0
CIRCLE
8
BLACK
10
5.8200000000000003
20
-4.0499999999999998
40
0.0068897637795276
0
CIRCLE
8
BLACK
10
5.9199999999999999
20
-4.1499999999999995
40
0.0068897637795276
0
CIRCLE
8
BLACK
10
5.9199999999999999
20
-4.0499999999999998
40
0.0068897637795276
0
CIRCLE
8
BLACK
10
5.5
20
-4.8999999999999995
40
0.0068897637795276
0
CIRCLE
8
BLACK
10
5.4299999999999997
20
-4.4799999999999995
40
0.0068897637795276
0
CIRCLE
8
BLACK
10
5.5300000000000002
20
-4.4799999999999995
40
0.0068897637795276
0
CIRCLE
8
BLACK
10
5.4299999999999997
20
-4.5800000000000001
40
0.0068897637795276
0
CIRCLE
8
BLACK
10
5.5300000000000002
20
-4.5800000000000001
40
0.0068897637795276
0
CIRCLE
8
BLACK
10
5.8585826771653542
20
-4.6730708661417326
40
0.0039370078740157
0
CIRCLE
8
BLACK
10
5.8999212598425199
20
-4.6730708661417326
40
0.0039370078740157
0
CIRCLE
8
BLACK
10
5.9412598425196848
20
-4.6730708661417326
40
0.0039370078740157
0
CIRCLE
8
BLACK
10
5.8585826771653542
20
-4.6317322834645669
40
0.0039370078740157
0
CIRCLE
8
BLACK
10
5.8999212598425199
20
-4.6317322834645669
40
0.0039370078740157
0
CIRCLE
8
BLACK
10
5.9412598425196848
20
-4.6317322834645669
40
0.0039370078740157
0
CIRCLE
8
BLACK
10
5.8585826771653542
20
-4.5903937007874012
40
0.0039370078740157
0
CIRCLE
8
BLACK
10
5.8999212598425199
20
-4.5903937007874012
40
0.0039370078740157
0
CIRCLE
8
BLACK
10
5.9412598425196848
20
-4.5903937007874012
40
0.0039370078740157
0
CIRCLE
8
BLACK
10
5.7109448818897635
20
-4.4900000000000002
40
0.0059055118110236
0
CIRCLE
8
BLACK
10
5.6479527559055116
20
-4.4900000000000002
40
0.0059055118110236
0
CIRCLE
8
BLACK
10
5.958976377952756
20
-4.8527559055118106
40
0.0059055118110236
0
CIRCLE
8
BLACK
10
5.8408661417322829
20
-4.8527559055118106
40
0.0059055118110236
0
CIRCLE
8
BLACK
10
5.9274803149606301
20
-4.9039370078740152
40
0.0059055118110236
0
CIRCLE
8
BLACK
10
6.4500000000000002
20
-4.4749999999999996
40
0.0059055118110236
0
CIRCLE
8
BLACK
10
7.25
20
-4.7000000000000002
40
0.0059055118110236
0
CIRCLE
8
BLACK
10
5.8449999999999998
20
-5.0499999999999998
40
0.0059055118110236
0
CIRCLE
8
BLACK
10
6.4500000000000002
20
-3.9499999999999997
40
0.0059055118110236
0
CIRCLE
8
BLACK
10
6.3700000000000001
20
-4.4850000000000003
40
0.0059055118110236
0
CIRCLE
8
BLACK
10
6.7349999999999994
20
-4.3949999999999996
40
0.0059055118110236
0
CIRCLE
8
BLACK
10
7.25
20
-4.6499999999999995
40
0.0059055118110236
0
CIRCLE
8
BLACK
10
6.1951440944881888
20
-4.6591266535433071
40
0.0059055118110236
0
CIRCLE
8
BLACK
10
6.25
20
-4.4850000000000003
40
0.0059055118110236
0
CIRCLE
8
BLACK
10
7.25
20
-4.5
40
0.0059055118110236
0
CIRCLE
8
BLACK
10
5.7149999999999999
20
-4.8149999999999995
40
0.0059055118110236
0
CIRCLE
8
BLACK
10
6.6499999999999995
20
-4.3949999999999996
40
0.0059055118110236
0
CIRCLE
8
BLACK
10
5.5999999999999996
20
-5.0499999999999998
40
0.0059055118110236
0
CIRCLE
8
BLACK
10
7.25
20
-4.3499999999999996
40
0.0059055118110236
0
CIRCLE
8
BLACK
10
6.1799999999999997
20
-4.4850000000000003
40
0.0059055118110236
0
CIRCLE
8
BLACK
10
6.6099999999999994
20
-4.3949999999999996
40
0.0059055118110236
0
CIRCLE
8
BLACK
10
5.6449999999999996
20
-4.2299999999999995
40
0.0059055118110236
0
CIRCLE
8
BLACK
10
5.7149999999999999
20
-4.8549999999999995
40
0.0059055118110236
0
CIRCLE
8
BLACK
10
6.0574015748031496
20
-4.919133858267716
40
0.0059055118110236
0
CIRCLE
8
BLACK
10
5.7599999999999998
20
-5.0499999999999998
40
0.0059055118110236
0
CIRCLE
8
BLACK
10
6.29
20
-4.4850000000000003
40
0.0059055118110236
0
CIRCLE
8
BLACK
10
6.6299999999999999
20
-4.8200000000000003
40
0.0059055118110236
0
CIRCLE
8
BLACK
10
5.6600000000000001
20
-4.4349999999999996
40
0.0059055118110236
0
CIRCLE
8
BLACK
10
6.0499999999999998
20
-3.9499999999999997
40
0.0059055118110236
0
CIRCLE
8
BLACK
10
6.6600000000000001
20
-4.6049999999999995
40
0.0059055118110236
0
CIRCLE
8
BLACK
10
7.
20
-4.2749999999999995
40
0.0059055118110236
0
CIRCLE
8
BLACK
10
6.6950000000000003
20
-4.3949999999999996
40
0.0059055118110236
0
CIRCLE
8
BLACK
10
6.7749999999999995
20
-5.0499999999999998
40
0.0059055118110236
0
CIRCLE
8
BLACK
10
6.4649999999999999
20
-4.79
40
0.0059055118110236
0
CIRCLE
8
BLACK
10
6.3499999999999996
20
-3.9499999999999997
40
0.0059055118110236
0
CIRCLE
8
BLACK
10
6.7800000000000002
20
-4.3899999999999997
40
0.0059055118110236
0
CIRCLE
8
BLACK
10
6.4249999999999998
20
-5.0499999999999998
40
0.0059055118110236
0
CIRCLE
8
BLACK
10
6.3250000000000002
20
-5.0499999999999998
40
0.0059055118110236
0
CIRCLE
8
BLACK
10
6.6049999999999995
20
-4.5
40
0.0059055118110236
0
CIRCLE
8
BLACK
10
6.0999999999999996
20
-3.9499999999999997
40
0.0059055118110236
0
CIRCLE
8
BLACK
10
6.04
20
-4.8600787401574799
40
0.0059055118110236
0
CIRCLE
8
BLACK
10
6.7999999999999998
20
-3.9499999999999997
40
0.0059055118110236
0
CIRCLE
8
BLACK
10
6.2000000000000002
20
-3.9499999999999997
40
0.0059055118110236
0
CIRCLE
8
BLACK
10
6.3999999999999995
20
-4.8999999999999995
40
0.0059055118110236
0
CIRCLE
8
BLACK
10
6.1361417322834644
20
-4.6592913385826771
40
0.0059055118110236
0
CIRCLE
8
BLACK
10
5.9950000000000001
20
-5.0499999999999998
40
0.0059055118110236
0
CIRCLE
8
BLACK
10
6.8549999999999995
20
-4.5249999999999995
40
0.0059055118110236
0
CIRCLE
8
BLACK
10
6.5499999999999998
20
-3.9499999999999997
40
0.0059055118110236
0
CIRCLE
8
BLACK
10
6.3250000000000002
20
-4.4850000000000003
40
0.0059055118110236
0
CIRCLE
8
BLACK
10
5.9399999999999995
20
-4.8149999999999995
40
0.0059055118110236
0
CIRCLE
8
BLACK
10
7.1499999999999995
20
-4.7249999999999996
40
0.0059055118110236
0
CIRCLE
8
BLACK
10
6.29
20
-4.835
40
0.0059055118110236
0
CIRCLE
8
BLACK
10
5.8999212598425199
20
-4.876377952755905
40
0.0059055118110236
0
CIRCLE
8
BLACK
10
5.8899999999999997
20
-4.2299999999999995
40
0.0059055118110236
0
CIRCLE
8
BLACK
10
6.0549999999999997
20
-4.9649999999999999
40
0.0059055118110236
0
CIRCLE
8
BLACK
10
5.9392913385826773
20
-4.7695275590551178
40
0.0059055118110236
0
CIRCLE
8
BLACK
10
6.125
20
-5.0499999999999998
40
0.0059055118110236
0
CIRCLE
8
BLACK
10
5.7149999999999999
20
-5.0499999999999998
40
0.0059055118110236
0
CIRCLE
8
BLACK
10
6.7249999999999996
20
-5.0499999999999998
40
0.0059055118110236
0
CIRCLE
8
BLACK
10
5.6499999999999995
20
-3.9499999999999997
40
0.0059055118110236
0
CIRCLE
8
BLACK
10
5.7000000000000002
20
-3.9499999999999997
40
0.0059055118110236
0
CIRCLE
8
BLACK
10
5.3499999999999996
20
-4.75
40
0.0059055118110236
0
CIRCLE
8
BLACK
10
6.625
20
-5.0499999999999998
40
0.0059055118110236
0
CIRCLE
8
BLACK
10
6.25
20
-3.9499999999999997
40
0.0059055118110236
0
CIRCLE
8
BLACK
10
6.8049999999999997
20
-4.6049999999999995
40
0.0059055118110236
0
CIRCLE
8
BLACK
10
5.75
20
-3.9499999999999997
40
0.0059055118110236
0
CIRCLE
8
BLACK
10
6.8149999999999995
20
-4.3899999999999997
40
0.0059055118110236
0
CIRCLE
8
BLACK
10
6.6749999999999998
20
-4.7599999999999998
40
0.0059055118110236
0
CIRCLE
8
BLACK
10
7.
20
-3.9499999999999997
40
0.0059055118110236
0
CIRCLE
8
BLACK
10
6.8999999999999995
20
-3.9499999999999997
40
0.0059055118110236
0
CIRCLE
8
BLACK
10
6.9500000000000002
20
-4.2749999999999995
40
0.0059055118110236
0
CIRCLE
8
BLACK
10
5.7850000000000001
20
-4.4349999999999996
40
0.0059055118110236
0
CIRCLE
8
BLACK
10
6.2249999999999996
20
-5.0499999999999998
40
0.0059055118110236
0
CIRCLE
8
BLACK
10
6.6200000000000001
20
-4.6049999999999995
40
0.0059055118110236
0
CIRCLE
8
BLACK
10
6.1499999999999995
20
-3.9499999999999997
40
0.0059055118110236
0
CIRCLE
8
BLACK
10
7.1749999999999998
20
-4.2749999999999995
40
0.0059055118110236
0
CIRCLE
8
BLACK
10
5.8999999999999995
20
-3.9499999999999997
40
0.0059055118110236
0
CIRCLE
8
BLACK
10
6.415
20
-4.5549999999999997
40
0.0059055118110236
0
CIRCLE
8
BLACK
10
6.5999999999999996
20
-3.9499999999999997
40
0.0059055118110236
0
CIRCLE
8
BLACK
10
6.8499999999999996
20
-3.9499999999999997
40
0.0059055118110236
0
CIRCLE
8
BLACK
10
7.2249999999999996
20
-4.7249999999999996
40
0.0059055118110236
0
CIRCLE
8
BLACK
10
5.8625201181102362
20
-4.7695268110236215
40
0.0059055118110236
0
CIRCLE
8
BLACK
10
5.8499999999999996
20
-3.9499999999999997
40
0.0059055118110236
0
CIRCLE
8
BLACK
10
6.7000000000000002
20
-3.9499999999999997
40
0.0059055118110236
0
CIRCLE
8
BLACK
10
6.4900000000000002
20
-4.3949999999999996
40
0.0059055118110236
0
CIRCLE
8
BLACK
10
5.3499999999999996
20
-4.7000000000000002
40
0.0059055118110236
0
CIRCLE
8
BLACK
10
6.3881102362204727
20
-4.6592913385826771
40
0.0059055118110236
0
CIRCLE
8
BLACK
10
6.4749999999999996
20
-5.0499999999999998
40
0.0059055118110236
0
CIRCLE
8
BLACK
10
5.75
20
-5.
40
0.0059055118110236
0
CIRCLE
8
BLACK
10
5.3499999999999996
20
-4.5999999999999996
40
0.0059055118110236
0
CIRCLE
8
BLACK
10
7.25
20
-4.5999999999999996
40
0.0059055118110236
0
CIRCLE
8
BLACK
10
6.0999999999999996
20
-4.6592913385826771
40
0.0059055118110236
0
CIRCLE
8
BLACK
10
6.8499999999999996
20
-4.3899999999999997
40
0.0059055118110236
0
CIRCLE
8
BLACK
10
6.8700000000000001
20
-4.4199999999999999
40
0.0059055118110236
0
CIRCLE
8
BLACK
10
6.5249999999999995
20
-5.0499999999999998
40
0.0059055118110236
0
CIRCLE
8
BLACK
10
6.75
20
-3.9499999999999997
40
0.0059055118110236
0
CIRCLE
8
BLACK
10
6.4900000000000002
20
-4.6449999999999996
40
0.0059055118110236
0
CIRCLE
8
BLACK
10
6.7149999999999999
20
-4.6049999999999995
40
0.0059055118110236
0
CIRCLE
8
BLACK
10
6.0750000000000002
20
-5.0499999999999998
40
0.0059055118110236
0
CIRCLE
8
BLACK
10
5.9849999999999994
20
-4.8149999999999995
40
0.0059055118110236
0
CIRCLE
8
BLACK
10
6.0249999999999995
20
-4.5499999999999998
40
0.0059055118110236
0
CIRCLE
8
BLACK
10
6.4511041732283463
20
-4.6592913385826771
40
0.0059055118110236
0
CIRCLE
8
BLACK
10
6.8499999999999996
20
-4.6499999999999995
40
0.0059055118110236
0
CIRCLE
8
BLACK
10
6.375
20
-5.0499999999999998
40
0.0059055118110236
0
CIRCLE
8
BLACK
10
5.7149999999999999
20
-4.9349999999999996
40
0.0059055118110236
0
CIRCLE
8
BLACK
10
6.0298425196850394
20
-4.7931496062992123
40
0.0059055118110236
0
CIRCLE
8
BLACK
10
6.6499999999999995
20
-3.9499999999999997
40
0.0059055118110236
0
CIRCLE
8
BLACK
10
6.9749999999999996
20
-5.0499999999999998
40
0.0059055118110236
0
CIRCLE
8
BLACK
10
6.8250000000000002
20
-5.0499999999999998
40
0.0059055118110236
0
CIRCLE
8
BLACK
10
5.8549999999999995
20
-4.8099999999999996
40
0.0059055118110236
0
CIRCLE
8
BLACK
10
6.3251181102362199
20
-4.6592913385826771
40
0.0059055118110236
0
CIRCLE
8
BLACK
10
5.7149999999999999
20
-4.9850000000000003
40
0.0059055118110236
0
CIRCLE
8
BLACK
10
6.5
20
-3.9499999999999997
40
0.0059055118110236
0
CIRCLE
8
BLACK
10
5.7999999999999998
20
-4.7999999999999998
40
0.0059055118110236
0
CIRCLE
8
BLACK
10
5.7503149606299209
20
-4.6829133858267715
40
0.0059055118110236
0
CIRCLE
8
BLACK
10
6.9249999999999998
20
-4.7249999999999996
40
0.0059055118110236
0
CIRCLE
8
BLACK
10
6.3999999999999995
20
-3.9499999999999997
40
0.0059055118110236
0
CIRCLE
8
BLACK
10
7.25
20
-4.4500000000000002
40
0.0059055118110236
0
CIRCLE
8
BLACK
10
6.3399999999999999
20
-4.835
40
0.0059055118110236
0
CIRCLE
8
BLACK
10
7.25
20
-4.25
40
0.0059055118110236
0
CIRCLE
8
BLACK
10
6.7599999999999998
20
-4.6049999999999995
40
0.0059055118110236
0
CIRCLE
8
BLACK
10
7.0750000000000002
20
-4.6749999999999998
40
0.0059055118110236
0
CIRCLE
8
BLACK
10
7.0499999999999998
20
-4.7249999999999996
40
0.0059055118110236
0
CIRCLE
8
BLACK
10
6.5549999999999997
20
-4.7699999999999996
40
0.0059055118110236
0
CIRCLE
8
BLACK
10
6.2999999999999998
20
-3.9499999999999997
40
0.0059055118110236
0
CIRCLE
8
BLACK
10
6.2000000000000002
20
-4.835
40
0.0059055118110236
0
CIRCLE
8
BLACK
10
5.9500000000000002
20
-3.9499999999999997
40
0.0059055118110236
0
CIRCLE
8
BLACK
10
6.4649999999999999
20
-4.835
40
0.0059055118110236
0
CIRCLE
8
BLACK
10
6.6749999999999998
20
-4.8200000000000003
40
0.0059055118110236
0
CIRCLE
8
BLACK
10
6.5800000000000001
20
-4.6049999999999995
40
0.0059055118110236
0
CIRCLE
8
BLACK
10
7.25
20
-4.5499999999999998
40
0.0059055118110236
0
CIRCLE
8
BLACK
10
6.7450000000000001
20
-4.5
40
0.0059055118110236
0
CIRCLE
8
BLACK
10
5.8762992125984255
20
-4.9039370078740152
40
0.0059055118110236
0
CIRCLE
8
BLACK
10
6.3399999999999999
20
-4.8999999999999995
40
0.0059055118110236
0
CIRCLE
8
BLACK
10
6.6699999999999999
20
-4.6449999999999996
40
0.0059055118110236
0
CIRCLE
8
BLACK
10
5.8049999999999997
20
-5.0499999999999998
40
0.0059055118110236
0
CIRCLE
8
BLACK
10
6.1505511811023617
20
-4.5199999999999996
40
0.0059055118110236
0
CIRCLE
8
BLACK
10
6.7050000000000001
20
-4.5
40
0.0059055118110236
0
CIRCLE
8
BLACK
10
7.25
20
-4.75
40
0.0059055118110236
0
CIRCLE
8
BLACK
10
6.9249999999999998
20
-5.0499999999999998
40
0.0059055118110236
0
CIRCLE
8
BLACK
10
6.6749999999999998
20
-5.0499999999999998
40
0.0059055118110236
0
CIRCLE
8
BLACK
10
6.5049999999999999
20
-4.7699999999999996
40
0.0059055118110236
0
CIRCLE
8
BLACK
10
6.875
20
-4.7249999999999996
40
0.0059055118110236
0
CIRCLE
8
BLACK
10
6.2149999999999999
20
-4.4850000000000003
40
0.0059055118110236
0
CIRCLE
8
BLACK
10
5.8211811023622042
20
-4.9826771653543309
40
0.0059055118110236
0
CIRCLE
8
BLACK
10
6.0249999999999995
20
-5.0049999999999999
40
0.0059055118110236
0
CIRCLE
8
BLACK
10
5.3650000000000002
20
-4.2249999999999996
40
0.0059055118110236
0
CIRCLE
8
BLACK
10
7.25
20
-4.2999999999999998
40
0.0059055118110236
0
CIRCLE
8
BLACK
10
6.
20
-3.9499999999999997
40
0.0059055118110236
0
CIRCLE
8
BLACK
10
5.7149999999999999
20
-4.4349999999999996
40
0.0059055118110236
0
CIRCLE
8
BLACK
10
6.5750000000000002
20
-5.0499999999999998
40
0.0059055118110236
0
CIRCLE
8
BLACK
10
6.2621259842519681
20
-4.6592913385826771
40
0.0059055118110236
0
CIRCLE
8
BLACK
10
6.8549999999999995
20
-4.6049999999999995
40
0.0059055118110236
0
CIRCLE
8
BLACK
10
6.9500000000000002
20
-3.9499999999999997
40
0.0059055118110236
0
CIRCLE
8
BLACK
10
6.2749999999999995
20
-5.0499999999999998
40
0.0059055118110236
0
CIRCLE
8
BLACK
10
5.8899999999999997
20
-5.0499999999999998
40
0.0059055118110236
0
CIRCLE
8
BLACK
10
7.125
20
-4.2749999999999995
40
0.0059055118110236
0
CIRCLE
8
BLACK
10
6.4699999999999998
20
-4.8999999999999995
40
0.0059055118110236
0
CIRCLE
8
BLACK
10
5.6499999999999995
20
-5.0499999999999998
40
0.0059055118110236
0
CIRCLE
8
BLACK
10
5.7999999999999998
20
-3.9499999999999997
40
0.0059055118110236
0
CIRCLE
8
BLACK
10
6.5350000000000001
20
-4.3949999999999996
40
0.0059055118110236
0
CIRCLE
8
BLACK
10
6.8899999999999997
20
-4.5300000000000002
40
0.0059055118110236
0
CIRCLE
8
BLACK
10
5.3499999999999996
20
-4.6499999999999995
40
0.0059055118110236
0
CIRCLE
8
BLACK
10
7.
20
-4.7249999999999996
40
0.0059055118110236
0
CIRCLE
8
BLACK
10
5.585
20
-4.2350000000000003
40
0.0059055118110236
0
CIRCLE
8
BLACK
10
6.4500000000000002
20
-4.3949999999999996
40
0.0059055118110236
0
CIRCLE
8
BLACK
10
5.6550000000000002
20
-4.7999999999999998
40
0.0059055118110236
0
CIRCLE
8
BLACK
10
6.2450000000000001
20
-4.835
40
0.0059055118110236
0
CIRCLE
8
BLACK
10
6.8499999999999996
20
-4.7000000000000002
40
0.0059055118110236
0
CIRCLE
8
BLACK
10
6.54
20
-4.4850000000000003
40
0.0059055118110236
0
CIRCLE
8
BLACK
10
5.7149999999999999
20
-4.8949999999999996
40
0.0059055118110236
0
CIRCLE
8
BLACK
10
6.1749999999999998
20
-5.0499999999999998
40
0.0059055118110236
0
CIRCLE
8
BLACK
10
6.5800000000000001
20
-4.8200000000000003
40
0.0059055118110236
0
CIRCLE
8
BLACK
10
7.0499999999999998
20
-4.3499999999999996
40
0.0059055118110236
0
CIRCLE
8
BLACK
10
5.9399999999999995
20
-5.0499999999999998
40
0.0059055118110236
0
CIRCLE
8
BLACK
10
5.75
20
-4.7999999999999998
40
0.0059055118110236
0
CIRCLE
8
BLACK
10
6.6749999999999998
20
-4.6899999999999995
40
0.0059055118110236
0
CIRCLE
8
BLACK
10
6.4500000000000002
20
-4.4349999999999996
40
0.0059055118110236
0
CIRCLE
8
BLACK
10
5.8899999999999997
20
-4.2800000000000002
40
0.0059055118110236
0
CIRCLE
8
BLACK
10
7.25
20
-4.3999999999999995
40
0.0059055118110236
0
CIRCLE
8
BLACK
10
6.875
20
-5.0499999999999998
40
0.0059055118110236
0
CIRCLE
8
BLACK
10
7.25
20
-4.2000000000000002
40
0.0059055118110236
0
CIRCLE
8
BLACK
10
5.6099999999999994
20
-4.4349999999999996
40
0.0059055118110236
0
CIRCLE
8
BLACK
10
6.5750000000000002
20
-4.5449999999999999
40
0.0059055118110236
0
CIRCLE
8
BLACK
10
6.5099999999999998
20
-4.3399999999999999
40
0.0059055118110236
0
CIRCLE
8
BLACK
10
5.4307086614173228
20
-4.3307086614173231
40
0.0059055118110236
0
CIRCLE
8
BLACK
10
5.9786614173228347
20
-4.7695275590551178
40
0.0059055118110236
0
CIRCLE
8
BLACK
10
5.7818110236220468
20
-4.6120472440944882
40
0.0059055118110236
0
CIRCLE
8
BLACK
10
6.4100000000000001
20
-4.3949999999999996
40
0.0059055118110236
0
CIRCLE
8
BLACK
10
6.4450000000000003
20
-4.5249999999999995
40
0.0059055118110236
0
CIRCLE
8
BLACK
10
6.6600000000000001
20
-4.3399999999999999
40
0.0059055118110236
0
CIRCLE
8
BLACK
10
6.3599999999999994
20
-4.3106330708661416
40
0.0059055118110236
0
CIRCLE
8
BLACK
10
5.7503149606299209
20
-4.4781907874015747
40
0.0059055118110236
0
CIRCLE
8
BLACK
10
5.8228944488188974
20
-4.7695275590551178
40
0.0059055118110236
  0
ENDSEC
  0
EOF
