  0
SECTION
  2
HEADER
  9
$ANGBASE
  50
0.0
  9
$ANGDIR
  70
1
  9
$MEASUREMENT
  70
0
  0
ENDSEC
  0
SECTION
  2
TABLES
  0
TABLE
  2
LTYPE
  70
4
  0
LTYPE
  5
40F
  2
CONTINUOUS
  70
0
  3
Solid line
  72
65
  73
0
  40
0.0
  0
LTYPE
  5
410
  2
DASHDOT
 70
0
  3
Dash Dot ____ _ ____ _
 72
65
 73
4
 40
2.0
 49
1.25
 49
-0.25
 49
0.25
 49
-0.25
  0
LTYPE
  5
411
  2
DASHED
 70
0
  3
Dashed __ __ __ __ __
 72
65
 73
2
 40
0.75
 49
0.5
 49
-0.25
  0
LTYPE
  5
43B
  2
DOTTED
 70
0
  3
Dotted .  .  .  .
 72
65
 73
2
 40
0.2
 49
0.0
 49
-0.2
  0
ENDTAB
  0
TABLE
  2
STYLE
  70
4
  0
STYLE
  2
KICAD
  70
0
  40
0
  41
1
  42
1
  50
0
  71
0
  3
isocp.shx
  0
STYLE
  2
KICADB
  70
0
  40
0
  41
1
  42
1
  50
0
  71
0
  3
isocp.shx
  0
STYLE
  2
KICADI
  70
0
  40
0
  41
1
  42
1
  50
15
  71
0
  3
isocp.shx
  0
STYLE
  2
KICADBI
  70
0
  40
0
  41
1
  42
1
  50
15
  71
0
  3
isocp.shx
  0
ENDTAB
  0
TABLE
  2
LAYER
  70
1
  0
LAYER
  2
BLACK
  70
0
  62
7
  6
CONTINUOUS
  0
ENDTAB
  0
ENDSEC
  0
SECTION
  2
ENTITIES
0
LINE
8
BLACK
6
CONTINUOUS
10
5.8916198818897634
20
-4.9508962204724405
11
5.8920497637795277
21
-4.9508962204724405
0
LINE
8
BLACK
6
CONTINUOUS
10
5.8920497637795277
20
-4.9508962204724405
11
5.8921572047244091
21
-4.9510036614173227
0
LINE
8
BLACK
6
CONTINUOUS
10
5.8921572047244091
20
-4.9510036614173227
11
5.8923062598425195
21
-4.9510335039370075
0
LINE
8
BLACK
6
CONTINUOUS
10
5.8923062598425195
20
-4.9510335039370075
11
5.8927131889763782
21
-4.9514412598425199
0
LINE
8
BLACK
6
CONTINUOUS
10
5.8927131889763782
20
-4.9514412598425199
11
5.8945067716535435
21
-4.9541316535433069
0
LINE
8
BLACK
6
CONTINUOUS
10
5.8945067716535435
20
-4.9541316535433069
11
5.8961088582677164
21
-4.9557337401574806
0
LINE
8
BLACK
6
CONTINUOUS
10
5.8961088582677164
20
-4.9557337401574806
11
5.8977692913385829
21
-4.9565639763779528
0
LINE
8
BLACK
6
CONTINUOUS
10
5.8977692913385829
20
-4.9565639763779528
11
5.89822437007874
21
-4.9569171653543309
0
LINE
8
BLACK
6
CONTINUOUS
10
5.89822437007874
20
-4.9569171653543309
11
5.8985816929133854
21
-4.9579890944881893
0
LINE
8
BLACK
6
CONTINUOUS
10
5.8985816929133854
20
-4.9579890944881893
11
5.8980763385826771
21
-4.9589998031496059
0
LINE
8
BLACK
6
CONTINUOUS
10
5.8980763385826771
20
-4.9589998031496059
11
5.8970044094488188
21
-4.9593571259842522
0
LINE
8
BLACK
6
CONTINUOUS
10
5.8970044094488188
20
-4.9593571259842522
11
5.8964487795275593
21
-4.9592049999999999
0
LINE
8
BLACK
6
CONTINUOUS
10
5.8964487795275593
20
-4.9592049999999999
11
5.8945740551181105
21
-4.9582676377952755
0
LINE
8
BLACK
6
CONTINUOUS
10
5.8945740551181105
20
-4.9582676377952755
11
5.894387047244094
21
-4.9581225196850394
0
LINE
8
BLACK
6
CONTINUOUS
10
5.894387047244094
20
-4.9581225196850394
11
5.8941903149606301
21
-4.957991062992126
0
LINE
8
BLACK
6
CONTINUOUS
10
5.8941903149606301
20
-4.957991062992126
11
5.8929611417322834
21
-4.9567618897637793
0
LINE
8
BLACK
6
CONTINUOUS
10
5.8929611417322834
20
-4.9567618897637793
11
5.8929611417322834
21
-4.9704688582677168
0
LINE
8
BLACK
6
CONTINUOUS
10
5.8929611417322834
20
-4.9704688582677168
11
5.8971090551181105
21
-4.9704688582677168
0
LINE
8
BLACK
6
CONTINUOUS
10
5.8971090551181105
20
-4.9704688582677168
11
5.8976740551181104
21
-4.9705812598425192
0
LINE
8
BLACK
6
CONTINUOUS
10
5.8976740551181104
20
-4.9705812598425192
11
5.8984730314960627
21
-4.9713802362204724
0
LINE
8
BLACK
6
CONTINUOUS
10
5.8984730314960627
20
-4.9713802362204724
11
5.8984730314960627
21
-4.9725102362204723
0
LINE
8
BLACK
6
CONTINUOUS
10
5.8984730314960627
20
-4.9725102362204723
11
5.8976740551181104
21
-4.9733092125984255
0
LINE
8
BLACK
6
CONTINUOUS
10
5.8976740551181104
20
-4.9733092125984255
11
5.8971090551181105
21
-4.9734216141732279
0
LINE
8
BLACK
6
CONTINUOUS
10
5.8971090551181105
20
-4.9734216141732279
11
5.8858604724409451
21
-4.9734216141732279
0
LINE
8
BLACK
6
CONTINUOUS
10
5.8858604724409451
20
-4.9734216141732279
11
5.8852954724409443
21
-4.9733092125984255
0
LINE
8
BLACK
6
CONTINUOUS
10
5.8852954724409443
20
-4.9733092125984255
11
5.884496496062992
21
-4.9725102362204723
0
LINE
8
BLACK
6
CONTINUOUS
10
5.884496496062992
20
-4.9725102362204723
11
5.884496496062992
21
-4.9713802362204724
0
LINE
8
BLACK
6
CONTINUOUS
10
5.884496496062992
20
-4.9713802362204724
11
5.8852954724409443
21
-4.9705812598425192
0
LINE
8
BLACK
6
CONTINUOUS
10
5.8852954724409443
20
-4.9705812598425192
11
5.8858604724409451
21
-4.9704688582677168
0
LINE
8
BLACK
6
CONTINUOUS
10
5.8858604724409451
20
-4.9704688582677168
11
5.8900083858267713
21
-4.9704688582677168
0
LINE
8
BLACK
6
CONTINUOUS
10
5.8900083858267713
20
-4.9704688582677168
11
5.8900083858267713
21
-4.9522601968503936
0
LINE
8
BLACK
6
CONTINUOUS
10
5.8900083858267713
20
-4.9522601968503936
11
5.8901207874015746
21
-4.9516951968503937
0
LINE
8
BLACK
6
CONTINUOUS
10
5.8901207874015746
20
-4.9516951968503937
11
5.8902282283464569
21
-4.9515877165354327
0
LINE
8
BLACK
6
CONTINUOUS
10
5.8902282283464569
20
-4.9515877165354327
11
5.8902580708661416
21
-4.9514387007874019
0
LINE
8
BLACK
6
CONTINUOUS
10
5.8902580708661416
20
-4.9514387007874019
11
5.890615708661417
21
-4.9512002362204726
0
LINE
8
BLACK
6
CONTINUOUS
10
5.890615708661417
20
-4.9512002362204726
11
5.8909197637795279
21
-4.9508962204724405
0
LINE
8
BLACK
6
CONTINUOUS
10
5.8909197637795279
20
-4.9508962204724405
11
5.891071771653543
21
-4.9508962204724405
0
LINE
8
BLACK
6
CONTINUOUS
10
5.891071771653543
20
-4.9508962204724405
11
5.8911982677165353
21
-4.9508118897637798
0
LINE
8
BLACK
6
CONTINUOUS
10
5.8911982677165353
20
-4.9508118897637798
11
5.8916198818897634
21
-4.9508962204724405
0
LINE
8
BLACK
6
CONTINUOUS
10
5.9170656299212601
20
-4.9514127952755906
11
5.9173107480314959
21
-4.9525158267716538
0
LINE
8
BLACK
6
CONTINUOUS
10
5.9173107480314959
20
-4.9525158267716538
11
5.9171022440944885
21
-4.9530528346456695
0
LINE
8
BLACK
6
CONTINUOUS
10
5.9171022440944885
20
-4.9530528346456695
11
5.9107714173228345
21
-4.963001299212598
0
LINE
8
BLACK
6
CONTINUOUS
10
5.9107714173228345
20
-4.963001299212598
11
5.9107714173228345
21
-4.9719452362204724
0
LINE
8
BLACK
6
CONTINUOUS
10
5.9107714173228345
20
-4.9719452362204724
11
5.9106590157480312
21
-4.9725102362204723
0
LINE
8
BLACK
6
CONTINUOUS
10
5.9106590157480312
20
-4.9725102362204723
11
5.9098600393700789
21
-4.9733092125984255
0
LINE
8
BLACK
6
CONTINUOUS
10
5.9098600393700789
20
-4.9733092125984255
11
5.908730039370079
21
-4.9733092125984255
0
LINE
8
BLACK
6
CONTINUOUS
10
5.908730039370079
20
-4.9733092125984255
11
5.9079310629921258
21
-4.9725102362204723
0
LINE
8
BLACK
6
CONTINUOUS
10
5.9079310629921258
20
-4.9725102362204723
11
5.9078186614173225
21
-4.9719452362204724
0
LINE
8
BLACK
6
CONTINUOUS
10
5.9078186614173225
20
-4.9719452362204724
11
5.9078186614173225
21
-4.963001299212598
0
LINE
8
BLACK
6
CONTINUOUS
10
5.9078186614173225
20
-4.963001299212598
11
5.9014877952755906
21
-4.9530528346456695
0
LINE
8
BLACK
6
CONTINUOUS
10
5.9014877952755906
20
-4.9530528346456695
11
5.9012792913385823
21
-4.9525158267716538
0
LINE
8
BLACK
6
CONTINUOUS
10
5.9012792913385823
20
-4.9525158267716538
11
5.9015244094488191
21
-4.9514127952755906
0
LINE
8
BLACK
6
CONTINUOUS
10
5.9015244094488191
20
-4.9514127952755906
11
5.902477716535433
21
-4.9508061417322837
0
LINE
8
BLACK
6
CONTINUOUS
10
5.902477716535433
20
-4.9508061417322837
11
5.9035807480314961
21
-4.9510512598425196
0
LINE
8
BLACK
6
CONTINUOUS
10
5.9035807480314961
20
-4.9510512598425196
11
5.9039788976377947
21
-4.9514675590551178
0
LINE
8
BLACK
6
CONTINUOUS
10
5.9039788976377947
20
-4.9514675590551178
11
5.9092950393700789
21
-4.9598214173228348
0
LINE
8
BLACK
6
CONTINUOUS
10
5.9092950393700789
20
-4.9598214173228348
11
5.9146111417322835
21
-4.9514675590551178
0
LINE
8
BLACK
6
CONTINUOUS
10
5.9146111417322835
20
-4.9514675590551178
11
5.9150092913385821
21
-4.9510512598425196
0
LINE
8
BLACK
6
CONTINUOUS
10
5.9150092913385821
20
-4.9510512598425196
11
5.9161123228346453
21
-4.9508061417322837
0
LINE
8
BLACK
6
CONTINUOUS
10
5.9161123228346453
20
-4.9508061417322837
11
5.9170656299212601
21
-4.9514127952755906
0
LINE
8
BLACK
6
CONTINUOUS
10
5.9498871653543306
20
-4.9218033858267711
11
5.950952519685039
21
-4.9228687401574804
0
LINE
8
BLACK
6
CONTINUOUS
10
5.950952519685039
20
-4.9228687401574804
11
5.9511023622047245
21
-4.9236220472440948
0
LINE
8
BLACK
6
CONTINUOUS
10
5.9511023622047245
20
-4.9236220472440948
11
5.9511023622047245
21
-4.9826771653543309
0
LINE
8
BLACK
6
CONTINUOUS
10
5.9511023622047245
20
-4.9826771653543309
11
5.950952519685039
21
-4.9834304724409444
0
LINE
8
BLACK
6
CONTINUOUS
10
5.950952519685039
20
-4.9834304724409444
11
5.9505257874015749
21
-4.9840690944881887
0
LINE
8
BLACK
6
CONTINUOUS
10
5.9505257874015749
20
-4.9840690944881887
11
5.9308407480314962
21
-5.0037541338582674
0
LINE
8
BLACK
6
CONTINUOUS
10
5.9308407480314962
20
-5.0037541338582674
11
5.9302021259842519
21
-5.0041808661417324
0
LINE
8
BLACK
6
CONTINUOUS
10
5.9302021259842519
20
-5.0041808661417324
11
5.9294488188976375
21
-5.004330708661417
0
LINE
8
BLACK
6
CONTINUOUS
10
5.9294488188976375
20
-5.004330708661417
11
5.8507086614173227
21
-5.004330708661417
0
LINE
8
BLACK
6
CONTINUOUS
10
5.8507086614173227
20
-5.004330708661417
11
5.8499553543307083
21
-5.0041808661417324
0
LINE
8
BLACK
6
CONTINUOUS
10
5.8499553543307083
20
-5.0041808661417324
11
5.8488899999999999
21
-5.0031155118110231
0
LINE
8
BLACK
6
CONTINUOUS
10
5.8488899999999999
20
-5.0031155118110231
11
5.8487401574803144
21
-5.0023622047244096
0
LINE
8
BLACK
6
CONTINUOUS
10
5.8487401574803144
20
-5.0023622047244096
11
5.8487401574803144
21
-4.9236220472440948
0
LINE
8
BLACK
6
CONTINUOUS
10
5.8487401574803144
20
-4.9236220472440948
11
5.8488899999999999
21
-4.9228687401574804
0
LINE
8
BLACK
6
CONTINUOUS
10
5.8488899999999999
20
-4.9228687401574804
11
5.8499553543307083
21
-4.9218033858267711
0
LINE
8
BLACK
6
CONTINUOUS
10
5.8499553543307083
20
-4.9218033858267711
11
5.8507086614173227
21
-4.9216535433070865
0
LINE
8
BLACK
6
CONTINUOUS
10
5.8507086614173227
20
-4.9216535433070865
11
5.9491338582677162
21
-4.9216535433070865
0
LINE
8
BLACK
6
CONTINUOUS
10
5.9491338582677162
20
-4.9216535433070865
11
5.9498871653543306
21
-4.9218033858267711
0
LINE
8
BLACK
6
CONTINUOUS
10
5.8526771653543301
20
-4.9255905511811022
11
5.8526771653543301
21
-5.0003937007874013
0
LINE
8
BLACK
6
CONTINUOUS
10
5.8526771653543301
20
-5.0003937007874013
11
5.9286334645669294
21
-5.0003937007874013
0
LINE
8
BLACK
6
CONTINUOUS
10
5.9286334645669294
20
-5.0003937007874013
11
5.9471653543307088
21
-4.9818618110236219
0
LINE
8
BLACK
6
CONTINUOUS
10
5.9471653543307088
20
-4.9818618110236219
11
5.9471653543307088
21
-4.9255905511811022
0
LINE
8
BLACK
6
CONTINUOUS
10
5.9471653543307088
20
-4.9255905511811022
11
5.8526771653543301
21
-4.9255905511811022
0
LINE
8
BLACK
6
CONTINUOUS
10
5.7900646850393702
20
-4.9021726377952755
11
5.7901546062992129
21
-4.9026246456692908
0
LINE
8
BLACK
6
CONTINUOUS
10
5.7901546062992129
20
-4.9026246456692908
11
5.7901546062992129
21
-4.9097705511811025
0
LINE
8
BLACK
6
CONTINUOUS
10
5.7901546062992129
20
-4.9097705511811025
11
5.7941950000000002
21
-4.9062352362204722
0
LINE
8
BLACK
6
CONTINUOUS
10
5.7941950000000002
20
-4.9062352362204722
11
5.7944860236220475
21
-4.9060675984251967
0
LINE
8
BLACK
6
CONTINUOUS
10
5.7944860236220475
20
-4.9060675984251967
11
5.7945207480314957
21
-4.9060329133858263
0
LINE
8
BLACK
6
CONTINUOUS
10
5.7945207480314957
20
-4.9060329133858263
11
5.7945462992125982
21
-4.9060329133858263
0
LINE
8
BLACK
6
CONTINUOUS
10
5.7945462992125982
20
-4.9060329133858263
11
5.7945943700787401
21
-4.906005236220472
0
LINE
8
BLACK
6
CONTINUOUS
10
5.7945943700787401
20
-4.906005236220472
11
5.795009606299212
21
-4.9060329133858263
0
LINE
8
BLACK
6
CONTINUOUS
10
5.795009606299212
20
-4.9060329133858263
11
5.7954247637795273
21
-4.9060329133858263
0
LINE
8
BLACK
6
CONTINUOUS
10
5.7954247637795273
20
-4.9060329133858263
11
5.7954544094488192
21
-4.9060625590551181
0
LINE
8
BLACK
6
CONTINUOUS
10
5.7954544094488192
20
-4.9060625590551181
11
5.7954962992125987
21
-4.9060653543307087
0
LINE
8
BLACK
6
CONTINUOUS
10
5.7954962992125987
20
-4.9060653543307087
11
5.7957699606299213
21
-4.9063781102362203
0
LINE
8
BLACK
6
CONTINUOUS
10
5.7957699606299213
20
-4.9063781102362203
11
5.7960639370078741
21
-4.9066720866141731
0
LINE
8
BLACK
6
CONTINUOUS
10
5.7960639370078741
20
-4.9066720866141731
11
5.7960747244094488
21
-4.9067264173228349
0
LINE
8
BLACK
6
CONTINUOUS
10
5.7960747244094488
20
-4.9067264173228349
11
5.7960916141732284
21
-4.9067457086614175
0
LINE
8
BLACK
6
CONTINUOUS
10
5.7960916141732284
20
-4.9067457086614175
11
5.796088307086614
21
-4.9067947637795273
0
LINE
8
BLACK
6
CONTINUOUS
10
5.796088307086614
20
-4.9067947637795273
11
5.7961538582677168
21
-4.9071240944881884
0
LINE
8
BLACK
6
CONTINUOUS
10
5.7961538582677168
20
-4.9071240944881884
11
5.7961538582677168
21
-4.909094960629921
0
LINE
8
BLACK
6
CONTINUOUS
10
5.7961538582677168
20
-4.909094960629921
11
5.796693346456693
21
-4.9101739370078743
0
LINE
8
BLACK
6
CONTINUOUS
10
5.796693346456693
20
-4.9101739370078743
11
5.7971722440944884
21
-4.9106528346456688
0
LINE
8
BLACK
6
CONTINUOUS
10
5.7971722440944884
20
-4.9106528346456688
11
5.7982512204724408
21
-4.9111923228346459
0
LINE
8
BLACK
6
CONTINUOUS
10
5.7982512204724408
20
-4.9111923228346459
11
5.8014431102362201
21
-4.9111923228346459
0
LINE
8
BLACK
6
CONTINUOUS
10
5.8014431102362201
20
-4.9111923228346459
11
5.8025221259842521
21
-4.9106527952755901
0
LINE
8
BLACK
6
CONTINUOUS
10
5.8025221259842521
20
-4.9106527952755901
11
5.8030009055118112
21
-4.9101740157480318
0
LINE
8
BLACK
6
CONTINUOUS
10
5.8030009055118112
20
-4.9101740157480318
11
5.8035404330708662
21
-4.9090949999999998
0
LINE
8
BLACK
6
CONTINUOUS
10
5.8035404330708662
20
-4.9090949999999998
11
5.8035404330708662
21
-4.9051531496062992
0
LINE
8
BLACK
6
CONTINUOUS
10
5.8035404330708662
20
-4.9051531496062992
11
5.8030009055118112
21
-4.9040741338582672
0
LINE
8
BLACK
6
CONTINUOUS
10
5.8030009055118112
20
-4.9040741338582672
11
5.8023865748031493
21
-4.9034598031496062
0
LINE
8
BLACK
6
CONTINUOUS
10
5.8023865748031493
20
-4.9034598031496062
11
5.8021305511811025
21
-4.9030766141732283
0
LINE
8
BLACK
6
CONTINUOUS
10
5.8021305511811025
20
-4.9030766141732283
11
5.8021305511811025
21
-4.9021726771653542
0
LINE
8
BLACK
6
CONTINUOUS
10
5.8021305511811025
20
-4.9021726771653542
11
5.8027697637795272
21
-4.9015334645669286
0
LINE
8
BLACK
6
CONTINUOUS
10
5.8027697637795272
20
-4.9015334645669286
11
5.8036737007874013
21
-4.9015334645669286
0
LINE
8
BLACK
6
CONTINUOUS
10
5.8036737007874013
20
-4.9015334645669286
11
5.8040568897637792
21
-4.9017894881889763
0
LINE
8
BLACK
6
CONTINUOUS
10
5.8040568897637792
20
-4.9017894881889763
11
5.8048068110236217
21
-4.9025394094488188
0
LINE
8
BLACK
6
CONTINUOUS
10
5.8048068110236217
20
-4.9025394094488188
11
5.8049119291338585
21
-4.9026967322834647
0
LINE
8
BLACK
6
CONTINUOUS
10
5.8049119291338585
20
-4.9026967322834647
11
5.8050280708661415
21
-4.9028463779527556
0
LINE
8
BLACK
6
CONTINUOUS
10
5.8050280708661415
20
-4.9028463779527556
11
5.8057779527559052
21
-4.9043461811023619
0
LINE
8
BLACK
6
CONTINUOUS
10
5.8057779527559052
20
-4.9043461811023619
11
5.8057935433070869
21
-4.9044031889763779
0
LINE
8
BLACK
6
CONTINUOUS
10
5.8057935433070869
20
-4.9044031889763779
11
5.8058127165354332
21
-4.9044223622047243
0
LINE
8
BLACK
6
CONTINUOUS
10
5.8058127165354332
20
-4.9044223622047243
11
5.8058496456692916
21
-4.9046081496062994
0
LINE
8
BLACK
6
CONTINUOUS
10
5.8058496456692916
20
-4.9046081496062994
11
5.8058996456692915
21
-4.9047906692913381
0
LINE
8
BLACK
6
CONTINUOUS
10
5.8058996456692915
20
-4.9047906692913381
11
5.8058910629921261
21
-4.9048162992125981
0
LINE
8
BLACK
6
CONTINUOUS
10
5.8058910629921261
20
-4.9048162992125981
11
5.8059026377952758
21
-4.9048743700787396
0
LINE
8
BLACK
6
CONTINUOUS
10
5.8059026377952758
20
-4.9048743700787396
11
5.8059026377952758
21
-4.9093738188976372
0
LINE
8
BLACK
6
CONTINUOUS
10
5.8059026377952758
20
-4.9093738188976372
11
5.8058910629921261
21
-4.9094318503937009
0
LINE
8
BLACK
6
CONTINUOUS
10
5.8058910629921261
20
-4.9094318503937009
11
5.8058996456692915
21
-4.9094575196850396
0
LINE
8
BLACK
6
CONTINUOUS
10
5.8058996456692915
20
-4.9094575196850396
11
5.8058496456692916
21
-4.9096399999999996
0
LINE
8
BLACK
6
CONTINUOUS
10
5.8058496456692916
20
-4.9096399999999996
11
5.8058127165354332
21
-4.9098258267716535
0
LINE
8
BLACK
6
CONTINUOUS
10
5.8058127165354332
20
-4.9098258267716535
11
5.8057935433070869
21
-4.909844960629921
0
LINE
8
BLACK
6
CONTINUOUS
10
5.8057935433070869
20
-4.909844960629921
11
5.8057779527559052
21
-4.9099020078740159
0
LINE
8
BLACK
6
CONTINUOUS
10
5.8057779527559052
20
-4.9099020078740159
11
5.8050280708661415
21
-4.9114018110236222
0
LINE
8
BLACK
6
CONTINUOUS
10
5.8050280708661415
20
-4.9114018110236222
11
5.8049119291338585
21
-4.9115514173228343
0
LINE
8
BLACK
6
CONTINUOUS
10
5.8049119291338585
20
-4.9115514173228343
11
5.8048068110236217
21
-4.9117087795275589
0
LINE
8
BLACK
6
CONTINUOUS
10
5.8048068110236217
20
-4.9117087795275589
11
5.8040568897637792
21
-4.9124587007874014
0
LINE
8
BLACK
6
CONTINUOUS
10
5.8040568897637792
20
-4.9124587007874014
11
5.8038995275590546
21
-4.9125637795275585
0
LINE
8
BLACK
6
CONTINUOUS
10
5.8038995275590546
20
-4.9125637795275585
11
5.8037499212598425
21
-4.9126799606299212
0
LINE
8
BLACK
6
CONTINUOUS
10
5.8037499212598425
20
-4.9126799606299212
11
5.8022501181102362
21
-4.913429842519685
0
LINE
8
BLACK
6
CONTINUOUS
10
5.8022501181102362
20
-4.913429842519685
11
5.8021930708661413
21
-4.9134454330708657
0
LINE
8
BLACK
6
CONTINUOUS
10
5.8021930708661413
20
-4.9134454330708657
11
5.8021739370078738
21
-4.9134646062992129
0
LINE
8
BLACK
6
CONTINUOUS
10
5.8021739370078738
20
-4.9134646062992129
11
5.8019881102362207
21
-4.9135015354330704
0
LINE
8
BLACK
6
CONTINUOUS
10
5.8019881102362207
20
-4.9135015354330704
11
5.8018056299212599
21
-4.9135515354330703
0
LINE
8
BLACK
6
CONTINUOUS
10
5.8018056299212599
20
-4.9135515354330703
11
5.8017799606299212
21
-4.9135429527559058
0
LINE
8
BLACK
6
CONTINUOUS
10
5.8017799606299212
20
-4.9135429527559058
11
5.8017219291338584
21
-4.9135545275590546
0
LINE
8
BLACK
6
CONTINUOUS
10
5.8017219291338584
20
-4.9135545275590546
11
5.7979724015748033
21
-4.9135545275590546
0
LINE
8
BLACK
6
CONTINUOUS
10
5.7979724015748033
20
-4.9135545275590546
11
5.7979143307086609
21
-4.9135429527559058
0
LINE
8
BLACK
6
CONTINUOUS
10
5.7979143307086609
20
-4.9135429527559058
11
5.7978887007874018
21
-4.9135515354330703
0
LINE
8
BLACK
6
CONTINUOUS
10
5.7978887007874018
20
-4.9135515354330703
11
5.7977061811023622
21
-4.9135015354330704
0
LINE
8
BLACK
6
CONTINUOUS
10
5.7977061811023622
20
-4.9135015354330704
11
5.7975203937007871
21
-4.9134646062992129
0
LINE
8
BLACK
6
CONTINUOUS
10
5.7975203937007871
20
-4.9134646062992129
11
5.7975012204724408
21
-4.9134454330708657
0
LINE
8
BLACK
6
CONTINUOUS
10
5.7975012204724408
20
-4.9134454330708657
11
5.7974442125984247
21
-4.913429842519685
0
LINE
8
BLACK
6
CONTINUOUS
10
5.7974442125984247
20
-4.913429842519685
11
5.7959443700787396
21
-4.9126799606299212
0
LINE
8
BLACK
6
CONTINUOUS
10
5.7959443700787396
20
-4.9126799606299212
11
5.7957947244094488
21
-4.9125638188976373
0
LINE
8
BLACK
6
CONTINUOUS
10
5.7957947244094488
20
-4.9125638188976373
11
5.7956373622047241
21
-4.9124586614173227
0
LINE
8
BLACK
6
CONTINUOUS
10
5.7956373622047241
20
-4.9124586614173227
11
5.7948874803149604
21
-4.9117087795275589
0
LINE
8
BLACK
6
CONTINUOUS
10
5.7948874803149604
20
-4.9117087795275589
11
5.794782283464567
21
-4.911551299212598
0
LINE
8
BLACK
6
CONTINUOUS
10
5.794782283464567
20
-4.911551299212598
11
5.7946662598425194
21
-4.9114018503937009
0
LINE
8
BLACK
6
CONTINUOUS
10
5.7946662598425194
20
-4.9114018503937009
11
5.7939163385826769
21
-4.9099020472440946
0
LINE
8
BLACK
6
CONTINUOUS
10
5.7939163385826769
20
-4.9099020472440946
11
5.7939007086614174
21
-4.909844960629921
0
LINE
8
BLACK
6
CONTINUOUS
10
5.7939007086614174
20
-4.909844960629921
11
5.7938815748031498
21
-4.9098258267716535
0
LINE
8
BLACK
6
CONTINUOUS
10
5.7938815748031498
20
-4.9098258267716535
11
5.7938514566929129
21
-4.9096745669291337
0
LINE
8
BLACK
6
CONTINUOUS
10
5.7938514566929129
20
-4.9096745669291337
11
5.7897512598425198
21
-4.9132622834645669
0
LINE
8
BLACK
6
CONTINUOUS
10
5.7897512598425198
20
-4.9132622834645669
11
5.7894601968503938
21
-4.9134298818897637
0
LINE
8
BLACK
6
CONTINUOUS
10
5.7894601968503938
20
-4.9134298818897637
11
5.7894255118110234
21
-4.9134646062992129
0
LINE
8
BLACK
6
CONTINUOUS
10
5.7894255118110234
20
-4.9134646062992129
11
5.7893999606299209
21
-4.9134646062992129
0
LINE
8
BLACK
6
CONTINUOUS
10
5.7893999606299209
20
-4.9134646062992129
11
5.789351889763779
21
-4.9134922834645671
0
LINE
8
BLACK
6
CONTINUOUS
10
5.789351889763779
20
-4.9134922834645671
11
5.7889369291338584
21
-4.9134646062992129
0
LINE
8
BLACK
6
CONTINUOUS
10
5.7889369291338584
20
-4.9134646062992129
11
5.7885214960629918
21
-4.9134646062992129
0
LINE
8
BLACK
6
CONTINUOUS
10
5.7885214960629918
20
-4.9134646062992129
11
5.7884917716535433
21
-4.9134348818897635
0
LINE
8
BLACK
6
CONTINUOUS
10
5.7884917716535433
20
-4.9134348818897635
11
5.7884499606299213
21
-4.9134321259842517
0
LINE
8
BLACK
6
CONTINUOUS
10
5.7884499606299213
20
-4.9134321259842517
11
5.7881764173228349
21
-4.9131195275590551
0
LINE
8
BLACK
6
CONTINUOUS
10
5.7881764173228349
20
-4.9131195275590551
11
5.7878823228346459
21
-4.9128254330708661
0
LINE
8
BLACK
6
CONTINUOUS
10
5.7878823228346459
20
-4.9128254330708661
11
5.7878714960629916
21
-4.9127710629921255
0
LINE
8
BLACK
6
CONTINUOUS
10
5.7878714960629916
20
-4.9127710629921255
11
5.7878546456692916
21
-4.9127518110236217
0
LINE
8
BLACK
6
CONTINUOUS
10
5.7878546456692916
20
-4.9127518110236217
11
5.7878579133858263
21
-4.9127027165354331
0
LINE
8
BLACK
6
CONTINUOUS
10
5.7878579133858263
20
-4.9127027165354331
11
5.7877924015748032
21
-4.9123734251968507
0
LINE
8
BLACK
6
CONTINUOUS
10
5.7877924015748032
20
-4.9123734251968507
11
5.7877924015748032
21
-4.9026246456692908
0
LINE
8
BLACK
6
CONTINUOUS
10
5.7877924015748032
20
-4.9026246456692908
11
5.7878823228346459
21
-4.9021726377952755
0
LINE
8
BLACK
6
CONTINUOUS
10
5.7878823228346459
20
-4.9021726377952755
11
5.7885214960629918
21
-4.9015334645669286
0
LINE
8
BLACK
6
CONTINUOUS
10
5.7885214960629918
20
-4.9015334645669286
11
5.7894255118110234
21
-4.9015334645669286
0
LINE
8
BLACK
6
CONTINUOUS
10
5.7894255118110234
20
-4.9015334645669286
11
5.7900646850393702
21
-4.9021726377952755
0
LINE
8
BLACK
6
CONTINUOUS
10
5.7981143700787401
20
-4.8864736614173223
11
5.7982588582677161
21
-4.8864807086614173
0
LINE
8
BLACK
6
CONTINUOUS
10
5.7982588582677161
20
-4.8864807086614173
11
5.8012584645669287
21
-4.8872306299212598
0
LINE
8
BLACK
6
CONTINUOUS
10
5.8012584645669287
20
-4.8872306299212598
11
5.8013753937007877
21
-4.887285866141732
0
LINE
8
BLACK
6
CONTINUOUS
10
5.8013753937007877
20
-4.887285866141732
11
5.8015001968503936
21
-4.8873200393700786
0
LINE
8
BLACK
6
CONTINUOUS
10
5.8015001968503936
20
-4.8873200393700786
11
5.8029999999999999
21
-4.8880699212598424
0
LINE
8
BLACK
6
CONTINUOUS
10
5.8029999999999999
20
-4.8880699212598424
11
5.8031494881889758
21
-4.8881859448818901
0
LINE
8
BLACK
6
CONTINUOUS
10
5.8031494881889758
20
-4.8881859448818901
11
5.8033069685039367
21
-4.8882911811023622
0
LINE
8
BLACK
6
CONTINUOUS
10
5.8033069685039367
20
-4.8882911811023622
11
5.8048068110236217
21
-4.8897909448818897
0
LINE
8
BLACK
6
CONTINUOUS
10
5.8048068110236217
20
-4.8897909448818897
11
5.8048396850393695
21
-4.8898401574803145
0
LINE
8
BLACK
6
CONTINUOUS
10
5.8048396850393695
20
-4.8898401574803145
11
5.8048638976377953
21
-4.8898522834645668
0
LINE
8
BLACK
6
CONTINUOUS
10
5.8048638976377953
20
-4.8898522834645668
11
5.8049576771653539
21
-4.890016771653543
0
LINE
8
BLACK
6
CONTINUOUS
10
5.8049576771653539
20
-4.890016771653543
11
5.8050628346456694
21
-4.8901741732283464
0
LINE
8
BLACK
6
CONTINUOUS
10
5.8050628346456694
20
-4.8901741732283464
11
5.8050628346456694
21
-4.8902011811023618
0
LINE
8
BLACK
6
CONTINUOUS
10
5.8050628346456694
20
-4.8902011811023618
11
5.8050921653543304
21
-4.8902526377952755
0
LINE
8
BLACK
6
CONTINUOUS
10
5.8050921653543304
20
-4.8902526377952755
11
5.8058420472440941
21
-4.8925024015748031
0
LINE
8
BLACK
6
CONTINUOUS
10
5.8058420472440941
20
-4.8925024015748031
11
5.8058656692913386
21
-4.8926901968503937
0
LINE
8
BLACK
6
CONTINUOUS
10
5.8058656692913386
20
-4.8926901968503937
11
5.8059026377952758
21
-4.8928758661417318
0
LINE
8
BLACK
6
CONTINUOUS
10
5.8059026377952758
20
-4.8928758661417318
11
5.8059026377952758
21
-4.8943757086614168
0
LINE
8
BLACK
6
CONTINUOUS
10
5.8059026377952758
20
-4.8943757086614168
11
5.8058657086614174
21
-4.8945612992125982
0
LINE
8
BLACK
6
CONTINUOUS
10
5.8058657086614174
20
-4.8945612992125982
11
5.8058420472440941
21
-4.8947492125984251
0
LINE
8
BLACK
6
CONTINUOUS
10
5.8058420472440941
20
-4.8947492125984251
11
5.8050921653543304
21
-4.8969988976377952
0
LINE
8
BLACK
6
CONTINUOUS
10
5.8050921653543304
20
-4.8969988976377952
11
5.8050628740157482
21
-4.8970502362204726
0
LINE
8
BLACK
6
CONTINUOUS
10
5.8050628740157482
20
-4.8970502362204726
11
5.8050628740157482
21
-4.8970773622047243
0
LINE
8
BLACK
6
CONTINUOUS
10
5.8050628740157482
20
-4.8970773622047243
11
5.8049575984251964
21
-4.8972348425196852
0
LINE
8
BLACK
6
CONTINUOUS
10
5.8049575984251964
20
-4.8972348425196852
11
5.8048638976377953
21
-4.8973992519685039
0
LINE
8
BLACK
6
CONTINUOUS
10
5.8048638976377953
20
-4.8973992519685039
11
5.8048396456692908
21
-4.8974113385826774
0
LINE
8
BLACK
6
CONTINUOUS
10
5.8048396456692908
20
-4.8974113385826774
11
5.8048068110236217
21
-4.8974605511811022
0
LINE
8
BLACK
6
CONTINUOUS
10
5.8048068110236217
20
-4.8974605511811022
11
5.8040568897637792
21
-4.8982104724409448
0
LINE
8
BLACK
6
CONTINUOUS
10
5.8040568897637792
20
-4.8982104724409448
11
5.8036737007874013
21
-4.8984664960629924
0
LINE
8
BLACK
6
CONTINUOUS
10
5.8036737007874013
20
-4.8984664960629924
11
5.8027697637795272
21
-4.8984664960629924
0
LINE
8
BLACK
6
CONTINUOUS
10
5.8027697637795272
20
-4.8984664960629924
11
5.8021305511811025
21
-4.8978272834645669
0
LINE
8
BLACK
6
CONTINUOUS
10
5.8021305511811025
20
-4.8978272834645669
11
5.8021305511811025
21
-4.8969233464566928
0
LINE
8
BLACK
6
CONTINUOUS
10
5.8021305511811025
20
-4.8969233464566928
11
5.8023865748031493
21
-4.8965401574803149
0
LINE
8
BLACK
6
CONTINUOUS
10
5.8023865748031493
20
-4.8965401574803149
11
5.8029392519685041
21
-4.8959874409448814
0
LINE
8
BLACK
6
CONTINUOUS
10
5.8029392519685041
20
-4.8959874409448814
11
5.8035404330708662
21
-4.8941839763779527
0
LINE
8
BLACK
6
CONTINUOUS
10
5.8035404330708662
20
-4.8941839763779527
11
5.8035404330708662
21
-4.893067559055118
0
LINE
8
BLACK
6
CONTINUOUS
10
5.8035404330708662
20
-4.893067559055118
11
5.8029392519685041
21
-4.8912640944881884
0
LINE
8
BLACK
6
CONTINUOUS
10
5.8029392519685041
20
-4.8912640944881884
11
5.8017722047244096
21
-4.8900970472440948
0
LINE
8
BLACK
6
CONTINUOUS
10
5.8017722047244096
20
-4.8900970472440948
11
5.8005597244094487
21
-4.8894907874015745
0
LINE
8
BLACK
6
CONTINUOUS
10
5.8005597244094487
20
-4.8894907874015745
11
5.7978270472440947
21
-4.8888076377952752
0
LINE
8
BLACK
6
CONTINUOUS
10
5.7978270472440947
20
-4.8888076377952752
11
5.7958680314960631
21
-4.8888076377952752
0
LINE
8
BLACK
6
CONTINUOUS
10
5.7958680314960631
20
-4.8888076377952752
11
5.7931352755905507
21
-4.8894908267716533
0
LINE
8
BLACK
6
CONTINUOUS
10
5.7931352755905507
20
-4.8894908267716533
11
5.7919228740157482
21
-4.890097007874016
0
LINE
8
BLACK
6
CONTINUOUS
10
5.7919228740157482
20
-4.890097007874016
11
5.7907557086614174
21
-4.8912641338582672
0
LINE
8
BLACK
6
CONTINUOUS
10
5.7907557086614174
20
-4.8912641338582672
11
5.7901546062992129
21
-4.8930674803149605
0
LINE
8
BLACK
6
CONTINUOUS
10
5.7901546062992129
20
-4.8930674803149605
11
5.7901546062992129
21
-4.8941840551181102
0
LINE
8
BLACK
6
CONTINUOUS
10
5.7901546062992129
20
-4.8941840551181102
11
5.7907557086614174
21
-4.895987322834646
0
LINE
8
BLACK
6
CONTINUOUS
10
5.7907557086614174
20
-4.895987322834646
11
5.7913085039370076
21
-4.8965401574803149
0
LINE
8
BLACK
6
CONTINUOUS
10
5.7913085039370076
20
-4.8965401574803149
11
5.7915645275590553
21
-4.8969233858267716
0
LINE
8
BLACK
6
CONTINUOUS
10
5.7915645275590553
20
-4.8969233858267716
11
5.7915644881889765
21
-4.8978272834645669
0
LINE
8
BLACK
6
CONTINUOUS
10
5.7915644881889765
20
-4.8978272834645669
11
5.7909252362204722
21
-4.8984665354330703
0
LINE
8
BLACK
6
CONTINUOUS
10
5.7909252362204722
20
-4.8984665354330703
11
5.7900212992125981
21
-4.8984664960629924
0
LINE
8
BLACK
6
CONTINUOUS
10
5.7900212992125981
20
-4.8984664960629924
11
5.7896381102362202
21
-4.898210433070866
0
LINE
8
BLACK
6
CONTINUOUS
10
5.7896381102362202
20
-4.898210433070866
11
5.7888882283464564
21
-4.8974605511811022
0
LINE
8
BLACK
6
CONTINUOUS
10
5.7888882283464564
20
-4.8974605511811022
11
5.7888553149606299
21
-4.8974112992125987
0
LINE
8
BLACK
6
CONTINUOUS
10
5.7888553149606299
20
-4.8974112992125987
11
5.7888311811023625
21
-4.8973992519685039
0
LINE
8
BLACK
6
CONTINUOUS
10
5.7888311811023625
20
-4.8973992519685039
11
5.788737559055118
21
-4.8972350000000002
0
LINE
8
BLACK
6
CONTINUOUS
10
5.788737559055118
20
-4.8972350000000002
11
5.7886322047244096
21
-4.8970773228346456
0
LINE
8
BLACK
6
CONTINUOUS
10
5.7886322047244096
20
-4.8970773228346456
11
5.7886322047244096
21
-4.8970501968503939
0
LINE
8
BLACK
6
CONTINUOUS
10
5.7886322047244096
20
-4.8970501968503939
11
5.7886029527559053
21
-4.8969988976377952
0
LINE
8
BLACK
6
CONTINUOUS
10
5.7886029527559053
20
-4.8969988976377952
11
5.7878530314960628
21
-4.8947492125984251
0
LINE
8
BLACK
6
CONTINUOUS
10
5.7878530314960628
20
-4.8947492125984251
11
5.7878293700787404
21
-4.8945615748031495
0
LINE
8
BLACK
6
CONTINUOUS
10
5.7878293700787404
20
-4.8945615748031495
11
5.7877924015748032
21
-4.8943757086614168
0
LINE
8
BLACK
6
CONTINUOUS
10
5.7877924015748032
20
-4.8943757086614168
11
5.7877924015748032
21
-4.8928758661417318
0
LINE
8
BLACK
6
CONTINUOUS
10
5.7877924015748032
20
-4.8928758661417318
11
5.7878293700787404
21
-4.8926899606299212
0
LINE
8
BLACK
6
CONTINUOUS
10
5.7878293700787404
20
-4.8926899606299212
11
5.7878530314960628
21
-4.8925023622047243
0
LINE
8
BLACK
6
CONTINUOUS
10
5.7878530314960628
20
-4.8925023622047243
11
5.7886029527559053
21
-4.8902526377952755
0
LINE
8
BLACK
6
CONTINUOUS
10
5.7886029527559053
20
-4.8902526377952755
11
5.7886322440944884
21
-4.8902012204724405
0
LINE
8
BLACK
6
CONTINUOUS
10
5.7886322440944884
20
-4.8902012204724405
11
5.7886322440944884
21
-4.8901741732283464
0
LINE
8
BLACK
6
CONTINUOUS
10
5.7886322440944884
20
-4.8901741732283464
11
5.788737401574803
21
-4.8900167322834642
0
LINE
8
BLACK
6
CONTINUOUS
10
5.788737401574803
20
-4.8900167322834642
11
5.7888311811023625
21
-4.8898522834645668
0
LINE
8
BLACK
6
CONTINUOUS
10
5.7888311811023625
20
-4.8898522834645668
11
5.7888553937007874
21
-4.8898401574803145
0
LINE
8
BLACK
6
CONTINUOUS
10
5.7888553937007874
20
-4.8898401574803145
11
5.7888882677165352
21
-4.8897909842519685
0
LINE
8
BLACK
6
CONTINUOUS
10
5.7888882677165352
20
-4.8897909842519685
11
5.7903880314960627
21
-4.8882911811023622
0
LINE
8
BLACK
6
CONTINUOUS
10
5.7903880314960627
20
-4.8882911811023622
11
5.7905453937007874
21
-4.8881860236220476
0
LINE
8
BLACK
6
CONTINUOUS
10
5.7905453937007874
20
-4.8881860236220476
11
5.7906950393700782
21
-4.8880699212598424
0
LINE
8
BLACK
6
CONTINUOUS
10
5.7906950393700782
20
-4.8880699212598424
11
5.7921948425196845
21
-4.8873200393700786
0
LINE
8
BLACK
6
CONTINUOUS
10
5.7921948425196845
20
-4.8873200393700786
11
5.7923196062992126
21
-4.887285866141732
0
LINE
8
BLACK
6
CONTINUOUS
10
5.7923196062992126
20
-4.887285866141732
11
5.7924365748031494
21
-4.8872306299212598
0
LINE
8
BLACK
6
CONTINUOUS
10
5.7924365748031494
20
-4.8872306299212598
11
5.7954362204724408
21
-4.8864807086614173
0
LINE
8
BLACK
6
CONTINUOUS
10
5.7954362204724408
20
-4.8864807086614173
11
5.7955806692913381
21
-4.8864736614173223
0
LINE
8
BLACK
6
CONTINUOUS
10
5.7955806692913381
20
-4.8864736614173223
11
5.7957226771653545
21
-4.8864454330708664
0
LINE
8
BLACK
6
CONTINUOUS
10
5.7957226771653545
20
-4.8864454330708664
11
5.7979724015748033
21
-4.8864454330708664
0
LINE
8
BLACK
6
CONTINUOUS
10
5.7979724015748033
20
-4.8864454330708664
11
5.7981143700787401
21
-4.8864736614173223
0
LINE
8
BLACK
6
CONTINUOUS
10
5.8140603937007871
20
-4.8666852755905508
11
5.8151257480314955
21
-4.8677506299212601
0
LINE
8
BLACK
6
CONTINUOUS
10
5.8151257480314955
20
-4.8677506299212601
11
5.815275590551181
21
-4.8685039370078735
0
LINE
8
BLACK
6
CONTINUOUS
10
5.815275590551181
20
-4.8685039370078735
11
5.815275590551181
21
-4.9314960629921263
0
LINE
8
BLACK
6
CONTINUOUS
10
5.815275590551181
20
-4.9314960629921263
11
5.8151257480314955
21
-4.9322493700787398
0
LINE
8
BLACK
6
CONTINUOUS
10
5.8151257480314955
20
-4.9322493700787398
11
5.8140603937007871
21
-4.9333147244094491
0
LINE
8
BLACK
6
CONTINUOUS
10
5.8140603937007871
20
-4.9333147244094491
11
5.8133070866141727
21
-4.9334645669291337
0
LINE
8
BLACK
6
CONTINUOUS
10
5.8133070866141727
20
-4.9334645669291337
11
5.7818110236220468
21
-4.9334645669291337
0
LINE
8
BLACK
6
CONTINUOUS
10
5.7818110236220468
20
-4.9334645669291337
11
5.7810577165354333
21
-4.9333147244094491
0
LINE
8
BLACK
6
CONTINUOUS
10
5.7810577165354333
20
-4.9333147244094491
11
5.779992362204724
21
-4.9322493700787398
0
LINE
8
BLACK
6
CONTINUOUS
10
5.779992362204724
20
-4.9322493700787398
11
5.7798425196850394
21
-4.9314960629921263
0
LINE
8
BLACK
6
CONTINUOUS
10
5.7798425196850394
20
-4.9314960629921263
11
5.7798425196850394
21
-4.8685039370078735
0
LINE
8
BLACK
6
CONTINUOUS
10
5.7798425196850394
20
-4.8685039370078735
11
5.779992362204724
21
-4.8677506299212601
0
LINE
8
BLACK
6
CONTINUOUS
10
5.779992362204724
20
-4.8677506299212601
11
5.7810577165354333
21
-4.8666852755905508
0
LINE
8
BLACK
6
CONTINUOUS
10
5.7810577165354333
20
-4.8666852755905508
11
5.7818110236220468
21
-4.8665354330708661
0
LINE
8
BLACK
6
CONTINUOUS
10
5.7818110236220468
20
-4.8665354330708661
11
5.8133070866141727
21
-4.8665354330708661
0
LINE
8
BLACK
6
CONTINUOUS
10
5.8133070866141727
20
-4.8665354330708661
11
5.8140603937007871
21
-4.8666852755905508
0
LINE
8
BLACK
6
CONTINUOUS
10
5.7837795275590551
20
-4.8704724409448819
11
5.7837795275590551
21
-4.929527559055118
0
LINE
8
BLACK
6
CONTINUOUS
10
5.7837795275590551
20
-4.929527559055118
11
5.8113385826771653
21
-4.929527559055118
0
LINE
8
BLACK
6
CONTINUOUS
10
5.8113385826771653
20
-4.929527559055118
11
5.8113385826771653
21
-4.8704724409448819
0
LINE
8
BLACK
6
CONTINUOUS
10
5.8113385826771653
20
-4.8704724409448819
11
5.7837795275590551
21
-4.8704724409448819
0
LINE
8
BLACK
6
CONTINUOUS
10
5.999089645669291
20
-4.9026007480314959
11
5.9993755118110235
21
-4.9034582677165357
0
LINE
8
BLACK
6
CONTINUOUS
10
5.9993755118110235
20
-4.9034582677165357
11
5.9992537795275593
21
-4.9039027559055119
0
LINE
8
BLACK
6
CONTINUOUS
10
5.9992537795275593
20
-4.9039027559055119
11
5.9985038582677168
21
-4.905402598425197
0
LINE
8
BLACK
6
CONTINUOUS
10
5.9985038582677168
20
-4.905402598425197
11
5.9983877165354329
21
-4.9055521653543304
0
LINE
8
BLACK
6
CONTINUOUS
10
5.9983877165354329
20
-4.9055521653543304
11
5.9982825984251971
21
-4.9057095669291337
0
LINE
8
BLACK
6
CONTINUOUS
10
5.9982825984251971
20
-4.9057095669291337
11
5.997299212598425
21
-4.906692913385827
0
LINE
8
BLACK
6
CONTINUOUS
10
5.997299212598425
20
-4.906692913385827
11
6.0082648425196847
21
-4.906692913385827
0
LINE
8
BLACK
6
CONTINUOUS
10
6.0082648425196847
20
-4.906692913385827
11
6.0082648425196847
21
-4.9033745669291333
0
LINE
8
BLACK
6
CONTINUOUS
10
6.0082648425196847
20
-4.9033745669291333
11
6.0083547637795274
21
-4.902922559055118
0
LINE
8
BLACK
6
CONTINUOUS
10
6.0083547637795274
20
-4.902922559055118
11
6.0089939370078742
21
-4.9022833858267711
0
LINE
8
BLACK
6
CONTINUOUS
10
6.0089939370078742
20
-4.9022833858267711
11
6.0098979527559058
21
-4.9022833858267711
0
LINE
8
BLACK
6
CONTINUOUS
10
6.0098979527559058
20
-4.9022833858267711
11
6.0105371259842517
21
-4.902922559055118
0
LINE
8
BLACK
6
CONTINUOUS
10
6.0105371259842517
20
-4.902922559055118
11
6.0106270472440944
21
-4.9033745669291333
0
LINE
8
BLACK
6
CONTINUOUS
10
6.0106270472440944
20
-4.9033745669291333
11
6.0106270472440944
21
-4.9123734251968507
0
LINE
8
BLACK
6
CONTINUOUS
10
6.0106270472440944
20
-4.9123734251968507
11
6.0105371259842517
21
-4.9128254330708661
0
LINE
8
BLACK
6
CONTINUOUS
10
6.0105371259842517
20
-4.9128254330708661
11
6.0098979527559058
21
-4.9134646062992129
0
LINE
8
BLACK
6
CONTINUOUS
10
6.0098979527559058
20
-4.9134646062992129
11
6.0089939370078742
21
-4.9134646062992129
0
LINE
8
BLACK
6
CONTINUOUS
10
6.0089939370078742
20
-4.9134646062992129
11
6.0083547637795274
21
-4.9128254330708661
0
LINE
8
BLACK
6
CONTINUOUS
10
6.0083547637795274
20
-4.9128254330708661
11
6.0082648425196847
21
-4.9123734251968507
0
LINE
8
BLACK
6
CONTINUOUS
10
6.0082648425196847
20
-4.9123734251968507
11
6.0082648425196847
21
-4.9090551181102358
0
LINE
8
BLACK
6
CONTINUOUS
10
6.0082648425196847
20
-4.9090551181102358
11
5.9936979133858266
21
-4.9090551181102358
0
LINE
8
BLACK
6
CONTINUOUS
10
5.9936979133858266
20
-4.9090551181102358
11
5.9932459055118112
21
-4.908965196850394
0
LINE
8
BLACK
6
CONTINUOUS
10
5.9932459055118112
20
-4.908965196850394
11
5.9931599212598421
21
-4.9088792125984249
0
LINE
8
BLACK
6
CONTINUOUS
10
5.9931599212598421
20
-4.9088792125984249
11
5.993040748031496
21
-4.9088553937007875
0
LINE
8
BLACK
6
CONTINUOUS
10
5.993040748031496
20
-4.9088553937007875
11
5.992849960629921
21
-4.9085692519685038
0
LINE
8
BLACK
6
CONTINUOUS
10
5.992849960629921
20
-4.9085692519685038
11
5.9926067322834644
21
-4.9083260236220472
0
LINE
8
BLACK
6
CONTINUOUS
10
5.9926067322834644
20
-4.9083260236220472
11
5.9926067322834644
21
-4.9082044094488184
0
LINE
8
BLACK
6
CONTINUOUS
10
5.9926067322834644
20
-4.9082044094488184
11
5.9925392519685037
21
-4.908103228346457
0
LINE
8
BLACK
6
CONTINUOUS
10
5.9925392519685037
20
-4.908103228346457
11
5.9926067322834644
21
-4.9077658267716533
0
LINE
8
BLACK
6
CONTINUOUS
10
5.9926067322834644
20
-4.9077658267716533
11
5.9926067322834644
21
-4.9074220078740156
0
LINE
8
BLACK
6
CONTINUOUS
10
5.9926067322834644
20
-4.9074220078740156
11
5.9926926771653539
21
-4.9073360236220473
0
LINE
8
BLACK
6
CONTINUOUS
10
5.9926926771653539
20
-4.9073360236220473
11
5.9927165354330709
21
-4.9072168503937004
0
LINE
8
BLACK
6
CONTINUOUS
10
5.9927165354330709
20
-4.9072168503937004
11
5.9930427559055115
21
-4.9068912992125986
0
LINE
8
BLACK
6
CONTINUOUS
10
5.9930427559055115
20
-4.9068912992125986
11
5.9951952362204723
21
-4.9054562204724412
0
LINE
8
BLACK
6
CONTINUOUS
10
5.9951952362204723
20
-4.9054562204724412
11
5.9964767322834645
21
-4.9041747244094491
0
LINE
8
BLACK
6
CONTINUOUS
10
5.9964767322834645
20
-4.9041747244094491
11
5.99714094488189
21
-4.9028463385826768
0
LINE
8
BLACK
6
CONTINUOUS
10
5.99714094488189
20
-4.9028463385826768
11
5.9974235433070868
21
-4.9024822834645665
0
LINE
8
BLACK
6
CONTINUOUS
10
5.9974235433070868
20
-4.9024822834645665
11
5.9982810629921257
21
-4.902196417322835
0
LINE
8
BLACK
6
CONTINUOUS
10
5.9982810629921257
20
-4.902196417322835
11
5.999089645669291
21
-4.9026007480314959
0
LINE
8
BLACK
6
CONTINUOUS
10
6.0028387795275586
20
-4.8864736614173223
11
6.0029832677165356
21
-4.8864807086614173
0
LINE
8
BLACK
6
CONTINUOUS
10
6.0029832677165356
20
-4.8864807086614173
11
6.0059828740157482
21
-4.8872306299212598
0
LINE
8
BLACK
6
CONTINUOUS
10
6.0059828740157482
20
-4.8872306299212598
11
6.0060998031496062
21
-4.887285866141732
0
LINE
8
BLACK
6
CONTINUOUS
10
6.0060998031496062
20
-4.887285866141732
11
6.0062246062992122
21
-4.8873200393700786
0
LINE
8
BLACK
6
CONTINUOUS
10
6.0062246062992122
20
-4.8873200393700786
11
6.0077244094488185
21
-4.8880699212598424
0
LINE
8
BLACK
6
CONTINUOUS
10
6.0077244094488185
20
-4.8880699212598424
11
6.0078738976377952
21
-4.8881859448818901
0
LINE
8
BLACK
6
CONTINUOUS
10
6.0078738976377952
20
-4.8881859448818901
11
6.0080313779527561
21
-4.8882911811023622
0
LINE
8
BLACK
6
CONTINUOUS
10
6.0080313779527561
20
-4.8882911811023622
11
6.0095312204724411
21
-4.8897909448818897
0
LINE
8
BLACK
6
CONTINUOUS
10
6.0095312204724411
20
-4.8897909448818897
11
6.009564094488189
21
-4.8898401574803145
0
LINE
8
BLACK
6
CONTINUOUS
10
6.009564094488189
20
-4.8898401574803145
11
6.0095883070866138
21
-4.8898522834645668
0
LINE
8
BLACK
6
CONTINUOUS
10
6.0095883070866138
20
-4.8898522834645668
11
6.0096820866141734
21
-4.890016771653543
0
LINE
8
BLACK
6
CONTINUOUS
10
6.0096820866141734
20
-4.890016771653543
11
6.0097872440944879
21
-4.8901741732283464
0
LINE
8
BLACK
6
CONTINUOUS
10
6.0097872440944879
20
-4.8901741732283464
11
6.0097872440944879
21
-4.8902011811023618
0
LINE
8
BLACK
6
CONTINUOUS
10
6.0097872440944879
20
-4.8902011811023618
11
6.0098165748031498
21
-4.8902526377952755
0
LINE
8
BLACK
6
CONTINUOUS
10
6.0098165748031498
20
-4.8902526377952755
11
6.0105664566929136
21
-4.8925024015748031
0
LINE
8
BLACK
6
CONTINUOUS
10
6.0105664566929136
20
-4.8925024015748031
11
6.0105900787401572
21
-4.8926901968503937
0
LINE
8
BLACK
6
CONTINUOUS
10
6.0105900787401572
20
-4.8926901968503937
11
6.0106270472440944
21
-4.8928758661417318
0
LINE
8
BLACK
6
CONTINUOUS
10
6.0106270472440944
20
-4.8928758661417318
11
6.0106270472440944
21
-4.8943757086614168
0
LINE
8
BLACK
6
CONTINUOUS
10
6.0106270472440944
20
-4.8943757086614168
11
6.0105901181102359
21
-4.8945612992125982
0
LINE
8
BLACK
6
CONTINUOUS
10
6.0105901181102359
20
-4.8945612992125982
11
6.0105664566929136
21
-4.8947492125984251
0
LINE
8
BLACK
6
CONTINUOUS
10
6.0105664566929136
20
-4.8947492125984251
11
6.0098165748031498
21
-4.8969988976377952
0
LINE
8
BLACK
6
CONTINUOUS
10
6.0098165748031498
20
-4.8969988976377952
11
6.0097872834645667
21
-4.8970502362204726
0
LINE
8
BLACK
6
CONTINUOUS
10
6.0097872834645667
20
-4.8970502362204726
11
6.0097872834645667
21
-4.8970773622047243
0
LINE
8
BLACK
6
CONTINUOUS
10
6.0097872834645667
20
-4.8970773622047243
11
6.0096820078740159
21
-4.8972348425196852
0
LINE
8
BLACK
6
CONTINUOUS
10
6.0096820078740159
20
-4.8972348425196852
11
6.0095883070866138
21
-4.8973992519685039
0
LINE
8
BLACK
6
CONTINUOUS
10
6.0095883070866138
20
-4.8973992519685039
11
6.0095640551181102
21
-4.8974113385826774
0
LINE
8
BLACK
6
CONTINUOUS
10
6.0095640551181102
20
-4.8974113385826774
11
6.0095312204724411
21
-4.8974605511811022
0
LINE
8
BLACK
6
CONTINUOUS
10
6.0095312204724411
20
-4.8974605511811022
11
6.0087812992125986
21
-4.8982104724409448
0
LINE
8
BLACK
6
CONTINUOUS
10
6.0087812992125986
20
-4.8982104724409448
11
6.0083981102362207
21
-4.8984664960629924
0
LINE
8
BLACK
6
CONTINUOUS
10
6.0083981102362207
20
-4.8984664960629924
11
6.0074941732283467
21
-4.8984664960629924
0
LINE
8
BLACK
6
CONTINUOUS
10
6.0074941732283467
20
-4.8984664960629924
11
6.0068549606299211
21
-4.8978272834645669
0
LINE
8
BLACK
6
CONTINUOUS
10
6.0068549606299211
20
-4.8978272834645669
11
6.0068549606299211
21
-4.8969233464566928
0
LINE
8
BLACK
6
CONTINUOUS
10
6.0068549606299211
20
-4.8969233464566928
11
6.0071109842519688
21
-4.8965401574803149
0
LINE
8
BLACK
6
CONTINUOUS
10
6.0071109842519688
20
-4.8965401574803149
11
6.0076636614173227
21
-4.8959874409448814
0
LINE
8
BLACK
6
CONTINUOUS
10
6.0076636614173227
20
-4.8959874409448814
11
6.0082648425196847
21
-4.8941839763779527
0
LINE
8
BLACK
6
CONTINUOUS
10
6.0082648425196847
20
-4.8941839763779527
11
6.0082648425196847
21
-4.893067559055118
0
LINE
8
BLACK
6
CONTINUOUS
10
6.0082648425196847
20
-4.893067559055118
11
6.0076636614173227
21
-4.8912640944881884
0
LINE
8
BLACK
6
CONTINUOUS
10
6.0076636614173227
20
-4.8912640944881884
11
6.0064966141732281
21
-4.8900970472440948
0
LINE
8
BLACK
6
CONTINUOUS
10
6.0064966141732281
20
-4.8900970472440948
11
6.0052841338582672
21
-4.8894907874015745
0
LINE
8
BLACK
6
CONTINUOUS
10
6.0052841338582672
20
-4.8894907874015745
11
6.0025514566929132
21
-4.8888076377952752
0
LINE
8
BLACK
6
CONTINUOUS
10
6.0025514566929132
20
-4.8888076377952752
11
6.0005924409448816
21
-4.8888076377952752
0
LINE
8
BLACK
6
CONTINUOUS
10
6.0005924409448816
20
-4.8888076377952752
11
5.9978596850393702
21
-4.8894908267716533
0
LINE
8
BLACK
6
CONTINUOUS
10
5.9978596850393702
20
-4.8894908267716533
11
5.9966472834645668
21
-4.890097007874016
0
LINE
8
BLACK
6
CONTINUOUS
10
5.9966472834645668
20
-4.890097007874016
11
5.995480118110236
21
-4.8912641338582672
0
LINE
8
BLACK
6
CONTINUOUS
10
5.995480118110236
20
-4.8912641338582672
11
5.9948790157480314
21
-4.8930674803149605
0
LINE
8
BLACK
6
CONTINUOUS
10
5.9948790157480314
20
-4.8930674803149605
11
5.9948790157480314
21
-4.8941840551181102
0
LINE
8
BLACK
6
CONTINUOUS
10
5.9948790157480314
20
-4.8941840551181102
11
5.995480118110236
21
-4.895987322834646
0
LINE
8
BLACK
6
CONTINUOUS
10
5.995480118110236
20
-4.895987322834646
11
5.996032913385827
21
-4.8965401574803149
0
LINE
8
BLACK
6
CONTINUOUS
10
5.996032913385827
20
-4.8965401574803149
11
5.9962889370078738
21
-4.8969233858267716
0
LINE
8
BLACK
6
CONTINUOUS
10
5.9962889370078738
20
-4.8969233858267716
11
5.996288897637795
21
-4.8978272834645669
0
LINE
8
BLACK
6
CONTINUOUS
10
5.996288897637795
20
-4.8978272834645669
11
5.9956496456692916
21
-4.8984665354330703
0
LINE
8
BLACK
6
CONTINUOUS
10
5.9956496456692916
20
-4.8984665354330703
11
5.9947457086614175
21
-4.8984664960629924
0
LINE
8
BLACK
6
CONTINUOUS
10
5.9947457086614175
20
-4.8984664960629924
11
5.9943625196850396
21
-4.898210433070866
0
LINE
8
BLACK
6
CONTINUOUS
10
5.9943625196850396
20
-4.898210433070866
11
5.9936126377952759
21
-4.8974605511811022
0
LINE
8
BLACK
6
CONTINUOUS
10
5.9936126377952759
20
-4.8974605511811022
11
5.9935797244094484
21
-4.8974112992125987
0
LINE
8
BLACK
6
CONTINUOUS
10
5.9935797244094484
20
-4.8974112992125987
11
5.993555590551181
21
-4.8973992519685039
0
LINE
8
BLACK
6
CONTINUOUS
10
5.993555590551181
20
-4.8973992519685039
11
5.9934619685039365
21
-4.8972350000000002
0
LINE
8
BLACK
6
CONTINUOUS
10
5.9934619685039365
20
-4.8972350000000002
11
5.9933566141732282
21
-4.8970773228346456
0
LINE
8
BLACK
6
CONTINUOUS
10
5.9933566141732282
20
-4.8970773228346456
11
5.9933566141732282
21
-4.8970501968503939
0
LINE
8
BLACK
6
CONTINUOUS
10
5.9933566141732282
20
-4.8970501968503939
11
5.9933273622047238
21
-4.8969988976377952
0
LINE
8
BLACK
6
CONTINUOUS
10
5.9933273622047238
20
-4.8969988976377952
11
5.9925774409448813
21
-4.8947492125984251
0
LINE
8
BLACK
6
CONTINUOUS
10
5.9925774409448813
20
-4.8947492125984251
11
5.992553779527559
21
-4.8945615748031495
0
LINE
8
BLACK
6
CONTINUOUS
10
5.992553779527559
20
-4.8945615748031495
11
5.9925168110236218
21
-4.8943757086614168
0
LINE
8
BLACK
6
CONTINUOUS
10
5.9925168110236218
20
-4.8943757086614168
11
5.9925168110236218
21
-4.8928758661417318
0
LINE
8
BLACK
6
CONTINUOUS
10
5.9925168110236218
20
-4.8928758661417318
11
5.992553779527559
21
-4.8926899606299212
0
LINE
8
BLACK
6
CONTINUOUS
10
5.992553779527559
20
-4.8926899606299212
11
5.9925774409448813
21
-4.8925023622047243
0
LINE
8
BLACK
6
CONTINUOUS
10
5.9925774409448813
20
-4.8925023622047243
11
5.9933273622047238
21
-4.8902526377952755
0
LINE
8
BLACK
6
CONTINUOUS
10
5.9933273622047238
20
-4.8902526377952755
11
5.9933566535433069
21
-4.8902012204724405
0
LINE
8
BLACK
6
CONTINUOUS
10
5.9933566535433069
20
-4.8902012204724405
11
5.9933566535433069
21
-4.8901741732283464
0
LINE
8
BLACK
6
CONTINUOUS
10
5.9933566535433069
20
-4.8901741732283464
11
5.9934618110236215
21
-4.8900167322834642
0
LINE
8
BLACK
6
CONTINUOUS
10
5.9934618110236215
20
-4.8900167322834642
11
5.993555590551181
21
-4.8898522834645668
0
LINE
8
BLACK
6
CONTINUOUS
10
5.993555590551181
20
-4.8898522834645668
11
5.9935798031496059
21
-4.8898401574803145
0
LINE
8
BLACK
6
CONTINUOUS
10
5.9935798031496059
20
-4.8898401574803145
11
5.9936126771653546
21
-4.8897909842519685
0
LINE
8
BLACK
6
CONTINUOUS
10
5.9936126771653546
20
-4.8897909842519685
11
5.9951124409448822
21
-4.8882911811023622
0
LINE
8
BLACK
6
CONTINUOUS
10
5.9951124409448822
20
-4.8882911811023622
11
5.9952698031496059
21
-4.8881860236220476
0
LINE
8
BLACK
6
CONTINUOUS
10
5.9952698031496059
20
-4.8881860236220476
11
5.9954194488188977
21
-4.8880699212598424
0
LINE
8
BLACK
6
CONTINUOUS
10
5.9954194488188977
20
-4.8880699212598424
11
5.9969192519685039
21
-4.8873200393700786
0
LINE
8
BLACK
6
CONTINUOUS
10
5.9969192519685039
20
-4.8873200393700786
11
5.9970440157480311
21
-4.887285866141732
0
LINE
8
BLACK
6
CONTINUOUS
10
5.9970440157480311
20
-4.887285866141732
11
5.997160984251968
21
-4.8872306299212598
0
LINE
8
BLACK
6
CONTINUOUS
10
5.997160984251968
20
-4.8872306299212598
11
6.0001606299212593
21
-4.8864807086614173
0
LINE
8
BLACK
6
CONTINUOUS
10
6.0001606299212593
20
-4.8864807086614173
11
6.0003050787401575
21
-4.8864736614173223
0
LINE
8
BLACK
6
CONTINUOUS
10
6.0003050787401575
20
-4.8864736614173223
11
6.000447086614173
21
-4.8864454330708664
0
LINE
8
BLACK
6
CONTINUOUS
10
6.000447086614173
20
-4.8864454330708664
11
6.0026968110236218
21
-4.8864454330708664
0
LINE
8
BLACK
6
CONTINUOUS
10
6.0026968110236218
20
-4.8864454330708664
11
6.0028387795275586
21
-4.8864736614173223
0
LINE
8
BLACK
6
CONTINUOUS
10
6.0187848031496065
20
-4.8666852755905508
11
6.0198501574803149
21
-4.8677506299212601
0
LINE
8
BLACK
6
CONTINUOUS
10
6.0198501574803149
20
-4.8677506299212601
11
6.0199999999999996
21
-4.8685039370078735
0
LINE
8
BLACK
6
CONTINUOUS
10
6.0199999999999996
20
-4.8685039370078735
11
6.0199999999999996
21
-4.9314960629921263
0
LINE
8
BLACK
6
CONTINUOUS
10
6.0199999999999996
20
-4.9314960629921263
11
6.0198501574803149
21
-4.9322493700787398
0
LINE
8
BLACK
6
CONTINUOUS
10
6.0198501574803149
20
-4.9322493700787398
11
6.0187848031496065
21
-4.9333147244094491
0
LINE
8
BLACK
6
CONTINUOUS
10
6.0187848031496065
20
-4.9333147244094491
11
6.0180314960629921
21
-4.9334645669291337
0
LINE
8
BLACK
6
CONTINUOUS
10
6.0180314960629921
20
-4.9334645669291337
11
5.9865354330708662
21
-4.9334645669291337
0
LINE
8
BLACK
6
CONTINUOUS
10
5.9865354330708662
20
-4.9334645669291337
11
5.9857821259842519
21
-4.9333147244094491
0
LINE
8
BLACK
6
CONTINUOUS
10
5.9857821259842519
20
-4.9333147244094491
11
5.9847167716535434
21
-4.9322493700787398
0
LINE
8
BLACK
6
CONTINUOUS
10
5.9847167716535434
20
-4.9322493700787398
11
5.9845669291338579
21
-4.9314960629921263
0
LINE
8
BLACK
6
CONTINUOUS
10
5.9845669291338579
20
-4.9314960629921263
11
5.9845669291338579
21
-4.8685039370078735
0
LINE
8
BLACK
6
CONTINUOUS
10
5.9845669291338579
20
-4.8685039370078735
11
5.9847167716535434
21
-4.8677506299212601
0
LINE
8
BLACK
6
CONTINUOUS
10
5.9847167716535434
20
-4.8677506299212601
11
5.9857821259842519
21
-4.8666852755905508
0
LINE
8
BLACK
6
CONTINUOUS
10
5.9857821259842519
20
-4.8666852755905508
11
5.9865354330708662
21
-4.8665354330708661
0
LINE
8
BLACK
6
CONTINUOUS
10
5.9865354330708662
20
-4.8665354330708661
11
6.0180314960629921
21
-4.8665354330708661
0
LINE
8
BLACK
6
CONTINUOUS
10
6.0180314960629921
20
-4.8665354330708661
11
6.0187848031496065
21
-4.8666852755905508
0
LINE
8
BLACK
6
CONTINUOUS
10
5.9885039370078736
20
-4.8704724409448819
11
5.9885039370078736
21
-4.929527559055118
0
LINE
8
BLACK
6
CONTINUOUS
10
5.9885039370078736
20
-4.929527559055118
11
6.0160629921259838
21
-4.929527559055118
0
LINE
8
BLACK
6
CONTINUOUS
10
6.0160629921259838
20
-4.929527559055118
11
6.0160629921259838
21
-4.8704724409448819
0
LINE
8
BLACK
6
CONTINUOUS
10
6.0160629921259838
20
-4.8704724409448819
11
5.9885039370078736
21
-4.8704724409448819
0
LINE
8
BLACK
6
CONTINUOUS
10
6.1149083858267712
20
-4.8503490551181105
11
6.1150960236220469
21
-4.8503727165354329
0
LINE
8
BLACK
6
CONTINUOUS
10
6.1150960236220469
20
-4.8503727165354329
11
6.1173457480314957
21
-4.8511226377952754
0
LINE
8
BLACK
6
CONTINUOUS
10
6.1173457480314957
20
-4.8511226377952754
11
6.1173971259842519
21
-4.8511519291338585
0
LINE
8
BLACK
6
CONTINUOUS
10
6.1173971259842519
20
-4.8511519291338585
11
6.1174242125984248
21
-4.8511519291338585
0
LINE
8
BLACK
6
CONTINUOUS
10
6.1174242125984248
20
-4.8511519291338585
11
6.1175816141732282
21
-4.8512570866141731
0
LINE
8
BLACK
6
CONTINUOUS
10
6.1175816141732282
20
-4.8512570866141731
11
6.1177461023622044
21
-4.8513508661417326
0
LINE
8
BLACK
6
CONTINUOUS
10
6.1177461023622044
20
-4.8513508661417326
11
6.1177581889763779
21
-4.8513750787401575
0
LINE
8
BLACK
6
CONTINUOUS
10
6.1177581889763779
20
-4.8513750787401575
11
6.1178074015748027
21
-4.8514079527559053
0
LINE
8
BLACK
6
CONTINUOUS
10
6.1178074015748027
20
-4.8514079527559053
11
6.119307204724409
21
-4.8529077165354328
0
LINE
8
BLACK
6
CONTINUOUS
10
6.119307204724409
20
-4.8529077165354328
11
6.1194123228346458
21
-4.8530650787401575
0
LINE
8
BLACK
6
CONTINUOUS
10
6.1194123228346458
20
-4.8530650787401575
11
6.1195284645669288
21
-4.8532147244094483
0
LINE
8
BLACK
6
CONTINUOUS
10
6.1195284645669288
20
-4.8532147244094483
11
6.1202783464566926
21
-4.8547145275590546
0
LINE
8
BLACK
6
CONTINUOUS
10
6.1202783464566926
20
-4.8547145275590546
11
6.1203124803149604
21
-4.8548392913385827
0
LINE
8
BLACK
6
CONTINUOUS
10
6.1203124803149604
20
-4.8548392913385827
11
6.1203677559055114
21
-4.8549562598425196
0
LINE
8
BLACK
6
CONTINUOUS
10
6.1203677559055114
20
-4.8549562598425196
11
6.1211176771653539
21
-4.8579559055118109
0
LINE
8
BLACK
6
CONTINUOUS
10
6.1211176771653539
20
-4.8579559055118109
11
6.1211246850393701
21
-4.8581003543307082
0
LINE
8
BLACK
6
CONTINUOUS
10
6.1211246850393701
20
-4.8581003543307082
11
6.1211529527559057
21
-4.8582423622047246
0
LINE
8
BLACK
6
CONTINUOUS
10
6.1211529527559057
20
-4.8582423622047246
11
6.1211529527559057
21
-4.8604920866141734
0
LINE
8
BLACK
6
CONTINUOUS
10
6.1211529527559057
20
-4.8604920866141734
11
6.1211246850393701
21
-4.8606340551181102
0
LINE
8
BLACK
6
CONTINUOUS
10
6.1211246850393701
20
-4.8606340551181102
11
6.1211176771653539
21
-4.8607785433070863
0
LINE
8
BLACK
6
CONTINUOUS
10
6.1211176771653539
20
-4.8607785433070863
11
6.1203677559055114
21
-4.8637781496062988
0
LINE
8
BLACK
6
CONTINUOUS
10
6.1203677559055114
20
-4.8637781496062988
11
6.1203124803149604
21
-4.8638950787401578
0
LINE
8
BLACK
6
CONTINUOUS
10
6.1203124803149604
20
-4.8638950787401578
11
6.1202783464566926
21
-4.8640198818897638
0
LINE
8
BLACK
6
CONTINUOUS
10
6.1202783464566926
20
-4.8640198818897638
11
6.1195284645669288
21
-4.86551968503937
0
LINE
8
BLACK
6
CONTINUOUS
10
6.1195284645669288
20
-4.86551968503937
11
6.1194122047244095
21
-4.8656694094488184
0
LINE
8
BLACK
6
CONTINUOUS
10
6.1194122047244095
20
-4.8656694094488184
11
6.119307204724409
21
-4.8658266535433068
0
LINE
8
BLACK
6
CONTINUOUS
10
6.119307204724409
20
-4.8658266535433068
11
6.1178074015748027
21
-4.8673264960629918
0
LINE
8
BLACK
6
CONTINUOUS
10
6.1178074015748027
20
-4.8673264960629918
11
6.1177581889763779
21
-4.8673593307086609
0
LINE
8
BLACK
6
CONTINUOUS
10
6.1177581889763779
20
-4.8673593307086609
11
6.1177461023622044
21
-4.8673835826771654
0
LINE
8
BLACK
6
CONTINUOUS
10
6.1177461023622044
20
-4.8673835826771654
11
6.1175814566929132
21
-4.8674774409448816
0
LINE
8
BLACK
6
CONTINUOUS
10
6.1175814566929132
20
-4.8674774409448816
11
6.1174242125984248
21
-4.8675825196850395
0
LINE
8
BLACK
6
CONTINUOUS
10
6.1174242125984248
20
-4.8675825196850395
11
6.1173971653543306
21
-4.8675825196850395
0
LINE
8
BLACK
6
CONTINUOUS
10
6.1173971653543306
20
-4.8675825196850395
11
6.1173457480314957
21
-4.8676118503937005
0
LINE
8
BLACK
6
CONTINUOUS
10
6.1173457480314957
20
-4.8676118503937005
11
6.1150960236220469
21
-4.8683617322834642
0
LINE
8
BLACK
6
CONTINUOUS
10
6.1150960236220469
20
-4.8683617322834642
11
6.1149081102362199
21
-4.8683853937007875
0
LINE
8
BLACK
6
CONTINUOUS
10
6.1149081102362199
20
-4.8683853937007875
11
6.1147225196850394
21
-4.8684223228346459
0
LINE
8
BLACK
6
CONTINUOUS
10
6.1147225196850394
20
-4.8684223228346459
11
6.1132226771653544
21
-4.8684223228346459
0
LINE
8
BLACK
6
CONTINUOUS
10
6.1132226771653544
20
-4.8684223228346459
11
6.1130370472440942
21
-4.8683853937007875
0
LINE
8
BLACK
6
CONTINUOUS
10
6.1130370472440942
20
-4.8683853937007875
11
6.1128491732283461
21
-4.8683617322834642
0
LINE
8
BLACK
6
CONTINUOUS
10
6.1128491732283461
20
-4.8683617322834642
11
6.110599488188976
21
-4.8676118503937005
0
LINE
8
BLACK
6
CONTINUOUS
10
6.110599488188976
20
-4.8676118503937005
11
6.1105481102362207
21
-4.8675825590551183
0
LINE
8
BLACK
6
CONTINUOUS
10
6.1105481102362207
20
-4.8675825590551183
11
6.1105210236220469
21
-4.8675825590551183
0
LINE
8
BLACK
6
CONTINUOUS
10
6.1105210236220469
20
-4.8675825590551183
11
6.1103635039370081
21
-4.8674772834645665
0
LINE
8
BLACK
6
CONTINUOUS
10
6.1103635039370081
20
-4.8674772834645665
11
6.1101991338582673
21
-4.8673835826771654
0
LINE
8
BLACK
6
CONTINUOUS
10
6.1101991338582673
20
-4.8673835826771654
11
6.1101870078740159
21
-4.8673593307086609
0
LINE
8
BLACK
6
CONTINUOUS
10
6.1101870078740159
20
-4.8673593307086609
11
6.110137834645669
21
-4.8673264960629918
0
LINE
8
BLACK
6
CONTINUOUS
10
6.110137834645669
20
-4.8673264960629918
11
6.1093879133858264
21
-4.8665765748031493
0
LINE
8
BLACK
6
CONTINUOUS
10
6.1093879133858264
20
-4.8665765748031493
11
6.1091318897637796
21
-4.8661933858267714
0
LINE
8
BLACK
6
CONTINUOUS
10
6.1091318897637796
20
-4.8661933858267714
11
6.1091318897637796
21
-4.8652894488188974
0
LINE
8
BLACK
6
CONTINUOUS
10
6.1091318897637796
20
-4.8652894488188974
11
6.1097711023622043
21
-4.8646502362204727
0
LINE
8
BLACK
6
CONTINUOUS
10
6.1097711023622043
20
-4.8646502362204727
11
6.1106750393700784
21
-4.8646502362204727
0
LINE
8
BLACK
6
CONTINUOUS
10
6.1106750393700784
20
-4.8646502362204727
11
6.1110582283464563
21
-4.8649062598425195
0
LINE
8
BLACK
6
CONTINUOUS
10
6.1110582283464563
20
-4.8649062598425195
11
6.1116109055118111
21
-4.8654589370078742
0
LINE
8
BLACK
6
CONTINUOUS
10
6.1116109055118111
20
-4.8654589370078742
11
6.1134144094488185
21
-4.8660601181102363
0
LINE
8
BLACK
6
CONTINUOUS
10
6.1134144094488185
20
-4.8660601181102363
11
6.1145307874015744
21
-4.8660601181102363
0
LINE
8
BLACK
6
CONTINUOUS
10
6.1145307874015744
20
-4.8660601181102363
11
6.116334251968504
21
-4.865458976377953
0
LINE
8
BLACK
6
CONTINUOUS
10
6.116334251968504
20
-4.865458976377953
11
6.1175013385826773
21
-4.8642918110236222
0
LINE
8
BLACK
6
CONTINUOUS
10
6.1175013385826773
20
-4.8642918110236222
11
6.1181075590551179
21
-4.8630794094488188
0
LINE
8
BLACK
6
CONTINUOUS
10
6.1181075590551179
20
-4.8630794094488188
11
6.118790748031496
21
-4.8603466929133861
0
LINE
8
BLACK
6
CONTINUOUS
10
6.118790748031496
20
-4.8603466929133861
11
6.118790748031496
21
-4.8583877165354332
0
LINE
8
BLACK
6
CONTINUOUS
10
6.118790748031496
20
-4.8583877165354332
11
6.1181075196850392
21
-4.8556549606299209
0
LINE
8
BLACK
6
CONTINUOUS
10
6.1181075196850392
20
-4.8556549606299209
11
6.1175013385826773
21
-4.8544425590551183
0
LINE
8
BLACK
6
CONTINUOUS
10
6.1175013385826773
20
-4.8544425590551183
11
6.1163342125984252
21
-4.8532753937007875
0
LINE
8
BLACK
6
CONTINUOUS
10
6.1163342125984252
20
-4.8532753937007875
11
6.1145309055118107
21
-4.852674291338583
0
LINE
8
BLACK
6
CONTINUOUS
10
6.1145309055118107
20
-4.852674291338583
11
6.1134142913385823
21
-4.852674291338583
0
LINE
8
BLACK
6
CONTINUOUS
10
6.1134142913385823
20
-4.852674291338583
11
6.1116109842519686
21
-4.8532753937007875
0
LINE
8
BLACK
6
CONTINUOUS
10
6.1116109842519686
20
-4.8532753937007875
11
6.1110582283464563
21
-4.8538281889763777
0
LINE
8
BLACK
6
CONTINUOUS
10
6.1110582283464563
20
-4.8538281889763777
11
6.1106749999999996
21
-4.8540842125984254
0
LINE
8
BLACK
6
CONTINUOUS
10
6.1106749999999996
20
-4.8540842125984254
11
6.1097710629921256
21
-4.8540841732283466
0
LINE
8
BLACK
6
CONTINUOUS
10
6.1097710629921256
20
-4.8540841732283466
11
6.1091318503937009
21
-4.8534449212598423
0
LINE
8
BLACK
6
CONTINUOUS
10
6.1091318503937009
20
-4.8534449212598423
11
6.1091318897637796
21
-4.8525409842519682
0
LINE
8
BLACK
6
CONTINUOUS
10
6.1091318897637796
20
-4.8525409842519682
11
6.1093879133858264
21
-4.8521577952755903
0
LINE
8
BLACK
6
CONTINUOUS
10
6.1093879133858264
20
-4.8521577952755903
11
6.110137834645669
21
-4.8514079133858266
0
LINE
8
BLACK
6
CONTINUOUS
10
6.110137834645669
20
-4.8514079133858266
11
6.1101869685039372
21
-4.8513750393700787
0
LINE
8
BLACK
6
CONTINUOUS
10
6.1101869685039372
20
-4.8513750393700787
11
6.1101990944881885
21
-4.8513508661417326
0
LINE
8
BLACK
6
CONTINUOUS
10
6.1101990944881885
20
-4.8513508661417326
11
6.1103634645669294
21
-4.8512571259842519
0
LINE
8
BLACK
6
CONTINUOUS
10
6.1103634645669294
20
-4.8512571259842519
11
6.1105210629921256
21
-4.8511518897637798
0
LINE
8
BLACK
6
CONTINUOUS
10
6.1105210629921256
20
-4.8511518897637798
11
6.1105481496062994
21
-4.8511518897637798
0
LINE
8
BLACK
6
CONTINUOUS
10
6.1105481496062994
20
-4.8511518897637798
11
6.110599488188976
21
-4.8511226377952754
0
LINE
8
BLACK
6
CONTINUOUS
10
6.110599488188976
20
-4.8511226377952754
11
6.1128491732283461
21
-4.8503727165354329
0
LINE
8
BLACK
6
CONTINUOUS
10
6.1128491732283461
20
-4.8503727165354329
11
6.113036771653543
21
-4.8503490551181105
0
LINE
8
BLACK
6
CONTINUOUS
10
6.113036771653543
20
-4.8503490551181105
11
6.1132226771653544
21
-4.8503120866141733
0
LINE
8
BLACK
6
CONTINUOUS
10
6.1132226771653544
20
-4.8503120866141733
11
6.1147225196850394
21
-4.8503120866141733
0
LINE
8
BLACK
6
CONTINUOUS
10
6.1147225196850394
20
-4.8503120866141733
11
6.1149083858267712
21
-4.8503490551181105
0
LINE
8
BLACK
6
CONTINUOUS
10
6.1054257480314957
20
-4.850402007874016
11
6.1060649212598426
21
-4.8510411811023619
0
LINE
8
BLACK
6
CONTINUOUS
10
6.1060649212598426
20
-4.8510411811023619
11
6.1060649212598426
21
-4.8519451968503935
0
LINE
8
BLACK
6
CONTINUOUS
10
6.1060649212598426
20
-4.8519451968503935
11
6.1054257480314957
21
-4.8525843700787403
0
LINE
8
BLACK
6
CONTINUOUS
10
6.1054257480314957
20
-4.8525843700787403
11
6.1049737401574804
21
-4.852674291338583
0
LINE
8
BLACK
6
CONTINUOUS
10
6.1049737401574804
20
-4.852674291338583
11
6.0962662204724412
21
-4.852674291338583
0
LINE
8
BLACK
6
CONTINUOUS
10
6.0962662204724412
20
-4.852674291338583
11
6.1023098031496064
21
-4.8667759448818897
0
LINE
8
BLACK
6
CONTINUOUS
10
6.1023098031496064
20
-4.8667759448818897
11
6.1024052362204726
21
-4.8672268503937008
0
LINE
8
BLACK
6
CONTINUOUS
10
6.1024052362204726
20
-4.8672268503937008
11
6.1020695275590553
21
-4.8680661023622047
0
LINE
8
BLACK
6
CONTINUOUS
10
6.1020695275590553
20
-4.8680661023622047
11
6.1012385826771656
21
-4.8684222047244097
0
LINE
8
BLACK
6
CONTINUOUS
10
6.1012385826771656
20
-4.8684222047244097
11
6.1003993307086617
21
-4.8680864960629924
0
LINE
8
BLACK
6
CONTINUOUS
10
6.1003993307086617
20
-4.8680864960629924
11
6.1001386220472442
21
-4.8677064566929129
0
LINE
8
BLACK
6
CONTINUOUS
10
6.1001386220472442
20
-4.8677064566929129
11
6.0933894488188978
21
-4.8519584645669287
0
LINE
8
BLACK
6
CONTINUOUS
10
6.0933894488188978
20
-4.8519584645669287
11
6.0933873622047239
21
-4.8519487007874016
0
LINE
8
BLACK
6
CONTINUOUS
10
6.0933873622047239
20
-4.8519487007874016
11
6.0933838582677167
21
-4.8519451968503935
0
LINE
8
BLACK
6
CONTINUOUS
10
6.0933838582677167
20
-4.8519451968503935
11
6.0933838582677167
21
-4.8519320472440945
0
LINE
8
BLACK
6
CONTINUOUS
10
6.0933838582677167
20
-4.8519320472440945
11
6.0932940157480315
21
-4.8515075590551184
0
LINE
8
BLACK
6
CONTINUOUS
10
6.0932940157480315
20
-4.8515075590551184
11
6.0933838582677167
21
-4.8512829527559056
0
LINE
8
BLACK
6
CONTINUOUS
10
6.0933838582677167
20
-4.8512829527559056
11
6.0933838582677167
21
-4.8510411811023619
0
LINE
8
BLACK
6
CONTINUOUS
10
6.0933838582677167
20
-4.8510411811023619
11
6.0935450393700785
21
-4.8508799606299213
0
LINE
8
BLACK
6
CONTINUOUS
10
6.0935450393700785
20
-4.8508799606299213
11
6.0936297244094488
21
-4.8506683070866137
0
LINE
8
BLACK
6
CONTINUOUS
10
6.0936297244094488
20
-4.8506683070866137
11
6.0938519685039365
21
-4.8505730314960624
0
LINE
8
BLACK
6
CONTINUOUS
10
6.0938519685039365
20
-4.8505730314960624
11
6.0940230314960626
21
-4.850402007874016
0
LINE
8
BLACK
6
CONTINUOUS
10
6.0940230314960626
20
-4.850402007874016
11
6.0944485433070863
21
-4.8503173228346457
0
LINE
8
BLACK
6
CONTINUOUS
10
6.0944485433070863
20
-4.8503173228346457
11
6.0944606692913386
21
-4.8503121653543309
0
LINE
8
BLACK
6
CONTINUOUS
10
6.0944606692913386
20
-4.8503121653543309
11
6.0944652755905508
21
-4.8503140157480313
0
LINE
8
BLACK
6
CONTINUOUS
10
6.0944652755905508
20
-4.8503140157480313
11
6.0944750393700788
21
-4.8503120866141733
0
LINE
8
BLACK
6
CONTINUOUS
10
6.0944750393700788
20
-4.8503120866141733
11
6.1049737401574804
21
-4.8503120866141733
0
LINE
8
BLACK
6
CONTINUOUS
10
6.1049737401574804
20
-4.8503120866141733
11
6.1054257480314957
21
-4.850402007874016
0
LINE
8
BLACK
6
CONTINUOUS
10
6.1398477952755908
20
-4.8425120472440941
11
6.1409131496062992
21
-4.8435774015748034
0
LINE
8
BLACK
6
CONTINUOUS
10
6.1409131496062992
20
-4.8435774015748034
11
6.1410629921259838
21
-4.8443307086614169
0
LINE
8
BLACK
6
CONTINUOUS
10
6.1410629921259838
20
-4.8443307086614169
11
6.1410629921259838
21
-4.8758267716535428
0
LINE
8
BLACK
6
CONTINUOUS
10
6.1410629921259838
20
-4.8758267716535428
11
6.1409131496062992
21
-4.8765800787401572
0
LINE
8
BLACK
6
CONTINUOUS
10
6.1409131496062992
20
-4.8765800787401572
11
6.1398477952755908
21
-4.8776454330708656
0
LINE
8
BLACK
6
CONTINUOUS
10
6.1398477952755908
20
-4.8776454330708656
11
6.1390944881889764
21
-4.8777952755905511
0
LINE
8
BLACK
6
CONTINUOUS
10
6.1390944881889764
20
-4.8777952755905511
11
6.0761023622047245
21
-4.8777952755905511
0
LINE
8
BLACK
6
CONTINUOUS
10
6.0761023622047245
20
-4.8777952755905511
11
6.0753490551181102
21
-4.8776454330708656
0
LINE
8
BLACK
6
CONTINUOUS
10
6.0753490551181102
20
-4.8776454330708656
11
6.0742837007874018
21
-4.8765800787401572
0
LINE
8
BLACK
6
CONTINUOUS
10
6.0742837007874018
20
-4.8765800787401572
11
6.0741338582677162
21
-4.8758267716535428
0
LINE
8
BLACK
6
CONTINUOUS
10
6.0741338582677162
20
-4.8758267716535428
11
6.0741338582677162
21
-4.8443307086614169
0
LINE
8
BLACK
6
CONTINUOUS
10
6.0741338582677162
20
-4.8443307086614169
11
6.0742837007874018
21
-4.8435774015748034
0
LINE
8
BLACK
6
CONTINUOUS
10
6.0742837007874018
20
-4.8435774015748034
11
6.0753490551181102
21
-4.8425120472440941
0
LINE
8
BLACK
6
CONTINUOUS
10
6.0753490551181102
20
-4.8425120472440941
11
6.0761023622047245
21
-4.8423622047244095
0
LINE
8
BLACK
6
CONTINUOUS
10
6.0761023622047245
20
-4.8423622047244095
11
6.1390944881889764
21
-4.8423622047244095
0
LINE
8
BLACK
6
CONTINUOUS
10
6.1390944881889764
20
-4.8423622047244095
11
6.1398477952755908
21
-4.8425120472440941
0
LINE
8
BLACK
6
CONTINUOUS
10
6.078070866141732
20
-4.8462992125984252
11
6.078070866141732
21
-4.8738582677165354
0
LINE
8
BLACK
6
CONTINUOUS
10
6.078070866141732
20
-4.8738582677165354
11
6.1371259842519681
21
-4.8738582677165354
0
LINE
8
BLACK
6
CONTINUOUS
10
6.1371259842519681
20
-4.8738582677165354
11
6.1371259842519681
21
-4.8462992125984252
0
LINE
8
BLACK
6
CONTINUOUS
10
6.1371259842519681
20
-4.8462992125984252
11
6.078070866141732
21
-4.8462992125984252
0
LINE
8
BLACK
6
CONTINUOUS
10
6.4099660236220473
20
-4.8192312598425193
11
6.4101604330708657
21
-4.8192312598425193
0
LINE
8
BLACK
6
CONTINUOUS
10
6.4101604330708657
20
-4.8192312598425193
11
6.410354842519685
21
-4.8194256692913386
0
LINE
8
BLACK
6
CONTINUOUS
10
6.410354842519685
20
-4.8194256692913386
11
6.4106006692913384
21
-4.8195485826771653
0
LINE
8
BLACK
6
CONTINUOUS
10
6.4106006692913384
20
-4.8195485826771653
11
6.4106621259842518
21
-4.8197329527559054
0
LINE
8
BLACK
6
CONTINUOUS
10
6.4106621259842518
20
-4.8197329527559054
11
6.4107996062992125
21
-4.8198704330708662
0
LINE
8
BLACK
6
CONTINUOUS
10
6.4107996062992125
20
-4.8198704330708662
11
6.4108895275590552
21
-4.8203224409448815
0
LINE
8
BLACK
6
CONTINUOUS
10
6.4108895275590552
20
-4.8203224409448815
11
6.4108895275590552
21
-4.8266403937007869
0
LINE
8
BLACK
6
CONTINUOUS
10
6.4108895275590552
20
-4.8266403937007869
11
6.4149577559055118
21
-4.8266403937007869
0
LINE
8
BLACK
6
CONTINUOUS
10
6.4149577559055118
20
-4.8266403937007869
11
6.4154097637795271
21
-4.8267303149606295
0
LINE
8
BLACK
6
CONTINUOUS
10
6.4154097637795271
20
-4.8267303149606295
11
6.4160489370078739
21
-4.8273694881889764
0
LINE
8
BLACK
6
CONTINUOUS
10
6.4160489370078739
20
-4.8273694881889764
11
6.4160489370078739
21
-4.8282735039370079
0
LINE
8
BLACK
6
CONTINUOUS
10
6.4160489370078739
20
-4.8282735039370079
11
6.4154097637795271
21
-4.8289126771653539
0
LINE
8
BLACK
6
CONTINUOUS
10
6.4154097637795271
20
-4.8289126771653539
11
6.4149577559055118
21
-4.8290025984251965
0
LINE
8
BLACK
6
CONTINUOUS
10
6.4149577559055118
20
-4.8290025984251965
11
6.4108895275590552
21
-4.8290025984251965
0
LINE
8
BLACK
6
CONTINUOUS
10
6.4108895275590552
20
-4.8290025984251965
11
6.4108895275590552
21
-4.8300712204724405
0
LINE
8
BLACK
6
CONTINUOUS
10
6.4108895275590552
20
-4.8300712204724405
11
6.4107996062992125
21
-4.8305232283464568
0
LINE
8
BLACK
6
CONTINUOUS
10
6.4107996062992125
20
-4.8305232283464568
11
6.4101604330708657
21
-4.8311624015748027
0
LINE
8
BLACK
6
CONTINUOUS
10
6.4101604330708657
20
-4.8311624015748027
11
6.4092564173228341
21
-4.8311624015748027
0
LINE
8
BLACK
6
CONTINUOUS
10
6.4092564173228341
20
-4.8311624015748027
11
6.4086172440944882
21
-4.8305232283464568
0
LINE
8
BLACK
6
CONTINUOUS
10
6.4086172440944882
20
-4.8305232283464568
11
6.4085273228346455
21
-4.8300712204724405
0
LINE
8
BLACK
6
CONTINUOUS
10
6.4085273228346455
20
-4.8300712204724405
11
6.4085273228346455
21
-4.8290025984251965
0
LINE
8
BLACK
6
CONTINUOUS
10
6.4085273228346455
20
-4.8290025984251965
11
6.4044590551181102
21
-4.8290025984251965
0
LINE
8
BLACK
6
CONTINUOUS
10
6.4044590551181102
20
-4.8290025984251965
11
6.404007047244094
21
-4.8289126771653539
0
LINE
8
BLACK
6
CONTINUOUS
10
6.404007047244094
20
-4.8289126771653539
11
6.403367874015748
21
-4.8282735039370079
0
LINE
8
BLACK
6
CONTINUOUS
10
6.403367874015748
20
-4.8282735039370079
11
6.403367874015748
21
-4.8273694881889764
0
LINE
8
BLACK
6
CONTINUOUS
10
6.403367874015748
20
-4.8273694881889764
11
6.404007047244094
21
-4.8267303149606295
0
LINE
8
BLACK
6
CONTINUOUS
10
6.404007047244094
20
-4.8267303149606295
11
6.4044590551181102
21
-4.8266403937007869
0
LINE
8
BLACK
6
CONTINUOUS
10
6.4044590551181102
20
-4.8266403937007869
11
6.4085273228346455
21
-4.8266403937007869
0
LINE
8
BLACK
6
CONTINUOUS
10
6.4085273228346455
20
-4.8266403937007869
11
6.4085273228346455
21
-4.8219611023622049
0
LINE
8
BLACK
6
CONTINUOUS
10
6.4085273228346455
20
-4.8219611023622049
11
6.3988333464566924
21
-4.8251924409448819
0
LINE
8
BLACK
6
CONTINUOUS
10
6.3988333464566924
20
-4.8251924409448819
11
6.3983761023622048
21
-4.8252500787401571
0
LINE
8
BLACK
6
CONTINUOUS
10
6.3983761023622048
20
-4.8252500787401571
11
6.397567598425197
21
-4.8248458267716536
0
LINE
8
BLACK
6
CONTINUOUS
10
6.397567598425197
20
-4.8248458267716536
11
6.3972817322834645
21
-4.8239882283464564
0
LINE
8
BLACK
6
CONTINUOUS
10
6.3972817322834645
20
-4.8239882283464564
11
6.397685984251968
21
-4.8231797244094485
0
LINE
8
BLACK
6
CONTINUOUS
10
6.397685984251968
20
-4.8231797244094485
11
6.3980863385826767
21
-4.8229514960629922
0
LINE
8
BLACK
6
CONTINUOUS
10
6.3980863385826767
20
-4.8229514960629922
11
6.4093349212598421
21
-4.8192019685039371
0
LINE
8
BLACK
6
CONTINUOUS
10
6.4093349212598421
20
-4.8192019685039371
11
6.4097921653543306
21
-4.819144330708661
0
LINE
8
BLACK
6
CONTINUOUS
10
6.4097921653543306
20
-4.819144330708661
11
6.4099660236220473
21
-4.8192312598425193
0
LINE
8
BLACK
6
CONTINUOUS
10
6.4046014566929133
20
-4.8045505118110237
11
6.4048873228346457
21
-4.8054080314960625
0
LINE
8
BLACK
6
CONTINUOUS
10
6.4048873228346457
20
-4.8054080314960625
11
6.4047655905511807
21
-4.8058525196850397
0
LINE
8
BLACK
6
CONTINUOUS
10
6.4047655905511807
20
-4.8058525196850397
11
6.4040156692913381
21
-4.8073523622047247
0
LINE
8
BLACK
6
CONTINUOUS
10
6.4040156692913381
20
-4.8073523622047247
11
6.4038995275590551
21
-4.8075019291338581
0
LINE
8
BLACK
6
CONTINUOUS
10
6.4038995275590551
20
-4.8075019291338581
11
6.4037944094488184
21
-4.8076593307086615
0
LINE
8
BLACK
6
CONTINUOUS
10
6.4037944094488184
20
-4.8076593307086615
11
6.4028110236220472
21
-4.8086426771653539
0
LINE
8
BLACK
6
CONTINUOUS
10
6.4028110236220472
20
-4.8086426771653539
11
6.4137766535433069
21
-4.8086426771653539
0
LINE
8
BLACK
6
CONTINUOUS
10
6.4137766535433069
20
-4.8086426771653539
11
6.4137766535433069
21
-4.8053243307086611
0
LINE
8
BLACK
6
CONTINUOUS
10
6.4137766535433069
20
-4.8053243307086611
11
6.4138665748031496
21
-4.8048723228346457
0
LINE
8
BLACK
6
CONTINUOUS
10
6.4138665748031496
20
-4.8048723228346457
11
6.4145057480314955
21
-4.8042331496062989
0
LINE
8
BLACK
6
CONTINUOUS
10
6.4145057480314955
20
-4.8042331496062989
11
6.4154097637795271
21
-4.8042331496062989
0
LINE
8
BLACK
6
CONTINUOUS
10
6.4154097637795271
20
-4.8042331496062989
11
6.4160489370078739
21
-4.8048723228346457
0
LINE
8
BLACK
6
CONTINUOUS
10
6.4160489370078739
20
-4.8048723228346457
11
6.4161388582677166
21
-4.8053243307086611
0
LINE
8
BLACK
6
CONTINUOUS
10
6.4161388582677166
20
-4.8053243307086611
11
6.4161388582677166
21
-4.8143231889763776
0
LINE
8
BLACK
6
CONTINUOUS
10
6.4161388582677166
20
-4.8143231889763776
11
6.4160489370078739
21
-4.8147751968503938
0
LINE
8
BLACK
6
CONTINUOUS
10
6.4160489370078739
20
-4.8147751968503938
11
6.4154097637795271
21
-4.8154143700787397
0
LINE
8
BLACK
6
CONTINUOUS
10
6.4154097637795271
20
-4.8154143700787397
11
6.4145057480314955
21
-4.8154143700787397
0
LINE
8
BLACK
6
CONTINUOUS
10
6.4145057480314955
20
-4.8154143700787397
11
6.4138665748031496
21
-4.8147751968503938
0
LINE
8
BLACK
6
CONTINUOUS
10
6.4138665748031496
20
-4.8147751968503938
11
6.4137766535433069
21
-4.8143231889763776
0
LINE
8
BLACK
6
CONTINUOUS
10
6.4137766535433069
20
-4.8143231889763776
11
6.4137766535433069
21
-4.8110048818897635
0
LINE
8
BLACK
6
CONTINUOUS
10
6.4137766535433069
20
-4.8110048818897635
11
6.3992097244094488
21
-4.8110048818897635
0
LINE
8
BLACK
6
CONTINUOUS
10
6.3992097244094488
20
-4.8110048818897635
11
6.3987577165354326
21
-4.8109149606299209
0
LINE
8
BLACK
6
CONTINUOUS
10
6.3987577165354326
20
-4.8109149606299209
11
6.3986717322834643
21
-4.8108289763779526
0
LINE
8
BLACK
6
CONTINUOUS
10
6.3986717322834643
20
-4.8108289763779526
11
6.3985525590551182
21
-4.8108051574803152
0
LINE
8
BLACK
6
CONTINUOUS
10
6.3985525590551182
20
-4.8108051574803152
11
6.3983617716535433
21
-4.8105190157480315
0
LINE
8
BLACK
6
CONTINUOUS
10
6.3983617716535433
20
-4.8105190157480315
11
6.3981185433070866
21
-4.8102757874015749
0
LINE
8
BLACK
6
CONTINUOUS
10
6.3981185433070866
20
-4.8102757874015749
11
6.3981185433070866
21
-4.8101541732283462
0
LINE
8
BLACK
6
CONTINUOUS
10
6.3981185433070866
20
-4.8101541732283462
11
6.3980510629921259
21
-4.8100529921259838
0
LINE
8
BLACK
6
CONTINUOUS
10
6.3980510629921259
20
-4.8100529921259838
11
6.3981185433070866
21
-4.809715590551181
0
LINE
8
BLACK
6
CONTINUOUS
10
6.3981185433070866
20
-4.809715590551181
11
6.3981185433070866
21
-4.8093717716535433
0
LINE
8
BLACK
6
CONTINUOUS
10
6.3981185433070866
20
-4.8093717716535433
11
6.3982044881889761
21
-4.8092857874015751
0
LINE
8
BLACK
6
CONTINUOUS
10
6.3982044881889761
20
-4.8092857874015751
11
6.3982283464566931
21
-4.8091666141732281
0
LINE
8
BLACK
6
CONTINUOUS
10
6.3982283464566931
20
-4.8091666141732281
11
6.3985545669291337
21
-4.8088410629921254
0
LINE
8
BLACK
6
CONTINUOUS
10
6.3985545669291337
20
-4.8088410629921254
11
6.4007070472440946
21
-4.8074059842519681
0
LINE
8
BLACK
6
CONTINUOUS
10
6.4007070472440946
20
-4.8074059842519681
11
6.4019885433070867
21
-4.806124488188976
0
LINE
8
BLACK
6
CONTINUOUS
10
6.4019885433070867
20
-4.806124488188976
11
6.4026527559055113
21
-4.8047961023622046
0
LINE
8
BLACK
6
CONTINUOUS
10
6.4026527559055113
20
-4.8047961023622046
11
6.4029353543307082
21
-4.8044320472440942
0
LINE
8
BLACK
6
CONTINUOUS
10
6.4029353543307082
20
-4.8044320472440942
11
6.4037928740157479
21
-4.8041461811023618
0
LINE
8
BLACK
6
CONTINUOUS
10
6.4037928740157479
20
-4.8041461811023618
11
6.4046014566929133
21
-4.8045505118110237
0
LINE
8
BLACK
6
CONTINUOUS
10
6.4083505905511808
20
-4.78842342519685
11
6.4084950787401569
21
-4.788430472440945
0
LINE
8
BLACK
6
CONTINUOUS
10
6.4084950787401569
20
-4.788430472440945
11
6.4114946850393704
21
-4.7891803937007875
0
LINE
8
BLACK
6
CONTINUOUS
10
6.4114946850393704
20
-4.7891803937007875
11
6.4116116141732284
21
-4.7892356299212597
0
LINE
8
BLACK
6
CONTINUOUS
10
6.4116116141732284
20
-4.7892356299212597
11
6.4117364173228344
21
-4.7892698031496064
0
LINE
8
BLACK
6
CONTINUOUS
10
6.4117364173228344
20
-4.7892698031496064
11
6.4132362204724407
21
-4.7900196850393701
0
LINE
8
BLACK
6
CONTINUOUS
10
6.4132362204724407
20
-4.7900196850393701
11
6.4133857086614174
21
-4.7901357086614169
0
LINE
8
BLACK
6
CONTINUOUS
10
6.4133857086614174
20
-4.7901357086614169
11
6.4135431889763774
21
-4.7902409448818899
0
LINE
8
BLACK
6
CONTINUOUS
10
6.4135431889763774
20
-4.7902409448818899
11
6.4150430314960625
21
-4.7917407086614174
0
LINE
8
BLACK
6
CONTINUOUS
10
6.4150430314960625
20
-4.7917407086614174
11
6.4150759055118112
21
-4.7917899212598423
0
LINE
8
BLACK
6
CONTINUOUS
10
6.4150759055118112
20
-4.7917899212598423
11
6.4151001181102361
21
-4.7918020472440945
0
LINE
8
BLACK
6
CONTINUOUS
10
6.4151001181102361
20
-4.7918020472440945
11
6.4151938976377956
21
-4.7919665354330707
0
LINE
8
BLACK
6
CONTINUOUS
10
6.4151938976377956
20
-4.7919665354330707
11
6.4152990551181102
21
-4.7921239370078741
0
LINE
8
BLACK
6
CONTINUOUS
10
6.4152990551181102
20
-4.7921239370078741
11
6.4152990551181102
21
-4.7921509448818895
0
LINE
8
BLACK
6
CONTINUOUS
10
6.4152990551181102
20
-4.7921509448818895
11
6.4153283858267711
21
-4.7922024015748033
0
LINE
8
BLACK
6
CONTINUOUS
10
6.4153283858267711
20
-4.7922024015748033
11
6.4160782677165349
21
-4.7944521653543308
0
LINE
8
BLACK
6
CONTINUOUS
10
6.4160782677165349
20
-4.7944521653543308
11
6.4161018897637794
21
-4.7946399606299215
0
LINE
8
BLACK
6
CONTINUOUS
10
6.4161018897637794
20
-4.7946399606299215
11
6.4161388582677166
21
-4.7948256299212595
0
LINE
8
BLACK
6
CONTINUOUS
10
6.4161388582677166
20
-4.7948256299212595
11
6.4161388582677166
21
-4.7963254724409445
0
LINE
8
BLACK
6
CONTINUOUS
10
6.4161388582677166
20
-4.7963254724409445
11
6.4161019291338581
21
-4.7965110629921259
0
LINE
8
BLACK
6
CONTINUOUS
10
6.4161019291338581
20
-4.7965110629921259
11
6.4160782677165349
21
-4.7966989763779528
0
LINE
8
BLACK
6
CONTINUOUS
10
6.4160782677165349
20
-4.7966989763779528
11
6.4153283858267711
21
-4.7989486614173229
0
LINE
8
BLACK
6
CONTINUOUS
10
6.4153283858267711
20
-4.7989486614173229
11
6.4152990944881889
21
-4.7989999999999995
0
LINE
8
BLACK
6
CONTINUOUS
10
6.4152990944881889
20
-4.7989999999999995
11
6.4152990944881889
21
-4.7990271259842521
0
LINE
8
BLACK
6
CONTINUOUS
10
6.4152990944881889
20
-4.7990271259842521
11
6.4151938188976381
21
-4.7991846062992121
0
LINE
8
BLACK
6
CONTINUOUS
10
6.4151938188976381
20
-4.7991846062992121
11
6.4151001181102361
21
-4.7993490157480316
0
LINE
8
BLACK
6
CONTINUOUS
10
6.4151001181102361
20
-4.7993490157480316
11
6.4150758661417324
21
-4.7993611023622043
0
LINE
8
BLACK
6
CONTINUOUS
10
6.4150758661417324
20
-4.7993611023622043
11
6.4150430314960625
21
-4.79941031496063
0
LINE
8
BLACK
6
CONTINUOUS
10
6.4150430314960625
20
-4.79941031496063
11
6.41429311023622
21
-4.8001602362204725
0
LINE
8
BLACK
6
CONTINUOUS
10
6.41429311023622
20
-4.8001602362204725
11
6.4139099212598421
21
-4.8004162598425193
0
LINE
8
BLACK
6
CONTINUOUS
10
6.4139099212598421
20
-4.8004162598425193
11
6.413005984251968
21
-4.8004162598425193
0
LINE
8
BLACK
6
CONTINUOUS
10
6.413005984251968
20
-4.8004162598425193
11
6.4123667716535433
21
-4.7997770472440946
0
LINE
8
BLACK
6
CONTINUOUS
10
6.4123667716535433
20
-4.7997770472440946
11
6.4123667716535433
21
-4.7988731102362205
0
LINE
8
BLACK
6
CONTINUOUS
10
6.4123667716535433
20
-4.7988731102362205
11
6.4126227952755901
21
-4.7984899212598426
0
LINE
8
BLACK
6
CONTINUOUS
10
6.4126227952755901
20
-4.7984899212598426
11
6.4131754724409449
21
-4.7979372047244091
0
LINE
8
BLACK
6
CONTINUOUS
10
6.4131754724409449
20
-4.7979372047244091
11
6.4137766535433069
21
-4.7961337401574804
0
LINE
8
BLACK
6
CONTINUOUS
10
6.4137766535433069
20
-4.7961337401574804
11
6.4137766535433069
21
-4.7950173228346458
0
LINE
8
BLACK
6
CONTINUOUS
10
6.4137766535433069
20
-4.7950173228346458
11
6.4131754724409449
21
-4.7932138582677162
0
LINE
8
BLACK
6
CONTINUOUS
10
6.4131754724409449
20
-4.7932138582677162
11
6.4120084251968503
21
-4.7920468110236216
0
LINE
8
BLACK
6
CONTINUOUS
10
6.4120084251968503
20
-4.7920468110236216
11
6.4107959448818894
21
-4.7914405511811022
0
LINE
8
BLACK
6
CONTINUOUS
10
6.4107959448818894
20
-4.7914405511811022
11
6.4080632677165354
21
-4.7907574015748029
0
LINE
8
BLACK
6
CONTINUOUS
10
6.4080632677165354
20
-4.7907574015748029
11
6.4061042519685039
21
-4.7907574015748029
0
LINE
8
BLACK
6
CONTINUOUS
10
6.4061042519685039
20
-4.7907574015748029
11
6.4033714960629924
21
-4.791440590551181
0
LINE
8
BLACK
6
CONTINUOUS
10
6.4033714960629924
20
-4.791440590551181
11
6.402159094488189
21
-4.7920467716535429
0
LINE
8
BLACK
6
CONTINUOUS
10
6.402159094488189
20
-4.7920467716535429
11
6.4009919291338582
21
-4.7932138976377949
0
LINE
8
BLACK
6
CONTINUOUS
10
6.4009919291338582
20
-4.7932138976377949
11
6.4003908267716536
21
-4.7950172440944883
0
LINE
8
BLACK
6
CONTINUOUS
10
6.4003908267716536
20
-4.7950172440944883
11
6.4003908267716536
21
-4.7961338188976379
0
LINE
8
BLACK
6
CONTINUOUS
10
6.4003908267716536
20
-4.7961338188976379
11
6.4009919291338582
21
-4.7979370866141728
0
LINE
8
BLACK
6
CONTINUOUS
10
6.4009919291338582
20
-4.7979370866141728
11
6.4015447244094483
21
-4.7984899212598426
0
LINE
8
BLACK
6
CONTINUOUS
10
6.4015447244094483
20
-4.7984899212598426
11
6.401800748031496
21
-4.7988731496062993
0
LINE
8
BLACK
6
CONTINUOUS
10
6.401800748031496
20
-4.7988731496062993
11
6.4018007086614173
21
-4.7997770472440946
0
LINE
8
BLACK
6
CONTINUOUS
10
6.4018007086614173
20
-4.7997770472440946
11
6.4011614566929129
21
-4.800416299212598
0
LINE
8
BLACK
6
CONTINUOUS
10
6.4011614566929129
20
-4.800416299212598
11
6.4002575196850389
21
-4.8004162598425193
0
LINE
8
BLACK
6
CONTINUOUS
10
6.4002575196850389
20
-4.8004162598425193
11
6.399874330708661
21
-4.8001601968503937
0
LINE
8
BLACK
6
CONTINUOUS
10
6.399874330708661
20
-4.8001601968503937
11
6.3991244488188972
21
-4.79941031496063
0
LINE
8
BLACK
6
CONTINUOUS
10
6.3991244488188972
20
-4.79941031496063
11
6.3990915354330706
21
-4.7993610629921255
0
LINE
8
BLACK
6
CONTINUOUS
10
6.3990915354330706
20
-4.7993610629921255
11
6.3990674015748032
21
-4.7993490157480316
0
LINE
8
BLACK
6
CONTINUOUS
10
6.3990674015748032
20
-4.7993490157480316
11
6.3989737795275587
21
-4.7991847637795271
0
LINE
8
BLACK
6
CONTINUOUS
10
6.3989737795275587
20
-4.7991847637795271
11
6.3988684251968504
21
-4.7990270866141733
0
LINE
8
BLACK
6
CONTINUOUS
10
6.3988684251968504
20
-4.7990270866141733
11
6.3988684251968504
21
-4.7989999606299207
0
LINE
8
BLACK
6
CONTINUOUS
10
6.3988684251968504
20
-4.7989999606299207
11
6.3988391732283461
21
-4.7989486614173229
0
LINE
8
BLACK
6
CONTINUOUS
10
6.3988391732283461
20
-4.7989486614173229
11
6.3980892519685035
21
-4.7966989763779528
0
LINE
8
BLACK
6
CONTINUOUS
10
6.3980892519685035
20
-4.7966989763779528
11
6.3980655905511812
21
-4.7965113385826772
0
LINE
8
BLACK
6
CONTINUOUS
10
6.3980655905511812
20
-4.7965113385826772
11
6.398028622047244
21
-4.7963254724409445
0
LINE
8
BLACK
6
CONTINUOUS
10
6.398028622047244
20
-4.7963254724409445
11
6.398028622047244
21
-4.7948256299212595
0
LINE
8
BLACK
6
CONTINUOUS
10
6.398028622047244
20
-4.7948256299212595
11
6.3980655905511812
21
-4.794639724409449
0
LINE
8
BLACK
6
CONTINUOUS
10
6.3980655905511812
20
-4.794639724409449
11
6.3980892519685035
21
-4.7944521259842521
0
LINE
8
BLACK
6
CONTINUOUS
10
6.3980892519685035
20
-4.7944521259842521
11
6.3988391732283461
21
-4.7922024015748033
0
LINE
8
BLACK
6
CONTINUOUS
10
6.3988391732283461
20
-4.7922024015748033
11
6.3988684645669291
21
-4.7921509842519683
0
LINE
8
BLACK
6
CONTINUOUS
10
6.3988684645669291
20
-4.7921509842519683
11
6.3988684645669291
21
-4.7921239370078741
0
LINE
8
BLACK
6
CONTINUOUS
10
6.3988684645669291
20
-4.7921239370078741
11
6.3989736220472437
21
-4.791966496062992
0
LINE
8
BLACK
6
CONTINUOUS
10
6.3989736220472437
20
-4.791966496062992
11
6.3990674015748032
21
-4.7918020472440945
0
LINE
8
BLACK
6
CONTINUOUS
10
6.3990674015748032
20
-4.7918020472440945
11
6.3990916141732281
21
-4.7917899212598423
0
LINE
8
BLACK
6
CONTINUOUS
10
6.3990916141732281
20
-4.7917899212598423
11
6.3991244881889759
21
-4.7917407480314962
0
LINE
8
BLACK
6
CONTINUOUS
10
6.3991244881889759
20
-4.7917407480314962
11
6.4006242519685035
21
-4.7902409448818899
0
LINE
8
BLACK
6
CONTINUOUS
10
6.4006242519685035
20
-4.7902409448818899
11
6.4007816141732281
21
-4.7901357874015744
0
LINE
8
BLACK
6
CONTINUOUS
10
6.4007816141732281
20
-4.7901357874015744
11
6.4009312598425199
21
-4.7900196850393701
0
LINE
8
BLACK
6
CONTINUOUS
10
6.4009312598425199
20
-4.7900196850393701
11
6.4024310629921262
21
-4.7892698031496064
0
LINE
8
BLACK
6
CONTINUOUS
10
6.4024310629921262
20
-4.7892698031496064
11
6.4025558267716534
21
-4.7892356299212597
0
LINE
8
BLACK
6
CONTINUOUS
10
6.4025558267716534
20
-4.7892356299212597
11
6.4026727952755902
21
-4.7891803937007875
0
LINE
8
BLACK
6
CONTINUOUS
10
6.4026727952755902
20
-4.7891803937007875
11
6.4056724409448815
21
-4.788430472440945
0
LINE
8
BLACK
6
CONTINUOUS
10
6.4056724409448815
20
-4.788430472440945
11
6.4058168897637797
21
-4.78842342519685
0
LINE
8
BLACK
6
CONTINUOUS
10
6.4058168897637797
20
-4.78842342519685
11
6.4059588976377952
21
-4.7883951968503933
0
LINE
8
BLACK
6
CONTINUOUS
10
6.4059588976377952
20
-4.7883951968503933
11
6.4082086220472441
21
-4.7883951968503933
0
LINE
8
BLACK
6
CONTINUOUS
10
6.4082086220472441
20
-4.7883951968503933
11
6.4083505905511808
21
-4.78842342519685
0
LINE
8
BLACK
6
CONTINUOUS
10
6.4242966141732278
20
-4.7761340944881887
11
6.4253619685039371
21
-4.7771994488188971
0
LINE
8
BLACK
6
CONTINUOUS
10
6.4253619685039371
20
-4.7771994488188971
11
6.4255118110236218
21
-4.7779527559055115
0
LINE
8
BLACK
6
CONTINUOUS
10
6.4255118110236218
20
-4.7779527559055115
11
6.4255118110236218
21
-4.8409448818897634
0
LINE
8
BLACK
6
CONTINUOUS
10
6.4255118110236218
20
-4.8409448818897634
11
6.4253619685039371
21
-4.8416981889763777
0
LINE
8
BLACK
6
CONTINUOUS
10
6.4253619685039371
20
-4.8416981889763777
11
6.4242966141732278
21
-4.8427635433070861
0
LINE
8
BLACK
6
CONTINUOUS
10
6.4242966141732278
20
-4.8427635433070861
11
6.4235433070866144
21
-4.8429133858267717
0
LINE
8
BLACK
6
CONTINUOUS
10
6.4235433070866144
20
-4.8429133858267717
11
6.3920472440944884
21
-4.8429133858267717
0
LINE
8
BLACK
6
CONTINUOUS
10
6.3920472440944884
20
-4.8429133858267717
11
6.3912939370078741
21
-4.8427635433070861
0
LINE
8
BLACK
6
CONTINUOUS
10
6.3912939370078741
20
-4.8427635433070861
11
6.3902285826771656
21
-4.8416981889763777
0
LINE
8
BLACK
6
CONTINUOUS
10
6.3902285826771656
20
-4.8416981889763777
11
6.3900787401574801
21
-4.8409448818897634
0
LINE
8
BLACK
6
CONTINUOUS
10
6.3900787401574801
20
-4.8409448818897634
11
6.3900787401574801
21
-4.7779527559055115
0
LINE
8
BLACK
6
CONTINUOUS
10
6.3900787401574801
20
-4.7779527559055115
11
6.3902285826771656
21
-4.7771994488188971
0
LINE
8
BLACK
6
CONTINUOUS
10
6.3902285826771656
20
-4.7771994488188971
11
6.3912939370078741
21
-4.7761340944881887
0
LINE
8
BLACK
6
CONTINUOUS
10
6.3912939370078741
20
-4.7761340944881887
11
6.3920472440944884
21
-4.7759842519685041
0
LINE
8
BLACK
6
CONTINUOUS
10
6.3920472440944884
20
-4.7759842519685041
11
6.4235433070866144
21
-4.7759842519685041
0
LINE
8
BLACK
6
CONTINUOUS
10
6.4235433070866144
20
-4.7759842519685041
11
6.4242966141732278
21
-4.7761340944881887
0
LINE
8
BLACK
6
CONTINUOUS
10
6.3940157480314959
20
-4.7799212598425198
11
6.3940157480314959
21
-4.8389763779527559
0
LINE
8
BLACK
6
CONTINUOUS
10
6.3940157480314959
20
-4.8389763779527559
11
6.421574803149606
21
-4.8389763779527559
0
LINE
8
BLACK
6
CONTINUOUS
10
6.421574803149606
20
-4.8389763779527559
11
6.421574803149606
21
-4.7799212598425198
0
LINE
8
BLACK
6
CONTINUOUS
10
6.421574803149606
20
-4.7799212598425198
11
6.3940157480314959
21
-4.7799212598425198
0
LINE
8
BLACK
6
CONTINUOUS
10
6.101282244094488
20
-4.7833944881889758
11
6.1013079133858268
21
-4.7833859448818901
0
LINE
8
BLACK
6
CONTINUOUS
10
6.1013079133858268
20
-4.7833859448818901
11
6.1014904330708664
21
-4.7834359055118112
0
LINE
8
BLACK
6
CONTINUOUS
10
6.1014904330708664
20
-4.7834359055118112
11
6.1016762204724406
21
-4.7834728740157475
0
LINE
8
BLACK
6
CONTINUOUS
10
6.1016762204724406
20
-4.7834728740157475
11
6.1016953543307082
21
-4.783492007874016
0
LINE
8
BLACK
6
CONTINUOUS
10
6.1016953543307082
20
-4.783492007874016
11
6.1017524409448818
21
-4.7835076377952754
0
LINE
8
BLACK
6
CONTINUOUS
10
6.1017524409448818
20
-4.7835076377952754
11
6.1032522440944881
21
-4.784257559055118
0
LINE
8
BLACK
6
CONTINUOUS
10
6.1032522440944881
20
-4.784257559055118
11
6.1034019685039365
21
-4.7843737795275594
0
LINE
8
BLACK
6
CONTINUOUS
10
6.1034019685039365
20
-4.7843737795275594
11
6.1035591732283461
21
-4.7844788188976377
0
LINE
8
BLACK
6
CONTINUOUS
10
6.1035591732283461
20
-4.7844788188976377
11
6.1043090944881886
21
-4.7852287007874015
0
LINE
8
BLACK
6
CONTINUOUS
10
6.1043090944881886
20
-4.7852287007874015
11
6.1044144488188978
21
-4.7853864173228349
0
LINE
8
BLACK
6
CONTINUOUS
10
6.1044144488188978
20
-4.7853864173228349
11
6.1045303149606296
21
-4.7855356692913382
0
LINE
8
BLACK
6
CONTINUOUS
10
6.1045303149606296
20
-4.7855356692913382
11
6.1052802362204721
21
-4.7870355118110233
0
LINE
8
BLACK
6
CONTINUOUS
10
6.1052802362204721
20
-4.7870355118110233
11
6.1052958267716537
21
-4.7870925196850393
0
LINE
8
BLACK
6
CONTINUOUS
10
6.1052958267716537
20
-4.7870925196850393
11
6.105315
21
-4.7871116929133857
0
LINE
8
BLACK
6
CONTINUOUS
10
6.105315
20
-4.7871116929133857
11
6.1053518897637797
21
-4.7872971653543308
0
LINE
8
BLACK
6
CONTINUOUS
10
6.1053518897637797
20
-4.7872971653543308
11
6.1054019685039371
21
-4.7874799999999995
0
LINE
8
BLACK
6
CONTINUOUS
10
6.1054019685039371
20
-4.7874799999999995
11
6.1053933858267717
21
-4.787505708661417
0
LINE
8
BLACK
6
CONTINUOUS
10
6.1053933858267717
20
-4.787505708661417
11
6.1054049212598427
21
-4.7875637007874019
0
LINE
8
BLACK
6
CONTINUOUS
10
6.1054049212598427
20
-4.7875637007874019
11
6.1054049212598427
21
-4.791313228346457
0
LINE
8
BLACK
6
CONTINUOUS
10
6.1054049212598427
20
-4.791313228346457
11
6.1053933858267717
21
-4.7913711811023623
0
LINE
8
BLACK
6
CONTINUOUS
10
6.1053933858267717
20
-4.7913711811023623
11
6.1054019685039371
21
-4.7913969291338585
0
LINE
8
BLACK
6
CONTINUOUS
10
6.1054019685039371
20
-4.7913969291338585
11
6.1053518897637797
21
-4.7915797244094485
0
LINE
8
BLACK
6
CONTINUOUS
10
6.1053518897637797
20
-4.7915797244094485
11
6.105315
21
-4.7917652362204723
0
LINE
8
BLACK
6
CONTINUOUS
10
6.105315
20
-4.7917652362204723
11
6.1052958267716537
21
-4.7917843700787399
0
LINE
8
BLACK
6
CONTINUOUS
10
6.1052958267716537
20
-4.7917843700787399
11
6.1052802362204721
21
-4.7918414173228348
0
LINE
8
BLACK
6
CONTINUOUS
10
6.1052802362204721
20
-4.7918414173228348
11
6.1045303149606296
21
-4.7933412598425198
0
LINE
8
BLACK
6
CONTINUOUS
10
6.1045303149606296
20
-4.7933412598425198
11
6.1044142519685041
21
-4.7934907086614169
0
LINE
8
BLACK
6
CONTINUOUS
10
6.1044142519685041
20
-4.7934907086614169
11
6.1043090944881886
21
-4.7936481889763778
0
LINE
8
BLACK
6
CONTINUOUS
10
6.1043090944881886
20
-4.7936481889763778
11
6.1035592125984248
21
-4.7943981102362203
0
LINE
8
BLACK
6
CONTINUOUS
10
6.1035592125984248
20
-4.7943981102362203
11
6.1034015748031498
21
-4.7945033858267712
0
LINE
8
BLACK
6
CONTINUOUS
10
6.1034015748031498
20
-4.7945033858267712
11
6.1032522047244093
21
-4.7946193700787401
0
LINE
8
BLACK
6
CONTINUOUS
10
6.1032522047244093
20
-4.7946193700787401
11
6.101752401574803
21
-4.7953692519685038
0
LINE
8
BLACK
6
CONTINUOUS
10
6.101752401574803
20
-4.7953692519685038
11
6.1016953543307082
21
-4.7953848425196846
0
LINE
8
BLACK
6
CONTINUOUS
10
6.1016953543307082
20
-4.7953848425196846
11
6.1016762204724406
21
-4.7954040157480318
0
LINE
8
BLACK
6
CONTINUOUS
10
6.1016762204724406
20
-4.7954040157480318
11
6.1014903937007876
21
-4.7954409448818893
0
LINE
8
BLACK
6
CONTINUOUS
10
6.1014903937007876
20
-4.7954409448818893
11
6.1013079133858268
21
-4.7954909448818901
0
LINE
8
BLACK
6
CONTINUOUS
10
6.1013079133858268
20
-4.7954909448818901
11
6.101282244094488
21
-4.7954823622047247
0
LINE
8
BLACK
6
CONTINUOUS
10
6.101282244094488
20
-4.7954823622047247
11
6.1012242125984253
21
-4.7954939370078735
0
LINE
8
BLACK
6
CONTINUOUS
10
6.1012242125984253
20
-4.7954939370078735
11
6.0982245669291339
21
-4.7954939370078735
0
LINE
8
BLACK
6
CONTINUOUS
10
6.0982245669291339
20
-4.7954939370078735
11
6.0981664960629915
21
-4.7954823622047247
0
LINE
8
BLACK
6
CONTINUOUS
10
6.0981664960629915
20
-4.7954823622047247
11
6.0981408661417325
21
-4.7954909448818901
0
LINE
8
BLACK
6
CONTINUOUS
10
6.0981408661417325
20
-4.7954909448818901
11
6.0979583464566929
21
-4.7954409448818893
0
LINE
8
BLACK
6
CONTINUOUS
10
6.0979583464566929
20
-4.7954409448818893
11
6.0977725590551177
21
-4.7954040157480318
0
LINE
8
BLACK
6
CONTINUOUS
10
6.0977725590551177
20
-4.7954040157480318
11
6.0977533858267714
21
-4.7953848425196846
0
LINE
8
BLACK
6
CONTINUOUS
10
6.0977533858267714
20
-4.7953848425196846
11
6.0976963779527562
21
-4.7953692519685038
0
LINE
8
BLACK
6
CONTINUOUS
10
6.0976963779527562
20
-4.7953692519685038
11
6.0967793307086611
21
-4.7949107086614173
0
LINE
8
BLACK
6
CONTINUOUS
10
6.0967793307086611
20
-4.7949107086614173
11
6.0970710236220471
21
-4.7960775590551181
0
LINE
8
BLACK
6
CONTINUOUS
10
6.0970710236220471
20
-4.7960775590551181
11
6.0983924803149607
21
-4.7980598031496058
0
LINE
8
BLACK
6
CONTINUOUS
10
6.0983924803149607
20
-4.7980598031496058
11
6.0989241338582678
21
-4.7985914566929129
0
LINE
8
BLACK
6
CONTINUOUS
10
6.0989241338582678
20
-4.7985914566929129
11
6.1000031889763777
21
-4.7991309842519687
0
LINE
8
BLACK
6
CONTINUOUS
10
6.1000031889763777
20
-4.7991309842519687
11
6.1027240157480316
21
-4.7991309842519687
0
LINE
8
BLACK
6
CONTINUOUS
10
6.1027240157480316
20
-4.7991309842519687
11
6.1031760236220469
21
-4.7992209055118114
0
LINE
8
BLACK
6
CONTINUOUS
10
6.1031760236220469
20
-4.7992209055118114
11
6.1038151968503938
21
-4.7998600787401573
0
LINE
8
BLACK
6
CONTINUOUS
10
6.1038151968503938
20
-4.7998600787401573
11
6.1038151968503938
21
-4.8007640944881889
0
LINE
8
BLACK
6
CONTINUOUS
10
6.1038151968503938
20
-4.8007640944881889
11
6.1031760236220469
21
-4.8014032677165357
0
LINE
8
BLACK
6
CONTINUOUS
10
6.1031760236220469
20
-4.8014032677165357
11
6.1027240157480316
21
-4.8014931889763774
0
LINE
8
BLACK
6
CONTINUOUS
10
6.1027240157480316
20
-4.8014931889763774
11
6.0997243700787402
21
-4.8014931889763774
0
LINE
8
BLACK
6
CONTINUOUS
10
6.0997243700787402
20
-4.8014931889763774
11
6.0996662992125987
21
-4.8014816141732286
0
LINE
8
BLACK
6
CONTINUOUS
10
6.0996662992125987
20
-4.8014816141732286
11
6.0996406692913387
21
-4.801490196850394
0
LINE
8
BLACK
6
CONTINUOUS
10
6.0996406692913387
20
-4.801490196850394
11
6.0994581496062992
21
-4.8014401968503932
0
LINE
8
BLACK
6
CONTINUOUS
10
6.0994581496062992
20
-4.8014401968503932
11
6.099272362204724
21
-4.8014032677165357
0
LINE
8
BLACK
6
CONTINUOUS
10
6.099272362204724
20
-4.8014032677165357
11
6.0992531889763777
21
-4.8013840944881885
0
LINE
8
BLACK
6
CONTINUOUS
10
6.0992531889763777
20
-4.8013840944881885
11
6.0991961811023625
21
-4.8013685039370078
0
LINE
8
BLACK
6
CONTINUOUS
10
6.0991961811023625
20
-4.8013685039370078
11
6.0976963779527562
21
-4.800618622047244
0
LINE
8
BLACK
6
CONTINUOUS
10
6.0976963779527562
20
-4.800618622047244
11
6.0975467322834644
21
-4.800502480314961
0
LINE
8
BLACK
6
CONTINUOUS
10
6.0975467322834644
20
-4.800502480314961
11
6.0973894094488186
21
-4.8003973622047242
0
LINE
8
BLACK
6
CONTINUOUS
10
6.0973894094488186
20
-4.8003973622047242
11
6.0966394881889761
21
-4.7996474409448817
0
LINE
8
BLACK
6
CONTINUOUS
10
6.0966394881889761
20
-4.7996474409448817
11
6.0965745669291334
21
-4.79955031496063
0
LINE
8
BLACK
6
CONTINUOUS
10
6.0965745669291334
20
-4.79955031496063
11
6.0964918897637794
21
-4.7994674409448814
0
LINE
8
BLACK
6
CONTINUOUS
10
6.0964918897637794
20
-4.7994674409448814
11
6.0949920866141731
21
-4.7972177165354326
0
LINE
8
BLACK
6
CONTINUOUS
10
6.0949920866141731
20
-4.7972177165354326
11
6.0949149606299216
21
-4.7970309448818895
0
LINE
8
BLACK
6
CONTINUOUS
10
6.0949149606299216
20
-4.7970309448818895
11
6.0948290157480312
21
-4.7968490157480312
0
LINE
8
BLACK
6
CONTINUOUS
10
6.0948290157480312
20
-4.7968490157480312
11
6.0940791338582674
21
-4.7938494094488187
0
LINE
8
BLACK
6
CONTINUOUS
10
6.0940791338582674
20
-4.7938494094488187
11
6.0940720866141733
21
-4.7937049212598426
0
LINE
8
BLACK
6
CONTINUOUS
10
6.0940720866141733
20
-4.7937049212598426
11
6.0940438582677166
21
-4.7935629527559058
0
LINE
8
BLACK
6
CONTINUOUS
10
6.0940438582677166
20
-4.7935629527559058
11
6.0940438582677166
21
-4.7875637007874019
0
LINE
8
BLACK
6
CONTINUOUS
10
6.0940438582677166
20
-4.7875637007874019
11
6.0940553937007875
21
-4.7875056692913383
0
LINE
8
BLACK
6
CONTINUOUS
10
6.0940553937007875
20
-4.7875056692913383
11
6.0940468503937009
21
-4.7874800393700783
0
LINE
8
BLACK
6
CONTINUOUS
10
6.0940468503937009
20
-4.7874800393700783
11
6.0940967716535432
21
-4.7872975590551183
0
LINE
8
BLACK
6
CONTINUOUS
10
6.0940967716535432
20
-4.7872975590551183
11
6.0941337795275592
21
-4.7871116929133857
0
LINE
8
BLACK
6
CONTINUOUS
10
6.0941337795275592
20
-4.7871116929133857
11
6.0941529133858268
21
-4.7870925196850393
0
LINE
8
BLACK
6
CONTINUOUS
10
6.0941529133858268
20
-4.7870925196850393
11
6.0941685433070862
21
-4.7870355118110233
0
LINE
8
BLACK
6
CONTINUOUS
10
6.0941685433070862
20
-4.7870355118110233
11
6.09491842519685
21
-4.7855356692913382
0
LINE
8
BLACK
6
CONTINUOUS
10
6.09491842519685
20
-4.7855356692913382
11
6.0950343700787402
21
-4.7853862598425199
0
LINE
8
BLACK
6
CONTINUOUS
10
6.0950343700787402
20
-4.7853862598425199
11
6.0951396850393698
21
-4.7852286614173227
0
LINE
8
BLACK
6
CONTINUOUS
10
6.0951396850393698
20
-4.7852286614173227
11
6.0958896062992123
21
-4.784478779527559
0
LINE
8
BLACK
6
CONTINUOUS
10
6.0958896062992123
20
-4.784478779527559
11
6.0960470472440944
21
-4.7843735826771656
0
LINE
8
BLACK
6
CONTINUOUS
10
6.0960470472440944
20
-4.7843735826771656
11
6.0961965354330712
21
-4.784257559055118
0
LINE
8
BLACK
6
CONTINUOUS
10
6.0961965354330712
20
-4.784257559055118
11
6.0976963779527562
21
-4.7835076377952754
0
LINE
8
BLACK
6
CONTINUOUS
10
6.0976963779527562
20
-4.7835076377952754
11
6.0977533858267714
21
-4.783492007874016
0
LINE
8
BLACK
6
CONTINUOUS
10
6.0977533858267714
20
-4.783492007874016
11
6.0977725590551177
21
-4.7834728740157475
0
LINE
8
BLACK
6
CONTINUOUS
10
6.0977725590551177
20
-4.7834728740157475
11
6.0979580314960629
21
-4.7834359448818899
0
LINE
8
BLACK
6
CONTINUOUS
10
6.0979580314960629
20
-4.7834359448818899
11
6.0981408661417325
21
-4.7833859055118113
0
LINE
8
BLACK
6
CONTINUOUS
10
6.0981408661417325
20
-4.7833859055118113
11
6.0981665748031491
21
-4.783394448818898
0
LINE
8
BLACK
6
CONTINUOUS
10
6.0981665748031491
20
-4.783394448818898
11
6.0982245669291339
21
-4.7833829527559057
0
LINE
8
BLACK
6
CONTINUOUS
10
6.0982245669291339
20
-4.7833829527559057
11
6.1012242125984253
21
-4.7833829527559057
0
LINE
8
BLACK
6
CONTINUOUS
10
6.1012242125984253
20
-4.7833829527559057
11
6.101282244094488
21
-4.7833944881889758
0
LINE
8
BLACK
6
CONTINUOUS
10
6.0974243307086615
20
-4.7862846850393703
11
6.0969455118110236
21
-4.7867635039370073
0
LINE
8
BLACK
6
CONTINUOUS
10
6.0969455118110236
20
-4.7867635039370073
11
6.0964060629921262
21
-4.7878424803149606
0
LINE
8
BLACK
6
CONTINUOUS
10
6.0964060629921262
20
-4.7878424803149606
11
6.0964060629921262
21
-4.7910344094488186
0
LINE
8
BLACK
6
CONTINUOUS
10
6.0964060629921262
20
-4.7910344094488186
11
6.0969455511811024
21
-4.7921134251968507
0
LINE
8
BLACK
6
CONTINUOUS
10
6.0969455511811024
20
-4.7921134251968507
11
6.0974243307086615
21
-4.7925922047244089
0
LINE
8
BLACK
6
CONTINUOUS
10
6.0974243307086615
20
-4.7925922047244089
11
6.0985033858267714
21
-4.7931317322834648
0
LINE
8
BLACK
6
CONTINUOUS
10
6.0985033858267714
20
-4.7931317322834648
11
6.1009453937007869
21
-4.7931317322834648
0
LINE
8
BLACK
6
CONTINUOUS
10
6.1009453937007869
20
-4.7931317322834648
11
6.1020243307086615
21
-4.7925922440944877
0
LINE
8
BLACK
6
CONTINUOUS
10
6.1020243307086615
20
-4.7925922440944877
11
6.1025031496062994
21
-4.7921134251968507
0
LINE
8
BLACK
6
CONTINUOUS
10
6.1025031496062994
20
-4.7921134251968507
11
6.1030427165354331
21
-4.7910343307086611
0
LINE
8
BLACK
6
CONTINUOUS
10
6.1030427165354331
20
-4.7910343307086611
11
6.1030427165354331
21
-4.7878425196850394
0
LINE
8
BLACK
6
CONTINUOUS
10
6.1030427165354331
20
-4.7878425196850394
11
6.1025031889763781
21
-4.7867635039370073
0
LINE
8
BLACK
6
CONTINUOUS
10
6.1025031889763781
20
-4.7867635039370073
11
6.1020243700787402
21
-4.7862846456692916
0
LINE
8
BLACK
6
CONTINUOUS
10
6.1020243700787402
20
-4.7862846456692916
11
6.1009453543307082
21
-4.7857451574803145
0
LINE
8
BLACK
6
CONTINUOUS
10
6.1009453543307082
20
-4.7857451574803145
11
6.0985034251968502
21
-4.7857451574803145
0
LINE
8
BLACK
6
CONTINUOUS
10
6.0985034251968502
20
-4.7857451574803145
11
6.0974243307086615
21
-4.7862846850393703
0
LINE
8
BLACK
6
CONTINUOUS
10
6.1149083858267712
20
-4.7834199212598421
11
6.1150960236220469
21
-4.7834435826771653
0
LINE
8
BLACK
6
CONTINUOUS
10
6.1150960236220469
20
-4.7834435826771653
11
6.1173457480314957
21
-4.7841935039370078
0
LINE
8
BLACK
6
CONTINUOUS
10
6.1173457480314957
20
-4.7841935039370078
11
6.1173971259842519
21
-4.78422279527559
0
LINE
8
BLACK
6
CONTINUOUS
10
6.1173971259842519
20
-4.78422279527559
11
6.1174242125984248
21
-4.78422279527559
0
LINE
8
BLACK
6
CONTINUOUS
10
6.1174242125984248
20
-4.78422279527559
11
6.1175816141732282
21
-4.7843279527559055
0
LINE
8
BLACK
6
CONTINUOUS
10
6.1175816141732282
20
-4.7843279527559055
11
6.1177461023622044
21
-4.7844217322834641
0
LINE
8
BLACK
6
CONTINUOUS
10
6.1177461023622044
20
-4.7844217322834641
11
6.1177581889763779
21
-4.7844459448818899
0
LINE
8
BLACK
6
CONTINUOUS
10
6.1177581889763779
20
-4.7844459448818899
11
6.1178074015748027
21
-4.7844788188976377
0
LINE
8
BLACK
6
CONTINUOUS
10
6.1178074015748027
20
-4.7844788188976377
11
6.119307204724409
21
-4.7859785826771652
0
LINE
8
BLACK
6
CONTINUOUS
10
6.119307204724409
20
-4.7859785826771652
11
6.1194123228346458
21
-4.7861359448818899
0
LINE
8
BLACK
6
CONTINUOUS
10
6.1194123228346458
20
-4.7861359448818899
11
6.1195284645669288
21
-4.7862855905511807
0
LINE
8
BLACK
6
CONTINUOUS
10
6.1195284645669288
20
-4.7862855905511807
11
6.1202783464566926
21
-4.787785393700787
0
LINE
8
BLACK
6
CONTINUOUS
10
6.1202783464566926
20
-4.787785393700787
11
6.1203124803149604
21
-4.7879101574803151
0
LINE
8
BLACK
6
CONTINUOUS
10
6.1203124803149604
20
-4.7879101574803151
11
6.1203677559055114
21
-4.788027125984252
0
LINE
8
BLACK
6
CONTINUOUS
10
6.1203677559055114
20
-4.788027125984252
11
6.1211176771653539
21
-4.7910267716535433
0
LINE
8
BLACK
6
CONTINUOUS
10
6.1211176771653539
20
-4.7910267716535433
11
6.1211246850393701
21
-4.7911712204724406
0
LINE
8
BLACK
6
CONTINUOUS
10
6.1211246850393701
20
-4.7911712204724406
11
6.1211529527559057
21
-4.791313228346457
0
LINE
8
BLACK
6
CONTINUOUS
10
6.1211529527559057
20
-4.791313228346457
11
6.1211529527559057
21
-4.7935629527559058
0
LINE
8
BLACK
6
CONTINUOUS
10
6.1211529527559057
20
-4.7935629527559058
11
6.1211246850393701
21
-4.7937049212598426
0
LINE
8
BLACK
6
CONTINUOUS
10
6.1211246850393701
20
-4.7937049212598426
11
6.1211176771653539
21
-4.7938494094488187
0
LINE
8
BLACK
6
CONTINUOUS
10
6.1211176771653539
20
-4.7938494094488187
11
6.1203677559055114
21
-4.7968490157480312
0
LINE
8
BLACK
6
CONTINUOUS
10
6.1203677559055114
20
-4.7968490157480312
11
6.1203124803149604
21
-4.7969659448818893
0
LINE
8
BLACK
6
CONTINUOUS
10
6.1203124803149604
20
-4.7969659448818893
11
6.1202783464566926
21
-4.7970907480314962
0
LINE
8
BLACK
6
CONTINUOUS
10
6.1202783464566926
20
-4.7970907480314962
11
6.1195284645669288
21
-4.7985905511811024
0
LINE
8
BLACK
6
CONTINUOUS
10
6.1195284645669288
20
-4.7985905511811024
11
6.1194122047244095
21
-4.7987402755905508
0
LINE
8
BLACK
6
CONTINUOUS
10
6.1194122047244095
20
-4.7987402755905508
11
6.119307204724409
21
-4.7988975196850392
0
LINE
8
BLACK
6
CONTINUOUS
10
6.119307204724409
20
-4.7988975196850392
11
6.1178074015748027
21
-4.8003973622047242
0
LINE
8
BLACK
6
CONTINUOUS
10
6.1178074015748027
20
-4.8003973622047242
11
6.1177581889763779
21
-4.8004301968503933
0
LINE
8
BLACK
6
CONTINUOUS
10
6.1177581889763779
20
-4.8004301968503933
11
6.1177461023622044
21
-4.8004544488188978
0
LINE
8
BLACK
6
CONTINUOUS
10
6.1177461023622044
20
-4.8004544488188978
11
6.1175814566929132
21
-4.800548307086614
0
LINE
8
BLACK
6
CONTINUOUS
10
6.1175814566929132
20
-4.800548307086614
11
6.1174242125984248
21
-4.8006533858267719
0
LINE
8
BLACK
6
CONTINUOUS
10
6.1174242125984248
20
-4.8006533858267719
11
6.1173971653543306
21
-4.8006533858267719
0
LINE
8
BLACK
6
CONTINUOUS
10
6.1173971653543306
20
-4.8006533858267719
11
6.1173457480314957
21
-4.8006827165354329
0
LINE
8
BLACK
6
CONTINUOUS
10
6.1173457480314957
20
-4.8006827165354329
11
6.1150960236220469
21
-4.8014325984251967
0
LINE
8
BLACK
6
CONTINUOUS
10
6.1150960236220469
20
-4.8014325984251967
11
6.1149081102362199
21
-4.8014562598425199
0
LINE
8
BLACK
6
CONTINUOUS
10
6.1149081102362199
20
-4.8014562598425199
11
6.1147225196850394
21
-4.8014931889763774
0
LINE
8
BLACK
6
CONTINUOUS
10
6.1147225196850394
20
-4.8014931889763774
11
6.1132226771653544
21
-4.8014931889763774
0
LINE
8
BLACK
6
CONTINUOUS
10
6.1132226771653544
20
-4.8014931889763774
11
6.1130370472440942
21
-4.8014562598425199
0
LINE
8
BLACK
6
CONTINUOUS
10
6.1130370472440942
20
-4.8014562598425199
11
6.1128491732283461
21
-4.8014325984251967
0
LINE
8
BLACK
6
CONTINUOUS
10
6.1128491732283461
20
-4.8014325984251967
11
6.110599488188976
21
-4.8006827165354329
0
LINE
8
BLACK
6
CONTINUOUS
10
6.110599488188976
20
-4.8006827165354329
11
6.1105481102362207
21
-4.8006534251968507
0
LINE
8
BLACK
6
CONTINUOUS
10
6.1105481102362207
20
-4.8006534251968507
11
6.1105210236220469
21
-4.8006534251968507
0
LINE
8
BLACK
6
CONTINUOUS
10
6.1105210236220469
20
-4.8006534251968507
11
6.1103635039370081
21
-4.8005481496062989
0
LINE
8
BLACK
6
CONTINUOUS
10
6.1103635039370081
20
-4.8005481496062989
11
6.1101991338582673
21
-4.8004544488188978
0
LINE
8
BLACK
6
CONTINUOUS
10
6.1101991338582673
20
-4.8004544488188978
11
6.1101870078740159
21
-4.8004301968503933
0
LINE
8
BLACK
6
CONTINUOUS
10
6.1101870078740159
20
-4.8004301968503933
11
6.110137834645669
21
-4.8003973622047242
0
LINE
8
BLACK
6
CONTINUOUS
10
6.110137834645669
20
-4.8003973622047242
11
6.1093879133858264
21
-4.7996474409448817
0
LINE
8
BLACK
6
CONTINUOUS
10
6.1093879133858264
20
-4.7996474409448817
11
6.1091318897637796
21
-4.7992642519685038
0
LINE
8
BLACK
6
CONTINUOUS
10
6.1091318897637796
20
-4.7992642519685038
11
6.1091318897637796
21
-4.7983603149606298
0
LINE
8
BLACK
6
CONTINUOUS
10
6.1091318897637796
20
-4.7983603149606298
11
6.1097711023622043
21
-4.7977211023622051
0
LINE
8
BLACK
6
CONTINUOUS
10
6.1097711023622043
20
-4.7977211023622051
11
6.1106750393700784
21
-4.7977211023622051
0
LINE
8
BLACK
6
CONTINUOUS
10
6.1106750393700784
20
-4.7977211023622051
11
6.1110582283464563
21
-4.7979771259842519
0
LINE
8
BLACK
6
CONTINUOUS
10
6.1110582283464563
20
-4.7979771259842519
11
6.1116109055118111
21
-4.7985298031496058
0
LINE
8
BLACK
6
CONTINUOUS
10
6.1116109055118111
20
-4.7985298031496058
11
6.1134144094488185
21
-4.7991309842519687
0
LINE
8
BLACK
6
CONTINUOUS
10
6.1134144094488185
20
-4.7991309842519687
11
6.1145307874015744
21
-4.7991309842519687
0
LINE
8
BLACK
6
CONTINUOUS
10
6.1145307874015744
20
-4.7991309842519687
11
6.116334251968504
21
-4.7985298425196845
0
LINE
8
BLACK
6
CONTINUOUS
10
6.116334251968504
20
-4.7985298425196845
11
6.1175013385826773
21
-4.7973626771653546
0
LINE
8
BLACK
6
CONTINUOUS
10
6.1175013385826773
20
-4.7973626771653546
11
6.1181075590551179
21
-4.7961502755905512
0
LINE
8
BLACK
6
CONTINUOUS
10
6.1181075590551179
20
-4.7961502755905512
11
6.118790748031496
21
-4.7934175590551176
0
LINE
8
BLACK
6
CONTINUOUS
10
6.118790748031496
20
-4.7934175590551176
11
6.118790748031496
21
-4.7914585826771656
0
LINE
8
BLACK
6
CONTINUOUS
10
6.118790748031496
20
-4.7914585826771656
11
6.1181075196850392
21
-4.7887258267716533
0
LINE
8
BLACK
6
CONTINUOUS
10
6.1181075196850392
20
-4.7887258267716533
11
6.1175013385826773
21
-4.7875134251968499
0
LINE
8
BLACK
6
CONTINUOUS
10
6.1175013385826773
20
-4.7875134251968499
11
6.1163342125984252
21
-4.7863462598425199
0
LINE
8
BLACK
6
CONTINUOUS
10
6.1163342125984252
20
-4.7863462598425199
11
6.1145309055118107
21
-4.7857451574803145
0
LINE
8
BLACK
6
CONTINUOUS
10
6.1145309055118107
20
-4.7857451574803145
11
6.1134142913385823
21
-4.7857451574803145
0
LINE
8
BLACK
6
CONTINUOUS
10
6.1134142913385823
20
-4.7857451574803145
11
6.1116109842519686
21
-4.7863462598425199
0
LINE
8
BLACK
6
CONTINUOUS
10
6.1116109842519686
20
-4.7863462598425199
11
6.1110582283464563
21
-4.7868990551181101
0
LINE
8
BLACK
6
CONTINUOUS
10
6.1110582283464563
20
-4.7868990551181101
11
6.1106749999999996
21
-4.7871550787401578
0
LINE
8
BLACK
6
CONTINUOUS
10
6.1106749999999996
20
-4.7871550787401578
11
6.1097710629921256
21
-4.787155039370079
0
LINE
8
BLACK
6
CONTINUOUS
10
6.1097710629921256
20
-4.787155039370079
11
6.1091318503937009
21
-4.7865157874015747
0
LINE
8
BLACK
6
CONTINUOUS
10
6.1091318503937009
20
-4.7865157874015747
11
6.1091318897637796
21
-4.7856118503937006
0
LINE
8
BLACK
6
CONTINUOUS
10
6.1091318897637796
20
-4.7856118503937006
11
6.1093879133858264
21
-4.7852286614173227
0
LINE
8
BLACK
6
CONTINUOUS
10
6.1093879133858264
20
-4.7852286614173227
11
6.110137834645669
21
-4.784478779527559
0
LINE
8
BLACK
6
CONTINUOUS
10
6.110137834645669
20
-4.784478779527559
11
6.1101869685039372
21
-4.7844459055118111
0
LINE
8
BLACK
6
CONTINUOUS
10
6.1101869685039372
20
-4.7844459055118111
11
6.1101990944881885
21
-4.7844217322834641
0
LINE
8
BLACK
6
CONTINUOUS
10
6.1101990944881885
20
-4.7844217322834641
11
6.1103634645669294
21
-4.7843279921259843
0
LINE
8
BLACK
6
CONTINUOUS
10
6.1103634645669294
20
-4.7843279921259843
11
6.1105210629921256
21
-4.7842227559055113
0
LINE
8
BLACK
6
CONTINUOUS
10
6.1105210629921256
20
-4.7842227559055113
11
6.1105481496062994
21
-4.7842227559055113
0
LINE
8
BLACK
6
CONTINUOUS
10
6.1105481496062994
20
-4.7842227559055113
11
6.110599488188976
21
-4.7841935039370078
0
LINE
8
BLACK
6
CONTINUOUS
10
6.110599488188976
20
-4.7841935039370078
11
6.1128491732283461
21
-4.7834435826771653
0
LINE
8
BLACK
6
CONTINUOUS
10
6.1128491732283461
20
-4.7834435826771653
11
6.113036771653543
21
-4.7834199212598421
0
LINE
8
BLACK
6
CONTINUOUS
10
6.113036771653543
20
-4.7834199212598421
11
6.1132226771653544
21
-4.7833829527559057
0
LINE
8
BLACK
6
CONTINUOUS
10
6.1132226771653544
20
-4.7833829527559057
11
6.1147225196850394
21
-4.7833829527559057
0
LINE
8
BLACK
6
CONTINUOUS
10
6.1147225196850394
20
-4.7833829527559057
11
6.1149083858267712
21
-4.7834199212598421
0
LINE
8
BLACK
6
CONTINUOUS
10
6.1398477952755908
20
-4.7755829133858265
11
6.1409131496062992
21
-4.7766482677165349
0
LINE
8
BLACK
6
CONTINUOUS
10
6.1409131496062992
20
-4.7766482677165349
11
6.1410629921259838
21
-4.7774015748031493
0
LINE
8
BLACK
6
CONTINUOUS
10
6.1410629921259838
20
-4.7774015748031493
11
6.1410629921259838
21
-4.8088976377952752
0
LINE
8
BLACK
6
CONTINUOUS
10
6.1410629921259838
20
-4.8088976377952752
11
6.1409131496062992
21
-4.8096509448818896
0
LINE
8
BLACK
6
CONTINUOUS
10
6.1409131496062992
20
-4.8096509448818896
11
6.1398477952755908
21
-4.810716299212598
0
LINE
8
BLACK
6
CONTINUOUS
10
6.1398477952755908
20
-4.810716299212598
11
6.1390944881889764
21
-4.8108661417322836
0
LINE
8
BLACK
6
CONTINUOUS
10
6.1390944881889764
20
-4.8108661417322836
11
6.0761023622047245
21
-4.8108661417322836
0
LINE
8
BLACK
6
CONTINUOUS
10
6.0761023622047245
20
-4.8108661417322836
11
6.0753490551181102
21
-4.810716299212598
0
LINE
8
BLACK
6
CONTINUOUS
10
6.0753490551181102
20
-4.810716299212598
11
6.0742837007874018
21
-4.8096509448818896
0
LINE
8
BLACK
6
CONTINUOUS
10
6.0742837007874018
20
-4.8096509448818896
11
6.0741338582677162
21
-4.8088976377952752
0
LINE
8
BLACK
6
CONTINUOUS
10
6.0741338582677162
20
-4.8088976377952752
11
6.0741338582677162
21
-4.7774015748031493
0
LINE
8
BLACK
6
CONTINUOUS
10
6.0741338582677162
20
-4.7774015748031493
11
6.0742837007874018
21
-4.7766482677165349
0
LINE
8
BLACK
6
CONTINUOUS
10
6.0742837007874018
20
-4.7766482677165349
11
6.0753490551181102
21
-4.7755829133858265
0
LINE
8
BLACK
6
CONTINUOUS
10
6.0753490551181102
20
-4.7755829133858265
11
6.0761023622047245
21
-4.7754330708661419
0
LINE
8
BLACK
6
CONTINUOUS
10
6.0761023622047245
20
-4.7754330708661419
11
6.1390944881889764
21
-4.7754330708661419
0
LINE
8
BLACK
6
CONTINUOUS
10
6.1390944881889764
20
-4.7754330708661419
11
6.1398477952755908
21
-4.7755829133858265
0
LINE
8
BLACK
6
CONTINUOUS
10
6.078070866141732
20
-4.7793700787401576
11
6.078070866141732
21
-4.8069291338582678
0
LINE
8
BLACK
6
CONTINUOUS
10
6.078070866141732
20
-4.8069291338582678
11
6.1371259842519681
21
-4.8069291338582678
0
LINE
8
BLACK
6
CONTINUOUS
10
6.1371259842519681
20
-4.8069291338582678
11
6.1371259842519681
21
-4.7793700787401576
0
LINE
8
BLACK
6
CONTINUOUS
10
6.1371259842519681
20
-4.7793700787401576
11
6.078070866141732
21
-4.7793700787401576
0
LINE
8
BLACK
6
CONTINUOUS
10
6.3079179921259838
20
-4.767343503937008
11
6.3079571259842515
21
-4.7673396062992124
0
LINE
8
BLACK
6
CONTINUOUS
10
6.3079571259842515
20
-4.7673396062992124
11
6.3079759842519687
21
-4.767355039370079
0
LINE
8
BLACK
6
CONTINUOUS
10
6.3079759842519687
20
-4.767355039370079
11
6.3080309842519684
21
-4.7673659842519687
0
LINE
8
BLACK
6
CONTINUOUS
10
6.3080309842519684
20
-4.7673659842519687
11
6.3082182677165353
21
-4.7675532677165355
0
LINE
8
BLACK
6
CONTINUOUS
10
6.3082182677165353
20
-4.7675532677165355
11
6.3084235433070868
21
-4.7677212204724411
0
LINE
8
BLACK
6
CONTINUOUS
10
6.3084235433070868
20
-4.7677212204724411
11
6.3084398818897638
21
-4.7677748818897641
0
LINE
8
BLACK
6
CONTINUOUS
10
6.3084398818897638
20
-4.7677748818897641
11
6.3084571259842521
21
-4.7677921259842515
0
LINE
8
BLACK
6
CONTINUOUS
10
6.3084571259842521
20
-4.7677921259842515
11
6.3084571259842521
21
-4.7678313385826767
0
LINE
8
BLACK
6
CONTINUOUS
10
6.3084571259842521
20
-4.7678313385826767
11
6.3085131496062994
21
-4.7680151181102364
0
LINE
8
BLACK
6
CONTINUOUS
10
6.3085131496062994
20
-4.7680151181102364
11
6.3089818110236218
21
-4.7727020472440946
0
LINE
8
BLACK
6
CONTINUOUS
10
6.3089818110236218
20
-4.7727020472440946
11
6.3089521653543308
21
-4.7730078740157476
0
LINE
8
BLACK
6
CONTINUOUS
10
6.3089521653543308
20
-4.7730078740157476
11
6.3089257874015745
21
-4.7730400787401575
0
LINE
8
BLACK
6
CONTINUOUS
10
6.3089257874015745
20
-4.7730400787401575
11
6.3089257874015745
21
-4.7730817716535432
0
LINE
8
BLACK
6
CONTINUOUS
10
6.3089257874015745
20
-4.7730817716535432
11
6.3087383858267714
21
-4.7732691338582676
0
LINE
8
BLACK
6
CONTINUOUS
10
6.3087383858267714
20
-4.7732691338582676
11
6.3085705511811021
21
-4.7734742913385828
0
LINE
8
BLACK
6
CONTINUOUS
10
6.3085705511811021
20
-4.7734742913385828
11
6.3085290551181101
21
-4.7734784251968501
0
LINE
8
BLACK
6
CONTINUOUS
10
6.3085290551181101
20
-4.7734784251968501
11
6.308499606299212
21
-4.7735079133858269
0
LINE
8
BLACK
6
CONTINUOUS
10
6.308499606299212
20
-4.7735079133858269
11
6.3082344488188973
21
-4.7735078740157482
0
LINE
8
BLACK
6
CONTINUOUS
10
6.3082344488188973
20
-4.7735078740157482
11
6.3079708661417317
21
-4.7735342519685036
0
LINE
8
BLACK
6
CONTINUOUS
10
6.3079708661417317
20
-4.7735342519685036
11
6.307938622047244
21
-4.7735078740157482
0
LINE
8
BLACK
6
CONTINUOUS
10
6.307938622047244
20
-4.7735078740157482
11
6.307896968503937
21
-4.7735078740157482
0
LINE
8
BLACK
6
CONTINUOUS
10
6.307896968503937
20
-4.7735078740157482
11
6.3076415354330706
21
-4.7733371653543308
0
LINE
8
BLACK
6
CONTINUOUS
10
6.3076415354330706
20
-4.7733371653543308
11
6.3072631496062987
21
-4.772958779527559
0
LINE
8
BLACK
6
CONTINUOUS
10
6.3072631496062987
20
-4.772958779527559
11
6.3066063385826769
21
-4.772630393700787
0
LINE
8
BLACK
6
CONTINUOUS
10
6.3066063385826769
20
-4.772630393700787
11
6.3046346850393702
21
-4.772630393700787
0
LINE
8
BLACK
6
CONTINUOUS
10
6.3046346850393702
20
-4.772630393700787
11
6.3039778346456687
21
-4.7729588188976377
0
LINE
8
BLACK
6
CONTINUOUS
10
6.3039778346456687
20
-4.7729588188976377
11
6.3036898031496058
21
-4.7732468110236219
0
LINE
8
BLACK
6
CONTINUOUS
10
6.3036898031496058
20
-4.7732468110236219
11
6.3033614173228347
21
-4.7739036220472437
0
LINE
8
BLACK
6
CONTINUOUS
10
6.3033614173228347
20
-4.7739036220472437
11
6.3033614173228347
21
-4.7758753149606301
0
LINE
8
BLACK
6
CONTINUOUS
10
6.3033614173228347
20
-4.7758753149606301
11
6.3036898425196846
21
-4.7765322047244094
0
LINE
8
BLACK
6
CONTINUOUS
10
6.3036898425196846
20
-4.7765322047244094
11
6.3039777559055112
21
-4.7768201181102361
0
LINE
8
BLACK
6
CONTINUOUS
10
6.3039777559055112
20
-4.7768201181102361
11
6.3046346850393702
21
-4.7771485826771656
0
LINE
8
BLACK
6
CONTINUOUS
10
6.3046346850393702
20
-4.7771485826771656
11
6.3066063385826769
21
-4.7771485826771656
0
LINE
8
BLACK
6
CONTINUOUS
10
6.3066063385826769
20
-4.7771485826771656
11
6.3072631889763775
21
-4.7768201574803149
0
LINE
8
BLACK
6
CONTINUOUS
10
6.3072631889763775
20
-4.7768201574803149
11
6.3076415354330706
21
-4.7764418503937005
0
LINE
8
BLACK
6
CONTINUOUS
10
6.3076415354330706
20
-4.7764418503937005
11
6.307896968503937
21
-4.7762711417322832
0
LINE
8
BLACK
6
CONTINUOUS
10
6.307896968503937
20
-4.7762711417322832
11
6.308499606299212
21
-4.7762711023622044
0
LINE
8
BLACK
6
CONTINUOUS
10
6.308499606299212
20
-4.7762711023622044
11
6.3089257874015745
21
-4.7766972440944881
0
LINE
8
BLACK
6
CONTINUOUS
10
6.3089257874015745
20
-4.7766972440944881
11
6.3089258267716533
21
-4.7772999212598428
0
LINE
8
BLACK
6
CONTINUOUS
10
6.3089258267716533
20
-4.7772999212598428
11
6.3087551181102359
21
-4.7775553543307083
0
LINE
8
BLACK
6
CONTINUOUS
10
6.3087551181102359
20
-4.7775553543307083
11
6.3082864566929135
21
-4.7780240944881891
0
LINE
8
BLACK
6
CONTINUOUS
10
6.3082864566929135
20
-4.7780240944881891
11
6.3081814566929131
21
-4.7780942125984254
0
LINE
8
BLACK
6
CONTINUOUS
10
6.3081814566929131
20
-4.7780942125984254
11
6.3080817716535433
21
-4.7781716141732282
0
LINE
8
BLACK
6
CONTINUOUS
10
6.3080817716535433
20
-4.7781716141732282
11
6.3071443700787402
21
-4.7786402755905515
0
LINE
8
BLACK
6
CONTINUOUS
10
6.3071443700787402
20
-4.7786402755905515
11
6.3071063385826767
21
-4.7786506692913386
0
LINE
8
BLACK
6
CONTINUOUS
10
6.3071063385826767
20
-4.7786506692913386
11
6.3070935826771652
21
-4.7786634645669288
0
LINE
8
BLACK
6
CONTINUOUS
10
6.3070935826771652
20
-4.7786634645669288
11
6.3069697244094485
21
-4.7786880708661412
0
LINE
8
BLACK
6
CONTINUOUS
10
6.3069697244094485
20
-4.7786880708661412
11
6.3068480314960631
21
-4.778721417322835
0
LINE
8
BLACK
6
CONTINUOUS
10
6.3068480314960631
20
-4.778721417322835
11
6.3068308661417323
21
-4.7787156692913388
0
LINE
8
BLACK
6
CONTINUOUS
10
6.3068308661417323
20
-4.7787156692913388
11
6.3067922440944884
21
-4.7787233858267717
0
LINE
8
BLACK
6
CONTINUOUS
10
6.3067922440944884
20
-4.7787233858267717
11
6.3044487795275588
21
-4.7787233858267717
0
LINE
8
BLACK
6
CONTINUOUS
10
6.3044487795275588
20
-4.7787233858267717
11
6.3044101181102361
21
-4.7787156692913388
0
LINE
8
BLACK
6
CONTINUOUS
10
6.3044101181102361
20
-4.7787156692913388
11
6.304392992125984
21
-4.778721417322835
0
LINE
8
BLACK
6
CONTINUOUS
10
6.304392992125984
20
-4.778721417322835
11
6.3042712598425199
21
-4.7786880708661412
0
LINE
8
BLACK
6
CONTINUOUS
10
6.3042712598425199
20
-4.7786880708661412
11
6.3041474409448819
21
-4.7786634645669288
0
LINE
8
BLACK
6
CONTINUOUS
10
6.3041474409448819
20
-4.7786634645669288
11
6.3041346456692908
21
-4.7786506692913386
0
LINE
8
BLACK
6
CONTINUOUS
10
6.3041346456692908
20
-4.7786506692913386
11
6.3040966535433069
21
-4.7786402755905515
0
LINE
8
BLACK
6
CONTINUOUS
10
6.3040966535433069
20
-4.7786402755905515
11
6.3031592913385825
21
-4.7781716141732282
0
LINE
8
BLACK
6
CONTINUOUS
10
6.3031592913385825
20
-4.7781716141732282
11
6.303059409448819
21
-4.7780940944881891
0
LINE
8
BLACK
6
CONTINUOUS
10
6.303059409448819
20
-4.7780940944881891
11
6.3029546456692911
21
-4.7780240944881891
0
LINE
8
BLACK
6
CONTINUOUS
10
6.3029546456692911
20
-4.7780240944881891
11
6.30248594488189
21
-4.7775553937007871
0
LINE
8
BLACK
6
CONTINUOUS
10
6.30248594488189
20
-4.7775553937007871
11
6.3024157874015749
21
-4.7774504330708663
0
LINE
8
BLACK
6
CONTINUOUS
10
6.3024157874015749
20
-4.7774504330708663
11
6.3023384251968499
21
-4.7773507480314956
0
LINE
8
BLACK
6
CONTINUOUS
10
6.3023384251968499
20
-4.7773507480314956
11
6.3018697244094488
21
-4.7764133464566925
0
LINE
8
BLACK
6
CONTINUOUS
10
6.3018697244094488
20
-4.7764133464566925
11
6.3018592913385829
21
-4.7763753149606298
0
LINE
8
BLACK
6
CONTINUOUS
10
6.3018592913385829
20
-4.7763753149606298
11
6.3018465354330706
21
-4.7763625590551184
0
LINE
8
BLACK
6
CONTINUOUS
10
6.3018465354330706
20
-4.7763625590551184
11
6.3018218897637794
21
-4.7762387795275592
0
LINE
8
BLACK
6
CONTINUOUS
10
6.3018218897637794
20
-4.7762387795275592
11
6.3017885826771654
21
-4.7761170472440941
0
LINE
8
BLACK
6
CONTINUOUS
10
6.3017885826771654
20
-4.7761170472440941
11
6.3017942913385827
21
-4.7760998818897633
0
LINE
8
BLACK
6
CONTINUOUS
10
6.3017942913385827
20
-4.7760998818897633
11
6.3017866141732286
21
-4.7760612204724406
0
LINE
8
BLACK
6
CONTINUOUS
10
6.3017866141732286
20
-4.7760612204724406
11
6.3017866141732286
21
-4.773717755905512
0
LINE
8
BLACK
6
CONTINUOUS
10
6.3017866141732286
20
-4.773717755905512
11
6.3017942913385827
21
-4.7736790551181105
0
LINE
8
BLACK
6
CONTINUOUS
10
6.3017942913385827
20
-4.7736790551181105
11
6.3017885826771654
21
-4.7736619291338585
0
LINE
8
BLACK
6
CONTINUOUS
10
6.3017885826771654
20
-4.7736619291338585
11
6.3018218897637794
21
-4.7735403149606297
0
LINE
8
BLACK
6
CONTINUOUS
10
6.3018218897637794
20
-4.7735403149606297
11
6.3018465354330706
21
-4.7734164173228342
0
LINE
8
BLACK
6
CONTINUOUS
10
6.3018465354330706
20
-4.7734164173228342
11
6.3018593307086617
21
-4.7734035826771652
0
LINE
8
BLACK
6
CONTINUOUS
10
6.3018593307086617
20
-4.7734035826771652
11
6.3018697637795276
21
-4.7733655905511814
0
LINE
8
BLACK
6
CONTINUOUS
10
6.3018697637795276
20
-4.7733655905511814
11
6.3023384251968499
21
-4.7724282677165357
0
LINE
8
BLACK
6
CONTINUOUS
10
6.3023384251968499
20
-4.7724282677165357
11
6.3024157874015749
21
-4.7723285433070863
0
LINE
8
BLACK
6
CONTINUOUS
10
6.3024157874015749
20
-4.7723285433070863
11
6.30248594488189
21
-4.7722236220472443
0
LINE
8
BLACK
6
CONTINUOUS
10
6.30248594488189
20
-4.7722236220472443
11
6.3029546456692911
21
-4.7717549212598422
0
LINE
8
BLACK
6
CONTINUOUS
10
6.3029546456692911
20
-4.7717549212598422
11
6.3030594881889765
21
-4.771684803149606
0
LINE
8
BLACK
6
CONTINUOUS
10
6.3030594881889765
20
-4.771684803149606
11
6.3031592519685038
21
-4.7716074409448819
0
LINE
8
BLACK
6
CONTINUOUS
10
6.3031592519685038
20
-4.7716074409448819
11
6.3040966141732282
21
-4.7711387401574799
0
LINE
8
BLACK
6
CONTINUOUS
10
6.3040966141732282
20
-4.7711387401574799
11
6.3041346062992121
21
-4.771128307086614
0
LINE
8
BLACK
6
CONTINUOUS
10
6.3041346062992121
20
-4.771128307086614
11
6.3041474409448819
21
-4.7711155118110238
0
LINE
8
BLACK
6
CONTINUOUS
10
6.3041474409448819
20
-4.7711155118110238
11
6.3042713385826774
21
-4.7710908661417326
0
LINE
8
BLACK
6
CONTINUOUS
10
6.3042713385826774
20
-4.7710908661417326
11
6.3043929527559053
21
-4.7710575590551176
0
LINE
8
BLACK
6
CONTINUOUS
10
6.3043929527559053
20
-4.7710575590551176
11
6.3044100787401574
21
-4.771063267716535
0
LINE
8
BLACK
6
CONTINUOUS
10
6.3044100787401574
20
-4.771063267716535
11
6.3044487795275588
21
-4.7710555905511809
0
LINE
8
BLACK
6
CONTINUOUS
10
6.3044487795275588
20
-4.7710555905511809
11
6.3067922440944884
21
-4.7710555905511809
0
LINE
8
BLACK
6
CONTINUOUS
10
6.3067922440944884
20
-4.7710555905511809
11
6.306830905511811
21
-4.771063267716535
0
LINE
8
BLACK
6
CONTINUOUS
10
6.306830905511811
20
-4.771063267716535
11
6.3068480708661419
21
-4.7710575590551176
0
LINE
8
BLACK
6
CONTINUOUS
10
6.3068480708661419
20
-4.7710575590551176
11
6.306969803149606
21
-4.7710908661417326
0
LINE
8
BLACK
6
CONTINUOUS
10
6.306969803149606
20
-4.7710908661417326
11
6.3070935826771652
21
-4.7711155118110238
0
LINE
8
BLACK
6
CONTINUOUS
10
6.3070935826771652
20
-4.7711155118110238
11
6.3071063385826767
21
-4.7711282677165352
0
LINE
8
BLACK
6
CONTINUOUS
10
6.3071063385826767
20
-4.7711282677165352
11
6.3071443700787402
21
-4.7711387007874011
0
LINE
8
BLACK
6
CONTINUOUS
10
6.3071443700787402
20
-4.7711387007874011
11
6.3072479527559056
21
-4.7711904724409449
0
LINE
8
BLACK
6
CONTINUOUS
10
6.3072479527559056
20
-4.7711904724409449
11
6.3070170472440941
21
-4.7688808661417319
0
LINE
8
BLACK
6
CONTINUOUS
10
6.3070170472440941
20
-4.7688808661417319
11
6.3030427165354332
21
-4.7688808661417319
0
LINE
8
BLACK
6
CONTINUOUS
10
6.3030427165354332
20
-4.7688808661417319
11
6.3027413779527555
21
-4.7688209448818899
0
LINE
8
BLACK
6
CONTINUOUS
10
6.3027413779527555
20
-4.7688209448818899
11
6.3023152362204726
21
-4.7683948031496062
0
LINE
8
BLACK
6
CONTINUOUS
10
6.3023152362204726
20
-4.7683948031496062
11
6.3023152362204726
21
-4.7677921259842515
0
LINE
8
BLACK
6
CONTINUOUS
10
6.3023152362204726
20
-4.7677921259842515
11
6.3027413779527555
21
-4.7673659842519687
0
LINE
8
BLACK
6
CONTINUOUS
10
6.3027413779527555
20
-4.7673659842519687
11
6.3030427165354332
21
-4.7673060629921258
0
LINE
8
BLACK
6
CONTINUOUS
10
6.3030427165354332
20
-4.7673060629921258
11
6.3077296456692915
21
-4.7673060629921258
0
LINE
8
BLACK
6
CONTINUOUS
10
6.3077296456692915
20
-4.7673060629921258
11
6.3079179921259838
21
-4.767343503937008
0
LINE
8
BLACK
6
CONTINUOUS
10
6.3164248818897635
20
-4.7677921259842515
11
6.3164848031496064
21
-4.7680934645669293
0
LINE
8
BLACK
6
CONTINUOUS
10
6.3164848031496064
20
-4.7680934645669293
11
6.3164848031496064
21
-4.7779359842519682
0
LINE
8
BLACK
6
CONTINUOUS
10
6.3164848031496064
20
-4.7779359842519682
11
6.3164248818897635
21
-4.778237322834646
0
LINE
8
BLACK
6
CONTINUOUS
10
6.3164248818897635
20
-4.778237322834646
11
6.3159987401574798
21
-4.7786634645669288
0
LINE
8
BLACK
6
CONTINUOUS
10
6.3159987401574798
20
-4.7786634645669288
11
6.3156974015748029
21
-4.7787233858267717
0
LINE
8
BLACK
6
CONTINUOUS
10
6.3156974015748029
20
-4.7787233858267717
11
6.3110104724409446
21
-4.7787233858267717
0
LINE
8
BLACK
6
CONTINUOUS
10
6.3110104724409446
20
-4.7787233858267717
11
6.3107091338582677
21
-4.7786634645669288
0
LINE
8
BLACK
6
CONTINUOUS
10
6.3107091338582677
20
-4.7786634645669288
11
6.310282992125984
21
-4.778237322834646
0
LINE
8
BLACK
6
CONTINUOUS
10
6.310282992125984
20
-4.778237322834646
11
6.310282992125984
21
-4.7776346456692913
0
LINE
8
BLACK
6
CONTINUOUS
10
6.310282992125984
20
-4.7776346456692913
11
6.3107091338582677
21
-4.7772085039370076
0
LINE
8
BLACK
6
CONTINUOUS
10
6.3107091338582677
20
-4.7772085039370076
11
6.3110104724409446
21
-4.7771485826771656
0
LINE
8
BLACK
6
CONTINUOUS
10
6.3110104724409446
20
-4.7771485826771656
11
6.3149100000000002
21
-4.7771485826771656
0
LINE
8
BLACK
6
CONTINUOUS
10
6.3149100000000002
20
-4.7771485826771656
11
6.3149100000000002
21
-4.7680934645669293
0
LINE
8
BLACK
6
CONTINUOUS
10
6.3149100000000002
20
-4.7680934645669293
11
6.3149699212598422
21
-4.7677921259842515
0
LINE
8
BLACK
6
CONTINUOUS
10
6.3149699212598422
20
-4.7677921259842515
11
6.315396062992126
21
-4.7673659842519687
0
LINE
8
BLACK
6
CONTINUOUS
10
6.315396062992126
20
-4.7673659842519687
11
6.3159987401574798
21
-4.7673659842519687
0
LINE
8
BLACK
6
CONTINUOUS
10
6.3159987401574798
20
-4.7673659842519687
11
6.3164248818897635
21
-4.7677921259842515
0
LINE
8
BLACK
6
CONTINUOUS
10
6.3298084251968501
20
-4.7618033858267719
11
6.3308737795275585
21
-4.7628687401574803
0
LINE
8
BLACK
6
CONTINUOUS
10
6.3308737795275585
20
-4.7628687401574803
11
6.331023622047244
21
-4.7636220472440947
0
LINE
8
BLACK
6
CONTINUOUS
10
6.331023622047244
20
-4.7636220472440947
11
6.331023622047244
21
-4.7833070866141734
0
LINE
8
BLACK
6
CONTINUOUS
10
6.331023622047244
20
-4.7833070866141734
11
6.3308737795275585
21
-4.7840603937007877
0
LINE
8
BLACK
6
CONTINUOUS
10
6.3308737795275585
20
-4.7840603937007877
11
6.3298084251968501
21
-4.7851257480314962
0
LINE
8
BLACK
6
CONTINUOUS
10
6.3298084251968501
20
-4.7851257480314962
11
6.3290551181102357
21
-4.7852755905511808
0
LINE
8
BLACK
6
CONTINUOUS
10
6.3290551181102357
20
-4.7852755905511808
11
6.2896850393700783
21
-4.7852755905511808
0
LINE
8
BLACK
6
CONTINUOUS
10
6.2896850393700783
20
-4.7852755905511808
11
6.2889317322834648
21
-4.7851257480314962
0
LINE
8
BLACK
6
CONTINUOUS
10
6.2889317322834648
20
-4.7851257480314962
11
6.2878663779527555
21
-4.7840603937007877
0
LINE
8
BLACK
6
CONTINUOUS
10
6.2878663779527555
20
-4.7840603937007877
11
6.2877165354330709
21
-4.7833070866141734
0
LINE
8
BLACK
6
CONTINUOUS
10
6.2877165354330709
20
-4.7833070866141734
11
6.2877165354330709
21
-4.7636220472440947
0
LINE
8
BLACK
6
CONTINUOUS
10
6.2877165354330709
20
-4.7636220472440947
11
6.2878663779527555
21
-4.7628687401574803
0
LINE
8
BLACK
6
CONTINUOUS
10
6.2878663779527555
20
-4.7628687401574803
11
6.2889317322834648
21
-4.7618033858267719
0
LINE
8
BLACK
6
CONTINUOUS
10
6.2889317322834648
20
-4.7618033858267719
11
6.2896850393700783
21
-4.7616535433070863
0
LINE
8
BLACK
6
CONTINUOUS
10
6.2896850393700783
20
-4.7616535433070863
11
6.3290551181102357
21
-4.7616535433070863
0
LINE
8
BLACK
6
CONTINUOUS
10
6.3290551181102357
20
-4.7616535433070863
11
6.3298084251968501
21
-4.7618033858267719
0
LINE
8
BLACK
6
CONTINUOUS
10
6.2916535433070866
20
-4.7655905511811021
11
6.2916535433070866
21
-4.781338582677165
0
LINE
8
BLACK
6
CONTINUOUS
10
6.2916535433070866
20
-4.781338582677165
11
6.3270866141732283
21
-4.781338582677165
0
LINE
8
BLACK
6
CONTINUOUS
10
6.3270866141732283
20
-4.781338582677165
11
6.3270866141732283
21
-4.7655905511811021
0
LINE
8
BLACK
6
CONTINUOUS
10
6.3270866141732283
20
-4.7655905511811021
11
6.2916535433070866
21
-4.7655905511811021
0
LINE
8
BLACK
6
CONTINUOUS
10
6.2077510629921262
20
-4.7520683070866143
11
6.2080369291338577
21
-4.7529258267716532
0
LINE
8
BLACK
6
CONTINUOUS
10
6.2080369291338577
20
-4.7529258267716532
11
6.2079151968503936
21
-4.7533703149606295
0
LINE
8
BLACK
6
CONTINUOUS
10
6.2079151968503936
20
-4.7533703149606295
11
6.2071652755905511
21
-4.7548701574803145
0
LINE
8
BLACK
6
CONTINUOUS
10
6.2071652755905511
20
-4.7548701574803145
11
6.2070491338582672
21
-4.7550197244094488
0
LINE
8
BLACK
6
CONTINUOUS
10
6.2070491338582672
20
-4.7550197244094488
11
6.2069440157480313
21
-4.7551771259842521
0
LINE
8
BLACK
6
CONTINUOUS
10
6.2069440157480313
20
-4.7551771259842521
11
6.2059606299212593
21
-4.7561604724409445
0
LINE
8
BLACK
6
CONTINUOUS
10
6.2059606299212593
20
-4.7561604724409445
11
6.2169262598425199
21
-4.7561604724409445
0
LINE
8
BLACK
6
CONTINUOUS
10
6.2169262598425199
20
-4.7561604724409445
11
6.2169262598425199
21
-4.7528421259842517
0
LINE
8
BLACK
6
CONTINUOUS
10
6.2169262598425199
20
-4.7528421259842517
11
6.2170161811023616
21
-4.7523901181102364
0
LINE
8
BLACK
6
CONTINUOUS
10
6.2170161811023616
20
-4.7523901181102364
11
6.2176553543307085
21
-4.7517509448818895
0
LINE
8
BLACK
6
CONTINUOUS
10
6.2176553543307085
20
-4.7517509448818895
11
6.21855937007874
21
-4.7517509448818895
0
LINE
8
BLACK
6
CONTINUOUS
10
6.21855937007874
20
-4.7517509448818895
11
6.2191985433070869
21
-4.7523901181102364
0
LINE
8
BLACK
6
CONTINUOUS
10
6.2191985433070869
20
-4.7523901181102364
11
6.2192884645669286
21
-4.7528421259842517
0
LINE
8
BLACK
6
CONTINUOUS
10
6.2192884645669286
20
-4.7528421259842517
11
6.2192884645669286
21
-4.7618409842519682
0
LINE
8
BLACK
6
CONTINUOUS
10
6.2192884645669286
20
-4.7618409842519682
11
6.2191985433070869
21
-4.7622929921259844
0
LINE
8
BLACK
6
CONTINUOUS
10
6.2191985433070869
20
-4.7622929921259844
11
6.21855937007874
21
-4.7629321653543304
0
LINE
8
BLACK
6
CONTINUOUS
10
6.21855937007874
20
-4.7629321653543304
11
6.2176553543307085
21
-4.7629321653543304
0
LINE
8
BLACK
6
CONTINUOUS
10
6.2176553543307085
20
-4.7629321653543304
11
6.2170161811023616
21
-4.7622929921259844
0
LINE
8
BLACK
6
CONTINUOUS
10
6.2170161811023616
20
-4.7622929921259844
11
6.2169262598425199
21
-4.7618409842519682
0
LINE
8
BLACK
6
CONTINUOUS
10
6.2169262598425199
20
-4.7618409842519682
11
6.2169262598425199
21
-4.7585226771653542
0
LINE
8
BLACK
6
CONTINUOUS
10
6.2169262598425199
20
-4.7585226771653542
11
6.2023593307086609
21
-4.7585226771653542
0
LINE
8
BLACK
6
CONTINUOUS
10
6.2023593307086609
20
-4.7585226771653542
11
6.2019073228346455
21
-4.7584327559055115
0
LINE
8
BLACK
6
CONTINUOUS
10
6.2019073228346455
20
-4.7584327559055115
11
6.2018213385826773
21
-4.7583467716535433
0
LINE
8
BLACK
6
CONTINUOUS
10
6.2018213385826773
20
-4.7583467716535433
11
6.2017021653543303
21
-4.758322952755905
0
LINE
8
BLACK
6
CONTINUOUS
10
6.2017021653543303
20
-4.758322952755905
11
6.2015113779527562
21
-4.7580368110236222
0
LINE
8
BLACK
6
CONTINUOUS
10
6.2015113779527562
20
-4.7580368110236222
11
6.2012681496062987
21
-4.7577935826771656
0
LINE
8
BLACK
6
CONTINUOUS
10
6.2012681496062987
20
-4.7577935826771656
11
6.2012681496062987
21
-4.7576719685039368
0
LINE
8
BLACK
6
CONTINUOUS
10
6.2012681496062987
20
-4.7576719685039368
11
6.2012006692913388
21
-4.7575707874015745
0
LINE
8
BLACK
6
CONTINUOUS
10
6.2012006692913388
20
-4.7575707874015745
11
6.2012681496062987
21
-4.7572333858267717
0
LINE
8
BLACK
6
CONTINUOUS
10
6.2012681496062987
20
-4.7572333858267717
11
6.2012681496062987
21
-4.756889566929134
0
LINE
8
BLACK
6
CONTINUOUS
10
6.2012681496062987
20
-4.756889566929134
11
6.2013540944881891
21
-4.7568035826771649
0
LINE
8
BLACK
6
CONTINUOUS
10
6.2013540944881891
20
-4.7568035826771649
11
6.2013779527559052
21
-4.7566844094488188
0
LINE
8
BLACK
6
CONTINUOUS
10
6.2013779527559052
20
-4.7566844094488188
11
6.2017041732283467
21
-4.7563588582677161
0
LINE
8
BLACK
6
CONTINUOUS
10
6.2017041732283467
20
-4.7563588582677161
11
6.2038566535433066
21
-4.7549237795275587
0
LINE
8
BLACK
6
CONTINUOUS
10
6.2038566535433066
20
-4.7549237795275587
11
6.2051381496062987
21
-4.7536422834645666
0
LINE
8
BLACK
6
CONTINUOUS
10
6.2051381496062987
20
-4.7536422834645666
11
6.2058023622047243
21
-4.7523138976377952
0
LINE
8
BLACK
6
CONTINUOUS
10
6.2058023622047243
20
-4.7523138976377952
11
6.2060849606299211
21
-4.7519498425196849
0
LINE
8
BLACK
6
CONTINUOUS
10
6.2060849606299211
20
-4.7519498425196849
11
6.2069424803149609
21
-4.7516639763779525
0
LINE
8
BLACK
6
CONTINUOUS
10
6.2069424803149609
20
-4.7516639763779525
11
6.2077510629921262
21
-4.7520683070866143
0
LINE
8
BLACK
6
CONTINUOUS
10
6.2077510629921262
20
-4.7370701968503939
11
6.2080369291338577
21
-4.7379277165354328
0
LINE
8
BLACK
6
CONTINUOUS
10
6.2080369291338577
20
-4.7379277165354328
11
6.2079151968503936
21
-4.738372204724409
0
LINE
8
BLACK
6
CONTINUOUS
10
6.2079151968503936
20
-4.738372204724409
11
6.2071652755905511
21
-4.7398720472440941
0
LINE
8
BLACK
6
CONTINUOUS
10
6.2071652755905511
20
-4.7398720472440941
11
6.2070491338582672
21
-4.7400216141732283
0
LINE
8
BLACK
6
CONTINUOUS
10
6.2070491338582672
20
-4.7400216141732283
11
6.2069440157480313
21
-4.7401790157480317
0
LINE
8
BLACK
6
CONTINUOUS
10
6.2069440157480313
20
-4.7401790157480317
11
6.2059606299212593
21
-4.7411623622047241
0
LINE
8
BLACK
6
CONTINUOUS
10
6.2059606299212593
20
-4.7411623622047241
11
6.2169262598425199
21
-4.7411623622047241
0
LINE
8
BLACK
6
CONTINUOUS
10
6.2169262598425199
20
-4.7411623622047241
11
6.2169262598425199
21
-4.7378440157480313
0
LINE
8
BLACK
6
CONTINUOUS
10
6.2169262598425199
20
-4.7378440157480313
11
6.2170161811023616
21
-4.7373920078740159
0
LINE
8
BLACK
6
CONTINUOUS
10
6.2170161811023616
20
-4.7373920078740159
11
6.2176553543307085
21
-4.7367528346456691
0
LINE
8
BLACK
6
CONTINUOUS
10
6.2176553543307085
20
-4.7367528346456691
11
6.21855937007874
21
-4.7367528346456691
0
LINE
8
BLACK
6
CONTINUOUS
10
6.21855937007874
20
-4.7367528346456691
11
6.2191985433070869
21
-4.7373920078740159
0
LINE
8
BLACK
6
CONTINUOUS
10
6.2191985433070869
20
-4.7373920078740159
11
6.2192884645669286
21
-4.7378440157480313
0
LINE
8
BLACK
6
CONTINUOUS
10
6.2192884645669286
20
-4.7378440157480313
11
6.2192884645669286
21
-4.7468428740157478
0
LINE
8
BLACK
6
CONTINUOUS
10
6.2192884645669286
20
-4.7468428740157478
11
6.2191985433070869
21
-4.747294881889764
0
LINE
8
BLACK
6
CONTINUOUS
10
6.2191985433070869
20
-4.747294881889764
11
6.21855937007874
21
-4.74793405511811
0
LINE
8
BLACK
6
CONTINUOUS
10
6.21855937007874
20
-4.74793405511811
11
6.2176553543307085
21
-4.74793405511811
0
LINE
8
BLACK
6
CONTINUOUS
10
6.2176553543307085
20
-4.74793405511811
11
6.2170161811023616
21
-4.747294881889764
0
LINE
8
BLACK
6
CONTINUOUS
10
6.2170161811023616
20
-4.747294881889764
11
6.2169262598425199
21
-4.7468428740157478
0
LINE
8
BLACK
6
CONTINUOUS
10
6.2169262598425199
20
-4.7468428740157478
11
6.2169262598425199
21
-4.7435245669291337
0
LINE
8
BLACK
6
CONTINUOUS
10
6.2169262598425199
20
-4.7435245669291337
11
6.2023593307086609
21
-4.7435245669291337
0
LINE
8
BLACK
6
CONTINUOUS
10
6.2023593307086609
20
-4.7435245669291337
11
6.2019073228346455
21
-4.7434346456692911
0
LINE
8
BLACK
6
CONTINUOUS
10
6.2019073228346455
20
-4.7434346456692911
11
6.2018213385826773
21
-4.7433486614173228
0
LINE
8
BLACK
6
CONTINUOUS
10
6.2018213385826773
20
-4.7433486614173228
11
6.2017021653543303
21
-4.7433248425196846
0
LINE
8
BLACK
6
CONTINUOUS
10
6.2017021653543303
20
-4.7433248425196846
11
6.2015113779527562
21
-4.7430387007874018
0
LINE
8
BLACK
6
CONTINUOUS
10
6.2015113779527562
20
-4.7430387007874018
11
6.2012681496062987
21
-4.7427954724409451
0
LINE
8
BLACK
6
CONTINUOUS
10
6.2012681496062987
20
-4.7427954724409451
11
6.2012681496062987
21
-4.7426738582677164
0
LINE
8
BLACK
6
CONTINUOUS
10
6.2012681496062987
20
-4.7426738582677164
11
6.2012006692913388
21
-4.742572677165354
0
LINE
8
BLACK
6
CONTINUOUS
10
6.2012006692913388
20
-4.742572677165354
11
6.2012681496062987
21
-4.7422352755905512
0
LINE
8
BLACK
6
CONTINUOUS
10
6.2012681496062987
20
-4.7422352755905512
11
6.2012681496062987
21
-4.7418914566929136
0
LINE
8
BLACK
6
CONTINUOUS
10
6.2012681496062987
20
-4.7418914566929136
11
6.2013540944881891
21
-4.7418054724409444
0
LINE
8
BLACK
6
CONTINUOUS
10
6.2013540944881891
20
-4.7418054724409444
11
6.2013779527559052
21
-4.7416862992125983
0
LINE
8
BLACK
6
CONTINUOUS
10
6.2013779527559052
20
-4.7416862992125983
11
6.2017041732283467
21
-4.7413607480314957
0
LINE
8
BLACK
6
CONTINUOUS
10
6.2017041732283467
20
-4.7413607480314957
11
6.2038566535433066
21
-4.7399256692913383
0
LINE
8
BLACK
6
CONTINUOUS
10
6.2038566535433066
20
-4.7399256692913383
11
6.2051381496062987
21
-4.7386441732283462
0
LINE
8
BLACK
6
CONTINUOUS
10
6.2051381496062987
20
-4.7386441732283462
11
6.2058023622047243
21
-4.7373157874015748
0
LINE
8
BLACK
6
CONTINUOUS
10
6.2058023622047243
20
-4.7373157874015748
11
6.2060849606299211
21
-4.7369517322834644
0
LINE
8
BLACK
6
CONTINUOUS
10
6.2060849606299211
20
-4.7369517322834644
11
6.2069424803149609
21
-4.736665866141732
0
LINE
8
BLACK
6
CONTINUOUS
10
6.2069424803149609
20
-4.736665866141732
11
6.2077510629921262
21
-4.7370701968503939
0
LINE
8
BLACK
6
CONTINUOUS
10
6.2115001968503938
20
-4.7209431102362203
11
6.2116446850393698
21
-4.7209501574803152
0
LINE
8
BLACK
6
CONTINUOUS
10
6.2116446850393698
20
-4.7209501574803152
11
6.2146442913385824
21
-4.7217000787401577
0
LINE
8
BLACK
6
CONTINUOUS
10
6.2146442913385824
20
-4.7217000787401577
11
6.2147612204724405
21
-4.7217553149606299
0
LINE
8
BLACK
6
CONTINUOUS
10
6.2147612204724405
20
-4.7217553149606299
11
6.2148860236220473
21
-4.7217894881889766
0
LINE
8
BLACK
6
CONTINUOUS
10
6.2148860236220473
20
-4.7217894881889766
11
6.2163858267716536
21
-4.7225393700787404
0
LINE
8
BLACK
6
CONTINUOUS
10
6.2163858267716536
20
-4.7225393700787404
11
6.2165353149606295
21
-4.7226553937007871
0
LINE
8
BLACK
6
CONTINUOUS
10
6.2165353149606295
20
-4.7226553937007871
11
6.2166927952755904
21
-4.7227606299212601
0
LINE
8
BLACK
6
CONTINUOUS
10
6.2166927952755904
20
-4.7227606299212601
11
6.2181926377952754
21
-4.7242603937007877
0
LINE
8
BLACK
6
CONTINUOUS
10
6.2181926377952754
20
-4.7242603937007877
11
6.2182255118110232
21
-4.7243096062992125
0
LINE
8
BLACK
6
CONTINUOUS
10
6.2182255118110232
20
-4.7243096062992125
11
6.218249724409449
21
-4.7243217322834647
0
LINE
8
BLACK
6
CONTINUOUS
10
6.218249724409449
20
-4.7243217322834647
11
6.2183435039370076
21
-4.7244862204724409
0
LINE
8
BLACK
6
CONTINUOUS
10
6.2183435039370076
20
-4.7244862204724409
11
6.2184486614173231
21
-4.7246436220472443
0
LINE
8
BLACK
6
CONTINUOUS
10
6.2184486614173231
20
-4.7246436220472443
11
6.2184486614173231
21
-4.7246706299212597
0
LINE
8
BLACK
6
CONTINUOUS
10
6.2184486614173231
20
-4.7246706299212597
11
6.2184779921259841
21
-4.7247220866141735
0
LINE
8
BLACK
6
CONTINUOUS
10
6.2184779921259841
20
-4.7247220866141735
11
6.2192278740157478
21
-4.726971850393701
0
LINE
8
BLACK
6
CONTINUOUS
10
6.2192278740157478
20
-4.726971850393701
11
6.2192514960629923
21
-4.7271596456692908
0
LINE
8
BLACK
6
CONTINUOUS
10
6.2192514960629923
20
-4.7271596456692908
11
6.2192884645669286
21
-4.7273453149606297
0
LINE
8
BLACK
6
CONTINUOUS
10
6.2192884645669286
20
-4.7273453149606297
11
6.2192884645669286
21
-4.7288451574803148
0
LINE
8
BLACK
6
CONTINUOUS
10
6.2192884645669286
20
-4.7288451574803148
11
6.2192515354330711
21
-4.7290307480314961
0
LINE
8
BLACK
6
CONTINUOUS
10
6.2192515354330711
20
-4.7290307480314961
11
6.2192278740157478
21
-4.7292186614173231
0
LINE
8
BLACK
6
CONTINUOUS
10
6.2192278740157478
20
-4.7292186614173231
11
6.2184779921259841
21
-4.7314683464566931
0
LINE
8
BLACK
6
CONTINUOUS
10
6.2184779921259841
20
-4.7314683464566931
11
6.2184487007874019
21
-4.7315196850393697
0
LINE
8
BLACK
6
CONTINUOUS
10
6.2184487007874019
20
-4.7315196850393697
11
6.2184487007874019
21
-4.7315468110236223
0
LINE
8
BLACK
6
CONTINUOUS
10
6.2184487007874019
20
-4.7315468110236223
11
6.2183434251968501
21
-4.7317042913385823
0
LINE
8
BLACK
6
CONTINUOUS
10
6.2183434251968501
20
-4.7317042913385823
11
6.218249724409449
21
-4.7318687007874018
0
LINE
8
BLACK
6
CONTINUOUS
10
6.218249724409449
20
-4.7318687007874018
11
6.2182254724409445
21
-4.7318807874015745
0
LINE
8
BLACK
6
CONTINUOUS
10
6.2182254724409445
20
-4.7318807874015745
11
6.2181926377952754
21
-4.7319300000000002
0
LINE
8
BLACK
6
CONTINUOUS
10
6.2181926377952754
20
-4.7319300000000002
11
6.2174427165354329
21
-4.7326799212598427
0
LINE
8
BLACK
6
CONTINUOUS
10
6.2174427165354329
20
-4.7326799212598427
11
6.217059527559055
21
-4.7329359448818895
0
LINE
8
BLACK
6
CONTINUOUS
10
6.217059527559055
20
-4.7329359448818895
11
6.2161555905511809
21
-4.7329359448818895
0
LINE
8
BLACK
6
CONTINUOUS
10
6.2161555905511809
20
-4.7329359448818895
11
6.2155163779527554
21
-4.7322967322834648
0
LINE
8
BLACK
6
CONTINUOUS
10
6.2155163779527554
20
-4.7322967322834648
11
6.2155163779527554
21
-4.7313927952755908
0
LINE
8
BLACK
6
CONTINUOUS
10
6.2155163779527554
20
-4.7313927952755908
11
6.215772401574803
21
-4.7310096062992129
0
LINE
8
BLACK
6
CONTINUOUS
10
6.215772401574803
20
-4.7310096062992129
11
6.2163250787401569
21
-4.7304568897637793
0
LINE
8
BLACK
6
CONTINUOUS
10
6.2163250787401569
20
-4.7304568897637793
11
6.2169262598425199
21
-4.7286534251968506
0
LINE
8
BLACK
6
CONTINUOUS
10
6.2169262598425199
20
-4.7286534251968506
11
6.2169262598425199
21
-4.727537007874016
0
LINE
8
BLACK
6
CONTINUOUS
10
6.2169262598425199
20
-4.727537007874016
11
6.2163250787401569
21
-4.7257335433070864
0
LINE
8
BLACK
6
CONTINUOUS
10
6.2163250787401569
20
-4.7257335433070864
11
6.2151580314960633
21
-4.7245664960629918
0
LINE
8
BLACK
6
CONTINUOUS
10
6.2151580314960633
20
-4.7245664960629918
11
6.2139455511811024
21
-4.7239602362204725
0
LINE
8
BLACK
6
CONTINUOUS
10
6.2139455511811024
20
-4.7239602362204725
11
6.2112128740157475
21
-4.7232770866141731
0
LINE
8
BLACK
6
CONTINUOUS
10
6.2112128740157475
20
-4.7232770866141731
11
6.2092538582677168
21
-4.7232770866141731
0
LINE
8
BLACK
6
CONTINUOUS
10
6.2092538582677168
20
-4.7232770866141731
11
6.2065211023622044
21
-4.7239602755905512
0
LINE
8
BLACK
6
CONTINUOUS
10
6.2065211023622044
20
-4.7239602755905512
11
6.205308700787401
21
-4.7245664566929131
0
LINE
8
BLACK
6
CONTINUOUS
10
6.205308700787401
20
-4.7245664566929131
11
6.2041415354330711
21
-4.7257335826771651
0
LINE
8
BLACK
6
CONTINUOUS
10
6.2041415354330711
20
-4.7257335826771651
11
6.2035404330708657
21
-4.7275369291338585
0
LINE
8
BLACK
6
CONTINUOUS
10
6.2035404330708657
20
-4.7275369291338585
11
6.2035404330708657
21
-4.7286535039370081
0
LINE
8
BLACK
6
CONTINUOUS
10
6.2035404330708657
20
-4.7286535039370081
11
6.2041415354330711
21
-4.7304567716535431
0
LINE
8
BLACK
6
CONTINUOUS
10
6.2041415354330711
20
-4.7304567716535431
11
6.2046943307086613
21
-4.7310096062992129
0
LINE
8
BLACK
6
CONTINUOUS
10
6.2046943307086613
20
-4.7310096062992129
11
6.204950354330709
21
-4.7313928346456695
0
LINE
8
BLACK
6
CONTINUOUS
10
6.204950354330709
20
-4.7313928346456695
11
6.2049503149606302
21
-4.7322967322834648
0
LINE
8
BLACK
6
CONTINUOUS
10
6.2049503149606302
20
-4.7322967322834648
11
6.2043110629921259
21
-4.7329359842519683
0
LINE
8
BLACK
6
CONTINUOUS
10
6.2043110629921259
20
-4.7329359842519683
11
6.2034071259842518
21
-4.7329359448818895
0
LINE
8
BLACK
6
CONTINUOUS
10
6.2034071259842518
20
-4.7329359448818895
11
6.2030239370078739
21
-4.732679881889764
0
LINE
8
BLACK
6
CONTINUOUS
10
6.2030239370078739
20
-4.732679881889764
11
6.2022740551181101
21
-4.7319300000000002
0
LINE
8
BLACK
6
CONTINUOUS
10
6.2022740551181101
20
-4.7319300000000002
11
6.2022411417322836
21
-4.7318807480314957
0
LINE
8
BLACK
6
CONTINUOUS
10
6.2022411417322836
20
-4.7318807480314957
11
6.2022170078740153
21
-4.7318687007874018
0
LINE
8
BLACK
6
CONTINUOUS
10
6.2022170078740153
20
-4.7318687007874018
11
6.2021233858267717
21
-4.7317044488188973
0
LINE
8
BLACK
6
CONTINUOUS
10
6.2021233858267717
20
-4.7317044488188973
11
6.2020180314960625
21
-4.7315467716535435
0
LINE
8
BLACK
6
CONTINUOUS
10
6.2020180314960625
20
-4.7315467716535435
11
6.2020180314960625
21
-4.731519645669291
0
LINE
8
BLACK
6
CONTINUOUS
10
6.2020180314960625
20
-4.731519645669291
11
6.201988779527559
21
-4.7314683464566931
0
LINE
8
BLACK
6
CONTINUOUS
10
6.201988779527559
20
-4.7314683464566931
11
6.2012388582677165
21
-4.7292186614173231
0
LINE
8
BLACK
6
CONTINUOUS
10
6.2012388582677165
20
-4.7292186614173231
11
6.2012151968503932
21
-4.7290310236220474
0
LINE
8
BLACK
6
CONTINUOUS
10
6.2012151968503932
20
-4.7290310236220474
11
6.2011782283464569
21
-4.7288451574803148
0
LINE
8
BLACK
6
CONTINUOUS
10
6.2011782283464569
20
-4.7288451574803148
11
6.2011782283464569
21
-4.7273453149606297
0
LINE
8
BLACK
6
CONTINUOUS
10
6.2011782283464569
20
-4.7273453149606297
11
6.2012151968503932
21
-4.7271594094488192
0
LINE
8
BLACK
6
CONTINUOUS
10
6.2012151968503932
20
-4.7271594094488192
11
6.2012388582677165
21
-4.7269718110236223
0
LINE
8
BLACK
6
CONTINUOUS
10
6.2012388582677165
20
-4.7269718110236223
11
6.201988779527559
21
-4.7247220866141735
0
LINE
8
BLACK
6
CONTINUOUS
10
6.201988779527559
20
-4.7247220866141735
11
6.2020180708661412
21
-4.7246706692913385
0
LINE
8
BLACK
6
CONTINUOUS
10
6.2020180708661412
20
-4.7246706692913385
11
6.2020180708661412
21
-4.7246436220472443
0
LINE
8
BLACK
6
CONTINUOUS
10
6.2020180708661412
20
-4.7246436220472443
11
6.2021232283464567
21
-4.7244861811023622
0
LINE
8
BLACK
6
CONTINUOUS
10
6.2021232283464567
20
-4.7244861811023622
11
6.2022170078740153
21
-4.7243217322834647
0
LINE
8
BLACK
6
CONTINUOUS
10
6.2022170078740153
20
-4.7243217322834647
11
6.2022412204724411
21
-4.7243096062992125
0
LINE
8
BLACK
6
CONTINUOUS
10
6.2022412204724411
20
-4.7243096062992125
11
6.2022740944881889
21
-4.7242604330708664
0
LINE
8
BLACK
6
CONTINUOUS
10
6.2022740944881889
20
-4.7242604330708664
11
6.2037738582677164
21
-4.7227606299212601
0
LINE
8
BLACK
6
CONTINUOUS
10
6.2037738582677164
20
-4.7227606299212601
11
6.2039312204724411
21
-4.7226554724409446
0
LINE
8
BLACK
6
CONTINUOUS
10
6.2039312204724411
20
-4.7226554724409446
11
6.2040808661417319
21
-4.7225393700787404
0
LINE
8
BLACK
6
CONTINUOUS
10
6.2040808661417319
20
-4.7225393700787404
11
6.2055806692913382
21
-4.7217894881889766
0
LINE
8
BLACK
6
CONTINUOUS
10
6.2055806692913382
20
-4.7217894881889766
11
6.2057054330708663
21
-4.7217553149606299
0
LINE
8
BLACK
6
CONTINUOUS
10
6.2057054330708663
20
-4.7217553149606299
11
6.2058224015748031
21
-4.7217000787401577
0
LINE
8
BLACK
6
CONTINUOUS
10
6.2058224015748031
20
-4.7217000787401577
11
6.2088220472440945
21
-4.7209501574803152
0
LINE
8
BLACK
6
CONTINUOUS
10
6.2088220472440945
20
-4.7209501574803152
11
6.2089664960629918
21
-4.7209431102362203
0
LINE
8
BLACK
6
CONTINUOUS
10
6.2089664960629918
20
-4.7209431102362203
11
6.2091085039370073
21
-4.7209148818897635
0
LINE
8
BLACK
6
CONTINUOUS
10
6.2091085039370073
20
-4.7209148818897635
11
6.2113582283464561
21
-4.7209148818897635
0
LINE
8
BLACK
6
CONTINUOUS
10
6.2113582283464561
20
-4.7209148818897635
11
6.2115001968503938
21
-4.7209431102362203
0
LINE
8
BLACK
6
CONTINUOUS
10
6.2274462204724408
20
-4.7086537795275589
11
6.2285115748031492
21
-4.7097191338582673
0
LINE
8
BLACK
6
CONTINUOUS
10
6.2285115748031492
20
-4.7097191338582673
11
6.2286614173228347
21
-4.7104724409448817
0
LINE
8
BLACK
6
CONTINUOUS
10
6.2286614173228347
20
-4.7104724409448817
11
6.2286614173228347
21
-4.7734645669291336
0
LINE
8
BLACK
6
CONTINUOUS
10
6.2286614173228347
20
-4.7734645669291336
11
6.2285115748031492
21
-4.7742178740157479
0
LINE
8
BLACK
6
CONTINUOUS
10
6.2285115748031492
20
-4.7742178740157479
11
6.2274462204724408
21
-4.7752832283464564
0
LINE
8
BLACK
6
CONTINUOUS
10
6.2274462204724408
20
-4.7752832283464564
11
6.2266929133858264
21
-4.7754330708661419
0
LINE
8
BLACK
6
CONTINUOUS
10
6.2266929133858264
20
-4.7754330708661419
11
6.1951968503937005
21
-4.7754330708661419
0
LINE
8
BLACK
6
CONTINUOUS
10
6.1951968503937005
20
-4.7754330708661419
11
6.1944435433070861
21
-4.7752832283464564
0
LINE
8
BLACK
6
CONTINUOUS
10
6.1944435433070861
20
-4.7752832283464564
11
6.1933781889763777
21
-4.7742178740157479
0
LINE
8
BLACK
6
CONTINUOUS
10
6.1933781889763777
20
-4.7742178740157479
11
6.1932283464566931
21
-4.7734645669291336
0
LINE
8
BLACK
6
CONTINUOUS
10
6.1932283464566931
20
-4.7734645669291336
11
6.1932283464566931
21
-4.7104724409448817
0
LINE
8
BLACK
6
CONTINUOUS
10
6.1932283464566931
20
-4.7104724409448817
11
6.1933781889763777
21
-4.7097191338582673
0
LINE
8
BLACK
6
CONTINUOUS
10
6.1933781889763777
20
-4.7097191338582673
11
6.1944435433070861
21
-4.7086537795275589
0
LINE
8
BLACK
6
CONTINUOUS
10
6.1944435433070861
20
-4.7086537795275589
11
6.1951968503937005
21
-4.7085039370078743
0
LINE
8
BLACK
6
CONTINUOUS
10
6.1951968503937005
20
-4.7085039370078743
11
6.2266929133858264
21
-4.7085039370078743
0
LINE
8
BLACK
6
CONTINUOUS
10
6.2266929133858264
20
-4.7085039370078743
11
6.2274462204724408
21
-4.7086537795275589
0
LINE
8
BLACK
6
CONTINUOUS
10
6.1971653543307088
20
-4.71244094488189
11
6.1971653543307088
21
-4.7714960629921261
0
LINE
8
BLACK
6
CONTINUOUS
10
6.1971653543307088
20
-4.7714960629921261
11
6.224724409448819
21
-4.7714960629921261
0
LINE
8
BLACK
6
CONTINUOUS
10
6.224724409448819
20
-4.7714960629921261
11
6.224724409448819
21
-4.71244094488189
0
LINE
8
BLACK
6
CONTINUOUS
10
6.224724409448819
20
-4.71244094488189
11
6.1971653543307088
21
-4.71244094488189
0
LINE
8
BLACK
6
CONTINUOUS
10
5.6308544488188979
20
-4.7150588976377952
11
5.6320180314960631
21
-4.7162224803149604
0
LINE
8
BLACK
6
CONTINUOUS
10
5.6320180314960631
20
-4.7162224803149604
11
5.6320180314960631
21
-4.7178679921259841
0
LINE
8
BLACK
6
CONTINUOUS
10
5.6320180314960631
20
-4.7178679921259841
11
5.6308544488188979
21
-4.7190315748031493
0
LINE
8
BLACK
6
CONTINUOUS
10
5.6308544488188979
20
-4.7190315748031493
11
5.630031692913386
21
-4.7191952362204725
0
LINE
8
BLACK
6
CONTINUOUS
10
5.630031692913386
20
-4.7191952362204725
11
5.6218626377952754
21
-4.7191952362204725
0
LINE
8
BLACK
6
CONTINUOUS
10
5.6218626377952754
20
-4.7191952362204725
11
5.6218626377952754
21
-4.7261523622047239
0
LINE
8
BLACK
6
CONTINUOUS
10
5.6218626377952754
20
-4.7261523622047239
11
5.630031692913386
21
-4.7261523622047239
0
LINE
8
BLACK
6
CONTINUOUS
10
5.630031692913386
20
-4.7261523622047239
11
5.6308544488188979
21
-4.7263160236220472
0
LINE
8
BLACK
6
CONTINUOUS
10
5.6308544488188979
20
-4.7263160236220472
11
5.6320180314960631
21
-4.7274796062992124
0
LINE
8
BLACK
6
CONTINUOUS
10
5.6320180314960631
20
-4.7274796062992124
11
5.6320180314960631
21
-4.7291251181102361
0
LINE
8
BLACK
6
CONTINUOUS
10
5.6320180314960631
20
-4.7291251181102361
11
5.6308544488188979
21
-4.7302887007874013
0
LINE
8
BLACK
6
CONTINUOUS
10
5.6308544488188979
20
-4.7302887007874013
11
5.630031692913386
21
-4.7304523622047245
0
LINE
8
BLACK
6
CONTINUOUS
10
5.630031692913386
20
-4.7304523622047245
11
5.6103316929133857
21
-4.7304523622047245
0
LINE
8
BLACK
6
CONTINUOUS
10
5.6103316929133857
20
-4.7304523622047245
11
5.6095089370078739
21
-4.7302887007874013
0
LINE
8
BLACK
6
CONTINUOUS
10
5.6095089370078739
20
-4.7302887007874013
11
5.6090944881889762
21
-4.7298742519685035
0
LINE
8
BLACK
6
CONTINUOUS
10
5.6090944881889762
20
-4.7298742519685035
11
5.6090944881889762
21
-4.7570472440944878
0
LINE
8
BLACK
6
CONTINUOUS
10
5.6090944881889762
20
-4.7570472440944878
11
5.6631889763779526
21
-4.7570472440944878
0
LINE
8
BLACK
6
CONTINUOUS
10
5.6631889763779526
20
-4.7570472440944878
11
5.6631889763779526
21
-4.7199999999999998
0
LINE
8
BLACK
6
CONTINUOUS
10
5.6631889763779526
20
-4.7199999999999998
11
5.6632457086614174
21
-4.7194239370078739
0
LINE
8
BLACK
6
CONTINUOUS
10
5.6632457086614174
20
-4.7194239370078739
11
5.6636866141732281
21
-4.7183595275590546
0
LINE
8
BLACK
6
CONTINUOUS
10
5.6636866141732281
20
-4.7183595275590546
11
5.6645012598425195
21
-4.7175448818897641
0
LINE
8
BLACK
6
CONTINUOUS
10
5.6645012598425195
20
-4.7175448818897641
11
5.6655656692913388
21
-4.7171039763779525
0
LINE
8
BLACK
6
CONTINUOUS
10
5.6655656692913388
20
-4.7171039763779525
11
5.6667177952755905
21
-4.7171039763779525
0
LINE
8
BLACK
6
CONTINUOUS
10
5.6667177952755905
20
-4.7171039763779525
11
5.6677822047244097
21
-4.7175448818897641
0
LINE
8
BLACK
6
CONTINUOUS
10
5.6677822047244097
20
-4.7175448818897641
11
5.6685968503937003
21
-4.7183595275590546
0
LINE
8
BLACK
6
CONTINUOUS
10
5.6685968503937003
20
-4.7183595275590546
11
5.6690377559055118
21
-4.7194239370078739
0
LINE
8
BLACK
6
CONTINUOUS
10
5.6690377559055118
20
-4.7194239370078739
11
5.6690944881889767
21
-4.7199999999999998
0
LINE
8
BLACK
6
CONTINUOUS
10
5.6690944881889767
20
-4.7199999999999998
11
5.6690944881889767
21
-4.7599999999999998
0
LINE
8
BLACK
6
CONTINUOUS
10
5.6690944881889767
20
-4.7599999999999998
11
5.6690377559055118
21
-4.7605760629921257
0
LINE
8
BLACK
6
CONTINUOUS
10
5.6690377559055118
20
-4.7605760629921257
11
5.6685968503937003
21
-4.7616404724409449
0
LINE
8
BLACK
6
CONTINUOUS
10
5.6685968503937003
20
-4.7616404724409449
11
5.6677822047244097
21
-4.7624551181102364
0
LINE
8
BLACK
6
CONTINUOUS
10
5.6677822047244097
20
-4.7624551181102364
11
5.6667177952755905
21
-4.762896023622047
0
LINE
8
BLACK
6
CONTINUOUS
10
5.6667177952755905
20
-4.762896023622047
11
5.6661417322834646
21
-4.7629527559055118
0
LINE
8
BLACK
6
CONTINUOUS
10
5.6661417322834646
20
-4.7629527559055118
11
5.6061417322834641
21
-4.7629527559055118
0
LINE
8
BLACK
6
CONTINUOUS
10
5.6061417322834641
20
-4.7629527559055118
11
5.6055656692913383
21
-4.762896023622047
0
LINE
8
BLACK
6
CONTINUOUS
10
5.6055656692913383
20
-4.762896023622047
11
5.6045012598425199
21
-4.7624551181102364
0
LINE
8
BLACK
6
CONTINUOUS
10
5.6045012598425199
20
-4.7624551181102364
11
5.6036866141732284
21
-4.7616404724409449
0
LINE
8
BLACK
6
CONTINUOUS
10
5.6036866141732284
20
-4.7616404724409449
11
5.6032457086614169
21
-4.7605760629921257
0
LINE
8
BLACK
6
CONTINUOUS
10
5.6032457086614169
20
-4.7605760629921257
11
5.603188976377953
21
-4.7599999999999998
0
LINE
8
BLACK
6
CONTINUOUS
10
5.603188976377953
20
-4.7599999999999998
11
5.603188976377953
21
-4.7199999999999998
0
LINE
8
BLACK
6
CONTINUOUS
10
5.603188976377953
20
-4.7199999999999998
11
5.6032457086614169
21
-4.7194239370078739
0
LINE
8
BLACK
6
CONTINUOUS
10
5.6032457086614169
20
-4.7194239370078739
11
5.6036866141732284
21
-4.7183595275590546
0
LINE
8
BLACK
6
CONTINUOUS
10
5.6036866141732284
20
-4.7183595275590546
11
5.6045012598425199
21
-4.7175448818897641
0
LINE
8
BLACK
6
CONTINUOUS
10
5.6045012598425199
20
-4.7175448818897641
11
5.6055656692913383
21
-4.7171039763779525
0
LINE
8
BLACK
6
CONTINUOUS
10
5.6055656692913383
20
-4.7171039763779525
11
5.60671779527559
21
-4.7171039763779525
0
LINE
8
BLACK
6
CONTINUOUS
10
5.60671779527559
20
-4.7171039763779525
11
5.6077822047244092
21
-4.7175448818897641
0
LINE
8
BLACK
6
CONTINUOUS
10
5.6077822047244092
20
-4.7175448818897641
11
5.6085968503937007
21
-4.7183595275590546
0
LINE
8
BLACK
6
CONTINUOUS
10
5.6085968503937007
20
-4.7183595275590546
11
5.6090377559055113
21
-4.7194239370078739
0
LINE
8
BLACK
6
CONTINUOUS
10
5.6090377559055113
20
-4.7194239370078739
11
5.6090944881889762
21
-4.7199999999999998
0
LINE
8
BLACK
6
CONTINUOUS
10
5.6090944881889762
20
-4.7199999999999998
11
5.6090944881889762
21
-4.7267304724409449
0
LINE
8
BLACK
6
CONTINUOUS
10
5.6090944881889762
20
-4.7267304724409449
11
5.6095089370078739
21
-4.7263160236220472
0
LINE
8
BLACK
6
CONTINUOUS
10
5.6095089370078739
20
-4.7263160236220472
11
5.6103316929133857
21
-4.7261523622047239
0
LINE
8
BLACK
6
CONTINUOUS
10
5.6103316929133857
20
-4.7261523622047239
11
5.6175626377952756
21
-4.7261523622047239
0
LINE
8
BLACK
6
CONTINUOUS
10
5.6175626377952756
20
-4.7261523622047239
11
5.6175626377952756
21
-4.7191952362204725
0
LINE
8
BLACK
6
CONTINUOUS
10
5.6175626377952756
20
-4.7191952362204725
11
5.6103316929133857
21
-4.7191952362204725
0
LINE
8
BLACK
6
CONTINUOUS
10
5.6103316929133857
20
-4.7191952362204725
11
5.6095089370078739
21
-4.7190315748031493
0
LINE
8
BLACK
6
CONTINUOUS
10
5.6095089370078739
20
-4.7190315748031493
11
5.6083453543307087
21
-4.7178679921259841
0
LINE
8
BLACK
6
CONTINUOUS
10
5.6083453543307087
20
-4.7178679921259841
11
5.6083453543307087
21
-4.7162224803149604
0
LINE
8
BLACK
6
CONTINUOUS
10
5.6083453543307087
20
-4.7162224803149604
11
5.6095089370078739
21
-4.7150588976377952
0
LINE
8
BLACK
6
CONTINUOUS
10
5.6095089370078739
20
-4.7150588976377952
11
5.6103316929133857
21
-4.7148952362204719
0
LINE
8
BLACK
6
CONTINUOUS
10
5.6103316929133857
20
-4.7148952362204719
11
5.630031692913386
21
-4.7148952362204719
0
LINE
8
BLACK
6
CONTINUOUS
10
5.630031692913386
20
-4.7148952362204719
11
5.6308544488188979
21
-4.7150588976377952
0
LINE
8
BLACK
6
CONTINUOUS
10
6.6242209055118106
20
-4.72970405511811
11
6.6242465748031494
21
-4.7296955118110233
0
LINE
8
BLACK
6
CONTINUOUS
10
6.6242465748031494
20
-4.7296955118110233
11
6.624429094488189
21
-4.7297454724409445
0
LINE
8
BLACK
6
CONTINUOUS
10
6.624429094488189
20
-4.7297454724409445
11
6.6246148818897632
21
-4.7297824409448816
0
LINE
8
BLACK
6
CONTINUOUS
10
6.6246148818897632
20
-4.7297824409448816
11
6.6246340157480317
21
-4.7298015748031492
0
LINE
8
BLACK
6
CONTINUOUS
10
6.6246340157480317
20
-4.7298015748031492
11
6.6246911023622044
21
-4.7298172047244096
0
LINE
8
BLACK
6
CONTINUOUS
10
6.6246911023622044
20
-4.7298172047244096
11
6.6261909055118107
21
-4.7305671259842521
0
LINE
8
BLACK
6
CONTINUOUS
10
6.6261909055118107
20
-4.7305671259842521
11
6.6263403543307087
21
-4.7306831496062989
0
LINE
8
BLACK
6
CONTINUOUS
10
6.6263403543307087
20
-4.7306831496062989
11
6.6264978346456695
21
-4.7307883464566931
0
LINE
8
BLACK
6
CONTINUOUS
10
6.6264978346456695
20
-4.7307883464566931
11
6.6272477165354333
21
-4.7315382283464569
0
LINE
8
BLACK
6
CONTINUOUS
10
6.6272477165354333
20
-4.7315382283464569
11
6.6273527952755904
21
-4.7316954724409444
0
LINE
8
BLACK
6
CONTINUOUS
10
6.6273527952755904
20
-4.7316954724409444
11
6.6274690157480309
21
-4.7318452362204724
0
LINE
8
BLACK
6
CONTINUOUS
10
6.6274690157480309
20
-4.7318452362204724
11
6.6282188976377947
21
-4.7333450393700787
0
LINE
8
BLACK
6
CONTINUOUS
10
6.6282188976377947
20
-4.7333450393700787
11
6.6282344881889763
21
-4.7334020472440947
0
LINE
8
BLACK
6
CONTINUOUS
10
6.6282344881889763
20
-4.7334020472440947
11
6.6282536614173226
21
-4.7334212204724411
0
LINE
8
BLACK
6
CONTINUOUS
10
6.6282536614173226
20
-4.7334212204724411
11
6.6282905905511811
21
-4.7336070078740153
0
LINE
8
BLACK
6
CONTINUOUS
10
6.6282905905511811
20
-4.7336070078740153
11
6.628340590551181
21
-4.7337895275590549
0
LINE
8
BLACK
6
CONTINUOUS
10
6.628340590551181
20
-4.7337895275590549
11
6.6283320078740156
21
-4.7338151574803149
0
LINE
8
BLACK
6
CONTINUOUS
10
6.6283320078740156
20
-4.7338151574803149
11
6.6283435826771653
21
-4.7338732283464564
0
LINE
8
BLACK
6
CONTINUOUS
10
6.6283435826771653
20
-4.7338732283464564
11
6.6283435826771653
21
-4.7368728740157477
0
LINE
8
BLACK
6
CONTINUOUS
10
6.6283435826771653
20
-4.7368728740157477
11
6.6283320078740156
21
-4.7369309055118105
0
LINE
8
BLACK
6
CONTINUOUS
10
6.6283320078740156
20
-4.7369309055118105
11
6.628340590551181
21
-4.7369565748031492
0
LINE
8
BLACK
6
CONTINUOUS
10
6.628340590551181
20
-4.7369565748031492
11
6.6282905905511811
21
-4.7371390551181101
0
LINE
8
BLACK
6
CONTINUOUS
10
6.6282905905511811
20
-4.7371390551181101
11
6.6282536614173226
21
-4.737324881889764
0
LINE
8
BLACK
6
CONTINUOUS
10
6.6282536614173226
20
-4.737324881889764
11
6.6282344881889763
21
-4.7373440157480315
0
LINE
8
BLACK
6
CONTINUOUS
10
6.6282344881889763
20
-4.7373440157480315
11
6.6282188976377947
21
-4.7374010629921255
0
LINE
8
BLACK
6
CONTINUOUS
10
6.6282188976377947
20
-4.7374010629921255
11
6.6274690157480309
21
-4.7389008661417318
0
LINE
8
BLACK
6
CONTINUOUS
10
6.6274690157480309
20
-4.7389008661417318
11
6.6273528740157479
21
-4.7390504724409448
0
LINE
8
BLACK
6
CONTINUOUS
10
6.6273528740157479
20
-4.7390504724409448
11
6.6272477559055121
21
-4.7392078346456694
0
LINE
8
BLACK
6
CONTINUOUS
10
6.6272477559055121
20
-4.7392078346456694
11
6.6264978346456695
21
-4.7399577559055119
0
LINE
8
BLACK
6
CONTINUOUS
10
6.6264978346456695
20
-4.7399577559055119
11
6.6263404724409449
21
-4.740062834645669
0
LINE
8
BLACK
6
CONTINUOUS
10
6.6263404724409449
20
-4.740062834645669
11
6.6261908661417319
21
-4.7401790157480317
0
LINE
8
BLACK
6
CONTINUOUS
10
6.6261908661417319
20
-4.7401790157480317
11
6.6246910629921256
21
-4.7409288976377955
0
LINE
8
BLACK
6
CONTINUOUS
10
6.6246910629921256
20
-4.7409288976377955
11
6.6246340157480317
21
-4.7409444881889762
0
LINE
8
BLACK
6
CONTINUOUS
10
6.6246340157480317
20
-4.7409444881889762
11
6.6246148818897632
21
-4.7409636614173225
0
LINE
8
BLACK
6
CONTINUOUS
10
6.6246148818897632
20
-4.7409636614173225
11
6.6244290551181102
21
-4.7410005905511809
0
LINE
8
BLACK
6
CONTINUOUS
10
6.6244290551181102
20
-4.7410005905511809
11
6.6242465748031494
21
-4.7410505905511808
0
LINE
8
BLACK
6
CONTINUOUS
10
6.6242465748031494
20
-4.7410505905511808
11
6.6242209055118106
21
-4.7410420078740154
0
LINE
8
BLACK
6
CONTINUOUS
10
6.6242209055118106
20
-4.7410420078740154
11
6.6241628740157479
21
-4.7410535826771651
0
LINE
8
BLACK
6
CONTINUOUS
10
6.6241628740157479
20
-4.7410535826771651
11
6.6204133464566928
21
-4.7410535826771651
0
LINE
8
BLACK
6
CONTINUOUS
10
6.6204133464566928
20
-4.7410535826771651
11
6.6203552755905513
21
-4.7410420078740154
0
LINE
8
BLACK
6
CONTINUOUS
10
6.6203552755905513
20
-4.7410420078740154
11
6.6203296456692913
21
-4.7410505905511808
0
LINE
8
BLACK
6
CONTINUOUS
10
6.6203296456692913
20
-4.7410505905511808
11
6.6201471259842517
21
-4.7410005905511809
0
LINE
8
BLACK
6
CONTINUOUS
10
6.6201471259842517
20
-4.7410005905511809
11
6.6199613385826774
21
-4.7409636614173225
0
LINE
8
BLACK
6
CONTINUOUS
10
6.6199613385826774
20
-4.7409636614173225
11
6.6199421653543302
21
-4.7409444881889762
0
LINE
8
BLACK
6
CONTINUOUS
10
6.6199421653543302
20
-4.7409444881889762
11
6.619885157480315
21
-4.7409288976377955
0
LINE
8
BLACK
6
CONTINUOUS
10
6.619885157480315
20
-4.7409288976377955
11
6.61838531496063
21
-4.7401790157480317
0
LINE
8
BLACK
6
CONTINUOUS
10
6.61838531496063
20
-4.7401790157480317
11
6.6182356692913382
21
-4.7400628740157478
0
LINE
8
BLACK
6
CONTINUOUS
10
6.6182356692913382
20
-4.7400628740157478
11
6.6180783070866136
21
-4.7399577165354332
0
LINE
8
BLACK
6
CONTINUOUS
10
6.6180783070866136
20
-4.7399577165354332
11
6.6173284251968498
21
-4.7392078346456694
0
LINE
8
BLACK
6
CONTINUOUS
10
6.6173284251968498
20
-4.7392078346456694
11
6.6172232283464565
21
-4.7390503543307085
0
LINE
8
BLACK
6
CONTINUOUS
10
6.6172232283464565
20
-4.7390503543307085
11
6.6171072047244097
21
-4.7389009055118105
0
LINE
8
BLACK
6
CONTINUOUS
10
6.6171072047244097
20
-4.7389009055118105
11
6.6163572834645672
21
-4.7374011023622042
0
LINE
8
BLACK
6
CONTINUOUS
10
6.6163572834645672
20
-4.7374011023622042
11
6.6163416535433068
21
-4.7373440157480315
0
LINE
8
BLACK
6
CONTINUOUS
10
6.6163416535433068
20
-4.7373440157480315
11
6.6163225196850393
21
-4.737324881889764
0
LINE
8
BLACK
6
CONTINUOUS
10
6.6163225196850393
20
-4.737324881889764
11
6.6162855511811021
21
-4.7371390944881888
0
LINE
8
BLACK
6
CONTINUOUS
10
6.6162855511811021
20
-4.7371390944881888
11
6.6162355905511809
21
-4.7369565748031492
0
LINE
8
BLACK
6
CONTINUOUS
10
6.6162355905511809
20
-4.7369565748031492
11
6.6162441338582676
21
-4.7369309055118105
0
LINE
8
BLACK
6
CONTINUOUS
10
6.6162441338582676
20
-4.7369309055118105
11
6.6162325984251966
21
-4.7368728740157477
0
LINE
8
BLACK
6
CONTINUOUS
10
6.6162325984251966
20
-4.7368728740157477
11
6.6162325984251966
21
-4.7338732283464564
0
LINE
8
BLACK
6
CONTINUOUS
10
6.6162325984251966
20
-4.7338732283464564
11
6.6162441338582676
21
-4.7338151574803149
0
LINE
8
BLACK
6
CONTINUOUS
10
6.6162441338582676
20
-4.7338151574803149
11
6.6162355905511809
21
-4.7337895275590549
0
LINE
8
BLACK
6
CONTINUOUS
10
6.6162355905511809
20
-4.7337895275590549
11
6.6162855511811021
21
-4.7336069685039366
0
LINE
8
BLACK
6
CONTINUOUS
10
6.6162855511811021
20
-4.7336069685039366
11
6.6163225196850393
21
-4.7334212204724411
0
LINE
8
BLACK
6
CONTINUOUS
10
6.6163225196850393
20
-4.7334212204724411
11
6.6163416535433068
21
-4.7334020472440947
0
LINE
8
BLACK
6
CONTINUOUS
10
6.6163416535433068
20
-4.7334020472440947
11
6.6163572834645672
21
-4.7333449999999999
0
LINE
8
BLACK
6
CONTINUOUS
10
6.6163572834645672
20
-4.7333449999999999
11
6.6168157480314962
21
-4.7324279921259844
0
LINE
8
BLACK
6
CONTINUOUS
10
6.6168157480314962
20
-4.7324279921259844
11
6.6156489763779529
21
-4.7327197244094483
0
LINE
8
BLACK
6
CONTINUOUS
10
6.6156489763779529
20
-4.7327197244094483
11
6.6136666929133856
21
-4.7340412204724407
0
LINE
8
BLACK
6
CONTINUOUS
10
6.6136666929133856
20
-4.7340412204724407
11
6.6131350393700785
21
-4.734572834645669
0
LINE
8
BLACK
6
CONTINUOUS
10
6.6131350393700785
20
-4.734572834645669
11
6.6125955511811023
21
-4.7356518897637798
0
LINE
8
BLACK
6
CONTINUOUS
10
6.6125955511811023
20
-4.7356518897637798
11
6.6125955511811023
21
-4.738372677165354
0
LINE
8
BLACK
6
CONTINUOUS
10
6.6125955511811023
20
-4.738372677165354
11
6.6125056299212597
21
-4.7388246850393703
0
LINE
8
BLACK
6
CONTINUOUS
10
6.6125056299212597
20
-4.7388246850393703
11
6.6118664566929128
21
-4.7394638582677162
0
LINE
8
BLACK
6
CONTINUOUS
10
6.6118664566929128
20
-4.7394638582677162
11
6.6109624409448822
21
-4.7394638582677162
0
LINE
8
BLACK
6
CONTINUOUS
10
6.6109624409448822
20
-4.7394638582677162
11
6.6103232677165353
21
-4.7388246850393703
0
LINE
8
BLACK
6
CONTINUOUS
10
6.6103232677165353
20
-4.7388246850393703
11
6.6102333464566927
21
-4.738372677165354
0
LINE
8
BLACK
6
CONTINUOUS
10
6.6102333464566927
20
-4.738372677165354
11
6.6102333464566927
21
-4.7353730708661415
0
LINE
8
BLACK
6
CONTINUOUS
10
6.6102333464566927
20
-4.7353730708661415
11
6.6102448818897637
21
-4.7353149999999999
0
LINE
8
BLACK
6
CONTINUOUS
10
6.6102448818897637
20
-4.7353149999999999
11
6.610236338582677
21
-4.73528937007874
0
LINE
8
BLACK
6
CONTINUOUS
10
6.610236338582677
20
-4.73528937007874
11
6.6102862992125981
21
-4.7351068503937004
0
LINE
8
BLACK
6
CONTINUOUS
10
6.6102862992125981
20
-4.7351068503937004
11
6.6103232677165353
21
-4.7349210629921261
0
LINE
8
BLACK
6
CONTINUOUS
10
6.6103232677165353
20
-4.7349210629921261
11
6.6103424015748029
21
-4.7349018897637798
0
LINE
8
BLACK
6
CONTINUOUS
10
6.6103424015748029
20
-4.7349018897637798
11
6.6103580314960633
21
-4.7348448818897637
0
LINE
8
BLACK
6
CONTINUOUS
10
6.6103580314960633
20
-4.7348448818897637
11
6.6111079527559058
21
-4.7333449999999999
0
LINE
8
BLACK
6
CONTINUOUS
10
6.6111079527559058
20
-4.7333449999999999
11
6.6112241732283463
21
-4.7331952362204719
0
LINE
8
BLACK
6
CONTINUOUS
10
6.6112241732283463
20
-4.7331952362204719
11
6.6113292125984247
21
-4.7330380708661419
0
LINE
8
BLACK
6
CONTINUOUS
10
6.6113292125984247
20
-4.7330380708661419
11
6.6120790944881884
21
-4.7322881496062994
0
LINE
8
BLACK
6
CONTINUOUS
10
6.6120790944881884
20
-4.7322881496062994
11
6.6121762992125985
21
-4.7322231496062992
0
LINE
8
BLACK
6
CONTINUOUS
10
6.6121762992125985
20
-4.7322231496062992
11
6.6122590944881887
21
-4.7321405905511806
0
LINE
8
BLACK
6
CONTINUOUS
10
6.6122590944881887
20
-4.7321405905511806
11
6.6145088188976375
21
-4.7306408267716531
0
LINE
8
BLACK
6
CONTINUOUS
10
6.6145088188976375
20
-4.7306408267716531
11
6.614695196850394
21
-4.7305638188976378
0
LINE
8
BLACK
6
CONTINUOUS
10
6.614695196850394
20
-4.7305638188976378
11
6.6148775196850389
21
-4.7304777165354333
0
LINE
8
BLACK
6
CONTINUOUS
10
6.6148775196850389
20
-4.7304777165354333
11
6.6178771653543302
21
-4.7297277952755907
0
LINE
8
BLACK
6
CONTINUOUS
10
6.6178771653543302
20
-4.7297277952755907
11
6.6180216141732284
21
-4.7297207480314958
0
LINE
8
BLACK
6
CONTINUOUS
10
6.6180216141732284
20
-4.7297207480314958
11
6.618163622047244
21
-4.729692519685039
0
LINE
8
BLACK
6
CONTINUOUS
10
6.618163622047244
20
-4.729692519685039
11
6.6241628740157479
21
-4.729692519685039
0
LINE
8
BLACK
6
CONTINUOUS
10
6.6241628740157479
20
-4.729692519685039
11
6.6242209055118106
21
-4.72970405511811
0
LINE
8
BLACK
6
CONTINUOUS
10
6.6196131496062991
20
-4.7325942125984248
11
6.6191342913385824
21
-4.7330730314960627
0
LINE
8
BLACK
6
CONTINUOUS
10
6.6191342913385824
20
-4.7330730314960627
11
6.6185948031496062
21
-4.7341520866141735
0
LINE
8
BLACK
6
CONTINUOUS
10
6.6185948031496062
20
-4.7341520866141735
11
6.6185948031496062
21
-4.7365940157480315
0
LINE
8
BLACK
6
CONTINUOUS
10
6.6185948031496062
20
-4.7365940157480315
11
6.6191342913385824
21
-4.7376729921259839
0
LINE
8
BLACK
6
CONTINUOUS
10
6.6191342913385824
20
-4.7376729921259839
11
6.6196131889763778
21
-4.7381518897637793
0
LINE
8
BLACK
6
CONTINUOUS
10
6.6196131889763778
20
-4.7381518897637793
11
6.6206921653543302
21
-4.7386913779527555
0
LINE
8
BLACK
6
CONTINUOUS
10
6.6206921653543302
20
-4.7386913779527555
11
6.6238840551181104
21
-4.7386913779527555
0
LINE
8
BLACK
6
CONTINUOUS
10
6.6238840551181104
20
-4.7386913779527555
11
6.6249630708661416
21
-4.7381518503937006
0
LINE
8
BLACK
6
CONTINUOUS
10
6.6249630708661416
20
-4.7381518503937006
11
6.6254418503937007
21
-4.7376730708661414
0
LINE
8
BLACK
6
CONTINUOUS
10
6.6254418503937007
20
-4.7376730708661414
11
6.6259813779527557
21
-4.7365940551181103
0
LINE
8
BLACK
6
CONTINUOUS
10
6.6259813779527557
20
-4.7365940551181103
11
6.6259813779527557
21
-4.734152007874016
0
LINE
8
BLACK
6
CONTINUOUS
10
6.6259813779527557
20
-4.734152007874016
11
6.6254419291338582
21
-4.7330731102362202
0
LINE
8
BLACK
6
CONTINUOUS
10
6.6254419291338582
20
-4.7330731102362202
11
6.6249629921259841
21
-4.7325942125984248
0
LINE
8
BLACK
6
CONTINUOUS
10
6.6249629921259841
20
-4.7325942125984248
11
6.6238840157480317
21
-4.7320547244094486
0
LINE
8
BLACK
6
CONTINUOUS
10
6.6238840157480317
20
-4.7320547244094486
11
6.620692204724409
21
-4.7320547244094486
0
LINE
8
BLACK
6
CONTINUOUS
10
6.620692204724409
20
-4.7320547244094486
11
6.6196131496062991
21
-4.7325942125984248
0
LINE
8
BLACK
6
CONTINUOUS
10
6.616806181102362
20
-4.715101692913386
11
6.6170920472440944
21
-4.7159592125984249
0
LINE
8
BLACK
6
CONTINUOUS
10
6.6170920472440944
20
-4.7159592125984249
11
6.6169703149606294
21
-4.7164037007874011
0
LINE
8
BLACK
6
CONTINUOUS
10
6.6169703149606294
20
-4.7164037007874011
11
6.6162203937007869
21
-4.7179035433070862
0
LINE
8
BLACK
6
CONTINUOUS
10
6.6162203937007869
20
-4.7179035433070862
11
6.6161042519685038
21
-4.7180531102362204
0
LINE
8
BLACK
6
CONTINUOUS
10
6.6161042519685038
20
-4.7180531102362204
11
6.615999133858268
21
-4.7182105118110238
0
LINE
8
BLACK
6
CONTINUOUS
10
6.615999133858268
20
-4.7182105118110238
11
6.6150157480314959
21
-4.7191938582677162
0
LINE
8
BLACK
6
CONTINUOUS
10
6.6150157480314959
20
-4.7191938582677162
11
6.6259813779527557
21
-4.7191938582677162
0
LINE
8
BLACK
6
CONTINUOUS
10
6.6259813779527557
20
-4.7191938582677162
11
6.6259813779527557
21
-4.7158755118110234
0
LINE
8
BLACK
6
CONTINUOUS
10
6.6259813779527557
20
-4.7158755118110234
11
6.6260712992125983
21
-4.715423503937008
0
LINE
8
BLACK
6
CONTINUOUS
10
6.6260712992125983
20
-4.715423503937008
11
6.6267104724409451
21
-4.7147843307086612
0
LINE
8
BLACK
6
CONTINUOUS
10
6.6267104724409451
20
-4.7147843307086612
11
6.6276144881889758
21
-4.7147843307086612
0
LINE
8
BLACK
6
CONTINUOUS
10
6.6276144881889758
20
-4.7147843307086612
11
6.6282536614173226
21
-4.715423503937008
0
LINE
8
BLACK
6
CONTINUOUS
10
6.6282536614173226
20
-4.715423503937008
11
6.6283435826771653
21
-4.7158755118110234
0
LINE
8
BLACK
6
CONTINUOUS
10
6.6283435826771653
20
-4.7158755118110234
11
6.6283435826771653
21
-4.7248743700787399
0
LINE
8
BLACK
6
CONTINUOUS
10
6.6283435826771653
20
-4.7248743700787399
11
6.6282536614173226
21
-4.7253263779527561
0
LINE
8
BLACK
6
CONTINUOUS
10
6.6282536614173226
20
-4.7253263779527561
11
6.6276144881889758
21
-4.7259655511811021
0
LINE
8
BLACK
6
CONTINUOUS
10
6.6276144881889758
20
-4.7259655511811021
11
6.6267104724409451
21
-4.7259655511811021
0
LINE
8
BLACK
6
CONTINUOUS
10
6.6267104724409451
20
-4.7259655511811021
11
6.6260712992125983
21
-4.7253263779527561
0
LINE
8
BLACK
6
CONTINUOUS
10
6.6260712992125983
20
-4.7253263779527561
11
6.6259813779527557
21
-4.7248743700787399
0
LINE
8
BLACK
6
CONTINUOUS
10
6.6259813779527557
20
-4.7248743700787399
11
6.6259813779527557
21
-4.7215560629921258
0
LINE
8
BLACK
6
CONTINUOUS
10
6.6259813779527557
20
-4.7215560629921258
11
6.6114144488188975
21
-4.7215560629921258
0
LINE
8
BLACK
6
CONTINUOUS
10
6.6114144488188975
20
-4.7215560629921258
11
6.6109624409448822
21
-4.7214661417322832
0
LINE
8
BLACK
6
CONTINUOUS
10
6.6109624409448822
20
-4.7214661417322832
11
6.610876456692913
21
-4.7213801574803149
0
LINE
8
BLACK
6
CONTINUOUS
10
6.610876456692913
20
-4.7213801574803149
11
6.6107572834645669
21
-4.7213563385826767
0
LINE
8
BLACK
6
CONTINUOUS
10
6.6107572834645669
20
-4.7213563385826767
11
6.610566496062992
21
-4.7210701968503939
0
LINE
8
BLACK
6
CONTINUOUS
10
6.610566496062992
20
-4.7210701968503939
11
6.6103232677165353
21
-4.7208269685039372
0
LINE
8
BLACK
6
CONTINUOUS
10
6.6103232677165353
20
-4.7208269685039372
11
6.6103232677165353
21
-4.7207053543307085
0
LINE
8
BLACK
6
CONTINUOUS
10
6.6103232677165353
20
-4.7207053543307085
11
6.6102557874015746
21
-4.7206041732283461
0
LINE
8
BLACK
6
CONTINUOUS
10
6.6102557874015746
20
-4.7206041732283461
11
6.6103232677165353
21
-4.7202667716535434
0
LINE
8
BLACK
6
CONTINUOUS
10
6.6103232677165353
20
-4.7202667716535434
11
6.6103232677165353
21
-4.7199229527559057
0
LINE
8
BLACK
6
CONTINUOUS
10
6.6103232677165353
20
-4.7199229527559057
11
6.6104092125984248
21
-4.7198369685039365
0
LINE
8
BLACK
6
CONTINUOUS
10
6.6104092125984248
20
-4.7198369685039365
11
6.6104330708661418
21
-4.7197177952755904
0
LINE
8
BLACK
6
CONTINUOUS
10
6.6104330708661418
20
-4.7197177952755904
11
6.6107592913385824
21
-4.7193922440944878
0
LINE
8
BLACK
6
CONTINUOUS
10
6.6107592913385824
20
-4.7193922440944878
11
6.6129117716535433
21
-4.7179571653543304
0
LINE
8
BLACK
6
CONTINUOUS
10
6.6129117716535433
20
-4.7179571653543304
11
6.6141932677165354
21
-4.7166756692913383
0
LINE
8
BLACK
6
CONTINUOUS
10
6.6141932677165354
20
-4.7166756692913383
11
6.6148574803149609
21
-4.7153472834645669
0
LINE
8
BLACK
6
CONTINUOUS
10
6.6148574803149609
20
-4.7153472834645669
11
6.6151400787401577
21
-4.7149832283464566
0
LINE
8
BLACK
6
CONTINUOUS
10
6.6151400787401577
20
-4.7149832283464566
11
6.6159975984251966
21
-4.7146973622047241
0
LINE
8
BLACK
6
CONTINUOUS
10
6.6159975984251966
20
-4.7146973622047241
11
6.616806181102362
21
-4.715101692913386
0
LINE
8
BLACK
6
CONTINUOUS
10
6.6205553149606295
20
-4.6989746062992124
11
6.6206998031496065
21
-4.6989816535433073
0
LINE
8
BLACK
6
CONTINUOUS
10
6.6206998031496065
20
-4.6989816535433073
11
6.6236994094488191
21
-4.6997315748031498
0
LINE
8
BLACK
6
CONTINUOUS
10
6.6236994094488191
20
-4.6997315748031498
11
6.6238163385826772
21
-4.6997868110236221
0
LINE
8
BLACK
6
CONTINUOUS
10
6.6238163385826772
20
-4.6997868110236221
11
6.6239411417322831
21
-4.6998209842519687
0
LINE
8
BLACK
6
CONTINUOUS
10
6.6239411417322831
20
-4.6998209842519687
11
6.6254409448818894
21
-4.7005708661417325
0
LINE
8
BLACK
6
CONTINUOUS
10
6.6254409448818894
20
-4.7005708661417325
11
6.6255904330708661
21
-4.7006868897637792
0
LINE
8
BLACK
6
CONTINUOUS
10
6.6255904330708661
20
-4.7006868897637792
11
6.625747913385827
21
-4.7007921259842522
0
LINE
8
BLACK
6
CONTINUOUS
10
6.625747913385827
20
-4.7007921259842522
11
6.6272477559055121
21
-4.7022918897637798
0
LINE
8
BLACK
6
CONTINUOUS
10
6.6272477559055121
20
-4.7022918897637798
11
6.6272806299212599
21
-4.7023411023622046
0
LINE
8
BLACK
6
CONTINUOUS
10
6.6272806299212599
20
-4.7023411023622046
11
6.6273048425196848
21
-4.7023532283464569
0
LINE
8
BLACK
6
CONTINUOUS
10
6.6273048425196848
20
-4.7023532283464569
11
6.6273986220472443
21
-4.702517716535433
0
LINE
8
BLACK
6
CONTINUOUS
10
6.6273986220472443
20
-4.702517716535433
11
6.6275037795275589
21
-4.7026751181102364
0
LINE
8
BLACK
6
CONTINUOUS
10
6.6275037795275589
20
-4.7026751181102364
11
6.6275037795275589
21
-4.7027021259842519
0
LINE
8
BLACK
6
CONTINUOUS
10
6.6275037795275589
20
-4.7027021259842519
11
6.6275331102362207
21
-4.7027535826771656
0
LINE
8
BLACK
6
CONTINUOUS
10
6.6275331102362207
20
-4.7027535826771656
11
6.6282829921259845
21
-4.7050033464566932
0
LINE
8
BLACK
6
CONTINUOUS
10
6.6282829921259845
20
-4.7050033464566932
11
6.6283066141732281
21
-4.7051911417322829
0
LINE
8
BLACK
6
CONTINUOUS
10
6.6283066141732281
20
-4.7051911417322829
11
6.6283435826771653
21
-4.7053768110236218
0
LINE
8
BLACK
6
CONTINUOUS
10
6.6283435826771653
20
-4.7053768110236218
11
6.6283435826771653
21
-4.7068766535433069
0
LINE
8
BLACK
6
CONTINUOUS
10
6.6283435826771653
20
-4.7068766535433069
11
6.6283066535433068
21
-4.7070622440944883
0
LINE
8
BLACK
6
CONTINUOUS
10
6.6283066535433068
20
-4.7070622440944883
11
6.6282829921259845
21
-4.7072501574803152
0
LINE
8
BLACK
6
CONTINUOUS
10
6.6282829921259845
20
-4.7072501574803152
11
6.6275331102362207
21
-4.7094998425196852
0
LINE
8
BLACK
6
CONTINUOUS
10
6.6275331102362207
20
-4.7094998425196852
11
6.6275038188976376
21
-4.7095511811023618
0
LINE
8
BLACK
6
CONTINUOUS
10
6.6275038188976376
20
-4.7095511811023618
11
6.6275038188976376
21
-4.7095783070866144
0
LINE
8
BLACK
6
CONTINUOUS
10
6.6275038188976376
20
-4.7095783070866144
11
6.6273985433070868
21
-4.7097357874015744
0
LINE
8
BLACK
6
CONTINUOUS
10
6.6273985433070868
20
-4.7097357874015744
11
6.6273048425196848
21
-4.709900196850394
0
LINE
8
BLACK
6
CONTINUOUS
10
6.6273048425196848
20
-4.709900196850394
11
6.6272805905511811
21
-4.7099122834645666
0
LINE
8
BLACK
6
CONTINUOUS
10
6.6272805905511811
20
-4.7099122834645666
11
6.6272477559055121
21
-4.7099614960629923
0
LINE
8
BLACK
6
CONTINUOUS
10
6.6272477559055121
20
-4.7099614960629923
11
6.6264978346456695
21
-4.7107114173228348
0
LINE
8
BLACK
6
CONTINUOUS
10
6.6264978346456695
20
-4.7107114173228348
11
6.6261146456692908
21
-4.7109674409448816
0
LINE
8
BLACK
6
CONTINUOUS
10
6.6261146456692908
20
-4.7109674409448816
11
6.6252107086614176
21
-4.7109674409448816
0
LINE
8
BLACK
6
CONTINUOUS
10
6.6252107086614176
20
-4.7109674409448816
11
6.624571496062992
21
-4.7103282283464569
0
LINE
8
BLACK
6
CONTINUOUS
10
6.624571496062992
20
-4.7103282283464569
11
6.624571496062992
21
-4.7094242913385829
0
LINE
8
BLACK
6
CONTINUOUS
10
6.624571496062992
20
-4.7094242913385829
11
6.6248275196850388
21
-4.709041102362205
0
LINE
8
BLACK
6
CONTINUOUS
10
6.6248275196850388
20
-4.709041102362205
11
6.6253801968503936
21
-4.7084883858267714
0
LINE
8
BLACK
6
CONTINUOUS
10
6.6253801968503936
20
-4.7084883858267714
11
6.6259813779527557
21
-4.7066849212598427
0
LINE
8
BLACK
6
CONTINUOUS
10
6.6259813779527557
20
-4.7066849212598427
11
6.6259813779527557
21
-4.7055685039370081
0
LINE
8
BLACK
6
CONTINUOUS
10
6.6259813779527557
20
-4.7055685039370081
11
6.6253801968503936
21
-4.7037650393700785
0
LINE
8
BLACK
6
CONTINUOUS
10
6.6253801968503936
20
-4.7037650393700785
11
6.624213149606299
21
-4.702597992125984
0
LINE
8
BLACK
6
CONTINUOUS
10
6.624213149606299
20
-4.702597992125984
11
6.6230006692913381
21
-4.7019917322834646
0
LINE
8
BLACK
6
CONTINUOUS
10
6.6230006692913381
20
-4.7019917322834646
11
6.6202679921259842
21
-4.7013085826771652
0
LINE
8
BLACK
6
CONTINUOUS
10
6.6202679921259842
20
-4.7013085826771652
11
6.6183089763779526
21
-4.7013085826771652
0
LINE
8
BLACK
6
CONTINUOUS
10
6.6183089763779526
20
-4.7013085826771652
11
6.6155762204724411
21
-4.7019917716535433
0
LINE
8
BLACK
6
CONTINUOUS
10
6.6155762204724411
20
-4.7019917716535433
11
6.6143638188976377
21
-4.7025979527559052
0
LINE
8
BLACK
6
CONTINUOUS
10
6.6143638188976377
20
-4.7025979527559052
11
6.6131966535433069
21
-4.7037650787401573
0
LINE
8
BLACK
6
CONTINUOUS
10
6.6131966535433069
20
-4.7037650787401573
11
6.6125955511811023
21
-4.7055684251968506
0
LINE
8
BLACK
6
CONTINUOUS
10
6.6125955511811023
20
-4.7055684251968506
11
6.6125955511811023
21
-4.7066850000000002
0
LINE
8
BLACK
6
CONTINUOUS
10
6.6125955511811023
20
-4.7066850000000002
11
6.6131966535433069
21
-4.7084882677165352
0
LINE
8
BLACK
6
CONTINUOUS
10
6.6131966535433069
20
-4.7084882677165352
11
6.6137494488188979
21
-4.709041102362205
0
LINE
8
BLACK
6
CONTINUOUS
10
6.6137494488188979
20
-4.709041102362205
11
6.6140054724409447
21
-4.7094243307086616
0
LINE
8
BLACK
6
CONTINUOUS
10
6.6140054724409447
20
-4.7094243307086616
11
6.614005433070866
21
-4.7103282283464569
0
LINE
8
BLACK
6
CONTINUOUS
10
6.614005433070866
20
-4.7103282283464569
11
6.6133661811023616
21
-4.7109674803149604
0
LINE
8
BLACK
6
CONTINUOUS
10
6.6133661811023616
20
-4.7109674803149604
11
6.6124622440944885
21
-4.7109674409448816
0
LINE
8
BLACK
6
CONTINUOUS
10
6.6124622440944885
20
-4.7109674409448816
11
6.6120790551181097
21
-4.7107113779527561
0
LINE
8
BLACK
6
CONTINUOUS
10
6.6120790551181097
20
-4.7107113779527561
11
6.6113291732283459
21
-4.7099614960629923
0
LINE
8
BLACK
6
CONTINUOUS
10
6.6113291732283459
20
-4.7099614960629923
11
6.6112962598425193
21
-4.7099122440944878
0
LINE
8
BLACK
6
CONTINUOUS
10
6.6112962598425193
20
-4.7099122440944878
11
6.611272125984252
21
-4.709900196850394
0
LINE
8
BLACK
6
CONTINUOUS
10
6.611272125984252
20
-4.709900196850394
11
6.6111785039370075
21
-4.7097359448818894
0
LINE
8
BLACK
6
CONTINUOUS
10
6.6111785039370075
20
-4.7097359448818894
11
6.6110731496062991
21
-4.7095782677165356
0
LINE
8
BLACK
6
CONTINUOUS
10
6.6110731496062991
20
-4.7095782677165356
11
6.6110731496062991
21
-4.7095511417322831
0
LINE
8
BLACK
6
CONTINUOUS
10
6.6110731496062991
20
-4.7095511417322831
11
6.6110438976377948
21
-4.7094998425196852
0
LINE
8
BLACK
6
CONTINUOUS
10
6.6110438976377948
20
-4.7094998425196852
11
6.6102939763779522
21
-4.7072501574803152
0
LINE
8
BLACK
6
CONTINUOUS
10
6.6102939763779522
20
-4.7072501574803152
11
6.6102703149606299
21
-4.7070625196850395
0
LINE
8
BLACK
6
CONTINUOUS
10
6.6102703149606299
20
-4.7070625196850395
11
6.6102333464566927
21
-4.7068766535433069
0
LINE
8
BLACK
6
CONTINUOUS
10
6.6102333464566927
20
-4.7068766535433069
11
6.6102333464566927
21
-4.7053768110236218
0
LINE
8
BLACK
6
CONTINUOUS
10
6.6102333464566927
20
-4.7053768110236218
11
6.6102703149606299
21
-4.7051909055118113
0
LINE
8
BLACK
6
CONTINUOUS
10
6.6102703149606299
20
-4.7051909055118113
11
6.6102939763779522
21
-4.7050033070866144
0
LINE
8
BLACK
6
CONTINUOUS
10
6.6102939763779522
20
-4.7050033070866144
11
6.6110438976377948
21
-4.7027535826771656
0
LINE
8
BLACK
6
CONTINUOUS
10
6.6110438976377948
20
-4.7027535826771656
11
6.6110731889763779
21
-4.7027021653543306
0
LINE
8
BLACK
6
CONTINUOUS
10
6.6110731889763779
20
-4.7027021653543306
11
6.6110731889763779
21
-4.7026751181102364
0
LINE
8
BLACK
6
CONTINUOUS
10
6.6110731889763779
20
-4.7026751181102364
11
6.6111783464566924
21
-4.7025176771653543
0
LINE
8
BLACK
6
CONTINUOUS
10
6.6111783464566924
20
-4.7025176771653543
11
6.611272125984252
21
-4.7023532283464569
0
LINE
8
BLACK
6
CONTINUOUS
10
6.611272125984252
20
-4.7023532283464569
11
6.6112963385826768
21
-4.7023411023622046
0
LINE
8
BLACK
6
CONTINUOUS
10
6.6112963385826768
20
-4.7023411023622046
11
6.6113292125984247
21
-4.7022919291338585
0
LINE
8
BLACK
6
CONTINUOUS
10
6.6113292125984247
20
-4.7022919291338585
11
6.6128289763779522
21
-4.7007921259842522
0
LINE
8
BLACK
6
CONTINUOUS
10
6.6128289763779522
20
-4.7007921259842522
11
6.6129863385826768
21
-4.7006869685039367
0
LINE
8
BLACK
6
CONTINUOUS
10
6.6129863385826768
20
-4.7006869685039367
11
6.6131359842519686
21
-4.7005708661417325
0
LINE
8
BLACK
6
CONTINUOUS
10
6.6131359842519686
20
-4.7005708661417325
11
6.6146357874015749
21
-4.6998209842519687
0
LINE
8
BLACK
6
CONTINUOUS
10
6.6146357874015749
20
-4.6998209842519687
11
6.6147605511811021
21
-4.6997868110236221
0
LINE
8
BLACK
6
CONTINUOUS
10
6.6147605511811021
20
-4.6997868110236221
11
6.6148775196850389
21
-4.6997315748031498
0
LINE
8
BLACK
6
CONTINUOUS
10
6.6148775196850389
20
-4.6997315748031498
11
6.6178771653543302
21
-4.6989816535433073
0
LINE
8
BLACK
6
CONTINUOUS
10
6.6178771653543302
20
-4.6989816535433073
11
6.6180216141732284
21
-4.6989746062992124
0
LINE
8
BLACK
6
CONTINUOUS
10
6.6180216141732284
20
-4.6989746062992124
11
6.618163622047244
21
-4.6989463779527556
0
LINE
8
BLACK
6
CONTINUOUS
10
6.618163622047244
20
-4.6989463779527556
11
6.6204133464566928
21
-4.6989463779527556
0
LINE
8
BLACK
6
CONTINUOUS
10
6.6204133464566928
20
-4.6989463779527556
11
6.6205553149606295
21
-4.6989746062992124
0
LINE
8
BLACK
6
CONTINUOUS
10
6.6365013385826774
20
-4.686685275590551
11
6.6375666929133859
21
-4.6877506299212595
0
LINE
8
BLACK
6
CONTINUOUS
10
6.6375666929133859
20
-4.6877506299212595
11
6.6377165354330705
21
-4.6885039370078738
0
LINE
8
BLACK
6
CONTINUOUS
10
6.6377165354330705
20
-4.6885039370078738
11
6.6377165354330705
21
-4.7514960629921257
0
LINE
8
BLACK
6
CONTINUOUS
10
6.6377165354330705
20
-4.7514960629921257
11
6.6375666929133859
21
-4.75224937007874
0
LINE
8
BLACK
6
CONTINUOUS
10
6.6375666929133859
20
-4.75224937007874
11
6.6365013385826774
21
-4.7533147244094485
0
LINE
8
BLACK
6
CONTINUOUS
10
6.6365013385826774
20
-4.7533147244094485
11
6.6357480314960631
21
-4.753464566929134
0
LINE
8
BLACK
6
CONTINUOUS
10
6.6357480314960631
20
-4.753464566929134
11
6.6042519685039371
21
-4.753464566929134
0
LINE
8
BLACK
6
CONTINUOUS
10
6.6042519685039371
20
-4.753464566929134
11
6.6034986614173228
21
-4.7533147244094485
0
LINE
8
BLACK
6
CONTINUOUS
10
6.6034986614173228
20
-4.7533147244094485
11
6.6024333070866144
21
-4.75224937007874
0
LINE
8
BLACK
6
CONTINUOUS
10
6.6024333070866144
20
-4.75224937007874
11
6.6022834645669288
21
-4.7514960629921257
0
LINE
8
BLACK
6
CONTINUOUS
10
6.6022834645669288
20
-4.7514960629921257
11
6.6022834645669288
21
-4.6885039370078738
0
LINE
8
BLACK
6
CONTINUOUS
10
6.6022834645669288
20
-4.6885039370078738
11
6.6024333070866144
21
-4.6877506299212595
0
LINE
8
BLACK
6
CONTINUOUS
10
6.6024333070866144
20
-4.6877506299212595
11
6.6034986614173228
21
-4.686685275590551
0
LINE
8
BLACK
6
CONTINUOUS
10
6.6034986614173228
20
-4.686685275590551
11
6.6042519685039371
21
-4.6865354330708664
0
LINE
8
BLACK
6
CONTINUOUS
10
6.6042519685039371
20
-4.6865354330708664
11
6.6357480314960631
21
-4.6865354330708664
0
LINE
8
BLACK
6
CONTINUOUS
10
6.6357480314960631
20
-4.6865354330708664
11
6.6365013385826774
21
-4.686685275590551
0
LINE
8
BLACK
6
CONTINUOUS
10
6.6062204724409446
20
-4.6904724409448821
11
6.6062204724409446
21
-4.7495275590551183
0
LINE
8
BLACK
6
CONTINUOUS
10
6.6062204724409446
20
-4.7495275590551183
11
6.6337795275590548
21
-4.7495275590551183
0
LINE
8
BLACK
6
CONTINUOUS
10
6.6337795275590548
20
-4.7495275590551183
11
6.6337795275590548
21
-4.6904724409448821
0
LINE
8
BLACK
6
CONTINUOUS
10
6.6337795275590548
20
-4.6904724409448821
11
6.6062204724409446
21
-4.6904724409448821
0
LINE
8
BLACK
6
CONTINUOUS
10
5.7131156299212593
20
-4.7166928346456691
11
5.7133100393700786
21
-4.7166928346456691
0
LINE
8
BLACK
6
CONTINUOUS
10
5.7133100393700786
20
-4.7166928346456691
11
5.7135044488188971
21
-4.7168872440944885
0
LINE
8
BLACK
6
CONTINUOUS
10
5.7135044488188971
20
-4.7168872440944885
11
5.7137502755905514
21
-4.7170101574803152
0
LINE
8
BLACK
6
CONTINUOUS
10
5.7137502755905514
20
-4.7170101574803152
11
5.7138117322834647
21
-4.7171945275590552
0
LINE
8
BLACK
6
CONTINUOUS
10
5.7138117322834647
20
-4.7171945275590552
11
5.7139492125984255
21
-4.717332007874016
0
LINE
8
BLACK
6
CONTINUOUS
10
5.7139492125984255
20
-4.717332007874016
11
5.7140391338582672
21
-4.7177840157480313
0
LINE
8
BLACK
6
CONTINUOUS
10
5.7140391338582672
20
-4.7177840157480313
11
5.7140391338582672
21
-4.7241019685039367
0
LINE
8
BLACK
6
CONTINUOUS
10
5.7140391338582672
20
-4.7241019685039367
11
5.7181073622047247
21
-4.7241019685039367
0
LINE
8
BLACK
6
CONTINUOUS
10
5.7181073622047247
20
-4.7241019685039367
11
5.71855937007874
21
-4.7241918897637794
0
LINE
8
BLACK
6
CONTINUOUS
10
5.71855937007874
20
-4.7241918897637794
11
5.7191985433070869
21
-4.7248310629921262
0
LINE
8
BLACK
6
CONTINUOUS
10
5.7191985433070869
20
-4.7248310629921262
11
5.7191985433070869
21
-4.7257350787401577
0
LINE
8
BLACK
6
CONTINUOUS
10
5.7191985433070869
20
-4.7257350787401577
11
5.71855937007874
21
-4.7263742519685037
0
LINE
8
BLACK
6
CONTINUOUS
10
5.71855937007874
20
-4.7263742519685037
11
5.7181073622047247
21
-4.7264641732283463
0
LINE
8
BLACK
6
CONTINUOUS
10
5.7181073622047247
20
-4.7264641732283463
11
5.7140391338582672
21
-4.7264641732283463
0
LINE
8
BLACK
6
CONTINUOUS
10
5.7140391338582672
20
-4.7264641732283463
11
5.7140391338582672
21
-4.7275327952755903
0
LINE
8
BLACK
6
CONTINUOUS
10
5.7140391338582672
20
-4.7275327952755903
11
5.7139492125984255
21
-4.7279848031496066
0
LINE
8
BLACK
6
CONTINUOUS
10
5.7139492125984255
20
-4.7279848031496066
11
5.7133100393700786
21
-4.7286239763779525
0
LINE
8
BLACK
6
CONTINUOUS
10
5.7133100393700786
20
-4.7286239763779525
11
5.7124060236220471
21
-4.7286239763779525
0
LINE
8
BLACK
6
CONTINUOUS
10
5.7124060236220471
20
-4.7286239763779525
11
5.7117668503937002
21
-4.7279848031496066
0
LINE
8
BLACK
6
CONTINUOUS
10
5.7117668503937002
20
-4.7279848031496066
11
5.7116769291338585
21
-4.7275327952755903
0
LINE
8
BLACK
6
CONTINUOUS
10
5.7116769291338585
20
-4.7275327952755903
11
5.7116769291338585
21
-4.7264641732283463
0
LINE
8
BLACK
6
CONTINUOUS
10
5.7116769291338585
20
-4.7264641732283463
11
5.7076086614173231
21
-4.7264641732283463
0
LINE
8
BLACK
6
CONTINUOUS
10
5.7076086614173231
20
-4.7264641732283463
11
5.7071566535433069
21
-4.7263742519685037
0
LINE
8
BLACK
6
CONTINUOUS
10
5.7071566535433069
20
-4.7263742519685037
11
5.7065174803149601
21
-4.7257350787401577
0
LINE
8
BLACK
6
CONTINUOUS
10
5.7065174803149601
20
-4.7257350787401577
11
5.7065174803149601
21
-4.7248310629921262
0
LINE
8
BLACK
6
CONTINUOUS
10
5.7065174803149601
20
-4.7248310629921262
11
5.7071566535433069
21
-4.7241918897637794
0
LINE
8
BLACK
6
CONTINUOUS
10
5.7071566535433069
20
-4.7241918897637794
11
5.7076086614173231
21
-4.7241019685039367
0
LINE
8
BLACK
6
CONTINUOUS
10
5.7076086614173231
20
-4.7241019685039367
11
5.7116769291338585
21
-4.7241019685039367
0
LINE
8
BLACK
6
CONTINUOUS
10
5.7116769291338585
20
-4.7241019685039367
11
5.7116769291338585
21
-4.7194226771653538
0
LINE
8
BLACK
6
CONTINUOUS
10
5.7116769291338585
20
-4.7194226771653538
11
5.7019829527559054
21
-4.7226540157480317
0
LINE
8
BLACK
6
CONTINUOUS
10
5.7019829527559054
20
-4.7226540157480317
11
5.7015257086614168
21
-4.7227116535433069
0
LINE
8
BLACK
6
CONTINUOUS
10
5.7015257086614168
20
-4.7227116535433069
11
5.700717204724409
21
-4.7223074015748034
0
LINE
8
BLACK
6
CONTINUOUS
10
5.700717204724409
20
-4.7223074015748034
11
5.7004313385826775
21
-4.7214498031496062
0
LINE
8
BLACK
6
CONTINUOUS
10
5.7004313385826775
20
-4.7214498031496062
11
5.7008355905511809
21
-4.7206412992125983
0
LINE
8
BLACK
6
CONTINUOUS
10
5.7008355905511809
20
-4.7206412992125983
11
5.7012359448818897
21
-4.720413070866142
0
LINE
8
BLACK
6
CONTINUOUS
10
5.7012359448818897
20
-4.720413070866142
11
5.712484527559055
21
-4.7166635433070869
0
LINE
8
BLACK
6
CONTINUOUS
10
5.712484527559055
20
-4.7166635433070869
11
5.7129417716535436
21
-4.7166059055118108
0
LINE
8
BLACK
6
CONTINUOUS
10
5.7129417716535436
20
-4.7166059055118108
11
5.7131156299212593
21
-4.7166928346456691
0
LINE
8
BLACK
6
CONTINUOUS
10
5.7115001968503938
20
-4.7008831102362203
11
5.7116446850393698
21
-4.7008901574803152
0
LINE
8
BLACK
6
CONTINUOUS
10
5.7116446850393698
20
-4.7008901574803152
11
5.7146442913385824
21
-4.7016400787401578
0
LINE
8
BLACK
6
CONTINUOUS
10
5.7146442913385824
20
-4.7016400787401578
11
5.7147612204724405
21
-4.70169531496063
0
LINE
8
BLACK
6
CONTINUOUS
10
5.7147612204724405
20
-4.70169531496063
11
5.7148860236220473
21
-4.7017294881889766
0
LINE
8
BLACK
6
CONTINUOUS
10
5.7148860236220473
20
-4.7017294881889766
11
5.7163858267716536
21
-4.7024793700787404
0
LINE
8
BLACK
6
CONTINUOUS
10
5.7163858267716536
20
-4.7024793700787404
11
5.7165353149606295
21
-4.7025953937007872
0
LINE
8
BLACK
6
CONTINUOUS
10
5.7165353149606295
20
-4.7025953937007872
11
5.7166927952755904
21
-4.7027006299212601
0
LINE
8
BLACK
6
CONTINUOUS
10
5.7166927952755904
20
-4.7027006299212601
11
5.7181926377952754
21
-4.7042003937007877
0
LINE
8
BLACK
6
CONTINUOUS
10
5.7181926377952754
20
-4.7042003937007877
11
5.7182255118110232
21
-4.7042496062992125
0
LINE
8
BLACK
6
CONTINUOUS
10
5.7182255118110232
20
-4.7042496062992125
11
5.718249724409449
21
-4.7042617322834648
0
LINE
8
BLACK
6
CONTINUOUS
10
5.718249724409449
20
-4.7042617322834648
11
5.7183435039370076
21
-4.704426220472441
0
LINE
8
BLACK
6
CONTINUOUS
10
5.7183435039370076
20
-4.704426220472441
11
5.7184486614173231
21
-4.7045836220472443
0
LINE
8
BLACK
6
CONTINUOUS
10
5.7184486614173231
20
-4.7045836220472443
11
5.7184486614173231
21
-4.7046106299212598
0
LINE
8
BLACK
6
CONTINUOUS
10
5.7184486614173231
20
-4.7046106299212598
11
5.7184779921259841
21
-4.7046620866141735
0
LINE
8
BLACK
6
CONTINUOUS
10
5.7184779921259841
20
-4.7046620866141735
11
5.7192278740157478
21
-4.7069118503937011
0
LINE
8
BLACK
6
CONTINUOUS
10
5.7192278740157478
20
-4.7069118503937011
11
5.7192514960629923
21
-4.7070996456692908
0
LINE
8
BLACK
6
CONTINUOUS
10
5.7192514960629923
20
-4.7070996456692908
11
5.7192884645669286
21
-4.7072853149606297
0
LINE
8
BLACK
6
CONTINUOUS
10
5.7192884645669286
20
-4.7072853149606297
11
5.7192884645669286
21
-4.7087851574803148
0
LINE
8
BLACK
6
CONTINUOUS
10
5.7192884645669286
20
-4.7087851574803148
11
5.7192515354330711
21
-4.7089707480314962
0
LINE
8
BLACK
6
CONTINUOUS
10
5.7192515354330711
20
-4.7089707480314962
11
5.7192278740157478
21
-4.7091586614173231
0
LINE
8
BLACK
6
CONTINUOUS
10
5.7192278740157478
20
-4.7091586614173231
11
5.7184779921259841
21
-4.7114083464566932
0
LINE
8
BLACK
6
CONTINUOUS
10
5.7184779921259841
20
-4.7114083464566932
11
5.7184487007874019
21
-4.7114596850393697
0
LINE
8
BLACK
6
CONTINUOUS
10
5.7184487007874019
20
-4.7114596850393697
11
5.7184487007874019
21
-4.7114868110236223
0
LINE
8
BLACK
6
CONTINUOUS
10
5.7184487007874019
20
-4.7114868110236223
11
5.7183434251968501
21
-4.7116442913385823
0
LINE
8
BLACK
6
CONTINUOUS
10
5.7183434251968501
20
-4.7116442913385823
11
5.718249724409449
21
-4.7118087007874019
0
LINE
8
BLACK
6
CONTINUOUS
10
5.718249724409449
20
-4.7118087007874019
11
5.7182254724409445
21
-4.7118207874015745
0
LINE
8
BLACK
6
CONTINUOUS
10
5.7182254724409445
20
-4.7118207874015745
11
5.7181926377952754
21
-4.7118700000000002
0
LINE
8
BLACK
6
CONTINUOUS
10
5.7181926377952754
20
-4.7118700000000002
11
5.7174427165354329
21
-4.7126199212598427
0
LINE
8
BLACK
6
CONTINUOUS
10
5.7174427165354329
20
-4.7126199212598427
11
5.717059527559055
21
-4.7128759448818895
0
LINE
8
BLACK
6
CONTINUOUS
10
5.717059527559055
20
-4.7128759448818895
11
5.7161555905511809
21
-4.7128759448818895
0
LINE
8
BLACK
6
CONTINUOUS
10
5.7161555905511809
20
-4.7128759448818895
11
5.7155163779527554
21
-4.7122367322834648
0
LINE
8
BLACK
6
CONTINUOUS
10
5.7155163779527554
20
-4.7122367322834648
11
5.7155163779527554
21
-4.7113327952755908
0
LINE
8
BLACK
6
CONTINUOUS
10
5.7155163779527554
20
-4.7113327952755908
11
5.715772401574803
21
-4.7109496062992129
0
LINE
8
BLACK
6
CONTINUOUS
10
5.715772401574803
20
-4.7109496062992129
11
5.7163250787401569
21
-4.7103968897637793
0
LINE
8
BLACK
6
CONTINUOUS
10
5.7163250787401569
20
-4.7103968897637793
11
5.7169262598425199
21
-4.7085934251968506
0
LINE
8
BLACK
6
CONTINUOUS
10
5.7169262598425199
20
-4.7085934251968506
11
5.7169262598425199
21
-4.707477007874016
0
LINE
8
BLACK
6
CONTINUOUS
10
5.7169262598425199
20
-4.707477007874016
11
5.7163250787401569
21
-4.7056735433070864
0
LINE
8
BLACK
6
CONTINUOUS
10
5.7163250787401569
20
-4.7056735433070864
11
5.7151580314960633
21
-4.7045064960629919
0
LINE
8
BLACK
6
CONTINUOUS
10
5.7151580314960633
20
-4.7045064960629919
11
5.7139455511811024
21
-4.7039002362204725
0
LINE
8
BLACK
6
CONTINUOUS
10
5.7139455511811024
20
-4.7039002362204725
11
5.7112128740157475
21
-4.7032170866141731
0
LINE
8
BLACK
6
CONTINUOUS
10
5.7112128740157475
20
-4.7032170866141731
11
5.7092538582677168
21
-4.7032170866141731
0
LINE
8
BLACK
6
CONTINUOUS
10
5.7092538582677168
20
-4.7032170866141731
11
5.7065211023622044
21
-4.7039002755905512
0
LINE
8
BLACK
6
CONTINUOUS
10
5.7065211023622044
20
-4.7039002755905512
11
5.705308700787401
21
-4.7045064566929131
0
LINE
8
BLACK
6
CONTINUOUS
10
5.705308700787401
20
-4.7045064566929131
11
5.7041415354330711
21
-4.7056735826771652
0
LINE
8
BLACK
6
CONTINUOUS
10
5.7041415354330711
20
-4.7056735826771652
11
5.7035404330708657
21
-4.7074769291338585
0
LINE
8
BLACK
6
CONTINUOUS
10
5.7035404330708657
20
-4.7074769291338585
11
5.7035404330708657
21
-4.7085935039370082
0
LINE
8
BLACK
6
CONTINUOUS
10
5.7035404330708657
20
-4.7085935039370082
11
5.7041415354330711
21
-4.7103967716535431
0
LINE
8
BLACK
6
CONTINUOUS
10
5.7041415354330711
20
-4.7103967716535431
11
5.7046943307086613
21
-4.7109496062992129
0
LINE
8
BLACK
6
CONTINUOUS
10
5.7046943307086613
20
-4.7109496062992129
11
5.704950354330709
21
-4.7113328346456695
0
LINE
8
BLACK
6
CONTINUOUS
10
5.704950354330709
20
-4.7113328346456695
11
5.7049503149606302
21
-4.7122367322834648
0
LINE
8
BLACK
6
CONTINUOUS
10
5.7049503149606302
20
-4.7122367322834648
11
5.7043110629921259
21
-4.7128759842519683
0
LINE
8
BLACK
6
CONTINUOUS
10
5.7043110629921259
20
-4.7128759842519683
11
5.7034071259842518
21
-4.7128759448818895
0
LINE
8
BLACK
6
CONTINUOUS
10
5.7034071259842518
20
-4.7128759448818895
11
5.7030239370078739
21
-4.712619881889764
0
LINE
8
BLACK
6
CONTINUOUS
10
5.7030239370078739
20
-4.712619881889764
11
5.7022740551181101
21
-4.7118700000000002
0
LINE
8
BLACK
6
CONTINUOUS
10
5.7022740551181101
20
-4.7118700000000002
11
5.7022411417322836
21
-4.7118207480314958
0
LINE
8
BLACK
6
CONTINUOUS
10
5.7022411417322836
20
-4.7118207480314958
11
5.7022170078740153
21
-4.7118087007874019
0
LINE
8
BLACK
6
CONTINUOUS
10
5.7022170078740153
20
-4.7118087007874019
11
5.7021233858267717
21
-4.7116444488188973
0
LINE
8
BLACK
6
CONTINUOUS
10
5.7021233858267717
20
-4.7116444488188973
11
5.7020180314960625
21
-4.7114867716535436
0
LINE
8
BLACK
6
CONTINUOUS
10
5.7020180314960625
20
-4.7114867716535436
11
5.7020180314960625
21
-4.711459645669291
0
LINE
8
BLACK
6
CONTINUOUS
10
5.7020180314960625
20
-4.711459645669291
11
5.701988779527559
21
-4.7114083464566932
0
LINE
8
BLACK
6
CONTINUOUS
10
5.701988779527559
20
-4.7114083464566932
11
5.7012388582677165
21
-4.7091586614173231
0
LINE
8
BLACK
6
CONTINUOUS
10
5.7012388582677165
20
-4.7091586614173231
11
5.7012151968503932
21
-4.7089710236220474
0
LINE
8
BLACK
6
CONTINUOUS
10
5.7012151968503932
20
-4.7089710236220474
11
5.7011782283464569
21
-4.7087851574803148
0
LINE
8
BLACK
6
CONTINUOUS
10
5.7011782283464569
20
-4.7087851574803148
11
5.7011782283464569
21
-4.7072853149606297
0
LINE
8
BLACK
6
CONTINUOUS
10
5.7011782283464569
20
-4.7072853149606297
11
5.7012151968503932
21
-4.7070994094488192
0
LINE
8
BLACK
6
CONTINUOUS
10
5.7012151968503932
20
-4.7070994094488192
11
5.7012388582677165
21
-4.7069118110236223
0
LINE
8
BLACK
6
CONTINUOUS
10
5.7012388582677165
20
-4.7069118110236223
11
5.701988779527559
21
-4.7046620866141735
0
LINE
8
BLACK
6
CONTINUOUS
10
5.701988779527559
20
-4.7046620866141735
11
5.7020180708661412
21
-4.7046106692913385
0
LINE
8
BLACK
6
CONTINUOUS
10
5.7020180708661412
20
-4.7046106692913385
11
5.7020180708661412
21
-4.7045836220472443
0
LINE
8
BLACK
6
CONTINUOUS
10
5.7020180708661412
20
-4.7045836220472443
11
5.7021232283464567
21
-4.7044261811023622
0
LINE
8
BLACK
6
CONTINUOUS
10
5.7021232283464567
20
-4.7044261811023622
11
5.7022170078740153
21
-4.7042617322834648
0
LINE
8
BLACK
6
CONTINUOUS
10
5.7022170078740153
20
-4.7042617322834648
11
5.7022412204724411
21
-4.7042496062992125
0
LINE
8
BLACK
6
CONTINUOUS
10
5.7022412204724411
20
-4.7042496062992125
11
5.7022740944881889
21
-4.7042004330708664
0
LINE
8
BLACK
6
CONTINUOUS
10
5.7022740944881889
20
-4.7042004330708664
11
5.7037738582677164
21
-4.7027006299212601
0
LINE
8
BLACK
6
CONTINUOUS
10
5.7037738582677164
20
-4.7027006299212601
11
5.7039312204724411
21
-4.7025954724409447
0
LINE
8
BLACK
6
CONTINUOUS
10
5.7039312204724411
20
-4.7025954724409447
11
5.7040808661417319
21
-4.7024793700787404
0
LINE
8
BLACK
6
CONTINUOUS
10
5.7040808661417319
20
-4.7024793700787404
11
5.7055806692913382
21
-4.7017294881889766
0
LINE
8
BLACK
6
CONTINUOUS
10
5.7055806692913382
20
-4.7017294881889766
11
5.7057054330708663
21
-4.70169531496063
0
LINE
8
BLACK
6
CONTINUOUS
10
5.7057054330708663
20
-4.70169531496063
11
5.7058224015748031
21
-4.7016400787401578
0
LINE
8
BLACK
6
CONTINUOUS
10
5.7058224015748031
20
-4.7016400787401578
11
5.7088220472440945
21
-4.7008901574803152
0
LINE
8
BLACK
6
CONTINUOUS
10
5.7088220472440945
20
-4.7008901574803152
11
5.7089664960629918
21
-4.7008831102362203
0
LINE
8
BLACK
6
CONTINUOUS
10
5.7089664960629918
20
-4.7008831102362203
11
5.7091085039370073
21
-4.7008548818897635
0
LINE
8
BLACK
6
CONTINUOUS
10
5.7091085039370073
20
-4.7008548818897635
11
5.7113582283464561
21
-4.7008548818897635
0
LINE
8
BLACK
6
CONTINUOUS
10
5.7113582283464561
20
-4.7008548818897635
11
5.7115001968503938
21
-4.7008831102362203
0
LINE
8
BLACK
6
CONTINUOUS
10
5.7274462204724408
20
-4.6810947244094487
11
5.7285115748031492
21
-4.6821600787401572
0
LINE
8
BLACK
6
CONTINUOUS
10
5.7285115748031492
20
-4.6821600787401572
11
5.7286614173228347
21
-4.6829133858267715
0
LINE
8
BLACK
6
CONTINUOUS
10
5.7286614173228347
20
-4.6829133858267715
11
5.7286614173228347
21
-4.7459055118110234
0
LINE
8
BLACK
6
CONTINUOUS
10
5.7286614173228347
20
-4.7459055118110234
11
5.7285115748031492
21
-4.7466588188976377
0
LINE
8
BLACK
6
CONTINUOUS
10
5.7285115748031492
20
-4.7466588188976377
11
5.7274462204724408
21
-4.7477241732283462
0
LINE
8
BLACK
6
CONTINUOUS
10
5.7274462204724408
20
-4.7477241732283462
11
5.7266929133858264
21
-4.7478740157480317
0
LINE
8
BLACK
6
CONTINUOUS
10
5.7266929133858264
20
-4.7478740157480317
11
5.6951968503937005
21
-4.7478740157480317
0
LINE
8
BLACK
6
CONTINUOUS
10
5.6951968503937005
20
-4.7478740157480317
11
5.6944435433070861
21
-4.7477241732283462
0
LINE
8
BLACK
6
CONTINUOUS
10
5.6944435433070861
20
-4.7477241732283462
11
5.6933781889763777
21
-4.7466588188976377
0
LINE
8
BLACK
6
CONTINUOUS
10
5.6933781889763777
20
-4.7466588188976377
11
5.6932283464566931
21
-4.7459055118110234
0
LINE
8
BLACK
6
CONTINUOUS
10
5.6932283464566931
20
-4.7459055118110234
11
5.6932283464566931
21
-4.6829133858267715
0
LINE
8
BLACK
6
CONTINUOUS
10
5.6932283464566931
20
-4.6829133858267715
11
5.6933781889763777
21
-4.6821600787401572
0
LINE
8
BLACK
6
CONTINUOUS
10
5.6933781889763777
20
-4.6821600787401572
11
5.6944435433070861
21
-4.6810947244094487
0
LINE
8
BLACK
6
CONTINUOUS
10
5.6944435433070861
20
-4.6810947244094487
11
5.6951968503937005
21
-4.6809448818897641
0
LINE
8
BLACK
6
CONTINUOUS
10
5.6951968503937005
20
-4.6809448818897641
11
5.7266929133858264
21
-4.6809448818897641
0
LINE
8
BLACK
6
CONTINUOUS
10
5.7266929133858264
20
-4.6809448818897641
11
5.7274462204724408
21
-4.6810947244094487
0
LINE
8
BLACK
6
CONTINUOUS
10
5.6971653543307088
20
-4.6848818897637798
11
5.6971653543307088
21
-4.743937007874016
0
LINE
8
BLACK
6
CONTINUOUS
10
5.6971653543307088
20
-4.743937007874016
11
5.724724409448819
21
-4.743937007874016
0
LINE
8
BLACK
6
CONTINUOUS
10
5.724724409448819
20
-4.743937007874016
11
5.724724409448819
21
-4.6848818897637798
0
LINE
8
BLACK
6
CONTINUOUS
10
5.724724409448819
20
-4.6848818897637798
11
5.6971653543307088
21
-4.6848818897637798
0
LINE
8
BLACK
6
CONTINUOUS
10
6.1532520866141729
20
-4.7187907086614169
11
6.1533816929133858
21
-4.7187907086614169
0
LINE
8
BLACK
6
CONTINUOUS
10
6.1533816929133858
20
-4.7187907086614169
11
6.1535112992125987
21
-4.7189203149606298
0
LINE
8
BLACK
6
CONTINUOUS
10
6.1535112992125987
20
-4.7189203149606298
11
6.1536751968503935
21
-4.7190022834645671
0
LINE
8
BLACK
6
CONTINUOUS
10
6.1536751968503935
20
-4.7190022834645671
11
6.153716141732283
21
-4.719125157480315
0
LINE
8
BLACK
6
CONTINUOUS
10
6.153716141732283
20
-4.719125157480315
11
6.1538078346456695
21
-4.7192168503937006
0
LINE
8
BLACK
6
CONTINUOUS
10
6.1538078346456695
20
-4.7192168503937006
11
6.1538677559055115
21
-4.7195181889763775
0
LINE
8
BLACK
6
CONTINUOUS
10
6.1538677559055115
20
-4.7195181889763775
11
6.1538677559055115
21
-4.7234176771653544
0
LINE
8
BLACK
6
CONTINUOUS
10
6.1538677559055115
20
-4.7234176771653544
11
6.156361181102362
21
-4.7234176771653544
0
LINE
8
BLACK
6
CONTINUOUS
10
6.156361181102362
20
-4.7234176771653544
11
6.1566625196850389
21
-4.7234775984251964
0
LINE
8
BLACK
6
CONTINUOUS
10
6.1566625196850389
20
-4.7234775984251964
11
6.1570886614173226
21
-4.7239037401574802
0
LINE
8
BLACK
6
CONTINUOUS
10
6.1570886614173226
20
-4.7239037401574802
11
6.1570886614173226
21
-4.7245064173228348
0
LINE
8
BLACK
6
CONTINUOUS
10
6.1570886614173226
20
-4.7245064173228348
11
6.1566625196850389
21
-4.7249325590551177
0
LINE
8
BLACK
6
CONTINUOUS
10
6.1566625196850389
20
-4.7249325590551177
11
6.156361181102362
21
-4.7249924803149606
0
LINE
8
BLACK
6
CONTINUOUS
10
6.156361181102362
20
-4.7249924803149606
11
6.1538677559055115
21
-4.7249924803149606
0
LINE
8
BLACK
6
CONTINUOUS
10
6.1538677559055115
20
-4.7249924803149606
11
6.1538677559055115
21
-4.7256111417322835
0
LINE
8
BLACK
6
CONTINUOUS
10
6.1538677559055115
20
-4.7256111417322835
11
6.1538078346456695
21
-4.7259124803149604
0
LINE
8
BLACK
6
CONTINUOUS
10
6.1538078346456695
20
-4.7259124803149604
11
6.1533816929133858
21
-4.7263386220472441
0
LINE
8
BLACK
6
CONTINUOUS
10
6.1533816929133858
20
-4.7263386220472441
11
6.1527790157480311
21
-4.7263386220472441
0
LINE
8
BLACK
6
CONTINUOUS
10
6.1527790157480311
20
-4.7263386220472441
11
6.1523528740157483
21
-4.7259124803149604
0
LINE
8
BLACK
6
CONTINUOUS
10
6.1523528740157483
20
-4.7259124803149604
11
6.1522929527559054
21
-4.7256111417322835
0
LINE
8
BLACK
6
CONTINUOUS
10
6.1522929527559054
20
-4.7256111417322835
11
6.1522929527559054
21
-4.7249924803149606
0
LINE
8
BLACK
6
CONTINUOUS
10
6.1522929527559054
20
-4.7249924803149606
11
6.1497995275590549
21
-4.7249924803149606
0
LINE
8
BLACK
6
CONTINUOUS
10
6.1497995275590549
20
-4.7249924803149606
11
6.149498188976378
21
-4.7249325590551177
0
LINE
8
BLACK
6
CONTINUOUS
10
6.149498188976378
20
-4.7249325590551177
11
6.1490720472440943
21
-4.7245064173228348
0
LINE
8
BLACK
6
CONTINUOUS
10
6.1490720472440943
20
-4.7245064173228348
11
6.1490720472440943
21
-4.7239037401574802
0
LINE
8
BLACK
6
CONTINUOUS
10
6.1490720472440943
20
-4.7239037401574802
11
6.149498188976378
21
-4.7234775984251964
0
LINE
8
BLACK
6
CONTINUOUS
10
6.149498188976378
20
-4.7234775984251964
11
6.1497995275590549
21
-4.7234176771653544
0
LINE
8
BLACK
6
CONTINUOUS
10
6.1497995275590549
20
-4.7234176771653544
11
6.1522929527559054
21
-4.7234176771653544
0
LINE
8
BLACK
6
CONTINUOUS
10
6.1522929527559054
20
-4.7234176771653544
11
6.1522929527559054
21
-4.7206106299212598
0
LINE
8
BLACK
6
CONTINUOUS
10
6.1522929527559054
20
-4.7206106299212598
11
6.1462989763779525
21
-4.7226086220472441
0
LINE
8
BLACK
6
CONTINUOUS
10
6.1462989763779525
20
-4.7226086220472441
11
6.1459941732283463
21
-4.7226470472440942
0
LINE
8
BLACK
6
CONTINUOUS
10
6.1459941732283463
20
-4.7226470472440942
11
6.1454551574803151
21
-4.7223775196850388
0
LINE
8
BLACK
6
CONTINUOUS
10
6.1454551574803151
20
-4.7223775196850388
11
6.1452645669291339
21
-4.7218057874015749
0
LINE
8
BLACK
6
CONTINUOUS
10
6.1452645669291339
20
-4.7218057874015749
11
6.1455340944881884
21
-4.7212667716535428
0
LINE
8
BLACK
6
CONTINUOUS
10
6.1455340944881884
20
-4.7212667716535428
11
6.1458010236220471
21
-4.7211146062992126
0
LINE
8
BLACK
6
CONTINUOUS
10
6.1458010236220471
20
-4.7211146062992126
11
6.1528313385826774
21
-4.7187711811023618
0
LINE
8
BLACK
6
CONTINUOUS
10
6.1528313385826774
20
-4.7187711811023618
11
6.1531361811023624
21
-4.7187327559055117
0
LINE
8
BLACK
6
CONTINUOUS
10
6.1531361811023624
20
-4.7187327559055117
11
6.1532520866141729
21
-4.7187907086614169
0
LINE
8
BLACK
6
CONTINUOUS
10
6.1566625196850389
20
-4.7112916141732279
11
6.1570886614173226
21
-4.7117177559055117
0
LINE
8
BLACK
6
CONTINUOUS
10
6.1570886614173226
20
-4.7117177559055117
11
6.1571485826771655
21
-4.7120190944881886
0
LINE
8
BLACK
6
CONTINUOUS
10
6.1571485826771655
20
-4.7120190944881886
11
6.1571485826771655
21
-4.7167060236220468
0
LINE
8
BLACK
6
CONTINUOUS
10
6.1571485826771655
20
-4.7167060236220468
11
6.1570886614173226
21
-4.7170073622047246
0
LINE
8
BLACK
6
CONTINUOUS
10
6.1570886614173226
20
-4.7170073622047246
11
6.1566625196850389
21
-4.7174335039370074
0
LINE
8
BLACK
6
CONTINUOUS
10
6.1566625196850389
20
-4.7174335039370074
11
6.1560598425196851
21
-4.7174335039370074
0
LINE
8
BLACK
6
CONTINUOUS
10
6.1560598425196851
20
-4.7174335039370074
11
6.1556337007874014
21
-4.7170073622047246
0
LINE
8
BLACK
6
CONTINUOUS
10
6.1556337007874014
20
-4.7170073622047246
11
6.1555737795275594
21
-4.7167060236220468
0
LINE
8
BLACK
6
CONTINUOUS
10
6.1555737795275594
20
-4.7167060236220468
11
6.1555737795275594
21
-4.7128064960629921
0
LINE
8
BLACK
6
CONTINUOUS
10
6.1555737795275594
20
-4.7128064960629921
11
6.1465186614173231
21
-4.7128064960629921
0
LINE
8
BLACK
6
CONTINUOUS
10
6.1465186614173231
20
-4.7128064960629921
11
6.1462173228346453
21
-4.7127465748031492
0
LINE
8
BLACK
6
CONTINUOUS
10
6.1462173228346453
20
-4.7127465748031492
11
6.1457911811023624
21
-4.7123204330708663
0
LINE
8
BLACK
6
CONTINUOUS
10
6.1457911811023624
20
-4.7123204330708663
11
6.1457911811023624
21
-4.7117177559055117
0
LINE
8
BLACK
6
CONTINUOUS
10
6.1457911811023624
20
-4.7117177559055117
11
6.1462173228346453
21
-4.7112916141732279
0
LINE
8
BLACK
6
CONTINUOUS
10
6.1462173228346453
20
-4.7112916141732279
11
6.1465186614173231
21
-4.7112316929133859
0
LINE
8
BLACK
6
CONTINUOUS
10
6.1465186614173231
20
-4.7112316929133859
11
6.156361181102362
21
-4.7112316929133859
0
LINE
8
BLACK
6
CONTINUOUS
10
6.156361181102362
20
-4.7112316929133859
11
6.1566625196850389
21
-4.7112916141732279
0
LINE
8
BLACK
6
CONTINUOUS
10
6.1624855905511806
20
-4.6968427559055117
11
6.1635509448818899
21
-4.6979081102362201
0
LINE
8
BLACK
6
CONTINUOUS
10
6.1635509448818899
20
-4.6979081102362201
11
6.1637007874015746
21
-4.6986614173228345
0
LINE
8
BLACK
6
CONTINUOUS
10
6.1637007874015746
20
-4.6986614173228345
11
6.1637007874015746
21
-4.7380314960629919
0
LINE
8
BLACK
6
CONTINUOUS
10
6.1637007874015746
20
-4.7380314960629919
11
6.1635509448818899
21
-4.7387848031496063
0
LINE
8
BLACK
6
CONTINUOUS
10
6.1635509448818899
20
-4.7387848031496063
11
6.1624855905511806
21
-4.7398501574803147
0
LINE
8
BLACK
6
CONTINUOUS
10
6.1624855905511806
20
-4.7398501574803147
11
6.1617322834645671
21
-4.7400000000000002
0
LINE
8
BLACK
6
CONTINUOUS
10
6.1617322834645671
20
-4.7400000000000002
11
6.1420472440944884
21
-4.7400000000000002
0
LINE
8
BLACK
6
CONTINUOUS
10
6.1420472440944884
20
-4.7400000000000002
11
6.1412939370078741
21
-4.7398501574803147
0
LINE
8
BLACK
6
CONTINUOUS
10
6.1412939370078741
20
-4.7398501574803147
11
6.1402285826771656
21
-4.7387848031496063
0
LINE
8
BLACK
6
CONTINUOUS
10
6.1402285826771656
20
-4.7387848031496063
11
6.1400787401574801
21
-4.7380314960629919
0
LINE
8
BLACK
6
CONTINUOUS
10
6.1400787401574801
20
-4.7380314960629919
11
6.1400787401574801
21
-4.6986614173228345
0
LINE
8
BLACK
6
CONTINUOUS
10
6.1400787401574801
20
-4.6986614173228345
11
6.1402285826771656
21
-4.6979081102362201
0
LINE
8
BLACK
6
CONTINUOUS
10
6.1402285826771656
20
-4.6979081102362201
11
6.1412939370078741
21
-4.6968427559055117
0
LINE
8
BLACK
6
CONTINUOUS
10
6.1412939370078741
20
-4.6968427559055117
11
6.1420472440944884
21
-4.6966929133858271
0
LINE
8
BLACK
6
CONTINUOUS
10
6.1420472440944884
20
-4.6966929133858271
11
6.1617322834645671
21
-4.6966929133858271
0
LINE
8
BLACK
6
CONTINUOUS
10
6.1617322834645671
20
-4.6966929133858271
11
6.1624855905511806
21
-4.6968427559055117
0
LINE
8
BLACK
6
CONTINUOUS
10
6.1440157480314959
20
-4.7006299212598428
11
6.1440157480314959
21
-4.7360629921259845
0
LINE
8
BLACK
6
CONTINUOUS
10
6.1440157480314959
20
-4.7360629921259845
11
6.1597637795275588
21
-4.7360629921259845
0
LINE
8
BLACK
6
CONTINUOUS
10
6.1597637795275588
20
-4.7360629921259845
11
6.1597637795275588
21
-4.7006299212598428
0
LINE
8
BLACK
6
CONTINUOUS
10
6.1597637795275588
20
-4.7006299212598428
11
6.1440157480314959
21
-4.7006299212598428
0
LINE
8
BLACK
6
CONTINUOUS
10
6.2996983464566929
20
-4.6968587007874012
11
6.3003375196850389
21
-4.697497874015748
0
LINE
8
BLACK
6
CONTINUOUS
10
6.3003375196850389
20
-4.697497874015748
11
6.3003375196850389
21
-4.6984018897637796
0
LINE
8
BLACK
6
CONTINUOUS
10
6.3003375196850389
20
-4.6984018897637796
11
6.2996983464566929
21
-4.6990410629921255
0
LINE
8
BLACK
6
CONTINUOUS
10
6.2996983464566929
20
-4.6990410629921255
11
6.2992463385826767
21
-4.6991309842519682
0
LINE
8
BLACK
6
CONTINUOUS
10
6.2992463385826767
20
-4.6991309842519682
11
6.2921004330708659
21
-4.6991309842519682
0
LINE
8
BLACK
6
CONTINUOUS
10
6.2921004330708659
20
-4.6991309842519682
11
6.2956357480314962
21
-4.7031713779527555
0
LINE
8
BLACK
6
CONTINUOUS
10
6.2956357480314962
20
-4.7031713779527555
11
6.2958033464566929
21
-4.7034624015748028
0
LINE
8
BLACK
6
CONTINUOUS
10
6.2958033464566929
20
-4.7034624015748028
11
6.2958380708661412
21
-4.703497125984252
0
LINE
8
BLACK
6
CONTINUOUS
10
6.2958380708661412
20
-4.703497125984252
11
6.2958380708661412
21
-4.7035226771653544
0
LINE
8
BLACK
6
CONTINUOUS
10
6.2958380708661412
20
-4.7035226771653544
11
6.2958657480314963
21
-4.7035707480314963
0
LINE
8
BLACK
6
CONTINUOUS
10
6.2958657480314963
20
-4.7035707480314963
11
6.2958380708661412
21
-4.7039859448818895
0
LINE
8
BLACK
6
CONTINUOUS
10
6.2958380708661412
20
-4.7039859448818895
11
6.2958380708661412
21
-4.7044011417322835
0
LINE
8
BLACK
6
CONTINUOUS
10
6.2958380708661412
20
-4.7044011417322835
11
6.2958083858267715
21
-4.7044307874015745
0
LINE
8
BLACK
6
CONTINUOUS
10
6.2958083858267715
20
-4.7044307874015745
11
6.2958056299212597
21
-4.704472677165354
0
LINE
8
BLACK
6
CONTINUOUS
10
6.2958056299212597
20
-4.704472677165354
11
6.2954928346456693
21
-4.7047463385826767
0
LINE
8
BLACK
6
CONTINUOUS
10
6.2954928346456693
20
-4.7047463385826767
11
6.2951988976377953
21
-4.7050403149606295
0
LINE
8
BLACK
6
CONTINUOUS
10
6.2951988976377953
20
-4.7050403149606295
11
6.2951445275590547
21
-4.705051102362205
0
LINE
8
BLACK
6
CONTINUOUS
10
6.2951445275590547
20
-4.705051102362205
11
6.2951252755905509
21
-4.7050679921259846
0
LINE
8
BLACK
6
CONTINUOUS
10
6.2951252755905509
20
-4.7050679921259846
11
6.2950761811023623
21
-4.7050646850393703
0
LINE
8
BLACK
6
CONTINUOUS
10
6.2950761811023623
20
-4.7050646850393703
11
6.2947468897637791
21
-4.7051302362204721
0
LINE
8
BLACK
6
CONTINUOUS
10
6.2947468897637791
20
-4.7051302362204721
11
6.2927760236220474
21
-4.7051302362204721
0
LINE
8
BLACK
6
CONTINUOUS
10
6.2927760236220474
20
-4.7051302362204721
11
6.2916969291338578
21
-4.7056697637795271
0
LINE
8
BLACK
6
CONTINUOUS
10
6.2916969291338578
20
-4.7056697637795271
11
6.2912181102362199
21
-4.706148582677165
0
LINE
8
BLACK
6
CONTINUOUS
10
6.2912181102362199
20
-4.706148582677165
11
6.2906786614173225
21
-4.7072275590551182
0
LINE
8
BLACK
6
CONTINUOUS
10
6.2906786614173225
20
-4.7072275590551182
11
6.2906786614173225
21
-4.7104194881889763
0
LINE
8
BLACK
6
CONTINUOUS
10
6.2906786614173225
20
-4.7104194881889763
11
6.2912181496062987
21
-4.7114985039370074
0
LINE
8
BLACK
6
CONTINUOUS
10
6.2912181496062987
20
-4.7114985039370074
11
6.2916969291338578
21
-4.7119772834645666
0
LINE
8
BLACK
6
CONTINUOUS
10
6.2916969291338578
20
-4.7119772834645666
11
6.2927759842519686
21
-4.7125168110236215
0
LINE
8
BLACK
6
CONTINUOUS
10
6.2927759842519686
20
-4.7125168110236215
11
6.2967177952755904
21
-4.7125168110236215
0
LINE
8
BLACK
6
CONTINUOUS
10
6.2967177952755904
20
-4.7125168110236215
11
6.2977968110236215
21
-4.7119772834645666
0
LINE
8
BLACK
6
CONTINUOUS
10
6.2977968110236215
20
-4.7119772834645666
11
6.2984111811023622
21
-4.7113629527559056
0
LINE
8
BLACK
6
CONTINUOUS
10
6.2984111811023622
20
-4.7113629527559056
11
6.2987943700787401
21
-4.7111068897637791
0
LINE
8
BLACK
6
CONTINUOUS
10
6.2987943700787401
20
-4.7111068897637791
11
6.2996983070866142
21
-4.7111068897637791
0
LINE
8
BLACK
6
CONTINUOUS
10
6.2996983070866142
20
-4.7111068897637791
11
6.3003375590551176
21
-4.7117461417322835
0
LINE
8
BLACK
6
CONTINUOUS
10
6.3003375590551176
20
-4.7117461417322835
11
6.3003375590551176
21
-4.7126500787401575
0
LINE
8
BLACK
6
CONTINUOUS
10
6.3003375590551176
20
-4.7126500787401575
11
6.3000814960629921
21
-4.7130332677165354
0
LINE
8
BLACK
6
CONTINUOUS
10
6.3000814960629921
20
-4.7130332677165354
11
6.2993315748031495
21
-4.7137831889763779
0
LINE
8
BLACK
6
CONTINUOUS
10
6.2993315748031495
20
-4.7137831889763779
11
6.2991742125984249
21
-4.713888267716535
0
LINE
8
BLACK
6
CONTINUOUS
10
6.2991742125984249
20
-4.713888267716535
11
6.2990246062992128
21
-4.7140044488188977
0
LINE
8
BLACK
6
CONTINUOUS
10
6.2990246062992128
20
-4.7140044488188977
11
6.2975248031496065
21
-4.7147543307086615
0
LINE
8
BLACK
6
CONTINUOUS
10
6.2975248031496065
20
-4.7147543307086615
11
6.2974677559055117
21
-4.7147699212598422
0
LINE
8
BLACK
6
CONTINUOUS
10
6.2974677559055117
20
-4.7147699212598422
11
6.2974486220472441
21
-4.7147890944881885
0
LINE
8
BLACK
6
CONTINUOUS
10
6.2974486220472441
20
-4.7147890944881885
11
6.2972627952755902
21
-4.7148260236220469
0
LINE
8
BLACK
6
CONTINUOUS
10
6.2972627952755902
20
-4.7148260236220469
11
6.2970803149606294
21
-4.7148760236220468
0
LINE
8
BLACK
6
CONTINUOUS
10
6.2970803149606294
20
-4.7148760236220468
11
6.2970546456692915
21
-4.7148674409448814
0
LINE
8
BLACK
6
CONTINUOUS
10
6.2970546456692915
20
-4.7148674409448814
11
6.2969966141732279
21
-4.7148790157480311
0
LINE
8
BLACK
6
CONTINUOUS
10
6.2969966141732279
20
-4.7148790157480311
11
6.2924971653543302
21
-4.7148790157480311
0
LINE
8
BLACK
6
CONTINUOUS
10
6.2924971653543302
20
-4.7148790157480311
11
6.2924390944881887
21
-4.7148674409448814
0
LINE
8
BLACK
6
CONTINUOUS
10
6.2924390944881887
20
-4.7148674409448814
11
6.2924134645669287
21
-4.7148760236220468
0
LINE
8
BLACK
6
CONTINUOUS
10
6.2924134645669287
20
-4.7148760236220468
11
6.2922309448818901
21
-4.7148260236220469
0
LINE
8
BLACK
6
CONTINUOUS
10
6.2922309448818901
20
-4.7148260236220469
11
6.2920451574803149
21
-4.7147890944881885
0
LINE
8
BLACK
6
CONTINUOUS
10
6.2920451574803149
20
-4.7147890944881885
11
6.2920259842519686
21
-4.7147699212598422
0
LINE
8
BLACK
6
CONTINUOUS
10
6.2920259842519686
20
-4.7147699212598422
11
6.2919689763779525
21
-4.7147543307086615
0
LINE
8
BLACK
6
CONTINUOUS
10
6.2919689763779525
20
-4.7147543307086615
11
6.2904691732283462
21
-4.7140044488188977
0
LINE
8
BLACK
6
CONTINUOUS
10
6.2904691732283462
20
-4.7140044488188977
11
6.2903195275590553
21
-4.7138883070866138
0
LINE
8
BLACK
6
CONTINUOUS
10
6.2903195275590553
20
-4.7138883070866138
11
6.2901622047244095
21
-4.7137831889763779
0
LINE
8
BLACK
6
CONTINUOUS
10
6.2901622047244095
20
-4.7137831889763779
11
6.2894122834645669
21
-4.7130332677165354
0
LINE
8
BLACK
6
CONTINUOUS
10
6.2894122834645669
20
-4.7130332677165354
11
6.2893071653543302
21
-4.7128759055118108
0
LINE
8
BLACK
6
CONTINUOUS
10
6.2893071653543302
20
-4.7128759055118108
11
6.2891910236220472
21
-4.7127262992125987
0
LINE
8
BLACK
6
CONTINUOUS
10
6.2891910236220472
20
-4.7127262992125987
11
6.2884411417322834
21
-4.7112264960629924
0
LINE
8
BLACK
6
CONTINUOUS
10
6.2884411417322834
20
-4.7112264960629924
11
6.288425511811023
21
-4.7111694488188975
0
LINE
8
BLACK
6
CONTINUOUS
10
6.288425511811023
20
-4.7111694488188975
11
6.2884063779527555
21
-4.71115031496063
0
LINE
8
BLACK
6
CONTINUOUS
10
6.2884063779527555
20
-4.71115031496063
11
6.2883694094488192
21
-4.7109644881889761
0
LINE
8
BLACK
6
CONTINUOUS
10
6.2883694094488192
20
-4.7109644881889761
11
6.2883194488188972
21
-4.7107820078740152
0
LINE
8
BLACK
6
CONTINUOUS
10
6.2883194488188972
20
-4.7107820078740152
11
6.2883279921259838
21
-4.7107563385826774
0
LINE
8
BLACK
6
CONTINUOUS
10
6.2883279921259838
20
-4.7107563385826774
11
6.2883164566929128
21
-4.7106983070866137
0
LINE
8
BLACK
6
CONTINUOUS
10
6.2883164566929128
20
-4.7106983070866137
11
6.2883164566929128
21
-4.7069487795275586
0
LINE
8
BLACK
6
CONTINUOUS
10
6.2883164566929128
20
-4.7069487795275586
11
6.2883279921259838
21
-4.7068907480314959
0
LINE
8
BLACK
6
CONTINUOUS
10
6.2883279921259838
20
-4.7068907480314959
11
6.2883194488188972
21
-4.7068651181102359
0
LINE
8
BLACK
6
CONTINUOUS
10
6.2883194488188972
20
-4.7068651181102359
11
6.2883693700787404
21
-4.7066826377952751
0
LINE
8
BLACK
6
CONTINUOUS
10
6.2883693700787404
20
-4.7066826377952751
11
6.2884063779527555
21
-4.7064967716535433
0
LINE
8
BLACK
6
CONTINUOUS
10
6.2884063779527555
20
-4.7064967716535433
11
6.288425511811023
21
-4.706477598425197
0
LINE
8
BLACK
6
CONTINUOUS
10
6.288425511811023
20
-4.706477598425197
11
6.2884411417322834
21
-4.7064205905511809
0
LINE
8
BLACK
6
CONTINUOUS
10
6.2884411417322834
20
-4.7064205905511809
11
6.2891910236220472
21
-4.7049207480314958
0
LINE
8
BLACK
6
CONTINUOUS
10
6.2891910236220472
20
-4.7049207480314958
11
6.2893069685039364
21
-4.7047713385826775
0
LINE
8
BLACK
6
CONTINUOUS
10
6.2893069685039364
20
-4.7047713385826775
11
6.2894122834645669
21
-4.7046137401574804
0
LINE
8
BLACK
6
CONTINUOUS
10
6.2894122834645669
20
-4.7046137401574804
11
6.2901622047244095
21
-4.7038638582677166
0
LINE
8
BLACK
6
CONTINUOUS
10
6.2901622047244095
20
-4.7038638582677166
11
6.2903196456692916
21
-4.7037586614173224
0
LINE
8
BLACK
6
CONTINUOUS
10
6.2903196456692916
20
-4.7037586614173224
11
6.2904691338582674
21
-4.7036426377952756
0
LINE
8
BLACK
6
CONTINUOUS
10
6.2904691338582674
20
-4.7036426377952756
11
6.2919689763779525
21
-4.7028927165354331
0
LINE
8
BLACK
6
CONTINUOUS
10
6.2919689763779525
20
-4.7028927165354331
11
6.2920259842519686
21
-4.7028770866141727
0
LINE
8
BLACK
6
CONTINUOUS
10
6.2920259842519686
20
-4.7028770866141727
11
6.2920451574803149
21
-4.7028579527559051
0
LINE
8
BLACK
6
CONTINUOUS
10
6.2920451574803149
20
-4.7028579527559051
11
6.2921963779527559
21
-4.7028278346456691
0
LINE
8
BLACK
6
CONTINUOUS
10
6.2921963779527559
20
-4.7028278346456691
11
6.2886087007874014
21
-4.6987276377952751
0
LINE
8
BLACK
6
CONTINUOUS
10
6.2886087007874014
20
-4.6987276377952751
11
6.2884410629921259
21
-4.6984365748031491
0
LINE
8
BLACK
6
CONTINUOUS
10
6.2884410629921259
20
-4.6984365748031491
11
6.2884063779527555
21
-4.6984018897637796
0
LINE
8
BLACK
6
CONTINUOUS
10
6.2884063779527555
20
-4.6984018897637796
11
6.2884063779527555
21
-4.6983762992125984
0
LINE
8
BLACK
6
CONTINUOUS
10
6.2884063779527555
20
-4.6983762992125984
11
6.2883787007874012
21
-4.6983282677165352
0
LINE
8
BLACK
6
CONTINUOUS
10
6.2883787007874012
20
-4.6983282677165352
11
6.2884063779527555
21
-4.6979133070866137
0
LINE
8
BLACK
6
CONTINUOUS
10
6.2884063779527555
20
-4.6979133070866137
11
6.2884063779527555
21
-4.697497874015748
0
LINE
8
BLACK
6
CONTINUOUS
10
6.2884063779527555
20
-4.697497874015748
11
6.2884360629921261
21
-4.6974681496062995
0
LINE
8
BLACK
6
CONTINUOUS
10
6.2884360629921261
20
-4.6974681496062995
11
6.2884388582677166
21
-4.6974263385826767
0
LINE
8
BLACK
6
CONTINUOUS
10
6.2884388582677166
20
-4.6974263385826767
11
6.2887514173228345
21
-4.6971527952755903
0
LINE
8
BLACK
6
CONTINUOUS
10
6.2887514173228345
20
-4.6971527952755903
11
6.2890455511811023
21
-4.6968587007874012
0
LINE
8
BLACK
6
CONTINUOUS
10
6.2890455511811023
20
-4.6968587007874012
11
6.2890998818897632
21
-4.6968478740157478
0
LINE
8
BLACK
6
CONTINUOUS
10
6.2890998818897632
20
-4.6968478740157478
11
6.2891191732283467
21
-4.696831023622047
0
LINE
8
BLACK
6
CONTINUOUS
10
6.2891191732283467
20
-4.696831023622047
11
6.2891682283464565
21
-4.6968342913385825
0
LINE
8
BLACK
6
CONTINUOUS
10
6.2891682283464565
20
-4.6968342913385825
11
6.2894975590551176
21
-4.6967687795275586
0
LINE
8
BLACK
6
CONTINUOUS
10
6.2894975590551176
20
-4.6967687795275586
11
6.2992463385826767
21
-4.6967687795275586
0
LINE
8
BLACK
6
CONTINUOUS
10
6.2992463385826767
20
-4.6967687795275586
11
6.2996983464566929
21
-4.6968587007874012
0
LINE
8
BLACK
6
CONTINUOUS
10
6.3091032677165355
20
-4.6968587007874012
11
6.3094470866141732
21
-4.6968587007874012
0
LINE
8
BLACK
6
CONTINUOUS
10
6.3094470866141732
20
-4.6968587007874012
11
6.3095330314960627
21
-4.6969446456692916
0
LINE
8
BLACK
6
CONTINUOUS
10
6.3095330314960627
20
-4.6969446456692916
11
6.3096522440944884
21
-4.6969685039370077
0
LINE
8
BLACK
6
CONTINUOUS
10
6.3096522440944884
20
-4.6969685039370077
11
6.3099777952755902
21
-4.6972947244094483
0
LINE
8
BLACK
6
CONTINUOUS
10
6.3099777952755902
20
-4.6972947244094483
11
6.3114128346456688
21
-4.6994472047244091
0
LINE
8
BLACK
6
CONTINUOUS
10
6.3114128346456688
20
-4.6994472047244091
11
6.3126943307086609
21
-4.7007287007874012
0
LINE
8
BLACK
6
CONTINUOUS
10
6.3126943307086609
20
-4.7007287007874012
11
6.314022755905512
21
-4.7013929133858268
0
LINE
8
BLACK
6
CONTINUOUS
10
6.314022755905512
20
-4.7013929133858268
11
6.3143868110236223
21
-4.7016755118110236
0
LINE
8
BLACK
6
CONTINUOUS
10
6.3143868110236223
20
-4.7016755118110236
11
6.3146726771653539
21
-4.7025330314960625
0
LINE
8
BLACK
6
CONTINUOUS
10
6.3146726771653539
20
-4.7025330314960625
11
6.3142683464566929
21
-4.7033416141732278
0
LINE
8
BLACK
6
CONTINUOUS
10
6.3142683464566929
20
-4.7033416141732278
11
6.3134108267716531
21
-4.7036274803149603
0
LINE
8
BLACK
6
CONTINUOUS
10
6.3134108267716531
20
-4.7036274803149603
11
6.3129663385826769
21
-4.7035057480314961
0
LINE
8
BLACK
6
CONTINUOUS
10
6.3129663385826769
20
-4.7035057480314961
11
6.3114664960629918
21
-4.7027558267716536
0
LINE
8
BLACK
6
CONTINUOUS
10
6.3114664960629918
20
-4.7027558267716536
11
6.3113168897637797
21
-4.7026396850393697
0
LINE
8
BLACK
6
CONTINUOUS
10
6.3113168897637797
20
-4.7026396850393697
11
6.3111595275590551
21
-4.7025345669291339
0
LINE
8
BLACK
6
CONTINUOUS
10
6.3111595275590551
20
-4.7025345669291339
11
6.3101761811023618
21
-4.7015511811023618
0
LINE
8
BLACK
6
CONTINUOUS
10
6.3101761811023618
20
-4.7015511811023618
11
6.3101761811023618
21
-4.7125168110236215
0
LINE
8
BLACK
6
CONTINUOUS
10
6.3101761811023618
20
-4.7125168110236215
11
6.3134945275590546
21
-4.7125168110236215
0
LINE
8
BLACK
6
CONTINUOUS
10
6.3134945275590546
20
-4.7125168110236215
11
6.3139465354330708
21
-4.7126067322834642
0
LINE
8
BLACK
6
CONTINUOUS
10
6.3139465354330708
20
-4.7126067322834642
11
6.3145857086614168
21
-4.713245905511811
0
LINE
8
BLACK
6
CONTINUOUS
10
6.3145857086614168
20
-4.713245905511811
11
6.3145857086614168
21
-4.7141499212598426
0
LINE
8
BLACK
6
CONTINUOUS
10
6.3145857086614168
20
-4.7141499212598426
11
6.3139465354330708
21
-4.7147890944881885
0
LINE
8
BLACK
6
CONTINUOUS
10
6.3139465354330708
20
-4.7147890944881885
11
6.3134945275590546
21
-4.7148790157480311
0
LINE
8
BLACK
6
CONTINUOUS
10
6.3134945275590546
20
-4.7148790157480311
11
6.3044956692913381
21
-4.7148790157480311
0
LINE
8
BLACK
6
CONTINUOUS
10
6.3044956692913381
20
-4.7148790157480311
11
6.3040436614173228
21
-4.7147890944881885
0
LINE
8
BLACK
6
CONTINUOUS
10
6.3040436614173228
20
-4.7147890944881885
11
6.3034044881889759
21
-4.7141499212598426
0
LINE
8
BLACK
6
CONTINUOUS
10
6.3034044881889759
20
-4.7141499212598426
11
6.3034044881889759
21
-4.713245905511811
0
LINE
8
BLACK
6
CONTINUOUS
10
6.3034044881889759
20
-4.713245905511811
11
6.3040436614173228
21
-4.7126067322834642
0
LINE
8
BLACK
6
CONTINUOUS
10
6.3040436614173228
20
-4.7126067322834642
11
6.3044956692913381
21
-4.7125168110236215
0
LINE
8
BLACK
6
CONTINUOUS
10
6.3044956692913381
20
-4.7125168110236215
11
6.307813976377953
21
-4.7125168110236215
0
LINE
8
BLACK
6
CONTINUOUS
10
6.307813976377953
20
-4.7125168110236215
11
6.307813976377953
21
-4.6979498818897634
0
LINE
8
BLACK
6
CONTINUOUS
10
6.307813976377953
20
-4.6979498818897634
11
6.3079038976377948
21
-4.697497874015748
0
LINE
8
BLACK
6
CONTINUOUS
10
6.3079038976377948
20
-4.697497874015748
11
6.3079898425196852
21
-4.6974118897637798
0
LINE
8
BLACK
6
CONTINUOUS
10
6.3079898425196852
20
-4.6974118897637798
11
6.3080137007874013
21
-4.6972927165354328
0
LINE
8
BLACK
6
CONTINUOUS
10
6.3080137007874013
20
-4.6972927165354328
11
6.3082998031496063
21
-4.6971019291338578
0
LINE
8
BLACK
6
CONTINUOUS
10
6.3082998031496063
20
-4.6971019291338578
11
6.3085430708661416
21
-4.6968587007874012
0
LINE
8
BLACK
6
CONTINUOUS
10
6.3085430708661416
20
-4.6968587007874012
11
6.3086646456692916
21
-4.6968587007874012
0
LINE
8
BLACK
6
CONTINUOUS
10
6.3086646456692916
20
-4.6968587007874012
11
6.3087658661417318
21
-4.6967912204724405
0
LINE
8
BLACK
6
CONTINUOUS
10
6.3087658661417318
20
-4.6967912204724405
11
6.3091032677165355
21
-4.6968587007874012
0
LINE
8
BLACK
6
CONTINUOUS
10
6.3241790944881888
20
-4.6968057480314958
11
6.3243667322834645
21
-4.696829409448819
0
LINE
8
BLACK
6
CONTINUOUS
10
6.3243667322834645
20
-4.696829409448819
11
6.3266164566929133
21
-4.6975793307086615
0
LINE
8
BLACK
6
CONTINUOUS
10
6.3266164566929133
20
-4.6975793307086615
11
6.3266678346456695
21
-4.6976086220472437
0
LINE
8
BLACK
6
CONTINUOUS
10
6.3266678346456695
20
-4.6976086220472437
11
6.3266949212598425
21
-4.6976086220472437
0
LINE
8
BLACK
6
CONTINUOUS
10
6.3266949212598425
20
-4.6976086220472437
11
6.3268523228346458
21
-4.6977137795275592
0
LINE
8
BLACK
6
CONTINUOUS
10
6.3268523228346458
20
-4.6977137795275592
11
6.327016811023622
21
-4.6978075590551178
0
LINE
8
BLACK
6
CONTINUOUS
10
6.327016811023622
20
-4.6978075590551178
11
6.3270288976377955
21
-4.6978317716535436
0
LINE
8
BLACK
6
CONTINUOUS
10
6.3270288976377955
20
-4.6978317716535436
11
6.3270781102362204
21
-4.6978646456692914
0
LINE
8
BLACK
6
CONTINUOUS
10
6.3270781102362204
20
-4.6978646456692914
11
6.3285779133858266
21
-4.6993644094488189
0
LINE
8
BLACK
6
CONTINUOUS
10
6.3285779133858266
20
-4.6993644094488189
11
6.3286830314960625
21
-4.6995217716535436
0
LINE
8
BLACK
6
CONTINUOUS
10
6.3286830314960625
20
-4.6995217716535436
11
6.3287991732283464
21
-4.6996714173228344
0
LINE
8
BLACK
6
CONTINUOUS
10
6.3287991732283464
20
-4.6996714173228344
11
6.3295490551181102
21
-4.7011712204724407
0
LINE
8
BLACK
6
CONTINUOUS
10
6.3295490551181102
20
-4.7011712204724407
11
6.3295831889763781
21
-4.7012959842519688
0
LINE
8
BLACK
6
CONTINUOUS
10
6.3295831889763781
20
-4.7012959842519688
11
6.329638464566929
21
-4.7014129527559056
0
LINE
8
BLACK
6
CONTINUOUS
10
6.329638464566929
20
-4.7014129527559056
11
6.3303883858267715
21
-4.704412598425197
0
LINE
8
BLACK
6
CONTINUOUS
10
6.3303883858267715
20
-4.704412598425197
11
6.3303953937007869
21
-4.7045570472440943
0
LINE
8
BLACK
6
CONTINUOUS
10
6.3303953937007869
20
-4.7045570472440943
11
6.3304236614173224
21
-4.7046990551181098
0
LINE
8
BLACK
6
CONTINUOUS
10
6.3304236614173224
20
-4.7046990551181098
11
6.3304236614173224
21
-4.7069487795275586
0
LINE
8
BLACK
6
CONTINUOUS
10
6.3304236614173224
20
-4.7069487795275586
11
6.3303953937007869
21
-4.7070907480314963
0
LINE
8
BLACK
6
CONTINUOUS
10
6.3303953937007869
20
-4.7070907480314963
11
6.3303883858267715
21
-4.7072352362204724
0
LINE
8
BLACK
6
CONTINUOUS
10
6.3303883858267715
20
-4.7072352362204724
11
6.329638464566929
21
-4.7102348425196849
0
LINE
8
BLACK
6
CONTINUOUS
10
6.329638464566929
20
-4.7102348425196849
11
6.3295831889763781
21
-4.710351771653543
0
LINE
8
BLACK
6
CONTINUOUS
10
6.3295831889763781
20
-4.710351771653543
11
6.3295490551181102
21
-4.7104765748031499
0
LINE
8
BLACK
6
CONTINUOUS
10
6.3295490551181102
20
-4.7104765748031499
11
6.3287991732283464
21
-4.7119763779527561
0
LINE
8
BLACK
6
CONTINUOUS
10
6.3287991732283464
20
-4.7119763779527561
11
6.3286829133858262
21
-4.7121261023622045
0
LINE
8
BLACK
6
CONTINUOUS
10
6.3286829133858262
20
-4.7121261023622045
11
6.3285779133858266
21
-4.7122833464566929
0
LINE
8
BLACK
6
CONTINUOUS
10
6.3285779133858266
20
-4.7122833464566929
11
6.3270781102362204
21
-4.7137831889763779
0
LINE
8
BLACK
6
CONTINUOUS
10
6.3270781102362204
20
-4.7137831889763779
11
6.3270288976377955
21
-4.713816023622047
0
LINE
8
BLACK
6
CONTINUOUS
10
6.3270288976377955
20
-4.713816023622047
11
6.327016811023622
21
-4.7138402755905506
0
LINE
8
BLACK
6
CONTINUOUS
10
6.327016811023622
20
-4.7138402755905506
11
6.3268521653543308
21
-4.7139341338582676
0
LINE
8
BLACK
6
CONTINUOUS
10
6.3268521653543308
20
-4.7139341338582676
11
6.3266949212598425
21
-4.7140392125984247
0
LINE
8
BLACK
6
CONTINUOUS
10
6.3266949212598425
20
-4.7140392125984247
11
6.3266678740157483
21
-4.7140392125984247
0
LINE
8
BLACK
6
CONTINUOUS
10
6.3266678740157483
20
-4.7140392125984247
11
6.3266164566929133
21
-4.7140685433070866
0
LINE
8
BLACK
6
CONTINUOUS
10
6.3266164566929133
20
-4.7140685433070866
11
6.3243667322834645
21
-4.7148184251968503
0
LINE
8
BLACK
6
CONTINUOUS
10
6.3243667322834645
20
-4.7148184251968503
11
6.3241788188976376
21
-4.7148420866141727
0
LINE
8
BLACK
6
CONTINUOUS
10
6.3241788188976376
20
-4.7148420866141727
11
6.3239932283464562
21
-4.7148790157480311
0
LINE
8
BLACK
6
CONTINUOUS
10
6.3239932283464562
20
-4.7148790157480311
11
6.3224933858267711
21
-4.7148790157480311
0
LINE
8
BLACK
6
CONTINUOUS
10
6.3224933858267711
20
-4.7148790157480311
11
6.3223077559055119
21
-4.7148420866141727
0
LINE
8
BLACK
6
CONTINUOUS
10
6.3223077559055119
20
-4.7148420866141727
11
6.3221198818897637
21
-4.7148184251968503
0
LINE
8
BLACK
6
CONTINUOUS
10
6.3221198818897637
20
-4.7148184251968503
11
6.3198701968503936
21
-4.7140685433070866
0
LINE
8
BLACK
6
CONTINUOUS
10
6.3198701968503936
20
-4.7140685433070866
11
6.3198188188976374
21
-4.7140392519685035
0
LINE
8
BLACK
6
CONTINUOUS
10
6.3198188188976374
20
-4.7140392519685035
11
6.3197917322834645
21
-4.7140392519685035
0
LINE
8
BLACK
6
CONTINUOUS
10
6.3197917322834645
20
-4.7140392519685035
11
6.3196342125984248
21
-4.7139339763779526
0
LINE
8
BLACK
6
CONTINUOUS
10
6.3196342125984248
20
-4.7139339763779526
11
6.3194698425196849
21
-4.7138402755905506
0
LINE
8
BLACK
6
CONTINUOUS
10
6.3194698425196849
20
-4.7138402755905506
11
6.3194577165354326
21
-4.713816023622047
0
LINE
8
BLACK
6
CONTINUOUS
10
6.3194577165354326
20
-4.713816023622047
11
6.3194085433070866
21
-4.7137831889763779
0
LINE
8
BLACK
6
CONTINUOUS
10
6.3194085433070866
20
-4.7137831889763779
11
6.318658622047244
21
-4.7130332677165354
0
LINE
8
BLACK
6
CONTINUOUS
10
6.318658622047244
20
-4.7130332677165354
11
6.3184025984251964
21
-4.7126500787401575
0
LINE
8
BLACK
6
CONTINUOUS
10
6.3184025984251964
20
-4.7126500787401575
11
6.3184025984251964
21
-4.7117461417322835
0
LINE
8
BLACK
6
CONTINUOUS
10
6.3184025984251964
20
-4.7117461417322835
11
6.3190418110236219
21
-4.7111069291338579
0
LINE
8
BLACK
6
CONTINUOUS
10
6.3190418110236219
20
-4.7111069291338579
11
6.319945748031496
21
-4.7111069291338579
0
LINE
8
BLACK
6
CONTINUOUS
10
6.319945748031496
20
-4.7111069291338579
11
6.3203289370078739
21
-4.7113629527559056
0
LINE
8
BLACK
6
CONTINUOUS
10
6.3203289370078739
20
-4.7113629527559056
11
6.3208816141732278
21
-4.7119156299212595
0
LINE
8
BLACK
6
CONTINUOUS
10
6.3208816141732278
20
-4.7119156299212595
11
6.3226851181102361
21
-4.7125168110236215
0
LINE
8
BLACK
6
CONTINUOUS
10
6.3226851181102361
20
-4.7125168110236215
11
6.323801496062992
21
-4.7125168110236215
0
LINE
8
BLACK
6
CONTINUOUS
10
6.323801496062992
20
-4.7125168110236215
11
6.3256049606299207
21
-4.7119156692913382
0
LINE
8
BLACK
6
CONTINUOUS
10
6.3256049606299207
20
-4.7119156692913382
11
6.326772047244094
21
-4.7107485039370074
0
LINE
8
BLACK
6
CONTINUOUS
10
6.326772047244094
20
-4.7107485039370074
11
6.3273782677165356
21
-4.7095361023622049
0
LINE
8
BLACK
6
CONTINUOUS
10
6.3273782677165356
20
-4.7095361023622049
11
6.3280614566929136
21
-4.7068033858267713
0
LINE
8
BLACK
6
CONTINUOUS
10
6.3280614566929136
20
-4.7068033858267713
11
6.3280614566929136
21
-4.7048444094488184
0
LINE
8
BLACK
6
CONTINUOUS
10
6.3280614566929136
20
-4.7048444094488184
11
6.3273782283464568
21
-4.702111653543307
0
LINE
8
BLACK
6
CONTINUOUS
10
6.3273782283464568
20
-4.702111653543307
11
6.326772047244094
21
-4.7008992519685036
0
LINE
8
BLACK
6
CONTINUOUS
10
6.326772047244094
20
-4.7008992519685036
11
6.325604921259842
21
-4.6997320866141727
0
LINE
8
BLACK
6
CONTINUOUS
10
6.325604921259842
20
-4.6997320866141727
11
6.3238016141732283
21
-4.6991309842519682
0
LINE
8
BLACK
6
CONTINUOUS
10
6.3238016141732283
20
-4.6991309842519682
11
6.3226849999999999
21
-4.6991309842519682
0
LINE
8
BLACK
6
CONTINUOUS
10
6.3226849999999999
20
-4.6991309842519682
11
6.3208816929133853
21
-4.6997320866141727
0
LINE
8
BLACK
6
CONTINUOUS
10
6.3208816929133853
20
-4.6997320866141727
11
6.3203289370078739
21
-4.7002848818897638
0
LINE
8
BLACK
6
CONTINUOUS
10
6.3203289370078739
20
-4.7002848818897638
11
6.3199457086614172
21
-4.7005409055118106
0
LINE
8
BLACK
6
CONTINUOUS
10
6.3199457086614172
20
-4.7005409055118106
11
6.3190417716535432
21
-4.7005408661417318
0
LINE
8
BLACK
6
CONTINUOUS
10
6.3190417716535432
20
-4.7005408661417318
11
6.3184025590551176
21
-4.6999016141732284
0
LINE
8
BLACK
6
CONTINUOUS
10
6.3184025590551176
20
-4.6999016141732284
11
6.3184025984251964
21
-4.6989976771653543
0
LINE
8
BLACK
6
CONTINUOUS
10
6.3184025984251964
20
-4.6989976771653543
11
6.318658622047244
21
-4.6986144881889764
0
LINE
8
BLACK
6
CONTINUOUS
10
6.318658622047244
20
-4.6986144881889764
11
6.3194085433070866
21
-4.6978646062992127
0
LINE
8
BLACK
6
CONTINUOUS
10
6.3194085433070866
20
-4.6978646062992127
11
6.3194576771653539
21
-4.6978317322834648
0
LINE
8
BLACK
6
CONTINUOUS
10
6.3194576771653539
20
-4.6978317322834648
11
6.3194698031496062
21
-4.6978075590551178
0
LINE
8
BLACK
6
CONTINUOUS
10
6.3194698031496062
20
-4.6978075590551178
11
6.3196341732283461
21
-4.6977138188976379
0
LINE
8
BLACK
6
CONTINUOUS
10
6.3196341732283461
20
-4.6977138188976379
11
6.3197917716535432
21
-4.697608582677165
0
LINE
8
BLACK
6
CONTINUOUS
10
6.3197917716535432
20
-4.697608582677165
11
6.3198188582677162
21
-4.697608582677165
0
LINE
8
BLACK
6
CONTINUOUS
10
6.3198188582677162
20
-4.697608582677165
11
6.3198701968503936
21
-4.6975793307086615
0
LINE
8
BLACK
6
CONTINUOUS
10
6.3198701968503936
20
-4.6975793307086615
11
6.3221198818897637
21
-4.696829409448819
0
LINE
8
BLACK
6
CONTINUOUS
10
6.3221198818897637
20
-4.696829409448819
11
6.3223074803149606
21
-4.6968057480314958
0
LINE
8
BLACK
6
CONTINUOUS
10
6.3223074803149606
20
-4.6968057480314958
11
6.3224933858267711
21
-4.6967687795275586
0
LINE
8
BLACK
6
CONTINUOUS
10
6.3224933858267711
20
-4.6967687795275586
11
6.3239932283464562
21
-4.6967687795275586
0
LINE
8
BLACK
6
CONTINUOUS
10
6.3239932283464562
20
-4.6967687795275586
11
6.3241790944881888
21
-4.6968057480314958
0
LINE
8
BLACK
6
CONTINUOUS
10
6.3416194488188973
20
-4.6889687401574802
11
6.3426848031496066
21
-4.6900340944881886
0
LINE
8
BLACK
6
CONTINUOUS
10
6.3426848031496066
20
-4.6900340944881886
11
6.3428346456692912
21
-4.690787401574803
0
LINE
8
BLACK
6
CONTINUOUS
10
6.3428346456692912
20
-4.690787401574803
11
6.3428346456692912
21
-4.7222834645669289
0
LINE
8
BLACK
6
CONTINUOUS
10
6.3428346456692912
20
-4.7222834645669289
11
6.3426848031496066
21
-4.7230367716535433
0
LINE
8
BLACK
6
CONTINUOUS
10
6.3426848031496066
20
-4.7230367716535433
11
6.3416194488188973
21
-4.7241021259842517
0
LINE
8
BLACK
6
CONTINUOUS
10
6.3416194488188973
20
-4.7241021259842517
11
6.3408661417322829
21
-4.7242519685039372
0
LINE
8
BLACK
6
CONTINUOUS
10
6.3408661417322829
20
-4.7242519685039372
11
6.2778740157480311
21
-4.7242519685039372
0
LINE
8
BLACK
6
CONTINUOUS
10
6.2778740157480311
20
-4.7242519685039372
11
6.2771207086614176
21
-4.7241021259842517
0
LINE
8
BLACK
6
CONTINUOUS
10
6.2771207086614176
20
-4.7241021259842517
11
6.2760553543307083
21
-4.7230367716535433
0
LINE
8
BLACK
6
CONTINUOUS
10
6.2760553543307083
20
-4.7230367716535433
11
6.2759055118110236
21
-4.7222834645669289
0
LINE
8
BLACK
6
CONTINUOUS
10
6.2759055118110236
20
-4.7222834645669289
11
6.2759055118110236
21
-4.690787401574803
0
LINE
8
BLACK
6
CONTINUOUS
10
6.2759055118110236
20
-4.690787401574803
11
6.2760553543307083
21
-4.6900340944881886
0
LINE
8
BLACK
6
CONTINUOUS
10
6.2760553543307083
20
-4.6900340944881886
11
6.2771207086614176
21
-4.6889687401574802
0
LINE
8
BLACK
6
CONTINUOUS
10
6.2771207086614176
20
-4.6889687401574802
11
6.2778740157480311
21
-4.6888188976377956
0
LINE
8
BLACK
6
CONTINUOUS
10
6.2778740157480311
20
-4.6888188976377956
11
6.3408661417322829
21
-4.6888188976377956
0
LINE
8
BLACK
6
CONTINUOUS
10
6.3408661417322829
20
-4.6888188976377956
11
6.3416194488188973
21
-4.6889687401574802
0
LINE
8
BLACK
6
CONTINUOUS
10
6.2798425196850394
20
-4.6927559055118113
11
6.2798425196850394
21
-4.7203149606299215
0
LINE
8
BLACK
6
CONTINUOUS
10
6.2798425196850394
20
-4.7203149606299215
11
6.3388976377952755
21
-4.7203149606299215
0
LINE
8
BLACK
6
CONTINUOUS
10
6.3388976377952755
20
-4.7203149606299215
11
6.3388976377952755
21
-4.6927559055118113
0
LINE
8
BLACK
6
CONTINUOUS
10
6.3388976377952755
20
-4.6927559055118113
11
6.2798425196850394
21
-4.6927559055118113
0
LINE
8
BLACK
6
CONTINUOUS
10
6.4351077952755906
20
-4.6962895275590553
11
6.4351664173228347
21
-4.6962837007874016
0
LINE
8
BLACK
6
CONTINUOUS
10
6.4351664173228347
20
-4.6962837007874016
11
6.4351946850393702
21
-4.6963068110236224
0
LINE
8
BLACK
6
CONTINUOUS
10
6.4351946850393702
20
-4.6963068110236224
11
6.4352772440944879
21
-4.6963232677165356
0
LINE
8
BLACK
6
CONTINUOUS
10
6.4352772440944879
20
-4.6963232677165356
11
6.4355583070866142
21
-4.6966043307086611
0
LINE
8
BLACK
6
CONTINUOUS
10
6.4355583070866142
20
-4.6966043307086611
11
6.4358660236220473
21
-4.6968561023622044
0
LINE
8
BLACK
6
CONTINUOUS
10
6.4358660236220473
20
-4.6968561023622044
11
6.4358905511811022
21
-4.6969365748031491
0
LINE
8
BLACK
6
CONTINUOUS
10
6.4358905511811022
20
-4.6969365748031491
11
6.4359164173228347
21
-4.6969624409448816
0
LINE
8
BLACK
6
CONTINUOUS
10
6.4359164173228347
20
-4.6969624409448816
11
6.4359164173228347
21
-4.6970212992125981
0
LINE
8
BLACK
6
CONTINUOUS
10
6.4359164173228347
20
-4.6970212992125981
11
6.436000472440945
21
-4.6972969291338584
0
LINE
8
BLACK
6
CONTINUOUS
10
6.436000472440945
20
-4.6972969291338584
11
6.4367503937007875
21
-4.7047959842519687
0
LINE
8
BLACK
6
CONTINUOUS
10
6.4367503937007875
20
-4.7047959842519687
11
6.4367059055118112
21
-4.7052546850393702
0
LINE
8
BLACK
6
CONTINUOUS
10
6.4367059055118112
20
-4.7052546850393702
11
6.4366663385826772
21
-4.7053029921259846
0
LINE
8
BLACK
6
CONTINUOUS
10
6.4366663385826772
20
-4.7053029921259846
11
6.436666377952756
21
-4.7053654330708659
0
LINE
8
BLACK
6
CONTINUOUS
10
6.436666377952756
20
-4.7053654330708659
11
6.4363853937007871
21
-4.705646377952756
0
LINE
8
BLACK
6
CONTINUOUS
10
6.4363853937007871
20
-4.705646377952756
11
6.4361335039370076
21
-4.7059542913385828
0
LINE
8
BLACK
6
CONTINUOUS
10
6.4361335039370076
20
-4.7059542913385828
11
6.4360712598425192
21
-4.7059605118110239
0
LINE
8
BLACK
6
CONTINUOUS
10
6.4360712598425192
20
-4.7059605118110239
11
6.4360271259842516
21
-4.7060046850393702
0
LINE
8
BLACK
6
CONTINUOUS
10
6.4360271259842516
20
-4.7060046850393702
11
6.4356294094488184
21
-4.7060046850393702
0
LINE
8
BLACK
6
CONTINUOUS
10
6.4356294094488184
20
-4.7060046850393702
11
6.4352339763779529
21
-4.7060442519685042
0
LINE
8
BLACK
6
CONTINUOUS
10
6.4352339763779529
20
-4.7060442519685042
11
6.4351856299212598
21
-4.7060046850393702
0
LINE
8
BLACK
6
CONTINUOUS
10
6.4351856299212598
20
-4.7060046850393702
11
6.4351232283464563
21
-4.7060047244094489
0
LINE
8
BLACK
6
CONTINUOUS
10
6.4351232283464563
20
-4.7060047244094489
11
6.4347399999999997
21
-4.7057487007874013
0
LINE
8
BLACK
6
CONTINUOUS
10
6.4347399999999997
20
-4.7057487007874013
11
6.4341255511811024
21
-4.7051342913385827
0
LINE
8
BLACK
6
CONTINUOUS
10
6.4341255511811024
20
-4.7051342913385827
11
6.4330465748031491
21
-4.7045948031496065
0
LINE
8
BLACK
6
CONTINUOUS
10
6.4330465748031491
20
-4.7045948031496065
11
6.4298547637795274
21
-4.7045948031496065
0
LINE
8
BLACK
6
CONTINUOUS
10
6.4298547637795274
20
-4.7045948031496065
11
6.4287756692913387
21
-4.7051343307086615
0
LINE
8
BLACK
6
CONTINUOUS
10
6.4287756692913387
20
-4.7051343307086615
11
6.4282968503937008
21
-4.7056131496062994
0
LINE
8
BLACK
6
CONTINUOUS
10
6.4282968503937008
20
-4.7056131496062994
11
6.4277574015748034
21
-4.7066921259842518
0
LINE
8
BLACK
6
CONTINUOUS
10
6.4277574015748034
20
-4.7066921259842518
11
6.4277574015748034
21
-4.7098840551181098
0
LINE
8
BLACK
6
CONTINUOUS
10
6.4277574015748034
20
-4.7098840551181098
11
6.4282968897637796
21
-4.7109630708661419
0
LINE
8
BLACK
6
CONTINUOUS
10
6.4282968897637796
20
-4.7109630708661419
11
6.4287756692913387
21
-4.711441850393701
0
LINE
8
BLACK
6
CONTINUOUS
10
6.4287756692913387
20
-4.711441850393701
11
6.4298547244094486
21
-4.711981377952756
0
LINE
8
BLACK
6
CONTINUOUS
10
6.4298547244094486
20
-4.711981377952756
11
6.4330466141732279
21
-4.711981377952756
0
LINE
8
BLACK
6
CONTINUOUS
10
6.4330466141732279
20
-4.711981377952756
11
6.4341256299212599
21
-4.711441850393701
0
LINE
8
BLACK
6
CONTINUOUS
10
6.4341256299212599
20
-4.711441850393701
11
6.4347399999999997
21
-4.7108275196850391
0
LINE
8
BLACK
6
CONTINUOUS
10
6.4347399999999997
20
-4.7108275196850391
11
6.4351231889763776
21
-4.7105714566929136
0
LINE
8
BLACK
6
CONTINUOUS
10
6.4351231889763776
20
-4.7105714566929136
11
6.4360271259842516
21
-4.7105714566929136
0
LINE
8
BLACK
6
CONTINUOUS
10
6.4360271259842516
20
-4.7105714566929136
11
6.436666377952756
21
-4.711210708661417
0
LINE
8
BLACK
6
CONTINUOUS
10
6.436666377952756
20
-4.711210708661417
11
6.436666377952756
21
-4.7121146456692911
0
LINE
8
BLACK
6
CONTINUOUS
10
6.436666377952756
20
-4.7121146456692911
11
6.4364103149606295
21
-4.712497834645669
0
LINE
8
BLACK
6
CONTINUOUS
10
6.4364103149606295
20
-4.712497834645669
11
6.435660393700787
21
-4.7132477559055115
0
LINE
8
BLACK
6
CONTINUOUS
10
6.435660393700787
20
-4.7132477559055115
11
6.4355030314960633
21
-4.7133528346456695
0
LINE
8
BLACK
6
CONTINUOUS
10
6.4355030314960633
20
-4.7133528346456695
11
6.4353534251968503
21
-4.7134690157480312
0
LINE
8
BLACK
6
CONTINUOUS
10
6.4353534251968503
20
-4.7134690157480312
11
6.433853622047244
21
-4.714218897637795
0
LINE
8
BLACK
6
CONTINUOUS
10
6.433853622047244
20
-4.714218897637795
11
6.4337965748031491
21
-4.7142344881889766
0
LINE
8
BLACK
6
CONTINUOUS
10
6.4337965748031491
20
-4.7142344881889766
11
6.4337774409448816
21
-4.7142536614173229
0
LINE
8
BLACK
6
CONTINUOUS
10
6.4337774409448816
20
-4.7142536614173229
11
6.4335916141732286
21
-4.7142905905511814
0
LINE
8
BLACK
6
CONTINUOUS
10
6.4335916141732286
20
-4.7142905905511814
11
6.4334091338582677
21
-4.7143405905511813
0
LINE
8
BLACK
6
CONTINUOUS
10
6.4334091338582677
20
-4.7143405905511813
11
6.433383464566929
21
-4.7143320078740159
0
LINE
8
BLACK
6
CONTINUOUS
10
6.433383464566929
20
-4.7143320078740159
11
6.4333254330708662
21
-4.7143435826771656
0
LINE
8
BLACK
6
CONTINUOUS
10
6.4333254330708662
20
-4.7143435826771656
11
6.4295759055118111
21
-4.7143435826771656
0
LINE
8
BLACK
6
CONTINUOUS
10
6.4295759055118111
20
-4.7143435826771656
11
6.4295178346456687
21
-4.7143320078740159
0
LINE
8
BLACK
6
CONTINUOUS
10
6.4295178346456687
20
-4.7143320078740159
11
6.4294922047244096
21
-4.7143405905511813
0
LINE
8
BLACK
6
CONTINUOUS
10
6.4294922047244096
20
-4.7143405905511813
11
6.4293096850393701
21
-4.7142905905511814
0
LINE
8
BLACK
6
CONTINUOUS
10
6.4293096850393701
20
-4.7142905905511814
11
6.4291238976377949
21
-4.7142536614173229
0
LINE
8
BLACK
6
CONTINUOUS
10
6.4291238976377949
20
-4.7142536614173229
11
6.4291047244094486
21
-4.7142344881889766
0
LINE
8
BLACK
6
CONTINUOUS
10
6.4291047244094486
20
-4.7142344881889766
11
6.4290477165354325
21
-4.714218897637795
0
LINE
8
BLACK
6
CONTINUOUS
10
6.4290477165354325
20
-4.714218897637795
11
6.4275479133858262
21
-4.7134690157480312
0
LINE
8
BLACK
6
CONTINUOUS
10
6.4275479133858262
20
-4.7134690157480312
11
6.4273982677165353
21
-4.7133528740157482
0
LINE
8
BLACK
6
CONTINUOUS
10
6.4273982677165353
20
-4.7133528740157482
11
6.4272409448818895
21
-4.7132477559055115
0
LINE
8
BLACK
6
CONTINUOUS
10
6.4272409448818895
20
-4.7132477559055115
11
6.4264910236220469
21
-4.712497834645669
0
LINE
8
BLACK
6
CONTINUOUS
10
6.4264910236220469
20
-4.712497834645669
11
6.4263859055118111
21
-4.7123404724409443
0
LINE
8
BLACK
6
CONTINUOUS
10
6.4263859055118111
20
-4.7123404724409443
11
6.4262697637795272
21
-4.7121908661417322
0
LINE
8
BLACK
6
CONTINUOUS
10
6.4262697637795272
20
-4.7121908661417322
11
6.4255198818897634
21
-4.7106910629921259
0
LINE
8
BLACK
6
CONTINUOUS
10
6.4255198818897634
20
-4.7106910629921259
11
6.4255042519685039
21
-4.7106340157480311
0
LINE
8
BLACK
6
CONTINUOUS
10
6.4255042519685039
20
-4.7106340157480311
11
6.4254851181102364
21
-4.7106148818897635
0
LINE
8
BLACK
6
CONTINUOUS
10
6.4254851181102364
20
-4.7106148818897635
11
6.4254481496062992
21
-4.7104290551181105
0
LINE
8
BLACK
6
CONTINUOUS
10
6.4254481496062992
20
-4.7104290551181105
11
6.425398188976378
21
-4.7102465748031497
0
LINE
8
BLACK
6
CONTINUOUS
10
6.425398188976378
20
-4.7102465748031497
11
6.4254067322834647
21
-4.7102209055118109
0
LINE
8
BLACK
6
CONTINUOUS
10
6.4254067322834647
20
-4.7102209055118109
11
6.4253951968503937
21
-4.7101628740157482
0
LINE
8
BLACK
6
CONTINUOUS
10
6.4253951968503937
20
-4.7101628740157482
11
6.4253951968503937
21
-4.7064133464566931
0
LINE
8
BLACK
6
CONTINUOUS
10
6.4253951968503937
20
-4.7064133464566931
11
6.4254067322834647
21
-4.7063553149606294
0
LINE
8
BLACK
6
CONTINUOUS
10
6.4254067322834647
20
-4.7063553149606294
11
6.425398188976378
21
-4.7063296850393703
0
LINE
8
BLACK
6
CONTINUOUS
10
6.425398188976378
20
-4.7063296850393703
11
6.4254481102362204
21
-4.7061472047244095
0
LINE
8
BLACK
6
CONTINUOUS
10
6.4254481102362204
20
-4.7061472047244095
11
6.4254851181102364
21
-4.7059613385826768
0
LINE
8
BLACK
6
CONTINUOUS
10
6.4254851181102364
20
-4.7059613385826768
11
6.4255042519685039
21
-4.7059421653543305
0
LINE
8
BLACK
6
CONTINUOUS
10
6.4255042519685039
20
-4.7059421653543305
11
6.4255198818897634
21
-4.7058851574803144
0
LINE
8
BLACK
6
CONTINUOUS
10
6.4255198818897634
20
-4.7058851574803144
11
6.4262697637795272
21
-4.7043853149606294
0
LINE
8
BLACK
6
CONTINUOUS
10
6.4262697637795272
20
-4.7043853149606294
11
6.4263857086614173
21
-4.704235905511811
0
LINE
8
BLACK
6
CONTINUOUS
10
6.4263857086614173
20
-4.704235905511811
11
6.4264910236220469
21
-4.7040783070866139
0
LINE
8
BLACK
6
CONTINUOUS
10
6.4264910236220469
20
-4.7040783070866139
11
6.4272409448818895
21
-4.7033284251968501
0
LINE
8
BLACK
6
CONTINUOUS
10
6.4272409448818895
20
-4.7033284251968501
11
6.4273983858267716
21
-4.7032232283464568
0
LINE
8
BLACK
6
CONTINUOUS
10
6.4273983858267716
20
-4.7032232283464568
11
6.4275478740157475
21
-4.7031072047244091
0
LINE
8
BLACK
6
CONTINUOUS
10
6.4275478740157475
20
-4.7031072047244091
11
6.4290477165354325
21
-4.7023572834645666
0
LINE
8
BLACK
6
CONTINUOUS
10
6.4290477165354325
20
-4.7023572834645666
11
6.4291047244094486
21
-4.7023416535433071
0
LINE
8
BLACK
6
CONTINUOUS
10
6.4291047244094486
20
-4.7023416535433071
11
6.4291238976377949
21
-4.7023225196850396
0
LINE
8
BLACK
6
CONTINUOUS
10
6.4291238976377949
20
-4.7023225196850396
11
6.42930937007874
21
-4.7022855905511811
0
LINE
8
BLACK
6
CONTINUOUS
10
6.42930937007874
20
-4.7022855905511811
11
6.4294922047244096
21
-4.7022355511811025
0
LINE
8
BLACK
6
CONTINUOUS
10
6.4294922047244096
20
-4.7022355511811025
11
6.4295179133858262
21
-4.7022440944881891
0
LINE
8
BLACK
6
CONTINUOUS
10
6.4295179133858262
20
-4.7022440944881891
11
6.4295759055118111
21
-4.7022325984251969
0
LINE
8
BLACK
6
CONTINUOUS
10
6.4295759055118111
20
-4.7022325984251969
11
6.4333254330708662
21
-4.7022325984251969
0
LINE
8
BLACK
6
CONTINUOUS
10
6.4333254330708662
20
-4.7022325984251969
11
6.433383464566929
21
-4.7022441338582679
0
LINE
8
BLACK
6
CONTINUOUS
10
6.433383464566929
20
-4.7022441338582679
11
6.4334091338582677
21
-4.7022355905511812
0
LINE
8
BLACK
6
CONTINUOUS
10
6.4334091338582677
20
-4.7022355905511812
11
6.4335916535433073
21
-4.7022855511811024
0
LINE
8
BLACK
6
CONTINUOUS
10
6.4335916535433073
20
-4.7022855511811024
11
6.4337774409448816
21
-4.7023225196850396
0
LINE
8
BLACK
6
CONTINUOUS
10
6.4337774409448816
20
-4.7023225196850396
11
6.4337965748031491
21
-4.7023416535433071
0
LINE
8
BLACK
6
CONTINUOUS
10
6.4337965748031491
20
-4.7023416535433071
11
6.4338536614173227
21
-4.7023572834645666
0
LINE
8
BLACK
6
CONTINUOUS
10
6.4338536614173227
20
-4.7023572834645666
11
6.4341472047244093
21
-4.7025040551181103
0
LINE
8
BLACK
6
CONTINUOUS
10
6.4341472047244093
20
-4.7025040551181103
11
6.433756377952756
21
-4.6985955511811026
0
LINE
8
BLACK
6
CONTINUOUS
10
6.433756377952756
20
-4.6985955511811026
11
6.4273261811023623
21
-4.6985955511811026
0
LINE
8
BLACK
6
CONTINUOUS
10
6.4273261811023623
20
-4.6985955511811026
11
6.4268741732283461
21
-4.69850562992126
0
LINE
8
BLACK
6
CONTINUOUS
10
6.4268741732283461
20
-4.69850562992126
11
6.4262350000000001
21
-4.6978664566929131
0
LINE
8
BLACK
6
CONTINUOUS
10
6.4262350000000001
20
-4.6978664566929131
11
6.4262350000000001
21
-4.6969624409448816
0
LINE
8
BLACK
6
CONTINUOUS
10
6.4262350000000001
20
-4.6969624409448816
11
6.4268741732283461
21
-4.6963232677165356
0
LINE
8
BLACK
6
CONTINUOUS
10
6.4268741732283461
20
-4.6963232677165356
11
6.4273261811023623
21
-4.696233346456693
0
LINE
8
BLACK
6
CONTINUOUS
10
6.4273261811023623
20
-4.696233346456693
11
6.4348252362204725
21
-4.696233346456693
0
LINE
8
BLACK
6
CONTINUOUS
10
6.4348252362204725
20
-4.696233346456693
11
6.4351077952755906
21
-4.6962895275590553
0
LINE
8
BLACK
6
CONTINUOUS
10
6.4461820078740155
20
-4.6963232677165356
11
6.4465258267716532
21
-4.6963232677165356
0
LINE
8
BLACK
6
CONTINUOUS
10
6.4465258267716532
20
-4.6963232677165356
11
6.4466117716535436
21
-4.6964092125984251
0
LINE
8
BLACK
6
CONTINUOUS
10
6.4466117716535436
20
-4.6964092125984251
11
6.4467309842519684
21
-4.6964330708661413
0
LINE
8
BLACK
6
CONTINUOUS
10
6.4467309842519684
20
-4.6964330708661413
11
6.4470565354330711
21
-4.6967592913385827
0
LINE
8
BLACK
6
CONTINUOUS
10
6.4470565354330711
20
-4.6967592913385827
11
6.4484915748031497
21
-4.6989117716535436
0
LINE
8
BLACK
6
CONTINUOUS
10
6.4484915748031497
20
-4.6989117716535436
11
6.4497730708661418
21
-4.7001932677165357
0
LINE
8
BLACK
6
CONTINUOUS
10
6.4497730708661418
20
-4.7001932677165357
11
6.451101496062992
21
-4.7008574803149603
0
LINE
8
BLACK
6
CONTINUOUS
10
6.451101496062992
20
-4.7008574803149603
11
6.4514655511811023
21
-4.7011400787401572
0
LINE
8
BLACK
6
CONTINUOUS
10
6.4514655511811023
20
-4.7011400787401572
11
6.4517514173228347
21
-4.7019975984251969
0
LINE
8
BLACK
6
CONTINUOUS
10
6.4517514173228347
20
-4.7019975984251969
11
6.4513470866141729
21
-4.7028061811023623
0
LINE
8
BLACK
6
CONTINUOUS
10
6.4513470866141729
20
-4.7028061811023623
11
6.450489566929134
21
-4.7030920472440947
0
LINE
8
BLACK
6
CONTINUOUS
10
6.450489566929134
20
-4.7030920472440947
11
6.4500450787401578
21
-4.7029703149606297
0
LINE
8
BLACK
6
CONTINUOUS
10
6.4500450787401578
20
-4.7029703149606297
11
6.4485452362204727
21
-4.7022203937007871
0
LINE
8
BLACK
6
CONTINUOUS
10
6.4485452362204727
20
-4.7022203937007871
11
6.4483956299212597
21
-4.7021042519685041
0
LINE
8
BLACK
6
CONTINUOUS
10
6.4483956299212597
20
-4.7021042519685041
11
6.4482382677165351
21
-4.7019991338582674
0
LINE
8
BLACK
6
CONTINUOUS
10
6.4482382677165351
20
-4.7019991338582674
11
6.4472549212598427
21
-4.7010157480314962
0
LINE
8
BLACK
6
CONTINUOUS
10
6.4472549212598427
20
-4.7010157480314962
11
6.4472549212598427
21
-4.711981377952756
0
LINE
8
BLACK
6
CONTINUOUS
10
6.4472549212598427
20
-4.711981377952756
11
6.4505732677165355
21
-4.711981377952756
0
LINE
8
BLACK
6
CONTINUOUS
10
6.4505732677165355
20
-4.711981377952756
11
6.4510252755905508
21
-4.7120712992125986
0
LINE
8
BLACK
6
CONTINUOUS
10
6.4510252755905508
20
-4.7120712992125986
11
6.4516644488188977
21
-4.7127104724409445
0
LINE
8
BLACK
6
CONTINUOUS
10
6.4516644488188977
20
-4.7127104724409445
11
6.4516644488188977
21
-4.7136144881889761
0
LINE
8
BLACK
6
CONTINUOUS
10
6.4516644488188977
20
-4.7136144881889761
11
6.4510252755905508
21
-4.7142536614173229
0
LINE
8
BLACK
6
CONTINUOUS
10
6.4510252755905508
20
-4.7142536614173229
11
6.4505732677165355
21
-4.7143435826771656
0
LINE
8
BLACK
6
CONTINUOUS
10
6.4505732677165355
20
-4.7143435826771656
11
6.441574409448819
21
-4.7143435826771656
0
LINE
8
BLACK
6
CONTINUOUS
10
6.441574409448819
20
-4.7143435826771656
11
6.4411224015748028
21
-4.7142536614173229
0
LINE
8
BLACK
6
CONTINUOUS
10
6.4411224015748028
20
-4.7142536614173229
11
6.4404832283464568
21
-4.7136144881889761
0
LINE
8
BLACK
6
CONTINUOUS
10
6.4404832283464568
20
-4.7136144881889761
11
6.4404832283464568
21
-4.7127104724409445
0
LINE
8
BLACK
6
CONTINUOUS
10
6.4404832283464568
20
-4.7127104724409445
11
6.4411224015748028
21
-4.7120712992125986
0
LINE
8
BLACK
6
CONTINUOUS
10
6.4411224015748028
20
-4.7120712992125986
11
6.441574409448819
21
-4.711981377952756
0
LINE
8
BLACK
6
CONTINUOUS
10
6.441574409448819
20
-4.711981377952756
11
6.4448927165354331
21
-4.711981377952756
0
LINE
8
BLACK
6
CONTINUOUS
10
6.4448927165354331
20
-4.711981377952756
11
6.4448927165354331
21
-4.6974144488188978
0
LINE
8
BLACK
6
CONTINUOUS
10
6.4448927165354331
20
-4.6974144488188978
11
6.4449826377952757
21
-4.6969624409448816
0
LINE
8
BLACK
6
CONTINUOUS
10
6.4449826377952757
20
-4.6969624409448816
11
6.4450685826771652
21
-4.6968764566929133
0
LINE
8
BLACK
6
CONTINUOUS
10
6.4450685826771652
20
-4.6968764566929133
11
6.4450924409448813
21
-4.6967572834645672
0
LINE
8
BLACK
6
CONTINUOUS
10
6.4450924409448813
20
-4.6967572834645672
11
6.4453785433070863
21
-4.6965664960629923
0
LINE
8
BLACK
6
CONTINUOUS
10
6.4453785433070863
20
-4.6965664960629923
11
6.4456218110236216
21
-4.6963232677165356
0
LINE
8
BLACK
6
CONTINUOUS
10
6.4456218110236216
20
-4.6963232677165356
11
6.4457433858267716
21
-4.6963232677165356
0
LINE
8
BLACK
6
CONTINUOUS
10
6.4457433858267716
20
-4.6963232677165356
11
6.4458446062992127
21
-4.6962557874015749
0
LINE
8
BLACK
6
CONTINUOUS
10
6.4458446062992127
20
-4.6962557874015749
11
6.4461820078740155
21
-4.6963232677165356
0
LINE
8
BLACK
6
CONTINUOUS
10
6.4612578346456688
20
-4.6962703149606302
11
6.4614454724409445
21
-4.6962939763779525
0
LINE
8
BLACK
6
CONTINUOUS
10
6.4614454724409445
20
-4.6962939763779525
11
6.4636951968503933
21
-4.6970438976377951
0
LINE
8
BLACK
6
CONTINUOUS
10
6.4636951968503933
20
-4.6970438976377951
11
6.4637465748031495
21
-4.6970731889763782
0
LINE
8
BLACK
6
CONTINUOUS
10
6.4637465748031495
20
-4.6970731889763782
11
6.4637736614173225
21
-4.6970731889763782
0
LINE
8
BLACK
6
CONTINUOUS
10
6.4637736614173225
20
-4.6970731889763782
11
6.4639310629921258
21
-4.6971783464566927
0
LINE
8
BLACK
6
CONTINUOUS
10
6.4639310629921258
20
-4.6971783464566927
11
6.464095551181102
21
-4.6972721259842523
0
LINE
8
BLACK
6
CONTINUOUS
10
6.464095551181102
20
-4.6972721259842523
11
6.4641076377952755
21
-4.6972963385826771
0
LINE
8
BLACK
6
CONTINUOUS
10
6.4641076377952755
20
-4.6972963385826771
11
6.4641568503937004
21
-4.697329212598425
0
LINE
8
BLACK
6
CONTINUOUS
10
6.4641568503937004
20
-4.697329212598425
11
6.4656566535433067
21
-4.6988289763779525
0
LINE
8
BLACK
6
CONTINUOUS
10
6.4656566535433067
20
-4.6988289763779525
11
6.4657617716535434
21
-4.6989863385826771
0
LINE
8
BLACK
6
CONTINUOUS
10
6.4657617716535434
20
-4.6989863385826771
11
6.4658779133858264
21
-4.699135984251968
0
LINE
8
BLACK
6
CONTINUOUS
10
6.4658779133858264
20
-4.699135984251968
11
6.4666277952755902
21
-4.7006357874015743
0
LINE
8
BLACK
6
CONTINUOUS
10
6.4666277952755902
20
-4.7006357874015743
11
6.4666619291338581
21
-4.7007605511811024
0
LINE
8
BLACK
6
CONTINUOUS
10
6.4666619291338581
20
-4.7007605511811024
11
6.466717204724409
21
-4.7008775196850392
0
LINE
8
BLACK
6
CONTINUOUS
10
6.466717204724409
20
-4.7008775196850392
11
6.4674671259842516
21
-4.7038771653543305
0
LINE
8
BLACK
6
CONTINUOUS
10
6.4674671259842516
20
-4.7038771653543305
11
6.4674741338582677
21
-4.7040216141732278
0
LINE
8
BLACK
6
CONTINUOUS
10
6.4674741338582677
20
-4.7040216141732278
11
6.4675024015748033
21
-4.7041636220472443
0
LINE
8
BLACK
6
CONTINUOUS
10
6.4675024015748033
20
-4.7041636220472443
11
6.4675024015748033
21
-4.7064133464566931
0
LINE
8
BLACK
6
CONTINUOUS
10
6.4675024015748033
20
-4.7064133464566931
11
6.4674741338582677
21
-4.7065553149606298
0
LINE
8
BLACK
6
CONTINUOUS
10
6.4674741338582677
20
-4.7065553149606298
11
6.4674671259842516
21
-4.7066998031496059
0
LINE
8
BLACK
6
CONTINUOUS
10
6.4674671259842516
20
-4.7066998031496059
11
6.466717204724409
21
-4.7096994094488185
0
LINE
8
BLACK
6
CONTINUOUS
10
6.466717204724409
20
-4.7096994094488185
11
6.4666619291338581
21
-4.7098163385826775
0
LINE
8
BLACK
6
CONTINUOUS
10
6.4666619291338581
20
-4.7098163385826775
11
6.4666277952755902
21
-4.7099411417322834
0
LINE
8
BLACK
6
CONTINUOUS
10
6.4666277952755902
20
-4.7099411417322834
11
6.4658779133858264
21
-4.7114409448818897
0
LINE
8
BLACK
6
CONTINUOUS
10
6.4658779133858264
20
-4.7114409448818897
11
6.4657616535433071
21
-4.7115906692913381
0
LINE
8
BLACK
6
CONTINUOUS
10
6.4657616535433071
20
-4.7115906692913381
11
6.4656566535433067
21
-4.7117479133858264
0
LINE
8
BLACK
6
CONTINUOUS
10
6.4656566535433067
20
-4.7117479133858264
11
6.4641568503937004
21
-4.7132477559055115
0
LINE
8
BLACK
6
CONTINUOUS
10
6.4641568503937004
20
-4.7132477559055115
11
6.4641076377952755
21
-4.7132805905511814
0
LINE
8
BLACK
6
CONTINUOUS
10
6.4641076377952755
20
-4.7132805905511814
11
6.464095551181102
21
-4.7133048425196851
0
LINE
8
BLACK
6
CONTINUOUS
10
6.464095551181102
20
-4.7133048425196851
11
6.4639309055118108
21
-4.7133987007874012
0
LINE
8
BLACK
6
CONTINUOUS
10
6.4639309055118108
20
-4.7133987007874012
11
6.4637736614173225
21
-4.7135037795275592
0
LINE
8
BLACK
6
CONTINUOUS
10
6.4637736614173225
20
-4.7135037795275592
11
6.4637466141732283
21
-4.7135037795275592
0
LINE
8
BLACK
6
CONTINUOUS
10
6.4637466141732283
20
-4.7135037795275592
11
6.4636951968503933
21
-4.7135331102362201
0
LINE
8
BLACK
6
CONTINUOUS
10
6.4636951968503933
20
-4.7135331102362201
11
6.4614454724409445
21
-4.7142829921259839
0
LINE
8
BLACK
6
CONTINUOUS
10
6.4614454724409445
20
-4.7142829921259839
11
6.4612575590551176
21
-4.7143066535433071
0
LINE
8
BLACK
6
CONTINUOUS
10
6.4612575590551176
20
-4.7143066535433071
11
6.4610719685039371
21
-4.7143435826771656
0
LINE
8
BLACK
6
CONTINUOUS
10
6.4610719685039371
20
-4.7143435826771656
11
6.459572125984252
21
-4.7143435826771656
0
LINE
8
BLACK
6
CONTINUOUS
10
6.459572125984252
20
-4.7143435826771656
11
6.4593864960629919
21
-4.7143066535433071
0
LINE
8
BLACK
6
CONTINUOUS
10
6.4593864960629919
20
-4.7143066535433071
11
6.4591986220472437
21
-4.7142829921259839
0
LINE
8
BLACK
6
CONTINUOUS
10
6.4591986220472437
20
-4.7142829921259839
11
6.4569489370078736
21
-4.7135331102362201
0
LINE
8
BLACK
6
CONTINUOUS
10
6.4569489370078736
20
-4.7135331102362201
11
6.4568975590551183
21
-4.7135038188976379
0
LINE
8
BLACK
6
CONTINUOUS
10
6.4568975590551183
20
-4.7135038188976379
11
6.4568704724409445
21
-4.7135038188976379
0
LINE
8
BLACK
6
CONTINUOUS
10
6.4568704724409445
20
-4.7135038188976379
11
6.4567129527559057
21
-4.7133985433070862
0
LINE
8
BLACK
6
CONTINUOUS
10
6.4567129527559057
20
-4.7133985433070862
11
6.4565485826771649
21
-4.7133048425196851
0
LINE
8
BLACK
6
CONTINUOUS
10
6.4565485826771649
20
-4.7133048425196851
11
6.4565364566929135
21
-4.7132805905511814
0
LINE
8
BLACK
6
CONTINUOUS
10
6.4565364566929135
20
-4.7132805905511814
11
6.4564872834645666
21
-4.7132477559055115
0
LINE
8
BLACK
6
CONTINUOUS
10
6.4564872834645666
20
-4.7132477559055115
11
6.4557373622047241
21
-4.712497834645669
0
LINE
8
BLACK
6
CONTINUOUS
10
6.4557373622047241
20
-4.712497834645669
11
6.4554813385826773
21
-4.7121146456692911
0
LINE
8
BLACK
6
CONTINUOUS
10
6.4554813385826773
20
-4.7121146456692911
11
6.4554813385826773
21
-4.711210708661417
0
LINE
8
BLACK
6
CONTINUOUS
10
6.4554813385826773
20
-4.711210708661417
11
6.456120551181102
21
-4.7105714960629923
0
LINE
8
BLACK
6
CONTINUOUS
10
6.456120551181102
20
-4.7105714960629923
11
6.457024488188976
21
-4.7105714960629923
0
LINE
8
BLACK
6
CONTINUOUS
10
6.457024488188976
20
-4.7105714960629923
11
6.4574076771653539
21
-4.7108275196850391
0
LINE
8
BLACK
6
CONTINUOUS
10
6.4574076771653539
20
-4.7108275196850391
11
6.4579603543307087
21
-4.7113801968503939
0
LINE
8
BLACK
6
CONTINUOUS
10
6.4579603543307087
20
-4.7113801968503939
11
6.4597638582677162
21
-4.711981377952756
0
LINE
8
BLACK
6
CONTINUOUS
10
6.4597638582677162
20
-4.711981377952756
11
6.460880236220472
21
-4.711981377952756
0
LINE
8
BLACK
6
CONTINUOUS
10
6.460880236220472
20
-4.711981377952756
11
6.4626837007874016
21
-4.7113802362204726
0
LINE
8
BLACK
6
CONTINUOUS
10
6.4626837007874016
20
-4.7113802362204726
11
6.4638507874015749
21
-4.7102130708661418
0
LINE
8
BLACK
6
CONTINUOUS
10
6.4638507874015749
20
-4.7102130708661418
11
6.4644570078740156
21
-4.7090006692913384
0
LINE
8
BLACK
6
CONTINUOUS
10
6.4644570078740156
20
-4.7090006692913384
11
6.4651401968503937
21
-4.7062679527559057
0
LINE
8
BLACK
6
CONTINUOUS
10
6.4651401968503937
20
-4.7062679527559057
11
6.4651401968503937
21
-4.7043089763779529
0
LINE
8
BLACK
6
CONTINUOUS
10
6.4651401968503937
20
-4.7043089763779529
11
6.4644569685039368
21
-4.7015762204724405
0
LINE
8
BLACK
6
CONTINUOUS
10
6.4644569685039368
20
-4.7015762204724405
11
6.4638507874015749
21
-4.700363818897638
0
LINE
8
BLACK
6
CONTINUOUS
10
6.4638507874015749
20
-4.700363818897638
11
6.4626836614173229
21
-4.6991966535433072
0
LINE
8
BLACK
6
CONTINUOUS
10
6.4626836614173229
20
-4.6991966535433072
11
6.4608803543307083
21
-4.6985955511811026
0
LINE
8
BLACK
6
CONTINUOUS
10
6.4608803543307083
20
-4.6985955511811026
11
6.4597637401574799
21
-4.6985955511811026
0
LINE
8
BLACK
6
CONTINUOUS
10
6.4597637401574799
20
-4.6985955511811026
11
6.4579604330708662
21
-4.6991966535433072
0
LINE
8
BLACK
6
CONTINUOUS
10
6.4579604330708662
20
-4.6991966535433072
11
6.4574076771653539
21
-4.6997494488188973
0
LINE
8
BLACK
6
CONTINUOUS
10
6.4574076771653539
20
-4.6997494488188973
11
6.4570244488188973
21
-4.700005472440945
0
LINE
8
BLACK
6
CONTINUOUS
10
6.4570244488188973
20
-4.700005472440945
11
6.4561205118110232
21
-4.7000054330708663
0
LINE
8
BLACK
6
CONTINUOUS
10
6.4561205118110232
20
-4.7000054330708663
11
6.4554812992125985
21
-4.6993661811023619
0
LINE
8
BLACK
6
CONTINUOUS
10
6.4554812992125985
20
-4.6993661811023619
11
6.4554813385826773
21
-4.6984622440944879
0
LINE
8
BLACK
6
CONTINUOUS
10
6.4554813385826773
20
-4.6984622440944879
11
6.4557373622047241
21
-4.69807905511811
0
LINE
8
BLACK
6
CONTINUOUS
10
6.4557373622047241
20
-4.69807905511811
11
6.4564872834645666
21
-4.6973291732283462
0
LINE
8
BLACK
6
CONTINUOUS
10
6.4564872834645666
20
-4.6973291732283462
11
6.4565364173228348
21
-4.6972962992125984
0
LINE
8
BLACK
6
CONTINUOUS
10
6.4565364173228348
20
-4.6972962992125984
11
6.4565485433070862
21
-4.6972721259842523
0
LINE
8
BLACK
6
CONTINUOUS
10
6.4565485433070862
20
-4.6972721259842523
11
6.456712913385827
21
-4.6971783858267715
0
LINE
8
BLACK
6
CONTINUOUS
10
6.456712913385827
20
-4.6971783858267715
11
6.4568705118110232
21
-4.6970731496062994
0
LINE
8
BLACK
6
CONTINUOUS
10
6.4568705118110232
20
-4.6970731496062994
11
6.4568975984251971
21
-4.6970731496062994
0
LINE
8
BLACK
6
CONTINUOUS
10
6.4568975984251971
20
-4.6970731496062994
11
6.4569489370078736
21
-4.6970438976377951
0
LINE
8
BLACK
6
CONTINUOUS
10
6.4569489370078736
20
-4.6970438976377951
11
6.4591986220472437
21
-4.6962939763779525
0
LINE
8
BLACK
6
CONTINUOUS
10
6.4591986220472437
20
-4.6962939763779525
11
6.4593862204724406
21
-4.6962703149606302
0
LINE
8
BLACK
6
CONTINUOUS
10
6.4593862204724406
20
-4.6962703149606302
11
6.459572125984252
21
-4.696233346456693
0
LINE
8
BLACK
6
CONTINUOUS
10
6.459572125984252
20
-4.696233346456693
11
6.4610719685039371
21
-4.696233346456693
0
LINE
8
BLACK
6
CONTINUOUS
10
6.4610719685039371
20
-4.696233346456693
11
6.4612578346456688
21
-4.6962703149606302
0
LINE
8
BLACK
6
CONTINUOUS
10
6.4786981889763782
20
-4.6884333070866138
11
6.4797635433070866
21
-4.6894986614173231
0
LINE
8
BLACK
6
CONTINUOUS
10
6.4797635433070866
20
-4.6894986614173231
11
6.4799133858267712
21
-4.6902519685039366
0
LINE
8
BLACK
6
CONTINUOUS
10
6.4799133858267712
20
-4.6902519685039366
11
6.4799133858267712
21
-4.7217480314960625
0
LINE
8
BLACK
6
CONTINUOUS
10
6.4799133858267712
20
-4.7217480314960625
11
6.4797635433070866
21
-4.7225013385826768
0
LINE
8
BLACK
6
CONTINUOUS
10
6.4797635433070866
20
-4.7225013385826768
11
6.4786981889763782
21
-4.7235666929133862
0
LINE
8
BLACK
6
CONTINUOUS
10
6.4786981889763782
20
-4.7235666929133862
11
6.4779448818897638
21
-4.7237165354330708
0
LINE
8
BLACK
6
CONTINUOUS
10
6.4779448818897638
20
-4.7237165354330708
11
6.4149527559055119
21
-4.7237165354330708
0
LINE
8
BLACK
6
CONTINUOUS
10
6.4149527559055119
20
-4.7237165354330708
11
6.4141994488188976
21
-4.7235666929133862
0
LINE
8
BLACK
6
CONTINUOUS
10
6.4141994488188976
20
-4.7235666929133862
11
6.4131340944881892
21
-4.7225013385826768
0
LINE
8
BLACK
6
CONTINUOUS
10
6.4131340944881892
20
-4.7225013385826768
11
6.4129842519685036
21
-4.7217480314960625
0
LINE
8
BLACK
6
CONTINUOUS
10
6.4129842519685036
20
-4.7217480314960625
11
6.4129842519685036
21
-4.6902519685039366
0
LINE
8
BLACK
6
CONTINUOUS
10
6.4129842519685036
20
-4.6902519685039366
11
6.4131340944881892
21
-4.6894986614173231
0
LINE
8
BLACK
6
CONTINUOUS
10
6.4131340944881892
20
-4.6894986614173231
11
6.4141994488188976
21
-4.6884333070866138
0
LINE
8
BLACK
6
CONTINUOUS
10
6.4141994488188976
20
-4.6884333070866138
11
6.4149527559055119
21
-4.6882834645669291
0
LINE
8
BLACK
6
CONTINUOUS
10
6.4149527559055119
20
-4.6882834645669291
11
6.4779448818897638
21
-4.6882834645669291
0
LINE
8
BLACK
6
CONTINUOUS
10
6.4779448818897638
20
-4.6882834645669291
11
6.4786981889763782
21
-4.6884333070866138
0
LINE
8
BLACK
6
CONTINUOUS
10
6.4169212598425194
20
-4.6922204724409449
11
6.4169212598425194
21
-4.7197795275590551
0
LINE
8
BLACK
6
CONTINUOUS
10
6.4169212598425194
20
-4.7197795275590551
11
6.4759763779527555
21
-4.7197795275590551
0
LINE
8
BLACK
6
CONTINUOUS
10
6.4759763779527555
20
-4.7197795275590551
11
6.4759763779527555
21
-4.6922204724409449
0
LINE
8
BLACK
6
CONTINUOUS
10
6.4759763779527555
20
-4.6922204724409449
11
6.4169212598425194
21
-4.6922204724409449
0
LINE
8
BLACK
6
CONTINUOUS
10
6.5466352755905515
20
-4.700392007874016
11
6.5466524409448814
21
-4.7003862992125987
0
LINE
8
BLACK
6
CONTINUOUS
10
6.5466524409448814
20
-4.7003862992125987
11
6.5467741338582677
21
-4.7004196062992127
0
LINE
8
BLACK
6
CONTINUOUS
10
6.5467741338582677
20
-4.7004196062992127
11
6.5468979921259844
21
-4.7004442519685039
0
LINE
8
BLACK
6
CONTINUOUS
10
6.5468979921259844
20
-4.7004442519685039
11
6.5469107480314959
21
-4.7004570078740153
0
LINE
8
BLACK
6
CONTINUOUS
10
6.5469107480314959
20
-4.7004570078740153
11
6.5469487795275585
21
-4.7004674409448821
0
LINE
8
BLACK
6
CONTINUOUS
10
6.5469487795275585
20
-4.7004674409448821
11
6.5478861811023616
21
-4.7009361023622045
0
LINE
8
BLACK
6
CONTINUOUS
10
6.5478861811023616
20
-4.7009361023622045
11
6.5479860236220473
21
-4.7010135826771648
0
LINE
8
BLACK
6
CONTINUOUS
10
6.5479860236220473
20
-4.7010135826771648
11
6.5480908267716531
21
-4.7010836220472436
0
LINE
8
BLACK
6
CONTINUOUS
10
6.5480908267716531
20
-4.7010836220472436
11
6.5485595275590551
21
-4.7015523228346456
0
LINE
8
BLACK
6
CONTINUOUS
10
6.5485595275590551
20
-4.7015523228346456
11
6.5486295275590551
21
-4.7016570866141727
0
LINE
8
BLACK
6
CONTINUOUS
10
6.5486295275590551
20
-4.7016570866141727
11
6.5487070472440942
21
-4.7017569685039371
0
LINE
8
BLACK
6
CONTINUOUS
10
6.5487070472440942
20
-4.7017569685039371
11
6.5491757086614175
21
-4.7026943700787402
0
LINE
8
BLACK
6
CONTINUOUS
10
6.5491757086614175
20
-4.7026943700787402
11
6.5491861023622047
21
-4.7027323622047241
0
LINE
8
BLACK
6
CONTINUOUS
10
6.5491861023622047
20
-4.7027323622047241
11
6.5491988976377948
21
-4.7027451574803152
0
LINE
8
BLACK
6
CONTINUOUS
10
6.5491988976377948
20
-4.7027451574803152
11
6.5492235039370081
21
-4.7028689763779523
0
LINE
8
BLACK
6
CONTINUOUS
10
6.5492235039370081
20
-4.7028689763779523
11
6.549256850393701
21
-4.7029907086614173
0
LINE
8
BLACK
6
CONTINUOUS
10
6.549256850393701
20
-4.7029907086614173
11
6.5492511023622049
21
-4.7030078346456694
0
LINE
8
BLACK
6
CONTINUOUS
10
6.5492511023622049
20
-4.7030078346456694
11
6.5492588188976377
21
-4.7030464960629921
0
LINE
8
BLACK
6
CONTINUOUS
10
6.5492588188976377
20
-4.7030464960629921
11
6.5492588188976377
21
-4.7049212598425196
0
LINE
8
BLACK
6
CONTINUOUS
10
6.5492588188976377
20
-4.7049212598425196
11
6.5492511023622049
21
-4.7049598818897636
0
LINE
8
BLACK
6
CONTINUOUS
10
6.5492511023622049
20
-4.7049598818897636
11
6.549256850393701
21
-4.7049770472440944
0
LINE
8
BLACK
6
CONTINUOUS
10
6.549256850393701
20
-4.7049770472440944
11
6.5492235039370081
21
-4.7050987401574806
0
LINE
8
BLACK
6
CONTINUOUS
10
6.5492235039370081
20
-4.7050987401574806
11
6.5491988976377948
21
-4.7052225984251965
0
LINE
8
BLACK
6
CONTINUOUS
10
6.5491988976377948
20
-4.7052225984251965
11
6.5491861023622047
21
-4.7052353543307088
0
LINE
8
BLACK
6
CONTINUOUS
10
6.5491861023622047
20
-4.7052353543307088
11
6.5491757086614175
21
-4.7052733858267715
0
LINE
8
BLACK
6
CONTINUOUS
10
6.5491757086614175
20
-4.7052733858267715
11
6.5487070472440942
21
-4.7062107480314959
0
LINE
8
BLACK
6
CONTINUOUS
10
6.5487070472440942
20
-4.7062107480314959
11
6.5486295275590551
21
-4.7063105905511806
0
LINE
8
BLACK
6
CONTINUOUS
10
6.5486295275590551
20
-4.7063105905511806
11
6.5485595275590551
21
-4.7064153937007873
0
LINE
8
BLACK
6
CONTINUOUS
10
6.5485595275590551
20
-4.7064153937007873
11
6.5480908267716531
21
-4.7068840944881885
0
LINE
8
BLACK
6
CONTINUOUS
10
6.5480908267716531
20
-4.7068840944881885
11
6.5479858661417323
21
-4.7069542125984247
0
LINE
8
BLACK
6
CONTINUOUS
10
6.5479858661417323
20
-4.7069542125984247
11
6.5478861811023616
21
-4.7070316141732285
0
LINE
8
BLACK
6
CONTINUOUS
10
6.5478861811023616
20
-4.7070316141732285
11
6.5469487795275585
21
-4.7075003149606296
0
LINE
8
BLACK
6
CONTINUOUS
10
6.5469487795275585
20
-4.7075003149606296
11
6.5469107480314959
21
-4.7075107086614176
0
LINE
8
BLACK
6
CONTINUOUS
10
6.5469107480314959
20
-4.7075107086614176
11
6.5468979921259844
21
-4.7075235039370078
0
LINE
8
BLACK
6
CONTINUOUS
10
6.5468979921259844
20
-4.7075235039370078
11
6.5467742125984252
21
-4.7075481102362202
0
LINE
8
BLACK
6
CONTINUOUS
10
6.5467742125984252
20
-4.7075481102362202
11
6.5466524803149602
21
-4.7075814566929131
0
LINE
8
BLACK
6
CONTINUOUS
10
6.5466524803149602
20
-4.7075814566929131
11
6.5466353149606293
21
-4.7075757086614169
0
LINE
8
BLACK
6
CONTINUOUS
10
6.5466353149606293
20
-4.7075757086614169
11
6.5465966535433067
21
-4.7075834251968507
0
LINE
8
BLACK
6
CONTINUOUS
10
6.5465966535433067
20
-4.7075834251968507
11
6.544253188976378
21
-4.7075834251968507
0
LINE
8
BLACK
6
CONTINUOUS
10
6.544253188976378
20
-4.7075834251968507
11
6.5442144881889766
21
-4.7075757086614169
0
LINE
8
BLACK
6
CONTINUOUS
10
6.5442144881889766
20
-4.7075757086614169
11
6.5441973622047245
21
-4.7075814566929131
0
LINE
8
BLACK
6
CONTINUOUS
10
6.5441973622047245
20
-4.7075814566929131
11
6.5440757480314957
21
-4.7075481102362202
0
LINE
8
BLACK
6
CONTINUOUS
10
6.5440757480314957
20
-4.7075481102362202
11
6.5439518503937002
21
-4.7075235039370078
0
LINE
8
BLACK
6
CONTINUOUS
10
6.5439518503937002
20
-4.7075235039370078
11
6.5439390157480313
21
-4.7075106692913389
0
LINE
8
BLACK
6
CONTINUOUS
10
6.5439390157480313
20
-4.7075106692913389
11
6.5439010236220474
21
-4.7075002755905508
0
LINE
8
BLACK
6
CONTINUOUS
10
6.5439010236220474
20
-4.7075002755905508
11
6.542963661417323
21
-4.7070315748031497
0
LINE
8
BLACK
6
CONTINUOUS
10
6.542963661417323
20
-4.7070315748031497
11
6.5428638976377949
21
-4.706954173228346
0
LINE
8
BLACK
6
CONTINUOUS
10
6.5428638976377949
20
-4.706954173228346
11
6.5427590551181103
21
-4.7068840944881885
0
LINE
8
BLACK
6
CONTINUOUS
10
6.5427590551181103
20
-4.7068840944881885
11
6.5422903543307083
21
-4.7064153937007873
0
LINE
8
BLACK
6
CONTINUOUS
10
6.5422903543307083
20
-4.7064153937007873
11
6.5422201968503932
21
-4.7063104330708656
0
LINE
8
BLACK
6
CONTINUOUS
10
6.5422201968503932
20
-4.7063104330708656
11
6.5421428346456691
21
-4.7062107480314959
0
LINE
8
BLACK
6
CONTINUOUS
10
6.5421428346456691
20
-4.7062107480314959
11
6.5416741732283459
21
-4.7052734251968502
0
LINE
8
BLACK
6
CONTINUOUS
10
6.5416741732283459
20
-4.7052734251968502
11
6.54166374015748
21
-4.7052353937007876
0
LINE
8
BLACK
6
CONTINUOUS
10
6.54166374015748
20
-4.7052353937007876
11
6.5416509448818898
21
-4.7052225984251965
0
LINE
8
BLACK
6
CONTINUOUS
10
6.5416509448818898
20
-4.7052225984251965
11
6.5416262992125986
21
-4.7050986614173231
0
LINE
8
BLACK
6
CONTINUOUS
10
6.5416262992125986
20
-4.7050986614173231
11
6.5415929921259837
21
-4.7049770866141731
0
LINE
8
BLACK
6
CONTINUOUS
10
6.5415929921259837
20
-4.7049770866141731
11
6.541598700787401
21
-4.7049599212598423
0
LINE
8
BLACK
6
CONTINUOUS
10
6.541598700787401
20
-4.7049599212598423
11
6.5415910236220469
21
-4.7049212598425196
0
LINE
8
BLACK
6
CONTINUOUS
10
6.5415910236220469
20
-4.7049212598425196
11
6.5415910236220469
21
-4.7030464960629921
0
LINE
8
BLACK
6
CONTINUOUS
10
6.5415910236220469
20
-4.7030464960629921
11
6.541598700787401
21
-4.7030077952755907
0
LINE
8
BLACK
6
CONTINUOUS
10
6.541598700787401
20
-4.7030077952755907
11
6.5415929921259837
21
-4.7029906692913386
0
LINE
8
BLACK
6
CONTINUOUS
10
6.5415929921259837
20
-4.7029906692913386
11
6.5416262992125986
21
-4.7028688976377948
0
LINE
8
BLACK
6
CONTINUOUS
10
6.5416262992125986
20
-4.7028688976377948
11
6.5416509448818898
21
-4.7027451574803152
0
LINE
8
BLACK
6
CONTINUOUS
10
6.5416509448818898
20
-4.7027451574803152
11
6.5416637007874012
21
-4.7027323622047241
0
LINE
8
BLACK
6
CONTINUOUS
10
6.5416637007874012
20
-4.7027323622047241
11
6.5416741338582671
21
-4.7026943700787402
0
LINE
8
BLACK
6
CONTINUOUS
10
6.5416741338582671
20
-4.7026943700787402
11
6.541912834645669
21
-4.7022168897637791
0
LINE
8
BLACK
6
CONTINUOUS
10
6.541912834645669
20
-4.7022168897637791
11
6.5412956299212599
21
-4.7023711811023619
0
LINE
8
BLACK
6
CONTINUOUS
10
6.5412956299212599
20
-4.7023711811023619
11
6.540067913385827
21
-4.7031896850393702
0
LINE
8
BLACK
6
CONTINUOUS
10
6.540067913385827
20
-4.7031896850393702
11
6.5397446850393699
21
-4.7035129133858264
0
LINE
8
BLACK
6
CONTINUOUS
10
6.5397446850393699
20
-4.7035129133858264
11
6.5394162992125979
21
-4.7041697244094491
0
LINE
8
BLACK
6
CONTINUOUS
10
6.5394162992125979
20
-4.7041697244094491
11
6.5394162992125979
21
-4.705858622047244
0
LINE
8
BLACK
6
CONTINUOUS
10
6.5394162992125979
20
-4.705858622047244
11
6.5393563779527559
21
-4.7061599606299209
0
LINE
8
BLACK
6
CONTINUOUS
10
6.5393563779527559
20
-4.7061599606299209
11
6.5389302362204722
21
-4.7065861023622046
0
LINE
8
BLACK
6
CONTINUOUS
10
6.5389302362204722
20
-4.7065861023622046
11
6.5383275590551175
21
-4.7065861023622046
0
LINE
8
BLACK
6
CONTINUOUS
10
6.5383275590551175
20
-4.7065861023622046
11
6.5379014173228347
21
-4.7061599606299209
0
LINE
8
BLACK
6
CONTINUOUS
10
6.5379014173228347
20
-4.7061599606299209
11
6.5378414960629918
21
-4.705858622047244
0
LINE
8
BLACK
6
CONTINUOUS
10
6.5378414960629918
20
-4.705858622047244
11
6.5378414960629918
21
-4.7039838582677165
0
LINE
8
BLACK
6
CONTINUOUS
10
6.5378414960629918
20
-4.7039838582677165
11
6.5378491732283459
21
-4.7039451574803151
0
LINE
8
BLACK
6
CONTINUOUS
10
6.5378491732283459
20
-4.7039451574803151
11
6.5378434645669286
21
-4.703928031496063
0
LINE
8
BLACK
6
CONTINUOUS
10
6.5378434645669286
20
-4.703928031496063
11
6.5378767716535435
21
-4.7038064173228342
0
LINE
8
BLACK
6
CONTINUOUS
10
6.5378767716535435
20
-4.7038064173228342
11
6.5379014173228347
21
-4.7036825196850396
0
LINE
8
BLACK
6
CONTINUOUS
10
6.5379014173228347
20
-4.7036825196850396
11
6.5379142125984249
21
-4.7036696850393698
0
LINE
8
BLACK
6
CONTINUOUS
10
6.5379142125984249
20
-4.7036696850393698
11
6.5379246456692908
21
-4.7036316929133859
0
LINE
8
BLACK
6
CONTINUOUS
10
6.5379246456692908
20
-4.7036316929133859
11
6.538393307086614
21
-4.7026943700787402
0
LINE
8
BLACK
6
CONTINUOUS
10
6.538393307086614
20
-4.7026943700787402
11
6.5384706692913381
21
-4.7025946456692909
0
LINE
8
BLACK
6
CONTINUOUS
10
6.5384706692913381
20
-4.7025946456692909
11
6.5385408267716532
21
-4.7024897244094488
0
LINE
8
BLACK
6
CONTINUOUS
10
6.5385408267716532
20
-4.7024897244094488
11
6.5390095275590552
21
-4.7020210236220468
0
LINE
8
BLACK
6
CONTINUOUS
10
6.5390095275590552
20
-4.7020210236220468
11
6.5390742913385829
21
-4.7019776771653543
0
LINE
8
BLACK
6
CONTINUOUS
10
6.5390742913385829
20
-4.7019776771653543
11
6.5391295275590551
21
-4.7019226377952759
0
LINE
8
BLACK
6
CONTINUOUS
10
6.5391295275590551
20
-4.7019226377952759
11
6.5405355905511806
21
-4.7009852362204727
0
LINE
8
BLACK
6
CONTINUOUS
10
6.5405355905511806
20
-4.7009852362204727
11
6.5406598818897637
21
-4.7009338582677165
0
LINE
8
BLACK
6
CONTINUOUS
10
6.5406598818897637
20
-4.7009338582677165
11
6.5407814173228349
21
-4.7008764960629916
0
LINE
8
BLACK
6
CONTINUOUS
10
6.5407814173228349
20
-4.7008764960629916
11
6.5426561417322837
21
-4.7004078346456692
0
LINE
8
BLACK
6
CONTINUOUS
10
6.5426561417322837
20
-4.7004078346456692
11
6.5427525590551179
21
-4.7004031102362207
0
LINE
8
BLACK
6
CONTINUOUS
10
6.5427525590551179
20
-4.7004031102362207
11
6.5428471259842516
21
-4.700384330708661
0
LINE
8
BLACK
6
CONTINUOUS
10
6.5428471259842516
20
-4.700384330708661
11
6.5465966535433067
21
-4.700384330708661
0
LINE
8
BLACK
6
CONTINUOUS
10
6.5465966535433067
20
-4.700384330708661
11
6.5466352755905515
21
-4.700392007874016
0
LINE
8
BLACK
6
CONTINUOUS
10
6.5437821653543304
20
-4.7022875590551179
11
6.5434942519685038
21
-4.7025754724409445
0
LINE
8
BLACK
6
CONTINUOUS
10
6.5434942519685038
20
-4.7025754724409445
11
6.543165826771653
21
-4.7032323622047247
0
LINE
8
BLACK
6
CONTINUOUS
10
6.543165826771653
20
-4.7032323622047247
11
6.543165826771653
21
-4.7047353543307082
0
LINE
8
BLACK
6
CONTINUOUS
10
6.543165826771653
20
-4.7047353543307082
11
6.543494212598425
21
-4.7053921653543309
0
LINE
8
BLACK
6
CONTINUOUS
10
6.543494212598425
20
-4.7053921653543309
11
6.5437822440944879
21
-4.7056801968503938
0
LINE
8
BLACK
6
CONTINUOUS
10
6.5437822440944879
20
-4.7056801968503938
11
6.5444390944881885
21
-4.7060086220472437
0
LINE
8
BLACK
6
CONTINUOUS
10
6.5444390944881885
20
-4.7060086220472437
11
6.5464107480314961
21
-4.7060086220472437
0
LINE
8
BLACK
6
CONTINUOUS
10
6.5464107480314961
20
-4.7060086220472437
11
6.5470676377952755
21
-4.7056801574803151
0
LINE
8
BLACK
6
CONTINUOUS
10
6.5470676377952755
20
-4.7056801574803151
11
6.5473555511811021
21
-4.7053922440944884
0
LINE
8
BLACK
6
CONTINUOUS
10
6.5473555511811021
20
-4.7053922440944884
11
6.5476840157480316
21
-4.7047353543307082
0
LINE
8
BLACK
6
CONTINUOUS
10
6.5476840157480316
20
-4.7047353543307082
11
6.5476840157480316
21
-4.7032323622047247
0
LINE
8
BLACK
6
CONTINUOUS
10
6.5476840157480316
20
-4.7032323622047247
11
6.5473555511811021
21
-4.7025754330708658
0
LINE
8
BLACK
6
CONTINUOUS
10
6.5473555511811021
20
-4.7025754330708658
11
6.5470676771653542
21
-4.7022875590551179
0
LINE
8
BLACK
6
CONTINUOUS
10
6.5470676771653542
20
-4.7022875590551179
11
6.5464107480314961
21
-4.701959133858268
0
LINE
8
BLACK
6
CONTINUOUS
10
6.5464107480314961
20
-4.701959133858268
11
6.5444390944881885
21
-4.701959133858268
0
LINE
8
BLACK
6
CONTINUOUS
10
6.5444390944881885
20
-4.701959133858268
11
6.5437821653543304
21
-4.7022875590551179
0
LINE
8
BLACK
6
CONTINUOUS
10
6.548772755905512
20
-4.6929451574803149
11
6.5491988976377948
21
-4.6933712992125987
0
LINE
8
BLACK
6
CONTINUOUS
10
6.5491988976377948
20
-4.6933712992125987
11
6.5492588188976377
21
-4.6936726377952755
0
LINE
8
BLACK
6
CONTINUOUS
10
6.5492588188976377
20
-4.6936726377952755
11
6.5492588188976377
21
-4.6983595669291338
0
LINE
8
BLACK
6
CONTINUOUS
10
6.5492588188976377
20
-4.6983595669291338
11
6.5491988976377948
21
-4.6986609055118107
0
LINE
8
BLACK
6
CONTINUOUS
10
6.5491988976377948
20
-4.6986609055118107
11
6.548772755905512
21
-4.6990870472440944
0
LINE
8
BLACK
6
CONTINUOUS
10
6.548772755905512
20
-4.6990870472440944
11
6.5481700787401573
21
-4.6990870472440944
0
LINE
8
BLACK
6
CONTINUOUS
10
6.5481700787401573
20
-4.6990870472440944
11
6.5477439370078736
21
-4.6986609055118107
0
LINE
8
BLACK
6
CONTINUOUS
10
6.5477439370078736
20
-4.6986609055118107
11
6.5476840157480316
21
-4.6983595669291338
0
LINE
8
BLACK
6
CONTINUOUS
10
6.5476840157480316
20
-4.6983595669291338
11
6.5476840157480316
21
-4.6944600393700791
0
LINE
8
BLACK
6
CONTINUOUS
10
6.5476840157480316
20
-4.6944600393700791
11
6.5386288976377953
21
-4.6944600393700791
0
LINE
8
BLACK
6
CONTINUOUS
10
6.5386288976377953
20
-4.6944600393700791
11
6.5383275590551175
21
-4.6944001181102362
0
LINE
8
BLACK
6
CONTINUOUS
10
6.5383275590551175
20
-4.6944001181102362
11
6.5379014173228347
21
-4.6939739763779524
0
LINE
8
BLACK
6
CONTINUOUS
10
6.5379014173228347
20
-4.6939739763779524
11
6.5379014173228347
21
-4.6933712992125987
0
LINE
8
BLACK
6
CONTINUOUS
10
6.5379014173228347
20
-4.6933712992125987
11
6.5383275590551175
21
-4.6929451574803149
0
LINE
8
BLACK
6
CONTINUOUS
10
6.5383275590551175
20
-4.6929451574803149
11
6.5386288976377953
21
-4.692885236220472
0
LINE
8
BLACK
6
CONTINUOUS
10
6.5386288976377953
20
-4.692885236220472
11
6.5484714173228342
21
-4.692885236220472
0
LINE
8
BLACK
6
CONTINUOUS
10
6.5484714173228342
20
-4.692885236220472
11
6.548772755905512
21
-4.6929451574803149
0
LINE
8
BLACK
6
CONTINUOUS
10
6.5545958267716538
20
-4.6784962992125987
11
6.5556611811023622
21
-4.6795616535433071
0
LINE
8
BLACK
6
CONTINUOUS
10
6.5556611811023622
20
-4.6795616535433071
11
6.5558110236220468
21
-4.6803149606299215
0
LINE
8
BLACK
6
CONTINUOUS
10
6.5558110236220468
20
-4.6803149606299215
11
6.5558110236220468
21
-4.7196850393700789
0
LINE
8
BLACK
6
CONTINUOUS
10
6.5558110236220468
20
-4.7196850393700789
11
6.5556611811023622
21
-4.7204383464566932
0
LINE
8
BLACK
6
CONTINUOUS
10
6.5556611811023622
20
-4.7204383464566932
11
6.5545958267716538
21
-4.7215037007874017
0
LINE
8
BLACK
6
CONTINUOUS
10
6.5545958267716538
20
-4.7215037007874017
11
6.5538425196850394
21
-4.7216535433070863
0
LINE
8
BLACK
6
CONTINUOUS
10
6.5538425196850394
20
-4.7216535433070863
11
6.5341574803149607
21
-4.7216535433070863
0
LINE
8
BLACK
6
CONTINUOUS
10
6.5341574803149607
20
-4.7216535433070863
11
6.5334041732283463
21
-4.7215037007874017
0
LINE
8
BLACK
6
CONTINUOUS
10
6.5334041732283463
20
-4.7215037007874017
11
6.5323388188976379
21
-4.7204383464566932
0
LINE
8
BLACK
6
CONTINUOUS
10
6.5323388188976379
20
-4.7204383464566932
11
6.5321889763779524
21
-4.7196850393700789
0
LINE
8
BLACK
6
CONTINUOUS
10
6.5321889763779524
20
-4.7196850393700789
11
6.5321889763779524
21
-4.6803149606299215
0
LINE
8
BLACK
6
CONTINUOUS
10
6.5321889763779524
20
-4.6803149606299215
11
6.5323388188976379
21
-4.6795616535433071
0
LINE
8
BLACK
6
CONTINUOUS
10
6.5323388188976379
20
-4.6795616535433071
11
6.5334041732283463
21
-4.6784962992125987
0
LINE
8
BLACK
6
CONTINUOUS
10
6.5334041732283463
20
-4.6784962992125987
11
6.5341574803149607
21
-4.6783464566929132
0
LINE
8
BLACK
6
CONTINUOUS
10
6.5341574803149607
20
-4.6783464566929132
11
6.5538425196850394
21
-4.6783464566929132
0
LINE
8
BLACK
6
CONTINUOUS
10
6.5538425196850394
20
-4.6783464566929132
11
6.5545958267716538
21
-4.6784962992125987
0
LINE
8
BLACK
6
CONTINUOUS
10
6.5361259842519681
20
-4.6822834645669289
11
6.5361259842519681
21
-4.7177165354330706
0
LINE
8
BLACK
6
CONTINUOUS
10
6.5361259842519681
20
-4.7177165354330706
11
6.5518740157480311
21
-4.7177165354330706
0
LINE
8
BLACK
6
CONTINUOUS
10
6.5518740157480311
20
-4.7177165354330706
11
6.5518740157480311
21
-4.6822834645669289
0
LINE
8
BLACK
6
CONTINUOUS
10
6.5518740157480311
20
-4.6822834645669289
11
6.5361259842519681
21
-4.6822834645669289
0
LINE
8
BLACK
6
CONTINUOUS
10
5.6450844881889761
20
-4.7009365748031495
11
5.6456048425196848
21
-4.7024976771653542
0
LINE
8
BLACK
6
CONTINUOUS
10
5.6456048425196848
20
-4.7024976771653542
11
5.645383267716535
21
-4.7033067716535433
0
LINE
8
BLACK
6
CONTINUOUS
10
5.645383267716535
20
-4.7033067716535433
11
5.6444451574803152
21
-4.705182952755905
0
LINE
8
BLACK
6
CONTINUOUS
10
5.6444451574803152
20
-4.705182952755905
11
5.6442340157480313
21
-4.705454960629921
0
LINE
8
BLACK
6
CONTINUOUS
10
5.6442340157480313
20
-4.705454960629921
11
5.6440424409448822
21
-4.705741692913386
0
LINE
8
BLACK
6
CONTINUOUS
10
5.6440424409448822
20
-4.705741692913386
11
5.6439603149606299
21
-4.7058238188976373
0
LINE
8
BLACK
6
CONTINUOUS
10
5.6439603149606299
20
-4.7058238188976373
11
5.6553816929133855
21
-4.7058238188976373
0
LINE
8
BLACK
6
CONTINUOUS
10
5.6553816929133855
20
-4.7058238188976373
11
5.6553816929133855
21
-4.7023452362204727
0
LINE
8
BLACK
6
CONTINUOUS
10
5.6553816929133855
20
-4.7023452362204727
11
5.6555453543307088
21
-4.7015224803149609
0
LINE
8
BLACK
6
CONTINUOUS
10
5.6555453543307088
20
-4.7015224803149609
11
5.656708937007874
21
-4.7003588976377948
0
LINE
8
BLACK
6
CONTINUOUS
10
5.656708937007874
20
-4.7003588976377948
11
5.6583544488188977
21
-4.7003588976377948
0
LINE
8
BLACK
6
CONTINUOUS
10
5.6583544488188977
20
-4.7003588976377948
11
5.6595180314960629
21
-4.7015224803149609
0
LINE
8
BLACK
6
CONTINUOUS
10
5.6595180314960629
20
-4.7015224803149609
11
5.6596816929133853
21
-4.7023452362204727
0
LINE
8
BLACK
6
CONTINUOUS
10
5.6596816929133853
20
-4.7023452362204727
11
5.6596816929133853
21
-4.7136023622047247
0
LINE
8
BLACK
6
CONTINUOUS
10
5.6596816929133853
20
-4.7136023622047247
11
5.6595180314960629
21
-4.7144251181102357
0
LINE
8
BLACK
6
CONTINUOUS
10
5.6595180314960629
20
-4.7144251181102357
11
5.6583544488188977
21
-4.7155887007874018
0
LINE
8
BLACK
6
CONTINUOUS
10
5.6583544488188977
20
-4.7155887007874018
11
5.656708937007874
21
-4.7155887007874018
0
LINE
8
BLACK
6
CONTINUOUS
10
5.656708937007874
20
-4.7155887007874018
11
5.6555453543307088
21
-4.7144251181102357
0
LINE
8
BLACK
6
CONTINUOUS
10
5.6555453543307088
20
-4.7144251181102357
11
5.6553816929133855
21
-4.7136023622047247
0
LINE
8
BLACK
6
CONTINUOUS
10
5.6553816929133855
20
-4.7136023622047247
11
5.6553816929133855
21
-4.710123818897638
0
LINE
8
BLACK
6
CONTINUOUS
10
5.6553816929133855
20
-4.710123818897638
11
5.6378316929133856
21
-4.710123818897638
0
LINE
8
BLACK
6
CONTINUOUS
10
5.6378316929133856
20
-4.710123818897638
11
5.6370089370078738
21
-4.7099601574803147
0
LINE
8
BLACK
6
CONTINUOUS
10
5.6370089370078738
20
-4.7099601574803147
11
5.6368524015748029
21
-4.7098036220472439
0
LINE
8
BLACK
6
CONTINUOUS
10
5.6368524015748029
20
-4.7098036220472439
11
5.6366353543307088
21
-4.7097602362204727
0
LINE
8
BLACK
6
CONTINUOUS
10
5.6366353543307088
20
-4.7097602362204727
11
5.6362880314960631
21
-4.709239251968504
0
LINE
8
BLACK
6
CONTINUOUS
10
5.6362880314960631
20
-4.709239251968504
11
5.6358453543307085
21
-4.7087965748031495
0
LINE
8
BLACK
6
CONTINUOUS
10
5.6358453543307085
20
-4.7087965748031495
11
5.6358453543307085
21
-4.7085751968503935
0
LINE
8
BLACK
6
CONTINUOUS
10
5.6358453543307085
20
-4.7085751968503935
11
5.6357225984251968
21
-4.708391062992126
0
LINE
8
BLACK
6
CONTINUOUS
10
5.6357225984251968
20
-4.708391062992126
11
5.6358453543307085
21
-4.7077772047244091
0
LINE
8
BLACK
6
CONTINUOUS
10
5.6358453543307085
20
-4.7077772047244091
11
5.6358453543307085
21
-4.7071510629921258
0
LINE
8
BLACK
6
CONTINUOUS
10
5.6358453543307085
20
-4.7071510629921258
11
5.6360018503937006
21
-4.706994527559055
0
LINE
8
BLACK
6
CONTINUOUS
10
5.6360018503937006
20
-4.706994527559055
11
5.6360452755905515
21
-4.7067774803149609
0
LINE
8
BLACK
6
CONTINUOUS
10
5.6360452755905515
20
-4.7067774803149609
11
5.6366390944881886
21
-4.7061849212598421
0
LINE
8
BLACK
6
CONTINUOUS
10
5.6366390944881886
20
-4.7061849212598421
11
5.6392762598425197
21
-4.7044267322834648
0
LINE
8
BLACK
6
CONTINUOUS
10
5.6392762598425197
20
-4.7044267322834648
11
5.6407551574803145
21
-4.702947834645669
0
LINE
8
BLACK
6
CONTINUOUS
10
5.6407551574803145
20
-4.702947834645669
11
5.6415372440944882
21
-4.7013837007874013
0
LINE
8
BLACK
6
CONTINUOUS
10
5.6415372440944882
20
-4.7013837007874013
11
5.6420516141732282
21
-4.7007210236220471
0
LINE
8
BLACK
6
CONTINUOUS
10
5.6420516141732282
20
-4.7007210236220471
11
5.6436127165354328
21
-4.7002006692913385
0
LINE
8
BLACK
6
CONTINUOUS
10
5.6436127165354328
20
-4.7002006692913385
11
5.6450844881889761
21
-4.7009365748031495
0
LINE
8
BLACK
6
CONTINUOUS
10
5.8904859055118113
20
-4.6382581889763781
11
5.8915164173228343
21
-4.6387734645669294
0
LINE
8
BLACK
6
CONTINUOUS
10
5.8915164173228343
20
-4.6387734645669294
11
5.89227125984252
21
-4.6396438188976381
0
LINE
8
BLACK
6
CONTINUOUS
10
5.89227125984252
20
-4.6396438188976381
11
5.8926355905511807
21
-4.640736811023622
0
LINE
8
BLACK
6
CONTINUOUS
10
5.8926355905511807
20
-4.640736811023622
11
5.8925539370078734
21
-4.6418860236220469
0
LINE
8
BLACK
6
CONTINUOUS
10
5.8925539370078734
20
-4.6418860236220469
11
5.892347047244094
21
-4.6424266141732282
0
LINE
8
BLACK
6
CONTINUOUS
10
5.892347047244094
20
-4.6424266141732282
11
5.8904722834645664
21
-4.6461761417322833
0
LINE
8
BLACK
6
CONTINUOUS
10
5.8904722834645664
20
-4.6461761417322833
11
5.8903162598425194
21
-4.6464239370078735
0
LINE
8
BLACK
6
CONTINUOUS
10
5.8903162598425194
20
-4.6464239370078735
11
5.8902864173228346
21
-4.6464961023622049
0
LINE
8
BLACK
6
CONTINUOUS
10
5.8902864173228346
20
-4.6464961023622049
11
5.8902198031496065
21
-4.6465772440944884
0
LINE
8
BLACK
6
CONTINUOUS
10
5.8902198031496065
20
-4.6465772440944884
11
5.8901639370078742
21
-4.6466660236220472
0
LINE
8
BLACK
6
CONTINUOUS
10
5.8901639370078742
20
-4.6466660236220472
11
5.8901050000000001
21
-4.6467171259842521
0
LINE
8
BLACK
6
CONTINUOUS
10
5.8901050000000001
20
-4.6467171259842521
11
5.8899191732283462
21
-4.6469435433070867
0
LINE
8
BLACK
6
CONTINUOUS
10
5.8899191732283462
20
-4.6469435433070867
11
5.887460787401575
21
-4.649401929133858
0
LINE
8
BLACK
6
CONTINUOUS
10
5.887460787401575
20
-4.649401929133858
11
5.9148747637795278
21
-4.649401929133858
0
LINE
8
BLACK
6
CONTINUOUS
10
5.9148747637795278
20
-4.649401929133858
11
5.9148747637795278
21
-4.6411061023622047
0
LINE
8
BLACK
6
CONTINUOUS
10
5.9148747637795278
20
-4.6411061023622047
11
5.9149314960629917
21
-4.6405300393700788
0
LINE
8
BLACK
6
CONTINUOUS
10
5.9149314960629917
20
-4.6405300393700788
11
5.9153724015748033
21
-4.6394656299212595
0
LINE
8
BLACK
6
CONTINUOUS
10
5.9153724015748033
20
-4.6394656299212595
11
5.9161870472440947
21
-4.6386509842519681
0
LINE
8
BLACK
6
CONTINUOUS
10
5.9161870472440947
20
-4.6386509842519681
11
5.9172514566929131
21
-4.6382100787401574
0
LINE
8
BLACK
6
CONTINUOUS
10
5.9172514566929131
20
-4.6382100787401574
11
5.9184035826771648
21
-4.6382100787401574
0
LINE
8
BLACK
6
CONTINUOUS
10
5.9184035826771648
20
-4.6382100787401574
11
5.9194679921259841
21
-4.6386509842519681
0
LINE
8
BLACK
6
CONTINUOUS
10
5.9194679921259841
20
-4.6386509842519681
11
5.9202826377952755
21
-4.6394656299212595
0
LINE
8
BLACK
6
CONTINUOUS
10
5.9202826377952755
20
-4.6394656299212595
11
5.9207235433070862
21
-4.6405300393700788
0
LINE
8
BLACK
6
CONTINUOUS
10
5.9207235433070862
20
-4.6405300393700788
11
5.920780275590551
21
-4.6411061023622047
0
LINE
8
BLACK
6
CONTINUOUS
10
5.920780275590551
20
-4.6411061023622047
11
5.920780275590551
21
-4.6636032677165353
0
LINE
8
BLACK
6
CONTINUOUS
10
5.920780275590551
20
-4.6636032677165353
11
5.9207235433070862
21
-4.6641793307086612
0
LINE
8
BLACK
6
CONTINUOUS
10
5.9207235433070862
20
-4.6641793307086612
11
5.9202826377952755
21
-4.6652437401574804
0
LINE
8
BLACK
6
CONTINUOUS
10
5.9202826377952755
20
-4.6652437401574804
11
5.9194679921259841
21
-4.6660583858267719
0
LINE
8
BLACK
6
CONTINUOUS
10
5.9194679921259841
20
-4.6660583858267719
11
5.9184035826771648
21
-4.6664992913385825
0
LINE
8
BLACK
6
CONTINUOUS
10
5.9184035826771648
20
-4.6664992913385825
11
5.9172514566929131
21
-4.6664992913385825
0
LINE
8
BLACK
6
CONTINUOUS
10
5.9172514566929131
20
-4.6664992913385825
11
5.9161870472440947
21
-4.6660583858267719
0
LINE
8
BLACK
6
CONTINUOUS
10
5.9161870472440947
20
-4.6660583858267719
11
5.9153724015748033
21
-4.6652437401574804
0
LINE
8
BLACK
6
CONTINUOUS
10
5.9153724015748033
20
-4.6652437401574804
11
5.9149314960629917
21
-4.6641793307086612
0
LINE
8
BLACK
6
CONTINUOUS
10
5.9149314960629917
20
-4.6641793307086612
11
5.9148747637795278
21
-4.6636032677165353
0
LINE
8
BLACK
6
CONTINUOUS
10
5.9148747637795278
20
-4.6636032677165353
11
5.9148747637795278
21
-4.655307440944882
0
LINE
8
BLACK
6
CONTINUOUS
10
5.9148747637795278
20
-4.655307440944882
11
5.8784574409448815
21
-4.655307440944882
0
LINE
8
BLACK
6
CONTINUOUS
10
5.8784574409448815
20
-4.655307440944882
11
5.8784553543307085
21
-4.6553072047244095
0
LINE
8
BLACK
6
CONTINUOUS
10
5.8784553543307085
20
-4.6553072047244095
11
5.878454330708661
21
-4.655307440944882
0
LINE
8
BLACK
6
CONTINUOUS
10
5.878454330708661
20
-4.655307440944882
11
5.8784512992125979
21
-4.655306811023622
0
LINE
8
BLACK
6
CONTINUOUS
10
5.8784512992125979
20
-4.655306811023622
11
5.8778813779527557
21
-4.6552507086614172
0
LINE
8
BLACK
6
CONTINUOUS
10
5.8778813779527557
20
-4.6552507086614172
11
5.8776112598425199
21
-4.6551388188976377
0
LINE
8
BLACK
6
CONTINUOUS
10
5.8776112598425199
20
-4.6551388188976377
11
5.8773246456692911
21
-4.6550814960629916
0
LINE
8
BLACK
6
CONTINUOUS
10
5.8773246456692911
20
-4.6550814960629916
11
5.8770842519685038
21
-4.6549205118110235
0
LINE
8
BLACK
6
CONTINUOUS
10
5.8770842519685038
20
-4.6549205118110235
11
5.8768169685039373
21
-4.6548098031496066
0
LINE
8
BLACK
6
CONTINUOUS
10
5.8768169685039373
20
-4.6548098031496066
11
5.876610236220472
21
-4.6546030708661412
0
LINE
8
BLACK
6
CONTINUOUS
10
5.876610236220472
20
-4.6546030708661412
11
5.8763673622047241
21
-4.6544404330708664
0
LINE
8
BLACK
6
CONTINUOUS
10
5.8763673622047241
20
-4.6544404330708664
11
5.8762068503937011
21
-4.6541996850393703
0
LINE
8
BLACK
6
CONTINUOUS
10
5.8762068503937011
20
-4.6541996850393703
11
5.8760023228346459
21
-4.6539951574803151
0
LINE
8
BLACK
6
CONTINUOUS
10
5.8760023228346459
20
-4.6539951574803151
11
5.8758904330708663
21
-4.6537250393700784
0
LINE
8
BLACK
6
CONTINUOUS
10
5.8758904330708663
20
-4.6537250393700784
11
5.8757282677165357
21
-4.6534818110236218
0
LINE
8
BLACK
6
CONTINUOUS
10
5.8757282677165357
20
-4.6534818110236218
11
5.8756721259842521
21
-4.6531979921259845
0
LINE
8
BLACK
6
CONTINUOUS
10
5.8756721259842521
20
-4.6531979921259845
11
5.8755614173228343
21
-4.6529307480314959
0
LINE
8
BLACK
6
CONTINUOUS
10
5.8755614173228343
20
-4.6529307480314959
11
5.8755614173228343
21
-4.6526383464566932
0
LINE
8
BLACK
6
CONTINUOUS
10
5.8755614173228343
20
-4.6526383464566932
11
5.8755046850393695
21
-4.6523515748031494
0
LINE
8
BLACK
6
CONTINUOUS
10
5.8755046850393695
20
-4.6523515748031494
11
5.8755614173228343
21
-4.6520679133858263
0
LINE
8
BLACK
6
CONTINUOUS
10
5.8755614173228343
20
-4.6520679133858263
11
5.8755614173228343
21
-4.6517786220472441
0
LINE
8
BLACK
6
CONTINUOUS
10
5.8755614173228343
20
-4.6517786220472441
11
5.8756732677165351
21
-4.6515085039370074
0
LINE
8
BLACK
6
CONTINUOUS
10
5.8756732677165351
20
-4.6515085039370074
11
5.8757306299212599
21
-4.6512218897637796
0
LINE
8
BLACK
6
CONTINUOUS
10
5.8757306299212599
20
-4.6512218897637796
11
5.8758915748031493
21
-4.6509814960629923
0
LINE
8
BLACK
6
CONTINUOUS
10
5.8758915748031493
20
-4.6509814960629923
11
5.8760023228346459
21
-4.6507142125984249
0
LINE
8
BLACK
6
CONTINUOUS
10
5.8760023228346459
20
-4.6507142125984249
11
5.8762090157480316
21
-4.6505074803149604
0
LINE
8
BLACK
6
CONTINUOUS
10
5.8762090157480316
20
-4.6505074803149604
11
5.876371692913386
21
-4.6502646062992126
0
LINE
8
BLACK
6
CONTINUOUS
10
5.876371692913386
20
-4.6502646062992126
11
5.8768149212598422
21
-4.6499015748031498
0
LINE
8
BLACK
6
CONTINUOUS
10
5.8768149212598422
20
-4.6499015748031498
11
5.8768169685039373
21
-4.6498995669291334
0
LINE
8
BLACK
6
CONTINUOUS
10
5.8768169685039373
20
-4.6498995669291334
11
5.876817834645669
21
-4.6498991732283468
0
LINE
8
BLACK
6
CONTINUOUS
10
5.876817834645669
20
-4.6498991732283468
11
5.8768195275590553
21
-4.6498978346456692
0
LINE
8
BLACK
6
CONTINUOUS
10
5.8768195275590553
20
-4.6498978346456692
11
5.8822005511811026
21
-4.6463104724409447
0
LINE
8
BLACK
6
CONTINUOUS
10
5.8822005511811026
20
-4.6463104724409447
11
5.8854045275590554
21
-4.6431065354330707
0
LINE
8
BLACK
6
CONTINUOUS
10
5.8854045275590554
20
-4.6431065354330707
11
5.8870649999999998
21
-4.6397855905511811
0
LINE
8
BLACK
6
CONTINUOUS
10
5.8870649999999998
20
-4.6397855905511811
11
5.8873733464566929
21
-4.6392957086614173
0
LINE
8
BLACK
6
CONTINUOUS
10
5.8873733464566929
20
-4.6392957086614173
11
5.8882437401574803
21
-4.6385408661417324
0
LINE
8
BLACK
6
CONTINUOUS
10
5.8882437401574803
20
-4.6385408661417324
11
5.8893366929133855
21
-4.6381765354330708
0
LINE
8
BLACK
6
CONTINUOUS
10
5.8893366929133855
20
-4.6381765354330708
11
5.8904859055118113
21
-4.6382581889763781
0
LINE
8
BLACK
6
CONTINUOUS
10
5.9109044881889758
20
-4.59884
11
5.9110024803149601
21
-4.5988805905511807
0
LINE
8
BLACK
6
CONTINUOUS
10
5.9110024803149601
20
-4.5988805905511807
11
5.9111083070866144
21
-4.5988881102362207
0
LINE
8
BLACK
6
CONTINUOUS
10
5.9111083070866144
20
-4.5988881102362207
11
5.9116489370078735
21
-4.5990950000000002
0
LINE
8
BLACK
6
CONTINUOUS
10
5.9116489370078735
20
-4.5990950000000002
11
5.9153984645669286
21
-4.6009697637795277
0
LINE
8
BLACK
6
CONTINUOUS
10
5.9153984645669286
20
-4.6009697637795277
11
5.9156463385826772
21
-4.6011257874015747
0
LINE
8
BLACK
6
CONTINUOUS
10
5.9156463385826772
20
-4.6011257874015747
11
5.9157183858267715
21
-4.6011556299212595
0
LINE
8
BLACK
6
CONTINUOUS
10
5.9157183858267715
20
-4.6011556299212595
11
5.9157994094488187
21
-4.6012221259842523
0
LINE
8
BLACK
6
CONTINUOUS
10
5.9157994094488187
20
-4.6012221259842523
11
5.9158883464566925
21
-4.6012781102362208
0
LINE
8
BLACK
6
CONTINUOUS
10
5.9158883464566925
20
-4.6012781102362208
11
5.9159394881889762
21
-4.6013370866141727
0
LINE
8
BLACK
6
CONTINUOUS
10
5.9159394881889762
20
-4.6013370866141727
11
5.9161658267716533
21
-4.6015228346456691
0
LINE
8
BLACK
6
CONTINUOUS
10
5.9161658267716533
20
-4.6015228346456691
11
5.9180406299212596
21
-4.6033975984251967
0
LINE
8
BLACK
6
CONTINUOUS
10
5.9180406299212596
20
-4.6033975984251967
11
5.918226377952756
21
-4.6036239370078738
0
LINE
8
BLACK
6
CONTINUOUS
10
5.918226377952756
20
-4.6036239370078738
11
5.9182854330708663
21
-4.603675157480315
0
LINE
8
BLACK
6
CONTINUOUS
10
5.9182854330708663
20
-4.603675157480315
11
5.9183414173228348
21
-4.6037640944881888
0
LINE
8
BLACK
6
CONTINUOUS
10
5.9183414173228348
20
-4.6037640944881888
11
5.918407874015748
21
-4.6038450787401572
0
LINE
8
BLACK
6
CONTINUOUS
10
5.918407874015748
20
-4.6038450787401572
11
5.918437677165354
21
-4.6039170078740153
0
LINE
8
BLACK
6
CONTINUOUS
10
5.918437677165354
20
-4.6039170078740153
11
5.9185937795275585
21
-4.6041650393700788
0
LINE
8
BLACK
6
CONTINUOUS
10
5.9185937795275585
20
-4.6041650393700788
11
5.9204685433070861
21
-4.6079145669291339
0
LINE
8
BLACK
6
CONTINUOUS
10
5.9204685433070861
20
-4.6079145669291339
11
5.9206754330708664
21
-4.6084551574803152
0
LINE
8
BLACK
6
CONTINUOUS
10
5.9206754330708664
20
-4.6084551574803152
11
5.9206829527559055
21
-4.6085610236220473
0
LINE
8
BLACK
6
CONTINUOUS
10
5.9206829527559055
20
-4.6085610236220473
11
5.9207235433070862
21
-4.6086590157480316
0
LINE
8
BLACK
6
CONTINUOUS
10
5.9207235433070862
20
-4.6086590157480316
11
5.920780275590551
21
-4.6092350787401575
0
LINE
8
BLACK
6
CONTINUOUS
10
5.920780275590551
20
-4.6092350787401575
11
5.920780275590551
21
-4.6167341338582677
0
LINE
8
BLACK
6
CONTINUOUS
10
5.920780275590551
20
-4.6167341338582677
11
5.9207235433070862
21
-4.6173101968503936
0
LINE
8
BLACK
6
CONTINUOUS
10
5.9207235433070862
20
-4.6173101968503936
11
5.9206829527559055
21
-4.6174081496062991
0
LINE
8
BLACK
6
CONTINUOUS
10
5.9206829527559055
20
-4.6174081496062991
11
5.9206754330708664
21
-4.61751405511811
0
LINE
8
BLACK
6
CONTINUOUS
10
5.9206754330708664
20
-4.61751405511811
11
5.9204685433070861
21
-4.6180546456692912
0
LINE
8
BLACK
6
CONTINUOUS
10
5.9204685433070861
20
-4.6180546456692912
11
5.9185937795275585
21
-4.6218041732283464
0
LINE
8
BLACK
6
CONTINUOUS
10
5.9185937795275585
20
-4.6218041732283464
11
5.918437677165354
21
-4.6220521653543303
0
LINE
8
BLACK
6
CONTINUOUS
10
5.918437677165354
20
-4.6220521653543303
11
5.918407874015748
21
-4.6221241338582679
0
LINE
8
BLACK
6
CONTINUOUS
10
5.918407874015748
20
-4.6221241338582679
11
5.9183414173228348
21
-4.6222050787401576
0
LINE
8
BLACK
6
CONTINUOUS
10
5.9183414173228348
20
-4.6222050787401576
11
5.9182854330708663
21
-4.6222940551181102
0
LINE
8
BLACK
6
CONTINUOUS
10
5.9182854330708663
20
-4.6222940551181102
11
5.918226377952756
21
-4.6223452362204727
0
LINE
8
BLACK
6
CONTINUOUS
10
5.918226377952756
20
-4.6223452362204727
11
5.9180406299212596
21
-4.6225716141732285
0
LINE
8
BLACK
6
CONTINUOUS
10
5.9180406299212596
20
-4.6225716141732285
11
5.9161658267716533
21
-4.624446377952756
0
LINE
8
BLACK
6
CONTINUOUS
10
5.9161658267716533
20
-4.624446377952756
11
5.9159394881889762
21
-4.6246320866141728
0
LINE
8
BLACK
6
CONTINUOUS
10
5.9159394881889762
20
-4.6246320866141728
11
5.9158883464566925
21
-4.6246911023622044
0
LINE
8
BLACK
6
CONTINUOUS
10
5.9158883464566925
20
-4.6246911023622044
11
5.9157994094488187
21
-4.6247470472440941
0
LINE
8
BLACK
6
CONTINUOUS
10
5.9157994094488187
20
-4.6247470472440941
11
5.9157183858267715
21
-4.6248135826771657
0
LINE
8
BLACK
6
CONTINUOUS
10
5.9157183858267715
20
-4.6248135826771657
11
5.9156463385826772
21
-4.6248433858267717
0
LINE
8
BLACK
6
CONTINUOUS
10
5.9156463385826772
20
-4.6248433858267717
11
5.9153984645669286
21
-4.6249994488188975
0
LINE
8
BLACK
6
CONTINUOUS
10
5.9153984645669286
20
-4.6249994488188975
11
5.9116489370078735
21
-4.626874212598425
0
LINE
8
BLACK
6
CONTINUOUS
10
5.9116489370078735
20
-4.626874212598425
11
5.9111083070866144
21
-4.6270811023622045
0
LINE
8
BLACK
6
CONTINUOUS
10
5.9111083070866144
20
-4.6270811023622045
11
5.9110024803149601
21
-4.6270885826771648
0
LINE
8
BLACK
6
CONTINUOUS
10
5.9110024803149601
20
-4.6270885826771648
11
5.9109044881889758
21
-4.6271292125984251
0
LINE
8
BLACK
6
CONTINUOUS
10
5.9109044881889758
20
-4.6271292125984251
11
5.91032842519685
21
-4.6271859448818899
0
LINE
8
BLACK
6
CONTINUOUS
10
5.91032842519685
20
-4.6271859448818899
11
5.8784574409448815
21
-4.6271859448818899
0
LINE
8
BLACK
6
CONTINUOUS
10
5.8784574409448815
20
-4.6271859448818899
11
5.8778813779527557
21
-4.6271292125984251
0
LINE
8
BLACK
6
CONTINUOUS
10
5.8778813779527557
20
-4.6271292125984251
11
5.8768169685039373
21
-4.6266883070866145
0
LINE
8
BLACK
6
CONTINUOUS
10
5.8768169685039373
20
-4.6266883070866145
11
5.8760023228346459
21
-4.625873661417323
0
LINE
8
BLACK
6
CONTINUOUS
10
5.8760023228346459
20
-4.625873661417323
11
5.8755614173228343
21
-4.6248092519685038
0
LINE
8
BLACK
6
CONTINUOUS
10
5.8755614173228343
20
-4.6248092519685038
11
5.8755614173228343
21
-4.623657125984252
0
LINE
8
BLACK
6
CONTINUOUS
10
5.8755614173228343
20
-4.623657125984252
11
5.8760023228346459
21
-4.6225927165354328
0
LINE
8
BLACK
6
CONTINUOUS
10
5.8760023228346459
20
-4.6225927165354328
11
5.8768169685039373
21
-4.6217780708661413
0
LINE
8
BLACK
6
CONTINUOUS
10
5.8768169685039373
20
-4.6217780708661413
11
5.8778813779527557
21
-4.6213371653543307
0
LINE
8
BLACK
6
CONTINUOUS
10
5.8778813779527557
20
-4.6213371653543307
11
5.8784574409448815
21
-4.6212804330708659
0
LINE
8
BLACK
6
CONTINUOUS
10
5.8784574409448815
20
-4.6212804330708659
11
5.9096313779527554
21
-4.6212804330708659
0
LINE
8
BLACK
6
CONTINUOUS
10
5.9096313779527554
20
-4.6212804330708659
11
5.912328858267716
21
-4.6199316535433068
0
LINE
8
BLACK
6
CONTINUOUS
10
5.912328858267716
20
-4.6199316535433068
11
5.9135260236220475
21
-4.618734527559055
0
LINE
8
BLACK
6
CONTINUOUS
10
5.9135260236220475
20
-4.618734527559055
11
5.9148747637795278
21
-4.6160370866141731
0
LINE
8
BLACK
6
CONTINUOUS
10
5.9148747637795278
20
-4.6160370866141731
11
5.9148747637795278
21
-4.6099321259842521
0
LINE
8
BLACK
6
CONTINUOUS
10
5.9148747637795278
20
-4.6099321259842521
11
5.9135260236220475
21
-4.6072346456692914
0
LINE
8
BLACK
6
CONTINUOUS
10
5.9135260236220475
20
-4.6072346456692914
11
5.912328858267716
21
-4.6060375196850396
0
LINE
8
BLACK
6
CONTINUOUS
10
5.912328858267716
20
-4.6060375196850396
11
5.9096313779527554
21
-4.6046887795275593
0
LINE
8
BLACK
6
CONTINUOUS
10
5.9096313779527554
20
-4.6046887795275593
11
5.8784574409448815
21
-4.6046887795275593
0
LINE
8
BLACK
6
CONTINUOUS
10
5.8784574409448815
20
-4.6046887795275593
11
5.8778813779527557
21
-4.6046320472440945
0
LINE
8
BLACK
6
CONTINUOUS
10
5.8778813779527557
20
-4.6046320472440945
11
5.8768169685039373
21
-4.6041911417322829
0
LINE
8
BLACK
6
CONTINUOUS
10
5.8768169685039373
20
-4.6041911417322829
11
5.8760023228346459
21
-4.6033764960629924
0
LINE
8
BLACK
6
CONTINUOUS
10
5.8760023228346459
20
-4.6033764960629924
11
5.8755614173228343
21
-4.6023120866141731
0
LINE
8
BLACK
6
CONTINUOUS
10
5.8755614173228343
20
-4.6023120866141731
11
5.8755614173228343
21
-4.6011599606299214
0
LINE
8
BLACK
6
CONTINUOUS
10
5.8755614173228343
20
-4.6011599606299214
11
5.8760023228346459
21
-4.6000955511811021
0
LINE
8
BLACK
6
CONTINUOUS
10
5.8760023228346459
20
-4.6000955511811021
11
5.8768169685039373
21
-4.5992809055118107
0
LINE
8
BLACK
6
CONTINUOUS
10
5.8768169685039373
20
-4.5992809055118107
11
5.8778813779527557
21
-4.59884
0
LINE
8
BLACK
6
CONTINUOUS
10
5.8778813779527557
20
-4.59884
11
5.8784574409448815
21
-4.5987832677165352
0
LINE
8
BLACK
6
CONTINUOUS
10
5.8784574409448815
20
-4.5987832677165352
11
5.91032842519685
21
-4.5987832677165352
0
LINE
8
BLACK
6
CONTINUOUS
10
5.91032842519685
20
-4.5987832677165352
11
5.9109044881889758
21
-4.59884
0
LINE
8
BLACK
6
CONTINUOUS
10
5.9794147244094491
20
-4.5511734645669293
11
5.9804800787401575
21
-4.5522388188976377
0
LINE
8
BLACK
6
CONTINUOUS
10
5.9804800787401575
20
-4.5522388188976377
11
5.9806299212598422
21
-4.5529921259842521
0
LINE
8
BLACK
6
CONTINUOUS
10
5.9806299212598422
20
-4.5529921259842521
11
5.9806299212598422
21
-4.6711023622047243
0
LINE
8
BLACK
6
CONTINUOUS
10
5.9806299212598422
20
-4.6711023622047243
11
5.9804800787401575
21
-4.6718556692913387
0
LINE
8
BLACK
6
CONTINUOUS
10
5.9804800787401575
20
-4.6718556692913387
11
5.9800533858267713
21
-4.672494291338583
0
LINE
8
BLACK
6
CONTINUOUS
10
5.9800533858267713
20
-4.672494291338583
11
5.9406832677165351
21
-4.7118643700787404
0
LINE
8
BLACK
6
CONTINUOUS
10
5.9406832677165351
20
-4.7118643700787404
11
5.9400446456692908
21
-4.7122911023622045
0
LINE
8
BLACK
6
CONTINUOUS
10
5.9400446456692908
20
-4.7122911023622045
11
5.9392913385826773
21
-4.71244094488189
0
LINE
8
BLACK
6
CONTINUOUS
10
5.9392913385826773
20
-4.71244094488189
11
5.8211811023622042
21
-4.71244094488189
0
LINE
8
BLACK
6
CONTINUOUS
10
5.8211811023622042
20
-4.71244094488189
11
5.8204277952755907
21
-4.7122911023622045
0
LINE
8
BLACK
6
CONTINUOUS
10
5.8204277952755907
20
-4.7122911023622045
11
5.8193624409448814
21
-4.7112257480314961
0
LINE
8
BLACK
6
CONTINUOUS
10
5.8193624409448814
20
-4.7112257480314961
11
5.8192125984251968
21
-4.7104724409448817
0
LINE
8
BLACK
6
CONTINUOUS
10
5.8192125984251968
20
-4.7104724409448817
11
5.8192125984251968
21
-4.5529921259842521
0
LINE
8
BLACK
6
CONTINUOUS
10
5.8192125984251968
20
-4.5529921259842521
11
5.8193624409448814
21
-4.5522388188976377
0
LINE
8
BLACK
6
CONTINUOUS
10
5.8193624409448814
20
-4.5522388188976377
11
5.8204277952755907
21
-4.5511734645669293
0
LINE
8
BLACK
6
CONTINUOUS
10
5.8204277952755907
20
-4.5511734645669293
11
5.8211811023622042
21
-4.5510236220472438
0
LINE
8
BLACK
6
CONTINUOUS
10
5.8211811023622042
20
-4.5510236220472438
11
5.9786614173228347
21
-4.5510236220472438
0
LINE
8
BLACK
6
CONTINUOUS
10
5.9786614173228347
20
-4.5510236220472438
11
5.9794147244094491
21
-4.5511734645669293
0
LINE
8
BLACK
6
CONTINUOUS
10
5.8231496062992125
20
-4.5549606299212595
11
5.8231496062992125
21
-4.7085039370078743
0
LINE
8
BLACK
6
CONTINUOUS
10
5.8231496062992125
20
-4.7085039370078743
11
5.9384759842519683
21
-4.7085039370078743
0
LINE
8
BLACK
6
CONTINUOUS
10
5.9384759842519683
20
-4.7085039370078743
11
5.9766929133858264
21
-4.6702869685039365
0
LINE
8
BLACK
6
CONTINUOUS
10
5.9766929133858264
20
-4.6702869685039365
11
5.9766929133858264
21
-4.5549606299212595
0
LINE
8
BLACK
6
CONTINUOUS
10
5.9766929133858264
20
-4.5549606299212595
11
5.8231496062992125
21
-4.5549606299212595
0
LINE
8
BLACK
6
CONTINUOUS
10
6.0845588976377956
20
-4.6925628346456696
11
6.0849850393700784
21
-4.6929889763779524
0
LINE
8
BLACK
6
CONTINUOUS
10
6.0849850393700784
20
-4.6929889763779524
11
6.0849850393700784
21
-4.6935916535433071
0
LINE
8
BLACK
6
CONTINUOUS
10
6.0849850393700784
20
-4.6935916535433071
11
6.0845588976377956
21
-4.6940177952755908
0
LINE
8
BLACK
6
CONTINUOUS
10
6.0845588976377956
20
-4.6940177952755908
11
6.0842575590551178
21
-4.6940777165354328
0
LINE
8
BLACK
6
CONTINUOUS
10
6.0842575590551178
20
-4.6940777165354328
11
6.0798998031496065
21
-4.6940777165354328
0
LINE
8
BLACK
6
CONTINUOUS
10
6.0798998031496065
20
-4.6940777165354328
11
6.0820380314960625
21
-4.6965213385826772
0
LINE
8
BLACK
6
CONTINUOUS
10
6.0820380314960625
20
-4.6965213385826772
11
6.0821497244094491
21
-4.6967153149606302
0
LINE
8
BLACK
6
CONTINUOUS
10
6.0821497244094491
20
-4.6967153149606302
11
6.0821729133858264
21
-4.6967385039370075
0
LINE
8
BLACK
6
CONTINUOUS
10
6.0821729133858264
20
-4.6967385039370075
11
6.0821729133858264
21
-4.6967555511811021
0
LINE
8
BLACK
6
CONTINUOUS
10
6.0821729133858264
20
-4.6967555511811021
11
6.0821913385826774
21
-4.6967875590551182
0
LINE
8
BLACK
6
CONTINUOUS
10
6.0821913385826774
20
-4.6967875590551182
11
6.0821729133858264
21
-4.6970639763779527
0
LINE
8
BLACK
6
CONTINUOUS
10
6.0821729133858264
20
-4.6970639763779527
11
6.0821729133858264
21
-4.6973411811023622
0
LINE
8
BLACK
6
CONTINUOUS
10
6.0821729133858264
20
-4.6973411811023622
11
6.0821531102362201
21
-4.6973609448818898
0
LINE
8
BLACK
6
CONTINUOUS
10
6.0821531102362201
20
-4.6973609448818898
11
6.0821512598425196
21
-4.6973888976377953
0
LINE
8
BLACK
6
CONTINUOUS
10
6.0821512598425196
20
-4.6973888976377953
11
6.0819427559055113
21
-4.6975713385826774
0
LINE
8
BLACK
6
CONTINUOUS
10
6.0819427559055113
20
-4.6975713385826774
11
6.0817467716535436
21
-4.6977673228346459
0
LINE
8
BLACK
6
CONTINUOUS
10
6.0817467716535436
20
-4.6977673228346459
11
6.0817105118110231
21
-4.6977744881889762
0
LINE
8
BLACK
6
CONTINUOUS
10
6.0817105118110231
20
-4.6977744881889762
11
6.0816977165354329
21
-4.697785748031496
0
LINE
8
BLACK
6
CONTINUOUS
10
6.0816977165354329
20
-4.697785748031496
11
6.0816650393700789
21
-4.6977835433070867
0
LINE
8
BLACK
6
CONTINUOUS
10
6.0816650393700789
20
-4.6977835433070867
11
6.0814454330708658
21
-4.6978272440944879
0
LINE
8
BLACK
6
CONTINUOUS
10
6.0814454330708658
20
-4.6978272440944879
11
6.0802252362204721
21
-4.6978272440944879
0
LINE
8
BLACK
6
CONTINUOUS
10
6.0802252362204721
20
-4.6978272440944879
11
6.0795683858267715
21
-4.6981556692913387
0
LINE
8
BLACK
6
CONTINUOUS
10
6.0795683858267715
20
-4.6981556692913387
11
6.0792803543307086
21
-4.6984436614173228
0
LINE
8
BLACK
6
CONTINUOUS
10
6.0792803543307086
20
-4.6984436614173228
11
6.0789519685039366
21
-4.6991004724409446
0
LINE
8
BLACK
6
CONTINUOUS
10
6.0789519685039366
20
-4.6991004724409446
11
6.0789519685039366
21
-4.701072165354331
0
LINE
8
BLACK
6
CONTINUOUS
10
6.0789519685039366
20
-4.701072165354331
11
6.0792803937007873
21
-4.7017290551181103
0
LINE
8
BLACK
6
CONTINUOUS
10
6.0792803937007873
20
-4.7017290551181103
11
6.079568307086614
21
-4.702016968503937
0
LINE
8
BLACK
6
CONTINUOUS
10
6.079568307086614
20
-4.702016968503937
11
6.0802252362204721
21
-4.7023454330708656
0
LINE
8
BLACK
6
CONTINUOUS
10
6.0802252362204721
20
-4.7023454330708656
11
6.0826655905511808
21
-4.7023454330708656
0
LINE
8
BLACK
6
CONTINUOUS
10
6.0826655905511808
20
-4.7023454330708656
11
6.0833224803149601
21
-4.702016968503937
0
LINE
8
BLACK
6
CONTINUOUS
10
6.0833224803149601
20
-4.702016968503937
11
6.0837007874015745
21
-4.7016387007874014
0
LINE
8
BLACK
6
CONTINUOUS
10
6.0837007874015745
20
-4.7016387007874014
11
6.0839562204724409
21
-4.7014679921259841
0
LINE
8
BLACK
6
CONTINUOUS
10
6.0839562204724409
20
-4.7014679921259841
11
6.0845588976377956
21
-4.7014679921259841
0
LINE
8
BLACK
6
CONTINUOUS
10
6.0845588976377956
20
-4.7014679921259841
11
6.0849850393700784
21
-4.7018941338582678
0
LINE
8
BLACK
6
CONTINUOUS
10
6.0849850393700784
20
-4.7018941338582678
11
6.0849850393700784
21
-4.7024968110236216
0
LINE
8
BLACK
6
CONTINUOUS
10
6.0849850393700784
20
-4.7024968110236216
11
6.0848143307086611
21
-4.702752244094488
0
LINE
8
BLACK
6
CONTINUOUS
10
6.0848143307086611
20
-4.702752244094488
11
6.0843456299212599
21
-4.70322094488189
0
LINE
8
BLACK
6
CONTINUOUS
10
6.0843456299212599
20
-4.70322094488189
11
6.0842408267716532
21
-4.70329094488189
0
LINE
8
BLACK
6
CONTINUOUS
10
6.0842408267716532
20
-4.70329094488189
11
6.0841409842519685
21
-4.7033684645669291
0
LINE
8
BLACK
6
CONTINUOUS
10
6.0841409842519685
20
-4.7033684645669291
11
6.0832036220472441
21
-4.7038371259842515
0
LINE
8
BLACK
6
CONTINUOUS
10
6.0832036220472441
20
-4.7038371259842515
11
6.0831655905511806
21
-4.7038475196850396
0
LINE
8
BLACK
6
CONTINUOUS
10
6.0831655905511806
20
-4.7038475196850396
11
6.0831528346456691
21
-4.7038603149606297
0
LINE
8
BLACK
6
CONTINUOUS
10
6.0831528346456691
20
-4.7038603149606297
11
6.0830289763779524
21
-4.7038849212598421
0
LINE
8
BLACK
6
CONTINUOUS
10
6.0830289763779524
20
-4.7038849212598421
11
6.082907283464567
21
-4.703918267716535
0
LINE
8
BLACK
6
CONTINUOUS
10
6.082907283464567
20
-4.703918267716535
11
6.0828901181102362
21
-4.7039125196850389
0
LINE
8
BLACK
6
CONTINUOUS
10
6.0828901181102362
20
-4.7039125196850389
11
6.0828514960629922
21
-4.7039202362204726
0
LINE
8
BLACK
6
CONTINUOUS
10
6.0828514960629922
20
-4.7039202362204726
11
6.0800393307086615
21
-4.7039202362204726
0
LINE
8
BLACK
6
CONTINUOUS
10
6.0800393307086615
20
-4.7039202362204726
11
6.0800006692913389
21
-4.7039125196850389
0
LINE
8
BLACK
6
CONTINUOUS
10
6.0800006692913389
20
-4.7039125196850389
11
6.0799835433070868
21
-4.703918267716535
0
LINE
8
BLACK
6
CONTINUOUS
10
6.0799835433070868
20
-4.703918267716535
11
6.0798618110236218
21
-4.7038849212598421
0
LINE
8
BLACK
6
CONTINUOUS
10
6.0798618110236218
20
-4.7038849212598421
11
6.0797379921259838
21
-4.7038603149606297
0
LINE
8
BLACK
6
CONTINUOUS
10
6.0797379921259838
20
-4.7038603149606297
11
6.0797251968503936
21
-4.7038475196850396
0
LINE
8
BLACK
6
CONTINUOUS
10
6.0797251968503936
20
-4.7038475196850396
11
6.0796872047244097
21
-4.7038371259842515
0
LINE
8
BLACK
6
CONTINUOUS
10
6.0796872047244097
20
-4.7038371259842515
11
6.0787498425196853
21
-4.7033684645669291
0
LINE
8
BLACK
6
CONTINUOUS
10
6.0787498425196853
20
-4.7033684645669291
11
6.0786499606299209
21
-4.70329094488189
0
LINE
8
BLACK
6
CONTINUOUS
10
6.0786499606299209
20
-4.70329094488189
11
6.0785451968503939
21
-4.70322094488189
0
LINE
8
BLACK
6
CONTINUOUS
10
6.0785451968503939
20
-4.70322094488189
11
6.0780764960629918
21
-4.702752244094488
0
LINE
8
BLACK
6
CONTINUOUS
10
6.0780764960629918
20
-4.702752244094488
11
6.0780063385826768
21
-4.7026472834645672
0
LINE
8
BLACK
6
CONTINUOUS
10
6.0780063385826768
20
-4.7026472834645672
11
6.0779289763779527
21
-4.7025475984251965
0
LINE
8
BLACK
6
CONTINUOUS
10
6.0779289763779527
20
-4.7025475984251965
11
6.0774602755905507
21
-4.7016101968503934
0
LINE
8
BLACK
6
CONTINUOUS
10
6.0774602755905507
20
-4.7016101968503934
11
6.0774498425196848
21
-4.7015721653543308
0
LINE
8
BLACK
6
CONTINUOUS
10
6.0774498425196848
20
-4.7015721653543308
11
6.0774370866141734
21
-4.7015594094488184
0
LINE
8
BLACK
6
CONTINUOUS
10
6.0774370866141734
20
-4.7015594094488184
11
6.0774124409448813
21
-4.7014356299212601
0
LINE
8
BLACK
6
CONTINUOUS
10
6.0774124409448813
20
-4.7014356299212601
11
6.0773791338582672
21
-4.7013138976377951
0
LINE
8
BLACK
6
CONTINUOUS
10
6.0773791338582672
20
-4.7013138976377951
11
6.0773848425196846
21
-4.7012967322834642
0
LINE
8
BLACK
6
CONTINUOUS
10
6.0773848425196846
20
-4.7012967322834642
11
6.0773771653543305
21
-4.7012580708661416
0
LINE
8
BLACK
6
CONTINUOUS
10
6.0773771653543305
20
-4.7012580708661416
11
6.0773771653543305
21
-4.6989146062992129
0
LINE
8
BLACK
6
CONTINUOUS
10
6.0773771653543305
20
-4.6989146062992129
11
6.0773848425196846
21
-4.6988759055118106
0
LINE
8
BLACK
6
CONTINUOUS
10
6.0773848425196846
20
-4.6988759055118106
11
6.0773791338582672
21
-4.6988587795275594
0
LINE
8
BLACK
6
CONTINUOUS
10
6.0773791338582672
20
-4.6988587795275594
11
6.0774124409448813
21
-4.6987371653543306
0
LINE
8
BLACK
6
CONTINUOUS
10
6.0774124409448813
20
-4.6987371653543306
11
6.0774370866141734
21
-4.6986132677165351
0
LINE
8
BLACK
6
CONTINUOUS
10
6.0774370866141734
20
-4.6986132677165351
11
6.0774498818897635
21
-4.6986004330708662
0
LINE
8
BLACK
6
CONTINUOUS
10
6.0774498818897635
20
-4.6986004330708662
11
6.0774603149606294
21
-4.6985624409448814
0
LINE
8
BLACK
6
CONTINUOUS
10
6.0774603149606294
20
-4.6985624409448814
11
6.0779289763779527
21
-4.6976251181102358
0
LINE
8
BLACK
6
CONTINUOUS
10
6.0779289763779527
20
-4.6976251181102358
11
6.0780063385826768
21
-4.6975253937007873
0
LINE
8
BLACK
6
CONTINUOUS
10
6.0780063385826768
20
-4.6975253937007873
11
6.0780764960629918
21
-4.6974204724409452
0
LINE
8
BLACK
6
CONTINUOUS
10
6.0780764960629918
20
-4.6974204724409452
11
6.0785451968503939
21
-4.6969517716535432
0
LINE
8
BLACK
6
CONTINUOUS
10
6.0785451968503939
20
-4.6969517716535432
11
6.0786500393700784
21
-4.6968816535433069
0
LINE
8
BLACK
6
CONTINUOUS
10
6.0786500393700784
20
-4.6968816535433069
11
6.0787498031496066
21
-4.6968042913385828
0
LINE
8
BLACK
6
CONTINUOUS
10
6.0787498031496066
20
-4.6968042913385828
11
6.079687165354331
21
-4.6963355905511808
0
LINE
8
BLACK
6
CONTINUOUS
10
6.079687165354331
20
-4.6963355905511808
11
6.0797251574803148
21
-4.6963251574803149
0
LINE
8
BLACK
6
CONTINUOUS
10
6.0797251574803148
20
-4.6963251574803149
11
6.0797379921259838
21
-4.6963123622047247
0
LINE
8
BLACK
6
CONTINUOUS
10
6.0797379921259838
20
-4.6963123622047247
11
6.0797589763779527
21
-4.6963081889763778
0
LINE
8
BLACK
6
CONTINUOUS
10
6.0797589763779527
20
-4.6963081889763778
11
6.0775720078740152
21
-4.6938088188976375
0
LINE
8
BLACK
6
CONTINUOUS
10
6.0775720078740152
20
-4.6938088188976375
11
6.0774602362204719
21
-4.6936148031496066
0
LINE
8
BLACK
6
CONTINUOUS
10
6.0774602362204719
20
-4.6936148031496066
11
6.0774370866141734
21
-4.6935916535433071
0
LINE
8
BLACK
6
CONTINUOUS
10
6.0774370866141734
20
-4.6935916535433071
11
6.0774370866141734
21
-4.6935745669291338
0
LINE
8
BLACK
6
CONTINUOUS
10
6.0774370866141734
20
-4.6935745669291338
11
6.0774186614173225
21
-4.6935425984251964
0
LINE
8
BLACK
6
CONTINUOUS
10
6.0774186614173225
20
-4.6935425984251964
11
6.0774370866141734
21
-4.6932661417322832
0
LINE
8
BLACK
6
CONTINUOUS
10
6.0774370866141734
20
-4.6932661417322832
11
6.0774370866141734
21
-4.6929889763779524
0
LINE
8
BLACK
6
CONTINUOUS
10
6.0774370866141734
20
-4.6929889763779524
11
6.077456850393701
21
-4.6929691732283461
0
LINE
8
BLACK
6
CONTINUOUS
10
6.077456850393701
20
-4.6929691732283461
11
6.0774587401574802
21
-4.6929412598425193
0
LINE
8
BLACK
6
CONTINUOUS
10
6.0774587401574802
20
-4.6929412598425193
11
6.0776672440944877
21
-4.6927588188976381
0
LINE
8
BLACK
6
CONTINUOUS
10
6.0776672440944877
20
-4.6927588188976381
11
6.0778632283464562
21
-4.6925628346456696
0
LINE
8
BLACK
6
CONTINUOUS
10
6.0778632283464562
20
-4.6925628346456696
11
6.0778994488188971
21
-4.6925556299212596
0
LINE
8
BLACK
6
CONTINUOUS
10
6.0778994488188971
20
-4.6925556299212596
11
6.0779122834645669
21
-4.6925444094488187
0
LINE
8
BLACK
6
CONTINUOUS
10
6.0779122834645669
20
-4.6925444094488187
11
6.0779449212598422
21
-4.6925465748031492
0
LINE
8
BLACK
6
CONTINUOUS
10
6.0779449212598422
20
-4.6925465748031492
11
6.078164566929134
21
-4.6925029133858267
0
LINE
8
BLACK
6
CONTINUOUS
10
6.078164566929134
20
-4.6925029133858267
11
6.0842575590551178
21
-4.6925029133858267
0
LINE
8
BLACK
6
CONTINUOUS
10
6.0842575590551178
20
-4.6925029133858267
11
6.0845588976377956
21
-4.6925628346456696
0
LINE
8
BLACK
6
CONTINUOUS
10
6.0920154330708662
20
-4.6929889763779524
11
6.0920753543307082
21
-4.6932903149606302
0
LINE
8
BLACK
6
CONTINUOUS
10
6.0920753543307082
20
-4.6932903149606302
11
6.0920753543307082
21
-4.7031328346456691
0
LINE
8
BLACK
6
CONTINUOUS
10
6.0920753543307082
20
-4.7031328346456691
11
6.0920154330708662
21
-4.703434173228346
0
LINE
8
BLACK
6
CONTINUOUS
10
6.0920154330708662
20
-4.703434173228346
11
6.0915892913385825
21
-4.7038603149606297
0
LINE
8
BLACK
6
CONTINUOUS
10
6.0915892913385825
20
-4.7038603149606297
11
6.0912879527559056
21
-4.7039202362204726
0
LINE
8
BLACK
6
CONTINUOUS
10
6.0912879527559056
20
-4.7039202362204726
11
6.0866010236220474
21
-4.7039202362204726
0
LINE
8
BLACK
6
CONTINUOUS
10
6.0866010236220474
20
-4.7039202362204726
11
6.0862996850393696
21
-4.7038603149606297
0
LINE
8
BLACK
6
CONTINUOUS
10
6.0862996850393696
20
-4.7038603149606297
11
6.0858735433070867
21
-4.703434173228346
0
LINE
8
BLACK
6
CONTINUOUS
10
6.0858735433070867
20
-4.703434173228346
11
6.0858735433070867
21
-4.7028314960629922
0
LINE
8
BLACK
6
CONTINUOUS
10
6.0858735433070867
20
-4.7028314960629922
11
6.0862996850393696
21
-4.7024053543307085
0
LINE
8
BLACK
6
CONTINUOUS
10
6.0862996850393696
20
-4.7024053543307085
11
6.0866010236220474
21
-4.7023454330708656
0
LINE
8
BLACK
6
CONTINUOUS
10
6.0866010236220474
20
-4.7023454330708656
11
6.0905005511811021
21
-4.7023454330708656
0
LINE
8
BLACK
6
CONTINUOUS
10
6.0905005511811021
20
-4.7023454330708656
11
6.0905005511811021
21
-4.6932903149606302
0
LINE
8
BLACK
6
CONTINUOUS
10
6.0905005511811021
20
-4.6932903149606302
11
6.090560472440945
21
-4.6929889763779524
0
LINE
8
BLACK
6
CONTINUOUS
10
6.090560472440945
20
-4.6929889763779524
11
6.0909866141732278
21
-4.6925628346456696
0
LINE
8
BLACK
6
CONTINUOUS
10
6.0909866141732278
20
-4.6925628346456696
11
6.0915892913385825
21
-4.6925628346456696
0
LINE
8
BLACK
6
CONTINUOUS
10
6.0915892913385825
20
-4.6925628346456696
11
6.0920154330708662
21
-4.6929889763779524
0
LINE
8
BLACK
6
CONTINUOUS
10
6.1053989763779528
20
-4.6870002362204719
11
6.1064643307086612
21
-4.6880655905511812
0
LINE
8
BLACK
6
CONTINUOUS
10
6.1064643307086612
20
-4.6880655905511812
11
6.1066141732283459
21
-4.6888188976377956
0
LINE
8
BLACK
6
CONTINUOUS
10
6.1066141732283459
20
-4.6888188976377956
11
6.1066141732283459
21
-4.7085039370078743
0
LINE
8
BLACK
6
CONTINUOUS
10
6.1066141732283459
20
-4.7085039370078743
11
6.1064643307086612
21
-4.7092572440944878
0
LINE
8
BLACK
6
CONTINUOUS
10
6.1064643307086612
20
-4.7092572440944878
11
6.1053989763779528
21
-4.7103225984251971
0
LINE
8
BLACK
6
CONTINUOUS
10
6.1053989763779528
20
-4.7103225984251971
11
6.1046456692913385
21
-4.7104724409448817
0
LINE
8
BLACK
6
CONTINUOUS
10
6.1046456692913385
20
-4.7104724409448817
11
6.065275590551181
21
-4.7104724409448817
0
LINE
8
BLACK
6
CONTINUOUS
10
6.065275590551181
20
-4.7104724409448817
11
6.0645222834645667
21
-4.7103225984251971
0
LINE
8
BLACK
6
CONTINUOUS
10
6.0645222834645667
20
-4.7103225984251971
11
6.0634569291338583
21
-4.7092572440944878
0
LINE
8
BLACK
6
CONTINUOUS
10
6.0634569291338583
20
-4.7092572440944878
11
6.0633070866141727
21
-4.7085039370078743
0
LINE
8
BLACK
6
CONTINUOUS
10
6.0633070866141727
20
-4.7085039370078743
11
6.0633070866141727
21
-4.6888188976377956
0
LINE
8
BLACK
6
CONTINUOUS
10
6.0633070866141727
20
-4.6888188976377956
11
6.0634569291338583
21
-4.6880655905511812
0
LINE
8
BLACK
6
CONTINUOUS
10
6.0634569291338583
20
-4.6880655905511812
11
6.0645222834645667
21
-4.6870002362204719
0
LINE
8
BLACK
6
CONTINUOUS
10
6.0645222834645667
20
-4.6870002362204719
11
6.065275590551181
21
-4.6868503937007873
0
LINE
8
BLACK
6
CONTINUOUS
10
6.065275590551181
20
-4.6868503937007873
11
6.1046456692913385
21
-4.6868503937007873
0
LINE
8
BLACK
6
CONTINUOUS
10
6.1046456692913385
20
-4.6868503937007873
11
6.1053989763779528
21
-4.6870002362204719
0
LINE
8
BLACK
6
CONTINUOUS
10
6.0672440944881885
20
-4.690787401574803
11
6.0672440944881885
21
-4.706535433070866
0
LINE
8
BLACK
6
CONTINUOUS
10
6.0672440944881885
20
-4.706535433070866
11
6.1026771653543301
21
-4.706535433070866
0
LINE
8
BLACK
6
CONTINUOUS
10
6.1026771653543301
20
-4.706535433070866
11
6.1026771653543301
21
-4.690787401574803
0
LINE
8
BLACK
6
CONTINUOUS
10
6.1026771653543301
20
-4.690787401574803
11
6.0672440944881885
21
-4.690787401574803
0
LINE
8
BLACK
6
CONTINUOUS
10
5.6273230314960632
20
-4.6970924015748032
11
5.6273698031496062
21
-4.6970768503937004
0
LINE
8
BLACK
6
CONTINUOUS
10
5.6273698031496062
20
-4.6970768503937004
11
5.6277020472440942
21
-4.6971677952755906
0
LINE
8
BLACK
6
CONTINUOUS
10
5.6277020472440942
20
-4.6971677952755906
11
5.6280401574803145
21
-4.6972350787401576
0
LINE
8
BLACK
6
CONTINUOUS
10
5.6280401574803145
20
-4.6972350787401576
11
5.6280749999999999
21
-4.6972699212598421
0
LINE
8
BLACK
6
CONTINUOUS
10
5.6280749999999999
20
-4.6972699212598421
11
5.6281788976377953
21
-4.6972983858267714
0
LINE
8
BLACK
6
CONTINUOUS
10
5.6281788976377953
20
-4.6972983858267714
11
5.6300551181102358
21
-4.6982364566929133
0
LINE
8
BLACK
6
CONTINUOUS
10
5.6300551181102358
20
-4.6982364566929133
11
5.6303933070866137
21
-4.6984989370078738
0
LINE
8
BLACK
6
CONTINUOUS
10
5.6303933070866137
20
-4.6984989370078738
11
5.6305023228346451
21
-4.698535275590551
0
LINE
8
BLACK
6
CONTINUOUS
10
5.6305023228346451
20
-4.698535275590551
11
5.6305964566929134
21
-4.6986566141732284
0
LINE
8
BLACK
6
CONTINUOUS
10
5.6305964566929134
20
-4.6986566141732284
11
5.6307178346456688
21
-4.6987507874015746
0
LINE
8
BLACK
6
CONTINUOUS
10
5.6307178346456688
20
-4.6987507874015746
11
5.6307541338582672
21
-4.6988597637795273
0
LINE
8
BLACK
6
CONTINUOUS
10
5.6307541338582672
20
-4.6988597637795273
11
5.6310166535433073
21
-4.6991979921259839
0
LINE
8
BLACK
6
CONTINUOUS
10
5.6310166535433073
20
-4.6991979921259839
11
5.6319547244094483
21
-4.7010741732283465
0
LINE
8
BLACK
6
CONTINUOUS
10
5.6319547244094483
20
-4.7010741732283465
11
5.6319831496062989
21
-4.7011780314960632
0
LINE
8
BLACK
6
CONTINUOUS
10
5.6319831496062989
20
-4.7011780314960632
11
5.6320180314960631
21
-4.7012129133858265
0
LINE
8
BLACK
6
CONTINUOUS
10
5.6320180314960631
20
-4.7012129133858265
11
5.6320851968503938
21
-4.7015506692913389
0
LINE
8
BLACK
6
CONTINUOUS
10
5.6320851968503938
20
-4.7015506692913389
11
5.6321762992125981
21
-4.7018832677165356
0
LINE
8
BLACK
6
CONTINUOUS
10
5.6321762992125981
20
-4.7018832677165356
11
5.6321606692913386
21
-4.7019300787401574
0
LINE
8
BLACK
6
CONTINUOUS
10
5.6321606692913386
20
-4.7019300787401574
11
5.6321816929133854
21
-4.7020356692913383
0
LINE
8
BLACK
6
CONTINUOUS
10
5.6321816929133854
20
-4.7020356692913383
11
5.6321816929133854
21
-4.7048499606299208
0
LINE
8
BLACK
6
CONTINUOUS
10
5.6321816929133854
20
-4.7048499606299208
11
5.6321606692913386
21
-4.7049555118110238
0
LINE
8
BLACK
6
CONTINUOUS
10
5.6321606692913386
20
-4.7049555118110238
11
5.6321762992125981
21
-4.7050023228346456
0
LINE
8
BLACK
6
CONTINUOUS
10
5.6321762992125981
20
-4.7050023228346456
11
5.6320852362204725
21
-4.7053347637795273
0
LINE
8
BLACK
6
CONTINUOUS
10
5.6320852362204725
20
-4.7053347637795273
11
5.6320180314960631
21
-4.7056727165354326
0
LINE
8
BLACK
6
CONTINUOUS
10
5.6320180314960631
20
-4.7056727165354326
11
5.6319831496062989
21
-4.7057075590551181
0
LINE
8
BLACK
6
CONTINUOUS
10
5.6319831496062989
20
-4.7057075590551181
11
5.6319547244094483
21
-4.7058114173228347
0
LINE
8
BLACK
6
CONTINUOUS
10
5.6319547244094483
20
-4.7058114173228347
11
5.6316324803149609
21
-4.7064559448818892
0
LINE
8
BLACK
6
CONTINUOUS
10
5.6316324803149609
20
-4.7064559448818892
11
5.6320180314960631
21
-4.7068414960629923
0
LINE
8
BLACK
6
CONTINUOUS
10
5.6320180314960631
20
-4.7068414960629923
11
5.6320180314960631
21
-4.708487007874016
0
LINE
8
BLACK
6
CONTINUOUS
10
5.6320180314960631
20
-4.708487007874016
11
5.6308544488188979
21
-4.7096505905511812
0
LINE
8
BLACK
6
CONTINUOUS
10
5.6308544488188979
20
-4.7096505905511812
11
5.630031692913386
21
-4.7098142519685036
0
LINE
8
BLACK
6
CONTINUOUS
10
5.630031692913386
20
-4.7098142519685036
11
5.6168983464566926
21
-4.7098142519685036
0
LINE
8
BLACK
6
CONTINUOUS
10
5.6168983464566926
20
-4.7098142519685036
11
5.6160755905511808
21
-4.7096505905511812
0
LINE
8
BLACK
6
CONTINUOUS
10
5.6160755905511808
20
-4.7096505905511812
11
5.6149120078740156
21
-4.708487007874016
0
LINE
8
BLACK
6
CONTINUOUS
10
5.6149120078740156
20
-4.708487007874016
11
5.6149120078740156
21
-4.7068414960629923
0
LINE
8
BLACK
6
CONTINUOUS
10
5.6149120078740156
20
-4.7068414960629923
11
5.6160755905511808
21
-4.7056779133858271
0
LINE
8
BLACK
6
CONTINUOUS
10
5.6160755905511808
20
-4.7056779133858271
11
5.6168983464566926
21
-4.7055142519685038
0
LINE
8
BLACK
6
CONTINUOUS
10
5.6168983464566926
20
-4.7055142519685038
11
5.6272649999999995
21
-4.7055142519685038
0
LINE
8
BLACK
6
CONTINUOUS
10
5.6272649999999995
20
-4.7055142519685038
11
5.6273265748031491
21
-4.7054525984251967
0
LINE
8
BLACK
6
CONTINUOUS
10
5.6273265748031491
20
-4.7054525984251967
11
5.6278816929133857
21
-4.7043424015748032
0
LINE
8
BLACK
6
CONTINUOUS
10
5.6278816929133857
20
-4.7043424015748032
11
5.6278816929133857
21
-4.702543188976378
0
LINE
8
BLACK
6
CONTINUOUS
10
5.6278816929133857
20
-4.702543188976378
11
5.6274910629921262
21
-4.7017619685039369
0
LINE
8
BLACK
6
CONTINUOUS
10
5.6274910629921262
20
-4.7017619685039369
11
5.6267098818897638
21
-4.7013714173228349
0
LINE
8
BLACK
6
CONTINUOUS
10
5.6267098818897638
20
-4.7013714173228349
11
5.6168983464566926
21
-4.7013714173228349
0
LINE
8
BLACK
6
CONTINUOUS
10
5.6168983464566926
20
-4.7013714173228349
11
5.6160755905511808
21
-4.7012077559055117
0
LINE
8
BLACK
6
CONTINUOUS
10
5.6160755905511808
20
-4.7012077559055117
11
5.6149120078740156
21
-4.7000441732283464
0
LINE
8
BLACK
6
CONTINUOUS
10
5.6149120078740156
20
-4.7000441732283464
11
5.6149120078740156
21
-4.6983986614173228
0
LINE
8
BLACK
6
CONTINUOUS
10
5.6149120078740156
20
-4.6983986614173228
11
5.6160755905511808
21
-4.6972350787401576
0
LINE
8
BLACK
6
CONTINUOUS
10
5.6160755905511808
20
-4.6972350787401576
11
5.6168983464566926
21
-4.6970714173228343
0
LINE
8
BLACK
6
CONTINUOUS
10
5.6168983464566926
20
-4.6970714173228343
11
5.6272174015748027
21
-4.6970714173228343
0
LINE
8
BLACK
6
CONTINUOUS
10
5.6272174015748027
20
-4.6970714173228343
11
5.6273230314960632
21
-4.6970924015748032
0
LINE
8
BLACK
6
CONTINUOUS
10
5.6583544488188977
20
-4.6853493700787396
11
5.6595180314960629
21
-4.6865129527559057
0
LINE
8
BLACK
6
CONTINUOUS
10
5.6595180314960629
20
-4.6865129527559057
11
5.6596816929133853
21
-4.6873357086614176
0
LINE
8
BLACK
6
CONTINUOUS
10
5.6596816929133853
20
-4.6873357086614176
11
5.6596816929133853
21
-4.6967166535433069
0
LINE
8
BLACK
6
CONTINUOUS
10
5.6596816929133853
20
-4.6967166535433069
11
5.6595180314960629
21
-4.6975394094488188
0
LINE
8
BLACK
6
CONTINUOUS
10
5.6595180314960629
20
-4.6975394094488188
11
5.6583544488188977
21
-4.698702992125984
0
LINE
8
BLACK
6
CONTINUOUS
10
5.6583544488188977
20
-4.698702992125984
11
5.656708937007874
21
-4.698702992125984
0
LINE
8
BLACK
6
CONTINUOUS
10
5.656708937007874
20
-4.698702992125984
11
5.6555453543307088
21
-4.6975394094488188
0
LINE
8
BLACK
6
CONTINUOUS
10
5.6555453543307088
20
-4.6975394094488188
11
5.6553816929133855
21
-4.6967166535433069
0
LINE
8
BLACK
6
CONTINUOUS
10
5.6553816929133855
20
-4.6967166535433069
11
5.6553816929133855
21
-4.689485708661417
0
LINE
8
BLACK
6
CONTINUOUS
10
5.6553816929133855
20
-4.689485708661417
11
5.6378316929133856
21
-4.689485708661417
0
LINE
8
BLACK
6
CONTINUOUS
10
5.6378316929133856
20
-4.689485708661417
11
5.6370089370078738
21
-4.6893220472440946
0
LINE
8
BLACK
6
CONTINUOUS
10
5.6370089370078738
20
-4.6893220472440946
11
5.6358453543307085
21
-4.6881584645669294
0
LINE
8
BLACK
6
CONTINUOUS
10
5.6358453543307085
20
-4.6881584645669294
11
5.6358453543307085
21
-4.6865129527559057
0
LINE
8
BLACK
6
CONTINUOUS
10
5.6358453543307085
20
-4.6865129527559057
11
5.6370089370078738
21
-4.6853493700787396
0
LINE
8
BLACK
6
CONTINUOUS
10
5.6370089370078738
20
-4.6853493700787396
11
5.6378316929133856
21
-4.6851857086614173
0
LINE
8
BLACK
6
CONTINUOUS
10
5.6378316929133856
20
-4.6851857086614173
11
5.6575316929133859
21
-4.6851857086614173
0
LINE
8
BLACK
6
CONTINUOUS
10
5.6575316929133859
20
-4.6851857086614173
11
5.6583544488188977
21
-4.6853493700787396
0
LINE
8
BLACK
6
CONTINUOUS
10
5.6667177952755905
20
-4.6371039763779525
11
5.6677822047244097
21
-4.637544881889764
0
LINE
8
BLACK
6
CONTINUOUS
10
5.6677822047244097
20
-4.637544881889764
11
5.6685968503937003
21
-4.6383595275590555
0
LINE
8
BLACK
6
CONTINUOUS
10
5.6685968503937003
20
-4.6383595275590555
11
5.6690377559055118
21
-4.6394239370078738
0
LINE
8
BLACK
6
CONTINUOUS
10
5.6690377559055118
20
-4.6394239370078738
11
5.6690944881889767
21
-4.6399999999999997
0
LINE
8
BLACK
6
CONTINUOUS
10
5.6690944881889767
20
-4.6399999999999997
11
5.6690944881889767
21
-4.6799999999999997
0
LINE
8
BLACK
6
CONTINUOUS
10
5.6690944881889767
20
-4.6799999999999997
11
5.6690377559055118
21
-4.6805760629921256
0
LINE
8
BLACK
6
CONTINUOUS
10
5.6690377559055118
20
-4.6805760629921256
11
5.6685968503937003
21
-4.6816404724409448
0
LINE
8
BLACK
6
CONTINUOUS
10
5.6685968503937003
20
-4.6816404724409448
11
5.6677822047244097
21
-4.6824551181102363
0
LINE
8
BLACK
6
CONTINUOUS
10
5.6677822047244097
20
-4.6824551181102363
11
5.6667177952755905
21
-4.6828960236220469
0
LINE
8
BLACK
6
CONTINUOUS
10
5.6667177952755905
20
-4.6828960236220469
11
5.6655656692913388
21
-4.6828960236220469
0
LINE
8
BLACK
6
CONTINUOUS
10
5.6655656692913388
20
-4.6828960236220469
11
5.6645012598425195
21
-4.6824551181102363
0
LINE
8
BLACK
6
CONTINUOUS
10
5.6645012598425195
20
-4.6824551181102363
11
5.6636866141732281
21
-4.6816404724409448
0
LINE
8
BLACK
6
CONTINUOUS
10
5.6636866141732281
20
-4.6816404724409448
11
5.6632457086614174
21
-4.6805760629921256
0
LINE
8
BLACK
6
CONTINUOUS
10
5.6632457086614174
20
-4.6805760629921256
11
5.6631889763779526
21
-4.6799999999999997
0
LINE
8
BLACK
6
CONTINUOUS
10
5.6631889763779526
20
-4.6799999999999997
11
5.6631889763779526
21
-4.6429527559055117
0
LINE
8
BLACK
6
CONTINUOUS
10
5.6631889763779526
20
-4.6429527559055117
11
5.6090944881889762
21
-4.6429527559055117
0
LINE
8
BLACK
6
CONTINUOUS
10
5.6090944881889762
20
-4.6429527559055117
11
5.6090944881889762
21
-4.6646437007874013
0
LINE
8
BLACK
6
CONTINUOUS
10
5.6090944881889762
20
-4.6646437007874013
11
5.6091390944881887
21
-4.664599212598425
0
LINE
8
BLACK
6
CONTINUOUS
10
5.6091390944881887
20
-4.664599212598425
11
5.6117762598425198
21
-4.6628410236220468
0
LINE
8
BLACK
6
CONTINUOUS
10
5.6117762598425198
20
-4.6628410236220468
11
5.6132551574803147
21
-4.6613621259842519
0
LINE
8
BLACK
6
CONTINUOUS
10
5.6132551574803147
20
-4.6613621259842519
11
5.6140372440944883
21
-4.6597979921259842
0
LINE
8
BLACK
6
CONTINUOUS
10
5.6140372440944883
20
-4.6597979921259842
11
5.6145516141732283
21
-4.65913531496063
0
LINE
8
BLACK
6
CONTINUOUS
10
5.6145516141732283
20
-4.65913531496063
11
5.616112716535433
21
-4.6586149606299214
0
LINE
8
BLACK
6
CONTINUOUS
10
5.616112716535433
20
-4.6586149606299214
11
5.6175844881889763
21
-4.6593508661417324
0
LINE
8
BLACK
6
CONTINUOUS
10
5.6175844881889763
20
-4.6593508661417324
11
5.6181048425196849
21
-4.6609119685039371
0
LINE
8
BLACK
6
CONTINUOUS
10
5.6181048425196849
20
-4.6609119685039371
11
5.6178832677165351
21
-4.6617210629921262
0
LINE
8
BLACK
6
CONTINUOUS
10
5.6178832677165351
20
-4.6617210629921262
11
5.6169451574803144
21
-4.6635972440944879
0
LINE
8
BLACK
6
CONTINUOUS
10
5.6169451574803144
20
-4.6635972440944879
11
5.6167340157480314
21
-4.6638692519685039
0
LINE
8
BLACK
6
CONTINUOUS
10
5.6167340157480314
20
-4.6638692519685039
11
5.6165424409448814
21
-4.664155984251968
0
LINE
8
BLACK
6
CONTINUOUS
10
5.6165424409448814
20
-4.664155984251968
11
5.61646031496063
21
-4.6642381102362203
0
LINE
8
BLACK
6
CONTINUOUS
10
5.61646031496063
20
-4.6642381102362203
11
5.6278816929133857
21
-4.6642381102362203
0
LINE
8
BLACK
6
CONTINUOUS
10
5.6278816929133857
20
-4.6642381102362203
11
5.6278816929133857
21
-4.6607595275590548
0
LINE
8
BLACK
6
CONTINUOUS
10
5.6278816929133857
20
-4.6607595275590548
11
5.628045354330709
21
-4.6599367716535429
0
LINE
8
BLACK
6
CONTINUOUS
10
5.628045354330709
20
-4.6599367716535429
11
5.6292089370078742
21
-4.6587731889763777
0
LINE
8
BLACK
6
CONTINUOUS
10
5.6292089370078742
20
-4.6587731889763777
11
5.6308544488188979
21
-4.6587731889763777
0
LINE
8
BLACK
6
CONTINUOUS
10
5.6308544488188979
20
-4.6587731889763777
11
5.6320180314960631
21
-4.6599367716535429
0
LINE
8
BLACK
6
CONTINUOUS
10
5.6320180314960631
20
-4.6599367716535429
11
5.6321816929133854
21
-4.6607595275590548
0
LINE
8
BLACK
6
CONTINUOUS
10
5.6321816929133854
20
-4.6607595275590548
11
5.6321816929133854
21
-4.6720166535433068
0
LINE
8
BLACK
6
CONTINUOUS
10
5.6321816929133854
20
-4.6720166535433068
11
5.6320180314960631
21
-4.6728394094488186
0
LINE
8
BLACK
6
CONTINUOUS
10
5.6320180314960631
20
-4.6728394094488186
11
5.6308544488188979
21
-4.6740029921259838
0
LINE
8
BLACK
6
CONTINUOUS
10
5.6308544488188979
20
-4.6740029921259838
11
5.6292089370078742
21
-4.6740029921259838
0
LINE
8
BLACK
6
CONTINUOUS
10
5.6292089370078742
20
-4.6740029921259838
11
5.628045354330709
21
-4.6728394094488186
0
LINE
8
BLACK
6
CONTINUOUS
10
5.628045354330709
20
-4.6728394094488186
11
5.6278816929133857
21
-4.6720166535433068
0
LINE
8
BLACK
6
CONTINUOUS
10
5.6278816929133857
20
-4.6720166535433068
11
5.6278816929133857
21
-4.66853811023622
0
LINE
8
BLACK
6
CONTINUOUS
10
5.6278816929133857
20
-4.66853811023622
11
5.6103316929133857
21
-4.66853811023622
0
LINE
8
BLACK
6
CONTINUOUS
10
5.6103316929133857
20
-4.66853811023622
11
5.6095089370078739
21
-4.6683744488188976
0
LINE
8
BLACK
6
CONTINUOUS
10
5.6095089370078739
20
-4.6683744488188976
11
5.6093524015748031
21
-4.6682179133858268
0
LINE
8
BLACK
6
CONTINUOUS
10
5.6093524015748031
20
-4.6682179133858268
11
5.6091353543307081
21
-4.6681745275590547
0
LINE
8
BLACK
6
CONTINUOUS
10
5.6091353543307081
20
-4.6681745275590547
11
5.6090944881889762
21
-4.6681132283464564
0
LINE
8
BLACK
6
CONTINUOUS
10
5.6090944881889762
20
-4.6681132283464564
11
5.6090944881889762
21
-4.6788348425196853
0
LINE
8
BLACK
6
CONTINUOUS
10
5.6090944881889762
20
-4.6788348425196853
11
5.6093153543307084
21
-4.6785649212598424
0
LINE
8
BLACK
6
CONTINUOUS
10
5.6093153543307084
20
-4.6785649212598424
11
5.6094618897637796
21
-4.6785201968503936
0
LINE
8
BLACK
6
CONTINUOUS
10
5.6094618897637796
20
-4.6785201968503936
11
5.6095089370078739
21
-4.678473188976378
0
LINE
8
BLACK
6
CONTINUOUS
10
5.6095089370078739
20
-4.678473188976378
11
5.6096161417322836
21
-4.678473188976378
0
LINE
8
BLACK
6
CONTINUOUS
10
5.6096161417322836
20
-4.678473188976378
11
5.6101177559055113
21
-4.678320196850394
0
LINE
8
BLACK
6
CONTINUOUS
10
5.6101177559055113
20
-4.678320196850394
11
5.6194987007874015
21
-4.6773820866141733
0
LINE
8
BLACK
6
CONTINUOUS
10
5.6194987007874015
20
-4.6773820866141733
11
5.6203336220472444
21
-4.6774630708661418
0
LINE
8
BLACK
6
CONTINUOUS
10
5.6203336220472444
20
-4.6774630708661418
11
5.6204216141732282
21
-4.6775350787401573
0
LINE
8
BLACK
6
CONTINUOUS
10
5.6204216141732282
20
-4.6775350787401573
11
5.6205353543307082
21
-4.6775350787401573
0
LINE
8
BLACK
6
CONTINUOUS
10
5.6205353543307082
20
-4.6775350787401573
11
5.6210470472440948
21
-4.6780467322834642
0
LINE
8
BLACK
6
CONTINUOUS
10
5.6210470472440948
20
-4.6780467322834642
11
5.6216072440944878
21
-4.678505078740157
0
LINE
8
BLACK
6
CONTINUOUS
10
5.6216072440944878
20
-4.678505078740157
11
5.6216185433070862
21
-4.6786182283464566
0
LINE
8
BLACK
6
CONTINUOUS
10
5.6216185433070862
20
-4.6786182283464566
11
5.6216989370078743
21
-4.6786986220472437
0
LINE
8
BLACK
6
CONTINUOUS
10
5.6216989370078743
20
-4.6786986220472437
11
5.6216989370078743
21
-4.6794221259842521
0
LINE
8
BLACK
6
CONTINUOUS
10
5.6216989370078743
20
-4.6794221259842521
11
5.6217709842519685
21
-4.6801424409448815
0
LINE
8
BLACK
6
CONTINUOUS
10
5.6217709842519685
20
-4.6801424409448815
11
5.6216989370078743
21
-4.6802304330708662
0
LINE
8
BLACK
6
CONTINUOUS
10
5.6216989370078743
20
-4.6802304330708662
11
5.621698976377953
21
-4.6803441732283462
0
LINE
8
BLACK
6
CONTINUOUS
10
5.621698976377953
20
-4.6803441732283462
11
5.6212329527559053
21
-4.681041653543307
0
LINE
8
BLACK
6
CONTINUOUS
10
5.6212329527559053
20
-4.681041653543307
11
5.6205415354330706
21
-4.6817330708661418
0
LINE
8
BLACK
6
CONTINUOUS
10
5.6205415354330706
20
-4.6817330708661418
11
5.6199864566929136
21
-4.6828432283464565
0
LINE
8
BLACK
6
CONTINUOUS
10
5.6199864566929136
20
-4.6828432283464565
11
5.6199864566929136
21
-4.6865186220472443
0
LINE
8
BLACK
6
CONTINUOUS
10
5.6199864566929136
20
-4.6865186220472443
11
5.6205415354330706
21
-4.6876287795275591
0
LINE
8
BLACK
6
CONTINUOUS
10
5.6205415354330706
20
-4.6876287795275591
11
5.6209861811023618
21
-4.6880734251968503
0
LINE
8
BLACK
6
CONTINUOUS
10
5.6209861811023618
20
-4.6880734251968503
11
5.6220964173228349
21
-4.6886285433070869
0
LINE
8
BLACK
6
CONTINUOUS
10
5.6220964173228349
20
-4.6886285433070869
11
5.6257717716535431
21
-4.6886285433070869
0
LINE
8
BLACK
6
CONTINUOUS
10
5.6257717716535431
20
-4.6886285433070869
11
5.6268819685039366
21
-4.6880734251968503
0
LINE
8
BLACK
6
CONTINUOUS
10
5.6268819685039366
20
-4.6880734251968503
11
5.6273265748031491
21
-4.6876288188976378
0
LINE
8
BLACK
6
CONTINUOUS
10
5.6273265748031491
20
-4.6876288188976378
11
5.6278816929133857
21
-4.6865186220472443
0
LINE
8
BLACK
6
CONTINUOUS
10
5.6278816929133857
20
-4.6865186220472443
11
5.6278816929133857
21
-4.6828432283464565
0
LINE
8
BLACK
6
CONTINUOUS
10
5.6278816929133857
20
-4.6828432283464565
11
5.6273265748031491
21
-4.681733031496063
0
LINE
8
BLACK
6
CONTINUOUS
10
5.6273265748031491
20
-4.681733031496063
11
5.6266352362204719
21
-4.6810416929133858
0
LINE
8
BLACK
6
CONTINUOUS
10
5.6266352362204719
20
-4.6810416929133858
11
5.6261691732283463
21
-4.6803442125984249
0
LINE
8
BLACK
6
CONTINUOUS
10
5.6261691732283463
20
-4.6803442125984249
11
5.6261691732283463
21
-4.6786986220472437
0
LINE
8
BLACK
6
CONTINUOUS
10
5.6261691732283463
20
-4.6786986220472437
11
5.6273327165354328
21
-4.6775350787401573
0
LINE
8
BLACK
6
CONTINUOUS
10
5.6273327165354328
20
-4.6775350787401573
11
5.628978307086614
21
-4.6775350787401573
0
LINE
8
BLACK
6
CONTINUOUS
10
5.628978307086614
20
-4.6775350787401573
11
5.6296757874015748
21
-4.6780011417322838
0
LINE
8
BLACK
6
CONTINUOUS
10
5.6296757874015748
20
-4.6780011417322838
11
5.6306138976377955
21
-4.6789392519685036
0
LINE
8
BLACK
6
CONTINUOUS
10
5.6306138976377955
20
-4.6789392519685036
11
5.6308052362204721
21
-4.6792256299212598
0
LINE
8
BLACK
6
CONTINUOUS
10
5.6308052362204721
20
-4.6792256299212598
11
5.6310166535433073
21
-4.6794980314960632
0
LINE
8
BLACK
6
CONTINUOUS
10
5.6310166535433073
20
-4.6794980314960632
11
5.6319547244094483
21
-4.681374212598425
0
LINE
8
BLACK
6
CONTINUOUS
10
5.6319547244094483
20
-4.681374212598425
11
5.6319831496062989
21
-4.6814780708661416
0
LINE
8
BLACK
6
CONTINUOUS
10
5.6319831496062989
20
-4.6814780708661416
11
5.6320180314960631
21
-4.6815129527559058
0
LINE
8
BLACK
6
CONTINUOUS
10
5.6320180314960631
20
-4.6815129527559058
11
5.6320851968503938
21
-4.6818507086614174
0
LINE
8
BLACK
6
CONTINUOUS
10
5.6320851968503938
20
-4.6818507086614174
11
5.6321762992125981
21
-4.6821833070866141
0
LINE
8
BLACK
6
CONTINUOUS
10
5.6321762992125981
20
-4.6821833070866141
11
5.6321606692913386
21
-4.6822301181102359
0
LINE
8
BLACK
6
CONTINUOUS
10
5.6321606692913386
20
-4.6822301181102359
11
5.6321816929133854
21
-4.6823357086614168
0
LINE
8
BLACK
6
CONTINUOUS
10
5.6321816929133854
20
-4.6823357086614168
11
5.6321816929133854
21
-4.6870261811023619
0
LINE
8
BLACK
6
CONTINUOUS
10
5.6321816929133854
20
-4.6870261811023619
11
5.6321606692913386
21
-4.687131732283464
0
LINE
8
BLACK
6
CONTINUOUS
10
5.6321606692913386
20
-4.687131732283464
11
5.6321762992125981
21
-4.6871785826771655
0
LINE
8
BLACK
6
CONTINUOUS
10
5.6321762992125981
20
-4.6871785826771655
11
5.6320851968503938
21
-4.6875111417322834
0
LINE
8
BLACK
6
CONTINUOUS
10
5.6320851968503938
20
-4.6875111417322834
11
5.6320180314960631
21
-4.6878489370078738
0
LINE
8
BLACK
6
CONTINUOUS
10
5.6320180314960631
20
-4.6878489370078738
11
5.6319831496062989
21
-4.6878837795275592
0
LINE
8
BLACK
6
CONTINUOUS
10
5.6319831496062989
20
-4.6878837795275592
11
5.6319547244094483
21
-4.6879876771653546
0
LINE
8
BLACK
6
CONTINUOUS
10
5.6319547244094483
20
-4.6879876771653546
11
5.6310166535433073
21
-4.6898638582677163
0
LINE
8
BLACK
6
CONTINUOUS
10
5.6310166535433073
20
-4.6898638582677163
11
5.6308052362204721
21
-4.6901362204724411
0
LINE
8
BLACK
6
CONTINUOUS
10
5.6308052362204721
20
-4.6901362204724411
11
5.6306138976377955
21
-4.6904226377952751
0
LINE
8
BLACK
6
CONTINUOUS
10
5.6306138976377955
20
-4.6904226377952751
11
5.6296757874015748
21
-4.6913607480314958
0
LINE
8
BLACK
6
CONTINUOUS
10
5.6296757874015748
20
-4.6913607480314958
11
5.6293892519685036
21
-4.6915521653543308
0
LINE
8
BLACK
6
CONTINUOUS
10
5.6293892519685036
20
-4.6915521653543308
11
5.629117007874016
21
-4.6917635039370076
0
LINE
8
BLACK
6
CONTINUOUS
10
5.629117007874016
20
-4.6917635039370076
11
5.6272408267716534
21
-4.6927015748031495
0
LINE
8
BLACK
6
CONTINUOUS
10
5.6272408267716534
20
-4.6927015748031495
11
5.627136929133858
21
-4.6927300000000001
0
LINE
8
BLACK
6
CONTINUOUS
10
5.627136929133858
20
-4.6927300000000001
11
5.6271020866141734
21
-4.6927648818897634
0
LINE
8
BLACK
6
CONTINUOUS
10
5.6271020866141734
20
-4.6927648818897634
11
5.6267639763779522
21
-4.6928321259842516
0
LINE
8
BLACK
6
CONTINUOUS
10
5.6267639763779522
20
-4.6928321259842516
11
5.6264317322834643
21
-4.6929231102362206
0
LINE
8
BLACK
6
CONTINUOUS
10
5.6264317322834643
20
-4.6929231102362206
11
5.6263849606299212
21
-4.6929075196850389
0
LINE
8
BLACK
6
CONTINUOUS
10
5.6263849606299212
20
-4.6929075196850389
11
5.6262793307086616
21
-4.6929285433070866
0
LINE
8
BLACK
6
CONTINUOUS
10
5.6262793307086616
20
-4.6929285433070866
11
5.6215888582677165
21
-4.6929285433070866
0
LINE
8
BLACK
6
CONTINUOUS
10
5.6215888582677165
20
-4.6929285433070866
11
5.6214832677165356
21
-4.6929075196850389
0
LINE
8
BLACK
6
CONTINUOUS
10
5.6214832677165356
20
-4.6929075196850389
11
5.6214364960629917
21
-4.6929231496062993
0
LINE
8
BLACK
6
CONTINUOUS
10
5.6214364960629917
20
-4.6929231496062993
11
5.6211040157480312
21
-4.6928320866141728
0
LINE
8
BLACK
6
CONTINUOUS
10
5.6211040157480312
20
-4.6928320866141728
11
5.6207661023622046
21
-4.6927648818897634
0
LINE
8
BLACK
6
CONTINUOUS
10
5.6207661023622046
20
-4.6927648818897634
11
5.6207312204724404
21
-4.6927300000000001
0
LINE
8
BLACK
6
CONTINUOUS
10
5.6207312204724404
20
-4.6927300000000001
11
5.6206274015748035
21
-4.6927015748031495
0
LINE
8
BLACK
6
CONTINUOUS
10
5.6206274015748035
20
-4.6927015748031495
11
5.6187511417322833
21
-4.6917635039370076
0
LINE
8
BLACK
6
CONTINUOUS
10
5.6187511417322833
20
-4.6917635039370076
11
5.6184788582677161
21
-4.6915521653543308
0
LINE
8
BLACK
6
CONTINUOUS
10
5.6184788582677161
20
-4.6915521653543308
11
5.6181923228346458
21
-4.6913607086614171
0
LINE
8
BLACK
6
CONTINUOUS
10
5.6181923228346458
20
-4.6913607086614171
11
5.6172542519685038
21
-4.6904225984251964
0
LINE
8
BLACK
6
CONTINUOUS
10
5.6172542519685038
20
-4.6904225984251964
11
5.6170629527559051
21
-4.6901362598425198
0
LINE
8
BLACK
6
CONTINUOUS
10
5.6170629527559051
20
-4.6901362598425198
11
5.6168515354330708
21
-4.6898638976377951
0
LINE
8
BLACK
6
CONTINUOUS
10
5.6168515354330708
20
-4.6898638976377951
11
5.6159134645669289
21
-4.6879877165354333
0
LINE
8
BLACK
6
CONTINUOUS
10
5.6159134645669289
20
-4.6879877165354333
11
5.6158849999999996
21
-4.6878838188976379
0
LINE
8
BLACK
6
CONTINUOUS
10
5.6158849999999996
20
-4.6878838188976379
11
5.6158501181102363
21
-4.6878489370078738
0
LINE
8
BLACK
6
CONTINUOUS
10
5.6158501181102363
20
-4.6878489370078738
11
5.6157828346456693
21
-4.6875107480314959
0
LINE
8
BLACK
6
CONTINUOUS
10
5.6157828346456693
20
-4.6875107480314959
11
5.6156918897637791
21
-4.6871786220472442
0
LINE
8
BLACK
6
CONTINUOUS
10
5.6156918897637791
20
-4.6871786220472442
11
5.6157074409448819
21
-4.6871318503937003
0
LINE
8
BLACK
6
CONTINUOUS
10
5.6157074409448819
20
-4.6871318503937003
11
5.615686456692913
21
-4.6870261811023619
0
LINE
8
BLACK
6
CONTINUOUS
10
5.615686456692913
20
-4.6870261811023619
11
5.615686456692913
21
-4.6823357086614168
0
LINE
8
BLACK
6
CONTINUOUS
10
5.615686456692913
20
-4.6823357086614168
11
5.6157074409448819
21
-4.6822299999999997
0
LINE
8
BLACK
6
CONTINUOUS
10
5.6157074409448819
20
-4.6822299999999997
11
5.6156918897637791
21
-4.6821832677165354
0
LINE
8
BLACK
6
CONTINUOUS
10
5.6156918897637791
20
-4.6821832677165354
11
5.6157197637795271
21
-4.6820814173228342
0
LINE
8
BLACK
6
CONTINUOUS
10
5.6157197637795271
20
-4.6820814173228342
11
5.6124816929133861
21
-4.6824052362204727
0
LINE
8
BLACK
6
CONTINUOUS
10
5.6124816929133861
20
-4.6824052362204727
11
5.6124816929133861
21
-4.6898404724409444
0
LINE
8
BLACK
6
CONTINUOUS
10
5.6124816929133861
20
-4.6898404724409444
11
5.6123180314960628
21
-4.6906632283464562
0
LINE
8
BLACK
6
CONTINUOUS
10
5.6123180314960628
20
-4.6906632283464562
11
5.6111544488188976
21
-4.6918268110236223
0
LINE
8
BLACK
6
CONTINUOUS
10
5.6111544488188976
20
-4.6918268110236223
11
5.6095089370078739
21
-4.6918268110236223
0
LINE
8
BLACK
6
CONTINUOUS
10
5.6095089370078739
20
-4.6918268110236223
11
5.6083453543307087
21
-4.6906632283464562
0
LINE
8
BLACK
6
CONTINUOUS
10
5.6083453543307087
20
-4.6906632283464562
11
5.6081816929133854
21
-4.6898404724409444
0
LINE
8
BLACK
6
CONTINUOUS
10
5.6081816929133854
20
-4.6898404724409444
11
5.6081816929133854
21
-4.6820556299212601
0
LINE
8
BLACK
6
CONTINUOUS
10
5.6081816929133854
20
-4.6820556299212601
11
5.6077822047244092
21
-4.6824551181102363
0
LINE
8
BLACK
6
CONTINUOUS
10
5.6077822047244092
20
-4.6824551181102363
11
5.60671779527559
21
-4.6828960236220469
0
LINE
8
BLACK
6
CONTINUOUS
10
5.60671779527559
20
-4.6828960236220469
11
5.6055656692913383
21
-4.6828960236220469
0
LINE
8
BLACK
6
CONTINUOUS
10
5.6055656692913383
20
-4.6828960236220469
11
5.6045012598425199
21
-4.6824551181102363
0
LINE
8
BLACK
6
CONTINUOUS
10
5.6045012598425199
20
-4.6824551181102363
11
5.6036866141732284
21
-4.6816404724409448
0
LINE
8
BLACK
6
CONTINUOUS
10
5.6036866141732284
20
-4.6816404724409448
11
5.6032457086614169
21
-4.6805760629921256
0
LINE
8
BLACK
6
CONTINUOUS
10
5.6032457086614169
20
-4.6805760629921256
11
5.603188976377953
21
-4.6799999999999997
0
LINE
8
BLACK
6
CONTINUOUS
10
5.603188976377953
20
-4.6799999999999997
11
5.603188976377953
21
-4.6399999999999997
0
LINE
8
BLACK
6
CONTINUOUS
10
5.603188976377953
20
-4.6399999999999997
11
5.6032457086614169
21
-4.6394239370078738
0
LINE
8
BLACK
6
CONTINUOUS
10
5.6032457086614169
20
-4.6394239370078738
11
5.6036866141732284
21
-4.6383595275590555
0
LINE
8
BLACK
6
CONTINUOUS
10
5.6036866141732284
20
-4.6383595275590555
11
5.6045012598425199
21
-4.637544881889764
0
LINE
8
BLACK
6
CONTINUOUS
10
5.6045012598425199
20
-4.637544881889764
11
5.6055656692913383
21
-4.6371039763779525
0
LINE
8
BLACK
6
CONTINUOUS
10
5.6055656692913383
20
-4.6371039763779525
11
5.6061417322834641
21
-4.6370472440944877
0
LINE
8
BLACK
6
CONTINUOUS
10
5.6061417322834641
20
-4.6370472440944877
11
5.6661417322834646
21
-4.6370472440944877
0
LINE
8
BLACK
6
CONTINUOUS
10
5.6661417322834646
20
-4.6370472440944877
11
5.6667177952755905
21
-4.6371039763779525
0
LINE
8
BLACK
6
CONTINUOUS
10
6.2259860236220472
20
-4.598355118110236
11
6.226011692913386
21
-4.5983465748031493
0
LINE
8
BLACK
6
CONTINUOUS
10
6.226011692913386
20
-4.5983465748031493
11
6.2261942125984246
21
-4.5983965354330705
0
LINE
8
BLACK
6
CONTINUOUS
10
6.2261942125984246
20
-4.5983965354330705
11
6.2263799999999998
21
-4.5984335039370077
0
LINE
8
BLACK
6
CONTINUOUS
10
6.2263799999999998
20
-4.5984335039370077
11
6.2263991338582674
21
-4.5984526377952752
0
LINE
8
BLACK
6
CONTINUOUS
10
6.2263991338582674
20
-4.5984526377952752
11
6.226456220472441
21
-4.5984682677165356
0
LINE
8
BLACK
6
CONTINUOUS
10
6.226456220472441
20
-4.5984682677165356
11
6.2279560236220473
21
-4.5992181889763781
0
LINE
8
BLACK
6
CONTINUOUS
10
6.2279560236220473
20
-4.5992181889763781
11
6.2281054724409444
21
-4.5993342125984249
0
LINE
8
BLACK
6
CONTINUOUS
10
6.2281054724409444
20
-4.5993342125984249
11
6.2282629527559052
21
-4.5994394094488191
0
LINE
8
BLACK
6
CONTINUOUS
10
6.2282629527559052
20
-4.5994394094488191
11
6.229012834645669
21
-4.6001892913385829
0
LINE
8
BLACK
6
CONTINUOUS
10
6.229012834645669
20
-4.6001892913385829
11
6.2291179921259845
21
-4.6003466535433066
0
LINE
8
BLACK
6
CONTINUOUS
10
6.2291179921259845
20
-4.6003466535433066
11
6.2292341338582675
21
-4.6004962992125984
0
LINE
8
BLACK
6
CONTINUOUS
10
6.2292341338582675
20
-4.6004962992125984
11
6.2299840157480313
21
-4.6019961417322834
0
LINE
8
BLACK
6
CONTINUOUS
10
6.2299840157480313
20
-4.6019961417322834
11
6.2300181496062992
21
-4.6021209055118106
0
LINE
8
BLACK
6
CONTINUOUS
10
6.2300181496062992
20
-4.6021209055118106
11
6.2300734251968501
21
-4.6022378740157484
0
LINE
8
BLACK
6
CONTINUOUS
10
6.2300734251968501
20
-4.6022378740157484
11
6.2308233464566927
21
-4.6052374803149609
0
LINE
8
BLACK
6
CONTINUOUS
10
6.2308233464566927
20
-4.6052374803149609
11
6.2308303543307089
21
-4.6053819291338582
0
LINE
8
BLACK
6
CONTINUOUS
10
6.2308303543307089
20
-4.6053819291338582
11
6.2308586220472444
21
-4.6055239370078738
0
LINE
8
BLACK
6
CONTINUOUS
10
6.2308586220472444
20
-4.6055239370078738
11
6.2308586220472444
21
-4.6092734645669289
0
LINE
8
BLACK
6
CONTINUOUS
10
6.2308586220472444
20
-4.6092734645669289
11
6.2308303543307089
21
-4.6094154330708657
0
LINE
8
BLACK
6
CONTINUOUS
10
6.2308303543307089
20
-4.6094154330708657
11
6.2308233464566927
21
-4.6095599212598426
0
LINE
8
BLACK
6
CONTINUOUS
10
6.2308233464566927
20
-4.6095599212598426
11
6.2300734251968501
21
-4.6125595669291339
0
LINE
8
BLACK
6
CONTINUOUS
10
6.2300734251968501
20
-4.6125595669291339
11
6.2300181496062992
21
-4.612676496062992
0
LINE
8
BLACK
6
CONTINUOUS
10
6.2300181496062992
20
-4.612676496062992
11
6.2299840157480313
21
-4.612801299212598
0
LINE
8
BLACK
6
CONTINUOUS
10
6.2299840157480313
20
-4.612801299212598
11
6.2292341338582675
21
-4.6143011023622043
0
LINE
8
BLACK
6
CONTINUOUS
10
6.2292341338582675
20
-4.6143011023622043
11
6.2291179921259845
21
-4.6144507086614173
0
LINE
8
BLACK
6
CONTINUOUS
10
6.2291179921259845
20
-4.6144507086614173
11
6.2290128740157478
21
-4.6146080708661419
0
LINE
8
BLACK
6
CONTINUOUS
10
6.2290128740157478
20
-4.6146080708661419
11
6.2282629527559052
21
-4.6153579921259844
0
LINE
8
BLACK
6
CONTINUOUS
10
6.2282629527559052
20
-4.6153579921259844
11
6.2281055905511806
21
-4.6154630708661415
0
LINE
8
BLACK
6
CONTINUOUS
10
6.2281055905511806
20
-4.6154630708661415
11
6.2279559842519685
21
-4.6155792519685042
0
LINE
8
BLACK
6
CONTINUOUS
10
6.2279559842519685
20
-4.6155792519685042
11
6.2264561811023622
21
-4.6163291338582679
0
LINE
8
BLACK
6
CONTINUOUS
10
6.2264561811023622
20
-4.6163291338582679
11
6.2263991338582674
21
-4.6163447244094487
0
LINE
8
BLACK
6
CONTINUOUS
10
6.2263991338582674
20
-4.6163447244094487
11
6.2263799999999998
21
-4.616363897637795
0
LINE
8
BLACK
6
CONTINUOUS
10
6.2263799999999998
20
-4.616363897637795
11
6.2261941732283459
21
-4.6164008267716534
0
LINE
8
BLACK
6
CONTINUOUS
10
6.2261941732283459
20
-4.6164008267716534
11
6.226011692913386
21
-4.6164508267716533
0
LINE
8
BLACK
6
CONTINUOUS
10
6.226011692913386
20
-4.6164508267716533
11
6.2259860236220472
21
-4.6164422440944879
0
LINE
8
BLACK
6
CONTINUOUS
10
6.2259860236220472
20
-4.6164422440944879
11
6.2259279921259845
21
-4.6164538188976376
0
LINE
8
BLACK
6
CONTINUOUS
10
6.2259279921259845
20
-4.6164538188976376
11
6.2244281889763782
21
-4.6164538188976376
0
LINE
8
BLACK
6
CONTINUOUS
10
6.2244281889763782
20
-4.6164538188976376
11
6.2243701181102358
21
-4.6164422440944879
0
LINE
8
BLACK
6
CONTINUOUS
10
6.2243701181102358
20
-4.6164422440944879
11
6.2243444881889767
21
-4.6164508267716533
0
LINE
8
BLACK
6
CONTINUOUS
10
6.2243444881889767
20
-4.6164508267716533
11
6.2241619685039371
21
-4.6164008267716534
0
LINE
8
BLACK
6
CONTINUOUS
10
6.2241619685039371
20
-4.6164008267716534
11
6.2239761811023619
21
-4.616363897637795
0
LINE
8
BLACK
6
CONTINUOUS
10
6.2239761811023619
20
-4.616363897637795
11
6.2239570078740156
21
-4.6163447244094487
0
LINE
8
BLACK
6
CONTINUOUS
10
6.2239570078740156
20
-4.6163447244094487
11
6.2238999999999995
21
-4.6163291338582679
0
LINE
8
BLACK
6
CONTINUOUS
10
6.2238999999999995
20
-4.6163291338582679
11
6.2224001574803145
21
-4.6155792519685042
0
LINE
8
BLACK
6
CONTINUOUS
10
6.2224001574803145
20
-4.6155792519685042
11
6.2222505118110236
21
-4.6154631102362202
0
LINE
8
BLACK
6
CONTINUOUS
10
6.2222505118110236
20
-4.6154631102362202
11
6.222093149606299
21
-4.6153579527559057
0
LINE
8
BLACK
6
CONTINUOUS
10
6.222093149606299
20
-4.6153579527559057
11
6.2213432677165352
21
-4.6146080708661419
0
LINE
8
BLACK
6
CONTINUOUS
10
6.2213432677165352
20
-4.6146080708661419
11
6.2212380708661419
21
-4.614450590551181
0
LINE
8
BLACK
6
CONTINUOUS
10
6.2212380708661419
20
-4.614450590551181
11
6.2211220472440942
21
-4.614301141732283
0
LINE
8
BLACK
6
CONTINUOUS
10
6.2211220472440942
20
-4.614301141732283
11
6.2203721259842517
21
-4.6128013385826767
0
LINE
8
BLACK
6
CONTINUOUS
10
6.2203721259842517
20
-4.6128013385826767
11
6.2203379133858263
21
-4.6126764566929133
0
LINE
8
BLACK
6
CONTINUOUS
10
6.2203379133858263
20
-4.6126764566929133
11
6.2202827165354329
21
-4.6125595669291339
0
LINE
8
BLACK
6
CONTINUOUS
10
6.2202827165354329
20
-4.6125595669291339
11
6.2195328346456691
21
-4.6095599212598426
0
LINE
8
BLACK
6
CONTINUOUS
10
6.2195328346456691
20
-4.6095599212598426
11
6.219525787401575
21
-4.6094154330708657
0
LINE
8
BLACK
6
CONTINUOUS
10
6.219525787401575
20
-4.6094154330708657
11
6.2194975590551183
21
-4.6092734645669289
0
LINE
8
BLACK
6
CONTINUOUS
10
6.2194975590551183
20
-4.6092734645669289
11
6.2194975590551183
21
-4.6055239370078738
0
LINE
8
BLACK
6
CONTINUOUS
10
6.2194975590551183
20
-4.6055239370078738
11
6.219525787401575
21
-4.6053819291338582
0
LINE
8
BLACK
6
CONTINUOUS
10
6.219525787401575
20
-4.6053819291338582
11
6.2195328346456691
21
-4.6052374803149609
0
LINE
8
BLACK
6
CONTINUOUS
10
6.2195328346456691
20
-4.6052374803149609
11
6.2202827165354329
21
-4.6022378740157484
0
LINE
8
BLACK
6
CONTINUOUS
10
6.2202827165354329
20
-4.6022378740157484
11
6.2203379527559051
21
-4.6021209055118106
0
LINE
8
BLACK
6
CONTINUOUS
10
6.2203379527559051
20
-4.6021209055118106
11
6.2203721259842517
21
-4.6019961417322834
0
LINE
8
BLACK
6
CONTINUOUS
10
6.2203721259842517
20
-4.6019961417322834
11
6.2211220472440942
21
-4.6004962598425196
0
LINE
8
BLACK
6
CONTINUOUS
10
6.2211220472440942
20
-4.6004962598425196
11
6.2212382677165357
21
-4.6003464960629916
0
LINE
8
BLACK
6
CONTINUOUS
10
6.2212382677165357
20
-4.6003464960629916
11
6.221343307086614
21
-4.6001893307086617
0
LINE
8
BLACK
6
CONTINUOUS
10
6.221343307086614
20
-4.6001893307086617
11
6.2220931889763778
21
-4.5994394094488191
0
LINE
8
BLACK
6
CONTINUOUS
10
6.2220931889763778
20
-4.5994394094488191
11
6.2222509055118111
21
-4.5993340157480311
0
LINE
8
BLACK
6
CONTINUOUS
10
6.2222509055118111
20
-4.5993340157480311
11
6.2224001574803145
21
-4.5992181889763781
0
LINE
8
BLACK
6
CONTINUOUS
10
6.2224001574803145
20
-4.5992181889763781
11
6.2238999999999995
21
-4.5984682677165356
0
LINE
8
BLACK
6
CONTINUOUS
10
6.2238999999999995
20
-4.5984682677165356
11
6.2239570078740156
21
-4.5984526377952752
0
LINE
8
BLACK
6
CONTINUOUS
10
6.2239570078740156
20
-4.5984526377952752
11
6.2239761811023619
21
-4.5984335039370077
0
LINE
8
BLACK
6
CONTINUOUS
10
6.2239761811023619
20
-4.5984335039370077
11
6.2241616535433071
21
-4.5983965748031492
0
LINE
8
BLACK
6
CONTINUOUS
10
6.2241616535433071
20
-4.5983965748031492
11
6.2243444881889767
21
-4.5983465354330706
0
LINE
8
BLACK
6
CONTINUOUS
10
6.2243444881889767
20
-4.5983465354330706
11
6.2243701968503933
21
-4.5983550787401573
0
LINE
8
BLACK
6
CONTINUOUS
10
6.2243701968503933
20
-4.5983550787401573
11
6.2244281889763782
21
-4.598343582677165
0
LINE
8
BLACK
6
CONTINUOUS
10
6.2244281889763782
20
-4.598343582677165
11
6.2259279921259845
21
-4.598343582677165
0
LINE
8
BLACK
6
CONTINUOUS
10
6.2259279921259845
20
-4.598343582677165
11
6.2259860236220472
21
-4.598355118110236
0
LINE
8
BLACK
6
CONTINUOUS
10
6.2236279921259845
20
-4.6012452755905509
11
6.2231491338582678
21
-4.6017240944881888
0
LINE
8
BLACK
6
CONTINUOUS
10
6.2231491338582678
20
-4.6017240944881888
11
6.2225429133858263
21
-4.6029365748031497
0
LINE
8
BLACK
6
CONTINUOUS
10
6.2225429133858263
20
-4.6029365748031497
11
6.221859763779527
21
-4.6056692519685036
0
LINE
8
BLACK
6
CONTINUOUS
10
6.221859763779527
20
-4.6056692519685036
11
6.221859763779527
21
-4.6091281102362203
0
LINE
8
BLACK
6
CONTINUOUS
10
6.221859763779527
20
-4.6091281102362203
11
6.2225428740157476
21
-4.6118607480314964
0
LINE
8
BLACK
6
CONTINUOUS
10
6.2225428740157476
20
-4.6118607480314964
11
6.2231491338582678
21
-4.6130732283464564
0
LINE
8
BLACK
6
CONTINUOUS
10
6.2231491338582678
20
-4.6130732283464564
11
6.2236280314960633
21
-4.6135521259842518
0
LINE
8
BLACK
6
CONTINUOUS
10
6.2236280314960633
20
-4.6135521259842518
11
6.2247070078740157
21
-4.614091614173228
0
LINE
8
BLACK
6
CONTINUOUS
10
6.2247070078740157
20
-4.614091614173228
11
6.2256491732283461
21
-4.614091614173228
0
LINE
8
BLACK
6
CONTINUOUS
10
6.2256491732283461
20
-4.614091614173228
11
6.2267281889763781
21
-4.613552086614173
0
LINE
8
BLACK
6
CONTINUOUS
10
6.2267281889763781
20
-4.613552086614173
11
6.2272069685039373
21
-4.6130733070866139
0
LINE
8
BLACK
6
CONTINUOUS
10
6.2272069685039373
20
-4.6130733070866139
11
6.2278131889763779
21
-4.6118608267716539
0
LINE
8
BLACK
6
CONTINUOUS
10
6.2278131889763779
20
-4.6118608267716539
11
6.2284964173228348
21
-4.6091280708661415
0
LINE
8
BLACK
6
CONTINUOUS
10
6.2284964173228348
20
-4.6091280708661415
11
6.2284964173228348
21
-4.6056692913385824
0
LINE
8
BLACK
6
CONTINUOUS
10
6.2284964173228348
20
-4.6056692913385824
11
6.2278131889763779
21
-4.6029365748031497
0
LINE
8
BLACK
6
CONTINUOUS
10
6.2278131889763779
20
-4.6029365748031497
11
6.227207007874016
21
-4.6017241732283463
0
LINE
8
BLACK
6
CONTINUOUS
10
6.227207007874016
20
-4.6017241732283463
11
6.2267281102362206
21
-4.6012452755905509
0
LINE
8
BLACK
6
CONTINUOUS
10
6.2267281102362206
20
-4.6012452755905509
11
6.2256491338582673
21
-4.6007057874015747
0
LINE
8
BLACK
6
CONTINUOUS
10
6.2256491338582673
20
-4.6007057874015747
11
6.2247070472440944
21
-4.6007057874015747
0
LINE
8
BLACK
6
CONTINUOUS
10
6.2247070472440944
20
-4.6007057874015747
11
6.2236279921259845
21
-4.6012452755905509
0
LINE
8
BLACK
6
CONTINUOUS
10
6.24028437007874
20
-4.5984335039370077
11
6.2406281889763777
21
-4.5984335039370077
0
LINE
8
BLACK
6
CONTINUOUS
10
6.2406281889763777
20
-4.5984335039370077
11
6.2407141338582672
21
-4.5985194488188972
0
LINE
8
BLACK
6
CONTINUOUS
10
6.2407141338582672
20
-4.5985194488188972
11
6.240833346456693
21
-4.5985433070866142
0
LINE
8
BLACK
6
CONTINUOUS
10
6.240833346456693
20
-4.5985433070866142
11
6.2411588976377947
21
-4.5988695275590548
0
LINE
8
BLACK
6
CONTINUOUS
10
6.2411588976377947
20
-4.5988695275590548
11
6.2425939370078742
21
-4.6010220078740156
0
LINE
8
BLACK
6
CONTINUOUS
10
6.2425939370078742
20
-4.6010220078740156
11
6.2438754330708663
21
-4.6023035039370077
0
LINE
8
BLACK
6
CONTINUOUS
10
6.2438754330708663
20
-4.6023035039370077
11
6.2452038582677165
21
-4.6029677165354332
0
LINE
8
BLACK
6
CONTINUOUS
10
6.2452038582677165
20
-4.6029677165354332
11
6.2455679133858268
21
-4.6032503149606301
0
LINE
8
BLACK
6
CONTINUOUS
10
6.2455679133858268
20
-4.6032503149606301
11
6.2458537795275593
21
-4.604107834645669
0
LINE
8
BLACK
6
CONTINUOUS
10
6.2458537795275593
20
-4.604107834645669
11
6.2454494488188974
21
-4.6049164173228343
0
LINE
8
BLACK
6
CONTINUOUS
10
6.2454494488188974
20
-4.6049164173228343
11
6.2445919291338585
21
-4.6052022834645667
0
LINE
8
BLACK
6
CONTINUOUS
10
6.2445919291338585
20
-4.6052022834645667
11
6.2441474409448814
21
-4.6050805511811026
0
LINE
8
BLACK
6
CONTINUOUS
10
6.2441474409448814
20
-4.6050805511811026
11
6.2426475984251963
21
-4.6043306299212601
0
LINE
8
BLACK
6
CONTINUOUS
10
6.2426475984251963
20
-4.6043306299212601
11
6.2424979921259842
21
-4.6042144881889762
0
LINE
8
BLACK
6
CONTINUOUS
10
6.2424979921259842
20
-4.6042144881889762
11
6.2423406299212596
21
-4.6041093700787403
0
LINE
8
BLACK
6
CONTINUOUS
10
6.2423406299212596
20
-4.6041093700787403
11
6.2413572834645672
21
-4.6031259842519683
0
LINE
8
BLACK
6
CONTINUOUS
10
6.2413572834645672
20
-4.6031259842519683
11
6.2413572834645672
21
-4.614091614173228
0
LINE
8
BLACK
6
CONTINUOUS
10
6.2413572834645672
20
-4.614091614173228
11
6.24467562992126
21
-4.614091614173228
0
LINE
8
BLACK
6
CONTINUOUS
10
6.24467562992126
20
-4.614091614173228
11
6.2451276377952754
21
-4.6141815354330706
0
LINE
8
BLACK
6
CONTINUOUS
10
6.2451276377952754
20
-4.6141815354330706
11
6.2457668110236222
21
-4.6148207086614175
0
LINE
8
BLACK
6
CONTINUOUS
10
6.2457668110236222
20
-4.6148207086614175
11
6.2457668110236222
21
-4.615724724409449
0
LINE
8
BLACK
6
CONTINUOUS
10
6.2457668110236222
20
-4.615724724409449
11
6.2451276377952754
21
-4.616363897637795
0
LINE
8
BLACK
6
CONTINUOUS
10
6.2451276377952754
20
-4.616363897637795
11
6.24467562992126
21
-4.6164538188976376
0
LINE
8
BLACK
6
CONTINUOUS
10
6.24467562992126
20
-4.6164538188976376
11
6.2356767716535435
21
-4.6164538188976376
0
LINE
8
BLACK
6
CONTINUOUS
10
6.2356767716535435
20
-4.6164538188976376
11
6.2352247637795273
21
-4.616363897637795
0
LINE
8
BLACK
6
CONTINUOUS
10
6.2352247637795273
20
-4.616363897637795
11
6.2345855905511813
21
-4.615724724409449
0
LINE
8
BLACK
6
CONTINUOUS
10
6.2345855905511813
20
-4.615724724409449
11
6.2345855905511813
21
-4.6148207086614175
0
LINE
8
BLACK
6
CONTINUOUS
10
6.2345855905511813
20
-4.6148207086614175
11
6.2352247637795273
21
-4.6141815354330706
0
LINE
8
BLACK
6
CONTINUOUS
10
6.2352247637795273
20
-4.6141815354330706
11
6.2356767716535435
21
-4.614091614173228
0
LINE
8
BLACK
6
CONTINUOUS
10
6.2356767716535435
20
-4.614091614173228
11
6.2389950787401576
21
-4.614091614173228
0
LINE
8
BLACK
6
CONTINUOUS
10
6.2389950787401576
20
-4.614091614173228
11
6.2389950787401576
21
-4.5995246850393698
0
LINE
8
BLACK
6
CONTINUOUS
10
6.2389950787401576
20
-4.5995246850393698
11
6.2390850000000002
21
-4.5990726771653545
0
LINE
8
BLACK
6
CONTINUOUS
10
6.2390850000000002
20
-4.5990726771653545
11
6.2391709448818897
21
-4.5989866929133854
0
LINE
8
BLACK
6
CONTINUOUS
10
6.2391709448818897
20
-4.5989866929133854
11
6.2391948031496058
21
-4.5988675196850393
0
LINE
8
BLACK
6
CONTINUOUS
10
6.2391948031496058
20
-4.5988675196850393
11
6.2394809055118108
21
-4.5986767322834643
0
LINE
8
BLACK
6
CONTINUOUS
10
6.2394809055118108
20
-4.5986767322834643
11
6.2397241732283462
21
-4.5984335039370077
0
LINE
8
BLACK
6
CONTINUOUS
10
6.2397241732283462
20
-4.5984335039370077
11
6.2398457480314962
21
-4.5984335039370077
0
LINE
8
BLACK
6
CONTINUOUS
10
6.2398457480314962
20
-4.5984335039370077
11
6.2399469685039373
21
-4.5983660236220469
0
LINE
8
BLACK
6
CONTINUOUS
10
6.2399469685039373
20
-4.5983660236220469
11
6.24028437007874
21
-4.5984335039370077
0
LINE
8
BLACK
6
CONTINUOUS
10
6.2553601968503934
20
-4.5983805511811022
11
6.255547834645669
21
-4.5984042125984255
0
LINE
8
BLACK
6
CONTINUOUS
10
6.255547834645669
20
-4.5984042125984255
11
6.2577975590551178
21
-4.599154133858268
0
LINE
8
BLACK
6
CONTINUOUS
10
6.2577975590551178
20
-4.599154133858268
11
6.257848937007874
21
-4.5991834251968502
0
LINE
8
BLACK
6
CONTINUOUS
10
6.257848937007874
20
-4.5991834251968502
11
6.257876023622047
21
-4.5991834251968502
0
LINE
8
BLACK
6
CONTINUOUS
10
6.257876023622047
20
-4.5991834251968502
11
6.2580334251968504
21
-4.5992885826771657
0
LINE
8
BLACK
6
CONTINUOUS
10
6.2580334251968504
20
-4.5992885826771657
11
6.2581979133858265
21
-4.5993823622047243
0
LINE
8
BLACK
6
CONTINUOUS
10
6.2581979133858265
20
-4.5993823622047243
11
6.2582100000000001
21
-4.5994065748031492
0
LINE
8
BLACK
6
CONTINUOUS
10
6.2582100000000001
20
-4.5994065748031492
11
6.2582592125984249
21
-4.5994394488188979
0
LINE
8
BLACK
6
CONTINUOUS
10
6.2582592125984249
20
-4.5994394488188979
11
6.2597590157480312
21
-4.6009392125984254
0
LINE
8
BLACK
6
CONTINUOUS
10
6.2597590157480312
20
-4.6009392125984254
11
6.2598641338582679
21
-4.6010965748031492
0
LINE
8
BLACK
6
CONTINUOUS
10
6.2598641338582679
20
-4.6010965748031492
11
6.2599802755905509
21
-4.6012462204724409
0
LINE
8
BLACK
6
CONTINUOUS
10
6.2599802755905509
20
-4.6012462204724409
11
6.2607301574803147
21
-4.6027460236220472
0
LINE
8
BLACK
6
CONTINUOUS
10
6.2607301574803147
20
-4.6027460236220472
11
6.2607642913385826
21
-4.6028707874015744
0
LINE
8
BLACK
6
CONTINUOUS
10
6.2607642913385826
20
-4.6028707874015744
11
6.2608195669291336
21
-4.6029877559055121
0
LINE
8
BLACK
6
CONTINUOUS
10
6.2608195669291336
20
-4.6029877559055121
11
6.2615694881889761
21
-4.6059874015748035
0
LINE
8
BLACK
6
CONTINUOUS
10
6.2615694881889761
20
-4.6059874015748035
11
6.2615764960629923
21
-4.6061318503937008
0
LINE
8
BLACK
6
CONTINUOUS
10
6.2615764960629923
20
-4.6061318503937008
11
6.2616047637795278
21
-4.6062738582677163
0
LINE
8
BLACK
6
CONTINUOUS
10
6.2616047637795278
20
-4.6062738582677163
11
6.2616047637795278
21
-4.6085235826771651
0
LINE
8
BLACK
6
CONTINUOUS
10
6.2616047637795278
20
-4.6085235826771651
11
6.2615764960629923
21
-4.6086655511811019
0
LINE
8
BLACK
6
CONTINUOUS
10
6.2615764960629923
20
-4.6086655511811019
11
6.2615694881889761
21
-4.6088100393700788
0
LINE
8
BLACK
6
CONTINUOUS
10
6.2615694881889761
20
-4.6088100393700788
11
6.2608195669291336
21
-4.6118096456692914
0
LINE
8
BLACK
6
CONTINUOUS
10
6.2608195669291336
20
-4.6118096456692914
11
6.2607642913385826
21
-4.6119265748031495
0
LINE
8
BLACK
6
CONTINUOUS
10
6.2607642913385826
20
-4.6119265748031495
11
6.2607301574803147
21
-4.6120513779527554
0
LINE
8
BLACK
6
CONTINUOUS
10
6.2607301574803147
20
-4.6120513779527554
11
6.2599802755905509
21
-4.6135511811023617
0
LINE
8
BLACK
6
CONTINUOUS
10
6.2599802755905509
20
-4.6135511811023617
11
6.2598640157480316
21
-4.613700905511811
0
LINE
8
BLACK
6
CONTINUOUS
10
6.2598640157480316
20
-4.613700905511811
11
6.2597590157480312
21
-4.6138581496062994
0
LINE
8
BLACK
6
CONTINUOUS
10
6.2597590157480312
20
-4.6138581496062994
11
6.2582592125984249
21
-4.6153579921259844
0
LINE
8
BLACK
6
CONTINUOUS
10
6.2582592125984249
20
-4.6153579921259844
11
6.2582100000000001
21
-4.6153908267716535
0
LINE
8
BLACK
6
CONTINUOUS
10
6.2582100000000001
20
-4.6153908267716535
11
6.2581979133858265
21
-4.6154150787401571
0
LINE
8
BLACK
6
CONTINUOUS
10
6.2581979133858265
20
-4.6154150787401571
11
6.2580332677165353
21
-4.6155089370078741
0
LINE
8
BLACK
6
CONTINUOUS
10
6.2580332677165353
20
-4.6155089370078741
11
6.257876023622047
21
-4.6156140157480312
0
LINE
8
BLACK
6
CONTINUOUS
10
6.257876023622047
20
-4.6156140157480312
11
6.2578489763779528
21
-4.6156140157480312
0
LINE
8
BLACK
6
CONTINUOUS
10
6.2578489763779528
20
-4.6156140157480312
11
6.2577975590551178
21
-4.6156433464566931
0
LINE
8
BLACK
6
CONTINUOUS
10
6.2577975590551178
20
-4.6156433464566931
11
6.255547834645669
21
-4.6163932283464568
0
LINE
8
BLACK
6
CONTINUOUS
10
6.255547834645669
20
-4.6163932283464568
11
6.2553599212598421
21
-4.6164168897637792
0
LINE
8
BLACK
6
CONTINUOUS
10
6.2553599212598421
20
-4.6164168897637792
11
6.2551743307086616
21
-4.6164538188976376
0
LINE
8
BLACK
6
CONTINUOUS
10
6.2551743307086616
20
-4.6164538188976376
11
6.2536744881889765
21
-4.6164538188976376
0
LINE
8
BLACK
6
CONTINUOUS
10
6.2536744881889765
20
-4.6164538188976376
11
6.2534888582677164
21
-4.6164168897637792
0
LINE
8
BLACK
6
CONTINUOUS
10
6.2534888582677164
20
-4.6164168897637792
11
6.2533009842519682
21
-4.6163932283464568
0
LINE
8
BLACK
6
CONTINUOUS
10
6.2533009842519682
20
-4.6163932283464568
11
6.2510512992125982
21
-4.6156433464566931
0
LINE
8
BLACK
6
CONTINUOUS
10
6.2510512992125982
20
-4.6156433464566931
11
6.2509999212598419
21
-4.61561405511811
0
LINE
8
BLACK
6
CONTINUOUS
10
6.2509999212598419
20
-4.61561405511811
11
6.250972834645669
21
-4.61561405511811
0
LINE
8
BLACK
6
CONTINUOUS
10
6.250972834645669
20
-4.61561405511811
11
6.2508153149606294
21
-4.6155087795275591
0
LINE
8
BLACK
6
CONTINUOUS
10
6.2508153149606294
20
-4.6155087795275591
11
6.2506509448818894
21
-4.6154150787401571
0
LINE
8
BLACK
6
CONTINUOUS
10
6.2506509448818894
20
-4.6154150787401571
11
6.2506388188976381
21
-4.6153908267716535
0
LINE
8
BLACK
6
CONTINUOUS
10
6.2506388188976381
20
-4.6153908267716535
11
6.2505896456692911
21
-4.6153579921259844
0
LINE
8
BLACK
6
CONTINUOUS
10
6.2505896456692911
20
-4.6153579921259844
11
6.2498397244094486
21
-4.6146080708661419
0
LINE
8
BLACK
6
CONTINUOUS
10
6.2498397244094486
20
-4.6146080708661419
11
6.2495837007874018
21
-4.614224881889764
0
LINE
8
BLACK
6
CONTINUOUS
10
6.2495837007874018
20
-4.614224881889764
11
6.2495837007874018
21
-4.6133209448818899
0
LINE
8
BLACK
6
CONTINUOUS
10
6.2495837007874018
20
-4.6133209448818899
11
6.2502229133858265
21
-4.6126817322834643
0
LINE
8
BLACK
6
CONTINUOUS
10
6.2502229133858265
20
-4.6126817322834643
11
6.2511268503937005
21
-4.6126817322834643
0
LINE
8
BLACK
6
CONTINUOUS
10
6.2511268503937005
20
-4.6126817322834643
11
6.2515100393700784
21
-4.612937755905512
0
LINE
8
BLACK
6
CONTINUOUS
10
6.2515100393700784
20
-4.612937755905512
11
6.2520627165354332
21
-4.6134904330708659
0
LINE
8
BLACK
6
CONTINUOUS
10
6.2520627165354332
20
-4.6134904330708659
11
6.2538662204724407
21
-4.614091614173228
0
LINE
8
BLACK
6
CONTINUOUS
10
6.2538662204724407
20
-4.614091614173228
11
6.2549825984251965
21
-4.614091614173228
0
LINE
8
BLACK
6
CONTINUOUS
10
6.2549825984251965
20
-4.614091614173228
11
6.2567860629921261
21
-4.6134904724409447
0
LINE
8
BLACK
6
CONTINUOUS
10
6.2567860629921261
20
-4.6134904724409447
11
6.2579531496062994
21
-4.6123233070866139
0
LINE
8
BLACK
6
CONTINUOUS
10
6.2579531496062994
20
-4.6123233070866139
11
6.2585593700787401
21
-4.6111109055118114
0
LINE
8
BLACK
6
CONTINUOUS
10
6.2585593700787401
20
-4.6111109055118114
11
6.2592425590551182
21
-4.6083781889763777
0
LINE
8
BLACK
6
CONTINUOUS
10
6.2592425590551182
20
-4.6083781889763777
11
6.2592425590551182
21
-4.6064192125984249
0
LINE
8
BLACK
6
CONTINUOUS
10
6.2592425590551182
20
-4.6064192125984249
11
6.2585593307086613
21
-4.6036864566929134
0
LINE
8
BLACK
6
CONTINUOUS
10
6.2585593307086613
20
-4.6036864566929134
11
6.2579531496062994
21
-4.60247405511811
0
LINE
8
BLACK
6
CONTINUOUS
10
6.2579531496062994
20
-4.60247405511811
11
6.2567860236220474
21
-4.6013068897637792
0
LINE
8
BLACK
6
CONTINUOUS
10
6.2567860236220474
20
-4.6013068897637792
11
6.2549827165354328
21
-4.6007057874015747
0
LINE
8
BLACK
6
CONTINUOUS
10
6.2549827165354328
20
-4.6007057874015747
11
6.2538661023622044
21
-4.6007057874015747
0
LINE
8
BLACK
6
CONTINUOUS
10
6.2538661023622044
20
-4.6007057874015747
11
6.2520627952755907
21
-4.6013068897637792
0
LINE
8
BLACK
6
CONTINUOUS
10
6.2520627952755907
20
-4.6013068897637792
11
6.2515100393700784
21
-4.6018596850393703
0
LINE
8
BLACK
6
CONTINUOUS
10
6.2515100393700784
20
-4.6018596850393703
11
6.2511268110236218
21
-4.6021157086614171
0
LINE
8
BLACK
6
CONTINUOUS
10
6.2511268110236218
20
-4.6021157086614171
11
6.2502228740157477
21
-4.6021156692913383
0
LINE
8
BLACK
6
CONTINUOUS
10
6.2502228740157477
20
-4.6021156692913383
11
6.249583661417323
21
-4.6014764173228349
0
LINE
8
BLACK
6
CONTINUOUS
10
6.249583661417323
20
-4.6014764173228349
11
6.2495837007874018
21
-4.6005724803149608
0
LINE
8
BLACK
6
CONTINUOUS
10
6.2495837007874018
20
-4.6005724803149608
11
6.2498397244094486
21
-4.6001892913385829
0
LINE
8
BLACK
6
CONTINUOUS
10
6.2498397244094486
20
-4.6001892913385829
11
6.2505896456692911
21
-4.5994394094488191
0
LINE
8
BLACK
6
CONTINUOUS
10
6.2505896456692911
20
-4.5994394094488191
11
6.2506387795275593
21
-4.5994065354330704
0
LINE
8
BLACK
6
CONTINUOUS
10
6.2506387795275593
20
-4.5994065354330704
11
6.2506509055118107
21
-4.5993823622047243
0
LINE
8
BLACK
6
CONTINUOUS
10
6.2506509055118107
20
-4.5993823622047243
11
6.2508152755905506
21
-4.5992886220472444
0
LINE
8
BLACK
6
CONTINUOUS
10
6.2508152755905506
20
-4.5992886220472444
11
6.2509728740157477
21
-4.5991833858267714
0
LINE
8
BLACK
6
CONTINUOUS
10
6.2509728740157477
20
-4.5991833858267714
11
6.2509999606299207
21
-4.5991833858267714
0
LINE
8
BLACK
6
CONTINUOUS
10
6.2509999606299207
20
-4.5991833858267714
11
6.2510512992125982
21
-4.599154133858268
0
LINE
8
BLACK
6
CONTINUOUS
10
6.2510512992125982
20
-4.599154133858268
11
6.2533009842519682
21
-4.5984042125984255
0
LINE
8
BLACK
6
CONTINUOUS
10
6.2533009842519682
20
-4.5984042125984255
11
6.2534885826771651
21
-4.5983805511811022
0
LINE
8
BLACK
6
CONTINUOUS
10
6.2534885826771651
20
-4.5983805511811022
11
6.2536744881889765
21
-4.598343582677165
0
LINE
8
BLACK
6
CONTINUOUS
10
6.2536744881889765
20
-4.598343582677165
11
6.2551743307086616
21
-4.598343582677165
0
LINE
8
BLACK
6
CONTINUOUS
10
6.2551743307086616
20
-4.598343582677165
11
6.2553601968503934
21
-4.5983805511811022
0
LINE
8
BLACK
6
CONTINUOUS
10
6.2728005511811018
20
-4.5905435433070867
11
6.2738659055118111
21
-4.5916088976377951
0
LINE
8
BLACK
6
CONTINUOUS
10
6.2738659055118111
20
-4.5916088976377951
11
6.2740157480314958
21
-4.5923622047244095
0
LINE
8
BLACK
6
CONTINUOUS
10
6.2740157480314958
20
-4.5923622047244095
11
6.2740157480314958
21
-4.6238582677165354
0
LINE
8
BLACK
6
CONTINUOUS
10
6.2740157480314958
20
-4.6238582677165354
11
6.2738659055118111
21
-4.6246115748031498
0
LINE
8
BLACK
6
CONTINUOUS
10
6.2738659055118111
20
-4.6246115748031498
11
6.2728005511811018
21
-4.6256769291338582
0
LINE
8
BLACK
6
CONTINUOUS
10
6.2728005511811018
20
-4.6256769291338582
11
6.2720472440944883
21
-4.6258267716535428
0
LINE
8
BLACK
6
CONTINUOUS
10
6.2720472440944883
20
-4.6258267716535428
11
6.2090551181102365
21
-4.6258267716535428
0
LINE
8
BLACK
6
CONTINUOUS
10
6.2090551181102365
20
-4.6258267716535428
11
6.2083018110236221
21
-4.6256769291338582
0
LINE
8
BLACK
6
CONTINUOUS
10
6.2083018110236221
20
-4.6256769291338582
11
6.2072364566929137
21
-4.6246115748031498
0
LINE
8
BLACK
6
CONTINUOUS
10
6.2072364566929137
20
-4.6246115748031498
11
6.2070866141732282
21
-4.6238582677165354
0
LINE
8
BLACK
6
CONTINUOUS
10
6.2070866141732282
20
-4.6238582677165354
11
6.2070866141732282
21
-4.5923622047244095
0
LINE
8
BLACK
6
CONTINUOUS
10
6.2070866141732282
20
-4.5923622047244095
11
6.2072364566929137
21
-4.5916088976377951
0
LINE
8
BLACK
6
CONTINUOUS
10
6.2072364566929137
20
-4.5916088976377951
11
6.2083018110236221
21
-4.5905435433070867
0
LINE
8
BLACK
6
CONTINUOUS
10
6.2083018110236221
20
-4.5905435433070867
11
6.2090551181102365
21
-4.5903937007874012
0
LINE
8
BLACK
6
CONTINUOUS
10
6.2090551181102365
20
-4.5903937007874012
11
6.2720472440944883
21
-4.5903937007874012
0
LINE
8
BLACK
6
CONTINUOUS
10
6.2720472440944883
20
-4.5903937007874012
11
6.2728005511811018
21
-4.5905435433070867
0
LINE
8
BLACK
6
CONTINUOUS
10
6.2110236220472439
20
-4.5943307086614169
11
6.2110236220472439
21
-4.6218897637795271
0
LINE
8
BLACK
6
CONTINUOUS
10
6.2110236220472439
20
-4.6218897637795271
11
6.27007874015748
21
-4.6218897637795271
0
LINE
8
BLACK
6
CONTINUOUS
10
6.27007874015748
20
-4.6218897637795271
11
6.27007874015748
21
-4.5943307086614169
0
LINE
8
BLACK
6
CONTINUOUS
10
6.27007874015748
20
-4.5943307086614169
11
6.2110236220472439
21
-4.5943307086614169
0
LINE
8
BLACK
6
CONTINUOUS
10
6.3681656692913382
20
-4.5817096850393702
11
6.368804842519685
21
-4.5823488582677161
0
LINE
8
BLACK
6
CONTINUOUS
10
6.368804842519685
20
-4.5823488582677161
11
6.3688947637795277
21
-4.5828008661417323
0
LINE
8
BLACK
6
CONTINUOUS
10
6.3688947637795277
20
-4.5828008661417323
11
6.3688947637795277
21
-4.5925496456692914
0
LINE
8
BLACK
6
CONTINUOUS
10
6.3688947637795277
20
-4.5925496456692914
11
6.368804842519685
21
-4.5930016535433067
0
LINE
8
BLACK
6
CONTINUOUS
10
6.368804842519685
20
-4.5930016535433067
11
6.3681656692913382
21
-4.5936408267716535
0
LINE
8
BLACK
6
CONTINUOUS
10
6.3681656692913382
20
-4.5936408267716535
11
6.3672616535433066
21
-4.5936408267716535
0
LINE
8
BLACK
6
CONTINUOUS
10
6.3672616535433066
20
-4.5936408267716535
11
6.3666224803149607
21
-4.5930016535433067
0
LINE
8
BLACK
6
CONTINUOUS
10
6.3666224803149607
20
-4.5930016535433067
11
6.3665325590551181
21
-4.5925496456692914
0
LINE
8
BLACK
6
CONTINUOUS
10
6.3665325590551181
20
-4.5925496456692914
11
6.3665325590551181
21
-4.585652283464567
0
LINE
8
BLACK
6
CONTINUOUS
10
6.3665325590551181
20
-4.585652283464567
11
6.3595499606299208
21
-4.5926349212598421
0
LINE
8
BLACK
6
CONTINUOUS
10
6.3595499606299208
20
-4.5926349212598421
11
6.359500748031496
21
-4.592667755905512
0
LINE
8
BLACK
6
CONTINUOUS
10
6.359500748031496
20
-4.592667755905512
11
6.3594886614173225
21
-4.5926920078740157
0
LINE
8
BLACK
6
CONTINUOUS
10
6.3594886614173225
20
-4.5926920078740157
11
6.3593240157480313
21
-4.5927858661417318
0
LINE
8
BLACK
6
CONTINUOUS
10
6.3593240157480313
20
-4.5927858661417318
11
6.3591667716535429
21
-4.5928909448818898
0
LINE
8
BLACK
6
CONTINUOUS
10
6.3591667716535429
20
-4.5928909448818898
11
6.3591397637795275
21
-4.5928909448818898
0
LINE
8
BLACK
6
CONTINUOUS
10
6.3591397637795275
20
-4.5928909448818898
11
6.3590883070866138
21
-4.5929202755905507
0
LINE
8
BLACK
6
CONTINUOUS
10
6.3590883070866138
20
-4.5929202755905507
11
6.356838582677165
21
-4.5936701574803145
0
LINE
8
BLACK
6
CONTINUOUS
10
6.356838582677165
20
-4.5936701574803145
11
6.356650669291338
21
-4.5936938188976377
0
LINE
8
BLACK
6
CONTINUOUS
10
6.356650669291338
20
-4.5936938188976377
11
6.3564650787401575
21
-4.5937307480314962
0
LINE
8
BLACK
6
CONTINUOUS
10
6.3564650787401575
20
-4.5937307480314962
11
6.3549652755905512
21
-4.5937307480314962
0
LINE
8
BLACK
6
CONTINUOUS
10
6.3549652755905512
20
-4.5937307480314962
11
6.3549072047244097
21
-4.5937191732283464
0
LINE
8
BLACK
6
CONTINUOUS
10
6.3549072047244097
20
-4.5937191732283464
11
6.3548815748031497
21
-4.5937277559055119
0
LINE
8
BLACK
6
CONTINUOUS
10
6.3548815748031497
20
-4.5937277559055119
11
6.3546990551181102
21
-4.593677755905512
0
LINE
8
BLACK
6
CONTINUOUS
10
6.3546990551181102
20
-4.593677755905512
11
6.354513267716535
21
-4.5936408267716535
0
LINE
8
BLACK
6
CONTINUOUS
10
6.354513267716535
20
-4.5936408267716535
11
6.3544940944881887
21
-4.5936216535433072
0
LINE
8
BLACK
6
CONTINUOUS
10
6.3544940944881887
20
-4.5936216535433072
11
6.3544370866141735
21
-4.5936060629921256
0
LINE
8
BLACK
6
CONTINUOUS
10
6.3544370866141735
20
-4.5936060629921256
11
6.3529372440944885
21
-4.5928561811023618
0
LINE
8
BLACK
6
CONTINUOUS
10
6.3529372440944885
20
-4.5928561811023618
11
6.3527875984251967
21
-4.5927400393700788
0
LINE
8
BLACK
6
CONTINUOUS
10
6.3527875984251967
20
-4.5927400393700788
11
6.3526302362204721
21
-4.5926348818897633
0
LINE
8
BLACK
6
CONTINUOUS
10
6.3526302362204721
20
-4.5926348818897633
11
6.3518803543307083
21
-4.5918849999999996
0
LINE
8
BLACK
6
CONTINUOUS
10
6.3518803543307083
20
-4.5918849999999996
11
6.351775157480315
21
-4.5917275196850396
0
LINE
8
BLACK
6
CONTINUOUS
10
6.351775157480315
20
-4.5917275196850396
11
6.3516591338582673
21
-4.5915780708661416
0
LINE
8
BLACK
6
CONTINUOUS
10
6.3516591338582673
20
-4.5915780708661416
11
6.3509092125984248
21
-4.5900782677165353
0
LINE
8
BLACK
6
CONTINUOUS
10
6.3509092125984248
20
-4.5900782677165353
11
6.3508935826771653
21
-4.5900211811023617
0
LINE
8
BLACK
6
CONTINUOUS
10
6.3508935826771653
20
-4.5900211811023617
11
6.3508744488188977
21
-4.5900020472440941
0
LINE
8
BLACK
6
CONTINUOUS
10
6.3508744488188977
20
-4.5900020472440941
11
6.3508374803149605
21
-4.5898162598425198
0
LINE
8
BLACK
6
CONTINUOUS
10
6.3508374803149605
20
-4.5898162598425198
11
6.3507875196850394
21
-4.5896337401574803
0
LINE
8
BLACK
6
CONTINUOUS
10
6.3507875196850394
20
-4.5896337401574803
11
6.3507960629921261
21
-4.5896080708661415
0
LINE
8
BLACK
6
CONTINUOUS
10
6.3507960629921261
20
-4.5896080708661415
11
6.3507845275590551
21
-4.5895500393700788
0
LINE
8
BLACK
6
CONTINUOUS
10
6.3507845275590551
20
-4.5895500393700788
11
6.3507845275590551
21
-4.5858005118110237
0
LINE
8
BLACK
6
CONTINUOUS
10
6.3507845275590551
20
-4.5858005118110237
11
6.3507960629921261
21
-4.5857424409448821
0
LINE
8
BLACK
6
CONTINUOUS
10
6.3507960629921261
20
-4.5857424409448821
11
6.3507875196850394
21
-4.5857168110236222
0
LINE
8
BLACK
6
CONTINUOUS
10
6.3507875196850394
20
-4.5857168110236222
11
6.3508374803149605
21
-4.5855342519685038
0
LINE
8
BLACK
6
CONTINUOUS
10
6.3508374803149605
20
-4.5855342519685038
11
6.3508744488188977
21
-4.5853485039370074
0
LINE
8
BLACK
6
CONTINUOUS
10
6.3508744488188977
20
-4.5853485039370074
11
6.3508935826771653
21
-4.5853293307086611
0
LINE
8
BLACK
6
CONTINUOUS
10
6.3508935826771653
20
-4.5853293307086611
11
6.3509092125984248
21
-4.5852722834645672
0
LINE
8
BLACK
6
CONTINUOUS
10
6.3509092125984248
20
-4.5852722834645672
11
6.3516591338582673
21
-4.5837724803149609
0
LINE
8
BLACK
6
CONTINUOUS
10
6.3516591338582673
20
-4.5837724803149609
11
6.351775157480315
21
-4.5836229921259841
0
LINE
8
BLACK
6
CONTINUOUS
10
6.351775157480315
20
-4.5836229921259841
11
6.3518803543307083
21
-4.583465551181102
0
LINE
8
BLACK
6
CONTINUOUS
10
6.3518803543307083
20
-4.583465551181102
11
6.3526302362204721
21
-4.5827156692913382
0
LINE
8
BLACK
6
CONTINUOUS
10
6.3526302362204721
20
-4.5827156692913382
11
6.35301342519685
21
-4.5824596062992127
0
LINE
8
BLACK
6
CONTINUOUS
10
6.35301342519685
20
-4.5824596062992127
11
6.353917362204724
21
-4.5824595669291339
0
LINE
8
BLACK
6
CONTINUOUS
10
6.353917362204724
20
-4.5824595669291339
11
6.3545566141732284
21
-4.5830988188976374
0
LINE
8
BLACK
6
CONTINUOUS
10
6.3545566141732284
20
-4.5830988188976374
11
6.3545566535433071
21
-4.5840027165354327
0
LINE
8
BLACK
6
CONTINUOUS
10
6.3545566535433071
20
-4.5840027165354327
11
6.3543006299212594
21
-4.5843859448818893
0
LINE
8
BLACK
6
CONTINUOUS
10
6.3543006299212594
20
-4.5843859448818893
11
6.3536862204724409
21
-4.5850003543307087
0
LINE
8
BLACK
6
CONTINUOUS
10
6.3536862204724409
20
-4.5850003543307087
11
6.3531467322834647
21
-4.5860793700787399
0
LINE
8
BLACK
6
CONTINUOUS
10
6.3531467322834647
20
-4.5860793700787399
11
6.3531467322834647
21
-4.5892711811023625
0
LINE
8
BLACK
6
CONTINUOUS
10
6.3531467322834647
20
-4.5892711811023625
11
6.3536862204724409
21
-4.5903501574803149
0
LINE
8
BLACK
6
CONTINUOUS
10
6.3536862204724409
20
-4.5903501574803149
11
6.3541651181102363
21
-4.5908290551181103
0
LINE
8
BLACK
6
CONTINUOUS
10
6.3541651181102363
20
-4.5908290551181103
11
6.3552440944881887
21
-4.5913685433070865
0
LINE
8
BLACK
6
CONTINUOUS
10
6.3552440944881887
20
-4.5913685433070865
11
6.3562733464566925
21
-4.5913685433070865
0
LINE
8
BLACK
6
CONTINUOUS
10
6.3562733464566925
20
-4.5913685433070865
11
6.3580768110236221
21
-4.5907674015748032
0
LINE
8
BLACK
6
CONTINUOUS
10
6.3580768110236221
20
-4.5907674015748032
11
6.3668785039370075
21
-4.5819657086614169
0
LINE
8
BLACK
6
CONTINUOUS
10
6.3668785039370075
20
-4.5819657086614169
11
6.3672615354330704
21
-4.5817097637795277
0
LINE
8
BLACK
6
CONTINUOUS
10
6.3672615354330704
20
-4.5817097637795277
11
6.3672616535433066
21
-4.5817096850393702
0
LINE
8
BLACK
6
CONTINUOUS
10
6.3672616535433066
20
-4.5817096850393702
11
6.3672616929133854
21
-4.5817096850393702
0
LINE
8
BLACK
6
CONTINUOUS
10
6.3672616929133854
20
-4.5817096850393702
11
6.3681656299212595
21
-4.5817096456692914
0
LINE
8
BLACK
6
CONTINUOUS
10
6.3681656299212595
20
-4.5817096456692914
11
6.3681656692913382
21
-4.5817096850393702
0
LINE
8
BLACK
6
CONTINUOUS
10
6.3573573622047244
20
-4.5677788582677161
11
6.3576432283464568
21
-4.5686363779527559
0
LINE
8
BLACK
6
CONTINUOUS
10
6.3576432283464568
20
-4.5686363779527559
11
6.3575214960629918
21
-4.5690808661417321
0
LINE
8
BLACK
6
CONTINUOUS
10
6.3575214960629918
20
-4.5690808661417321
11
6.3567715748031492
21
-4.5705807086614172
0
LINE
8
BLACK
6
CONTINUOUS
10
6.3567715748031492
20
-4.5705807086614172
11
6.3566554330708662
21
-4.5707302755905515
0
LINE
8
BLACK
6
CONTINUOUS
10
6.3566554330708662
20
-4.5707302755905515
11
6.3565503149606295
21
-4.5708876771653539
0
LINE
8
BLACK
6
CONTINUOUS
10
6.3565503149606295
20
-4.5708876771653539
11
6.3555669291338583
21
-4.5718710236220472
0
LINE
8
BLACK
6
CONTINUOUS
10
6.3555669291338583
20
-4.5718710236220472
11
6.3665325590551181
21
-4.5718710236220472
0
LINE
8
BLACK
6
CONTINUOUS
10
6.3665325590551181
20
-4.5718710236220472
11
6.3665325590551181
21
-4.5685526771653544
0
LINE
8
BLACK
6
CONTINUOUS
10
6.3665325590551181
20
-4.5685526771653544
11
6.3666224803149607
21
-4.5681006692913382
0
LINE
8
BLACK
6
CONTINUOUS
10
6.3666224803149607
20
-4.5681006692913382
11
6.3672616535433066
21
-4.5674614960629922
0
LINE
8
BLACK
6
CONTINUOUS
10
6.3672616535433066
20
-4.5674614960629922
11
6.3681656692913382
21
-4.5674614960629922
0
LINE
8
BLACK
6
CONTINUOUS
10
6.3681656692913382
20
-4.5674614960629922
11
6.368804842519685
21
-4.5681006692913382
0
LINE
8
BLACK
6
CONTINUOUS
10
6.368804842519685
20
-4.5681006692913382
11
6.3688947637795277
21
-4.5685526771653544
0
LINE
8
BLACK
6
CONTINUOUS
10
6.3688947637795277
20
-4.5685526771653544
11
6.3688947637795277
21
-4.5775515354330709
0
LINE
8
BLACK
6
CONTINUOUS
10
6.3688947637795277
20
-4.5775515354330709
11
6.368804842519685
21
-4.5780035433070863
0
LINE
8
BLACK
6
CONTINUOUS
10
6.368804842519685
20
-4.5780035433070863
11
6.3681656692913382
21
-4.5786427165354331
0
LINE
8
BLACK
6
CONTINUOUS
10
6.3681656692913382
20
-4.5786427165354331
11
6.3672616535433066
21
-4.5786427165354331
0
LINE
8
BLACK
6
CONTINUOUS
10
6.3672616535433066
20
-4.5786427165354331
11
6.3666224803149607
21
-4.5780035433070863
0
LINE
8
BLACK
6
CONTINUOUS
10
6.3666224803149607
20
-4.5780035433070863
11
6.3665325590551181
21
-4.5775515354330709
0
LINE
8
BLACK
6
CONTINUOUS
10
6.3665325590551181
20
-4.5775515354330709
11
6.3665325590551181
21
-4.5742332283464568
0
LINE
8
BLACK
6
CONTINUOUS
10
6.3665325590551181
20
-4.5742332283464568
11
6.3519656299212599
21
-4.5742332283464568
0
LINE
8
BLACK
6
CONTINUOUS
10
6.3519656299212599
20
-4.5742332283464568
11
6.3515136220472437
21
-4.5741433070866142
0
LINE
8
BLACK
6
CONTINUOUS
10
6.3515136220472437
20
-4.5741433070866142
11
6.3514276377952754
21
-4.5740573228346459
0
LINE
8
BLACK
6
CONTINUOUS
10
6.3514276377952754
20
-4.5740573228346459
11
6.3513084645669293
21
-4.5740335039370077
0
LINE
8
BLACK
6
CONTINUOUS
10
6.3513084645669293
20
-4.5740335039370077
11
6.3511176771653544
21
-4.573747362204724
0
LINE
8
BLACK
6
CONTINUOUS
10
6.3511176771653544
20
-4.573747362204724
11
6.3508744488188977
21
-4.5735041338582674
0
LINE
8
BLACK
6
CONTINUOUS
10
6.3508744488188977
20
-4.5735041338582674
11
6.3508744488188977
21
-4.5733825196850395
0
LINE
8
BLACK
6
CONTINUOUS
10
6.3508744488188977
20
-4.5733825196850395
11
6.350806968503937
21
-4.5732813385826772
0
LINE
8
BLACK
6
CONTINUOUS
10
6.350806968503937
20
-4.5732813385826772
11
6.3508744488188977
21
-4.5729439370078735
0
LINE
8
BLACK
6
CONTINUOUS
10
6.3508744488188977
20
-4.5729439370078735
11
6.3508744488188977
21
-4.5726001181102358
0
LINE
8
BLACK
6
CONTINUOUS
10
6.3508744488188977
20
-4.5726001181102358
11
6.3509603937007872
21
-4.5725141338582675
0
LINE
8
BLACK
6
CONTINUOUS
10
6.3509603937007872
20
-4.5725141338582675
11
6.3509842519685034
21
-4.5723949606299215
0
LINE
8
BLACK
6
CONTINUOUS
10
6.3509842519685034
20
-4.5723949606299215
11
6.3513104724409448
21
-4.5720694094488188
0
LINE
8
BLACK
6
CONTINUOUS
10
6.3513104724409448
20
-4.5720694094488188
11
6.3534629527559057
21
-4.5706343307086614
0
LINE
8
BLACK
6
CONTINUOUS
10
6.3534629527559057
20
-4.5706343307086614
11
6.3547444488188978
21
-4.5693528346456693
0
LINE
8
BLACK
6
CONTINUOUS
10
6.3547444488188978
20
-4.5693528346456693
11
6.3554086614173224
21
-4.5680244488188979
0
LINE
8
BLACK
6
CONTINUOUS
10
6.3554086614173224
20
-4.5680244488188979
11
6.3556912598425193
21
-4.5676603937007876
0
LINE
8
BLACK
6
CONTINUOUS
10
6.3556912598425193
20
-4.5676603937007876
11
6.356548779527559
21
-4.5673745275590552
0
LINE
8
BLACK
6
CONTINUOUS
10
6.356548779527559
20
-4.5673745275590552
11
6.3573573622047244
21
-4.5677788582677161
0
LINE
8
BLACK
6
CONTINUOUS
10
6.3611064960629919
20
-4.5516517716535434
11
6.361250984251968
21
-4.5516588188976375
0
LINE
8
BLACK
6
CONTINUOUS
10
6.361250984251968
20
-4.5516588188976375
11
6.3642505905511806
21
-4.55240874015748
0
LINE
8
BLACK
6
CONTINUOUS
10
6.3642505905511806
20
-4.55240874015748
11
6.3643675196850396
21
-4.5524639763779531
0
LINE
8
BLACK
6
CONTINUOUS
10
6.3643675196850396
20
-4.5524639763779531
11
6.3644923228346455
21
-4.5524981496062988
0
LINE
8
BLACK
6
CONTINUOUS
10
6.3644923228346455
20
-4.5524981496062988
11
6.3659921259842518
21
-4.5532480314960626
0
LINE
8
BLACK
6
CONTINUOUS
10
6.3659921259842518
20
-4.5532480314960626
11
6.3661416141732285
21
-4.5533640551181103
0
LINE
8
BLACK
6
CONTINUOUS
10
6.3661416141732285
20
-4.5533640551181103
11
6.3662990944881885
21
-4.5534692913385824
0
LINE
8
BLACK
6
CONTINUOUS
10
6.3662990944881885
20
-4.5534692913385824
11
6.3677989370078736
21
-4.5549690551181099
0
LINE
8
BLACK
6
CONTINUOUS
10
6.3677989370078736
20
-4.5549690551181099
11
6.3678318110236223
21
-4.5550182677165356
0
LINE
8
BLACK
6
CONTINUOUS
10
6.3678318110236223
20
-4.5550182677165356
11
6.3678560236220472
21
-4.555030393700787
0
LINE
8
BLACK
6
CONTINUOUS
10
6.3678560236220472
20
-4.555030393700787
11
6.3679498031496058
21
-4.5551948818897641
0
LINE
8
BLACK
6
CONTINUOUS
10
6.3679498031496058
20
-4.5551948818897641
11
6.3680549606299213
21
-4.5553522834645666
0
LINE
8
BLACK
6
CONTINUOUS
10
6.3680549606299213
20
-4.5553522834645666
11
6.3680549606299213
21
-4.5553792913385829
0
LINE
8
BLACK
6
CONTINUOUS
10
6.3680549606299213
20
-4.5553792913385829
11
6.3680842913385822
21
-4.5554307480314957
0
LINE
8
BLACK
6
CONTINUOUS
10
6.3680842913385822
20
-4.5554307480314957
11
6.368834173228346
21
-4.5576805118110233
0
LINE
8
BLACK
6
CONTINUOUS
10
6.368834173228346
20
-4.5576805118110233
11
6.3688577952755905
21
-4.5578683070866139
0
LINE
8
BLACK
6
CONTINUOUS
10
6.3688577952755905
20
-4.5578683070866139
11
6.3688947637795277
21
-4.5580539763779528
0
LINE
8
BLACK
6
CONTINUOUS
10
6.3688947637795277
20
-4.5580539763779528
11
6.3688947637795277
21
-4.5595538188976379
0
LINE
8
BLACK
6
CONTINUOUS
10
6.3688947637795277
20
-4.5595538188976379
11
6.3688578346456692
21
-4.5597394094488184
0
LINE
8
BLACK
6
CONTINUOUS
10
6.3688578346456692
20
-4.5597394094488184
11
6.368834173228346
21
-4.5599273228346453
0
LINE
8
BLACK
6
CONTINUOUS
10
6.368834173228346
20
-4.5599273228346453
11
6.3680842913385822
21
-4.5621770078740154
0
LINE
8
BLACK
6
CONTINUOUS
10
6.3680842913385822
20
-4.5621770078740154
11
6.368055
21
-4.5622283464566928
0
LINE
8
BLACK
6
CONTINUOUS
10
6.368055
20
-4.5622283464566928
11
6.368055
21
-4.5622554724409445
0
LINE
8
BLACK
6
CONTINUOUS
10
6.368055
20
-4.5622554724409445
11
6.3679497244094483
21
-4.5624129527559054
0
LINE
8
BLACK
6
CONTINUOUS
10
6.3679497244094483
20
-4.5624129527559054
11
6.3678560236220472
21
-4.5625773622047241
0
LINE
8
BLACK
6
CONTINUOUS
10
6.3678560236220472
20
-4.5625773622047241
11
6.3678317716535435
21
-4.5625894488188976
0
LINE
8
BLACK
6
CONTINUOUS
10
6.3678317716535435
20
-4.5625894488188976
11
6.3677989370078736
21
-4.5626386614173224
0
LINE
8
BLACK
6
CONTINUOUS
10
6.3677989370078736
20
-4.5626386614173224
11
6.3670490157480311
21
-4.563388582677165
0
LINE
8
BLACK
6
CONTINUOUS
10
6.3670490157480311
20
-4.563388582677165
11
6.3666658267716532
21
-4.5636446062992126
0
LINE
8
BLACK
6
CONTINUOUS
10
6.3666658267716532
20
-4.5636446062992126
11
6.3657618897637791
21
-4.5636446062992126
0
LINE
8
BLACK
6
CONTINUOUS
10
6.3657618897637791
20
-4.5636446062992126
11
6.3651226771653544
21
-4.5630053937007871
0
LINE
8
BLACK
6
CONTINUOUS
10
6.3651226771653544
20
-4.5630053937007871
11
6.3651226771653544
21
-4.562101456692913
0
LINE
8
BLACK
6
CONTINUOUS
10
6.3651226771653544
20
-4.562101456692913
11
6.3653787007874012
21
-4.5617182677165351
0
LINE
8
BLACK
6
CONTINUOUS
10
6.3653787007874012
20
-4.5617182677165351
11
6.365931377952756
21
-4.5611655511811025
0
LINE
8
BLACK
6
CONTINUOUS
10
6.365931377952756
20
-4.5611655511811025
11
6.3665325590551181
21
-4.5593620866141729
0
LINE
8
BLACK
6
CONTINUOUS
10
6.3665325590551181
20
-4.5593620866141729
11
6.3665325590551181
21
-4.5582456692913382
0
LINE
8
BLACK
6
CONTINUOUS
10
6.3665325590551181
20
-4.5582456692913382
11
6.365931377952756
21
-4.5564422047244095
0
LINE
8
BLACK
6
CONTINUOUS
10
6.365931377952756
20
-4.5564422047244095
11
6.3647643307086614
21
-4.555275157480315
0
LINE
8
BLACK
6
CONTINUOUS
10
6.3647643307086614
20
-4.555275157480315
11
6.3635518503937005
21
-4.5546688976377956
0
LINE
8
BLACK
6
CONTINUOUS
10
6.3635518503937005
20
-4.5546688976377956
11
6.3608191732283466
21
-4.5539857480314963
0
LINE
8
BLACK
6
CONTINUOUS
10
6.3608191732283466
20
-4.5539857480314963
11
6.358860157480315
21
-4.5539857480314963
0
LINE
8
BLACK
6
CONTINUOUS
10
6.358860157480315
20
-4.5539857480314963
11
6.3561274015748026
21
-4.5546689370078743
0
LINE
8
BLACK
6
CONTINUOUS
10
6.3561274015748026
20
-4.5546689370078743
11
6.3549150000000001
21
-4.5552751181102362
0
LINE
8
BLACK
6
CONTINUOUS
10
6.3549150000000001
20
-4.5552751181102362
11
6.3537478346456693
21
-4.5564422440944883
0
LINE
8
BLACK
6
CONTINUOUS
10
6.3537478346456693
20
-4.5564422440944883
11
6.3531467322834647
21
-4.5582455905511807
0
LINE
8
BLACK
6
CONTINUOUS
10
6.3531467322834647
20
-4.5582455905511807
11
6.3531467322834647
21
-4.5593621653543304
0
LINE
8
BLACK
6
CONTINUOUS
10
6.3531467322834647
20
-4.5593621653543304
11
6.3537478346456693
21
-4.5611654330708662
0
LINE
8
BLACK
6
CONTINUOUS
10
6.3537478346456693
20
-4.5611654330708662
11
6.3543006299212594
21
-4.5617182677165351
0
LINE
8
BLACK
6
CONTINUOUS
10
6.3543006299212594
20
-4.5617182677165351
11
6.3545566535433071
21
-4.5621014960629918
0
LINE
8
BLACK
6
CONTINUOUS
10
6.3545566535433071
20
-4.5621014960629918
11
6.3545566141732284
21
-4.5630053937007871
0
LINE
8
BLACK
6
CONTINUOUS
10
6.3545566141732284
20
-4.5630053937007871
11
6.353917362204724
21
-4.5636446456692914
0
LINE
8
BLACK
6
CONTINUOUS
10
6.353917362204724
20
-4.5636446456692914
11
6.35301342519685
21
-4.5636446062992126
0
LINE
8
BLACK
6
CONTINUOUS
10
6.35301342519685
20
-4.5636446062992126
11
6.3526302362204721
21
-4.5633885433070862
0
LINE
8
BLACK
6
CONTINUOUS
10
6.3526302362204721
20
-4.5633885433070862
11
6.3518803543307083
21
-4.5626386614173224
0
LINE
8
BLACK
6
CONTINUOUS
10
6.3518803543307083
20
-4.5626386614173224
11
6.3518474409448817
21
-4.5625894094488189
0
LINE
8
BLACK
6
CONTINUOUS
10
6.3518474409448817
20
-4.5625894094488189
11
6.3518233070866144
21
-4.5625773622047241
0
LINE
8
BLACK
6
CONTINUOUS
10
6.3518233070866144
20
-4.5625773622047241
11
6.3517296850393699
21
-4.5624131102362204
0
LINE
8
BLACK
6
CONTINUOUS
10
6.3517296850393699
20
-4.5624131102362204
11
6.3516243307086615
21
-4.5622554330708658
0
LINE
8
BLACK
6
CONTINUOUS
10
6.3516243307086615
20
-4.5622554330708658
11
6.3516243307086615
21
-4.5622283070866141
0
LINE
8
BLACK
6
CONTINUOUS
10
6.3516243307086615
20
-4.5622283070866141
11
6.3515950787401572
21
-4.5621770078740154
0
LINE
8
BLACK
6
CONTINUOUS
10
6.3515950787401572
20
-4.5621770078740154
11
6.3508451574803146
21
-4.5599273228346453
0
LINE
8
BLACK
6
CONTINUOUS
10
6.3508451574803146
20
-4.5599273228346453
11
6.3508214960629923
21
-4.5597396850393697
0
LINE
8
BLACK
6
CONTINUOUS
10
6.3508214960629923
20
-4.5597396850393697
11
6.3507845275590551
21
-4.5595538188976379
0
LINE
8
BLACK
6
CONTINUOUS
10
6.3507845275590551
20
-4.5595538188976379
11
6.3507845275590551
21
-4.5580539763779528
0
LINE
8
BLACK
6
CONTINUOUS
10
6.3507845275590551
20
-4.5580539763779528
11
6.3508214960629923
21
-4.5578680708661414
0
LINE
8
BLACK
6
CONTINUOUS
10
6.3508214960629923
20
-4.5578680708661414
11
6.3508451574803146
21
-4.5576804724409445
0
LINE
8
BLACK
6
CONTINUOUS
10
6.3508451574803146
20
-4.5576804724409445
11
6.3515950787401572
21
-4.5554307480314957
0
LINE
8
BLACK
6
CONTINUOUS
10
6.3515950787401572
20
-4.5554307480314957
11
6.3516243700787403
21
-4.5553793307086616
0
LINE
8
BLACK
6
CONTINUOUS
10
6.3516243700787403
20
-4.5553793307086616
11
6.3516243700787403
21
-4.5553522834645666
0
LINE
8
BLACK
6
CONTINUOUS
10
6.3516243700787403
20
-4.5553522834645666
11
6.3517295275590548
21
-4.5551948425196853
0
LINE
8
BLACK
6
CONTINUOUS
10
6.3517295275590548
20
-4.5551948425196853
11
6.3518233070866144
21
-4.555030393700787
0
LINE
8
BLACK
6
CONTINUOUS
10
6.3518233070866144
20
-4.555030393700787
11
6.3518475196850392
21
-4.5550182677165356
0
LINE
8
BLACK
6
CONTINUOUS
10
6.3518475196850392
20
-4.5550182677165356
11
6.3518803937007871
21
-4.5549690944881887
0
LINE
8
BLACK
6
CONTINUOUS
10
6.3518803937007871
20
-4.5549690944881887
11
6.3533801574803146
21
-4.5534692913385824
0
LINE
8
BLACK
6
CONTINUOUS
10
6.3533801574803146
20
-4.5534692913385824
11
6.3535375196850392
21
-4.5533641338582678
0
LINE
8
BLACK
6
CONTINUOUS
10
6.3535375196850392
20
-4.5533641338582678
11
6.353687165354331
21
-4.5532480314960626
0
LINE
8
BLACK
6
CONTINUOUS
10
6.353687165354331
20
-4.5532480314960626
11
6.3551869685039373
21
-4.5524981496062988
0
LINE
8
BLACK
6
CONTINUOUS
10
6.3551869685039373
20
-4.5524981496062988
11
6.3553117322834645
21
-4.5524639763779531
0
LINE
8
BLACK
6
CONTINUOUS
10
6.3553117322834645
20
-4.5524639763779531
11
6.3554287007874013
21
-4.55240874015748
0
LINE
8
BLACK
6
CONTINUOUS
10
6.3554287007874013
20
-4.55240874015748
11
6.3584283464566926
21
-4.5516588188976375
0
LINE
8
BLACK
6
CONTINUOUS
10
6.3584283464566926
20
-4.5516588188976375
11
6.3585727952755908
21
-4.5516517716535434
0
LINE
8
BLACK
6
CONTINUOUS
10
6.3585727952755908
20
-4.5516517716535434
11
6.3587148031496064
21
-4.5516235433070866
0
LINE
8
BLACK
6
CONTINUOUS
10
6.3587148031496064
20
-4.5516235433070866
11
6.3609645275590552
21
-4.5516235433070866
0
LINE
8
BLACK
6
CONTINUOUS
10
6.3609645275590552
20
-4.5516235433070866
11
6.3611064960629919
21
-4.5516517716535434
0
LINE
8
BLACK
6
CONTINUOUS
10
6.3770525196850389
20
-4.5393624409448821
11
6.3781178740157483
21
-4.5404277952755905
0
LINE
8
BLACK
6
CONTINUOUS
10
6.3781178740157483
20
-4.5404277952755905
11
6.3782677165354329
21
-4.5411811023622048
0
LINE
8
BLACK
6
CONTINUOUS
10
6.3782677165354329
20
-4.5411811023622048
11
6.3782677165354329
21
-4.6041732283464567
0
LINE
8
BLACK
6
CONTINUOUS
10
6.3782677165354329
20
-4.6041732283464567
11
6.3781178740157483
21
-4.6049265354330711
0
LINE
8
BLACK
6
CONTINUOUS
10
6.3781178740157483
20
-4.6049265354330711
11
6.3770525196850389
21
-4.6059918897637795
0
LINE
8
BLACK
6
CONTINUOUS
10
6.3770525196850389
20
-4.6059918897637795
11
6.3762992125984255
21
-4.6061417322834641
0
LINE
8
BLACK
6
CONTINUOUS
10
6.3762992125984255
20
-4.6061417322834641
11
6.3448031496062987
21
-4.6061417322834641
0
LINE
8
BLACK
6
CONTINUOUS
10
6.3448031496062987
20
-4.6061417322834641
11
6.3440498425196852
21
-4.6059918897637795
0
LINE
8
BLACK
6
CONTINUOUS
10
6.3440498425196852
20
-4.6059918897637795
11
6.3429844881889759
21
-4.6049265354330711
0
LINE
8
BLACK
6
CONTINUOUS
10
6.3429844881889759
20
-4.6049265354330711
11
6.3428346456692912
21
-4.6041732283464567
0
LINE
8
BLACK
6
CONTINUOUS
10
6.3428346456692912
20
-4.6041732283464567
11
6.3428346456692912
21
-4.5411811023622048
0
LINE
8
BLACK
6
CONTINUOUS
10
6.3428346456692912
20
-4.5411811023622048
11
6.3429844881889759
21
-4.5404277952755905
0
LINE
8
BLACK
6
CONTINUOUS
10
6.3429844881889759
20
-4.5404277952755905
11
6.3440498425196852
21
-4.5393624409448821
0
LINE
8
BLACK
6
CONTINUOUS
10
6.3440498425196852
20
-4.5393624409448821
11
6.3448031496062987
21
-4.5392125984251965
0
LINE
8
BLACK
6
CONTINUOUS
10
6.3448031496062987
20
-4.5392125984251965
11
6.3762992125984255
21
-4.5392125984251965
0
LINE
8
BLACK
6
CONTINUOUS
10
6.3762992125984255
20
-4.5392125984251965
11
6.3770525196850389
21
-4.5393624409448821
0
LINE
8
BLACK
6
CONTINUOUS
10
6.346771653543307
20
-4.5431496062992123
11
6.346771653543307
21
-4.6022047244094484
0
LINE
8
BLACK
6
CONTINUOUS
10
6.346771653543307
20
-4.6022047244094484
11
6.3743307086614172
21
-4.6022047244094484
0
LINE
8
BLACK
6
CONTINUOUS
10
6.3743307086614172
20
-4.6022047244094484
11
6.3743307086614172
21
-4.5431496062992123
0
LINE
8
BLACK
6
CONTINUOUS
10
6.3743307086614172
20
-4.5431496062992123
11
6.346771653543307
21
-4.5431496062992123
0
LINE
8
BLACK
6
CONTINUOUS
10
5.6472074409448814
20
-4.5709839763779527
11
5.6472557480314958
21
-4.571023503937008
0
LINE
8
BLACK
6
CONTINUOUS
10
5.6472557480314958
20
-4.571023503937008
11
5.6473181889763779
21
-4.571023503937008
0
LINE
8
BLACK
6
CONTINUOUS
10
5.6473181889763779
20
-4.571023503937008
11
5.6475991338582672
21
-4.5713044488188972
0
LINE
8
BLACK
6
CONTINUOUS
10
5.6475991338582672
20
-4.5713044488188972
11
5.647907047244094
21
-4.5715563779527555
0
LINE
8
BLACK
6
CONTINUOUS
10
5.647907047244094
20
-4.5715563779527555
11
5.6479132677165351
21
-4.5716185826771651
0
LINE
8
BLACK
6
CONTINUOUS
10
5.6479132677165351
20
-4.5716185826771651
11
5.6479574409448814
21
-4.5716627559055114
0
LINE
8
BLACK
6
CONTINUOUS
10
5.6479574409448814
20
-4.5716627559055114
11
5.6479574409448814
21
-4.5720604330708658
0
LINE
8
BLACK
6
CONTINUOUS
10
5.6479574409448814
20
-4.5720604330708658
11
5.6479970078740154
21
-4.572455905511811
0
LINE
8
BLACK
6
CONTINUOUS
10
5.6479970078740154
20
-4.572455905511811
11
5.6479574409448814
21
-4.5725042125984254
0
LINE
8
BLACK
6
CONTINUOUS
10
5.6479574409448814
20
-4.5725042125984254
11
5.6479574803149601
21
-4.5725666535433067
0
LINE
8
BLACK
6
CONTINUOUS
10
5.6479574803149601
20
-4.5725666535433067
11
5.6477014566929133
21
-4.5729498818897634
0
LINE
8
BLACK
6
CONTINUOUS
10
5.6477014566929133
20
-4.5729498818897634
11
5.6470870472440939
21
-4.5735642913385828
0
LINE
8
BLACK
6
CONTINUOUS
10
5.6470870472440939
20
-4.5735642913385828
11
5.6465475590551177
21
-4.5746433070866139
0
LINE
8
BLACK
6
CONTINUOUS
10
5.6465475590551177
20
-4.5746433070866139
11
5.6465475590551177
21
-4.5778351181102357
0
LINE
8
BLACK
6
CONTINUOUS
10
5.6465475590551177
20
-4.5778351181102357
11
5.6470870472440939
21
-4.578914094488189
0
LINE
8
BLACK
6
CONTINUOUS
10
5.6470870472440939
20
-4.578914094488189
11
5.6475659448818893
21
-4.5793929921259844
0
LINE
8
BLACK
6
CONTINUOUS
10
5.6475659448818893
20
-4.5793929921259844
11
5.6486449212598426
21
-4.5799324803149606
0
LINE
8
BLACK
6
CONTINUOUS
10
5.6486449212598426
20
-4.5799324803149606
11
5.6518368110236219
21
-4.5799324803149606
0
LINE
8
BLACK
6
CONTINUOUS
10
5.6518368110236219
20
-4.5799324803149606
11
5.6529158267716531
21
-4.5793929527559056
0
LINE
8
BLACK
6
CONTINUOUS
10
5.6529158267716531
20
-4.5793929527559056
11
5.6533946062992122
21
-4.5789141732283465
0
LINE
8
BLACK
6
CONTINUOUS
10
5.6533946062992122
20
-4.5789141732283465
11
5.6539341338582672
21
-4.5778351574803144
0
LINE
8
BLACK
6
CONTINUOUS
10
5.6539341338582672
20
-4.5778351574803144
11
5.6539341338582672
21
-4.5746432283464564
0
LINE
8
BLACK
6
CONTINUOUS
10
5.6539341338582672
20
-4.5746432283464564
11
5.6533946062992122
21
-4.5735642125984253
0
LINE
8
BLACK
6
CONTINUOUS
10
5.6533946062992122
20
-4.5735642125984253
11
5.6527802755905512
21
-4.5729498818897634
0
LINE
8
BLACK
6
CONTINUOUS
10
5.6527802755905512
20
-4.5729498818897634
11
5.6525242519685035
21
-4.5725666929133855
0
LINE
8
BLACK
6
CONTINUOUS
10
5.6525242519685035
20
-4.5725666929133855
11
5.6525242519685035
21
-4.5716627559055114
0
LINE
8
BLACK
6
CONTINUOUS
10
5.6525242519685035
20
-4.5716627559055114
11
5.6531634645669291
21
-4.5710235433070867
0
LINE
8
BLACK
6
CONTINUOUS
10
5.6531634645669291
20
-4.5710235433070867
11
5.6540674015748031
21
-4.5710235433070867
0
LINE
8
BLACK
6
CONTINUOUS
10
5.6540674015748031
20
-4.5710235433070867
11
5.654450590551181
21
-4.5712795669291335
0
LINE
8
BLACK
6
CONTINUOUS
10
5.654450590551181
20
-4.5712795669291335
11
5.6552005118110236
21
-4.572029488188976
0
LINE
8
BLACK
6
CONTINUOUS
10
5.6552005118110236
20
-4.572029488188976
11
5.6553056299212594
21
-4.5721868110236219
0
LINE
8
BLACK
6
CONTINUOUS
10
5.6553056299212594
20
-4.5721868110236219
11
5.6554217716535433
21
-4.5723364566929137
0
LINE
8
BLACK
6
CONTINUOUS
10
5.6554217716535433
20
-4.5723364566929137
11
5.6561716535433071
21
-4.57383625984252
0
LINE
8
BLACK
6
CONTINUOUS
10
5.6561716535433071
20
-4.57383625984252
11
5.6561872440944878
21
-4.5738932677165351
0
LINE
8
BLACK
6
CONTINUOUS
10
5.6561872440944878
20
-4.5738932677165351
11
5.6562064173228341
21
-4.5739124409448815
0
LINE
8
BLACK
6
CONTINUOUS
10
5.6562064173228341
20
-4.5739124409448815
11
5.6562433464566926
21
-4.5740982283464566
0
LINE
8
BLACK
6
CONTINUOUS
10
5.6562433464566926
20
-4.5740982283464566
11
5.6562933464566925
21
-4.5742807480314962
0
LINE
8
BLACK
6
CONTINUOUS
10
5.6562933464566925
20
-4.5742807480314962
11
5.656284763779527
21
-4.5743063779527562
0
LINE
8
BLACK
6
CONTINUOUS
10
5.656284763779527
20
-4.5743063779527562
11
5.6562963385826768
21
-4.5743644488188977
0
LINE
8
BLACK
6
CONTINUOUS
10
5.6562963385826768
20
-4.5743644488188977
11
5.6562963385826768
21
-4.5781139763779528
0
LINE
8
BLACK
6
CONTINUOUS
10
5.6562963385826768
20
-4.5781139763779528
11
5.656284763779527
21
-4.5781720078740156
0
LINE
8
BLACK
6
CONTINUOUS
10
5.656284763779527
20
-4.5781720078740156
11
5.6562933464566925
21
-4.5781976771653543
0
LINE
8
BLACK
6
CONTINUOUS
10
5.6562933464566925
20
-4.5781976771653543
11
5.6562433464566926
21
-4.5783801574803151
0
LINE
8
BLACK
6
CONTINUOUS
10
5.6562433464566926
20
-4.5783801574803151
11
5.6562064173228341
21
-4.5785659842519681
0
LINE
8
BLACK
6
CONTINUOUS
10
5.6562064173228341
20
-4.5785659842519681
11
5.6561872440944878
21
-4.5785851181102357
0
LINE
8
BLACK
6
CONTINUOUS
10
5.6561872440944878
20
-4.5785851181102357
11
5.6561716535433071
21
-4.5786421653543306
0
LINE
8
BLACK
6
CONTINUOUS
10
5.6561716535433071
20
-4.5786421653543306
11
5.6554217716535433
21
-4.5801419685039368
0
LINE
8
BLACK
6
CONTINUOUS
10
5.6554217716535433
20
-4.5801419685039368
11
5.6553056299212594
21
-4.5802915748031499
0
LINE
8
BLACK
6
CONTINUOUS
10
5.6553056299212594
20
-4.5802915748031499
11
5.6552005118110236
21
-4.5804489370078736
0
LINE
8
BLACK
6
CONTINUOUS
10
5.6552005118110236
20
-4.5804489370078736
11
5.654450590551181
21
-4.5811988582677161
0
LINE
8
BLACK
6
CONTINUOUS
10
5.654450590551181
20
-4.5811988582677161
11
5.6542932283464564
21
-4.5813039370078741
0
LINE
8
BLACK
6
CONTINUOUS
10
5.6542932283464564
20
-4.5813039370078741
11
5.6541436220472443
21
-4.5814201181102359
0
LINE
8
BLACK
6
CONTINUOUS
10
5.6541436220472443
20
-4.5814201181102359
11
5.652643818897638
21
-4.5821699999999996
0
LINE
8
BLACK
6
CONTINUOUS
10
5.652643818897638
20
-4.5821699999999996
11
5.6525867716535432
21
-4.5821855905511812
0
LINE
8
BLACK
6
CONTINUOUS
10
5.6525867716535432
20
-4.5821855905511812
11
5.6525676377952756
21
-4.5822047637795276
0
LINE
8
BLACK
6
CONTINUOUS
10
5.6525676377952756
20
-4.5822047637795276
11
5.6523818110236217
21
-4.582241692913386
0
LINE
8
BLACK
6
CONTINUOUS
10
5.6523818110236217
20
-4.582241692913386
11
5.6521993307086609
21
-4.5822916929133859
0
LINE
8
BLACK
6
CONTINUOUS
10
5.6521993307086609
20
-4.5822916929133859
11
5.652173661417323
21
-4.5822831102362205
0
LINE
8
BLACK
6
CONTINUOUS
10
5.652173661417323
20
-4.5822831102362205
11
5.6521156299212594
21
-4.5822946850393702
0
LINE
8
BLACK
6
CONTINUOUS
10
5.6521156299212594
20
-4.5822946850393702
11
5.6483661023622043
21
-4.5822946850393702
0
LINE
8
BLACK
6
CONTINUOUS
10
5.6483661023622043
20
-4.5822946850393702
11
5.6483080314960628
21
-4.5822831102362205
0
LINE
8
BLACK
6
CONTINUOUS
10
5.6483080314960628
20
-4.5822831102362205
11
5.6482824015748028
21
-4.5822916929133859
0
LINE
8
BLACK
6
CONTINUOUS
10
5.6482824015748028
20
-4.5822916929133859
11
5.6480998818897641
21
-4.582241692913386
0
LINE
8
BLACK
6
CONTINUOUS
10
5.6480998818897641
20
-4.582241692913386
11
5.6479140944881889
21
-4.5822047637795276
0
LINE
8
BLACK
6
CONTINUOUS
10
5.6479140944881889
20
-4.5822047637795276
11
5.6478949212598426
21
-4.5821855905511812
0
LINE
8
BLACK
6
CONTINUOUS
10
5.6478949212598426
20
-4.5821855905511812
11
5.6478379133858265
21
-4.5821699999999996
0
LINE
8
BLACK
6
CONTINUOUS
10
5.6478379133858265
20
-4.5821699999999996
11
5.6463380708661415
21
-4.5814201181102359
0
LINE
8
BLACK
6
CONTINUOUS
10
5.6463380708661415
20
-4.5814201181102359
11
5.6461884251968506
21
-4.5813039763779528
0
LINE
8
BLACK
6
CONTINUOUS
10
5.6461884251968506
20
-4.5813039763779528
11
5.646031062992126
21
-4.5811988188976374
0
LINE
8
BLACK
6
CONTINUOUS
10
5.646031062992126
20
-4.5811988188976374
11
5.6452811811023622
21
-4.5804489370078736
0
LINE
8
BLACK
6
CONTINUOUS
10
5.6452811811023622
20
-4.5804489370078736
11
5.645175984251968
21
-4.5802914566929136
0
LINE
8
BLACK
6
CONTINUOUS
10
5.645175984251968
20
-4.5802914566929136
11
5.6450599606299212
21
-4.5801420078740156
0
LINE
8
BLACK
6
CONTINUOUS
10
5.6450599606299212
20
-4.5801420078740156
11
5.6443100393700787
21
-4.5786422047244093
0
LINE
8
BLACK
6
CONTINUOUS
10
5.6443100393700787
20
-4.5786422047244093
11
5.6442944094488183
21
-4.5785851181102357
0
LINE
8
BLACK
6
CONTINUOUS
10
5.6442944094488183
20
-4.5785851181102357
11
5.6442752755905508
21
-4.5785659842519681
0
LINE
8
BLACK
6
CONTINUOUS
10
5.6442752755905508
20
-4.5785659842519681
11
5.6442383070866144
21
-4.5783801968503939
0
LINE
8
BLACK
6
CONTINUOUS
10
5.6442383070866144
20
-4.5783801968503939
11
5.6441883464566924
21
-4.5781976771653543
0
LINE
8
BLACK
6
CONTINUOUS
10
5.6441883464566924
20
-4.5781976771653543
11
5.6441968897637791
21
-4.5781720078740156
0
LINE
8
BLACK
6
CONTINUOUS
10
5.6441968897637791
20
-4.5781720078740156
11
5.6441853543307081
21
-4.5781139763779528
0
LINE
8
BLACK
6
CONTINUOUS
10
5.6441853543307081
20
-4.5781139763779528
11
5.6441853543307081
21
-4.5743644488188977
0
LINE
8
BLACK
6
CONTINUOUS
10
5.6441853543307081
20
-4.5743644488188977
11
5.6441968897637791
21
-4.5743063779527562
0
LINE
8
BLACK
6
CONTINUOUS
10
5.6441968897637791
20
-4.5743063779527562
11
5.6441883464566924
21
-4.5742807480314962
0
LINE
8
BLACK
6
CONTINUOUS
10
5.6441883464566924
20
-4.5742807480314962
11
5.6442383070866144
21
-4.5740981889763779
0
LINE
8
BLACK
6
CONTINUOUS
10
5.6442383070866144
20
-4.5740981889763779
11
5.6442752755905508
21
-4.5739124409448815
0
LINE
8
BLACK
6
CONTINUOUS
10
5.6442752755905508
20
-4.5739124409448815
11
5.6442944094488183
21
-4.5738932677165351
0
LINE
8
BLACK
6
CONTINUOUS
10
5.6442944094488183
20
-4.5738932677165351
11
5.6443100393700787
21
-4.5738362204724412
0
LINE
8
BLACK
6
CONTINUOUS
10
5.6443100393700787
20
-4.5738362204724412
11
5.6444568110236215
21
-4.5735426377952759
0
LINE
8
BLACK
6
CONTINUOUS
10
5.6444568110236215
20
-4.5735426377952759
11
5.6405483070866138
21
-4.5739335039370079
0
LINE
8
BLACK
6
CONTINUOUS
10
5.6405483070866138
20
-4.5739335039370079
11
5.6405483070866138
21
-4.5803637007874016
0
LINE
8
BLACK
6
CONTINUOUS
10
5.6405483070866138
20
-4.5803637007874016
11
5.6404583858267712
21
-4.580815708661417
0
LINE
8
BLACK
6
CONTINUOUS
10
5.6404583858267712
20
-4.580815708661417
11
5.6398192125984252
21
-4.5814548818897638
0
LINE
8
BLACK
6
CONTINUOUS
10
5.6398192125984252
20
-4.5814548818897638
11
5.6389151968503937
21
-4.5814548818897638
0
LINE
8
BLACK
6
CONTINUOUS
10
5.6389151968503937
20
-4.5814548818897638
11
5.6382760236220468
21
-4.580815708661417
0
LINE
8
BLACK
6
CONTINUOUS
10
5.6382760236220468
20
-4.580815708661417
11
5.6381861023622042
21
-4.5803637007874016
0
LINE
8
BLACK
6
CONTINUOUS
10
5.6381861023622042
20
-4.5803637007874016
11
5.6381861023622042
21
-4.5728646456692914
0
LINE
8
BLACK
6
CONTINUOUS
10
5.6381861023622042
20
-4.5728646456692914
11
5.6382422834645665
21
-4.5725820472440946
0
LINE
8
BLACK
6
CONTINUOUS
10
5.6382422834645665
20
-4.5725820472440946
11
5.6382364566929128
21
-4.5725234645669293
0
LINE
8
BLACK
6
CONTINUOUS
10
5.6382364566929128
20
-4.5725234645669293
11
5.6382595669291335
21
-4.572495157480315
0
LINE
8
BLACK
6
CONTINUOUS
10
5.6382595669291335
20
-4.572495157480315
11
5.6382760236220468
21
-4.5724126377952752
0
LINE
8
BLACK
6
CONTINUOUS
10
5.6382760236220468
20
-4.5724126377952752
11
5.6385570866141732
21
-4.5721315354330709
0
LINE
8
BLACK
6
CONTINUOUS
10
5.6385570866141732
20
-4.5721315354330709
11
5.6388088582677165
21
-4.5718238582677166
0
LINE
8
BLACK
6
CONTINUOUS
10
5.6388088582677165
20
-4.5718238582677166
11
5.6388893307086612
21
-4.571799291338583
0
LINE
8
BLACK
6
CONTINUOUS
10
5.6388893307086612
20
-4.571799291338583
11
5.6389151968503937
21
-4.5717734645669292
0
LINE
8
BLACK
6
CONTINUOUS
10
5.6389151968503937
20
-4.5717734645669292
11
5.638974094488189
21
-4.5717734645669292
0
LINE
8
BLACK
6
CONTINUOUS
10
5.638974094488189
20
-4.5717734645669292
11
5.6392496850393696
21
-4.571689409448819
0
LINE
8
BLACK
6
CONTINUOUS
10
5.6392496850393696
20
-4.571689409448819
11
5.6467487401574799
21
-4.5709394881889764
0
LINE
8
BLACK
6
CONTINUOUS
10
5.6467487401574799
20
-4.5709394881889764
11
5.6472074409448814
21
-4.5709839763779527
0
LINE
8
BLACK
6
CONTINUOUS
10
5.6485080708661419
20
-4.5552138188976379
11
5.648652559055118
21
-4.5552208661417319
0
LINE
8
BLACK
6
CONTINUOUS
10
5.648652559055118
20
-4.5552208661417319
11
5.6516521653543306
21
-4.5559707874015745
0
LINE
8
BLACK
6
CONTINUOUS
10
5.6516521653543306
20
-4.5559707874015745
11
5.6517690944881886
21
-4.5560260236220476
0
LINE
8
BLACK
6
CONTINUOUS
10
5.6517690944881886
20
-4.5560260236220476
11
5.6518938976377955
21
-4.5560601968503933
0
LINE
8
BLACK
6
CONTINUOUS
10
5.6518938976377955
20
-4.5560601968503933
11
5.6533937007874018
21
-4.5568100787401571
0
LINE
8
BLACK
6
CONTINUOUS
10
5.6533937007874018
20
-4.5568100787401571
11
5.6535431889763776
21
-4.5569261023622047
0
LINE
8
BLACK
6
CONTINUOUS
10
5.6535431889763776
20
-4.5569261023622047
11
5.6537006692913385
21
-4.5570313385826768
0
LINE
8
BLACK
6
CONTINUOUS
10
5.6537006692913385
20
-4.5570313385826768
11
5.6552005118110236
21
-4.5585311023622044
0
LINE
8
BLACK
6
CONTINUOUS
10
5.6552005118110236
20
-4.5585311023622044
11
5.6552333858267714
21
-4.5585803149606301
0
LINE
8
BLACK
6
CONTINUOUS
10
5.6552333858267714
20
-4.5585803149606301
11
5.6552575984251972
21
-4.5585924409448815
0
LINE
8
BLACK
6
CONTINUOUS
10
5.6552575984251972
20
-4.5585924409448815
11
5.6553513779527558
21
-4.5587569291338585
0
LINE
8
BLACK
6
CONTINUOUS
10
5.6553513779527558
20
-4.5587569291338585
11
5.6554565354330704
21
-4.558914330708661
0
LINE
8
BLACK
6
CONTINUOUS
10
5.6554565354330704
20
-4.558914330708661
11
5.6554565354330704
21
-4.5589413385826774
0
LINE
8
BLACK
6
CONTINUOUS
10
5.6554565354330704
20
-4.5589413385826774
11
5.6554858661417322
21
-4.5589927952755902
0
LINE
8
BLACK
6
CONTINUOUS
10
5.6554858661417322
20
-4.5589927952755902
11
5.656235748031496
21
-4.5612425590551178
0
LINE
8
BLACK
6
CONTINUOUS
10
5.656235748031496
20
-4.5612425590551178
11
5.6562593700787405
21
-4.5614303543307084
0
LINE
8
BLACK
6
CONTINUOUS
10
5.6562593700787405
20
-4.5614303543307084
11
5.6562963385826768
21
-4.5616160236220473
0
LINE
8
BLACK
6
CONTINUOUS
10
5.6562963385826768
20
-4.5616160236220473
11
5.6562963385826768
21
-4.5631158661417324
0
LINE
8
BLACK
6
CONTINUOUS
10
5.6562963385826768
20
-4.5631158661417324
11
5.6562594094488183
21
-4.5633014566929129
0
LINE
8
BLACK
6
CONTINUOUS
10
5.6562594094488183
20
-4.5633014566929129
11
5.656235748031496
21
-4.5634893700787398
0
LINE
8
BLACK
6
CONTINUOUS
10
5.656235748031496
20
-4.5634893700787398
11
5.6554858661417322
21
-4.5657390551181098
0
LINE
8
BLACK
6
CONTINUOUS
10
5.6554858661417322
20
-4.5657390551181098
11
5.6554565748031491
21
-4.5657903937007873
0
LINE
8
BLACK
6
CONTINUOUS
10
5.6554565748031491
20
-4.5657903937007873
11
5.6554565748031491
21
-4.565817519685039
0
LINE
8
BLACK
6
CONTINUOUS
10
5.6554565748031491
20
-4.565817519685039
11
5.6553512992125983
21
-4.5659749999999999
0
LINE
8
BLACK
6
CONTINUOUS
10
5.6553512992125983
20
-4.5659749999999999
11
5.6552575984251972
21
-4.5661394094488186
0
LINE
8
BLACK
6
CONTINUOUS
10
5.6552575984251972
20
-4.5661394094488186
11
5.6552333464566926
21
-4.5661514960629921
0
LINE
8
BLACK
6
CONTINUOUS
10
5.6552333464566926
20
-4.5661514960629921
11
5.6552005118110236
21
-4.5662007086614169
0
LINE
8
BLACK
6
CONTINUOUS
10
5.6552005118110236
20
-4.5662007086614169
11
5.654450590551181
21
-4.5669506299212594
0
LINE
8
BLACK
6
CONTINUOUS
10
5.654450590551181
20
-4.5669506299212594
11
5.6540674015748031
21
-4.5672066535433071
0
LINE
8
BLACK
6
CONTINUOUS
10
5.6540674015748031
20
-4.5672066535433071
11
5.6531634645669291
21
-4.5672066535433071
0
LINE
8
BLACK
6
CONTINUOUS
10
5.6531634645669291
20
-4.5672066535433071
11
5.6525242519685035
21
-4.5665674409448815
0
LINE
8
BLACK
6
CONTINUOUS
10
5.6525242519685035
20
-4.5665674409448815
11
5.6525242519685035
21
-4.5656635039370075
0
LINE
8
BLACK
6
CONTINUOUS
10
5.6525242519685035
20
-4.5656635039370075
11
5.6527802755905512
21
-4.5652803149606296
0
LINE
8
BLACK
6
CONTINUOUS
10
5.6527802755905512
20
-4.5652803149606296
11
5.6533329527559051
21
-4.5647275984251969
0
LINE
8
BLACK
6
CONTINUOUS
10
5.6533329527559051
20
-4.5647275984251969
11
5.6539341338582672
21
-4.5629241338582673
0
LINE
8
BLACK
6
CONTINUOUS
10
5.6539341338582672
20
-4.5629241338582673
11
5.6539341338582672
21
-4.5618077165354327
0
LINE
8
BLACK
6
CONTINUOUS
10
5.6539341338582672
20
-4.5618077165354327
11
5.6533329527559051
21
-4.560004251968504
0
LINE
8
BLACK
6
CONTINUOUS
10
5.6533329527559051
20
-4.560004251968504
11
5.6521659055118105
21
-4.5588372047244095
0
LINE
8
BLACK
6
CONTINUOUS
10
5.6521659055118105
20
-4.5588372047244095
11
5.6509534251968505
21
-4.5582309448818901
0
LINE
8
BLACK
6
CONTINUOUS
10
5.6509534251968505
20
-4.5582309448818901
11
5.6482207480314957
21
-4.5575477952755907
0
LINE
8
BLACK
6
CONTINUOUS
10
5.6482207480314957
20
-4.5575477952755907
11
5.6462617322834641
21
-4.5575477952755907
0
LINE
8
BLACK
6
CONTINUOUS
10
5.6462617322834641
20
-4.5575477952755907
11
5.6435289763779526
21
-4.5582309842519688
0
LINE
8
BLACK
6
CONTINUOUS
10
5.6435289763779526
20
-4.5582309842519688
11
5.6423165748031492
21
-4.5588371653543307
0
LINE
8
BLACK
6
CONTINUOUS
10
5.6423165748031492
20
-4.5588371653543307
11
5.6411494094488184
21
-4.5600042913385828
0
LINE
8
BLACK
6
CONTINUOUS
10
5.6411494094488184
20
-4.5600042913385828
11
5.6405483070866138
21
-4.5618076377952752
0
LINE
8
BLACK
6
CONTINUOUS
10
5.6405483070866138
20
-4.5618076377952752
11
5.6405483070866138
21
-4.5629242125984248
0
LINE
8
BLACK
6
CONTINUOUS
10
5.6405483070866138
20
-4.5629242125984248
11
5.6411494094488184
21
-4.5647274803149607
0
LINE
8
BLACK
6
CONTINUOUS
10
5.6411494094488184
20
-4.5647274803149607
11
5.6417022047244094
21
-4.5652803149606296
0
LINE
8
BLACK
6
CONTINUOUS
10
5.6417022047244094
20
-4.5652803149606296
11
5.6419582283464562
21
-4.5656635433070862
0
LINE
8
BLACK
6
CONTINUOUS
10
5.6419582283464562
20
-4.5656635433070862
11
5.6419581889763775
21
-4.5665674409448815
0
LINE
8
BLACK
6
CONTINUOUS
10
5.6419581889763775
20
-4.5665674409448815
11
5.641318937007874
21
-4.5672066929133859
0
LINE
8
BLACK
6
CONTINUOUS
10
5.641318937007874
20
-4.5672066929133859
11
5.640415
21
-4.5672066535433071
0
LINE
8
BLACK
6
CONTINUOUS
10
5.640415
20
-4.5672066535433071
11
5.6400318110236221
21
-4.5669505905511807
0
LINE
8
BLACK
6
CONTINUOUS
10
5.6400318110236221
20
-4.5669505905511807
11
5.6392819291338583
21
-4.5662007086614169
0
LINE
8
BLACK
6
CONTINUOUS
10
5.6392819291338583
20
-4.5662007086614169
11
5.6392490157480317
21
-4.5661514566929133
0
LINE
8
BLACK
6
CONTINUOUS
10
5.6392490157480317
20
-4.5661514566929133
11
5.6392248818897635
21
-4.5661394094488186
0
LINE
8
BLACK
6
CONTINUOUS
10
5.6392248818897635
20
-4.5661394094488186
11
5.6391312598425198
21
-4.5659751574803149
0
LINE
8
BLACK
6
CONTINUOUS
10
5.6391312598425198
20
-4.5659751574803149
11
5.6390259055118106
21
-4.5658174803149603
0
LINE
8
BLACK
6
CONTINUOUS
10
5.6390259055118106
20
-4.5658174803149603
11
5.6390259055118106
21
-4.5657903543307086
0
LINE
8
BLACK
6
CONTINUOUS
10
5.6390259055118106
20
-4.5657903543307086
11
5.6389966535433071
21
-4.5657390551181098
0
LINE
8
BLACK
6
CONTINUOUS
10
5.6389966535433071
20
-4.5657390551181098
11
5.6382467322834646
21
-4.5634893700787398
0
LINE
8
BLACK
6
CONTINUOUS
10
5.6382467322834646
20
-4.5634893700787398
11
5.6382230708661414
21
-4.5633017322834641
0
LINE
8
BLACK
6
CONTINUOUS
10
5.6382230708661414
20
-4.5633017322834641
11
5.6381861023622042
21
-4.5631158661417324
0
LINE
8
BLACK
6
CONTINUOUS
10
5.6381861023622042
20
-4.5631158661417324
11
5.6381861023622042
21
-4.5616160236220473
0
LINE
8
BLACK
6
CONTINUOUS
10
5.6381861023622042
20
-4.5616160236220473
11
5.6382230708661414
21
-4.5614301181102359
0
LINE
8
BLACK
6
CONTINUOUS
10
5.6382230708661414
20
-4.5614301181102359
11
5.6382467322834646
21
-4.561242519685039
0
LINE
8
BLACK
6
CONTINUOUS
10
5.6382467322834646
20
-4.561242519685039
11
5.6389966535433071
21
-4.5589927952755902
0
LINE
8
BLACK
6
CONTINUOUS
10
5.6389966535433071
20
-4.5589927952755902
11
5.6390259448818894
21
-4.5589413779527561
0
LINE
8
BLACK
6
CONTINUOUS
10
5.6390259448818894
20
-4.5589413779527561
11
5.6390259448818894
21
-4.558914330708661
0
LINE
8
BLACK
6
CONTINUOUS
10
5.6390259448818894
20
-4.558914330708661
11
5.6391311023622048
21
-4.5587568897637798
0
LINE
8
BLACK
6
CONTINUOUS
10
5.6391311023622048
20
-4.5587568897637798
11
5.6392248818897635
21
-4.5585924409448815
0
LINE
8
BLACK
6
CONTINUOUS
10
5.6392248818897635
20
-4.5585924409448815
11
5.6392490944881892
21
-4.5585803149606301
0
LINE
8
BLACK
6
CONTINUOUS
10
5.6392490944881892
20
-4.5585803149606301
11
5.639281968503937
21
-4.5585311417322831
0
LINE
8
BLACK
6
CONTINUOUS
10
5.639281968503937
20
-4.5585311417322831
11
5.6407817322834646
21
-4.5570313385826768
0
LINE
8
BLACK
6
CONTINUOUS
10
5.6407817322834646
20
-4.5570313385826768
11
5.6409390944881892
21
-4.5569261811023622
0
LINE
8
BLACK
6
CONTINUOUS
10
5.6409390944881892
20
-4.5569261811023622
11
5.6410887401574801
21
-4.5568100787401571
0
LINE
8
BLACK
6
CONTINUOUS
10
5.6410887401574801
20
-4.5568100787401571
11
5.6425885433070864
21
-4.5560601968503933
0
LINE
8
BLACK
6
CONTINUOUS
10
5.6425885433070864
20
-4.5560601968503933
11
5.6427133070866144
21
-4.5560260236220476
0
LINE
8
BLACK
6
CONTINUOUS
10
5.6427133070866144
20
-4.5560260236220476
11
5.6428302755905513
21
-4.5559707874015745
0
LINE
8
BLACK
6
CONTINUOUS
10
5.6428302755905513
20
-4.5559707874015745
11
5.6458299212598426
21
-4.5552208661417319
0
LINE
8
BLACK
6
CONTINUOUS
10
5.6458299212598426
20
-4.5552208661417319
11
5.6459743700787399
21
-4.5552138188976379
0
LINE
8
BLACK
6
CONTINUOUS
10
5.6459743700787399
20
-4.5552138188976379
11
5.6461163779527554
21
-4.5551855905511811
0
LINE
8
BLACK
6
CONTINUOUS
10
5.6461163779527554
20
-4.5551855905511811
11
5.6483661023622043
21
-4.5551855905511811
0
LINE
8
BLACK
6
CONTINUOUS
10
5.6483661023622043
20
-4.5551855905511811
11
5.6485080708661419
21
-4.5552138188976379
0
LINE
8
BLACK
6
CONTINUOUS
10
5.6644540944881889
20
-4.5354254330708663
11
5.6655194488188974
21
-4.5364907874015747
0
LINE
8
BLACK
6
CONTINUOUS
10
5.6655194488188974
20
-4.5364907874015747
11
5.6656692913385829
21
-4.5372440944881891
0
LINE
8
BLACK
6
CONTINUOUS
10
5.6656692913385829
20
-4.5372440944881891
11
5.6656692913385829
21
-4.600236220472441
0
LINE
8
BLACK
6
CONTINUOUS
10
5.6656692913385829
20
-4.600236220472441
11
5.6655194488188974
21
-4.6009895275590553
0
LINE
8
BLACK
6
CONTINUOUS
10
5.6655194488188974
20
-4.6009895275590553
11
5.6644540944881889
21
-4.6020548818897637
0
LINE
8
BLACK
6
CONTINUOUS
10
5.6644540944881889
20
-4.6020548818897637
11
5.6637007874015746
21
-4.6022047244094484
0
LINE
8
BLACK
6
CONTINUOUS
10
5.6637007874015746
20
-4.6022047244094484
11
5.6322047244094486
21
-4.6022047244094484
0
LINE
8
BLACK
6
CONTINUOUS
10
5.6322047244094486
20
-4.6022047244094484
11
5.6314514173228343
21
-4.6020548818897637
0
LINE
8
BLACK
6
CONTINUOUS
10
5.6314514173228343
20
-4.6020548818897637
11
5.6303860629921259
21
-4.6009895275590553
0
LINE
8
BLACK
6
CONTINUOUS
10
5.6303860629921259
20
-4.6009895275590553
11
5.6302362204724412
21
-4.600236220472441
0
LINE
8
BLACK
6
CONTINUOUS
10
5.6302362204724412
20
-4.600236220472441
11
5.6302362204724412
21
-4.5372440944881891
0
LINE
8
BLACK
6
CONTINUOUS
10
5.6302362204724412
20
-4.5372440944881891
11
5.6303860629921259
21
-4.5364907874015747
0
LINE
8
BLACK
6
CONTINUOUS
10
5.6303860629921259
20
-4.5364907874015747
11
5.6314514173228343
21
-4.5354254330708663
0
LINE
8
BLACK
6
CONTINUOUS
10
5.6314514173228343
20
-4.5354254330708663
11
5.6322047244094486
21
-4.5352755905511808
0
LINE
8
BLACK
6
CONTINUOUS
10
5.6322047244094486
20
-4.5352755905511808
11
5.6637007874015746
21
-4.5352755905511808
0
LINE
8
BLACK
6
CONTINUOUS
10
5.6637007874015746
20
-4.5352755905511808
11
5.6644540944881889
21
-4.5354254330708663
0
LINE
8
BLACK
6
CONTINUOUS
10
5.634173228346457
20
-4.5392125984251965
11
5.634173228346457
21
-4.5982677165354326
0
LINE
8
BLACK
6
CONTINUOUS
10
5.634173228346457
20
-4.5982677165354326
11
5.6617322834645671
21
-4.5982677165354326
0
LINE
8
BLACK
6
CONTINUOUS
10
5.6617322834645671
20
-4.5982677165354326
11
5.6617322834645671
21
-4.5392125984251965
0
LINE
8
BLACK
6
CONTINUOUS
10
5.6617322834645671
20
-4.5392125984251965
11
5.634173228346457
21
-4.5392125984251965
0
LINE
8
BLACK
6
CONTINUOUS
10
5.7151657874015749
20
-4.570945157480315
11
5.7151914566929136
21
-4.5709366141732284
0
LINE
8
BLACK
6
CONTINUOUS
10
5.7151914566929136
20
-4.5709366141732284
11
5.7153739763779523
21
-4.5709865748031495
0
LINE
8
BLACK
6
CONTINUOUS
10
5.7153739763779523
20
-4.5709865748031495
11
5.7155597637795275
21
-4.5710235433070867
0
LINE
8
BLACK
6
CONTINUOUS
10
5.7155597637795275
20
-4.5710235433070867
11
5.715578897637795
21
-4.5710426771653543
0
LINE
8
BLACK
6
CONTINUOUS
10
5.715578897637795
20
-4.5710426771653543
11
5.7156359842519686
21
-4.5710583070866138
0
LINE
8
BLACK
6
CONTINUOUS
10
5.7156359842519686
20
-4.5710583070866138
11
5.7171357874015749
21
-4.5718082283464563
0
LINE
8
BLACK
6
CONTINUOUS
10
5.7171357874015749
20
-4.5718082283464563
11
5.717285236220472
21
-4.5719242519685039
0
LINE
8
BLACK
6
CONTINUOUS
10
5.717285236220472
20
-4.5719242519685039
11
5.7174427165354329
21
-4.5720294488188973
0
LINE
8
BLACK
6
CONTINUOUS
10
5.7174427165354329
20
-4.5720294488188973
11
5.7181925984251967
21
-4.572779330708661
0
LINE
8
BLACK
6
CONTINUOUS
10
5.7181925984251967
20
-4.572779330708661
11
5.7182976771653546
21
-4.5729365748031494
0
LINE
8
BLACK
6
CONTINUOUS
10
5.7182976771653546
20
-4.5729365748031494
11
5.7184138976377952
21
-4.5730863385826774
0
LINE
8
BLACK
6
CONTINUOUS
10
5.7184138976377952
20
-4.5730863385826774
11
5.7191637795275589
21
-4.5745861417322837
0
LINE
8
BLACK
6
CONTINUOUS
10
5.7191637795275589
20
-4.5745861417322837
11
5.7191793700787397
21
-4.5746431496062989
0
LINE
8
BLACK
6
CONTINUOUS
10
5.7191793700787397
20
-4.5746431496062989
11
5.7191985433070869
21
-4.5746623228346452
0
LINE
8
BLACK
6
CONTINUOUS
10
5.7191985433070869
20
-4.5746623228346452
11
5.7192354724409444
21
-4.5748481102362204
0
LINE
8
BLACK
6
CONTINUOUS
10
5.7192354724409444
20
-4.5748481102362204
11
5.7192854724409443
21
-4.57503062992126
0
LINE
8
BLACK
6
CONTINUOUS
10
5.7192854724409443
20
-4.57503062992126
11
5.7192768897637798
21
-4.57505625984252
0
LINE
8
BLACK
6
CONTINUOUS
10
5.7192768897637798
20
-4.57505625984252
11
5.7192884645669286
21
-4.5751143307086615
0
LINE
8
BLACK
6
CONTINUOUS
10
5.7192884645669286
20
-4.5751143307086615
11
5.7192884645669286
21
-4.5781139763779528
0
LINE
8
BLACK
6
CONTINUOUS
10
5.7192884645669286
20
-4.5781139763779528
11
5.7192768897637798
21
-4.5781720078740156
0
LINE
8
BLACK
6
CONTINUOUS
10
5.7192768897637798
20
-4.5781720078740156
11
5.7192854724409443
21
-4.5781976771653543
0
LINE
8
BLACK
6
CONTINUOUS
10
5.7192854724409443
20
-4.5781976771653543
11
5.7192354724409444
21
-4.5783801574803151
0
LINE
8
BLACK
6
CONTINUOUS
10
5.7192354724409444
20
-4.5783801574803151
11
5.7191985433070869
21
-4.5785659842519681
0
LINE
8
BLACK
6
CONTINUOUS
10
5.7191985433070869
20
-4.5785659842519681
11
5.7191793700787397
21
-4.5785851181102357
0
LINE
8
BLACK
6
CONTINUOUS
10
5.7191793700787397
20
-4.5785851181102357
11
5.7191637795275589
21
-4.5786421653543306
0
LINE
8
BLACK
6
CONTINUOUS
10
5.7191637795275589
20
-4.5786421653543306
11
5.7184138976377952
21
-4.5801419685039368
0
LINE
8
BLACK
6
CONTINUOUS
10
5.7184138976377952
20
-4.5801419685039368
11
5.7182977559055113
21
-4.5802915748031499
0
LINE
8
BLACK
6
CONTINUOUS
10
5.7182977559055113
20
-4.5802915748031499
11
5.7181926377952754
21
-4.5804489370078736
0
LINE
8
BLACK
6
CONTINUOUS
10
5.7181926377952754
20
-4.5804489370078736
11
5.7174427165354329
21
-4.5811988582677161
0
LINE
8
BLACK
6
CONTINUOUS
10
5.7174427165354329
20
-4.5811988582677161
11
5.7172853543307083
21
-4.5813039370078741
0
LINE
8
BLACK
6
CONTINUOUS
10
5.7172853543307083
20
-4.5813039370078741
11
5.7171357480314962
21
-4.5814201181102359
0
LINE
8
BLACK
6
CONTINUOUS
10
5.7171357480314962
20
-4.5814201181102359
11
5.7156359448818899
21
-4.5821699999999996
0
LINE
8
BLACK
6
CONTINUOUS
10
5.7156359448818899
20
-4.5821699999999996
11
5.715578897637795
21
-4.5821855905511812
0
LINE
8
BLACK
6
CONTINUOUS
10
5.715578897637795
20
-4.5821855905511812
11
5.7155597637795275
21
-4.5822047637795276
0
LINE
8
BLACK
6
CONTINUOUS
10
5.7155597637795275
20
-4.5822047637795276
11
5.7153739370078736
21
-4.582241692913386
0
LINE
8
BLACK
6
CONTINUOUS
10
5.7153739370078736
20
-4.582241692913386
11
5.7151914566929136
21
-4.5822916929133859
0
LINE
8
BLACK
6
CONTINUOUS
10
5.7151914566929136
20
-4.5822916929133859
11
5.7151657874015749
21
-4.5822831102362205
0
LINE
8
BLACK
6
CONTINUOUS
10
5.7151657874015749
20
-4.5822831102362205
11
5.7151077559055121
21
-4.5822946850393702
0
LINE
8
BLACK
6
CONTINUOUS
10
5.7151077559055121
20
-4.5822946850393702
11
5.7113582283464561
21
-4.5822946850393702
0
LINE
8
BLACK
6
CONTINUOUS
10
5.7113582283464561
20
-4.5822946850393702
11
5.7113001574803146
21
-4.5822831102362205
0
LINE
8
BLACK
6
CONTINUOUS
10
5.7113001574803146
20
-4.5822831102362205
11
5.7112745275590546
21
-4.5822916929133859
0
LINE
8
BLACK
6
CONTINUOUS
10
5.7112745275590546
20
-4.5822916929133859
11
5.7110920078740159
21
-4.582241692913386
0
LINE
8
BLACK
6
CONTINUOUS
10
5.7110920078740159
20
-4.582241692913386
11
5.7109062204724408
21
-4.5822047637795276
0
LINE
8
BLACK
6
CONTINUOUS
10
5.7109062204724408
20
-4.5822047637795276
11
5.7108870472440945
21
-4.5821855905511812
0
LINE
8
BLACK
6
CONTINUOUS
10
5.7108870472440945
20
-4.5821855905511812
11
5.7108300393700784
21
-4.5821699999999996
0
LINE
8
BLACK
6
CONTINUOUS
10
5.7108300393700784
20
-4.5821699999999996
11
5.7093301968503933
21
-4.5814201181102359
0
LINE
8
BLACK
6
CONTINUOUS
10
5.7093301968503933
20
-4.5814201181102359
11
5.7091805511811025
21
-4.5813039763779528
0
LINE
8
BLACK
6
CONTINUOUS
10
5.7091805511811025
20
-4.5813039763779528
11
5.7090231889763778
21
-4.5811988188976374
0
LINE
8
BLACK
6
CONTINUOUS
10
5.7090231889763778
20
-4.5811988188976374
11
5.7082733070866141
21
-4.5804489370078736
0
LINE
8
BLACK
6
CONTINUOUS
10
5.7082733070866141
20
-4.5804489370078736
11
5.7081681102362207
21
-4.5802914566929136
0
LINE
8
BLACK
6
CONTINUOUS
10
5.7081681102362207
20
-4.5802914566929136
11
5.7080520866141731
21
-4.5801420078740156
0
LINE
8
BLACK
6
CONTINUOUS
10
5.7080520866141731
20
-4.5801420078740156
11
5.7073021653543305
21
-4.5786422047244093
0
LINE
8
BLACK
6
CONTINUOUS
10
5.7073021653543305
20
-4.5786422047244093
11
5.7072865354330711
21
-4.5785851181102357
0
LINE
8
BLACK
6
CONTINUOUS
10
5.7072865354330711
20
-4.5785851181102357
11
5.7072674015748026
21
-4.5785659842519681
0
LINE
8
BLACK
6
CONTINUOUS
10
5.7072674015748026
20
-4.5785659842519681
11
5.7072304330708663
21
-4.5783801968503939
0
LINE
8
BLACK
6
CONTINUOUS
10
5.7072304330708663
20
-4.5783801968503939
11
5.7071804724409452
21
-4.5781976771653543
0
LINE
8
BLACK
6
CONTINUOUS
10
5.7071804724409452
20
-4.5781976771653543
11
5.7071890157480309
21
-4.5781720078740156
0
LINE
8
BLACK
6
CONTINUOUS
10
5.7071890157480309
20
-4.5781720078740156
11
5.7071774803149609
21
-4.5781139763779528
0
LINE
8
BLACK
6
CONTINUOUS
10
5.7071774803149609
20
-4.5781139763779528
11
5.7071774803149609
21
-4.5751143307086615
0
LINE
8
BLACK
6
CONTINUOUS
10
5.7071774803149609
20
-4.5751143307086615
11
5.7071890157480309
21
-4.57505625984252
0
LINE
8
BLACK
6
CONTINUOUS
10
5.7071890157480309
20
-4.57505625984252
11
5.7071804724409452
21
-4.57503062992126
0
LINE
8
BLACK
6
CONTINUOUS
10
5.7071804724409452
20
-4.57503062992126
11
5.7072304330708663
21
-4.5748480708661416
0
LINE
8
BLACK
6
CONTINUOUS
10
5.7072304330708663
20
-4.5748480708661416
11
5.7072674015748026
21
-4.5746623228346452
0
LINE
8
BLACK
6
CONTINUOUS
10
5.7072674015748026
20
-4.5746623228346452
11
5.7072865354330711
21
-4.5746431496062989
0
LINE
8
BLACK
6
CONTINUOUS
10
5.7072865354330711
20
-4.5746431496062989
11
5.7073021653543305
21
-4.574586102362205
0
LINE
8
BLACK
6
CONTINUOUS
10
5.7073021653543305
20
-4.574586102362205
11
5.7077606299212595
21
-4.5736690944881886
0
LINE
8
BLACK
6
CONTINUOUS
10
5.7077606299212595
20
-4.5736690944881886
11
5.7065938582677163
21
-4.5739608267716534
0
LINE
8
BLACK
6
CONTINUOUS
10
5.7065938582677163
20
-4.5739608267716534
11
5.7046115748031498
21
-4.5752823228346458
0
LINE
8
BLACK
6
CONTINUOUS
10
5.7046115748031498
20
-4.5752823228346458
11
5.7040799212598428
21
-4.5758139370078741
0
LINE
8
BLACK
6
CONTINUOUS
10
5.7040799212598428
20
-4.5758139370078741
11
5.7035404330708657
21
-4.576892992125984
0
LINE
8
BLACK
6
CONTINUOUS
10
5.7035404330708657
20
-4.576892992125984
11
5.7035404330708657
21
-4.5796137795275591
0
LINE
8
BLACK
6
CONTINUOUS
10
5.7035404330708657
20
-4.5796137795275591
11
5.7034505118110239
21
-4.5800657874015744
0
LINE
8
BLACK
6
CONTINUOUS
10
5.7034505118110239
20
-4.5800657874015744
11
5.7028113385826771
21
-4.5807049606299213
0
LINE
8
BLACK
6
CONTINUOUS
10
5.7028113385826771
20
-4.5807049606299213
11
5.7019073228346455
21
-4.5807049606299213
0
LINE
8
BLACK
6
CONTINUOUS
10
5.7019073228346455
20
-4.5807049606299213
11
5.7012681496062987
21
-4.5800657874015744
0
LINE
8
BLACK
6
CONTINUOUS
10
5.7012681496062987
20
-4.5800657874015744
11
5.7011782283464569
21
-4.5796137795275591
0
LINE
8
BLACK
6
CONTINUOUS
10
5.7011782283464569
20
-4.5796137795275591
11
5.7011782283464569
21
-4.5766141732283465
0
LINE
8
BLACK
6
CONTINUOUS
10
5.7011782283464569
20
-4.5766141732283465
11
5.701189763779527
21
-4.576556102362205
0
LINE
8
BLACK
6
CONTINUOUS
10
5.701189763779527
20
-4.576556102362205
11
5.7011812204724412
21
-4.576530472440945
0
LINE
8
BLACK
6
CONTINUOUS
10
5.7011812204724412
20
-4.576530472440945
11
5.7012311811023624
21
-4.5763479527559054
0
LINE
8
BLACK
6
CONTINUOUS
10
5.7012311811023624
20
-4.5763479527559054
11
5.7012681496062987
21
-4.5761621653543303
0
LINE
8
BLACK
6
CONTINUOUS
10
5.7012681496062987
20
-4.5761621653543303
11
5.7012872834645671
21
-4.576142992125984
0
LINE
8
BLACK
6
CONTINUOUS
10
5.7012872834645671
20
-4.576142992125984
11
5.7013029133858266
21
-4.5760859842519688
0
LINE
8
BLACK
6
CONTINUOUS
10
5.7013029133858266
20
-4.5760859842519688
11
5.7020528346456691
21
-4.574586102362205
0
LINE
8
BLACK
6
CONTINUOUS
10
5.7020528346456691
20
-4.574586102362205
11
5.7021690551181097
21
-4.574436338582677
0
LINE
8
BLACK
6
CONTINUOUS
10
5.7021690551181097
20
-4.574436338582677
11
5.7022740944881889
21
-4.5742791732283461
0
LINE
8
BLACK
6
CONTINUOUS
10
5.7022740944881889
20
-4.5742791732283461
11
5.7030239763779527
21
-4.5735292519685036
0
LINE
8
BLACK
6
CONTINUOUS
10
5.7030239763779527
20
-4.5735292519685036
11
5.7031211811023619
21
-4.5734642519685043
0
LINE
8
BLACK
6
CONTINUOUS
10
5.7031211811023619
20
-4.5734642519685043
11
5.703203976377953
21
-4.5733816929133857
0
LINE
8
BLACK
6
CONTINUOUS
10
5.703203976377953
20
-4.5733816929133857
11
5.7054537007874018
21
-4.5718819291338582
0
LINE
8
BLACK
6
CONTINUOUS
10
5.7054537007874018
20
-4.5718819291338582
11
5.7056400787401573
21
-4.5718049212598428
0
LINE
8
BLACK
6
CONTINUOUS
10
5.7056400787401573
20
-4.5718049212598428
11
5.7058224015748031
21
-4.5717188188976374
0
LINE
8
BLACK
6
CONTINUOUS
10
5.7058224015748031
20
-4.5717188188976374
11
5.7088220472440945
21
-4.5709688976377949
0
LINE
8
BLACK
6
CONTINUOUS
10
5.7088220472440945
20
-4.5709688976377949
11
5.7089664960629918
21
-4.5709618503937008
0
LINE
8
BLACK
6
CONTINUOUS
10
5.7089664960629918
20
-4.5709618503937008
11
5.7091085039370073
21
-4.5709336220472441
0
LINE
8
BLACK
6
CONTINUOUS
10
5.7091085039370073
20
-4.5709336220472441
11
5.7151077559055121
21
-4.5709336220472441
0
LINE
8
BLACK
6
CONTINUOUS
10
5.7151077559055121
20
-4.5709336220472441
11
5.7151657874015749
21
-4.570945157480315
0
LINE
8
BLACK
6
CONTINUOUS
10
5.7105580314960624
20
-4.5738353149606299
11
5.7100791732283467
21
-4.5743141338582678
0
LINE
8
BLACK
6
CONTINUOUS
10
5.7100791732283467
20
-4.5743141338582678
11
5.7095396850393696
21
-4.5753931889763777
0
LINE
8
BLACK
6
CONTINUOUS
10
5.7095396850393696
20
-4.5753931889763777
11
5.7095396850393696
21
-4.5778351181102357
0
LINE
8
BLACK
6
CONTINUOUS
10
5.7095396850393696
20
-4.5778351181102357
11
5.7100791732283467
21
-4.578914094488189
0
LINE
8
BLACK
6
CONTINUOUS
10
5.7100791732283467
20
-4.578914094488189
11
5.7105580708661412
21
-4.5793929921259844
0
LINE
8
BLACK
6
CONTINUOUS
10
5.7105580708661412
20
-4.5793929921259844
11
5.7116370472440945
21
-4.5799324803149606
0
LINE
8
BLACK
6
CONTINUOUS
10
5.7116370472440945
20
-4.5799324803149606
11
5.7148289370078738
21
-4.5799324803149606
0
LINE
8
BLACK
6
CONTINUOUS
10
5.7148289370078738
20
-4.5799324803149606
11
5.7159079527559058
21
-4.5793929527559056
0
LINE
8
BLACK
6
CONTINUOUS
10
5.7159079527559058
20
-4.5793929527559056
11
5.7163867322834641
21
-4.5789141732283465
0
LINE
8
BLACK
6
CONTINUOUS
10
5.7163867322834641
20
-4.5789141732283465
11
5.7169262598425199
21
-4.5778351574803144
0
LINE
8
BLACK
6
CONTINUOUS
10
5.7169262598425199
20
-4.5778351574803144
11
5.7169262598425199
21
-4.5753931102362202
0
LINE
8
BLACK
6
CONTINUOUS
10
5.7169262598425199
20
-4.5753931102362202
11
5.7163868110236216
21
-4.5743142125984253
0
LINE
8
BLACK
6
CONTINUOUS
10
5.7163868110236216
20
-4.5743142125984253
11
5.7159078740157483
21
-4.5738353149606299
0
LINE
8
BLACK
6
CONTINUOUS
10
5.7159078740157483
20
-4.5738353149606299
11
5.714828897637795
21
-4.5732958267716537
0
LINE
8
BLACK
6
CONTINUOUS
10
5.714828897637795
20
-4.5732958267716537
11
5.7116370866141732
21
-4.5732958267716537
0
LINE
8
BLACK
6
CONTINUOUS
10
5.7116370866141732
20
-4.5732958267716537
11
5.7105580314960624
21
-4.5738353149606299
0
LINE
8
BLACK
6
CONTINUOUS
10
5.7115001968503938
20
-4.5552138188976379
11
5.7116446850393698
21
-4.5552208661417319
0
LINE
8
BLACK
6
CONTINUOUS
10
5.7116446850393698
20
-4.5552208661417319
11
5.7146442913385824
21
-4.5559707874015745
0
LINE
8
BLACK
6
CONTINUOUS
10
5.7146442913385824
20
-4.5559707874015745
11
5.7147612204724405
21
-4.5560260236220476
0
LINE
8
BLACK
6
CONTINUOUS
10
5.7147612204724405
20
-4.5560260236220476
11
5.7148860236220473
21
-4.5560601968503933
0
LINE
8
BLACK
6
CONTINUOUS
10
5.7148860236220473
20
-4.5560601968503933
11
5.7163858267716536
21
-4.5568100787401571
0
LINE
8
BLACK
6
CONTINUOUS
10
5.7163858267716536
20
-4.5568100787401571
11
5.7165353149606295
21
-4.5569261023622047
0
LINE
8
BLACK
6
CONTINUOUS
10
5.7165353149606295
20
-4.5569261023622047
11
5.7166927952755904
21
-4.5570313385826768
0
LINE
8
BLACK
6
CONTINUOUS
10
5.7166927952755904
20
-4.5570313385826768
11
5.7181926377952754
21
-4.5585311023622044
0
LINE
8
BLACK
6
CONTINUOUS
10
5.7181926377952754
20
-4.5585311023622044
11
5.7182255118110232
21
-4.5585803149606301
0
LINE
8
BLACK
6
CONTINUOUS
10
5.7182255118110232
20
-4.5585803149606301
11
5.718249724409449
21
-4.5585924409448815
0
LINE
8
BLACK
6
CONTINUOUS
10
5.718249724409449
20
-4.5585924409448815
11
5.7183435039370076
21
-4.5587569291338585
0
LINE
8
BLACK
6
CONTINUOUS
10
5.7183435039370076
20
-4.5587569291338585
11
5.7184486614173231
21
-4.558914330708661
0
LINE
8
BLACK
6
CONTINUOUS
10
5.7184486614173231
20
-4.558914330708661
11
5.7184486614173231
21
-4.5589413385826774
0
LINE
8
BLACK
6
CONTINUOUS
10
5.7184486614173231
20
-4.5589413385826774
11
5.7184779921259841
21
-4.5589927952755902
0
LINE
8
BLACK
6
CONTINUOUS
10
5.7184779921259841
20
-4.5589927952755902
11
5.7192278740157478
21
-4.5612425590551178
0
LINE
8
BLACK
6
CONTINUOUS
10
5.7192278740157478
20
-4.5612425590551178
11
5.7192514960629923
21
-4.5614303543307084
0
LINE
8
BLACK
6
CONTINUOUS
10
5.7192514960629923
20
-4.5614303543307084
11
5.7192884645669286
21
-4.5616160236220473
0
LINE
8
BLACK
6
CONTINUOUS
10
5.7192884645669286
20
-4.5616160236220473
11
5.7192884645669286
21
-4.5631158661417324
0
LINE
8
BLACK
6
CONTINUOUS
10
5.7192884645669286
20
-4.5631158661417324
11
5.7192515354330711
21
-4.5633014566929129
0
LINE
8
BLACK
6
CONTINUOUS
10
5.7192515354330711
20
-4.5633014566929129
11
5.7192278740157478
21
-4.5634893700787398
0
LINE
8
BLACK
6
CONTINUOUS
10
5.7192278740157478
20
-4.5634893700787398
11
5.7184779921259841
21
-4.5657390551181098
0
LINE
8
BLACK
6
CONTINUOUS
10
5.7184779921259841
20
-4.5657390551181098
11
5.7184487007874019
21
-4.5657903937007873
0
LINE
8
BLACK
6
CONTINUOUS
10
5.7184487007874019
20
-4.5657903937007873
11
5.7184487007874019
21
-4.565817519685039
0
LINE
8
BLACK
6
CONTINUOUS
10
5.7184487007874019
20
-4.565817519685039
11
5.7183434251968501
21
-4.5659749999999999
0
LINE
8
BLACK
6
CONTINUOUS
10
5.7183434251968501
20
-4.5659749999999999
11
5.718249724409449
21
-4.5661394094488186
0
LINE
8
BLACK
6
CONTINUOUS
10
5.718249724409449
20
-4.5661394094488186
11
5.7182254724409445
21
-4.5661514960629921
0
LINE
8
BLACK
6
CONTINUOUS
10
5.7182254724409445
20
-4.5661514960629921
11
5.7181926377952754
21
-4.5662007086614169
0
LINE
8
BLACK
6
CONTINUOUS
10
5.7181926377952754
20
-4.5662007086614169
11
5.7174427165354329
21
-4.5669506299212594
0
LINE
8
BLACK
6
CONTINUOUS
10
5.7174427165354329
20
-4.5669506299212594
11
5.717059527559055
21
-4.5672066535433071
0
LINE
8
BLACK
6
CONTINUOUS
10
5.717059527559055
20
-4.5672066535433071
11
5.7161555905511809
21
-4.5672066535433071
0
LINE
8
BLACK
6
CONTINUOUS
10
5.7161555905511809
20
-4.5672066535433071
11
5.7155163779527554
21
-4.5665674409448815
0
LINE
8
BLACK
6
CONTINUOUS
10
5.7155163779527554
20
-4.5665674409448815
11
5.7155163779527554
21
-4.5656635039370075
0
LINE
8
BLACK
6
CONTINUOUS
10
5.7155163779527554
20
-4.5656635039370075
11
5.715772401574803
21
-4.5652803149606296
0
LINE
8
BLACK
6
CONTINUOUS
10
5.715772401574803
20
-4.5652803149606296
11
5.7163250787401569
21
-4.5647275984251969
0
LINE
8
BLACK
6
CONTINUOUS
10
5.7163250787401569
20
-4.5647275984251969
11
5.7169262598425199
21
-4.5629241338582673
0
LINE
8
BLACK
6
CONTINUOUS
10
5.7169262598425199
20
-4.5629241338582673
11
5.7169262598425199
21
-4.5618077165354327
0
LINE
8
BLACK
6
CONTINUOUS
10
5.7169262598425199
20
-4.5618077165354327
11
5.7163250787401569
21
-4.560004251968504
0
LINE
8
BLACK
6
CONTINUOUS
10
5.7163250787401569
20
-4.560004251968504
11
5.7151580314960633
21
-4.5588372047244095
0
LINE
8
BLACK
6
CONTINUOUS
10
5.7151580314960633
20
-4.5588372047244095
11
5.7139455511811024
21
-4.5582309448818901
0
LINE
8
BLACK
6
CONTINUOUS
10
5.7139455511811024
20
-4.5582309448818901
11
5.7112128740157475
21
-4.5575477952755907
0
LINE
8
BLACK
6
CONTINUOUS
10
5.7112128740157475
20
-4.5575477952755907
11
5.7092538582677168
21
-4.5575477952755907
0
LINE
8
BLACK
6
CONTINUOUS
10
5.7092538582677168
20
-4.5575477952755907
11
5.7065211023622044
21
-4.5582309842519688
0
LINE
8
BLACK
6
CONTINUOUS
10
5.7065211023622044
20
-4.5582309842519688
11
5.705308700787401
21
-4.5588371653543307
0
LINE
8
BLACK
6
CONTINUOUS
10
5.705308700787401
20
-4.5588371653543307
11
5.7041415354330711
21
-4.5600042913385828
0
LINE
8
BLACK
6
CONTINUOUS
10
5.7041415354330711
20
-4.5600042913385828
11
5.7035404330708657
21
-4.5618076377952752
0
LINE
8
BLACK
6
CONTINUOUS
10
5.7035404330708657
20
-4.5618076377952752
11
5.7035404330708657
21
-4.5629242125984248
0
LINE
8
BLACK
6
CONTINUOUS
10
5.7035404330708657
20
-4.5629242125984248
11
5.7041415354330711
21
-4.5647274803149607
0
LINE
8
BLACK
6
CONTINUOUS
10
5.7041415354330711
20
-4.5647274803149607
11
5.7046943307086613
21
-4.5652803149606296
0
LINE
8
BLACK
6
CONTINUOUS
10
5.7046943307086613
20
-4.5652803149606296
11
5.704950354330709
21
-4.5656635433070862
0
LINE
8
BLACK
6
CONTINUOUS
10
5.704950354330709
20
-4.5656635433070862
11
5.7049503149606302
21
-4.5665674409448815
0
LINE
8
BLACK
6
CONTINUOUS
10
5.7049503149606302
20
-4.5665674409448815
11
5.7043110629921259
21
-4.5672066929133859
0
LINE
8
BLACK
6
CONTINUOUS
10
5.7043110629921259
20
-4.5672066929133859
11
5.7034071259842518
21
-4.5672066535433071
0
LINE
8
BLACK
6
CONTINUOUS
10
5.7034071259842518
20
-4.5672066535433071
11
5.7030239370078739
21
-4.5669505905511807
0
LINE
8
BLACK
6
CONTINUOUS
10
5.7030239370078739
20
-4.5669505905511807
11
5.7022740551181101
21
-4.5662007086614169
0
LINE
8
BLACK
6
CONTINUOUS
10
5.7022740551181101
20
-4.5662007086614169
11
5.7022411417322836
21
-4.5661514566929133
0
LINE
8
BLACK
6
CONTINUOUS
10
5.7022411417322836
20
-4.5661514566929133
11
5.7022170078740153
21
-4.5661394094488186
0
LINE
8
BLACK
6
CONTINUOUS
10
5.7022170078740153
20
-4.5661394094488186
11
5.7021233858267717
21
-4.5659751574803149
0
LINE
8
BLACK
6
CONTINUOUS
10
5.7021233858267717
20
-4.5659751574803149
11
5.7020180314960625
21
-4.5658174803149603
0
LINE
8
BLACK
6
CONTINUOUS
10
5.7020180314960625
20
-4.5658174803149603
11
5.7020180314960625
21
-4.5657903543307086
0
LINE
8
BLACK
6
CONTINUOUS
10
5.7020180314960625
20
-4.5657903543307086
11
5.701988779527559
21
-4.5657390551181098
0
LINE
8
BLACK
6
CONTINUOUS
10
5.701988779527559
20
-4.5657390551181098
11
5.7012388582677165
21
-4.5634893700787398
0
LINE
8
BLACK
6
CONTINUOUS
10
5.7012388582677165
20
-4.5634893700787398
11
5.7012151968503932
21
-4.5633017322834641
0
LINE
8
BLACK
6
CONTINUOUS
10
5.7012151968503932
20
-4.5633017322834641
11
5.7011782283464569
21
-4.5631158661417324
0
LINE
8
BLACK
6
CONTINUOUS
10
5.7011782283464569
20
-4.5631158661417324
11
5.7011782283464569
21
-4.5616160236220473
0
LINE
8
BLACK
6
CONTINUOUS
10
5.7011782283464569
20
-4.5616160236220473
11
5.7012151968503932
21
-4.5614301181102359
0
LINE
8
BLACK
6
CONTINUOUS
10
5.7012151968503932
20
-4.5614301181102359
11
5.7012388582677165
21
-4.561242519685039
0
LINE
8
BLACK
6
CONTINUOUS
10
5.7012388582677165
20
-4.561242519685039
11
5.701988779527559
21
-4.5589927952755902
0
LINE
8
BLACK
6
CONTINUOUS
10
5.701988779527559
20
-4.5589927952755902
11
5.7020180708661412
21
-4.5589413779527561
0
LINE
8
BLACK
6
CONTINUOUS
10
5.7020180708661412
20
-4.5589413779527561
11
5.7020180708661412
21
-4.558914330708661
0
LINE
8
BLACK
6
CONTINUOUS
10
5.7020180708661412
20
-4.558914330708661
11
5.7021232283464567
21
-4.5587568897637798
0
LINE
8
BLACK
6
CONTINUOUS
10
5.7021232283464567
20
-4.5587568897637798
11
5.7022170078740153
21
-4.5585924409448815
0
LINE
8
BLACK
6
CONTINUOUS
10
5.7022170078740153
20
-4.5585924409448815
11
5.7022412204724411
21
-4.5585803149606301
0
LINE
8
BLACK
6
CONTINUOUS
10
5.7022412204724411
20
-4.5585803149606301
11
5.7022740944881889
21
-4.5585311417322831
0
LINE
8
BLACK
6
CONTINUOUS
10
5.7022740944881889
20
-4.5585311417322831
11
5.7037738582677164
21
-4.5570313385826768
0
LINE
8
BLACK
6
CONTINUOUS
10
5.7037738582677164
20
-4.5570313385826768
11
5.7039312204724411
21
-4.5569261811023622
0
LINE
8
BLACK
6
CONTINUOUS
10
5.7039312204724411
20
-4.5569261811023622
11
5.7040808661417319
21
-4.5568100787401571
0
LINE
8
BLACK
6
CONTINUOUS
10
5.7040808661417319
20
-4.5568100787401571
11
5.7055806692913382
21
-4.5560601968503933
0
LINE
8
BLACK
6
CONTINUOUS
10
5.7055806692913382
20
-4.5560601968503933
11
5.7057054330708663
21
-4.5560260236220476
0
LINE
8
BLACK
6
CONTINUOUS
10
5.7057054330708663
20
-4.5560260236220476
11
5.7058224015748031
21
-4.5559707874015745
0
LINE
8
BLACK
6
CONTINUOUS
10
5.7058224015748031
20
-4.5559707874015745
11
5.7088220472440945
21
-4.5552208661417319
0
LINE
8
BLACK
6
CONTINUOUS
10
5.7088220472440945
20
-4.5552208661417319
11
5.7089664960629918
21
-4.5552138188976379
0
LINE
8
BLACK
6
CONTINUOUS
10
5.7089664960629918
20
-4.5552138188976379
11
5.7091085039370073
21
-4.5551855905511811
0
LINE
8
BLACK
6
CONTINUOUS
10
5.7091085039370073
20
-4.5551855905511811
11
5.7113582283464561
21
-4.5551855905511811
0
LINE
8
BLACK
6
CONTINUOUS
10
5.7113582283464561
20
-4.5551855905511811
11
5.7115001968503938
21
-4.5552138188976379
0
LINE
8
BLACK
6
CONTINUOUS
10
5.7274462204724408
20
-4.5354254330708663
11
5.7285115748031492
21
-4.5364907874015747
0
LINE
8
BLACK
6
CONTINUOUS
10
5.7285115748031492
20
-4.5364907874015747
11
5.7286614173228347
21
-4.5372440944881891
0
LINE
8
BLACK
6
CONTINUOUS
10
5.7286614173228347
20
-4.5372440944881891
11
5.7286614173228347
21
-4.600236220472441
0
LINE
8
BLACK
6
CONTINUOUS
10
5.7286614173228347
20
-4.600236220472441
11
5.7285115748031492
21
-4.6009895275590553
0
LINE
8
BLACK
6
CONTINUOUS
10
5.7285115748031492
20
-4.6009895275590553
11
5.7274462204724408
21
-4.6020548818897637
0
LINE
8
BLACK
6
CONTINUOUS
10
5.7274462204724408
20
-4.6020548818897637
11
5.7266929133858264
21
-4.6022047244094484
0
LINE
8
BLACK
6
CONTINUOUS
10
5.7266929133858264
20
-4.6022047244094484
11
5.6951968503937005
21
-4.6022047244094484
0
LINE
8
BLACK
6
CONTINUOUS
10
5.6951968503937005
20
-4.6022047244094484
11
5.6944435433070861
21
-4.6020548818897637
0
LINE
8
BLACK
6
CONTINUOUS
10
5.6944435433070861
20
-4.6020548818897637
11
5.6933781889763777
21
-4.6009895275590553
0
LINE
8
BLACK
6
CONTINUOUS
10
5.6933781889763777
20
-4.6009895275590553
11
5.6932283464566931
21
-4.600236220472441
0
LINE
8
BLACK
6
CONTINUOUS
10
5.6932283464566931
20
-4.600236220472441
11
5.6932283464566931
21
-4.5372440944881891
0
LINE
8
BLACK
6
CONTINUOUS
10
5.6932283464566931
20
-4.5372440944881891
11
5.6933781889763777
21
-4.5364907874015747
0
LINE
8
BLACK
6
CONTINUOUS
10
5.6933781889763777
20
-4.5364907874015747
11
5.6944435433070861
21
-4.5354254330708663
0
LINE
8
BLACK
6
CONTINUOUS
10
5.6944435433070861
20
-4.5354254330708663
11
5.6951968503937005
21
-4.5352755905511808
0
LINE
8
BLACK
6
CONTINUOUS
10
5.6951968503937005
20
-4.5352755905511808
11
5.7266929133858264
21
-4.5352755905511808
0
LINE
8
BLACK
6
CONTINUOUS
10
5.7266929133858264
20
-4.5352755905511808
11
5.7274462204724408
21
-4.5354254330708663
0
LINE
8
BLACK
6
CONTINUOUS
10
5.6971653543307088
20
-4.5392125984251965
11
5.6971653543307088
21
-4.5982677165354326
0
LINE
8
BLACK
6
CONTINUOUS
10
5.6971653543307088
20
-4.5982677165354326
11
5.724724409448819
21
-4.5982677165354326
0
LINE
8
BLACK
6
CONTINUOUS
10
5.724724409448819
20
-4.5982677165354326
11
5.724724409448819
21
-4.5392125984251965
0
LINE
8
BLACK
6
CONTINUOUS
10
5.724724409448819
20
-4.5392125984251965
11
5.6971653543307088
21
-4.5392125984251965
0
LINE
8
BLACK
6
CONTINUOUS
10
6.1457500787401571
20
-4.5730788582677162
11
6.14581
21
-4.573380196850394
0
LINE
8
BLACK
6
CONTINUOUS
10
6.14581
20
-4.573380196850394
11
6.14581
21
-4.5794731889763778
0
LINE
8
BLACK
6
CONTINUOUS
10
6.14581
20
-4.5794731889763778
11
6.1457500787401571
21
-4.5797745275590547
0
LINE
8
BLACK
6
CONTINUOUS
10
6.1457500787401571
20
-4.5797745275590547
11
6.1453239370078743
21
-4.5802006692913384
0
LINE
8
BLACK
6
CONTINUOUS
10
6.1453239370078743
20
-4.5802006692913384
11
6.1447212598425196
21
-4.5802006692913384
0
LINE
8
BLACK
6
CONTINUOUS
10
6.1447212598425196
20
-4.5802006692913384
11
6.1442951181102359
21
-4.5797745275590547
0
LINE
8
BLACK
6
CONTINUOUS
10
6.1442951181102359
20
-4.5797745275590547
11
6.1442351968503939
21
-4.5794731889763778
0
LINE
8
BLACK
6
CONTINUOUS
10
6.1442351968503939
20
-4.5794731889763778
11
6.1442351968503939
21
-4.5752811417322832
0
LINE
8
BLACK
6
CONTINUOUS
10
6.1442351968503939
20
-4.5752811417322832
11
6.1399550787401571
21
-4.5795612598425199
0
LINE
8
BLACK
6
CONTINUOUS
10
6.1399550787401571
20
-4.5795612598425199
11
6.1399223228346456
21
-4.5795831102362206
0
LINE
8
BLACK
6
CONTINUOUS
10
6.1399223228346456
20
-4.5795831102362206
11
6.1399142519685039
21
-4.5795993307086613
0
LINE
8
BLACK
6
CONTINUOUS
10
6.1399142519685039
20
-4.5795993307086613
11
6.1398044488188974
21
-4.5796618897637797
0
LINE
8
BLACK
6
CONTINUOUS
10
6.1398044488188974
20
-4.5796618897637797
11
6.1396996456692916
21
-4.5797319685039373
0
LINE
8
BLACK
6
CONTINUOUS
10
6.1396996456692916
20
-4.5797319685039373
11
6.1396815748031495
21
-4.5797319685039373
0
LINE
8
BLACK
6
CONTINUOUS
10
6.1396815748031495
20
-4.5797319685039373
11
6.1396473228346453
21
-4.5797514960629924
0
LINE
8
BLACK
6
CONTINUOUS
10
6.1396473228346453
20
-4.5797514960629924
11
6.1382412598425198
21
-4.5802201968503935
0
LINE
8
BLACK
6
CONTINUOUS
10
6.1382412598425198
20
-4.5802201968503935
11
6.1381159055118113
21
-4.580235984251968
0
LINE
8
BLACK
6
CONTINUOUS
10
6.1381159055118113
20
-4.580235984251968
11
6.1379922440944883
21
-4.5802605905511813
0
LINE
8
BLACK
6
CONTINUOUS
10
6.1379922440944883
20
-4.5802605905511813
11
6.1370548425196851
21
-4.5802605905511813
0
LINE
8
BLACK
6
CONTINUOUS
10
6.1370548425196851
20
-4.5802605905511813
11
6.1370161417322837
21
-4.5802528740157475
0
LINE
8
BLACK
6
CONTINUOUS
10
6.1370161417322837
20
-4.5802528740157475
11
6.1369990157480316
21
-4.5802586220472437
0
LINE
8
BLACK
6
CONTINUOUS
10
6.1369990157480316
20
-4.5802586220472437
11
6.1368774015748029
21
-4.5802252755905508
0
LINE
8
BLACK
6
CONTINUOUS
10
6.1368774015748029
20
-4.5802252755905508
11
6.1367535039370074
21
-4.5802006692913384
0
LINE
8
BLACK
6
CONTINUOUS
10
6.1367535039370074
20
-4.5802006692913384
11
6.1367406692913384
21
-4.5801878346456695
0
LINE
8
BLACK
6
CONTINUOUS
10
6.1367406692913384
20
-4.5801878346456695
11
6.1367026771653546
21
-4.5801774409448814
0
LINE
8
BLACK
6
CONTINUOUS
10
6.1367026771653546
20
-4.5801774409448814
11
6.1357653149606302
21
-4.5797087401574803
0
LINE
8
BLACK
6
CONTINUOUS
10
6.1357653149606302
20
-4.5797087401574803
11
6.135665551181102
21
-4.5796313385826775
0
LINE
8
BLACK
6
CONTINUOUS
10
6.135665551181102
20
-4.5796313385826775
11
6.1355607086614175
21
-4.5795612598425199
0
LINE
8
BLACK
6
CONTINUOUS
10
6.1355607086614175
20
-4.5795612598425199
11
6.1350920078740154
21
-4.5790925590551179
0
LINE
8
BLACK
6
CONTINUOUS
10
6.1350920078740154
20
-4.5790925590551179
11
6.1350218503937004
21
-4.5789875984251971
0
LINE
8
BLACK
6
CONTINUOUS
10
6.1350218503937004
20
-4.5789875984251971
11
6.1349444881889763
21
-4.5788879133858265
0
LINE
8
BLACK
6
CONTINUOUS
10
6.1349444881889763
20
-4.5788879133858265
11
6.134475826771653
21
-4.5779505905511808
0
LINE
8
BLACK
6
CONTINUOUS
10
6.134475826771653
20
-4.5779505905511808
11
6.1344653937007871
21
-4.5779125590551182
0
LINE
8
BLACK
6
CONTINUOUS
10
6.1344653937007871
20
-4.5779125590551182
11
6.134452598425197
21
-4.5778997637795271
0
LINE
8
BLACK
6
CONTINUOUS
10
6.134452598425197
20
-4.5778997637795271
11
6.1344279527559058
21
-4.5777758267716537
0
LINE
8
BLACK
6
CONTINUOUS
10
6.1344279527559058
20
-4.5777758267716537
11
6.1343946456692908
21
-4.5776542519685037
0
LINE
8
BLACK
6
CONTINUOUS
10
6.1343946456692908
20
-4.5776542519685037
11
6.1344003543307082
21
-4.5776370866141729
0
LINE
8
BLACK
6
CONTINUOUS
10
6.1344003543307082
20
-4.5776370866141729
11
6.1343926771653541
21
-4.5775984251968502
0
LINE
8
BLACK
6
CONTINUOUS
10
6.1343926771653541
20
-4.5775984251968502
11
6.1343926771653541
21
-4.5752549606299215
0
LINE
8
BLACK
6
CONTINUOUS
10
6.1343926771653541
20
-4.5752549606299215
11
6.1344003543307082
21
-4.5752162598425192
0
LINE
8
BLACK
6
CONTINUOUS
10
6.1344003543307082
20
-4.5752162598425192
11
6.1343946456692908
21
-4.575199133858268
0
LINE
8
BLACK
6
CONTINUOUS
10
6.1343946456692908
20
-4.575199133858268
11
6.1344279527559058
21
-4.5750773622047243
0
LINE
8
BLACK
6
CONTINUOUS
10
6.1344279527559058
20
-4.5750773622047243
11
6.134452598425197
21
-4.5749536220472438
0
LINE
8
BLACK
6
CONTINUOUS
10
6.134452598425197
20
-4.5749536220472438
11
6.1344653543307084
21
-4.5749408267716536
0
LINE
8
BLACK
6
CONTINUOUS
10
6.1344653543307084
20
-4.5749408267716536
11
6.1344757874015743
21
-4.5749028346456688
0
LINE
8
BLACK
6
CONTINUOUS
10
6.1344757874015743
20
-4.5749028346456688
11
6.1349444881889763
21
-4.5739654330708657
0
LINE
8
BLACK
6
CONTINUOUS
10
6.1349444881889763
20
-4.5739654330708657
11
6.1350217322834641
21
-4.5738658661417322
0
LINE
8
BLACK
6
CONTINUOUS
10
6.1350217322834641
20
-4.5738658661417322
11
6.1350920078740154
21
-4.5737607480314963
0
LINE
8
BLACK
6
CONTINUOUS
10
6.1350920078740154
20
-4.5737607480314963
11
6.1355607480314962
21
-4.5732920866141731
0
LINE
8
BLACK
6
CONTINUOUS
10
6.1355607480314962
20
-4.5732920866141731
11
6.1358161811023617
21
-4.5731213779527558
0
LINE
8
BLACK
6
CONTINUOUS
10
6.1358161811023617
20
-4.5731213779527558
11
6.1364188582677164
21
-4.5731214173228345
0
LINE
8
BLACK
6
CONTINUOUS
10
6.1364188582677164
20
-4.5731214173228345
11
6.1368450000000001
21
-4.573547598425197
0
LINE
8
BLACK
6
CONTINUOUS
10
6.1368450000000001
20
-4.573547598425197
11
6.1368449606299214
21
-4.574150236220472
0
LINE
8
BLACK
6
CONTINUOUS
10
6.1368449606299214
20
-4.574150236220472
11
6.136674251968504
21
-4.5744056692913384
0
LINE
8
BLACK
6
CONTINUOUS
10
6.136674251968504
20
-4.5744056692913384
11
6.1362958661417322
21
-4.5747840157480315
0
LINE
8
BLACK
6
CONTINUOUS
10
6.1362958661417322
20
-4.5747840157480315
11
6.1359674803149602
21
-4.5754408267716533
0
LINE
8
BLACK
6
CONTINUOUS
10
6.1359674803149602
20
-4.5754408267716533
11
6.1359674803149602
21
-4.5774125196850397
0
LINE
8
BLACK
6
CONTINUOUS
10
6.1359674803149602
20
-4.5774125196850397
11
6.1362958661417322
21
-4.5780693307086615
0
LINE
8
BLACK
6
CONTINUOUS
10
6.1362958661417322
20
-4.5780693307086615
11
6.1365838976377951
21
-4.5783573622047244
0
LINE
8
BLACK
6
CONTINUOUS
10
6.1365838976377951
20
-4.5783573622047244
11
6.1372407480314957
21
-4.5786857874015743
0
LINE
8
BLACK
6
CONTINUOUS
10
6.1372407480314957
20
-4.5786857874015743
11
6.1378644094488184
21
-4.5786857874015743
0
LINE
8
BLACK
6
CONTINUOUS
10
6.1378644094488184
20
-4.5786857874015743
11
6.1389729921259839
21
-4.5783162204724412
0
LINE
8
BLACK
6
CONTINUOUS
10
6.1389729921259839
20
-4.5783162204724412
11
6.1444658267716532
21
-4.5728234251968507
0
LINE
8
BLACK
6
CONTINUOUS
10
6.1444658267716532
20
-4.5728234251968507
11
6.1447212598425196
21
-4.5726527165354334
0
LINE
8
BLACK
6
CONTINUOUS
10
6.1447212598425196
20
-4.5726527165354334
11
6.1453239370078743
21
-4.5726527165354334
0
LINE
8
BLACK
6
CONTINUOUS
10
6.1453239370078743
20
-4.5726527165354334
11
6.1457500787401571
21
-4.5730788582677162
0
LINE
8
BLACK
6
CONTINUOUS
10
6.1453239370078743
20
-4.5656223228346455
11
6.1457500787401571
21
-4.5660484645669293
0
LINE
8
BLACK
6
CONTINUOUS
10
6.1457500787401571
20
-4.5660484645669293
11
6.14581
21
-4.5663498031496061
0
LINE
8
BLACK
6
CONTINUOUS
10
6.14581
20
-4.5663498031496061
11
6.14581
21
-4.5710367322834644
0
LINE
8
BLACK
6
CONTINUOUS
10
6.14581
20
-4.5710367322834644
11
6.1457500787401571
21
-4.5713380708661413
0
LINE
8
BLACK
6
CONTINUOUS
10
6.1457500787401571
20
-4.5713380708661413
11
6.1453239370078743
21
-4.571764212598425
0
LINE
8
BLACK
6
CONTINUOUS
10
6.1453239370078743
20
-4.571764212598425
11
6.1447212598425196
21
-4.571764212598425
0
LINE
8
BLACK
6
CONTINUOUS
10
6.1447212598425196
20
-4.571764212598425
11
6.1442951181102359
21
-4.5713380708661413
0
LINE
8
BLACK
6
CONTINUOUS
10
6.1442951181102359
20
-4.5713380708661413
11
6.1442351968503939
21
-4.5710367322834644
0
LINE
8
BLACK
6
CONTINUOUS
10
6.1442351968503939
20
-4.5710367322834644
11
6.1442351968503939
21
-4.5671372047244096
0
LINE
8
BLACK
6
CONTINUOUS
10
6.1442351968503939
20
-4.5671372047244096
11
6.1351800787401576
21
-4.5671372047244096
0
LINE
8
BLACK
6
CONTINUOUS
10
6.1351800787401576
20
-4.5671372047244096
11
6.1348787401574798
21
-4.5670772834645668
0
LINE
8
BLACK
6
CONTINUOUS
10
6.1348787401574798
20
-4.5670772834645668
11
6.134452598425197
21
-4.566651141732283
0
LINE
8
BLACK
6
CONTINUOUS
10
6.134452598425197
20
-4.566651141732283
11
6.134452598425197
21
-4.5660484645669293
0
LINE
8
BLACK
6
CONTINUOUS
10
6.134452598425197
20
-4.5660484645669293
11
6.1348787401574798
21
-4.5656223228346455
0
LINE
8
BLACK
6
CONTINUOUS
10
6.1348787401574798
20
-4.5656223228346455
11
6.1351800787401576
21
-4.5655624015748026
0
LINE
8
BLACK
6
CONTINUOUS
10
6.1351800787401576
20
-4.5655624015748026
11
6.1450225984251965
21
-4.5655624015748026
0
LINE
8
BLACK
6
CONTINUOUS
10
6.1450225984251965
20
-4.5655624015748026
11
6.1453239370078743
21
-4.5656223228346455
0
LINE
8
BLACK
6
CONTINUOUS
10
6.151147007874016
20
-4.5511734645669293
11
6.1522123622047244
21
-4.5522388188976377
0
LINE
8
BLACK
6
CONTINUOUS
10
6.1522123622047244
20
-4.5522388188976377
11
6.1523622047244091
21
-4.5529921259842521
0
LINE
8
BLACK
6
CONTINUOUS
10
6.1523622047244091
20
-4.5529921259842521
11
6.1523622047244091
21
-4.5923622047244095
0
LINE
8
BLACK
6
CONTINUOUS
10
6.1523622047244091
20
-4.5923622047244095
11
6.1522123622047244
21
-4.5931155118110238
0
LINE
8
BLACK
6
CONTINUOUS
10
6.1522123622047244
20
-4.5931155118110238
11
6.151147007874016
21
-4.5941808661417323
0
LINE
8
BLACK
6
CONTINUOUS
10
6.151147007874016
20
-4.5941808661417323
11
6.1503937007874017
21
-4.5943307086614169
0
LINE
8
BLACK
6
CONTINUOUS
10
6.1503937007874017
20
-4.5943307086614169
11
6.130708661417323
21
-4.5943307086614169
0
LINE
8
BLACK
6
CONTINUOUS
10
6.130708661417323
20
-4.5943307086614169
11
6.1299553543307086
21
-4.5941808661417323
0
LINE
8
BLACK
6
CONTINUOUS
10
6.1299553543307086
20
-4.5941808661417323
11
6.1288900000000002
21
-4.5931155118110238
0
LINE
8
BLACK
6
CONTINUOUS
10
6.1288900000000002
20
-4.5931155118110238
11
6.1287401574803146
21
-4.5923622047244095
0
LINE
8
BLACK
6
CONTINUOUS
10
6.1287401574803146
20
-4.5923622047244095
11
6.1287401574803146
21
-4.5529921259842521
0
LINE
8
BLACK
6
CONTINUOUS
10
6.1287401574803146
20
-4.5529921259842521
11
6.1288900000000002
21
-4.5522388188976377
0
LINE
8
BLACK
6
CONTINUOUS
10
6.1288900000000002
20
-4.5522388188976377
11
6.1299553543307086
21
-4.5511734645669293
0
LINE
8
BLACK
6
CONTINUOUS
10
6.1299553543307086
20
-4.5511734645669293
11
6.130708661417323
21
-4.5510236220472438
0
LINE
8
BLACK
6
CONTINUOUS
10
6.130708661417323
20
-4.5510236220472438
11
6.1503937007874017
21
-4.5510236220472438
0
LINE
8
BLACK
6
CONTINUOUS
10
6.1503937007874017
20
-4.5510236220472438
11
6.151147007874016
21
-4.5511734645669293
0
LINE
8
BLACK
6
CONTINUOUS
10
6.1326771653543304
20
-4.5549606299212595
11
6.1326771653543304
21
-4.5903937007874012
0
LINE
8
BLACK
6
CONTINUOUS
10
6.1326771653543304
20
-4.5903937007874012
11
6.1484251968503933
21
-4.5903937007874012
0
LINE
8
BLACK
6
CONTINUOUS
10
6.1484251968503933
20
-4.5903937007874012
11
6.1484251968503933
21
-4.5549606299212595
0
LINE
8
BLACK
6
CONTINUOUS
10
6.1484251968503933
20
-4.5549606299212595
11
6.1326771653543304
21
-4.5549606299212595
0
LINE
8
BLACK
6
CONTINUOUS
10
6.4968154330708661
20
-4.5503450393700788
11
6.4976144094488184
21
-4.5511440157480312
0
LINE
8
BLACK
6
CONTINUOUS
10
6.4976144094488184
20
-4.5511440157480312
11
6.4976144094488184
21
-4.552274015748031
0
LINE
8
BLACK
6
CONTINUOUS
10
6.4976144094488184
20
-4.552274015748031
11
6.4968154330708661
21
-4.5530729921259843
0
LINE
8
BLACK
6
CONTINUOUS
10
6.4968154330708661
20
-4.5530729921259843
11
6.4962504330708661
21
-4.5531853937007876
0
LINE
8
BLACK
6
CONTINUOUS
10
6.4962504330708661
20
-4.5531853937007876
11
6.4873180708661415
21
-4.5531853937007876
0
LINE
8
BLACK
6
CONTINUOUS
10
6.4873180708661415
20
-4.5531853937007876
11
6.4917372440944883
21
-4.5582358661417324
0
LINE
8
BLACK
6
CONTINUOUS
10
6.4917372440944883
20
-4.5582358661417324
11
6.4919466929133858
21
-4.5585996456692914
0
LINE
8
BLACK
6
CONTINUOUS
10
6.4919466929133858
20
-4.5585996456692914
11
6.4919901181102357
21
-4.5586430708661414
0
LINE
8
BLACK
6
CONTINUOUS
10
6.4919901181102357
20
-4.5586430708661414
11
6.4919901181102357
21
-4.5586750393700788
0
LINE
8
BLACK
6
CONTINUOUS
10
6.4919901181102357
20
-4.5586750393700788
11
6.4920246850393699
21
-4.558735078740157
0
LINE
8
BLACK
6
CONTINUOUS
10
6.4920246850393699
20
-4.558735078740157
11
6.4919901181102357
21
-4.5592535826771652
0
LINE
8
BLACK
6
CONTINUOUS
10
6.4919901181102357
20
-4.5592535826771652
11
6.4919901181102357
21
-4.5597730708661413
0
LINE
8
BLACK
6
CONTINUOUS
10
6.4919901181102357
20
-4.5597730708661413
11
6.4919529921259844
21
-4.5598101574803147
0
LINE
8
BLACK
6
CONTINUOUS
10
6.4919529921259844
20
-4.5598101574803147
11
6.4919495275590551
21
-4.5598625196850389
0
LINE
8
BLACK
6
CONTINUOUS
10
6.4919495275590551
20
-4.5598625196850389
11
6.4915586614173231
21
-4.5602045275590548
0
LINE
8
BLACK
6
CONTINUOUS
10
6.4915586614173231
20
-4.5602045275590548
11
6.4911911417322834
21
-4.5605720472440945
0
LINE
8
BLACK
6
CONTINUOUS
10
6.4911911417322834
20
-4.5605720472440945
11
6.4911231889763776
21
-4.5605855511811022
0
LINE
8
BLACK
6
CONTINUOUS
10
6.4911231889763776
20
-4.5605855511811022
11
6.4910991338582678
21
-4.5606066141732287
0
LINE
8
BLACK
6
CONTINUOUS
10
6.4910991338582678
20
-4.5606066141732287
11
6.4910378740157482
21
-4.5606025196850393
0
LINE
8
BLACK
6
CONTINUOUS
10
6.4910378740157482
20
-4.5606025196850393
11
6.4906261417322835
21
-4.5606844488188978
0
LINE
8
BLACK
6
CONTINUOUS
10
6.4906261417322835
20
-4.5606844488188978
11
6.488162519685039
21
-4.5606844488188978
0
LINE
8
BLACK
6
CONTINUOUS
10
6.488162519685039
20
-4.5606844488188978
11
6.4868137401574799
21
-4.5613588188976379
0
LINE
8
BLACK
6
CONTINUOUS
10
6.4868137401574799
20
-4.5613588188976379
11
6.4862151968503934
21
-4.5619574015748032
0
LINE
8
BLACK
6
CONTINUOUS
10
6.4862151968503934
20
-4.5619574015748032
11
6.4855408267716532
21
-4.5633061417322835
0
LINE
8
BLACK
6
CONTINUOUS
10
6.4855408267716532
20
-4.5633061417322835
11
6.4855408267716532
21
-4.5672959448818897
0
LINE
8
BLACK
6
CONTINUOUS
10
6.4855408267716532
20
-4.5672959448818897
11
6.4862152362204721
21
-4.5686447637795276
0
LINE
8
BLACK
6
CONTINUOUS
10
6.4862152362204721
20
-4.5686447637795276
11
6.4868137795275587
21
-4.5692433464566928
0
LINE
8
BLACK
6
CONTINUOUS
10
6.4868137795275587
20
-4.5692433464566928
11
6.4881624803149602
21
-4.5699176771653542
0
LINE
8
BLACK
6
CONTINUOUS
10
6.4881624803149602
20
-4.5699176771653542
11
6.4930897637795271
21
-4.5699176771653542
0
LINE
8
BLACK
6
CONTINUOUS
10
6.4930897637795271
20
-4.5699176771653542
11
6.4944384251968499
21
-4.5692433070866141
0
LINE
8
BLACK
6
CONTINUOUS
10
6.4944384251968499
20
-4.5692433070866141
11
6.4952064566929133
21
-4.5684753543307082
0
LINE
8
BLACK
6
CONTINUOUS
10
6.4952064566929133
20
-4.5684753543307082
11
6.495685472440945
21
-4.56815531496063
0
LINE
8
BLACK
6
CONTINUOUS
10
6.495685472440945
20
-4.56815531496063
11
6.4968153937007873
21
-4.56815531496063
0
LINE
8
BLACK
6
CONTINUOUS
10
6.4968153937007873
20
-4.56815531496063
11
6.4976144094488184
21
-4.5689543307086611
0
LINE
8
BLACK
6
CONTINUOUS
10
6.4976144094488184
20
-4.5689543307086611
11
6.4976144094488184
21
-4.5700842519685034
0
LINE
8
BLACK
6
CONTINUOUS
10
6.4976144094488184
20
-4.5700842519685034
11
6.4972943700787402
21
-4.5705632677165351
0
LINE
8
BLACK
6
CONTINUOUS
10
6.4972943700787402
20
-4.5705632677165351
11
6.4963570078740158
21
-4.5715006692913382
0
LINE
8
BLACK
6
CONTINUOUS
10
6.4963570078740158
20
-4.5715006692913382
11
6.4961599999999997
21
-4.5716322440944879
0
LINE
8
BLACK
6
CONTINUOUS
10
6.4961599999999997
20
-4.5716322440944879
11
6.4959732677165354
21
-4.571777204724409
0
LINE
8
BLACK
6
CONTINUOUS
10
6.4959732677165354
20
-4.571777204724409
11
6.4940985039370078
21
-4.5727145669291334
0
LINE
8
BLACK
6
CONTINUOUS
10
6.4940985039370078
20
-4.5727145669291334
11
6.494027204724409
21
-4.5727340551181097
0
LINE
8
BLACK
6
CONTINUOUS
10
6.494027204724409
20
-4.5727340551181097
11
6.4940032677165354
21
-4.572758031496063
0
LINE
8
BLACK
6
CONTINUOUS
10
6.4940032677165354
20
-4.572758031496063
11
6.4937709055118109
21
-4.5728042125984247
0
LINE
8
BLACK
6
CONTINUOUS
10
6.4937709055118109
20
-4.5728042125984247
11
6.4935428740157475
21
-4.5728666929133857
0
LINE
8
BLACK
6
CONTINUOUS
10
6.4935428740157475
20
-4.5728666929133857
11
6.4935107874015747
21
-4.5728559842519685
0
LINE
8
BLACK
6
CONTINUOUS
10
6.4935107874015747
20
-4.5728559842519685
11
6.4934382677165354
21
-4.5728704330708663
0
LINE
8
BLACK
6
CONTINUOUS
10
6.4934382677165354
20
-4.5728704330708663
11
6.4878139763779528
21
-4.5728704330708663
0
LINE
8
BLACK
6
CONTINUOUS
10
6.4878139763779528
20
-4.5728704330708663
11
6.487741377952756
21
-4.5728559842519685
0
LINE
8
BLACK
6
CONTINUOUS
10
6.487741377952756
20
-4.5728559842519685
11
6.4877093307086611
21
-4.5728666929133857
0
LINE
8
BLACK
6
CONTINUOUS
10
6.4877093307086611
20
-4.5728666929133857
11
6.4874811417322835
21
-4.5728042125984247
0
LINE
8
BLACK
6
CONTINUOUS
10
6.4874811417322835
20
-4.5728042125984247
11
6.4872489763779528
21
-4.572758031496063
0
LINE
8
BLACK
6
CONTINUOUS
10
6.4872489763779528
20
-4.572758031496063
11
6.4872250393700783
21
-4.5727340944881885
0
LINE
8
BLACK
6
CONTINUOUS
10
6.4872250393700783
20
-4.5727340944881885
11
6.4871537007874016
21
-4.5727145669291334
0
LINE
8
BLACK
6
CONTINUOUS
10
6.4871537007874016
20
-4.5727145669291334
11
6.4852789763779528
21
-4.571777204724409
0
LINE
8
BLACK
6
CONTINUOUS
10
6.4852789763779528
20
-4.571777204724409
11
6.4850920866141735
21
-4.5716321653543304
0
LINE
8
BLACK
6
CONTINUOUS
10
6.4850920866141735
20
-4.5716321653543304
11
6.4848952362204724
21
-4.5715006299212595
0
LINE
8
BLACK
6
CONTINUOUS
10
6.4848952362204724
20
-4.5715006299212595
11
6.483957874015748
21
-4.5705632283464563
0
LINE
8
BLACK
6
CONTINUOUS
10
6.483957874015748
20
-4.5705632283464563
11
6.4838264173228346
21
-4.5703664960629924
0
LINE
8
BLACK
6
CONTINUOUS
10
6.4838264173228346
20
-4.5703664960629924
11
6.4836813385826773
21
-4.5701795669291334
0
LINE
8
BLACK
6
CONTINUOUS
10
6.4836813385826773
20
-4.5701795669291334
11
6.4827439370078741
21
-4.5683048031496059
0
LINE
8
BLACK
6
CONTINUOUS
10
6.4827439370078741
20
-4.5683048031496059
11
6.4827243700787403
21
-4.5682334251968504
0
LINE
8
BLACK
6
CONTINUOUS
10
6.4827243700787403
20
-4.5682334251968504
11
6.4827004724409445
21
-4.5682095275590546
0
LINE
8
BLACK
6
CONTINUOUS
10
6.4827004724409445
20
-4.5682095275590546
11
6.482654251968504
21
-4.5679773228346452
0
LINE
8
BLACK
6
CONTINUOUS
10
6.482654251968504
20
-4.5679773228346452
11
6.4825918110236218
21
-4.5677491732283464
0
LINE
8
BLACK
6
CONTINUOUS
10
6.4825918110236218
20
-4.5677491732283464
11
6.4826024803149602
21
-4.567717047244094
0
LINE
8
BLACK
6
CONTINUOUS
10
6.4826024803149602
20
-4.567717047244094
11
6.4825880708661412
21
-4.5676445275590547
0
LINE
8
BLACK
6
CONTINUOUS
10
6.4825880708661412
20
-4.5676445275590547
11
6.4825880708661412
21
-4.5629575984251964
0
LINE
8
BLACK
6
CONTINUOUS
10
6.4825880708661412
20
-4.5629575984251964
11
6.4826024803149602
21
-4.5628850393700784
0
LINE
8
BLACK
6
CONTINUOUS
10
6.4826024803149602
20
-4.5628850393700784
11
6.4825918110236218
21
-4.5628529527559056
0
LINE
8
BLACK
6
CONTINUOUS
10
6.4825918110236218
20
-4.5628529527559056
11
6.482654251968504
21
-4.5626247637795272
0
LINE
8
BLACK
6
CONTINUOUS
10
6.482654251968504
20
-4.5626247637795272
11
6.4827004724409445
21
-4.5623925984251965
0
LINE
8
BLACK
6
CONTINUOUS
10
6.4827004724409445
20
-4.5623925984251965
11
6.4827243700787403
21
-4.5623686614173229
0
LINE
8
BLACK
6
CONTINUOUS
10
6.4827243700787403
20
-4.5623686614173229
11
6.4827439370078741
21
-4.5622973228346453
0
LINE
8
BLACK
6
CONTINUOUS
10
6.4827439370078741
20
-4.5622973228346453
11
6.4836813385826773
21
-4.5604225590551177
0
LINE
8
BLACK
6
CONTINUOUS
10
6.4836813385826773
20
-4.5604225590551177
11
6.4838263385826771
21
-4.5602356692913384
0
LINE
8
BLACK
6
CONTINUOUS
10
6.4838263385826771
20
-4.5602356692913384
11
6.483957874015748
21
-4.560038858267716
0
LINE
8
BLACK
6
CONTINUOUS
10
6.483957874015748
20
-4.560038858267716
11
6.4848952362204724
21
-4.5591015354330704
0
LINE
8
BLACK
6
CONTINUOUS
10
6.4848952362204724
20
-4.5591015354330704
11
6.485091850393701
21
-4.5589701574803145
0
LINE
8
BLACK
6
CONTINUOUS
10
6.485091850393701
20
-4.5589701574803145
11
6.4852789370078741
21
-4.5588249606299209
0
LINE
8
BLACK
6
CONTINUOUS
10
6.4852789370078741
20
-4.5588249606299209
11
6.4871537007874016
21
-4.5578875590551178
0
LINE
8
BLACK
6
CONTINUOUS
10
6.4871537007874016
20
-4.5578875590551178
11
6.4872250393700783
21
-4.5578679921259839
0
LINE
8
BLACK
6
CONTINUOUS
10
6.4872250393700783
20
-4.5578679921259839
11
6.4872489763779528
21
-4.5578440944881891
0
LINE
8
BLACK
6
CONTINUOUS
10
6.4872489763779528
20
-4.5578440944881891
11
6.4874379921259839
21
-4.5578064566929131
0
LINE
8
BLACK
6
CONTINUOUS
10
6.4874379921259839
20
-4.5578064566929131
11
6.4829533464566929
21
-4.5526812204724409
0
LINE
8
BLACK
6
CONTINUOUS
10
6.4829533464566929
20
-4.5526812204724409
11
6.4827438582677166
21
-4.5523174015748031
0
LINE
8
BLACK
6
CONTINUOUS
10
6.4827438582677166
20
-4.5523174015748031
11
6.4827004724409445
21
-4.552274015748031
0
LINE
8
BLACK
6
CONTINUOUS
10
6.4827004724409445
20
-4.552274015748031
11
6.4827004724409445
21
-4.5522420078740158
0
LINE
8
BLACK
6
CONTINUOUS
10
6.4827004724409445
20
-4.5522420078740158
11
6.4826659055118112
21
-4.5521820078740154
0
LINE
8
BLACK
6
CONTINUOUS
10
6.4826659055118112
20
-4.5521820078740154
11
6.4827004724409445
21
-4.5516634645669294
0
LINE
8
BLACK
6
CONTINUOUS
10
6.4827004724409445
20
-4.5516634645669294
11
6.4827004724409445
21
-4.5511440157480312
0
LINE
8
BLACK
6
CONTINUOUS
10
6.4827004724409445
20
-4.5511440157480312
11
6.4827375590551179
21
-4.5511068897637799
0
LINE
8
BLACK
6
CONTINUOUS
10
6.4827375590551179
20
-4.5511068897637799
11
6.482741062992126
21
-4.5510545669291336
0
LINE
8
BLACK
6
CONTINUOUS
10
6.482741062992126
20
-4.5510545669291336
11
6.4831319291338581
21
-4.5507125590551176
0
LINE
8
BLACK
6
CONTINUOUS
10
6.4831319291338581
20
-4.5507125590551176
11
6.4834994488188977
21
-4.5503450393700788
0
LINE
8
BLACK
6
CONTINUOUS
10
6.4834994488188977
20
-4.5503450393700788
11
6.4835673622047238
21
-4.5503314960629924
0
LINE
8
BLACK
6
CONTINUOUS
10
6.4835673622047238
20
-4.5503314960629924
11
6.4835914566929134
21
-4.5503104724409447
0
LINE
8
BLACK
6
CONTINUOUS
10
6.4835914566929134
20
-4.5503104724409447
11
6.4836526771653542
21
-4.5503145275590553
0
LINE
8
BLACK
6
CONTINUOUS
10
6.4836526771653542
20
-4.5503145275590553
11
6.4840644488188977
21
-4.5502326377952755
0
LINE
8
BLACK
6
CONTINUOUS
10
6.4840644488188977
20
-4.5502326377952755
11
6.4962504330708661
21
-4.5502326377952755
0
LINE
8
BLACK
6
CONTINUOUS
10
6.4962504330708661
20
-4.5502326377952755
11
6.4968154330708661
21
-4.5503450393700788
0
LINE
8
BLACK
6
CONTINUOUS
10
6.5051135039370074
20
-4.5511440157480312
11
6.5052259055118107
21
-4.5517090157480311
0
LINE
8
BLACK
6
CONTINUOUS
10
6.5052259055118107
20
-4.5517090157480311
11
6.5052259055118107
21
-4.5672960236220472
0
LINE
8
BLACK
6
CONTINUOUS
10
6.5052259055118107
20
-4.5672960236220472
11
6.5059002362204721
21
-4.56864468503937
0
LINE
8
BLACK
6
CONTINUOUS
10
6.5059002362204721
20
-4.56864468503937
11
6.5064988582677161
21
-4.5692433464566928
0
LINE
8
BLACK
6
CONTINUOUS
10
6.5064988582677161
20
-4.5692433464566928
11
6.5078475590551177
21
-4.5699176771653542
0
LINE
8
BLACK
6
CONTINUOUS
10
6.5078475590551177
20
-4.5699176771653542
11
6.510900078740157
21
-4.5699176771653542
0
LINE
8
BLACK
6
CONTINUOUS
10
6.510900078740157
20
-4.5699176771653542
11
6.5122487795275585
21
-4.5692433070866141
0
LINE
8
BLACK
6
CONTINUOUS
10
6.5122487795275585
20
-4.5692433070866141
11
6.5128472834645672
21
-4.5686447637795276
0
LINE
8
BLACK
6
CONTINUOUS
10
6.5128472834645672
20
-4.5686447637795276
11
6.513521732283464
21
-4.5672959448818897
0
LINE
8
BLACK
6
CONTINUOUS
10
6.513521732283464
20
-4.5672959448818897
11
6.513521732283464
21
-4.5517090157480311
0
LINE
8
BLACK
6
CONTINUOUS
10
6.513521732283464
20
-4.5517090157480311
11
6.5136341338582673
21
-4.5511440157480312
0
LINE
8
BLACK
6
CONTINUOUS
10
6.5136341338582673
20
-4.5511440157480312
11
6.5144331102362205
21
-4.5503450393700788
0
LINE
8
BLACK
6
CONTINUOUS
10
6.5144331102362205
20
-4.5503450393700788
11
6.5155631102362204
21
-4.5503450393700788
0
LINE
8
BLACK
6
CONTINUOUS
10
6.5155631102362204
20
-4.5503450393700788
11
6.5163620866141727
21
-4.5511440157480312
0
LINE
8
BLACK
6
CONTINUOUS
10
6.5163620866141727
20
-4.5511440157480312
11
6.516474488188976
21
-4.5517090157480311
0
LINE
8
BLACK
6
CONTINUOUS
10
6.516474488188976
20
-4.5517090157480311
11
6.516474488188976
21
-4.5676445275590547
0
LINE
8
BLACK
6
CONTINUOUS
10
6.516474488188976
20
-4.5676445275590547
11
6.5164600393700782
21
-4.567717047244094
0
LINE
8
BLACK
6
CONTINUOUS
10
6.5164600393700782
20
-4.567717047244094
11
6.5164707480314963
21
-4.5677491732283464
0
LINE
8
BLACK
6
CONTINUOUS
10
6.5164707480314963
20
-4.5677491732283464
11
6.5164082677165354
21
-4.5679773228346452
0
LINE
8
BLACK
6
CONTINUOUS
10
6.5164082677165354
20
-4.5679773228346452
11
6.5163620866141727
21
-4.5682095275590546
0
LINE
8
BLACK
6
CONTINUOUS
10
6.5163620866141727
20
-4.5682095275590546
11
6.5163381496062991
21
-4.5682334251968504
0
LINE
8
BLACK
6
CONTINUOUS
10
6.5163381496062991
20
-4.5682334251968504
11
6.516318622047244
21
-4.5683048031496059
0
LINE
8
BLACK
6
CONTINUOUS
10
6.516318622047244
20
-4.5683048031496059
11
6.5153812204724408
21
-4.5701795669291334
0
LINE
8
BLACK
6
CONTINUOUS
10
6.5153812204724408
20
-4.5701795669291334
11
6.5152361023622047
21
-4.5703664960629924
0
LINE
8
BLACK
6
CONTINUOUS
10
6.5152361023622047
20
-4.5703664960629924
11
6.5151046850393701
21
-4.5705632283464563
0
LINE
8
BLACK
6
CONTINUOUS
10
6.5151046850393701
20
-4.5705632283464563
11
6.5141673228346457
21
-4.5715006299212595
0
LINE
8
BLACK
6
CONTINUOUS
10
6.5141673228346457
20
-4.5715006299212595
11
6.5139704330708659
21
-4.5716321653543304
0
LINE
8
BLACK
6
CONTINUOUS
10
6.5139704330708659
20
-4.5716321653543304
11
6.5137835826771653
21
-4.571777204724409
0
LINE
8
BLACK
6
CONTINUOUS
10
6.5137835826771653
20
-4.571777204724409
11
6.5119088188976377
21
-4.5727145669291334
0
LINE
8
BLACK
6
CONTINUOUS
10
6.5119088188976377
20
-4.5727145669291334
11
6.5118375196850389
21
-4.5727340551181097
0
LINE
8
BLACK
6
CONTINUOUS
10
6.5118375196850389
20
-4.5727340551181097
11
6.5118135826771653
21
-4.572758031496063
0
LINE
8
BLACK
6
CONTINUOUS
10
6.5118135826771653
20
-4.572758031496063
11
6.5115812204724408
21
-4.5728042125984247
0
LINE
8
BLACK
6
CONTINUOUS
10
6.5115812204724408
20
-4.5728042125984247
11
6.5113531889763774
21
-4.5728666929133857
0
LINE
8
BLACK
6
CONTINUOUS
10
6.5113531889763774
20
-4.5728666929133857
11
6.5113211023622046
21
-4.5728559842519685
0
LINE
8
BLACK
6
CONTINUOUS
10
6.5113211023622046
20
-4.5728559842519685
11
6.5112485826771653
21
-4.5728704330708663
0
LINE
8
BLACK
6
CONTINUOUS
10
6.5112485826771653
20
-4.5728704330708663
11
6.5074990551181102
21
-4.5728704330708663
0
LINE
8
BLACK
6
CONTINUOUS
10
6.5074990551181102
20
-4.5728704330708663
11
6.5074264566929134
21
-4.5728559842519685
0
LINE
8
BLACK
6
CONTINUOUS
10
6.5074264566929134
20
-4.5728559842519685
11
6.5073944094488185
21
-4.5728666929133857
0
LINE
8
BLACK
6
CONTINUOUS
10
6.5073944094488185
20
-4.5728666929133857
11
6.507166220472441
21
-4.5728042125984247
0
LINE
8
BLACK
6
CONTINUOUS
10
6.507166220472441
20
-4.5728042125984247
11
6.5069340551181103
21
-4.572758031496063
0
LINE
8
BLACK
6
CONTINUOUS
10
6.5069340551181103
20
-4.572758031496063
11
6.5069101181102358
21
-4.5727340944881885
0
LINE
8
BLACK
6
CONTINUOUS
10
6.5069101181102358
20
-4.5727340944881885
11
6.5068387795275591
21
-4.5727145669291334
0
LINE
8
BLACK
6
CONTINUOUS
10
6.5068387795275591
20
-4.5727145669291334
11
6.5049640551181103
21
-4.571777204724409
0
LINE
8
BLACK
6
CONTINUOUS
10
6.5049640551181103
20
-4.571777204724409
11
6.5047770472440947
21
-4.5716320866141729
0
LINE
8
BLACK
6
CONTINUOUS
10
6.5047770472440947
20
-4.5716320866141729
11
6.5045803149606298
21
-4.5715006299212595
0
LINE
8
BLACK
6
CONTINUOUS
10
6.5045803149606298
20
-4.5715006299212595
11
6.5036429133858267
21
-4.5705632677165351
0
LINE
8
BLACK
6
CONTINUOUS
10
6.5036429133858267
20
-4.5705632677165351
11
6.5035112992125983
21
-4.5703662598425199
0
LINE
8
BLACK
6
CONTINUOUS
10
6.5035112992125983
20
-4.5703662598425199
11
6.503366377952756
21
-4.5701795275590547
0
LINE
8
BLACK
6
CONTINUOUS
10
6.503366377952756
20
-4.5701795275590547
11
6.5024290157480316
21
-4.5683047637795271
0
LINE
8
BLACK
6
CONTINUOUS
10
6.5024290157480316
20
-4.5683047637795271
11
6.5024094881889765
21
-4.5682334645669291
0
LINE
8
BLACK
6
CONTINUOUS
10
6.5024094881889765
20
-4.5682334645669291
11
6.502385551181102
21
-4.5682095275590546
0
LINE
8
BLACK
6
CONTINUOUS
10
6.502385551181102
20
-4.5682095275590546
11
6.5023393307086614
21
-4.5679771653543302
0
LINE
8
BLACK
6
CONTINUOUS
10
6.5023393307086614
20
-4.5679771653543302
11
6.5022768897637793
21
-4.5677491338582676
0
LINE
8
BLACK
6
CONTINUOUS
10
6.5022768897637793
20
-4.5677491338582676
11
6.5022875590551177
21
-4.567717047244094
0
LINE
8
BLACK
6
CONTINUOUS
10
6.5022875590551177
20
-4.567717047244094
11
6.5022731496062987
21
-4.5676445275590547
0
LINE
8
BLACK
6
CONTINUOUS
10
6.5022731496062987
20
-4.5676445275590547
11
6.5022731496062987
21
-4.5517090157480311
0
LINE
8
BLACK
6
CONTINUOUS
10
6.5022731496062987
20
-4.5517090157480311
11
6.502385551181102
21
-4.5511440157480312
0
LINE
8
BLACK
6
CONTINUOUS
10
6.502385551181102
20
-4.5511440157480312
11
6.5031845275590552
21
-4.5503450393700788
0
LINE
8
BLACK
6
CONTINUOUS
10
6.5031845275590552
20
-4.5503450393700788
11
6.504314527559055
21
-4.5503450393700788
0
LINE
8
BLACK
6
CONTINUOUS
10
6.504314527559055
20
-4.5503450393700788
11
6.5051135039370074
21
-4.5511440157480312
0
LINE
8
BLACK
6
CONTINUOUS
10
6.5440603937007875
20
-4.5340474803149604
11
6.5451257480314959
21
-4.5351128346456688
0
LINE
8
BLACK
6
CONTINUOUS
10
6.5451257480314959
20
-4.5351128346456688
11
6.5452755905511806
21
-4.5358661417322832
0
LINE
8
BLACK
6
CONTINUOUS
10
6.5452755905511806
20
-4.5358661417322832
11
6.5452755905511806
21
-4.5693307086614174
0
LINE
8
BLACK
6
CONTINUOUS
10
6.5452755905511806
20
-4.5693307086614174
11
6.5451257480314959
21
-4.5700840157480318
0
LINE
8
BLACK
6
CONTINUOUS
10
6.5451257480314959
20
-4.5700840157480318
11
6.5446990157480309
21
-4.5707226377952752
0
LINE
8
BLACK
6
CONTINUOUS
10
6.5446990157480309
20
-4.5707226377952752
11
6.5250139763779522
21
-4.5904076771653539
0
LINE
8
BLACK
6
CONTINUOUS
10
6.5250139763779522
20
-4.5904076771653539
11
6.5243753543307088
21
-4.5908344094488189
0
LINE
8
BLACK
6
CONTINUOUS
10
6.5243753543307088
20
-4.5908344094488189
11
6.5236220472440944
21
-4.5909842519685036
0
LINE
8
BLACK
6
CONTINUOUS
10
6.5236220472440944
20
-4.5909842519685036
11
6.4566929133858268
21
-4.5909842519685036
0
LINE
8
BLACK
6
CONTINUOUS
10
6.4566929133858268
20
-4.5909842519685036
11
6.4559396062992125
21
-4.5908344094488189
0
LINE
8
BLACK
6
CONTINUOUS
10
6.4559396062992125
20
-4.5908344094488189
11
6.4548742519685041
21
-4.5897690551181105
0
LINE
8
BLACK
6
CONTINUOUS
10
6.4548742519685041
20
-4.5897690551181105
11
6.4547244094488185
21
-4.5890157480314961
0
LINE
8
BLACK
6
CONTINUOUS
10
6.4547244094488185
20
-4.5890157480314961
11
6.4547244094488185
21
-4.5358661417322832
0
LINE
8
BLACK
6
CONTINUOUS
10
6.4547244094488185
20
-4.5358661417322832
11
6.4548742519685041
21
-4.5351128346456688
0
LINE
8
BLACK
6
CONTINUOUS
10
6.4548742519685041
20
-4.5351128346456688
11
6.4559396062992125
21
-4.5340474803149604
0
LINE
8
BLACK
6
CONTINUOUS
10
6.4559396062992125
20
-4.5340474803149604
11
6.4566929133858268
21
-4.5338976377952758
0
LINE
8
BLACK
6
CONTINUOUS
10
6.4566929133858268
20
-4.5338976377952758
11
6.5433070866141732
21
-4.5338976377952758
0
LINE
8
BLACK
6
CONTINUOUS
10
6.5433070866141732
20
-4.5338976377952758
11
6.5440603937007875
21
-4.5340474803149604
0
LINE
8
BLACK
6
CONTINUOUS
10
6.4586614173228343
20
-4.5378346456692915
11
6.4586614173228343
21
-4.5870472440944878
0
LINE
8
BLACK
6
CONTINUOUS
10
6.4586614173228343
20
-4.5870472440944878
11
6.5228066929133854
21
-4.5870472440944878
0
LINE
8
BLACK
6
CONTINUOUS
10
6.5228066929133854
20
-4.5870472440944878
11
6.5413385826771648
21
-4.5685153543307084
0
LINE
8
BLACK
6
CONTINUOUS
10
6.5413385826771648
20
-4.5685153543307084
11
6.5413385826771648
21
-4.5378346456692915
0
LINE
8
BLACK
6
CONTINUOUS
10
6.5413385826771648
20
-4.5378346456692915
11
6.4586614173228343
21
-4.5378346456692915
0
LINE
8
BLACK
6
CONTINUOUS
10
6.234235
20
-4.5302448818897636
11
6.2342606692913387
21
-4.5302363385826769
0
LINE
8
BLACK
6
CONTINUOUS
10
6.2342606692913387
20
-4.5302363385826769
11
6.2344431889763774
21
-4.5302862992125981
0
LINE
8
BLACK
6
CONTINUOUS
10
6.2344431889763774
20
-4.5302862992125981
11
6.2346289763779525
21
-4.5303232677165353
0
LINE
8
BLACK
6
CONTINUOUS
10
6.2346289763779525
20
-4.5303232677165353
11
6.2346481102362201
21
-4.5303424015748028
0
LINE
8
BLACK
6
CONTINUOUS
10
6.2346481102362201
20
-4.5303424015748028
11
6.2347051968503937
21
-4.5303580314960632
0
LINE
8
BLACK
6
CONTINUOUS
10
6.2347051968503937
20
-4.5303580314960632
11
6.236205
21
-4.5311079527559057
0
LINE
8
BLACK
6
CONTINUOUS
10
6.236205
20
-4.5311079527559057
11
6.2363547244094484
21
-4.5312241732283463
0
LINE
8
BLACK
6
CONTINUOUS
10
6.2363547244094484
20
-4.5312241732283463
11
6.236511929133858
21
-4.5313292125984255
0
LINE
8
BLACK
6
CONTINUOUS
10
6.236511929133858
20
-4.5313292125984255
11
6.2372618503937005
21
-4.5320790944881892
0
LINE
8
BLACK
6
CONTINUOUS
10
6.2372618503937005
20
-4.5320790944881892
11
6.2373672047244089
21
-4.5322368110236217
0
LINE
8
BLACK
6
CONTINUOUS
10
6.2373672047244089
20
-4.5322368110236217
11
6.2374830708661415
21
-4.532386062992126
0
LINE
8
BLACK
6
CONTINUOUS
10
6.2374830708661415
20
-4.532386062992126
11
6.238232992125984
21
-4.533885905511811
0
LINE
8
BLACK
6
CONTINUOUS
10
6.238232992125984
20
-4.533885905511811
11
6.2382485826771656
21
-4.5339429133858271
0
LINE
8
BLACK
6
CONTINUOUS
10
6.2382485826771656
20
-4.5339429133858271
11
6.238267755905512
21
-4.5339620866141734
0
LINE
8
BLACK
6
CONTINUOUS
10
6.238267755905512
20
-4.5339620866141734
11
6.2383046456692908
21
-4.5341475590551177
0
LINE
8
BLACK
6
CONTINUOUS
10
6.2383046456692908
20
-4.5341475590551177
11
6.238354724409449
21
-4.5343303937007873
0
LINE
8
BLACK
6
CONTINUOUS
10
6.238354724409449
20
-4.5343303937007873
11
6.2383461417322836
21
-4.5343561023622048
0
LINE
8
BLACK
6
CONTINUOUS
10
6.2383461417322836
20
-4.5343561023622048
11
6.2383576771653546
21
-4.5344140944881888
0
LINE
8
BLACK
6
CONTINUOUS
10
6.2383576771653546
20
-4.5344140944881888
11
6.2383576771653546
21
-4.5351639763779525
0
LINE
8
BLACK
6
CONTINUOUS
10
6.2383576771653546
20
-4.5351639763779525
11
6.2383461417322836
21
-4.5352219291338578
0
LINE
8
BLACK
6
CONTINUOUS
10
6.2383461417322836
20
-4.5352219291338578
11
6.238354724409449
21
-4.535247677165354
0
LINE
8
BLACK
6
CONTINUOUS
10
6.238354724409449
20
-4.535247677165354
11
6.2383046456692908
21
-4.5354304724409449
0
LINE
8
BLACK
6
CONTINUOUS
10
6.2383046456692908
20
-4.5354304724409449
11
6.238267755905512
21
-4.5356159842519688
0
LINE
8
BLACK
6
CONTINUOUS
10
6.238267755905512
20
-4.5356159842519688
11
6.2382485826771656
21
-4.5356351181102363
0
LINE
8
BLACK
6
CONTINUOUS
10
6.2382485826771656
20
-4.5356351181102363
11
6.238232992125984
21
-4.5356921653543303
0
LINE
8
BLACK
6
CONTINUOUS
10
6.238232992125984
20
-4.5356921653543303
11
6.2374830708661415
21
-4.5371920078740153
0
LINE
8
BLACK
6
CONTINUOUS
10
6.2374830708661415
20
-4.5371920078740153
11
6.237367007874016
21
-4.5373414566929133
0
LINE
8
BLACK
6
CONTINUOUS
10
6.237367007874016
20
-4.5373414566929133
11
6.2372618503937005
21
-4.5374989370078742
0
LINE
8
BLACK
6
CONTINUOUS
10
6.2372618503937005
20
-4.5374989370078742
11
6.2365972047244096
21
-4.5381635826771651
0
LINE
8
BLACK
6
CONTINUOUS
10
6.2365972047244096
20
-4.5381635826771651
11
6.2372618503937005
21
-4.5388282677165357
0
LINE
8
BLACK
6
CONTINUOUS
10
6.2372618503937005
20
-4.5388282677165357
11
6.237367007874016
21
-4.5389857086614169
0
LINE
8
BLACK
6
CONTINUOUS
10
6.237367007874016
20
-4.5389857086614169
11
6.2374830708661415
21
-4.5391351968503937
0
LINE
8
BLACK
6
CONTINUOUS
10
6.2374830708661415
20
-4.5391351968503937
11
6.238232992125984
21
-4.5406350393700787
0
LINE
8
BLACK
6
CONTINUOUS
10
6.238232992125984
20
-4.5406350393700787
11
6.2382485826771656
21
-4.5406920472440948
0
LINE
8
BLACK
6
CONTINUOUS
10
6.2382485826771656
20
-4.5406920472440948
11
6.238267755905512
21
-4.5407112204724411
0
LINE
8
BLACK
6
CONTINUOUS
10
6.238267755905512
20
-4.5407112204724411
11
6.2383046456692908
21
-4.5408966929133854
0
LINE
8
BLACK
6
CONTINUOUS
10
6.2383046456692908
20
-4.5408966929133854
11
6.238354724409449
21
-4.541079527559055
0
LINE
8
BLACK
6
CONTINUOUS
10
6.238354724409449
20
-4.541079527559055
11
6.2383461417322836
21
-4.5411052362204725
0
LINE
8
BLACK
6
CONTINUOUS
10
6.2383461417322836
20
-4.5411052362204725
11
6.2383576771653546
21
-4.5411632283464565
0
LINE
8
BLACK
6
CONTINUOUS
10
6.2383576771653546
20
-4.5411632283464565
11
6.2383576771653546
21
-4.5441628740157478
0
LINE
8
BLACK
6
CONTINUOUS
10
6.2383576771653546
20
-4.5441628740157478
11
6.2383461417322836
21
-4.5442208267716531
0
LINE
8
BLACK
6
CONTINUOUS
10
6.2383461417322836
20
-4.5442208267716531
11
6.238354724409449
21
-4.5442465748031493
0
LINE
8
BLACK
6
CONTINUOUS
10
6.238354724409449
20
-4.5442465748031493
11
6.2383046456692908
21
-4.5444293700787401
0
LINE
8
BLACK
6
CONTINUOUS
10
6.2383046456692908
20
-4.5444293700787401
11
6.238267755905512
21
-4.544614881889764
0
LINE
8
BLACK
6
CONTINUOUS
10
6.238267755905512
20
-4.544614881889764
11
6.2382485826771656
21
-4.5446340157480316
0
LINE
8
BLACK
6
CONTINUOUS
10
6.2382485826771656
20
-4.5446340157480316
11
6.238232992125984
21
-4.5446910629921256
0
LINE
8
BLACK
6
CONTINUOUS
10
6.238232992125984
20
-4.5446910629921256
11
6.2374830708661415
21
-4.5461909055118106
0
LINE
8
BLACK
6
CONTINUOUS
10
6.2374830708661415
20
-4.5461909055118106
11
6.237367007874016
21
-4.5463403543307086
0
LINE
8
BLACK
6
CONTINUOUS
10
6.237367007874016
20
-4.5463403543307086
11
6.2372618503937005
21
-4.5464978346456695
0
LINE
8
BLACK
6
CONTINUOUS
10
6.2372618503937005
20
-4.5464978346456695
11
6.2365119685039367
21
-4.547247755905512
0
LINE
8
BLACK
6
CONTINUOUS
10
6.2365119685039367
20
-4.547247755905512
11
6.2363543307086609
21
-4.5473530314960628
0
LINE
8
BLACK
6
CONTINUOUS
10
6.2363543307086609
20
-4.5473530314960628
11
6.2362049606299212
21
-4.5474690157480318
0
LINE
8
BLACK
6
CONTINUOUS
10
6.2362049606299212
20
-4.5474690157480318
11
6.234705157480315
21
-4.5482188976377955
0
LINE
8
BLACK
6
CONTINUOUS
10
6.234705157480315
20
-4.5482188976377955
11
6.2346481102362201
21
-4.5482344881889762
0
LINE
8
BLACK
6
CONTINUOUS
10
6.2346481102362201
20
-4.5482344881889762
11
6.2346289763779525
21
-4.5482536614173226
0
LINE
8
BLACK
6
CONTINUOUS
10
6.2346289763779525
20
-4.5482536614173226
11
6.2344431496062986
21
-4.548290590551181
0
LINE
8
BLACK
6
CONTINUOUS
10
6.2344431496062986
20
-4.548290590551181
11
6.2342606692913387
21
-4.5483405905511809
0
LINE
8
BLACK
6
CONTINUOUS
10
6.2342606692913387
20
-4.5483405905511809
11
6.234235
21
-4.5483320078740155
0
LINE
8
BLACK
6
CONTINUOUS
10
6.234235
20
-4.5483320078740155
11
6.2341769685039372
21
-4.5483435826771652
0
LINE
8
BLACK
6
CONTINUOUS
10
6.2341769685039372
20
-4.5483435826771652
11
6.2311773228346459
21
-4.5483435826771652
0
LINE
8
BLACK
6
CONTINUOUS
10
6.2311773228346459
20
-4.5483435826771652
11
6.2311192519685035
21
-4.5483320078740155
0
LINE
8
BLACK
6
CONTINUOUS
10
6.2311192519685035
20
-4.5483320078740155
11
6.2310936220472444
21
-4.5483405905511809
0
LINE
8
BLACK
6
CONTINUOUS
10
6.2310936220472444
20
-4.5483405905511809
11
6.2309111023622048
21
-4.548290590551181
0
LINE
8
BLACK
6
CONTINUOUS
10
6.2309111023622048
20
-4.548290590551181
11
6.2307253149606296
21
-4.5482536614173226
0
LINE
8
BLACK
6
CONTINUOUS
10
6.2307253149606296
20
-4.5482536614173226
11
6.2307061417322833
21
-4.5482344881889762
0
LINE
8
BLACK
6
CONTINUOUS
10
6.2307061417322833
20
-4.5482344881889762
11
6.2306491338582672
21
-4.5482188976377955
0
LINE
8
BLACK
6
CONTINUOUS
10
6.2306491338582672
20
-4.5482188976377955
11
6.2291493307086609
21
-4.5474690157480318
0
LINE
8
BLACK
6
CONTINUOUS
10
6.2291493307086609
20
-4.5474690157480318
11
6.2289996850393701
21
-4.5473528740157478
0
LINE
8
BLACK
6
CONTINUOUS
10
6.2289996850393701
20
-4.5473528740157478
11
6.2288423622047242
21
-4.547247755905512
0
LINE
8
BLACK
6
CONTINUOUS
10
6.2288423622047242
20
-4.547247755905512
11
6.2280924409448817
21
-4.5464978346456695
0
LINE
8
BLACK
6
CONTINUOUS
10
6.2280924409448817
20
-4.5464978346456695
11
6.2279873228346458
21
-4.5463404724409449
0
LINE
8
BLACK
6
CONTINUOUS
10
6.2279873228346458
20
-4.5463404724409449
11
6.2278711811023619
21
-4.5461908661417318
0
LINE
8
BLACK
6
CONTINUOUS
10
6.2278711811023619
20
-4.5461908661417318
11
6.2271212992125982
21
-4.5446910629921256
0
LINE
8
BLACK
6
CONTINUOUS
10
6.2271212992125982
20
-4.5446910629921256
11
6.2271056692913387
21
-4.5446340157480316
0
LINE
8
BLACK
6
CONTINUOUS
10
6.2271056692913387
20
-4.5446340157480316
11
6.2270865354330711
21
-4.544614881889764
0
LINE
8
BLACK
6
CONTINUOUS
10
6.2270865354330711
20
-4.544614881889764
11
6.2270495669291339
21
-4.5444290551181101
0
LINE
8
BLACK
6
CONTINUOUS
10
6.2270495669291339
20
-4.5444290551181101
11
6.2269996062992128
21
-4.5442465748031493
0
LINE
8
BLACK
6
CONTINUOUS
10
6.2269996062992128
20
-4.5442465748031493
11
6.2270081496062994
21
-4.5442209055118106
0
LINE
8
BLACK
6
CONTINUOUS
10
6.2270081496062994
20
-4.5442209055118106
11
6.2269966141732285
21
-4.5441628740157478
0
LINE
8
BLACK
6
CONTINUOUS
10
6.2269966141732285
20
-4.5441628740157478
11
6.2269966141732285
21
-4.5411632283464565
0
LINE
8
BLACK
6
CONTINUOUS
10
6.2269966141732285
20
-4.5411632283464565
11
6.2270081496062994
21
-4.541105157480315
0
LINE
8
BLACK
6
CONTINUOUS
10
6.2270081496062994
20
-4.541105157480315
11
6.2269996062992128
21
-4.541079527559055
0
LINE
8
BLACK
6
CONTINUOUS
10
6.2269996062992128
20
-4.541079527559055
11
6.2270495669291339
21
-4.5408970078740154
0
LINE
8
BLACK
6
CONTINUOUS
10
6.2270495669291339
20
-4.5408970078740154
11
6.2270865354330711
21
-4.5407112204724411
0
LINE
8
BLACK
6
CONTINUOUS
10
6.2270865354330711
20
-4.5407112204724411
11
6.2271056692913387
21
-4.5406920472440948
0
LINE
8
BLACK
6
CONTINUOUS
10
6.2271056692913387
20
-4.5406920472440948
11
6.2271212992125982
21
-4.5406350393700787
0
LINE
8
BLACK
6
CONTINUOUS
10
6.2271212992125982
20
-4.5406350393700787
11
6.2278711811023619
21
-4.5391352362204724
0
LINE
8
BLACK
6
CONTINUOUS
10
6.2278711811023619
20
-4.5391352362204724
11
6.2279873228346458
21
-4.5389855905511807
0
LINE
8
BLACK
6
CONTINUOUS
10
6.2279873228346458
20
-4.5389855905511807
11
6.2280924409448817
21
-4.5388282677165357
0
LINE
8
BLACK
6
CONTINUOUS
10
6.2280924409448817
20
-4.5388282677165357
11
6.2287570866141735
21
-4.5381635826771651
0
LINE
8
BLACK
6
CONTINUOUS
10
6.2287570866141735
20
-4.5381635826771651
11
6.2280924409448817
21
-4.5374989370078742
0
LINE
8
BLACK
6
CONTINUOUS
10
6.2280924409448817
20
-4.5374989370078742
11
6.2279873228346458
21
-4.5373415748031496
0
LINE
8
BLACK
6
CONTINUOUS
10
6.2279873228346458
20
-4.5373415748031496
11
6.2278711811023619
21
-4.5371919685039366
0
LINE
8
BLACK
6
CONTINUOUS
10
6.2278711811023619
20
-4.5371919685039366
11
6.2271212992125982
21
-4.5356921653543303
0
LINE
8
BLACK
6
CONTINUOUS
10
6.2271212992125982
20
-4.5356921653543303
11
6.2271056692913387
21
-4.5356351181102363
0
LINE
8
BLACK
6
CONTINUOUS
10
6.2271056692913387
20
-4.5356351181102363
11
6.2270865354330711
21
-4.5356159842519688
0
LINE
8
BLACK
6
CONTINUOUS
10
6.2270865354330711
20
-4.5356159842519688
11
6.2270495669291339
21
-4.5354301574803149
0
LINE
8
BLACK
6
CONTINUOUS
10
6.2270495669291339
20
-4.5354301574803149
11
6.2269996062992128
21
-4.535247677165354
0
LINE
8
BLACK
6
CONTINUOUS
10
6.2269996062992128
20
-4.535247677165354
11
6.2270081496062994
21
-4.5352220078740153
0
LINE
8
BLACK
6
CONTINUOUS
10
6.2270081496062994
20
-4.5352220078740153
11
6.2269966141732285
21
-4.5351639763779525
0
LINE
8
BLACK
6
CONTINUOUS
10
6.2269966141732285
20
-4.5351639763779525
11
6.2269966141732285
21
-4.5344140944881888
0
LINE
8
BLACK
6
CONTINUOUS
10
6.2269966141732285
20
-4.5344140944881888
11
6.2270081496062994
21
-4.534356062992126
0
LINE
8
BLACK
6
CONTINUOUS
10
6.2270081496062994
20
-4.534356062992126
11
6.2269996062992128
21
-4.534330433070866
0
LINE
8
BLACK
6
CONTINUOUS
10
6.2269996062992128
20
-4.534330433070866
11
6.2270495275590552
21
-4.5341479527559052
0
LINE
8
BLACK
6
CONTINUOUS
10
6.2270495275590552
20
-4.5341479527559052
11
6.2270865354330711
21
-4.5339620866141734
0
LINE
8
BLACK
6
CONTINUOUS
10
6.2270865354330711
20
-4.5339620866141734
11
6.2271056692913387
21
-4.5339429133858271
0
LINE
8
BLACK
6
CONTINUOUS
10
6.2271056692913387
20
-4.5339429133858271
11
6.2271212992125982
21
-4.533885905511811
0
LINE
8
BLACK
6
CONTINUOUS
10
6.2271212992125982
20
-4.533885905511811
11
6.2278711811023619
21
-4.532386062992126
0
LINE
8
BLACK
6
CONTINUOUS
10
6.2278711811023619
20
-4.532386062992126
11
6.2279871259842521
21
-4.5322366535433067
0
LINE
8
BLACK
6
CONTINUOUS
10
6.2279871259842521
20
-4.5322366535433067
11
6.2280924409448817
21
-4.5320790551181105
0
LINE
8
BLACK
6
CONTINUOUS
10
6.2280924409448817
20
-4.5320790551181105
11
6.2288423622047242
21
-4.5313291732283467
0
LINE
8
BLACK
6
CONTINUOUS
10
6.2288423622047242
20
-4.5313291732283467
11
6.2289998031496063
21
-4.5312239763779525
0
LINE
8
BLACK
6
CONTINUOUS
10
6.2289998031496063
20
-4.5312239763779525
11
6.2291492913385822
21
-4.5311079527559057
0
LINE
8
BLACK
6
CONTINUOUS
10
6.2291492913385822
20
-4.5311079527559057
11
6.2306491338582672
21
-4.5303580314960632
0
LINE
8
BLACK
6
CONTINUOUS
10
6.2306491338582672
20
-4.5303580314960632
11
6.2307061417322833
21
-4.5303424015748028
0
LINE
8
BLACK
6
CONTINUOUS
10
6.2307061417322833
20
-4.5303424015748028
11
6.2307253149606296
21
-4.5303232677165353
0
LINE
8
BLACK
6
CONTINUOUS
10
6.2307253149606296
20
-4.5303232677165353
11
6.2309107874015748
21
-4.5302863385826768
0
LINE
8
BLACK
6
CONTINUOUS
10
6.2309107874015748
20
-4.5302863385826768
11
6.2310936220472444
21
-4.5302362992125982
0
LINE
8
BLACK
6
CONTINUOUS
10
6.2310936220472444
20
-4.5302362992125982
11
6.231119330708661
21
-4.5302448425196848
0
LINE
8
BLACK
6
CONTINUOUS
10
6.231119330708661
20
-4.5302448425196848
11
6.2311773228346459
21
-4.5302333464566926
0
LINE
8
BLACK
6
CONTINUOUS
10
6.2311773228346459
20
-4.5302333464566926
11
6.2341769685039372
21
-4.5302333464566926
0
LINE
8
BLACK
6
CONTINUOUS
10
6.2341769685039372
20
-4.5302333464566926
11
6.234235
21
-4.5302448818897636
0
LINE
8
BLACK
6
CONTINUOUS
10
6.2303770866141734
20
-4.5398842125984249
11
6.2298983070866143
21
-4.540362992125984
0
LINE
8
BLACK
6
CONTINUOUS
10
6.2298983070866143
20
-4.540362992125984
11
6.2293588188976381
21
-4.5414420078740161
0
LINE
8
BLACK
6
CONTINUOUS
10
6.2293588188976381
20
-4.5414420078740161
11
6.2293588188976381
21
-4.5438840551181103
0
LINE
8
BLACK
6
CONTINUOUS
10
6.2293588188976381
20
-4.5438840551181103
11
6.2298983070866143
21
-4.5449630708661415
0
LINE
8
BLACK
6
CONTINUOUS
10
6.2298983070866143
20
-4.5449630708661415
11
6.2303770866141734
21
-4.5454418503937006
0
LINE
8
BLACK
6
CONTINUOUS
10
6.2303770866141734
20
-4.5454418503937006
11
6.2314561417322833
21
-4.5459813779527556
0
LINE
8
BLACK
6
CONTINUOUS
10
6.2314561417322833
20
-4.5459813779527556
11
6.2338981496062988
21
-4.5459813779527556
0
LINE
8
BLACK
6
CONTINUOUS
10
6.2338981496062988
20
-4.5459813779527556
11
6.2349770866141734
21
-4.5454418897637794
0
LINE
8
BLACK
6
CONTINUOUS
10
6.2349770866141734
20
-4.5454418897637794
11
6.2354559055118113
21
-4.5449630708661415
0
LINE
8
BLACK
6
CONTINUOUS
10
6.2354559055118113
20
-4.5449630708661415
11
6.235995472440945
21
-4.5438839763779528
0
LINE
8
BLACK
6
CONTINUOUS
10
6.235995472440945
20
-4.5438839763779528
11
6.235995472440945
21
-4.5414420866141727
0
LINE
8
BLACK
6
CONTINUOUS
10
6.235995472440945
20
-4.5414420866141727
11
6.2354559055118113
21
-4.540362992125984
0
LINE
8
BLACK
6
CONTINUOUS
10
6.2354559055118113
20
-4.540362992125984
11
6.2349770866141734
21
-4.5398841732283461
0
LINE
8
BLACK
6
CONTINUOUS
10
6.2349770866141734
20
-4.5398841732283461
11
6.2338981496062988
21
-4.5393447244094487
0
LINE
8
BLACK
6
CONTINUOUS
10
6.2338981496062988
20
-4.5393447244094487
11
6.2314561417322833
21
-4.5393447244094487
0
LINE
8
BLACK
6
CONTINUOUS
10
6.2314561417322833
20
-4.5393447244094487
11
6.2303770866141734
21
-4.5398842125984249
0
LINE
8
BLACK
6
CONTINUOUS
10
6.2303770866141734
20
-4.5331350787401572
11
6.2298982677165355
21
-4.5336138976377951
0
LINE
8
BLACK
6
CONTINUOUS
10
6.2298982677165355
20
-4.5336138976377951
11
6.2293588188976381
21
-4.5346928740157475
0
LINE
8
BLACK
6
CONTINUOUS
10
6.2293588188976381
20
-4.5346928740157475
11
6.2293588188976381
21
-4.5348851574803151
0
LINE
8
BLACK
6
CONTINUOUS
10
6.2293588188976381
20
-4.5348851574803151
11
6.2298983070866143
21
-4.5359641732283462
0
LINE
8
BLACK
6
CONTINUOUS
10
6.2298983070866143
20
-4.5359641732283462
11
6.2303770866141734
21
-4.5364429527559054
0
LINE
8
BLACK
6
CONTINUOUS
10
6.2303770866141734
20
-4.5364429527559054
11
6.2314561811023621
21
-4.5369825196850391
0
LINE
8
BLACK
6
CONTINUOUS
10
6.2314561811023621
20
-4.5369825196850391
11
6.2338981102362201
21
-4.5369825196850391
0
LINE
8
BLACK
6
CONTINUOUS
10
6.2338981102362201
20
-4.5369825196850391
11
6.2349770866141734
21
-4.5364430314960629
0
LINE
8
BLACK
6
CONTINUOUS
10
6.2349770866141734
20
-4.5364430314960629
11
6.2354559055118113
21
-4.5359641732283462
0
LINE
8
BLACK
6
CONTINUOUS
10
6.2354559055118113
20
-4.5359641732283462
11
6.235995472440945
21
-4.5348850787401576
0
LINE
8
BLACK
6
CONTINUOUS
10
6.235995472440945
20
-4.5348850787401576
11
6.235995472440945
21
-4.5346929133858263
0
LINE
8
BLACK
6
CONTINUOUS
10
6.235995472440945
20
-4.5346929133858263
11
6.23545594488189
21
-4.5336138976377951
0
LINE
8
BLACK
6
CONTINUOUS
10
6.23545594488189
20
-4.5336138976377951
11
6.2349771259842521
21
-4.5331350393700784
0
LINE
8
BLACK
6
CONTINUOUS
10
6.2349771259842521
20
-4.5331350393700784
11
6.2338981102362201
21
-4.5325955511811022
0
LINE
8
BLACK
6
CONTINUOUS
10
6.2338981102362201
20
-4.5325955511811022
11
6.2314561811023621
21
-4.5325955511811022
0
LINE
8
BLACK
6
CONTINUOUS
10
6.2314561811023621
20
-4.5325955511811022
11
6.2303770866141734
21
-4.5331350787401572
0
LINE
8
BLACK
6
CONTINUOUS
10
6.2478611417322831
20
-4.5302703149606298
11
6.2480487795275588
21
-4.5302939763779531
0
LINE
8
BLACK
6
CONTINUOUS
10
6.2480487795275588
20
-4.5302939763779531
11
6.2502985039370076
21
-4.5310438976377956
0
LINE
8
BLACK
6
CONTINUOUS
10
6.2502985039370076
20
-4.5310438976377956
11
6.2503498818897638
21
-4.5310731889763778
0
LINE
8
BLACK
6
CONTINUOUS
10
6.2503498818897638
20
-4.5310731889763778
11
6.2503769685039368
21
-4.5310731889763778
0
LINE
8
BLACK
6
CONTINUOUS
10
6.2503769685039368
20
-4.5310731889763778
11
6.2505343700787401
21
-4.5311783464566924
0
LINE
8
BLACK
6
CONTINUOUS
10
6.2505343700787401
20
-4.5311783464566924
11
6.2506988582677163
21
-4.5312721259842519
0
LINE
8
BLACK
6
CONTINUOUS
10
6.2506988582677163
20
-4.5312721259842519
11
6.2507109448818898
21
-4.5312963385826768
0
LINE
8
BLACK
6
CONTINUOUS
10
6.2507109448818898
20
-4.5312963385826768
11
6.2507601574803147
21
-4.5313292125984255
0
LINE
8
BLACK
6
CONTINUOUS
10
6.2507601574803147
20
-4.5313292125984255
11
6.252259960629921
21
-4.532828976377953
0
LINE
8
BLACK
6
CONTINUOUS
10
6.252259960629921
20
-4.532828976377953
11
6.2523650787401577
21
-4.5329863385826767
0
LINE
8
BLACK
6
CONTINUOUS
10
6.2523650787401577
20
-4.5329863385826767
11
6.2524812204724407
21
-4.5331359842519685
0
LINE
8
BLACK
6
CONTINUOUS
10
6.2524812204724407
20
-4.5331359842519685
11
6.2532311023622045
21
-4.5346357874015748
0
LINE
8
BLACK
6
CONTINUOUS
10
6.2532311023622045
20
-4.5346357874015748
11
6.2532652362204724
21
-4.534760551181102
0
LINE
8
BLACK
6
CONTINUOUS
10
6.2532652362204724
20
-4.534760551181102
11
6.2533205118110233
21
-4.5348775196850388
0
LINE
8
BLACK
6
CONTINUOUS
10
6.2533205118110233
20
-4.5348775196850388
11
6.2540704330708659
21
-4.5378771653543302
0
LINE
8
BLACK
6
CONTINUOUS
10
6.2540704330708659
20
-4.5378771653543302
11
6.254077440944882
21
-4.5380216141732284
0
LINE
8
BLACK
6
CONTINUOUS
10
6.254077440944882
20
-4.5380216141732284
11
6.2541057086614176
21
-4.5381636220472439
0
LINE
8
BLACK
6
CONTINUOUS
10
6.2541057086614176
20
-4.5381636220472439
11
6.2541057086614176
21
-4.5404133464566927
0
LINE
8
BLACK
6
CONTINUOUS
10
6.2541057086614176
20
-4.5404133464566927
11
6.254077440944882
21
-4.5405553149606295
0
LINE
8
BLACK
6
CONTINUOUS
10
6.254077440944882
20
-4.5405553149606295
11
6.2540704330708659
21
-4.5406998031496064
0
LINE
8
BLACK
6
CONTINUOUS
10
6.2540704330708659
20
-4.5406998031496064
11
6.2533205118110233
21
-4.543699409448819
0
LINE
8
BLACK
6
CONTINUOUS
10
6.2533205118110233
20
-4.543699409448819
11
6.2532652362204724
21
-4.5438163385826771
0
LINE
8
BLACK
6
CONTINUOUS
10
6.2532652362204724
20
-4.5438163385826771
11
6.2532311023622045
21
-4.543941141732283
0
LINE
8
BLACK
6
CONTINUOUS
10
6.2532311023622045
20
-4.543941141732283
11
6.2524812204724407
21
-4.5454409448818893
0
LINE
8
BLACK
6
CONTINUOUS
10
6.2524812204724407
20
-4.5454409448818893
11
6.2523649606299214
21
-4.5455906692913386
0
LINE
8
BLACK
6
CONTINUOUS
10
6.2523649606299214
20
-4.5455906692913386
11
6.252259960629921
21
-4.545747913385827
0
LINE
8
BLACK
6
CONTINUOUS
10
6.252259960629921
20
-4.545747913385827
11
6.2507601574803147
21
-4.547247755905512
0
LINE
8
BLACK
6
CONTINUOUS
10
6.2507601574803147
20
-4.547247755905512
11
6.2507109448818898
21
-4.5472805905511811
0
LINE
8
BLACK
6
CONTINUOUS
10
6.2507109448818898
20
-4.5472805905511811
11
6.2506988582677163
21
-4.5473048425196847
0
LINE
8
BLACK
6
CONTINUOUS
10
6.2506988582677163
20
-4.5473048425196847
11
6.2505342125984251
21
-4.5473987007874017
0
LINE
8
BLACK
6
CONTINUOUS
10
6.2505342125984251
20
-4.5473987007874017
11
6.2503769685039368
21
-4.5475037795275588
0
LINE
8
BLACK
6
CONTINUOUS
10
6.2503769685039368
20
-4.5475037795275588
11
6.2503499212598426
21
-4.5475037795275588
0
LINE
8
BLACK
6
CONTINUOUS
10
6.2503499212598426
20
-4.5475037795275588
11
6.2502985039370076
21
-4.5475331102362206
0
LINE
8
BLACK
6
CONTINUOUS
10
6.2502985039370076
20
-4.5475331102362206
11
6.2480487795275588
21
-4.5482829921259844
0
LINE
8
BLACK
6
CONTINUOUS
10
6.2480487795275588
20
-4.5482829921259844
11
6.2478608661417319
21
-4.5483066535433068
0
LINE
8
BLACK
6
CONTINUOUS
10
6.2478608661417319
20
-4.5483066535433068
11
6.2476752755905514
21
-4.5483435826771652
0
LINE
8
BLACK
6
CONTINUOUS
10
6.2476752755905514
20
-4.5483435826771652
11
6.2461754330708663
21
-4.5483435826771652
0
LINE
8
BLACK
6
CONTINUOUS
10
6.2461754330708663
20
-4.5483435826771652
11
6.2459898031496062
21
-4.5483066535433068
0
LINE
8
BLACK
6
CONTINUOUS
10
6.2459898031496062
20
-4.5483066535433068
11
6.245801929133858
21
-4.5482829921259844
0
LINE
8
BLACK
6
CONTINUOUS
10
6.245801929133858
20
-4.5482829921259844
11
6.2435522440944879
21
-4.5475331102362206
0
LINE
8
BLACK
6
CONTINUOUS
10
6.2435522440944879
20
-4.5475331102362206
11
6.2435008661417317
21
-4.5475038188976376
0
LINE
8
BLACK
6
CONTINUOUS
10
6.2435008661417317
20
-4.5475038188976376
11
6.2434737795275588
21
-4.5475038188976376
0
LINE
8
BLACK
6
CONTINUOUS
10
6.2434737795275588
20
-4.5475038188976376
11
6.2433162598425191
21
-4.5473985433070867
0
LINE
8
BLACK
6
CONTINUOUS
10
6.2433162598425191
20
-4.5473985433070867
11
6.2431518897637792
21
-4.5473048425196847
0
LINE
8
BLACK
6
CONTINUOUS
10
6.2431518897637792
20
-4.5473048425196847
11
6.2431397637795278
21
-4.5472805905511811
0
LINE
8
BLACK
6
CONTINUOUS
10
6.2431397637795278
20
-4.5472805905511811
11
6.2430905905511809
21
-4.547247755905512
0
LINE
8
BLACK
6
CONTINUOUS
10
6.2430905905511809
20
-4.547247755905512
11
6.2423406692913384
21
-4.5464978346456695
0
LINE
8
BLACK
6
CONTINUOUS
10
6.2423406692913384
20
-4.5464978346456695
11
6.2420846456692916
21
-4.5461146456692916
0
LINE
8
BLACK
6
CONTINUOUS
10
6.2420846456692916
20
-4.5461146456692916
11
6.2420846456692916
21
-4.5452107086614175
0
LINE
8
BLACK
6
CONTINUOUS
10
6.2420846456692916
20
-4.5452107086614175
11
6.2427238582677163
21
-4.5445714960629919
0
LINE
8
BLACK
6
CONTINUOUS
10
6.2427238582677163
20
-4.5445714960629919
11
6.2436277952755903
21
-4.5445714960629919
0
LINE
8
BLACK
6
CONTINUOUS
10
6.2436277952755903
20
-4.5445714960629919
11
6.2440109842519682
21
-4.5448275196850396
0
LINE
8
BLACK
6
CONTINUOUS
10
6.2440109842519682
20
-4.5448275196850396
11
6.244563661417323
21
-4.5453801968503935
0
LINE
8
BLACK
6
CONTINUOUS
10
6.244563661417323
20
-4.5453801968503935
11
6.2463671653543305
21
-4.5459813779527556
0
LINE
8
BLACK
6
CONTINUOUS
10
6.2463671653543305
20
-4.5459813779527556
11
6.2474835433070863
21
-4.5459813779527556
0
LINE
8
BLACK
6
CONTINUOUS
10
6.2474835433070863
20
-4.5459813779527556
11
6.2492870078740159
21
-4.5453802362204723
0
LINE
8
BLACK
6
CONTINUOUS
10
6.2492870078740159
20
-4.5453802362204723
11
6.2504540944881892
21
-4.5442130708661415
0
LINE
8
BLACK
6
CONTINUOUS
10
6.2504540944881892
20
-4.5442130708661415
11
6.2510603149606299
21
-4.5430006692913381
0
LINE
8
BLACK
6
CONTINUOUS
10
6.2510603149606299
20
-4.5430006692913381
11
6.251743503937008
21
-4.5402679527559053
0
LINE
8
BLACK
6
CONTINUOUS
10
6.251743503937008
20
-4.5402679527559053
11
6.251743503937008
21
-4.5383089763779525
0
LINE
8
BLACK
6
CONTINUOUS
10
6.251743503937008
20
-4.5383089763779525
11
6.2510602755905511
21
-4.535576220472441
0
LINE
8
BLACK
6
CONTINUOUS
10
6.2510602755905511
20
-4.535576220472441
11
6.2504540944881892
21
-4.5343638188976376
0
LINE
8
BLACK
6
CONTINUOUS
10
6.2504540944881892
20
-4.5343638188976376
11
6.2492869685039372
21
-4.5331966535433068
0
LINE
8
BLACK
6
CONTINUOUS
10
6.2492869685039372
20
-4.5331966535433068
11
6.2474836614173226
21
-4.5325955511811022
0
LINE
8
BLACK
6
CONTINUOUS
10
6.2474836614173226
20
-4.5325955511811022
11
6.2463670472440942
21
-4.5325955511811022
0
LINE
8
BLACK
6
CONTINUOUS
10
6.2463670472440942
20
-4.5325955511811022
11
6.2445637401574805
21
-4.5331966535433068
0
LINE
8
BLACK
6
CONTINUOUS
10
6.2445637401574805
20
-4.5331966535433068
11
6.2440109842519682
21
-4.5337494488188979
0
LINE
8
BLACK
6
CONTINUOUS
10
6.2440109842519682
20
-4.5337494488188979
11
6.2436277559055116
21
-4.5340054724409447
0
LINE
8
BLACK
6
CONTINUOUS
10
6.2436277559055116
20
-4.5340054724409447
11
6.2427238188976375
21
-4.5340054330708659
0
LINE
8
BLACK
6
CONTINUOUS
10
6.2427238188976375
20
-4.5340054330708659
11
6.2420846062992128
21
-4.5333661811023624
0
LINE
8
BLACK
6
CONTINUOUS
10
6.2420846062992128
20
-4.5333661811023624
11
6.2420846456692916
21
-4.5324622440944884
0
LINE
8
BLACK
6
CONTINUOUS
10
6.2420846456692916
20
-4.5324622440944884
11
6.2423406692913384
21
-4.5320790551181105
0
LINE
8
BLACK
6
CONTINUOUS
10
6.2423406692913384
20
-4.5320790551181105
11
6.2430905905511809
21
-4.5313291732283467
0
LINE
8
BLACK
6
CONTINUOUS
10
6.2430905905511809
20
-4.5313291732283467
11
6.2431397244094491
21
-4.531296299212598
0
LINE
8
BLACK
6
CONTINUOUS
10
6.2431397244094491
20
-4.531296299212598
11
6.2431518503937005
21
-4.5312721259842519
0
LINE
8
BLACK
6
CONTINUOUS
10
6.2431518503937005
20
-4.5312721259842519
11
6.2433162204724404
21
-4.5311783858267711
0
LINE
8
BLACK
6
CONTINUOUS
10
6.2433162204724404
20
-4.5311783858267711
11
6.2434738188976375
21
-4.531073149606299
0
LINE
8
BLACK
6
CONTINUOUS
10
6.2434738188976375
20
-4.531073149606299
11
6.2435009055118105
21
-4.531073149606299
0
LINE
8
BLACK
6
CONTINUOUS
10
6.2435009055118105
20
-4.531073149606299
11
6.2435522440944879
21
-4.5310438976377956
0
LINE
8
BLACK
6
CONTINUOUS
10
6.2435522440944879
20
-4.5310438976377956
11
6.245801929133858
21
-4.5302939763779531
0
LINE
8
BLACK
6
CONTINUOUS
10
6.245801929133858
20
-4.5302939763779531
11
6.2459895275590549
21
-4.5302703149606298
0
LINE
8
BLACK
6
CONTINUOUS
10
6.2459895275590549
20
-4.5302703149606298
11
6.2461754330708663
21
-4.5302333464566926
0
LINE
8
BLACK
6
CONTINUOUS
10
6.2461754330708663
20
-4.5302333464566926
11
6.2476752755905514
21
-4.5302333464566926
0
LINE
8
BLACK
6
CONTINUOUS
10
6.2476752755905514
20
-4.5302333464566926
11
6.2478611417322831
21
-4.5302703149606298
0
LINE
8
BLACK
6
CONTINUOUS
10
6.2728005511811018
20
-4.5224333070866143
11
6.2738659055118111
21
-4.5234986614173227
0
LINE
8
BLACK
6
CONTINUOUS
10
6.2738659055118111
20
-4.5234986614173227
11
6.2740157480314958
21
-4.5242519685039371
0
LINE
8
BLACK
6
CONTINUOUS
10
6.2740157480314958
20
-4.5242519685039371
11
6.2740157480314958
21
-4.555748031496063
0
LINE
8
BLACK
6
CONTINUOUS
10
6.2740157480314958
20
-4.555748031496063
11
6.2738659055118111
21
-4.5565013385826774
0
LINE
8
BLACK
6
CONTINUOUS
10
6.2738659055118111
20
-4.5565013385826774
11
6.2728005511811018
21
-4.5575666929133858
0
LINE
8
BLACK
6
CONTINUOUS
10
6.2728005511811018
20
-4.5575666929133858
11
6.2720472440944883
21
-4.5577165354330704
0
LINE
8
BLACK
6
CONTINUOUS
10
6.2720472440944883
20
-4.5577165354330704
11
6.2090551181102365
21
-4.5577165354330704
0
LINE
8
BLACK
6
CONTINUOUS
10
6.2090551181102365
20
-4.5577165354330704
11
6.2083018110236221
21
-4.5575666929133858
0
LINE
8
BLACK
6
CONTINUOUS
10
6.2083018110236221
20
-4.5575666929133858
11
6.2072364566929137
21
-4.5565013385826774
0
LINE
8
BLACK
6
CONTINUOUS
10
6.2072364566929137
20
-4.5565013385826774
11
6.2070866141732282
21
-4.555748031496063
0
LINE
8
BLACK
6
CONTINUOUS
10
6.2070866141732282
20
-4.555748031496063
11
6.2070866141732282
21
-4.5242519685039371
0
LINE
8
BLACK
6
CONTINUOUS
10
6.2070866141732282
20
-4.5242519685039371
11
6.2072364566929137
21
-4.5234986614173227
0
LINE
8
BLACK
6
CONTINUOUS
10
6.2072364566929137
20
-4.5234986614173227
11
6.2083018110236221
21
-4.5224333070866143
0
LINE
8
BLACK
6
CONTINUOUS
10
6.2083018110236221
20
-4.5224333070866143
11
6.2090551181102365
21
-4.5222834645669288
0
LINE
8
BLACK
6
CONTINUOUS
10
6.2090551181102365
20
-4.5222834645669288
11
6.2720472440944883
21
-4.5222834645669288
0
LINE
8
BLACK
6
CONTINUOUS
10
6.2720472440944883
20
-4.5222834645669288
11
6.2728005511811018
21
-4.5224333070866143
0
LINE
8
BLACK
6
CONTINUOUS
10
6.2110236220472439
20
-4.5262204724409445
11
6.2110236220472439
21
-4.5537795275590547
0
LINE
8
BLACK
6
CONTINUOUS
10
6.2110236220472439
20
-4.5537795275590547
11
6.27007874015748
21
-4.5537795275590547
0
LINE
8
BLACK
6
CONTINUOUS
10
6.27007874015748
20
-4.5537795275590547
11
6.27007874015748
21
-4.5262204724409445
0
LINE
8
BLACK
6
CONTINUOUS
10
6.27007874015748
20
-4.5262204724409445
11
6.2110236220472439
21
-4.5262204724409445
0
LINE
8
BLACK
6
CONTINUOUS
10
6.6497807086614173
20
-4.4951371259842521
11
6.6498063779527561
21
-4.4951285826771654
0
LINE
8
BLACK
6
CONTINUOUS
10
6.6498063779527561
20
-4.4951285826771654
11
6.6499888976377948
21
-4.4951785433070865
0
LINE
8
BLACK
6
CONTINUOUS
10
6.6499888976377948
20
-4.4951785433070865
11
6.6501746850393699
21
-4.4952155118110237
0
LINE
8
BLACK
6
CONTINUOUS
10
6.6501746850393699
20
-4.4952155118110237
11
6.6501938188976375
21
-4.4952346456692913
0
LINE
8
BLACK
6
CONTINUOUS
10
6.6501938188976375
20
-4.4952346456692913
11
6.6502509055118111
21
-4.4952502755905508
0
LINE
8
BLACK
6
CONTINUOUS
10
6.6502509055118111
20
-4.4952502755905508
11
6.6517507086614174
21
-4.4960001968503933
0
LINE
8
BLACK
6
CONTINUOUS
10
6.6517507086614174
20
-4.4960001968503933
11
6.6519001574803145
21
-4.496116220472441
0
LINE
8
BLACK
6
CONTINUOUS
10
6.6519001574803145
20
-4.496116220472441
11
6.6520576377952754
21
-4.4962214173228343
0
LINE
8
BLACK
6
CONTINUOUS
10
6.6520576377952754
20
-4.4962214173228343
11
6.6528075196850391
21
-4.4969712992125981
0
LINE
8
BLACK
6
CONTINUOUS
10
6.6528075196850391
20
-4.4969712992125981
11
6.6529125984251971
21
-4.4971285433070864
0
LINE
8
BLACK
6
CONTINUOUS
10
6.6529125984251971
20
-4.4971285433070864
11
6.6530288188976376
21
-4.4972783070866145
0
LINE
8
BLACK
6
CONTINUOUS
10
6.6530288188976376
20
-4.4972783070866145
11
6.6537787007874014
21
-4.4987781102362208
0
LINE
8
BLACK
6
CONTINUOUS
10
6.6537787007874014
20
-4.4987781102362208
11
6.6537942913385821
21
-4.498835118110236
0
LINE
8
BLACK
6
CONTINUOUS
10
6.6537942913385821
20
-4.498835118110236
11
6.6538134645669293
21
-4.4988542913385823
0
LINE
8
BLACK
6
CONTINUOUS
10
6.6538134645669293
20
-4.4988542913385823
11
6.6538503937007869
21
-4.4990400787401574
0
LINE
8
BLACK
6
CONTINUOUS
10
6.6538503937007869
20
-4.4990400787401574
11
6.6539003937007877
21
-4.499222598425197
0
LINE
8
BLACK
6
CONTINUOUS
10
6.6539003937007877
20
-4.499222598425197
11
6.6538918110236223
21
-4.499248228346457
0
LINE
8
BLACK
6
CONTINUOUS
10
6.6538918110236223
20
-4.499248228346457
11
6.6539033858267711
21
-4.4993062992125985
0
LINE
8
BLACK
6
CONTINUOUS
10
6.6539033858267711
20
-4.4993062992125985
11
6.6539033858267711
21
-4.5023059448818898
0
LINE
8
BLACK
6
CONTINUOUS
10
6.6539033858267711
20
-4.5023059448818898
11
6.6538918110236223
21
-4.5023639763779526
0
LINE
8
BLACK
6
CONTINUOUS
10
6.6538918110236223
20
-4.5023639763779526
11
6.6539003937007877
21
-4.5023896456692913
0
LINE
8
BLACK
6
CONTINUOUS
10
6.6539003937007877
20
-4.5023896456692913
11
6.6538503937007869
21
-4.5025721259842522
0
LINE
8
BLACK
6
CONTINUOUS
10
6.6538503937007869
20
-4.5025721259842522
11
6.6538134645669293
21
-4.5027579527559052
0
LINE
8
BLACK
6
CONTINUOUS
10
6.6538134645669293
20
-4.5027579527559052
11
6.6537942913385821
21
-4.5027770866141728
0
LINE
8
BLACK
6
CONTINUOUS
10
6.6537942913385821
20
-4.5027770866141728
11
6.6537787007874014
21
-4.5028341338582676
0
LINE
8
BLACK
6
CONTINUOUS
10
6.6537787007874014
20
-4.5028341338582676
11
6.6533201574803149
21
-4.5037511417322831
0
LINE
8
BLACK
6
CONTINUOUS
10
6.6533201574803149
20
-4.5037511417322831
11
6.6544870078740157
21
-4.5034594488188979
0
LINE
8
BLACK
6
CONTINUOUS
10
6.6544870078740157
20
-4.5034594488188979
11
6.6564692519685034
21
-4.5021379921259843
0
LINE
8
BLACK
6
CONTINUOUS
10
6.6564692519685034
20
-4.5021379921259843
11
6.6570009055118105
21
-4.5016063385826772
0
LINE
8
BLACK
6
CONTINUOUS
10
6.6570009055118105
20
-4.5016063385826772
11
6.6575404330708663
21
-4.5005273228346452
0
LINE
8
BLACK
6
CONTINUOUS
10
6.6575404330708663
20
-4.5005273228346452
11
6.6575404330708663
21
-4.4978064960629922
0
LINE
8
BLACK
6
CONTINUOUS
10
6.6575404330708663
20
-4.4978064960629922
11
6.6576303543307089
21
-4.497354488188976
0
LINE
8
BLACK
6
CONTINUOUS
10
6.6576303543307089
20
-4.497354488188976
11
6.6582695275590549
21
-4.49671531496063
0
LINE
8
BLACK
6
CONTINUOUS
10
6.6582695275590549
20
-4.49671531496063
11
6.6591735433070864
21
-4.49671531496063
0
LINE
8
BLACK
6
CONTINUOUS
10
6.6591735433070864
20
-4.49671531496063
11
6.6598127165354333
21
-4.497354488188976
0
LINE
8
BLACK
6
CONTINUOUS
10
6.6598127165354333
20
-4.497354488188976
11
6.659902637795275
21
-4.4978064960629922
0
LINE
8
BLACK
6
CONTINUOUS
10
6.659902637795275
20
-4.4978064960629922
11
6.659902637795275
21
-4.5008061417322835
0
LINE
8
BLACK
6
CONTINUOUS
10
6.659902637795275
20
-4.5008061417322835
11
6.6598910629921262
21
-4.5008641732283463
0
LINE
8
BLACK
6
CONTINUOUS
10
6.6598910629921262
20
-4.5008641732283463
11
6.6598996456692916
21
-4.500889842519685
0
LINE
8
BLACK
6
CONTINUOUS
10
6.6598996456692916
20
-4.500889842519685
11
6.6598496456692908
21
-4.5010723228346459
0
LINE
8
BLACK
6
CONTINUOUS
10
6.6598496456692908
20
-4.5010723228346459
11
6.6598127165354333
21
-4.5012581496062989
0
LINE
8
BLACK
6
CONTINUOUS
10
6.6598127165354333
20
-4.5012581496062989
11
6.6597935433070861
21
-4.5012772834645665
0
LINE
8
BLACK
6
CONTINUOUS
10
6.6597935433070861
20
-4.5012772834645665
11
6.6597779527559053
21
-4.5013343307086613
0
LINE
8
BLACK
6
CONTINUOUS
10
6.6597779527559053
20
-4.5013343307086613
11
6.6590280708661416
21
-4.5028341338582676
0
LINE
8
BLACK
6
CONTINUOUS
10
6.6590280708661416
20
-4.5028341338582676
11
6.6589119291338585
21
-4.5029837401574806
0
LINE
8
BLACK
6
CONTINUOUS
10
6.6589119291338585
20
-4.5029837401574806
11
6.6588068110236218
21
-4.5031411023622043
0
LINE
8
BLACK
6
CONTINUOUS
10
6.6588068110236218
20
-4.5031411023622043
11
6.6580568897637793
21
-4.5038910236220469
0
LINE
8
BLACK
6
CONTINUOUS
10
6.6580568897637793
20
-4.5038910236220469
11
6.6579597637795276
21
-4.5039559055118108
0
LINE
8
BLACK
6
CONTINUOUS
10
6.6579597637795276
20
-4.5039559055118108
11
6.657876889763779
21
-4.5040386220472444
0
LINE
8
BLACK
6
CONTINUOUS
10
6.657876889763779
20
-4.5040386220472444
11
6.6556271653543302
21
-4.5055384251968507
0
LINE
8
BLACK
6
CONTINUOUS
10
6.6556271653543302
20
-4.5055384251968507
11
6.6554403937007871
21
-4.5056155118110235
0
LINE
8
BLACK
6
CONTINUOUS
10
6.6554403937007871
20
-4.5056155118110235
11
6.6552584645669288
21
-4.5057014960629918
0
LINE
8
BLACK
6
CONTINUOUS
10
6.6552584645669288
20
-4.5057014960629918
11
6.6522588582677162
21
-4.5064513779527555
0
LINE
8
BLACK
6
CONTINUOUS
10
6.6522588582677162
20
-4.5064513779527555
11
6.6521143700787402
21
-4.5064583858267717
0
LINE
8
BLACK
6
CONTINUOUS
10
6.6521143700787402
20
-4.5064583858267717
11
6.6519724015748034
21
-4.5064866535433072
0
LINE
8
BLACK
6
CONTINUOUS
10
6.6519724015748034
20
-4.5064866535433072
11
6.6459731496062995
21
-4.5064866535433072
0
LINE
8
BLACK
6
CONTINUOUS
10
6.6459731496062995
20
-4.5064866535433072
11
6.6459150787401571
21
-4.5064750787401575
0
LINE
8
BLACK
6
CONTINUOUS
10
6.6459150787401571
20
-4.5064750787401575
11
6.6458894488188971
21
-4.5064836614173229
0
LINE
8
BLACK
6
CONTINUOUS
10
6.6458894488188971
20
-4.5064836614173229
11
6.6457069291338584
21
-4.506433661417323
0
LINE
8
BLACK
6
CONTINUOUS
10
6.6457069291338584
20
-4.506433661417323
11
6.6455211417322833
21
-4.5063967322834646
0
LINE
8
BLACK
6
CONTINUOUS
10
6.6455211417322833
20
-4.5063967322834646
11
6.6455019685039369
21
-4.5063775590551183
0
LINE
8
BLACK
6
CONTINUOUS
10
6.6455019685039369
20
-4.5063775590551183
11
6.6454449606299208
21
-4.5063619685039367
0
LINE
8
BLACK
6
CONTINUOUS
10
6.6454449606299208
20
-4.5063619685039367
11
6.6439451181102358
21
-4.5056120866141729
0
LINE
8
BLACK
6
CONTINUOUS
10
6.6439451181102358
20
-4.5056120866141729
11
6.6437954724409449
21
-4.5054959448818899
0
LINE
8
BLACK
6
CONTINUOUS
10
6.6437954724409449
20
-4.5054959448818899
11
6.6436381102362203
21
-4.5053907874015744
0
LINE
8
BLACK
6
CONTINUOUS
10
6.6436381102362203
20
-4.5053907874015744
11
6.6428882283464565
21
-4.5046409055118106
0
LINE
8
BLACK
6
CONTINUOUS
10
6.6428882283464565
20
-4.5046409055118106
11
6.6427830314960632
21
-4.5044834251968506
0
LINE
8
BLACK
6
CONTINUOUS
10
6.6427830314960632
20
-4.5044834251968506
11
6.6426670078740155
21
-4.5043339763779526
0
LINE
8
BLACK
6
CONTINUOUS
10
6.6426670078740155
20
-4.5043339763779526
11
6.641917086614173
21
-4.5028341732283463
0
LINE
8
BLACK
6
CONTINUOUS
10
6.641917086614173
20
-4.5028341732283463
11
6.6419014566929135
21
-4.5027770866141728
0
LINE
8
BLACK
6
CONTINUOUS
10
6.6419014566929135
20
-4.5027770866141728
11
6.6418823228346451
21
-4.5027579527559052
0
LINE
8
BLACK
6
CONTINUOUS
10
6.6418823228346451
20
-4.5027579527559052
11
6.6418453543307088
21
-4.5025721653543309
0
LINE
8
BLACK
6
CONTINUOUS
10
6.6418453543307088
20
-4.5025721653543309
11
6.6417953937007876
21
-4.5023896456692913
0
LINE
8
BLACK
6
CONTINUOUS
10
6.6417953937007876
20
-4.5023896456692913
11
6.6418039370078743
21
-4.5023639763779526
0
LINE
8
BLACK
6
CONTINUOUS
10
6.6418039370078743
20
-4.5023639763779526
11
6.6417924015748033
21
-4.5023059448818898
0
LINE
8
BLACK
6
CONTINUOUS
10
6.6417924015748033
20
-4.5023059448818898
11
6.6417924015748033
21
-4.4993062992125985
0
LINE
8
BLACK
6
CONTINUOUS
10
6.6417924015748033
20
-4.4993062992125985
11
6.6418039370078743
21
-4.499248228346457
0
LINE
8
BLACK
6
CONTINUOUS
10
6.6418039370078743
20
-4.499248228346457
11
6.6417953937007876
21
-4.499222598425197
0
LINE
8
BLACK
6
CONTINUOUS
10
6.6417953937007876
20
-4.499222598425197
11
6.6418453543307088
21
-4.4990400393700787
0
LINE
8
BLACK
6
CONTINUOUS
10
6.6418453543307088
20
-4.4990400393700787
11
6.6418823228346451
21
-4.4988542913385823
0
LINE
8
BLACK
6
CONTINUOUS
10
6.6418823228346451
20
-4.4988542913385823
11
6.6419014566929135
21
-4.498835118110236
0
LINE
8
BLACK
6
CONTINUOUS
10
6.6419014566929135
20
-4.498835118110236
11
6.641917086614173
21
-4.498778070866142
0
LINE
8
BLACK
6
CONTINUOUS
10
6.641917086614173
20
-4.498778070866142
11
6.6426670078740155
21
-4.4972782677165357
0
LINE
8
BLACK
6
CONTINUOUS
10
6.6426670078740155
20
-4.4972782677165357
11
6.642783228346457
21
-4.4971285039370077
0
LINE
8
BLACK
6
CONTINUOUS
10
6.642783228346457
20
-4.4971285039370077
11
6.6428882677165353
21
-4.4969713385826768
0
LINE
8
BLACK
6
CONTINUOUS
10
6.6428882677165353
20
-4.4969713385826768
11
6.6436381496062991
21
-4.4962214173228343
0
LINE
8
BLACK
6
CONTINUOUS
10
6.6436381496062991
20
-4.4962214173228343
11
6.6437958661417325
21
-4.4961160236220472
0
LINE
8
BLACK
6
CONTINUOUS
10
6.6437958661417325
20
-4.4961160236220472
11
6.6439451181102358
21
-4.4960001968503933
0
LINE
8
BLACK
6
CONTINUOUS
10
6.6439451181102358
20
-4.4960001968503933
11
6.6454449606299208
21
-4.4952502755905508
0
LINE
8
BLACK
6
CONTINUOUS
10
6.6454449606299208
20
-4.4952502755905508
11
6.6455019685039369
21
-4.4952346456692913
0
LINE
8
BLACK
6
CONTINUOUS
10
6.6455019685039369
20
-4.4952346456692913
11
6.6455211417322833
21
-4.4952155118110237
0
LINE
8
BLACK
6
CONTINUOUS
10
6.6455211417322833
20
-4.4952155118110237
11
6.6457066141732284
21
-4.4951785826771653
0
LINE
8
BLACK
6
CONTINUOUS
10
6.6457066141732284
20
-4.4951785826771653
11
6.6458894488188971
21
-4.4951285433070867
0
LINE
8
BLACK
6
CONTINUOUS
10
6.6458894488188971
20
-4.4951285433070867
11
6.6459151574803146
21
-4.4951370866141733
0
LINE
8
BLACK
6
CONTINUOUS
10
6.6459151574803146
20
-4.4951370866141733
11
6.6459731496062995
21
-4.4951255905511811
0
LINE
8
BLACK
6
CONTINUOUS
10
6.6459731496062995
20
-4.4951255905511811
11
6.6497226771653546
21
-4.4951255905511811
0
LINE
8
BLACK
6
CONTINUOUS
10
6.6497226771653546
20
-4.4951255905511811
11
6.6497807086614173
21
-4.4951371259842521
0
LINE
8
BLACK
6
CONTINUOUS
10
6.6451729527559058
20
-4.4980272834645669
11
6.6446940944881892
21
-4.4985061023622048
0
LINE
8
BLACK
6
CONTINUOUS
10
6.6446940944881892
20
-4.4985061023622048
11
6.6441546062992121
21
-4.4995851574803147
0
LINE
8
BLACK
6
CONTINUOUS
10
6.6441546062992121
20
-4.4995851574803147
11
6.6441546062992121
21
-4.5020270866141727
0
LINE
8
BLACK
6
CONTINUOUS
10
6.6441546062992121
20
-4.5020270866141727
11
6.6446940944881892
21
-4.503106062992126
0
LINE
8
BLACK
6
CONTINUOUS
10
6.6446940944881892
20
-4.503106062992126
11
6.6451729921259837
21
-4.5035849606299214
0
LINE
8
BLACK
6
CONTINUOUS
10
6.6451729921259837
20
-4.5035849606299214
11
6.646251968503937
21
-4.5041244488188976
0
LINE
8
BLACK
6
CONTINUOUS
10
6.646251968503937
20
-4.5041244488188976
11
6.6494438582677162
21
-4.5041244488188976
0
LINE
8
BLACK
6
CONTINUOUS
10
6.6494438582677162
20
-4.5041244488188976
11
6.6505228740157483
21
-4.5035849212598427
0
LINE
8
BLACK
6
CONTINUOUS
10
6.6505228740157483
20
-4.5035849212598427
11
6.6510016535433065
21
-4.5031061417322835
0
LINE
8
BLACK
6
CONTINUOUS
10
6.6510016535433065
20
-4.5031061417322835
11
6.6515411811023624
21
-4.5020271259842515
0
LINE
8
BLACK
6
CONTINUOUS
10
6.6515411811023624
20
-4.5020271259842515
11
6.6515411811023624
21
-4.4995850787401572
0
LINE
8
BLACK
6
CONTINUOUS
10
6.6515411811023624
20
-4.4995850787401572
11
6.651001732283464
21
-4.4985061811023623
0
LINE
8
BLACK
6
CONTINUOUS
10
6.651001732283464
20
-4.4985061811023623
11
6.6505227952755908
21
-4.4980272834645669
0
LINE
8
BLACK
6
CONTINUOUS
10
6.6505227952755908
20
-4.4980272834645669
11
6.6494438188976375
21
-4.4974877952755907
0
LINE
8
BLACK
6
CONTINUOUS
10
6.6494438188976375
20
-4.4974877952755907
11
6.6462520078740157
21
-4.4974877952755907
0
LINE
8
BLACK
6
CONTINUOUS
10
6.6462520078740157
20
-4.4974877952755907
11
6.6451729527559058
21
-4.4980272834645669
0
LINE
8
BLACK
6
CONTINUOUS
10
6.6483652362204726
20
-4.4805347637795272
11
6.6486511023622041
21
-4.481392283464567
0
LINE
8
BLACK
6
CONTINUOUS
10
6.6486511023622041
20
-4.481392283464567
11
6.64852937007874
21
-4.4818367716535432
0
LINE
8
BLACK
6
CONTINUOUS
10
6.64852937007874
20
-4.4818367716535432
11
6.6477794488188975
21
-4.4833366141732283
0
LINE
8
BLACK
6
CONTINUOUS
10
6.6477794488188975
20
-4.4833366141732283
11
6.6476633070866145
21
-4.4834861811023625
0
LINE
8
BLACK
6
CONTINUOUS
10
6.6476633070866145
20
-4.4834861811023625
11
6.6475581889763777
21
-4.483643582677165
0
LINE
8
BLACK
6
CONTINUOUS
10
6.6475581889763777
20
-4.483643582677165
11
6.6465748031496066
21
-4.4846269291338583
0
LINE
8
BLACK
6
CONTINUOUS
10
6.6465748031496066
20
-4.4846269291338583
11
6.6575404330708663
21
-4.4846269291338583
0
LINE
8
BLACK
6
CONTINUOUS
10
6.6575404330708663
20
-4.4846269291338583
11
6.6575404330708663
21
-4.4813085826771655
0
LINE
8
BLACK
6
CONTINUOUS
10
6.6575404330708663
20
-4.4813085826771655
11
6.6576303543307089
21
-4.4808565748031493
0
LINE
8
BLACK
6
CONTINUOUS
10
6.6576303543307089
20
-4.4808565748031493
11
6.6582695275590549
21
-4.4802174015748033
0
LINE
8
BLACK
6
CONTINUOUS
10
6.6582695275590549
20
-4.4802174015748033
11
6.6591735433070864
21
-4.4802174015748033
0
LINE
8
BLACK
6
CONTINUOUS
10
6.6591735433070864
20
-4.4802174015748033
11
6.6598127165354333
21
-4.4808565748031493
0
LINE
8
BLACK
6
CONTINUOUS
10
6.6598127165354333
20
-4.4808565748031493
11
6.659902637795275
21
-4.4813085826771655
0
LINE
8
BLACK
6
CONTINUOUS
10
6.659902637795275
20
-4.4813085826771655
11
6.659902637795275
21
-4.490307440944882
0
LINE
8
BLACK
6
CONTINUOUS
10
6.659902637795275
20
-4.490307440944882
11
6.6598127165354333
21
-4.4907594488188973
0
LINE
8
BLACK
6
CONTINUOUS
10
6.6598127165354333
20
-4.4907594488188973
11
6.6591735433070864
21
-4.4913986220472442
0
LINE
8
BLACK
6
CONTINUOUS
10
6.6591735433070864
20
-4.4913986220472442
11
6.6582695275590549
21
-4.4913986220472442
0
LINE
8
BLACK
6
CONTINUOUS
10
6.6582695275590549
20
-4.4913986220472442
11
6.6576303543307089
21
-4.4907594488188973
0
LINE
8
BLACK
6
CONTINUOUS
10
6.6576303543307089
20
-4.4907594488188973
11
6.6575404330708663
21
-4.490307440944882
0
LINE
8
BLACK
6
CONTINUOUS
10
6.6575404330708663
20
-4.490307440944882
11
6.6575404330708663
21
-4.4869891338582679
0
LINE
8
BLACK
6
CONTINUOUS
10
6.6575404330708663
20
-4.4869891338582679
11
6.6429735039370081
21
-4.4869891338582679
0
LINE
8
BLACK
6
CONTINUOUS
10
6.6429735039370081
20
-4.4869891338582679
11
6.6425214960629919
21
-4.4868992125984253
0
LINE
8
BLACK
6
CONTINUOUS
10
6.6425214960629919
20
-4.4868992125984253
11
6.6424355118110237
21
-4.486813228346457
0
LINE
8
BLACK
6
CONTINUOUS
10
6.6424355118110237
20
-4.486813228346457
11
6.6423163385826767
21
-4.4867894094488188
0
LINE
8
BLACK
6
CONTINUOUS
10
6.6423163385826767
20
-4.4867894094488188
11
6.6421255511811026
21
-4.4865032677165351
0
LINE
8
BLACK
6
CONTINUOUS
10
6.6421255511811026
20
-4.4865032677165351
11
6.6418823228346451
21
-4.4862600393700784
0
LINE
8
BLACK
6
CONTINUOUS
10
6.6418823228346451
20
-4.4862600393700784
11
6.6418823228346451
21
-4.4861384251968506
0
LINE
8
BLACK
6
CONTINUOUS
10
6.6418823228346451
20
-4.4861384251968506
11
6.6418148425196852
21
-4.4860372440944882
0
LINE
8
BLACK
6
CONTINUOUS
10
6.6418148425196852
20
-4.4860372440944882
11
6.6418823228346451
21
-4.4856998425196846
0
LINE
8
BLACK
6
CONTINUOUS
10
6.6418823228346451
20
-4.4856998425196846
11
6.6418823228346451
21
-4.4853560236220469
0
LINE
8
BLACK
6
CONTINUOUS
10
6.6418823228346451
20
-4.4853560236220469
11
6.6419682677165355
21
-4.4852700393700786
0
LINE
8
BLACK
6
CONTINUOUS
10
6.6419682677165355
20
-4.4852700393700786
11
6.6419921259842516
21
-4.4851508661417325
0
LINE
8
BLACK
6
CONTINUOUS
10
6.6419921259842516
20
-4.4851508661417325
11
6.6423183464566931
21
-4.4848253149606299
0
LINE
8
BLACK
6
CONTINUOUS
10
6.6423183464566931
20
-4.4848253149606299
11
6.644470826771653
21
-4.4833902362204725
0
LINE
8
BLACK
6
CONTINUOUS
10
6.644470826771653
20
-4.4833902362204725
11
6.6457523228346451
21
-4.4821087401574804
0
LINE
8
BLACK
6
CONTINUOUS
10
6.6457523228346451
20
-4.4821087401574804
11
6.6464165354330706
21
-4.480780354330709
0
LINE
8
BLACK
6
CONTINUOUS
10
6.6464165354330706
20
-4.480780354330709
11
6.6466991338582675
21
-4.4804162992125987
0
LINE
8
BLACK
6
CONTINUOUS
10
6.6466991338582675
20
-4.4804162992125987
11
6.6475566535433073
21
-4.4801304330708662
0
LINE
8
BLACK
6
CONTINUOUS
10
6.6475566535433073
20
-4.4801304330708662
11
6.6483652362204726
21
-4.4805347637795272
0
LINE
8
BLACK
6
CONTINUOUS
10
6.6521143700787402
20
-4.4644076771653545
11
6.6522588582677162
21
-4.4644147244094485
0
LINE
8
BLACK
6
CONTINUOUS
10
6.6522588582677162
20
-4.4644147244094485
11
6.6552584645669288
21
-4.4651646456692911
0
LINE
8
BLACK
6
CONTINUOUS
10
6.6552584645669288
20
-4.4651646456692911
11
6.6553753937007869
21
-4.4652198818897633
0
LINE
8
BLACK
6
CONTINUOUS
10
6.6553753937007869
20
-4.4652198818897633
11
6.6555001968503937
21
-4.4652540551181099
0
LINE
8
BLACK
6
CONTINUOUS
10
6.6555001968503937
20
-4.4652540551181099
11
6.657
21
-4.4660039370078737
0
LINE
8
BLACK
6
CONTINUOUS
10
6.657
20
-4.4660039370078737
11
6.6571494881889759
21
-4.4661199606299213
0
LINE
8
BLACK
6
CONTINUOUS
10
6.6571494881889759
20
-4.4661199606299213
11
6.6573069685039368
21
-4.4662251968503934
0
LINE
8
BLACK
6
CONTINUOUS
10
6.6573069685039368
20
-4.4662251968503934
11
6.6588068110236218
21
-4.467724960629921
0
LINE
8
BLACK
6
CONTINUOUS
10
6.6588068110236218
20
-4.467724960629921
11
6.6588396850393696
21
-4.4677741732283467
0
LINE
8
BLACK
6
CONTINUOUS
10
6.6588396850393696
20
-4.4677741732283467
11
6.6588638976377954
21
-4.4677862992125981
0
LINE
8
BLACK
6
CONTINUOUS
10
6.6588638976377954
20
-4.4677862992125981
11
6.658957677165354
21
-4.4679507874015751
0
LINE
8
BLACK
6
CONTINUOUS
10
6.658957677165354
20
-4.4679507874015751
11
6.6590628346456695
21
-4.4681081889763776
0
LINE
8
BLACK
6
CONTINUOUS
10
6.6590628346456695
20
-4.4681081889763776
11
6.6590628346456695
21
-4.468135196850394
0
LINE
8
BLACK
6
CONTINUOUS
10
6.6590628346456695
20
-4.468135196850394
11
6.6590921653543305
21
-4.4681866535433068
0
LINE
8
BLACK
6
CONTINUOUS
10
6.6590921653543305
20
-4.4681866535433068
11
6.6598420472440942
21
-4.4704364173228344
0
LINE
8
BLACK
6
CONTINUOUS
10
6.6598420472440942
20
-4.4704364173228344
11
6.6598656692913387
21
-4.470624212598425
0
LINE
8
BLACK
6
CONTINUOUS
10
6.6598656692913387
20
-4.470624212598425
11
6.659902637795275
21
-4.4708098818897639
0
LINE
8
BLACK
6
CONTINUOUS
10
6.659902637795275
20
-4.4708098818897639
11
6.659902637795275
21
-4.472309724409449
0
LINE
8
BLACK
6
CONTINUOUS
10
6.659902637795275
20
-4.472309724409449
11
6.6598657086614175
21
-4.4724953149606295
0
LINE
8
BLACK
6
CONTINUOUS
10
6.6598657086614175
20
-4.4724953149606295
11
6.6598420472440942
21
-4.4726832283464564
0
LINE
8
BLACK
6
CONTINUOUS
10
6.6598420472440942
20
-4.4726832283464564
11
6.6590921653543305
21
-4.4749329133858264
0
LINE
8
BLACK
6
CONTINUOUS
10
6.6590921653543305
20
-4.4749329133858264
11
6.6590628740157483
21
-4.4749842519685039
0
LINE
8
BLACK
6
CONTINUOUS
10
6.6590628740157483
20
-4.4749842519685039
11
6.6590628740157483
21
-4.4750113779527556
0
LINE
8
BLACK
6
CONTINUOUS
10
6.6590628740157483
20
-4.4750113779527556
11
6.6589575984251965
21
-4.4751688582677165
0
LINE
8
BLACK
6
CONTINUOUS
10
6.6589575984251965
20
-4.4751688582677165
11
6.6588638976377954
21
-4.4753332677165352
0
LINE
8
BLACK
6
CONTINUOUS
10
6.6588638976377954
20
-4.4753332677165352
11
6.6588396456692909
21
-4.4753453543307087
0
LINE
8
BLACK
6
CONTINUOUS
10
6.6588396456692909
20
-4.4753453543307087
11
6.6588068110236218
21
-4.4753945669291335
0
LINE
8
BLACK
6
CONTINUOUS
10
6.6588068110236218
20
-4.4753945669291335
11
6.6580568897637793
21
-4.476144488188976
0
LINE
8
BLACK
6
CONTINUOUS
10
6.6580568897637793
20
-4.476144488188976
11
6.6576737007874014
21
-4.4764005118110237
0
LINE
8
BLACK
6
CONTINUOUS
10
6.6576737007874014
20
-4.4764005118110237
11
6.6567697637795273
21
-4.4764005118110237
0
LINE
8
BLACK
6
CONTINUOUS
10
6.6567697637795273
20
-4.4764005118110237
11
6.6561305511811026
21
-4.4757612992125981
0
LINE
8
BLACK
6
CONTINUOUS
10
6.6561305511811026
20
-4.4757612992125981
11
6.6561305511811026
21
-4.4748573622047241
0
LINE
8
BLACK
6
CONTINUOUS
10
6.6561305511811026
20
-4.4748573622047241
11
6.6563865748031494
21
-4.4744741732283462
0
LINE
8
BLACK
6
CONTINUOUS
10
6.6563865748031494
20
-4.4744741732283462
11
6.6569392519685042
21
-4.4739214566929135
0
LINE
8
BLACK
6
CONTINUOUS
10
6.6569392519685042
20
-4.4739214566929135
11
6.6575404330708663
21
-4.4721179921259839
0
LINE
8
BLACK
6
CONTINUOUS
10
6.6575404330708663
20
-4.4721179921259839
11
6.6575404330708663
21
-4.4710015748031493
0
LINE
8
BLACK
6
CONTINUOUS
10
6.6575404330708663
20
-4.4710015748031493
11
6.6569392519685042
21
-4.4691981102362206
0
LINE
8
BLACK
6
CONTINUOUS
10
6.6569392519685042
20
-4.4691981102362206
11
6.6557722047244097
21
-4.468031062992126
0
LINE
8
BLACK
6
CONTINUOUS
10
6.6557722047244097
20
-4.468031062992126
11
6.6545597244094488
21
-4.4674248031496058
0
LINE
8
BLACK
6
CONTINUOUS
10
6.6545597244094488
20
-4.4674248031496058
11
6.6518270472440939
21
-4.4667416535433073
0
LINE
8
BLACK
6
CONTINUOUS
10
6.6518270472440939
20
-4.4667416535433073
11
6.6498680314960632
21
-4.4667416535433073
0
LINE
8
BLACK
6
CONTINUOUS
10
6.6498680314960632
20
-4.4667416535433073
11
6.6471352755905508
21
-4.4674248425196845
0
LINE
8
BLACK
6
CONTINUOUS
10
6.6471352755905508
20
-4.4674248425196845
11
6.6459228740157474
21
-4.4680310236220473
0
LINE
8
BLACK
6
CONTINUOUS
10
6.6459228740157474
20
-4.4680310236220473
11
6.6447557086614175
21
-4.4691981496062994
0
LINE
8
BLACK
6
CONTINUOUS
10
6.6447557086614175
20
-4.4691981496062994
11
6.6441546062992121
21
-4.4710014960629918
0
LINE
8
BLACK
6
CONTINUOUS
10
6.6441546062992121
20
-4.4710014960629918
11
6.6441546062992121
21
-4.4721180708661414
0
LINE
8
BLACK
6
CONTINUOUS
10
6.6441546062992121
20
-4.4721180708661414
11
6.6447557086614175
21
-4.4739213385826773
0
LINE
8
BLACK
6
CONTINUOUS
10
6.6447557086614175
20
-4.4739213385826773
11
6.6453085039370077
21
-4.4744741732283462
0
LINE
8
BLACK
6
CONTINUOUS
10
6.6453085039370077
20
-4.4744741732283462
11
6.6455645275590554
21
-4.4748574015748028
0
LINE
8
BLACK
6
CONTINUOUS
10
6.6455645275590554
20
-4.4748574015748028
11
6.6455644881889766
21
-4.4757612992125981
0
LINE
8
BLACK
6
CONTINUOUS
10
6.6455644881889766
20
-4.4757612992125981
11
6.6449252362204723
21
-4.4764005511811025
0
LINE
8
BLACK
6
CONTINUOUS
10
6.6449252362204723
20
-4.4764005511811025
11
6.6440212992125982
21
-4.4764005118110237
0
LINE
8
BLACK
6
CONTINUOUS
10
6.6440212992125982
20
-4.4764005118110237
11
6.6436381102362203
21
-4.4761444488188973
0
LINE
8
BLACK
6
CONTINUOUS
10
6.6436381102362203
20
-4.4761444488188973
11
6.6428882283464565
21
-4.4753945669291335
0
LINE
8
BLACK
6
CONTINUOUS
10
6.6428882283464565
20
-4.4753945669291335
11
6.64285531496063
21
-4.4753453149606299
0
LINE
8
BLACK
6
CONTINUOUS
10
6.64285531496063
20
-4.4753453149606299
11
6.6428311811023617
21
-4.4753332677165352
0
LINE
8
BLACK
6
CONTINUOUS
10
6.6428311811023617
20
-4.4753332677165352
11
6.6427375590551181
21
-4.4751690157480315
0
LINE
8
BLACK
6
CONTINUOUS
10
6.6427375590551181
20
-4.4751690157480315
11
6.6426322047244097
21
-4.4750113385826769
0
LINE
8
BLACK
6
CONTINUOUS
10
6.6426322047244097
20
-4.4750113385826769
11
6.6426322047244097
21
-4.4749842125984252
0
LINE
8
BLACK
6
CONTINUOUS
10
6.6426322047244097
20
-4.4749842125984252
11
6.6426029527559054
21
-4.4749329133858264
0
LINE
8
BLACK
6
CONTINUOUS
10
6.6426029527559054
20
-4.4749329133858264
11
6.6418530314960629
21
-4.4726832283464564
0
LINE
8
BLACK
6
CONTINUOUS
10
6.6418530314960629
20
-4.4726832283464564
11
6.6418293700787396
21
-4.4724955905511807
0
LINE
8
BLACK
6
CONTINUOUS
10
6.6418293700787396
20
-4.4724955905511807
11
6.6417924015748033
21
-4.472309724409449
0
LINE
8
BLACK
6
CONTINUOUS
10
6.6417924015748033
20
-4.472309724409449
11
6.6417924015748033
21
-4.4708098818897639
0
LINE
8
BLACK
6
CONTINUOUS
10
6.6417924015748033
20
-4.4708098818897639
11
6.6418293700787396
21
-4.4706239763779525
0
LINE
8
BLACK
6
CONTINUOUS
10
6.6418293700787396
20
-4.4706239763779525
11
6.6418530314960629
21
-4.4704363779527556
0
LINE
8
BLACK
6
CONTINUOUS
10
6.6418530314960629
20
-4.4704363779527556
11
6.6426029527559054
21
-4.4681866535433068
0
LINE
8
BLACK
6
CONTINUOUS
10
6.6426029527559054
20
-4.4681866535433068
11
6.6426322440944876
21
-4.4681352362204727
0
LINE
8
BLACK
6
CONTINUOUS
10
6.6426322440944876
20
-4.4681352362204727
11
6.6426322440944876
21
-4.4681081889763776
0
LINE
8
BLACK
6
CONTINUOUS
10
6.6426322440944876
20
-4.4681081889763776
11
6.6427374015748031
21
-4.4679507480314964
0
LINE
8
BLACK
6
CONTINUOUS
10
6.6427374015748031
20
-4.4679507480314964
11
6.6428311811023617
21
-4.4677862992125981
0
LINE
8
BLACK
6
CONTINUOUS
10
6.6428311811023617
20
-4.4677862992125981
11
6.6428553937007875
21
-4.4677741732283467
0
LINE
8
BLACK
6
CONTINUOUS
10
6.6428553937007875
20
-4.4677741732283467
11
6.6428882677165353
21
-4.4677249999999997
0
LINE
8
BLACK
6
CONTINUOUS
10
6.6428882677165353
20
-4.4677249999999997
11
6.6443880314960628
21
-4.4662251968503934
0
LINE
8
BLACK
6
CONTINUOUS
10
6.6443880314960628
20
-4.4662251968503934
11
6.6445453937007875
21
-4.4661200393700788
0
LINE
8
BLACK
6
CONTINUOUS
10
6.6445453937007875
20
-4.4661200393700788
11
6.6446950393700783
21
-4.4660039370078737
0
LINE
8
BLACK
6
CONTINUOUS
10
6.6446950393700783
20
-4.4660039370078737
11
6.6461948425196846
21
-4.4652540551181099
0
LINE
8
BLACK
6
CONTINUOUS
10
6.6461948425196846
20
-4.4652540551181099
11
6.6463196062992127
21
-4.4652198818897633
0
LINE
8
BLACK
6
CONTINUOUS
10
6.6463196062992127
20
-4.4652198818897633
11
6.6464365748031495
21
-4.4651646456692911
0
LINE
8
BLACK
6
CONTINUOUS
10
6.6464365748031495
20
-4.4651646456692911
11
6.6494362204724409
21
-4.4644147244094485
0
LINE
8
BLACK
6
CONTINUOUS
10
6.6494362204724409
20
-4.4644147244094485
11
6.6495806692913382
21
-4.4644076771653545
0
LINE
8
BLACK
6
CONTINUOUS
10
6.6495806692913382
20
-4.4644076771653545
11
6.6497226771653546
21
-4.4643794488188977
0
LINE
8
BLACK
6
CONTINUOUS
10
6.6497226771653546
20
-4.4643794488188977
11
6.6519724015748034
21
-4.4643794488188977
0
LINE
8
BLACK
6
CONTINUOUS
10
6.6519724015748034
20
-4.4643794488188977
11
6.6521143700787402
21
-4.4644076771653545
0
LINE
8
BLACK
6
CONTINUOUS
10
6.6680603937007872
20
-4.4521183464566931
11
6.6691257480314956
21
-4.4531837007874016
0
LINE
8
BLACK
6
CONTINUOUS
10
6.6691257480314956
20
-4.4531837007874016
11
6.6692755905511811
21
-4.4539370078740159
0
LINE
8
BLACK
6
CONTINUOUS
10
6.6692755905511811
20
-4.4539370078740159
11
6.6692755905511811
21
-4.5169291338582678
0
LINE
8
BLACK
6
CONTINUOUS
10
6.6692755905511811
20
-4.5169291338582678
11
6.6691257480314956
21
-4.5176824409448821
0
LINE
8
BLACK
6
CONTINUOUS
10
6.6691257480314956
20
-4.5176824409448821
11
6.6680603937007872
21
-4.5187477952755906
0
LINE
8
BLACK
6
CONTINUOUS
10
6.6680603937007872
20
-4.5187477952755906
11
6.6673070866141728
21
-4.5188976377952752
0
LINE
8
BLACK
6
CONTINUOUS
10
6.6673070866141728
20
-4.5188976377952752
11
6.6358110236220469
21
-4.5188976377952752
0
LINE
8
BLACK
6
CONTINUOUS
10
6.6358110236220469
20
-4.5188976377952752
11
6.6350577165354325
21
-4.5187477952755906
0
LINE
8
BLACK
6
CONTINUOUS
10
6.6350577165354325
20
-4.5187477952755906
11
6.6339923622047241
21
-4.5176824409448821
0
LINE
8
BLACK
6
CONTINUOUS
10
6.6339923622047241
20
-4.5176824409448821
11
6.6338425196850395
21
-4.5169291338582678
0
LINE
8
BLACK
6
CONTINUOUS
10
6.6338425196850395
20
-4.5169291338582678
11
6.6338425196850395
21
-4.4539370078740159
0
LINE
8
BLACK
6
CONTINUOUS
10
6.6338425196850395
20
-4.4539370078740159
11
6.6339923622047241
21
-4.4531837007874016
0
LINE
8
BLACK
6
CONTINUOUS
10
6.6339923622047241
20
-4.4531837007874016
11
6.6350577165354325
21
-4.4521183464566931
0
LINE
8
BLACK
6
CONTINUOUS
10
6.6350577165354325
20
-4.4521183464566931
11
6.6358110236220469
21
-4.4519685039370076
0
LINE
8
BLACK
6
CONTINUOUS
10
6.6358110236220469
20
-4.4519685039370076
11
6.6673070866141728
21
-4.4519685039370076
0
LINE
8
BLACK
6
CONTINUOUS
10
6.6673070866141728
20
-4.4519685039370076
11
6.6680603937007872
21
-4.4521183464566931
0
LINE
8
BLACK
6
CONTINUOUS
10
6.6377795275590552
20
-4.4559055118110233
11
6.6377795275590552
21
-4.5149606299212595
0
LINE
8
BLACK
6
CONTINUOUS
10
6.6377795275590552
20
-4.5149606299212595
11
6.6653385826771654
21
-4.5149606299212595
0
LINE
8
BLACK
6
CONTINUOUS
10
6.6653385826771654
20
-4.5149606299212595
11
6.6653385826771654
21
-4.4559055118110233
0
LINE
8
BLACK
6
CONTINUOUS
10
6.6653385826771654
20
-4.4559055118110233
11
6.6377795275590552
21
-4.4559055118110233
0
LINE
8
BLACK
6
CONTINUOUS
10
6.8076144881889764
20
-4.4890325196850389
11
6.8082536614173224
21
-4.4896716929133857
0
LINE
8
BLACK
6
CONTINUOUS
10
6.8082536614173224
20
-4.4896716929133857
11
6.808343582677165
21
-4.4901237007874011
0
LINE
8
BLACK
6
CONTINUOUS
10
6.808343582677165
20
-4.4901237007874011
11
6.808343582677165
21
-4.4998724803149601
0
LINE
8
BLACK
6
CONTINUOUS
10
6.808343582677165
20
-4.4998724803149601
11
6.8082536614173224
21
-4.5003244881889763
0
LINE
8
BLACK
6
CONTINUOUS
10
6.8082536614173224
20
-4.5003244881889763
11
6.8076144881889764
21
-4.5009636614173223
0
LINE
8
BLACK
6
CONTINUOUS
10
6.8076144881889764
20
-4.5009636614173223
11
6.8067104724409448
21
-4.5009636614173223
0
LINE
8
BLACK
6
CONTINUOUS
10
6.8067104724409448
20
-4.5009636614173223
11
6.806071299212598
21
-4.5003244881889763
0
LINE
8
BLACK
6
CONTINUOUS
10
6.806071299212598
20
-4.5003244881889763
11
6.8059813779527554
21
-4.4998724803149601
0
LINE
8
BLACK
6
CONTINUOUS
10
6.8059813779527554
20
-4.4998724803149601
11
6.8059813779527554
21
-4.4929751181102358
0
LINE
8
BLACK
6
CONTINUOUS
10
6.8059813779527554
20
-4.4929751181102358
11
6.798998779527559
21
-4.4999577559055117
0
LINE
8
BLACK
6
CONTINUOUS
10
6.798998779527559
20
-4.4999577559055117
11
6.7989495669291333
21
-4.4999905905511808
0
LINE
8
BLACK
6
CONTINUOUS
10
6.7989495669291333
20
-4.4999905905511808
11
6.7989374803149607
21
-4.5000148425196853
0
LINE
8
BLACK
6
CONTINUOUS
10
6.7989374803149607
20
-4.5000148425196853
11
6.7987728346456695
21
-4.5001087007874014
0
LINE
8
BLACK
6
CONTINUOUS
10
6.7987728346456695
20
-4.5001087007874014
11
6.7986155905511811
21
-4.5002137795275585
0
LINE
8
BLACK
6
CONTINUOUS
10
6.7986155905511811
20
-4.5002137795275585
11
6.7985885826771648
21
-4.5002137795275585
0
LINE
8
BLACK
6
CONTINUOUS
10
6.7985885826771648
20
-4.5002137795275585
11
6.798537125984252
21
-4.5002431102362204
0
LINE
8
BLACK
6
CONTINUOUS
10
6.798537125984252
20
-4.5002431102362204
11
6.7962874015748032
21
-4.5009929921259841
0
LINE
8
BLACK
6
CONTINUOUS
10
6.7962874015748032
20
-4.5009929921259841
11
6.7960994881889762
21
-4.5010166535433074
0
LINE
8
BLACK
6
CONTINUOUS
10
6.7960994881889762
20
-4.5010166535433074
11
6.7959138976377949
21
-4.5010535826771649
0
LINE
8
BLACK
6
CONTINUOUS
10
6.7959138976377949
20
-4.5010535826771649
11
6.7944140944881886
21
-4.5010535826771649
0
LINE
8
BLACK
6
CONTINUOUS
10
6.7944140944881886
20
-4.5010535826771649
11
6.794356023622047
21
-4.5010420078740152
0
LINE
8
BLACK
6
CONTINUOUS
10
6.794356023622047
20
-4.5010420078740152
11
6.7943303937007871
21
-4.5010505905511806
0
LINE
8
BLACK
6
CONTINUOUS
10
6.7943303937007871
20
-4.5010505905511806
11
6.7941478740157475
21
-4.5010005905511807
0
LINE
8
BLACK
6
CONTINUOUS
10
6.7941478740157475
20
-4.5010005905511807
11
6.7939620866141732
21
-4.5009636614173223
0
LINE
8
BLACK
6
CONTINUOUS
10
6.7939620866141732
20
-4.5009636614173223
11
6.7939429133858269
21
-4.500944488188976
0
LINE
8
BLACK
6
CONTINUOUS
10
6.7939429133858269
20
-4.500944488188976
11
6.7938859055118108
21
-4.5009288976377952
0
LINE
8
BLACK
6
CONTINUOUS
10
6.7938859055118108
20
-4.5009288976377952
11
6.7923860629921258
21
-4.5001790157480315
0
LINE
8
BLACK
6
CONTINUOUS
10
6.7923860629921258
20
-4.5001790157480315
11
6.7922364173228349
21
-4.5000628740157476
0
LINE
8
BLACK
6
CONTINUOUS
10
6.7922364173228349
20
-4.5000628740157476
11
6.7920790551181103
21
-4.499957716535433
0
LINE
8
BLACK
6
CONTINUOUS
10
6.7920790551181103
20
-4.499957716535433
11
6.7913291732283465
21
-4.4992078346456692
0
LINE
8
BLACK
6
CONTINUOUS
10
6.7913291732283465
20
-4.4992078346456692
11
6.7912239763779523
21
-4.4990503543307083
0
LINE
8
BLACK
6
CONTINUOUS
10
6.7912239763779523
20
-4.4990503543307083
11
6.7911079527559055
21
-4.4989009055118112
0
LINE
8
BLACK
6
CONTINUOUS
10
6.7911079527559055
20
-4.4989009055118112
11
6.790358031496063
21
-4.4974011023622049
0
LINE
8
BLACK
6
CONTINUOUS
10
6.790358031496063
20
-4.4974011023622049
11
6.7903424015748026
21
-4.4973440157480313
0
LINE
8
BLACK
6
CONTINUOUS
10
6.7903424015748026
20
-4.4973440157480313
11
6.790323267716535
21
-4.4973248818897638
0
LINE
8
BLACK
6
CONTINUOUS
10
6.790323267716535
20
-4.4973248818897638
11
6.7902862992125979
21
-4.4971390944881886
0
LINE
8
BLACK
6
CONTINUOUS
10
6.7902862992125979
20
-4.4971390944881886
11
6.7902363385826767
21
-4.4969565748031499
0
LINE
8
BLACK
6
CONTINUOUS
10
6.7902363385826767
20
-4.4969565748031499
11
6.7902448818897634
21
-4.4969309055118112
0
LINE
8
BLACK
6
CONTINUOUS
10
6.7902448818897634
20
-4.4969309055118112
11
6.7902333464566924
21
-4.4968728740157475
0
LINE
8
BLACK
6
CONTINUOUS
10
6.7902333464566924
20
-4.4968728740157475
11
6.7902333464566924
21
-4.4931233464566924
0
LINE
8
BLACK
6
CONTINUOUS
10
6.7902333464566924
20
-4.4931233464566924
11
6.7902448818897634
21
-4.4930652755905509
0
LINE
8
BLACK
6
CONTINUOUS
10
6.7902448818897634
20
-4.4930652755905509
11
6.7902363385826767
21
-4.4930396456692909
0
LINE
8
BLACK
6
CONTINUOUS
10
6.7902363385826767
20
-4.4930396456692909
11
6.7902862992125979
21
-4.4928570866141735
0
LINE
8
BLACK
6
CONTINUOUS
10
6.7902862992125979
20
-4.4928570866141735
11
6.790323267716535
21
-4.4926713385826771
0
LINE
8
BLACK
6
CONTINUOUS
10
6.790323267716535
20
-4.4926713385826771
11
6.7903424015748026
21
-4.4926521653543308
0
LINE
8
BLACK
6
CONTINUOUS
10
6.7903424015748026
20
-4.4926521653543308
11
6.790358031496063
21
-4.4925951181102359
0
LINE
8
BLACK
6
CONTINUOUS
10
6.790358031496063
20
-4.4925951181102359
11
6.7911079527559055
21
-4.4910953149606296
0
LINE
8
BLACK
6
CONTINUOUS
10
6.7911079527559055
20
-4.4910953149606296
11
6.7912239763779523
21
-4.4909458267716538
0
LINE
8
BLACK
6
CONTINUOUS
10
6.7912239763779523
20
-4.4909458267716538
11
6.7913291732283465
21
-4.4907883858267716
0
LINE
8
BLACK
6
CONTINUOUS
10
6.7913291732283465
20
-4.4907883858267716
11
6.7920790551181103
21
-4.4900385039370079
0
LINE
8
BLACK
6
CONTINUOUS
10
6.7920790551181103
20
-4.4900385039370079
11
6.7924622440944882
21
-4.4897824409448814
0
LINE
8
BLACK
6
CONTINUOUS
10
6.7924622440944882
20
-4.4897824409448814
11
6.7933661811023622
21
-4.4897824015748027
0
LINE
8
BLACK
6
CONTINUOUS
10
6.7933661811023622
20
-4.4897824015748027
11
6.7940054330708657
21
-4.490421653543307
0
LINE
8
BLACK
6
CONTINUOUS
10
6.7940054330708657
20
-4.490421653543307
11
6.7940054724409444
21
-4.4913255511811023
0
LINE
8
BLACK
6
CONTINUOUS
10
6.7940054724409444
20
-4.4913255511811023
11
6.7937494488188976
21
-4.491708779527559
0
LINE
8
BLACK
6
CONTINUOUS
10
6.7937494488188976
20
-4.491708779527559
11
6.7931350393700782
21
-4.4923231889763775
0
LINE
8
BLACK
6
CONTINUOUS
10
6.7931350393700782
20
-4.4923231889763775
11
6.792595551181102
21
-4.4934022047244095
0
LINE
8
BLACK
6
CONTINUOUS
10
6.792595551181102
20
-4.4934022047244095
11
6.792595551181102
21
-4.4965940157480313
0
LINE
8
BLACK
6
CONTINUOUS
10
6.792595551181102
20
-4.4965940157480313
11
6.7931350393700782
21
-4.4976729921259846
0
LINE
8
BLACK
6
CONTINUOUS
10
6.7931350393700782
20
-4.4976729921259846
11
6.7936139370078736
21
-4.4981518897637791
0
LINE
8
BLACK
6
CONTINUOUS
10
6.7936139370078736
20
-4.4981518897637791
11
6.7946929133858269
21
-4.4986913779527562
0
LINE
8
BLACK
6
CONTINUOUS
10
6.7946929133858269
20
-4.4986913779527562
11
6.7957221653543307
21
-4.4986913779527562
0
LINE
8
BLACK
6
CONTINUOUS
10
6.7957221653543307
20
-4.4986913779527562
11
6.7975256299212594
21
-4.498090236220472
0
LINE
8
BLACK
6
CONTINUOUS
10
6.7975256299212594
20
-4.498090236220472
11
6.8063273228346457
21
-4.4892885433070866
0
LINE
8
BLACK
6
CONTINUOUS
10
6.8063273228346457
20
-4.4892885433070866
11
6.8067103543307086
21
-4.4890325984251964
0
LINE
8
BLACK
6
CONTINUOUS
10
6.8067103543307086
20
-4.4890325984251964
11
6.8067104724409448
21
-4.4890325196850389
0
LINE
8
BLACK
6
CONTINUOUS
10
6.8067104724409448
20
-4.4890325196850389
11
6.8067105118110236
21
-4.4890325196850389
0
LINE
8
BLACK
6
CONTINUOUS
10
6.8067105118110236
20
-4.4890325196850389
11
6.8076144488188977
21
-4.4890324803149602
0
LINE
8
BLACK
6
CONTINUOUS
10
6.8076144488188977
20
-4.4890324803149602
11
6.8076144881889764
21
-4.4890325196850389
0
LINE
8
BLACK
6
CONTINUOUS
10
6.8076144881889764
20
-4.4740344094488185
11
6.8082536614173224
21
-4.4746735826771653
0
LINE
8
BLACK
6
CONTINUOUS
10
6.8082536614173224
20
-4.4746735826771653
11
6.808343582677165
21
-4.4751255905511806
0
LINE
8
BLACK
6
CONTINUOUS
10
6.808343582677165
20
-4.4751255905511806
11
6.808343582677165
21
-4.4848743700787397
0
LINE
8
BLACK
6
CONTINUOUS
10
6.808343582677165
20
-4.4848743700787397
11
6.8082536614173224
21
-4.4853263779527559
0
LINE
8
BLACK
6
CONTINUOUS
10
6.8082536614173224
20
-4.4853263779527559
11
6.8076144881889764
21
-4.4859655511811019
0
LINE
8
BLACK
6
CONTINUOUS
10
6.8076144881889764
20
-4.4859655511811019
11
6.8067104724409448
21
-4.4859655511811019
0
LINE
8
BLACK
6
CONTINUOUS
10
6.8067104724409448
20
-4.4859655511811019
11
6.806071299212598
21
-4.4853263779527559
0
LINE
8
BLACK
6
CONTINUOUS
10
6.806071299212598
20
-4.4853263779527559
11
6.8059813779527554
21
-4.4848743700787397
0
LINE
8
BLACK
6
CONTINUOUS
10
6.8059813779527554
20
-4.4848743700787397
11
6.8059813779527554
21
-4.4779770078740153
0
LINE
8
BLACK
6
CONTINUOUS
10
6.8059813779527554
20
-4.4779770078740153
11
6.798998779527559
21
-4.4849596456692913
0
LINE
8
BLACK
6
CONTINUOUS
10
6.798998779527559
20
-4.4849596456692913
11
6.7989495669291333
21
-4.4849924803149603
0
LINE
8
BLACK
6
CONTINUOUS
10
6.7989495669291333
20
-4.4849924803149603
11
6.7989374803149607
21
-4.4850167322834649
0
LINE
8
BLACK
6
CONTINUOUS
10
6.7989374803149607
20
-4.4850167322834649
11
6.7987728346456695
21
-4.485110590551181
0
LINE
8
BLACK
6
CONTINUOUS
10
6.7987728346456695
20
-4.485110590551181
11
6.7986155905511811
21
-4.4852156692913381
0
LINE
8
BLACK
6
CONTINUOUS
10
6.7986155905511811
20
-4.4852156692913381
11
6.7985885826771648
21
-4.4852156692913381
0
LINE
8
BLACK
6
CONTINUOUS
10
6.7985885826771648
20
-4.4852156692913381
11
6.798537125984252
21
-4.4852449999999999
0
LINE
8
BLACK
6
CONTINUOUS
10
6.798537125984252
20
-4.4852449999999999
11
6.7962874015748032
21
-4.4859948818897637
0
LINE
8
BLACK
6
CONTINUOUS
10
6.7962874015748032
20
-4.4859948818897637
11
6.7960994881889762
21
-4.4860185433070869
0
LINE
8
BLACK
6
CONTINUOUS
10
6.7960994881889762
20
-4.4860185433070869
11
6.7959138976377949
21
-4.4860554724409445
0
LINE
8
BLACK
6
CONTINUOUS
10
6.7959138976377949
20
-4.4860554724409445
11
6.7944140944881886
21
-4.4860554724409445
0
LINE
8
BLACK
6
CONTINUOUS
10
6.7944140944881886
20
-4.4860554724409445
11
6.794356023622047
21
-4.4860438976377948
0
LINE
8
BLACK
6
CONTINUOUS
10
6.794356023622047
20
-4.4860438976377948
11
6.7943303937007871
21
-4.4860524803149602
0
LINE
8
BLACK
6
CONTINUOUS
10
6.7943303937007871
20
-4.4860524803149602
11
6.7941478740157475
21
-4.4860024803149603
0
LINE
8
BLACK
6
CONTINUOUS
10
6.7941478740157475
20
-4.4860024803149603
11
6.7939620866141732
21
-4.4859655511811019
0
LINE
8
BLACK
6
CONTINUOUS
10
6.7939620866141732
20
-4.4859655511811019
11
6.7939429133858269
21
-4.4859463779527555
0
LINE
8
BLACK
6
CONTINUOUS
10
6.7939429133858269
20
-4.4859463779527555
11
6.7938859055118108
21
-4.4859307874015748
0
LINE
8
BLACK
6
CONTINUOUS
10
6.7938859055118108
20
-4.4859307874015748
11
6.7923860629921258
21
-4.485180905511811
0
LINE
8
BLACK
6
CONTINUOUS
10
6.7923860629921258
20
-4.485180905511811
11
6.7922364173228349
21
-4.4850647637795271
0
LINE
8
BLACK
6
CONTINUOUS
10
6.7922364173228349
20
-4.4850647637795271
11
6.7920790551181103
21
-4.4849596062992125
0
LINE
8
BLACK
6
CONTINUOUS
10
6.7920790551181103
20
-4.4849596062992125
11
6.7913291732283465
21
-4.4842097244094488
0
LINE
8
BLACK
6
CONTINUOUS
10
6.7913291732283465
20
-4.4842097244094488
11
6.7912239763779523
21
-4.4840522440944879
0
LINE
8
BLACK
6
CONTINUOUS
10
6.7912239763779523
20
-4.4840522440944879
11
6.7911079527559055
21
-4.4839027952755908
0
LINE
8
BLACK
6
CONTINUOUS
10
6.7911079527559055
20
-4.4839027952755908
11
6.790358031496063
21
-4.4824029921259845
0
LINE
8
BLACK
6
CONTINUOUS
10
6.790358031496063
20
-4.4824029921259845
11
6.7903424015748026
21
-4.4823459055118109
0
LINE
8
BLACK
6
CONTINUOUS
10
6.7903424015748026
20
-4.4823459055118109
11
6.790323267716535
21
-4.4823267716535433
0
LINE
8
BLACK
6
CONTINUOUS
10
6.790323267716535
20
-4.4823267716535433
11
6.7902862992125979
21
-4.4821409842519682
0
LINE
8
BLACK
6
CONTINUOUS
10
6.7902862992125979
20
-4.4821409842519682
11
6.7902363385826767
21
-4.4819584645669286
0
LINE
8
BLACK
6
CONTINUOUS
10
6.7902363385826767
20
-4.4819584645669286
11
6.7902448818897634
21
-4.4819327952755907
0
LINE
8
BLACK
6
CONTINUOUS
10
6.7902448818897634
20
-4.4819327952755907
11
6.7902333464566924
21
-4.4818747637795271
0
LINE
8
BLACK
6
CONTINUOUS
10
6.7902333464566924
20
-4.4818747637795271
11
6.7902333464566924
21
-4.478125236220472
0
LINE
8
BLACK
6
CONTINUOUS
10
6.7902333464566924
20
-4.478125236220472
11
6.7902448818897634
21
-4.4780671653543305
0
LINE
8
BLACK
6
CONTINUOUS
10
6.7902448818897634
20
-4.4780671653543305
11
6.7902363385826767
21
-4.4780415354330705
0
LINE
8
BLACK
6
CONTINUOUS
10
6.7902363385826767
20
-4.4780415354330705
11
6.7902862992125979
21
-4.477858976377953
0
LINE
8
BLACK
6
CONTINUOUS
10
6.7902862992125979
20
-4.477858976377953
11
6.790323267716535
21
-4.4776732283464566
0
LINE
8
BLACK
6
CONTINUOUS
10
6.790323267716535
20
-4.4776732283464566
11
6.7903424015748026
21
-4.4776540551181103
0
LINE
8
BLACK
6
CONTINUOUS
10
6.7903424015748026
20
-4.4776540551181103
11
6.790358031496063
21
-4.4775970078740155
0
LINE
8
BLACK
6
CONTINUOUS
10
6.790358031496063
20
-4.4775970078740155
11
6.7911079527559055
21
-4.4760972047244092
0
LINE
8
BLACK
6
CONTINUOUS
10
6.7911079527559055
20
-4.4760972047244092
11
6.7912239763779523
21
-4.4759477165354333
0
LINE
8
BLACK
6
CONTINUOUS
10
6.7912239763779523
20
-4.4759477165354333
11
6.7913291732283465
21
-4.4757902755905512
0
LINE
8
BLACK
6
CONTINUOUS
10
6.7913291732283465
20
-4.4757902755905512
11
6.7920790551181103
21
-4.4750403937007874
0
LINE
8
BLACK
6
CONTINUOUS
10
6.7920790551181103
20
-4.4750403937007874
11
6.7924622440944882
21
-4.474784330708661
0
LINE
8
BLACK
6
CONTINUOUS
10
6.7924622440944882
20
-4.474784330708661
11
6.7933661811023622
21
-4.4747842913385822
0
LINE
8
BLACK
6
CONTINUOUS
10
6.7933661811023622
20
-4.4747842913385822
11
6.7940054330708657
21
-4.4754235433070866
0
LINE
8
BLACK
6
CONTINUOUS
10
6.7940054330708657
20
-4.4754235433070866
11
6.7940054724409444
21
-4.4763274409448819
0
LINE
8
BLACK
6
CONTINUOUS
10
6.7940054724409444
20
-4.4763274409448819
11
6.7937494488188976
21
-4.4767106692913385
0
LINE
8
BLACK
6
CONTINUOUS
10
6.7937494488188976
20
-4.4767106692913385
11
6.7931350393700782
21
-4.4773250787401571
0
LINE
8
BLACK
6
CONTINUOUS
10
6.7931350393700782
20
-4.4773250787401571
11
6.792595551181102
21
-4.4784040944881891
0
LINE
8
BLACK
6
CONTINUOUS
10
6.792595551181102
20
-4.4784040944881891
11
6.792595551181102
21
-4.4815959055118109
0
LINE
8
BLACK
6
CONTINUOUS
10
6.792595551181102
20
-4.4815959055118109
11
6.7931350393700782
21
-4.4826748818897633
0
LINE
8
BLACK
6
CONTINUOUS
10
6.7931350393700782
20
-4.4826748818897633
11
6.7936139370078736
21
-4.4831537795275587
0
LINE
8
BLACK
6
CONTINUOUS
10
6.7936139370078736
20
-4.4831537795275587
11
6.7946929133858269
21
-4.4836932677165358
0
LINE
8
BLACK
6
CONTINUOUS
10
6.7946929133858269
20
-4.4836932677165358
11
6.7957221653543307
21
-4.4836932677165358
0
LINE
8
BLACK
6
CONTINUOUS
10
6.7957221653543307
20
-4.4836932677165358
11
6.7975256299212594
21
-4.4830921259842516
0
LINE
8
BLACK
6
CONTINUOUS
10
6.7975256299212594
20
-4.4830921259842516
11
6.8063273228346457
21
-4.4742904330708662
0
LINE
8
BLACK
6
CONTINUOUS
10
6.8063273228346457
20
-4.4742904330708662
11
6.8067103543307086
21
-4.474034488188976
0
LINE
8
BLACK
6
CONTINUOUS
10
6.8067103543307086
20
-4.474034488188976
11
6.8067104724409448
21
-4.4740344094488185
0
LINE
8
BLACK
6
CONTINUOUS
10
6.8067104724409448
20
-4.4740344094488185
11
6.8067105118110236
21
-4.4740344094488185
0
LINE
8
BLACK
6
CONTINUOUS
10
6.8067105118110236
20
-4.4740344094488185
11
6.8076144488188977
21
-4.4740343700787397
0
LINE
8
BLACK
6
CONTINUOUS
10
6.8076144488188977
20
-4.4740343700787397
11
6.8076144881889764
21
-4.4740344094488185
0
LINE
8
BLACK
6
CONTINUOUS
10
6.8005553149606301
20
-4.4589746062992122
11
6.8006998031496062
21
-4.4589816535433071
0
LINE
8
BLACK
6
CONTINUOUS
10
6.8006998031496062
20
-4.4589816535433071
11
6.8036994094488188
21
-4.4597315748031496
0
LINE
8
BLACK
6
CONTINUOUS
10
6.8036994094488188
20
-4.4597315748031496
11
6.8038163385826769
21
-4.4597868110236218
0
LINE
8
BLACK
6
CONTINUOUS
10
6.8038163385826769
20
-4.4597868110236218
11
6.8039411417322837
21
-4.4598209842519685
0
LINE
8
BLACK
6
CONTINUOUS
10
6.8039411417322837
20
-4.4598209842519685
11
6.80544094488189
21
-4.4605708661417323
0
LINE
8
BLACK
6
CONTINUOUS
10
6.80544094488189
20
-4.4605708661417323
11
6.8055904330708659
21
-4.460686889763779
0
LINE
8
BLACK
6
CONTINUOUS
10
6.8055904330708659
20
-4.460686889763779
11
6.8057479133858267
21
-4.460792125984252
0
LINE
8
BLACK
6
CONTINUOUS
10
6.8057479133858267
20
-4.460792125984252
11
6.8072477559055118
21
-4.4622918897637796
0
LINE
8
BLACK
6
CONTINUOUS
10
6.8072477559055118
20
-4.4622918897637796
11
6.8072806299212596
21
-4.4623411023622044
0
LINE
8
BLACK
6
CONTINUOUS
10
6.8072806299212596
20
-4.4623411023622044
11
6.8073048425196845
21
-4.4623532283464566
0
LINE
8
BLACK
6
CONTINUOUS
10
6.8073048425196845
20
-4.4623532283464566
11
6.807398622047244
21
-4.4625177165354328
0
LINE
8
BLACK
6
CONTINUOUS
10
6.807398622047244
20
-4.4625177165354328
11
6.8075037795275586
21
-4.4626751181102362
0
LINE
8
BLACK
6
CONTINUOUS
10
6.8075037795275586
20
-4.4626751181102362
11
6.8075037795275586
21
-4.4627021259842516
0
LINE
8
BLACK
6
CONTINUOUS
10
6.8075037795275586
20
-4.4627021259842516
11
6.8075331102362204
21
-4.4627535826771654
0
LINE
8
BLACK
6
CONTINUOUS
10
6.8075331102362204
20
-4.4627535826771654
11
6.8082829921259842
21
-4.4650033464566929
0
LINE
8
BLACK
6
CONTINUOUS
10
6.8082829921259842
20
-4.4650033464566929
11
6.8083066141732278
21
-4.4651911417322836
0
LINE
8
BLACK
6
CONTINUOUS
10
6.8083066141732278
20
-4.4651911417322836
11
6.808343582677165
21
-4.4653768110236216
0
LINE
8
BLACK
6
CONTINUOUS
10
6.808343582677165
20
-4.4653768110236216
11
6.808343582677165
21
-4.4668766535433067
0
LINE
8
BLACK
6
CONTINUOUS
10
6.808343582677165
20
-4.4668766535433067
11
6.8083066535433066
21
-4.467062244094488
0
LINE
8
BLACK
6
CONTINUOUS
10
6.8083066535433066
20
-4.467062244094488
11
6.8082829921259842
21
-4.467250157480315
0
LINE
8
BLACK
6
CONTINUOUS
10
6.8082829921259842
20
-4.467250157480315
11
6.8075331102362204
21
-4.469499842519685
0
LINE
8
BLACK
6
CONTINUOUS
10
6.8075331102362204
20
-4.469499842519685
11
6.8075038188976373
21
-4.4695511811023625
0
LINE
8
BLACK
6
CONTINUOUS
10
6.8075038188976373
20
-4.4695511811023625
11
6.8075038188976373
21
-4.4695783070866142
0
LINE
8
BLACK
6
CONTINUOUS
10
6.8075038188976373
20
-4.4695783070866142
11
6.8073985433070865
21
-4.4697357874015751
0
LINE
8
BLACK
6
CONTINUOUS
10
6.8073985433070865
20
-4.4697357874015751
11
6.8073048425196845
21
-4.4699001968503937
0
LINE
8
BLACK
6
CONTINUOUS
10
6.8073048425196845
20
-4.4699001968503937
11
6.8072805905511808
21
-4.4699122834645673
0
LINE
8
BLACK
6
CONTINUOUS
10
6.8072805905511808
20
-4.4699122834645673
11
6.8072477559055118
21
-4.4699614960629921
0
LINE
8
BLACK
6
CONTINUOUS
10
6.8072477559055118
20
-4.4699614960629921
11
6.8064978346456693
21
-4.4707114173228346
0
LINE
8
BLACK
6
CONTINUOUS
10
6.8064978346456693
20
-4.4707114173228346
11
6.8061146456692914
21
-4.4709674409448814
0
LINE
8
BLACK
6
CONTINUOUS
10
6.8061146456692914
20
-4.4709674409448814
11
6.8052107086614173
21
-4.4709674409448814
0
LINE
8
BLACK
6
CONTINUOUS
10
6.8052107086614173
20
-4.4709674409448814
11
6.8045714960629917
21
-4.4703282283464567
0
LINE
8
BLACK
6
CONTINUOUS
10
6.8045714960629917
20
-4.4703282283464567
11
6.8045714960629917
21
-4.4694242913385827
0
LINE
8
BLACK
6
CONTINUOUS
10
6.8045714960629917
20
-4.4694242913385827
11
6.8048275196850394
21
-4.4690411023622048
0
LINE
8
BLACK
6
CONTINUOUS
10
6.8048275196850394
20
-4.4690411023622048
11
6.8053801968503933
21
-4.4684883858267712
0
LINE
8
BLACK
6
CONTINUOUS
10
6.8053801968503933
20
-4.4684883858267712
11
6.8059813779527554
21
-4.4666849212598425
0
LINE
8
BLACK
6
CONTINUOUS
10
6.8059813779527554
20
-4.4666849212598425
11
6.8059813779527554
21
-4.4655685039370079
0
LINE
8
BLACK
6
CONTINUOUS
10
6.8059813779527554
20
-4.4655685039370079
11
6.8053801968503933
21
-4.4637650393700783
0
LINE
8
BLACK
6
CONTINUOUS
10
6.8053801968503933
20
-4.4637650393700783
11
6.8042131496062987
21
-4.4625979921259837
0
LINE
8
BLACK
6
CONTINUOUS
10
6.8042131496062987
20
-4.4625979921259837
11
6.8030006692913387
21
-4.4619917322834644
0
LINE
8
BLACK
6
CONTINUOUS
10
6.8030006692913387
20
-4.4619917322834644
11
6.8002679921259839
21
-4.461308582677165
0
LINE
8
BLACK
6
CONTINUOUS
10
6.8002679921259839
20
-4.461308582677165
11
6.7983089763779523
21
-4.461308582677165
0
LINE
8
BLACK
6
CONTINUOUS
10
6.7983089763779523
20
-4.461308582677165
11
6.7955762204724408
21
-4.4619917716535431
0
LINE
8
BLACK
6
CONTINUOUS
10
6.7955762204724408
20
-4.4619917716535431
11
6.7943638188976374
21
-4.462597952755905
0
LINE
8
BLACK
6
CONTINUOUS
10
6.7943638188976374
20
-4.462597952755905
11
6.7931966535433066
21
-4.463765078740157
0
LINE
8
BLACK
6
CONTINUOUS
10
6.7931966535433066
20
-4.463765078740157
11
6.792595551181102
21
-4.4655684251968504
0
LINE
8
BLACK
6
CONTINUOUS
10
6.792595551181102
20
-4.4655684251968504
11
6.792595551181102
21
-4.466685
0
LINE
8
BLACK
6
CONTINUOUS
10
6.792595551181102
20
-4.466685
11
6.7931966535433066
21
-4.468488267716535
0
LINE
8
BLACK
6
CONTINUOUS
10
6.7931966535433066
20
-4.468488267716535
11
6.7937494488188976
21
-4.4690411023622048
0
LINE
8
BLACK
6
CONTINUOUS
10
6.7937494488188976
20
-4.4690411023622048
11
6.7940054724409444
21
-4.4694243307086614
0
LINE
8
BLACK
6
CONTINUOUS
10
6.7940054724409444
20
-4.4694243307086614
11
6.7940054330708657
21
-4.4703282283464567
0
LINE
8
BLACK
6
CONTINUOUS
10
6.7940054330708657
20
-4.4703282283464567
11
6.7933661811023622
21
-4.4709674803149602
0
LINE
8
BLACK
6
CONTINUOUS
10
6.7933661811023622
20
-4.4709674803149602
11
6.7924622440944882
21
-4.4709674409448814
0
LINE
8
BLACK
6
CONTINUOUS
10
6.7924622440944882
20
-4.4709674409448814
11
6.7920790551181103
21
-4.4707113779527559
0
LINE
8
BLACK
6
CONTINUOUS
10
6.7920790551181103
20
-4.4707113779527559
11
6.7913291732283465
21
-4.4699614960629921
0
LINE
8
BLACK
6
CONTINUOUS
10
6.7913291732283465
20
-4.4699614960629921
11
6.7912962598425199
21
-4.4699122440944885
0
LINE
8
BLACK
6
CONTINUOUS
10
6.7912962598425199
20
-4.4699122440944885
11
6.7912721259842517
21
-4.4699001968503937
0
LINE
8
BLACK
6
CONTINUOUS
10
6.7912721259842517
20
-4.4699001968503937
11
6.7911785039370081
21
-4.4697359448818901
0
LINE
8
BLACK
6
CONTINUOUS
10
6.7911785039370081
20
-4.4697359448818901
11
6.7910731496062988
21
-4.4695782677165354
0
LINE
8
BLACK
6
CONTINUOUS
10
6.7910731496062988
20
-4.4695782677165354
11
6.7910731496062988
21
-4.4695511417322837
0
LINE
8
BLACK
6
CONTINUOUS
10
6.7910731496062988
20
-4.4695511417322837
11
6.7910438976377954
21
-4.469499842519685
0
LINE
8
BLACK
6
CONTINUOUS
10
6.7910438976377954
20
-4.469499842519685
11
6.7902939763779528
21
-4.467250157480315
0
LINE
8
BLACK
6
CONTINUOUS
10
6.7902939763779528
20
-4.467250157480315
11
6.7902703149606296
21
-4.4670625196850393
0
LINE
8
BLACK
6
CONTINUOUS
10
6.7902703149606296
20
-4.4670625196850393
11
6.7902333464566924
21
-4.4668766535433067
0
LINE
8
BLACK
6
CONTINUOUS
10
6.7902333464566924
20
-4.4668766535433067
11
6.7902333464566924
21
-4.4653768110236216
0
LINE
8
BLACK
6
CONTINUOUS
10
6.7902333464566924
20
-4.4653768110236216
11
6.7902703149606296
21
-4.4651909055118111
0
LINE
8
BLACK
6
CONTINUOUS
10
6.7902703149606296
20
-4.4651909055118111
11
6.7902939763779528
21
-4.4650033070866142
0
LINE
8
BLACK
6
CONTINUOUS
10
6.7902939763779528
20
-4.4650033070866142
11
6.7910438976377954
21
-4.4627535826771654
0
LINE
8
BLACK
6
CONTINUOUS
10
6.7910438976377954
20
-4.4627535826771654
11
6.7910731889763776
21
-4.4627021653543304
0
LINE
8
BLACK
6
CONTINUOUS
10
6.7910731889763776
20
-4.4627021653543304
11
6.7910731889763776
21
-4.4626751181102362
0
LINE
8
BLACK
6
CONTINUOUS
10
6.7910731889763776
20
-4.4626751181102362
11
6.791178346456693
21
-4.4625176771653541
0
LINE
8
BLACK
6
CONTINUOUS
10
6.791178346456693
20
-4.4625176771653541
11
6.7912721259842517
21
-4.4623532283464566
0
LINE
8
BLACK
6
CONTINUOUS
10
6.7912721259842517
20
-4.4623532283464566
11
6.7912963385826774
21
-4.4623411023622044
0
LINE
8
BLACK
6
CONTINUOUS
10
6.7912963385826774
20
-4.4623411023622044
11
6.7913292125984253
21
-4.4622919291338583
0
LINE
8
BLACK
6
CONTINUOUS
10
6.7913292125984253
20
-4.4622919291338583
11
6.7928289763779528
21
-4.460792125984252
0
LINE
8
BLACK
6
CONTINUOUS
10
6.7928289763779528
20
-4.460792125984252
11
6.7929863385826774
21
-4.4606869685039365
0
LINE
8
BLACK
6
CONTINUOUS
10
6.7929863385826774
20
-4.4606869685039365
11
6.7931359842519683
21
-4.4605708661417323
0
LINE
8
BLACK
6
CONTINUOUS
10
6.7931359842519683
20
-4.4605708661417323
11
6.7946357874015746
21
-4.4598209842519685
0
LINE
8
BLACK
6
CONTINUOUS
10
6.7946357874015746
20
-4.4598209842519685
11
6.7947605511811018
21
-4.4597868110236218
0
LINE
8
BLACK
6
CONTINUOUS
10
6.7947605511811018
20
-4.4597868110236218
11
6.7948775196850395
21
-4.4597315748031496
0
LINE
8
BLACK
6
CONTINUOUS
10
6.7948775196850395
20
-4.4597315748031496
11
6.7978771653543308
21
-4.4589816535433071
0
LINE
8
BLACK
6
CONTINUOUS
10
6.7978771653543308
20
-4.4589816535433071
11
6.7980216141732281
21
-4.4589746062992122
0
LINE
8
BLACK
6
CONTINUOUS
10
6.7980216141732281
20
-4.4589746062992122
11
6.7981636220472437
21
-4.4589463779527554
0
LINE
8
BLACK
6
CONTINUOUS
10
6.7981636220472437
20
-4.4589463779527554
11
6.8004133464566925
21
-4.4589463779527554
0
LINE
8
BLACK
6
CONTINUOUS
10
6.8004133464566925
20
-4.4589463779527554
11
6.8005553149606301
21
-4.4589746062992122
0
LINE
8
BLACK
6
CONTINUOUS
10
6.8165013385826771
20
-4.4466852755905508
11
6.8175666929133856
21
-4.4477506299212601
0
LINE
8
BLACK
6
CONTINUOUS
10
6.8175666929133856
20
-4.4477506299212601
11
6.8177165354330711
21
-4.4485039370078736
0
LINE
8
BLACK
6
CONTINUOUS
10
6.8177165354330711
20
-4.4485039370078736
11
6.8177165354330711
21
-4.5114960629921255
0
LINE
8
BLACK
6
CONTINUOUS
10
6.8177165354330711
20
-4.5114960629921255
11
6.8175666929133856
21
-4.5122493700787398
0
LINE
8
BLACK
6
CONTINUOUS
10
6.8175666929133856
20
-4.5122493700787398
11
6.8165013385826771
21
-4.5133147244094491
0
LINE
8
BLACK
6
CONTINUOUS
10
6.8165013385826771
20
-4.5133147244094491
11
6.8157480314960628
21
-4.5134645669291338
0
LINE
8
BLACK
6
CONTINUOUS
10
6.8157480314960628
20
-4.5134645669291338
11
6.7842519685039369
21
-4.5134645669291338
0
LINE
8
BLACK
6
CONTINUOUS
10
6.7842519685039369
20
-4.5134645669291338
11
6.7834986614173225
21
-4.5133147244094491
0
LINE
8
BLACK
6
CONTINUOUS
10
6.7834986614173225
20
-4.5133147244094491
11
6.7824333070866141
21
-4.5122493700787398
0
LINE
8
BLACK
6
CONTINUOUS
10
6.7824333070866141
20
-4.5122493700787398
11
6.7822834645669285
21
-4.5114960629921255
0
LINE
8
BLACK
6
CONTINUOUS
10
6.7822834645669285
20
-4.5114960629921255
11
6.7822834645669285
21
-4.4485039370078736
0
LINE
8
BLACK
6
CONTINUOUS
10
6.7822834645669285
20
-4.4485039370078736
11
6.7824333070866141
21
-4.4477506299212601
0
LINE
8
BLACK
6
CONTINUOUS
10
6.7824333070866141
20
-4.4477506299212601
11
6.7834986614173225
21
-4.4466852755905508
0
LINE
8
BLACK
6
CONTINUOUS
10
6.7834986614173225
20
-4.4466852755905508
11
6.7842519685039369
21
-4.4465354330708662
0
LINE
8
BLACK
6
CONTINUOUS
10
6.7842519685039369
20
-4.4465354330708662
11
6.8157480314960628
21
-4.4465354330708662
0
LINE
8
BLACK
6
CONTINUOUS
10
6.8157480314960628
20
-4.4465354330708662
11
6.8165013385826771
21
-4.4466852755905508
0
LINE
8
BLACK
6
CONTINUOUS
10
6.7862204724409443
20
-4.4504724409448819
11
6.7862204724409443
21
-4.509527559055118
0
LINE
8
BLACK
6
CONTINUOUS
10
6.7862204724409443
20
-4.509527559055118
11
6.8137795275590554
21
-4.509527559055118
0
LINE
8
BLACK
6
CONTINUOUS
10
6.8137795275590554
20
-4.509527559055118
11
6.8137795275590554
21
-4.4504724409448819
0
LINE
8
BLACK
6
CONTINUOUS
10
6.8137795275590554
20
-4.4504724409448819
11
6.7862204724409443
21
-4.4504724409448819
0
LINE
8
BLACK
6
CONTINUOUS
10
6.5392843700787404
20
-4.4403232677165354
11
6.5396281889763781
21
-4.4403232677165354
0
LINE
8
BLACK
6
CONTINUOUS
10
6.5396281889763781
20
-4.4403232677165354
11
6.5397141338582676
21
-4.4404092125984249
0
LINE
8
BLACK
6
CONTINUOUS
10
6.5397141338582676
20
-4.4404092125984249
11
6.5398333464566925
21
-4.4404330708661419
0
LINE
8
BLACK
6
CONTINUOUS
10
6.5398333464566925
20
-4.4404330708661419
11
6.5401588976377951
21
-4.4407592913385825
0
LINE
8
BLACK
6
CONTINUOUS
10
6.5401588976377951
20
-4.4407592913385825
11
6.5415939370078737
21
-4.4429117716535433
0
LINE
8
BLACK
6
CONTINUOUS
10
6.5415939370078737
20
-4.4429117716535433
11
6.5428754330708658
21
-4.4441932677165354
0
LINE
8
BLACK
6
CONTINUOUS
10
6.5428754330708658
20
-4.4441932677165354
11
6.544203858267716
21
-4.4448574803149601
0
LINE
8
BLACK
6
CONTINUOUS
10
6.544203858267716
20
-4.4448574803149601
11
6.5445679133858263
21
-4.4451400787401578
0
LINE
8
BLACK
6
CONTINUOUS
10
6.5445679133858263
20
-4.4451400787401578
11
6.5448537795275588
21
-4.4459975984251967
0
LINE
8
BLACK
6
CONTINUOUS
10
6.5448537795275588
20
-4.4459975984251967
11
6.5444494488188978
21
-4.446806181102362
0
LINE
8
BLACK
6
CONTINUOUS
10
6.5444494488188978
20
-4.446806181102362
11
6.543591929133858
21
-4.4470920472440945
0
LINE
8
BLACK
6
CONTINUOUS
10
6.543591929133858
20
-4.4470920472440945
11
6.5431474409448818
21
-4.4469703149606294
0
LINE
8
BLACK
6
CONTINUOUS
10
6.5431474409448818
20
-4.4469703149606294
11
6.5416475984251967
21
-4.4462203937007869
0
LINE
8
BLACK
6
CONTINUOUS
10
6.5416475984251967
20
-4.4462203937007869
11
6.5414979921259837
21
-4.4461042519685039
0
LINE
8
BLACK
6
CONTINUOUS
10
6.5414979921259837
20
-4.4461042519685039
11
6.54134062992126
21
-4.4459991338582672
0
LINE
8
BLACK
6
CONTINUOUS
10
6.54134062992126
20
-4.4459991338582672
11
6.5403572834645667
21
-4.445015748031496
0
LINE
8
BLACK
6
CONTINUOUS
10
6.5403572834645667
20
-4.445015748031496
11
6.5403572834645667
21
-4.4559813779527557
0
LINE
8
BLACK
6
CONTINUOUS
10
6.5403572834645667
20
-4.4559813779527557
11
6.5436756299212595
21
-4.4559813779527557
0
LINE
8
BLACK
6
CONTINUOUS
10
6.5436756299212595
20
-4.4559813779527557
11
6.5441276377952757
21
-4.4560712992125984
0
LINE
8
BLACK
6
CONTINUOUS
10
6.5441276377952757
20
-4.4560712992125984
11
6.5447668110236217
21
-4.4567104724409452
0
LINE
8
BLACK
6
CONTINUOUS
10
6.5447668110236217
20
-4.4567104724409452
11
6.5447668110236217
21
-4.4576144881889759
0
LINE
8
BLACK
6
CONTINUOUS
10
6.5447668110236217
20
-4.4576144881889759
11
6.5441276377952757
21
-4.4582536614173227
0
LINE
8
BLACK
6
CONTINUOUS
10
6.5441276377952757
20
-4.4582536614173227
11
6.5436756299212595
21
-4.4583435826771654
0
LINE
8
BLACK
6
CONTINUOUS
10
6.5436756299212595
20
-4.4583435826771654
11
6.534676771653543
21
-4.4583435826771654
0
LINE
8
BLACK
6
CONTINUOUS
10
6.534676771653543
20
-4.4583435826771654
11
6.5342247637795277
21
-4.4582536614173227
0
LINE
8
BLACK
6
CONTINUOUS
10
6.5342247637795277
20
-4.4582536614173227
11
6.5335855905511808
21
-4.4576144881889759
0
LINE
8
BLACK
6
CONTINUOUS
10
6.5335855905511808
20
-4.4576144881889759
11
6.5335855905511808
21
-4.4567104724409452
0
LINE
8
BLACK
6
CONTINUOUS
10
6.5335855905511808
20
-4.4567104724409452
11
6.5342247637795277
21
-4.4560712992125984
0
LINE
8
BLACK
6
CONTINUOUS
10
6.5342247637795277
20
-4.4560712992125984
11
6.534676771653543
21
-4.4559813779527557
0
LINE
8
BLACK
6
CONTINUOUS
10
6.534676771653543
20
-4.4559813779527557
11
6.5379950787401571
21
-4.4559813779527557
0
LINE
8
BLACK
6
CONTINUOUS
10
6.5379950787401571
20
-4.4559813779527557
11
6.5379950787401571
21
-4.4414144488188976
0
LINE
8
BLACK
6
CONTINUOUS
10
6.5379950787401571
20
-4.4414144488188976
11
6.5380849999999997
21
-4.4409624409448814
0
LINE
8
BLACK
6
CONTINUOUS
10
6.5380849999999997
20
-4.4409624409448814
11
6.5381709448818892
21
-4.4408764566929131
0
LINE
8
BLACK
6
CONTINUOUS
10
6.5381709448818892
20
-4.4408764566929131
11
6.5381948031496062
21
-4.440757283464567
0
LINE
8
BLACK
6
CONTINUOUS
10
6.5381948031496062
20
-4.440757283464567
11
6.5384809055118112
21
-4.440566496062992
0
LINE
8
BLACK
6
CONTINUOUS
10
6.5384809055118112
20
-4.440566496062992
11
6.5387241732283465
21
-4.4403232677165354
0
LINE
8
BLACK
6
CONTINUOUS
10
6.5387241732283465
20
-4.4403232677165354
11
6.5388457480314957
21
-4.4403232677165354
0
LINE
8
BLACK
6
CONTINUOUS
10
6.5388457480314957
20
-4.4403232677165354
11
6.5389469685039368
21
-4.4402557874015747
0
LINE
8
BLACK
6
CONTINUOUS
10
6.5389469685039368
20
-4.4402557874015747
11
6.5392843700787404
21
-4.4403232677165354
0
LINE
8
BLACK
6
CONTINUOUS
10
6.5543601968503937
20
-4.44027031496063
11
6.5545478346456694
21
-4.4402939763779523
0
LINE
8
BLACK
6
CONTINUOUS
10
6.5545478346456694
20
-4.4402939763779523
11
6.5567975590551182
21
-4.4410438976377948
0
LINE
8
BLACK
6
CONTINUOUS
10
6.5567975590551182
20
-4.4410438976377948
11
6.5568489370078735
21
-4.4410731889763779
0
LINE
8
BLACK
6
CONTINUOUS
10
6.5568489370078735
20
-4.4410731889763779
11
6.5568760236220474
21
-4.4410731889763779
0
LINE
8
BLACK
6
CONTINUOUS
10
6.5568760236220474
20
-4.4410731889763779
11
6.5570334251968498
21
-4.4411783464566925
0
LINE
8
BLACK
6
CONTINUOUS
10
6.5570334251968498
20
-4.4411783464566925
11
6.5571979133858269
21
-4.441272125984252
0
LINE
8
BLACK
6
CONTINUOUS
10
6.5571979133858269
20
-4.441272125984252
11
6.5572099999999995
21
-4.4412963385826769
0
LINE
8
BLACK
6
CONTINUOUS
10
6.5572099999999995
20
-4.4412963385826769
11
6.5572592125984253
21
-4.4413292125984247
0
LINE
8
BLACK
6
CONTINUOUS
10
6.5572592125984253
20
-4.4413292125984247
11
6.5587590157480316
21
-4.4428289763779523
0
LINE
8
BLACK
6
CONTINUOUS
10
6.5587590157480316
20
-4.4428289763779523
11
6.5588641338582674
21
-4.4429863385826769
0
LINE
8
BLACK
6
CONTINUOUS
10
6.5588641338582674
20
-4.4429863385826769
11
6.5589802755905513
21
-4.4431359842519687
0
LINE
8
BLACK
6
CONTINUOUS
10
6.5589802755905513
20
-4.4431359842519687
11
6.5597301574803151
21
-4.4446357874015749
0
LINE
8
BLACK
6
CONTINUOUS
10
6.5597301574803151
20
-4.4446357874015749
11
6.559764291338583
21
-4.4447605511811021
0
LINE
8
BLACK
6
CONTINUOUS
10
6.559764291338583
20
-4.4447605511811021
11
6.5598195669291339
21
-4.444877519685039
0
LINE
8
BLACK
6
CONTINUOUS
10
6.5598195669291339
20
-4.444877519685039
11
6.5605694881889765
21
-4.4478771653543303
0
LINE
8
BLACK
6
CONTINUOUS
10
6.5605694881889765
20
-4.4478771653543303
11
6.5605764960629918
21
-4.4480216141732285
0
LINE
8
BLACK
6
CONTINUOUS
10
6.5605764960629918
20
-4.4480216141732285
11
6.5606047637795273
21
-4.448163622047244
0
LINE
8
BLACK
6
CONTINUOUS
10
6.5606047637795273
20
-4.448163622047244
11
6.5606047637795273
21
-4.4504133464566928
0
LINE
8
BLACK
6
CONTINUOUS
10
6.5606047637795273
20
-4.4504133464566928
11
6.5605764960629918
21
-4.4505553149606296
0
LINE
8
BLACK
6
CONTINUOUS
10
6.5605764960629918
20
-4.4505553149606296
11
6.5605694881889765
21
-4.4506998031496066
0
LINE
8
BLACK
6
CONTINUOUS
10
6.5605694881889765
20
-4.4506998031496066
11
6.5598195669291339
21
-4.4536994094488191
0
LINE
8
BLACK
6
CONTINUOUS
10
6.5598195669291339
20
-4.4536994094488191
11
6.559764291338583
21
-4.4538163385826772
0
LINE
8
BLACK
6
CONTINUOUS
10
6.559764291338583
20
-4.4538163385826772
11
6.5597301574803151
21
-4.4539411417322832
0
LINE
8
BLACK
6
CONTINUOUS
10
6.5597301574803151
20
-4.4539411417322832
11
6.5589802755905513
21
-4.4554409448818895
0
LINE
8
BLACK
6
CONTINUOUS
10
6.5589802755905513
20
-4.4554409448818895
11
6.5588640157480311
21
-4.4555906692913387
0
LINE
8
BLACK
6
CONTINUOUS
10
6.5588640157480311
20
-4.4555906692913387
11
6.5587590157480316
21
-4.4557479133858271
0
LINE
8
BLACK
6
CONTINUOUS
10
6.5587590157480316
20
-4.4557479133858271
11
6.5572592125984253
21
-4.4572477559055121
0
LINE
8
BLACK
6
CONTINUOUS
10
6.5572592125984253
20
-4.4572477559055121
11
6.5572099999999995
21
-4.4572805905511812
0
LINE
8
BLACK
6
CONTINUOUS
10
6.5572099999999995
20
-4.4572805905511812
11
6.5571979133858269
21
-4.4573048425196848
0
LINE
8
BLACK
6
CONTINUOUS
10
6.5571979133858269
20
-4.4573048425196848
11
6.5570332677165357
21
-4.4573987007874019
0
LINE
8
BLACK
6
CONTINUOUS
10
6.5570332677165357
20
-4.4573987007874019
11
6.5568760236220474
21
-4.4575037795275589
0
LINE
8
BLACK
6
CONTINUOUS
10
6.5568760236220474
20
-4.4575037795275589
11
6.5568489763779523
21
-4.4575037795275589
0
LINE
8
BLACK
6
CONTINUOUS
10
6.5568489763779523
20
-4.4575037795275589
11
6.5567975590551182
21
-4.4575331102362208
0
LINE
8
BLACK
6
CONTINUOUS
10
6.5567975590551182
20
-4.4575331102362208
11
6.5545478346456694
21
-4.4582829921259846
0
LINE
8
BLACK
6
CONTINUOUS
10
6.5545478346456694
20
-4.4582829921259846
11
6.5543599212598425
21
-4.4583066535433069
0
LINE
8
BLACK
6
CONTINUOUS
10
6.5543599212598425
20
-4.4583066535433069
11
6.5541743307086611
21
-4.4583435826771654
0
LINE
8
BLACK
6
CONTINUOUS
10
6.5541743307086611
20
-4.4583435826771654
11
6.552674488188976
21
-4.4583435826771654
0
LINE
8
BLACK
6
CONTINUOUS
10
6.552674488188976
20
-4.4583435826771654
11
6.5524888582677168
21
-4.4583066535433069
0
LINE
8
BLACK
6
CONTINUOUS
10
6.5524888582677168
20
-4.4583066535433069
11
6.5523009842519686
21
-4.4582829921259846
0
LINE
8
BLACK
6
CONTINUOUS
10
6.5523009842519686
20
-4.4582829921259846
11
6.5500512992125985
21
-4.4575331102362208
0
LINE
8
BLACK
6
CONTINUOUS
10
6.5500512992125985
20
-4.4575331102362208
11
6.5499999212598423
21
-4.4575038188976377
0
LINE
8
BLACK
6
CONTINUOUS
10
6.5499999212598423
20
-4.4575038188976377
11
6.5499728346456694
21
-4.4575038188976377
0
LINE
8
BLACK
6
CONTINUOUS
10
6.5499728346456694
20
-4.4575038188976377
11
6.5498153149606297
21
-4.4573985433070868
0
LINE
8
BLACK
6
CONTINUOUS
10
6.5498153149606297
20
-4.4573985433070868
11
6.5496509448818898
21
-4.4573048425196848
0
LINE
8
BLACK
6
CONTINUOUS
10
6.5496509448818898
20
-4.4573048425196848
11
6.5496388188976375
21
-4.4572805905511812
0
LINE
8
BLACK
6
CONTINUOUS
10
6.5496388188976375
20
-4.4572805905511812
11
6.5495896456692915
21
-4.4572477559055121
0
LINE
8
BLACK
6
CONTINUOUS
10
6.5495896456692915
20
-4.4572477559055121
11
6.5488397244094489
21
-4.4564978346456696
0
LINE
8
BLACK
6
CONTINUOUS
10
6.5488397244094489
20
-4.4564978346456696
11
6.5485837007874013
21
-4.4561146456692908
0
LINE
8
BLACK
6
CONTINUOUS
10
6.5485837007874013
20
-4.4561146456692908
11
6.5485837007874013
21
-4.4552107086614177
0
LINE
8
BLACK
6
CONTINUOUS
10
6.5485837007874013
20
-4.4552107086614177
11
6.5492229133858268
21
-4.4545714960629921
0
LINE
8
BLACK
6
CONTINUOUS
10
6.5492229133858268
20
-4.4545714960629921
11
6.5501268503937009
21
-4.4545714960629921
0
LINE
8
BLACK
6
CONTINUOUS
10
6.5501268503937009
20
-4.4545714960629921
11
6.5505100393700788
21
-4.4548275196850389
0
LINE
8
BLACK
6
CONTINUOUS
10
6.5505100393700788
20
-4.4548275196850389
11
6.5510627165354327
21
-4.4553801968503937
0
LINE
8
BLACK
6
CONTINUOUS
10
6.5510627165354327
20
-4.4553801968503937
11
6.5528662204724411
21
-4.4559813779527557
0
LINE
8
BLACK
6
CONTINUOUS
10
6.5528662204724411
20
-4.4559813779527557
11
6.5539825984251969
21
-4.4559813779527557
0
LINE
8
BLACK
6
CONTINUOUS
10
6.5539825984251969
20
-4.4559813779527557
11
6.5557860629921256
21
-4.4553802362204724
0
LINE
8
BLACK
6
CONTINUOUS
10
6.5557860629921256
20
-4.4553802362204724
11
6.5569531496062989
21
-4.4542130708661416
0
LINE
8
BLACK
6
CONTINUOUS
10
6.5569531496062989
20
-4.4542130708661416
11
6.5575593700787396
21
-4.4530006692913382
0
LINE
8
BLACK
6
CONTINUOUS
10
6.5575593700787396
20
-4.4530006692913382
11
6.5582425590551177
21
-4.4502679527559055
0
LINE
8
BLACK
6
CONTINUOUS
10
6.5582425590551177
20
-4.4502679527559055
11
6.5582425590551177
21
-4.4483089763779526
0
LINE
8
BLACK
6
CONTINUOUS
10
6.5582425590551177
20
-4.4483089763779526
11
6.5575593307086617
21
-4.4455762204724412
0
LINE
8
BLACK
6
CONTINUOUS
10
6.5575593307086617
20
-4.4455762204724412
11
6.5569531496062989
21
-4.4443638188976378
0
LINE
8
BLACK
6
CONTINUOUS
10
6.5569531496062989
20
-4.4443638188976378
11
6.5557860236220469
21
-4.443196653543307
0
LINE
8
BLACK
6
CONTINUOUS
10
6.5557860236220469
20
-4.443196653543307
11
6.5539827165354332
21
-4.4425955511811024
0
LINE
8
BLACK
6
CONTINUOUS
10
6.5539827165354332
20
-4.4425955511811024
11
6.5528661023622048
21
-4.4425955511811024
0
LINE
8
BLACK
6
CONTINUOUS
10
6.5528661023622048
20
-4.4425955511811024
11
6.5510627952755902
21
-4.443196653543307
0
LINE
8
BLACK
6
CONTINUOUS
10
6.5510627952755902
20
-4.443196653543307
11
6.5505100393700788
21
-4.4437494488188971
0
LINE
8
BLACK
6
CONTINUOUS
10
6.5505100393700788
20
-4.4437494488188971
11
6.5501268110236222
21
-4.4440054724409448
0
LINE
8
BLACK
6
CONTINUOUS
10
6.5501268110236222
20
-4.4440054724409448
11
6.5492228740157481
21
-4.444005433070866
0
LINE
8
BLACK
6
CONTINUOUS
10
6.5492228740157481
20
-4.444005433070866
11
6.5485836614173225
21
-4.4433661811023617
0
LINE
8
BLACK
6
CONTINUOUS
10
6.5485836614173225
20
-4.4433661811023617
11
6.5485837007874013
21
-4.4424622440944876
0
LINE
8
BLACK
6
CONTINUOUS
10
6.5485837007874013
20
-4.4424622440944876
11
6.5488397244094489
21
-4.4420790551181097
0
LINE
8
BLACK
6
CONTINUOUS
10
6.5488397244094489
20
-4.4420790551181097
11
6.5495896456692915
21
-4.441329173228346
0
LINE
8
BLACK
6
CONTINUOUS
10
6.5495896456692915
20
-4.441329173228346
11
6.5496387795275588
21
-4.4412962992125982
0
LINE
8
BLACK
6
CONTINUOUS
10
6.5496387795275588
20
-4.4412962992125982
11
6.5496509055118111
21
-4.441272125984252
0
LINE
8
BLACK
6
CONTINUOUS
10
6.5496509055118111
20
-4.441272125984252
11
6.549815275590551
21
-4.4411783858267713
0
LINE
8
BLACK
6
CONTINUOUS
10
6.549815275590551
20
-4.4411783858267713
11
6.5499728740157481
21
-4.4410731496062992
0
LINE
8
BLACK
6
CONTINUOUS
10
6.5499728740157481
20
-4.4410731496062992
11
6.5499999606299211
21
-4.4410731496062992
0
LINE
8
BLACK
6
CONTINUOUS
10
6.5499999606299211
20
-4.4410731496062992
11
6.5500512992125985
21
-4.4410438976377948
0
LINE
8
BLACK
6
CONTINUOUS
10
6.5500512992125985
20
-4.4410438976377948
11
6.5523009842519686
21
-4.4402939763779523
0
LINE
8
BLACK
6
CONTINUOUS
10
6.5523009842519686
20
-4.4402939763779523
11
6.5524885826771655
21
-4.44027031496063
0
LINE
8
BLACK
6
CONTINUOUS
10
6.5524885826771655
20
-4.44027031496063
11
6.552674488188976
21
-4.4402333464566928
0
LINE
8
BLACK
6
CONTINUOUS
10
6.552674488188976
20
-4.4402333464566928
11
6.5541743307086611
21
-4.4402333464566928
0
LINE
8
BLACK
6
CONTINUOUS
10
6.5541743307086611
20
-4.4402333464566928
11
6.5543601968503937
21
-4.44027031496063
0
LINE
8
BLACK
6
CONTINUOUS
10
6.5298794488188978
20
-4.4403232677165354
11
6.5305186220472438
21
-4.4409624409448814
0
LINE
8
BLACK
6
CONTINUOUS
10
6.5305186220472438
20
-4.4409624409448814
11
6.5305186220472438
21
-4.4418664566929129
0
LINE
8
BLACK
6
CONTINUOUS
10
6.5305186220472438
20
-4.4418664566929129
11
6.5298794488188978
21
-4.4425056299212597
0
LINE
8
BLACK
6
CONTINUOUS
10
6.5298794488188978
20
-4.4425056299212597
11
6.5294274409448816
21
-4.4425955511811024
0
LINE
8
BLACK
6
CONTINUOUS
10
6.5294274409448816
20
-4.4425955511811024
11
6.5207199212598423
21
-4.4425955511811024
0
LINE
8
BLACK
6
CONTINUOUS
10
6.5207199212598423
20
-4.4425955511811024
11
6.5267635039370075
21
-4.4566972047244091
0
LINE
8
BLACK
6
CONTINUOUS
10
6.5267635039370075
20
-4.4566972047244091
11
6.5268589370078738
21
-4.4571481102362203
0
LINE
8
BLACK
6
CONTINUOUS
10
6.5268589370078738
20
-4.4571481102362203
11
6.5265232283464565
21
-4.4579873622047241
0
LINE
8
BLACK
6
CONTINUOUS
10
6.5265232283464565
20
-4.4579873622047241
11
6.5256922834645668
21
-4.4583434645669291
0
LINE
8
BLACK
6
CONTINUOUS
10
6.5256922834645668
20
-4.4583434645669291
11
6.5248530314960629
21
-4.4580077559055118
0
LINE
8
BLACK
6
CONTINUOUS
10
6.5248530314960629
20
-4.4580077559055118
11
6.5245923228346454
21
-4.4576277165354332
0
LINE
8
BLACK
6
CONTINUOUS
10
6.5245923228346454
20
-4.4576277165354332
11
6.517843149606299
21
-4.441879724409449
0
LINE
8
BLACK
6
CONTINUOUS
10
6.517843149606299
20
-4.441879724409449
11
6.517841062992126
21
-4.441869960629921
0
LINE
8
BLACK
6
CONTINUOUS
10
6.517841062992126
20
-4.441869960629921
11
6.5178375590551179
21
-4.4418664566929129
0
LINE
8
BLACK
6
CONTINUOUS
10
6.5178375590551179
20
-4.4418664566929129
11
6.5178375590551179
21
-4.441853307086614
0
LINE
8
BLACK
6
CONTINUOUS
10
6.5178375590551179
20
-4.441853307086614
11
6.5177477165354327
21
-4.4414288188976379
0
LINE
8
BLACK
6
CONTINUOUS
10
6.5177477165354327
20
-4.4414288188976379
11
6.5178375590551179
21
-4.441204212598425
0
LINE
8
BLACK
6
CONTINUOUS
10
6.5178375590551179
20
-4.441204212598425
11
6.5178375590551179
21
-4.4409624409448814
0
LINE
8
BLACK
6
CONTINUOUS
10
6.5178375590551179
20
-4.4409624409448814
11
6.5179987401574806
21
-4.4408012204724407
0
LINE
8
BLACK
6
CONTINUOUS
10
6.5179987401574806
20
-4.4408012204724407
11
6.51808342519685
21
-4.440589566929134
0
LINE
8
BLACK
6
CONTINUOUS
10
6.51808342519685
20
-4.440589566929134
11
6.5183056692913386
21
-4.4404942913385828
0
LINE
8
BLACK
6
CONTINUOUS
10
6.5183056692913386
20
-4.4404942913385828
11
6.5184767322834647
21
-4.4403232677165354
0
LINE
8
BLACK
6
CONTINUOUS
10
6.5184767322834647
20
-4.4403232677165354
11
6.5189022440944884
21
-4.4402385826771651
0
LINE
8
BLACK
6
CONTINUOUS
10
6.5189022440944884
20
-4.4402385826771651
11
6.5189143700787398
21
-4.4402334251968503
0
LINE
8
BLACK
6
CONTINUOUS
10
6.5189143700787398
20
-4.4402334251968503
11
6.5189189763779529
21
-4.4402352755905508
0
LINE
8
BLACK
6
CONTINUOUS
10
6.5189189763779529
20
-4.4402352755905508
11
6.51892874015748
21
-4.4402333464566928
0
LINE
8
BLACK
6
CONTINUOUS
10
6.51892874015748
20
-4.4402333464566928
11
6.5294274409448816
21
-4.4402333464566928
0
LINE
8
BLACK
6
CONTINUOUS
10
6.5294274409448816
20
-4.4402333464566928
11
6.5298794488188978
21
-4.4403232677165354
0
LINE
8
BLACK
6
CONTINUOUS
10
6.5718005511811022
20
-4.4324333070866144
11
6.5728659055118106
21
-4.4334986614173229
0
LINE
8
BLACK
6
CONTINUOUS
10
6.5728659055118106
20
-4.4334986614173229
11
6.5730157480314961
21
-4.4342519685039372
0
LINE
8
BLACK
6
CONTINUOUS
10
6.5730157480314961
20
-4.4342519685039372
11
6.5730157480314961
21
-4.4657480314960631
0
LINE
8
BLACK
6
CONTINUOUS
10
6.5730157480314961
20
-4.4657480314960631
11
6.5728659055118106
21
-4.4665013385826775
0
LINE
8
BLACK
6
CONTINUOUS
10
6.5728659055118106
20
-4.4665013385826775
11
6.5718005511811022
21
-4.4675666929133859
0
LINE
8
BLACK
6
CONTINUOUS
10
6.5718005511811022
20
-4.4675666929133859
11
6.5710472440944878
21
-4.4677165354330706
0
LINE
8
BLACK
6
CONTINUOUS
10
6.5710472440944878
20
-4.4677165354330706
11
6.508055118110236
21
-4.4677165354330706
0
LINE
8
BLACK
6
CONTINUOUS
10
6.508055118110236
20
-4.4677165354330706
11
6.5073018110236216
21
-4.4675666929133859
0
LINE
8
BLACK
6
CONTINUOUS
10
6.5073018110236216
20
-4.4675666929133859
11
6.5062364566929132
21
-4.4665013385826775
0
LINE
8
BLACK
6
CONTINUOUS
10
6.5062364566929132
20
-4.4665013385826775
11
6.5060866141732285
21
-4.4657480314960631
0
LINE
8
BLACK
6
CONTINUOUS
10
6.5060866141732285
20
-4.4657480314960631
11
6.5060866141732285
21
-4.4342519685039372
0
LINE
8
BLACK
6
CONTINUOUS
10
6.5060866141732285
20
-4.4342519685039372
11
6.5062364566929132
21
-4.4334986614173229
0
LINE
8
BLACK
6
CONTINUOUS
10
6.5062364566929132
20
-4.4334986614173229
11
6.5073018110236216
21
-4.4324333070866144
0
LINE
8
BLACK
6
CONTINUOUS
10
6.5073018110236216
20
-4.4324333070866144
11
6.508055118110236
21
-4.4322834645669289
0
LINE
8
BLACK
6
CONTINUOUS
10
6.508055118110236
20
-4.4322834645669289
11
6.5710472440944878
21
-4.4322834645669289
0
LINE
8
BLACK
6
CONTINUOUS
10
6.5710472440944878
20
-4.4322834645669289
11
6.5718005511811022
21
-4.4324333070866144
0
LINE
8
BLACK
6
CONTINUOUS
10
6.5100236220472443
20
-4.4362204724409446
11
6.5100236220472443
21
-4.4637795275590548
0
LINE
8
BLACK
6
CONTINUOUS
10
6.5100236220472443
20
-4.4637795275590548
11
6.5690787401574804
21
-4.4637795275590548
0
LINE
8
BLACK
6
CONTINUOUS
10
6.5690787401574804
20
-4.4637795275590548
11
6.5690787401574804
21
-4.4362204724409446
0
LINE
8
BLACK
6
CONTINUOUS
10
6.5690787401574804
20
-4.4362204724409446
11
6.5100236220472443
21
-4.4362204724409446
0
LINE
8
BLACK
6
CONTINUOUS
10
6.7373540157480312
20
-4.4443275590551181
11
6.7374139370078741
21
-4.444628897637795
0
LINE
8
BLACK
6
CONTINUOUS
10
6.7374139370078741
20
-4.444628897637795
11
6.7374139370078741
21
-4.4544714173228348
0
LINE
8
BLACK
6
CONTINUOUS
10
6.7374139370078741
20
-4.4544714173228348
11
6.7373540157480312
21
-4.4547727559055117
0
LINE
8
BLACK
6
CONTINUOUS
10
6.7373540157480312
20
-4.4547727559055117
11
6.7369278740157474
21
-4.4551988976377954
0
LINE
8
BLACK
6
CONTINUOUS
10
6.7369278740157474
20
-4.4551988976377954
11
6.7366265354330706
21
-4.4552588188976374
0
LINE
8
BLACK
6
CONTINUOUS
10
6.7366265354330706
20
-4.4552588188976374
11
6.7319396062992123
21
-4.4552588188976374
0
LINE
8
BLACK
6
CONTINUOUS
10
6.7319396062992123
20
-4.4552588188976374
11
6.7316382677165354
21
-4.4551988976377954
0
LINE
8
BLACK
6
CONTINUOUS
10
6.7316382677165354
20
-4.4551988976377954
11
6.7312121259842517
21
-4.4547727559055117
0
LINE
8
BLACK
6
CONTINUOUS
10
6.7312121259842517
20
-4.4547727559055117
11
6.7312121259842517
21
-4.454170078740157
0
LINE
8
BLACK
6
CONTINUOUS
10
6.7312121259842517
20
-4.454170078740157
11
6.7316382677165354
21
-4.4537439370078742
0
LINE
8
BLACK
6
CONTINUOUS
10
6.7316382677165354
20
-4.4537439370078742
11
6.7319396062992123
21
-4.4536840157480313
0
LINE
8
BLACK
6
CONTINUOUS
10
6.7319396062992123
20
-4.4536840157480313
11
6.7358391338582679
21
-4.4536840157480313
0
LINE
8
BLACK
6
CONTINUOUS
10
6.7358391338582679
20
-4.4536840157480313
11
6.7358391338582679
21
-4.444628897637795
0
LINE
8
BLACK
6
CONTINUOUS
10
6.7358391338582679
20
-4.444628897637795
11
6.7358990551181099
21
-4.4443275590551181
0
LINE
8
BLACK
6
CONTINUOUS
10
6.7358990551181099
20
-4.4443275590551181
11
6.7363251968503937
21
-4.4439014173228344
0
LINE
8
BLACK
6
CONTINUOUS
10
6.7363251968503937
20
-4.4439014173228344
11
6.7369278740157474
21
-4.4439014173228344
0
LINE
8
BLACK
6
CONTINUOUS
10
6.7369278740157474
20
-4.4439014173228344
11
6.7373540157480312
21
-4.4443275590551181
0
LINE
8
BLACK
6
CONTINUOUS
10
6.7298974803149605
20
-4.4439014173228344
11
6.7303236220472442
21
-4.4443275590551181
0
LINE
8
BLACK
6
CONTINUOUS
10
6.7303236220472442
20
-4.4443275590551181
11
6.7303236220472442
21
-4.4449302362204719
0
LINE
8
BLACK
6
CONTINUOUS
10
6.7303236220472442
20
-4.4449302362204719
11
6.7298974803149605
21
-4.4453563779527556
0
LINE
8
BLACK
6
CONTINUOUS
10
6.7298974803149605
20
-4.4453563779527556
11
6.7295961417322836
21
-4.4454162992125985
0
LINE
8
BLACK
6
CONTINUOUS
10
6.7295961417322836
20
-4.4454162992125985
11
6.724228622047244
21
-4.4454162992125985
0
LINE
8
BLACK
6
CONTINUOUS
10
6.724228622047244
20
-4.4454162992125985
11
6.7279764173228349
21
-4.45416125984252
0
LINE
8
BLACK
6
CONTINUOUS
10
6.7279764173228349
20
-4.45416125984252
11
6.7280400393700788
21
-4.4544618503937006
0
LINE
8
BLACK
6
CONTINUOUS
10
6.7280400393700788
20
-4.4544618503937006
11
6.727816220472441
21
-4.4550213779527557
0
LINE
8
BLACK
6
CONTINUOUS
10
6.727816220472441
20
-4.4550213779527557
11
6.727262283464567
21
-4.4552587795275587
0
LINE
8
BLACK
6
CONTINUOUS
10
6.727262283464567
20
-4.4552587795275587
11
6.7267027165354332
21
-4.4550349606299209
0
LINE
8
BLACK
6
CONTINUOUS
10
6.7267027165354332
20
-4.4550349606299209
11
6.726528937007874
21
-4.4547816141732284
0
LINE
8
BLACK
6
CONTINUOUS
10
6.726528937007874
20
-4.4547816141732284
11
6.7223107480314956
21
-4.4449390551181098
0
LINE
8
BLACK
6
CONTINUOUS
10
6.7223107480314956
20
-4.4449390551181098
11
6.7223093700787402
21
-4.4449325984251971
0
LINE
8
BLACK
6
CONTINUOUS
10
6.7223093700787402
20
-4.4449325984251971
11
6.7223070078740159
21
-4.4449302362204719
0
LINE
8
BLACK
6
CONTINUOUS
10
6.7223070078740159
20
-4.4449302362204719
11
6.7223070078740159
21
-4.4449213779527561
0
LINE
8
BLACK
6
CONTINUOUS
10
6.7223070078740159
20
-4.4449213779527561
11
6.7222471259842518
21
-4.444638503937008
0
LINE
8
BLACK
6
CONTINUOUS
10
6.7222471259842518
20
-4.444638503937008
11
6.7223070078740159
21
-4.4444887795275587
0
LINE
8
BLACK
6
CONTINUOUS
10
6.7223070078740159
20
-4.4444887795275587
11
6.7223070078740159
21
-4.4443275590551181
0
LINE
8
BLACK
6
CONTINUOUS
10
6.7223070078740159
20
-4.4443275590551181
11
6.722414488188976
21
-4.4442200393700784
0
LINE
8
BLACK
6
CONTINUOUS
10
6.722414488188976
20
-4.4442200393700784
11
6.7224709448818896
21
-4.4440789370078742
0
LINE
8
BLACK
6
CONTINUOUS
10
6.7224709448818896
20
-4.4440789370078742
11
6.7226191338582675
21
-4.4440153937007869
0
LINE
8
BLACK
6
CONTINUOUS
10
6.7226191338582675
20
-4.4440153937007869
11
6.7227331496062988
21
-4.4439014173228344
0
LINE
8
BLACK
6
CONTINUOUS
10
6.7227331496062988
20
-4.4439014173228344
11
6.7230167322834644
21
-4.4438449999999996
0
LINE
8
BLACK
6
CONTINUOUS
10
6.7230167322834644
20
-4.4438449999999996
11
6.7230248818897635
21
-4.4438415354330711
0
LINE
8
BLACK
6
CONTINUOUS
10
6.7230248818897635
20
-4.4438415354330711
11
6.7230279921259841
21
-4.4438427559055116
0
LINE
8
BLACK
6
CONTINUOUS
10
6.7230279921259841
20
-4.4438427559055116
11
6.7230344881889765
21
-4.4438414960629924
0
LINE
8
BLACK
6
CONTINUOUS
10
6.7230344881889765
20
-4.4438414960629924
11
6.7295961417322836
21
-4.4438414960629924
0
LINE
8
BLACK
6
CONTINUOUS
10
6.7295961417322836
20
-4.4438414960629924
11
6.7298974803149605
21
-4.4439014173228344
0
LINE
8
BLACK
6
CONTINUOUS
10
6.7507375590551177
20
-4.4383388188976376
11
6.7518029133858271
21
-4.439404173228346
0
LINE
8
BLACK
6
CONTINUOUS
10
6.7518029133858271
20
-4.439404173228346
11
6.7519527559055117
21
-4.4401574803149604
0
LINE
8
BLACK
6
CONTINUOUS
10
6.7519527559055117
20
-4.4401574803149604
11
6.7519527559055117
21
-4.4598425196850391
0
LINE
8
BLACK
6
CONTINUOUS
10
6.7519527559055117
20
-4.4598425196850391
11
6.7518029133858271
21
-4.4605958267716534
0
LINE
8
BLACK
6
CONTINUOUS
10
6.7518029133858271
20
-4.4605958267716534
11
6.7507375590551177
21
-4.4616611811023619
0
LINE
8
BLACK
6
CONTINUOUS
10
6.7507375590551177
20
-4.4616611811023619
11
6.7499842519685034
21
-4.4618110236220474
0
LINE
8
BLACK
6
CONTINUOUS
10
6.7499842519685034
20
-4.4618110236220474
11
6.710614173228346
21
-4.4618110236220474
0
LINE
8
BLACK
6
CONTINUOUS
10
6.710614173228346
20
-4.4618110236220474
11
6.7098608661417325
21
-4.4616611811023619
0
LINE
8
BLACK
6
CONTINUOUS
10
6.7098608661417325
20
-4.4616611811023619
11
6.7087955118110232
21
-4.4605958267716534
0
LINE
8
BLACK
6
CONTINUOUS
10
6.7087955118110232
20
-4.4605958267716534
11
6.7086456692913385
21
-4.4598425196850391
0
LINE
8
BLACK
6
CONTINUOUS
10
6.7086456692913385
20
-4.4598425196850391
11
6.7086456692913385
21
-4.4401574803149604
0
LINE
8
BLACK
6
CONTINUOUS
10
6.7086456692913385
20
-4.4401574803149604
11
6.7087955118110232
21
-4.439404173228346
0
LINE
8
BLACK
6
CONTINUOUS
10
6.7087955118110232
20
-4.439404173228346
11
6.7098608661417325
21
-4.4383388188976376
0
LINE
8
BLACK
6
CONTINUOUS
10
6.7098608661417325
20
-4.4383388188976376
11
6.710614173228346
21
-4.438188976377953
0
LINE
8
BLACK
6
CONTINUOUS
10
6.710614173228346
20
-4.438188976377953
11
6.7499842519685034
21
-4.438188976377953
0
LINE
8
BLACK
6
CONTINUOUS
10
6.7499842519685034
20
-4.438188976377953
11
6.7507375590551177
21
-4.4383388188976376
0
LINE
8
BLACK
6
CONTINUOUS
10
6.7125826771653543
20
-4.4421259842519687
11
6.7125826771653543
21
-4.4578740157480317
0
LINE
8
BLACK
6
CONTINUOUS
10
6.7125826771653543
20
-4.4578740157480317
11
6.748015748031496
21
-4.4578740157480317
0
LINE
8
BLACK
6
CONTINUOUS
10
6.748015748031496
20
-4.4578740157480317
11
6.748015748031496
21
-4.4421259842519687
0
LINE
8
BLACK
6
CONTINUOUS
10
6.748015748031496
20
-4.4421259842519687
11
6.7125826771653543
21
-4.4421259842519687
0
LINE
8
BLACK
6
CONTINUOUS
10
6.3167359448818896
20
-4.4052448818897636
11
6.3167616141732283
21
-4.4052363385826769
0
LINE
8
BLACK
6
CONTINUOUS
10
6.3167616141732283
20
-4.4052363385826769
11
6.3169441338582679
21
-4.4052862992125981
0
LINE
8
BLACK
6
CONTINUOUS
10
6.3169441338582679
20
-4.4052862992125981
11
6.3171299212598422
21
-4.4053232677165353
0
LINE
8
BLACK
6
CONTINUOUS
10
6.3171299212598422
20
-4.4053232677165353
11
6.3171490551181098
21
-4.4053424015748028
0
LINE
8
BLACK
6
CONTINUOUS
10
6.3171490551181098
20
-4.4053424015748028
11
6.3172061417322833
21
-4.4053580314960632
0
LINE
8
BLACK
6
CONTINUOUS
10
6.3172061417322833
20
-4.4053580314960632
11
6.3187059448818896
21
-4.4061079527559057
0
LINE
8
BLACK
6
CONTINUOUS
10
6.3187059448818896
20
-4.4061079527559057
11
6.318855669291338
21
-4.4062241732283463
0
LINE
8
BLACK
6
CONTINUOUS
10
6.318855669291338
20
-4.4062241732283463
11
6.3190128740157476
21
-4.4063292125984255
0
LINE
8
BLACK
6
CONTINUOUS
10
6.3190128740157476
20
-4.4063292125984255
11
6.3197627952755902
21
-4.4070790944881892
0
LINE
8
BLACK
6
CONTINUOUS
10
6.3197627952755902
20
-4.4070790944881892
11
6.3198681496062994
21
-4.4072368110236217
0
LINE
8
BLACK
6
CONTINUOUS
10
6.3198681496062994
20
-4.4072368110236217
11
6.3199840157480311
21
-4.407386062992126
0
LINE
8
BLACK
6
CONTINUOUS
10
6.3199840157480311
20
-4.407386062992126
11
6.3207339370078737
21
-4.408885905511811
0
LINE
8
BLACK
6
CONTINUOUS
10
6.3207339370078737
20
-4.408885905511811
11
6.3207495275590553
21
-4.4089429133858271
0
LINE
8
BLACK
6
CONTINUOUS
10
6.3207495275590553
20
-4.4089429133858271
11
6.3207687007874016
21
-4.4089620866141734
0
LINE
8
BLACK
6
CONTINUOUS
10
6.3207687007874016
20
-4.4089620866141734
11
6.3208055905511813
21
-4.4091475590551177
0
LINE
8
BLACK
6
CONTINUOUS
10
6.3208055905511813
20
-4.4091475590551177
11
6.3208556692913387
21
-4.4093303937007873
0
LINE
8
BLACK
6
CONTINUOUS
10
6.3208556692913387
20
-4.4093303937007873
11
6.3208470866141733
21
-4.4093561023622048
0
LINE
8
BLACK
6
CONTINUOUS
10
6.3208470866141733
20
-4.4093561023622048
11
6.3208586220472442
21
-4.4094140944881888
0
LINE
8
BLACK
6
CONTINUOUS
10
6.3208586220472442
20
-4.4094140944881888
11
6.3208586220472442
21
-4.4101639763779525
0
LINE
8
BLACK
6
CONTINUOUS
10
6.3208586220472442
20
-4.4101639763779525
11
6.3208470866141733
21
-4.4102219291338578
0
LINE
8
BLACK
6
CONTINUOUS
10
6.3208470866141733
20
-4.4102219291338578
11
6.3208556692913387
21
-4.410247677165354
0
LINE
8
BLACK
6
CONTINUOUS
10
6.3208556692913387
20
-4.410247677165354
11
6.3208055905511813
21
-4.4104304724409449
0
LINE
8
BLACK
6
CONTINUOUS
10
6.3208055905511813
20
-4.4104304724409449
11
6.3207687007874016
21
-4.4106159842519688
0
LINE
8
BLACK
6
CONTINUOUS
10
6.3207687007874016
20
-4.4106159842519688
11
6.3207495275590553
21
-4.4106351181102363
0
LINE
8
BLACK
6
CONTINUOUS
10
6.3207495275590553
20
-4.4106351181102363
11
6.3207339370078737
21
-4.4106921653543303
0
LINE
8
BLACK
6
CONTINUOUS
10
6.3207339370078737
20
-4.4106921653543303
11
6.3199840157480311
21
-4.4121920078740153
0
LINE
8
BLACK
6
CONTINUOUS
10
6.3199840157480311
20
-4.4121920078740153
11
6.3198679527559056
21
-4.4123414566929133
0
LINE
8
BLACK
6
CONTINUOUS
10
6.3198679527559056
20
-4.4123414566929133
11
6.3197627952755902
21
-4.4124989370078742
0
LINE
8
BLACK
6
CONTINUOUS
10
6.3197627952755902
20
-4.4124989370078742
11
6.3190981496062992
21
-4.4131635826771651
0
LINE
8
BLACK
6
CONTINUOUS
10
6.3190981496062992
20
-4.4131635826771651
11
6.3197627952755902
21
-4.4138282677165357
0
LINE
8
BLACK
6
CONTINUOUS
10
6.3197627952755902
20
-4.4138282677165357
11
6.3198679527559056
21
-4.4139857086614169
0
LINE
8
BLACK
6
CONTINUOUS
10
6.3198679527559056
20
-4.4139857086614169
11
6.3199840157480311
21
-4.4141351968503937
0
LINE
8
BLACK
6
CONTINUOUS
10
6.3199840157480311
20
-4.4141351968503937
11
6.3207339370078737
21
-4.4156350393700787
0
LINE
8
BLACK
6
CONTINUOUS
10
6.3207339370078737
20
-4.4156350393700787
11
6.3207495275590553
21
-4.4156920472440948
0
LINE
8
BLACK
6
CONTINUOUS
10
6.3207495275590553
20
-4.4156920472440948
11
6.3207687007874016
21
-4.4157112204724411
0
LINE
8
BLACK
6
CONTINUOUS
10
6.3207687007874016
20
-4.4157112204724411
11
6.3208055905511813
21
-4.4158966929133854
0
LINE
8
BLACK
6
CONTINUOUS
10
6.3208055905511813
20
-4.4158966929133854
11
6.3208556692913387
21
-4.416079527559055
0
LINE
8
BLACK
6
CONTINUOUS
10
6.3208556692913387
20
-4.416079527559055
11
6.3208470866141733
21
-4.4161052362204725
0
LINE
8
BLACK
6
CONTINUOUS
10
6.3208470866141733
20
-4.4161052362204725
11
6.3208586220472442
21
-4.4161632283464565
0
LINE
8
BLACK
6
CONTINUOUS
10
6.3208586220472442
20
-4.4161632283464565
11
6.3208586220472442
21
-4.4191628740157478
0
LINE
8
BLACK
6
CONTINUOUS
10
6.3208586220472442
20
-4.4191628740157478
11
6.3208470866141733
21
-4.4192208267716531
0
LINE
8
BLACK
6
CONTINUOUS
10
6.3208470866141733
20
-4.4192208267716531
11
6.3208556692913387
21
-4.4192465748031493
0
LINE
8
BLACK
6
CONTINUOUS
10
6.3208556692913387
20
-4.4192465748031493
11
6.3208055905511813
21
-4.4194293700787401
0
LINE
8
BLACK
6
CONTINUOUS
10
6.3208055905511813
20
-4.4194293700787401
11
6.3207687007874016
21
-4.419614881889764
0
LINE
8
BLACK
6
CONTINUOUS
10
6.3207687007874016
20
-4.419614881889764
11
6.3207495275590553
21
-4.4196340157480316
0
LINE
8
BLACK
6
CONTINUOUS
10
6.3207495275590553
20
-4.4196340157480316
11
6.3207339370078737
21
-4.4196910629921256
0
LINE
8
BLACK
6
CONTINUOUS
10
6.3207339370078737
20
-4.4196910629921256
11
6.3199840157480311
21
-4.4211909055118106
0
LINE
8
BLACK
6
CONTINUOUS
10
6.3199840157480311
20
-4.4211909055118106
11
6.3198679527559056
21
-4.4213403543307086
0
LINE
8
BLACK
6
CONTINUOUS
10
6.3198679527559056
20
-4.4213403543307086
11
6.3197627952755902
21
-4.4214978346456695
0
LINE
8
BLACK
6
CONTINUOUS
10
6.3197627952755902
20
-4.4214978346456695
11
6.3190129133858264
21
-4.422247755905512
0
LINE
8
BLACK
6
CONTINUOUS
10
6.3190129133858264
20
-4.422247755905512
11
6.3188552755905514
21
-4.4223530314960628
0
LINE
8
BLACK
6
CONTINUOUS
10
6.3188552755905514
20
-4.4223530314960628
11
6.3187059055118109
21
-4.4224690157480318
0
LINE
8
BLACK
6
CONTINUOUS
10
6.3187059055118109
20
-4.4224690157480318
11
6.3172061023622046
21
-4.4232188976377955
0
LINE
8
BLACK
6
CONTINUOUS
10
6.3172061023622046
20
-4.4232188976377955
11
6.3171490551181098
21
-4.4232344881889762
0
LINE
8
BLACK
6
CONTINUOUS
10
6.3171490551181098
20
-4.4232344881889762
11
6.3171299212598422
21
-4.4232536614173226
0
LINE
8
BLACK
6
CONTINUOUS
10
6.3171299212598422
20
-4.4232536614173226
11
6.3169440944881892
21
-4.423290590551181
0
LINE
8
BLACK
6
CONTINUOUS
10
6.3169440944881892
20
-4.423290590551181
11
6.3167616141732283
21
-4.4233405905511809
0
LINE
8
BLACK
6
CONTINUOUS
10
6.3167616141732283
20
-4.4233405905511809
11
6.3167359448818896
21
-4.4233320078740155
0
LINE
8
BLACK
6
CONTINUOUS
10
6.3167359448818896
20
-4.4233320078740155
11
6.3166779133858268
21
-4.4233435826771652
0
LINE
8
BLACK
6
CONTINUOUS
10
6.3166779133858268
20
-4.4233435826771652
11
6.3136782677165355
21
-4.4233435826771652
0
LINE
8
BLACK
6
CONTINUOUS
10
6.3136782677165355
20
-4.4233435826771652
11
6.313620196850394
21
-4.4233320078740155
0
LINE
8
BLACK
6
CONTINUOUS
10
6.313620196850394
20
-4.4233320078740155
11
6.313594566929134
21
-4.4233405905511809
0
LINE
8
BLACK
6
CONTINUOUS
10
6.313594566929134
20
-4.4233405905511809
11
6.3134120472440944
21
-4.423290590551181
0
LINE
8
BLACK
6
CONTINUOUS
10
6.3134120472440944
20
-4.423290590551181
11
6.3132262598425193
21
-4.4232536614173226
0
LINE
8
BLACK
6
CONTINUOUS
10
6.3132262598425193
20
-4.4232536614173226
11
6.313207086614173
21
-4.4232344881889762
0
LINE
8
BLACK
6
CONTINUOUS
10
6.313207086614173
20
-4.4232344881889762
11
6.3131500787401578
21
-4.4232188976377955
0
LINE
8
BLACK
6
CONTINUOUS
10
6.3131500787401578
20
-4.4232188976377955
11
6.3116502755905515
21
-4.4224690157480318
0
LINE
8
BLACK
6
CONTINUOUS
10
6.3116502755905515
20
-4.4224690157480318
11
6.3115006299212597
21
-4.4223528740157478
0
LINE
8
BLACK
6
CONTINUOUS
10
6.3115006299212597
20
-4.4223528740157478
11
6.3113433070866138
21
-4.422247755905512
0
LINE
8
BLACK
6
CONTINUOUS
10
6.3113433070866138
20
-4.422247755905512
11
6.3105933858267713
21
-4.4214978346456695
0
LINE
8
BLACK
6
CONTINUOUS
10
6.3105933858267713
20
-4.4214978346456695
11
6.3104882677165355
21
-4.4213404724409449
0
LINE
8
BLACK
6
CONTINUOUS
10
6.3104882677165355
20
-4.4213404724409449
11
6.3103721259842516
21
-4.4211908661417318
0
LINE
8
BLACK
6
CONTINUOUS
10
6.3103721259842516
20
-4.4211908661417318
11
6.3096222440944878
21
-4.4196910629921256
0
LINE
8
BLACK
6
CONTINUOUS
10
6.3096222440944878
20
-4.4196910629921256
11
6.3096066141732283
21
-4.4196340157480316
0
LINE
8
BLACK
6
CONTINUOUS
10
6.3096066141732283
20
-4.4196340157480316
11
6.3095874803149608
21
-4.419614881889764
0
LINE
8
BLACK
6
CONTINUOUS
10
6.3095874803149608
20
-4.419614881889764
11
6.3095505118110236
21
-4.4194290551181101
0
LINE
8
BLACK
6
CONTINUOUS
10
6.3095505118110236
20
-4.4194290551181101
11
6.3095005511811024
21
-4.4192465748031493
0
LINE
8
BLACK
6
CONTINUOUS
10
6.3095005511811024
20
-4.4192465748031493
11
6.3095090944881891
21
-4.4192209055118106
0
LINE
8
BLACK
6
CONTINUOUS
10
6.3095090944881891
20
-4.4192209055118106
11
6.3094975590551181
21
-4.4191628740157478
0
LINE
8
BLACK
6
CONTINUOUS
10
6.3094975590551181
20
-4.4191628740157478
11
6.3094975590551181
21
-4.4161632283464565
0
LINE
8
BLACK
6
CONTINUOUS
10
6.3094975590551181
20
-4.4161632283464565
11
6.3095090944881891
21
-4.416105157480315
0
LINE
8
BLACK
6
CONTINUOUS
10
6.3095090944881891
20
-4.416105157480315
11
6.3095005511811024
21
-4.416079527559055
0
LINE
8
BLACK
6
CONTINUOUS
10
6.3095005511811024
20
-4.416079527559055
11
6.3095505118110236
21
-4.4158970078740154
0
LINE
8
BLACK
6
CONTINUOUS
10
6.3095505118110236
20
-4.4158970078740154
11
6.3095874803149608
21
-4.4157112204724411
0
LINE
8
BLACK
6
CONTINUOUS
10
6.3095874803149608
20
-4.4157112204724411
11
6.3096066141732283
21
-4.4156920472440948
0
LINE
8
BLACK
6
CONTINUOUS
10
6.3096066141732283
20
-4.4156920472440948
11
6.3096222440944878
21
-4.4156350393700787
0
LINE
8
BLACK
6
CONTINUOUS
10
6.3096222440944878
20
-4.4156350393700787
11
6.3103721259842516
21
-4.4141352362204724
0
LINE
8
BLACK
6
CONTINUOUS
10
6.3103721259842516
20
-4.4141352362204724
11
6.3104882677165355
21
-4.4139855905511807
0
LINE
8
BLACK
6
CONTINUOUS
10
6.3104882677165355
20
-4.4139855905511807
11
6.3105933858267713
21
-4.4138282677165357
0
LINE
8
BLACK
6
CONTINUOUS
10
6.3105933858267713
20
-4.4138282677165357
11
6.3112580314960631
21
-4.4131635826771651
0
LINE
8
BLACK
6
CONTINUOUS
10
6.3112580314960631
20
-4.4131635826771651
11
6.3105933858267713
21
-4.4124989370078742
0
LINE
8
BLACK
6
CONTINUOUS
10
6.3105933858267713
20
-4.4124989370078742
11
6.3104882677165355
21
-4.4123415748031496
0
LINE
8
BLACK
6
CONTINUOUS
10
6.3104882677165355
20
-4.4123415748031496
11
6.3103721259842516
21
-4.4121919685039366
0
LINE
8
BLACK
6
CONTINUOUS
10
6.3103721259842516
20
-4.4121919685039366
11
6.3096222440944878
21
-4.4106921653543303
0
LINE
8
BLACK
6
CONTINUOUS
10
6.3096222440944878
20
-4.4106921653543303
11
6.3096066141732283
21
-4.4106351181102363
0
LINE
8
BLACK
6
CONTINUOUS
10
6.3096066141732283
20
-4.4106351181102363
11
6.3095874803149608
21
-4.4106159842519688
0
LINE
8
BLACK
6
CONTINUOUS
10
6.3095874803149608
20
-4.4106159842519688
11
6.3095505118110236
21
-4.4104301574803149
0
LINE
8
BLACK
6
CONTINUOUS
10
6.3095505118110236
20
-4.4104301574803149
11
6.3095005511811024
21
-4.410247677165354
0
LINE
8
BLACK
6
CONTINUOUS
10
6.3095005511811024
20
-4.410247677165354
11
6.3095090944881891
21
-4.4102220078740153
0
LINE
8
BLACK
6
CONTINUOUS
10
6.3095090944881891
20
-4.4102220078740153
11
6.3094975590551181
21
-4.4101639763779525
0
LINE
8
BLACK
6
CONTINUOUS
10
6.3094975590551181
20
-4.4101639763779525
11
6.3094975590551181
21
-4.4094140944881888
0
LINE
8
BLACK
6
CONTINUOUS
10
6.3094975590551181
20
-4.4094140944881888
11
6.3095090944881891
21
-4.409356062992126
0
LINE
8
BLACK
6
CONTINUOUS
10
6.3095090944881891
20
-4.409356062992126
11
6.3095005511811024
21
-4.409330433070866
0
LINE
8
BLACK
6
CONTINUOUS
10
6.3095005511811024
20
-4.409330433070866
11
6.3095504724409448
21
-4.4091479527559052
0
LINE
8
BLACK
6
CONTINUOUS
10
6.3095504724409448
20
-4.4091479527559052
11
6.3095874803149608
21
-4.4089620866141734
0
LINE
8
BLACK
6
CONTINUOUS
10
6.3095874803149608
20
-4.4089620866141734
11
6.3096066141732283
21
-4.4089429133858271
0
LINE
8
BLACK
6
CONTINUOUS
10
6.3096066141732283
20
-4.4089429133858271
11
6.3096222440944878
21
-4.408885905511811
0
LINE
8
BLACK
6
CONTINUOUS
10
6.3096222440944878
20
-4.408885905511811
11
6.3103721259842516
21
-4.407386062992126
0
LINE
8
BLACK
6
CONTINUOUS
10
6.3103721259842516
20
-4.407386062992126
11
6.3104880708661417
21
-4.4072366535433067
0
LINE
8
BLACK
6
CONTINUOUS
10
6.3104880708661417
20
-4.4072366535433067
11
6.3105933858267713
21
-4.4070790551181105
0
LINE
8
BLACK
6
CONTINUOUS
10
6.3105933858267713
20
-4.4070790551181105
11
6.3113433070866138
21
-4.4063291732283467
0
LINE
8
BLACK
6
CONTINUOUS
10
6.3113433070866138
20
-4.4063291732283467
11
6.311500748031496
21
-4.4062239763779525
0
LINE
8
BLACK
6
CONTINUOUS
10
6.311500748031496
20
-4.4062239763779525
11
6.3116502362204727
21
-4.4061079527559057
0
LINE
8
BLACK
6
CONTINUOUS
10
6.3116502362204727
20
-4.4061079527559057
11
6.3131500787401578
21
-4.4053580314960632
0
LINE
8
BLACK
6
CONTINUOUS
10
6.3131500787401578
20
-4.4053580314960632
11
6.313207086614173
21
-4.4053424015748028
0
LINE
8
BLACK
6
CONTINUOUS
10
6.313207086614173
20
-4.4053424015748028
11
6.3132262598425193
21
-4.4053232677165353
0
LINE
8
BLACK
6
CONTINUOUS
10
6.3132262598425193
20
-4.4053232677165353
11
6.3134117322834644
21
-4.4052863385826768
0
LINE
8
BLACK
6
CONTINUOUS
10
6.3134117322834644
20
-4.4052863385826768
11
6.313594566929134
21
-4.4052362992125982
0
LINE
8
BLACK
6
CONTINUOUS
10
6.313594566929134
20
-4.4052362992125982
11
6.3136202755905506
21
-4.4052448425196848
0
LINE
8
BLACK
6
CONTINUOUS
10
6.3136202755905506
20
-4.4052448425196848
11
6.3136782677165355
21
-4.4052333464566926
0
LINE
8
BLACK
6
CONTINUOUS
10
6.3136782677165355
20
-4.4052333464566926
11
6.3166779133858268
21
-4.4052333464566926
0
LINE
8
BLACK
6
CONTINUOUS
10
6.3166779133858268
20
-4.4052333464566926
11
6.3167359448818896
21
-4.4052448818897636
0
LINE
8
BLACK
6
CONTINUOUS
10
6.3128780314960631
20
-4.4148842125984249
11
6.3123992519685039
21
-4.415362992125984
0
LINE
8
BLACK
6
CONTINUOUS
10
6.3123992519685039
20
-4.415362992125984
11
6.3118597637795277
21
-4.4164420078740161
0
LINE
8
BLACK
6
CONTINUOUS
10
6.3118597637795277
20
-4.4164420078740161
11
6.3118597637795277
21
-4.4188840551181103
0
LINE
8
BLACK
6
CONTINUOUS
10
6.3118597637795277
20
-4.4188840551181103
11
6.3123992519685039
21
-4.4199630708661415
0
LINE
8
BLACK
6
CONTINUOUS
10
6.3123992519685039
20
-4.4199630708661415
11
6.3128780314960631
21
-4.4204418503937006
0
LINE
8
BLACK
6
CONTINUOUS
10
6.3128780314960631
20
-4.4204418503937006
11
6.313957086614173
21
-4.4209813779527556
0
LINE
8
BLACK
6
CONTINUOUS
10
6.313957086614173
20
-4.4209813779527556
11
6.3163990944881885
21
-4.4209813779527556
0
LINE
8
BLACK
6
CONTINUOUS
10
6.3163990944881885
20
-4.4209813779527556
11
6.317478031496063
21
-4.4204418897637794
0
LINE
8
BLACK
6
CONTINUOUS
10
6.317478031496063
20
-4.4204418897637794
11
6.3179568503937009
21
-4.4199630708661415
0
LINE
8
BLACK
6
CONTINUOUS
10
6.3179568503937009
20
-4.4199630708661415
11
6.3184964173228346
21
-4.4188839763779528
0
LINE
8
BLACK
6
CONTINUOUS
10
6.3184964173228346
20
-4.4188839763779528
11
6.3184964173228346
21
-4.4164420866141727
0
LINE
8
BLACK
6
CONTINUOUS
10
6.3184964173228346
20
-4.4164420866141727
11
6.3179568503937009
21
-4.415362992125984
0
LINE
8
BLACK
6
CONTINUOUS
10
6.3179568503937009
20
-4.415362992125984
11
6.317478031496063
21
-4.4148841732283461
0
LINE
8
BLACK
6
CONTINUOUS
10
6.317478031496063
20
-4.4148841732283461
11
6.3163990944881885
21
-4.4143447244094487
0
LINE
8
BLACK
6
CONTINUOUS
10
6.3163990944881885
20
-4.4143447244094487
11
6.313957086614173
21
-4.4143447244094487
0
LINE
8
BLACK
6
CONTINUOUS
10
6.313957086614173
20
-4.4143447244094487
11
6.3128780314960631
21
-4.4148842125984249
0
LINE
8
BLACK
6
CONTINUOUS
10
6.3128780314960631
20
-4.4081350787401572
11
6.3123992125984252
21
-4.4086138976377951
0
LINE
8
BLACK
6
CONTINUOUS
10
6.3123992125984252
20
-4.4086138976377951
11
6.3118597637795277
21
-4.4096928740157475
0
LINE
8
BLACK
6
CONTINUOUS
10
6.3118597637795277
20
-4.4096928740157475
11
6.3118597637795277
21
-4.4098851574803151
0
LINE
8
BLACK
6
CONTINUOUS
10
6.3118597637795277
20
-4.4098851574803151
11
6.3123992519685039
21
-4.4109641732283462
0
LINE
8
BLACK
6
CONTINUOUS
10
6.3123992519685039
20
-4.4109641732283462
11
6.3128780314960631
21
-4.4114429527559054
0
LINE
8
BLACK
6
CONTINUOUS
10
6.3128780314960631
20
-4.4114429527559054
11
6.3139571259842517
21
-4.4119825196850391
0
LINE
8
BLACK
6
CONTINUOUS
10
6.3139571259842517
20
-4.4119825196850391
11
6.3163990551181097
21
-4.4119825196850391
0
LINE
8
BLACK
6
CONTINUOUS
10
6.3163990551181097
20
-4.4119825196850391
11
6.317478031496063
21
-4.4114430314960629
0
LINE
8
BLACK
6
CONTINUOUS
10
6.317478031496063
20
-4.4114430314960629
11
6.3179568503937009
21
-4.4109641732283462
0
LINE
8
BLACK
6
CONTINUOUS
10
6.3179568503937009
20
-4.4109641732283462
11
6.3184964173228346
21
-4.4098850787401576
0
LINE
8
BLACK
6
CONTINUOUS
10
6.3184964173228346
20
-4.4098850787401576
11
6.3184964173228346
21
-4.4096929133858263
0
LINE
8
BLACK
6
CONTINUOUS
10
6.3184964173228346
20
-4.4096929133858263
11
6.3179568897637797
21
-4.4086138976377951
0
LINE
8
BLACK
6
CONTINUOUS
10
6.3179568897637797
20
-4.4086138976377951
11
6.3174780708661418
21
-4.4081350393700784
0
LINE
8
BLACK
6
CONTINUOUS
10
6.3174780708661418
20
-4.4081350393700784
11
6.3163990551181097
21
-4.4075955511811022
0
LINE
8
BLACK
6
CONTINUOUS
10
6.3163990551181097
20
-4.4075955511811022
11
6.3139571259842517
21
-4.4075955511811022
0
LINE
8
BLACK
6
CONTINUOUS
10
6.3139571259842517
20
-4.4075955511811022
11
6.3128780314960631
21
-4.4081350787401572
0
LINE
8
BLACK
6
CONTINUOUS
10
6.3302843700787399
20
-4.4053232677165353
11
6.3306281889763776
21
-4.4053232677165353
0
LINE
8
BLACK
6
CONTINUOUS
10
6.3306281889763776
20
-4.4053232677165353
11
6.330714133858268
21
-4.4054092125984248
0
LINE
8
BLACK
6
CONTINUOUS
10
6.330714133858268
20
-4.4054092125984248
11
6.3308333464566928
21
-4.4054330708661418
0
LINE
8
BLACK
6
CONTINUOUS
10
6.3308333464566928
20
-4.4054330708661418
11
6.3311588976377955
21
-4.4057592913385824
0
LINE
8
BLACK
6
CONTINUOUS
10
6.3311588976377955
20
-4.4057592913385824
11
6.3325939370078741
21
-4.4079117716535432
0
LINE
8
BLACK
6
CONTINUOUS
10
6.3325939370078741
20
-4.4079117716535432
11
6.3338754330708662
21
-4.4091932677165353
0
LINE
8
BLACK
6
CONTINUOUS
10
6.3338754330708662
20
-4.4091932677165353
11
6.3352038582677164
21
-4.4098574803149608
0
LINE
8
BLACK
6
CONTINUOUS
10
6.3352038582677164
20
-4.4098574803149608
11
6.3355679133858267
21
-4.4101400787401577
0
LINE
8
BLACK
6
CONTINUOUS
10
6.3355679133858267
20
-4.4101400787401577
11
6.3358537795275591
21
-4.4109975984251966
0
LINE
8
BLACK
6
CONTINUOUS
10
6.3358537795275591
20
-4.4109975984251966
11
6.3354494488188973
21
-4.4118061811023619
0
LINE
8
BLACK
6
CONTINUOUS
10
6.3354494488188973
20
-4.4118061811023619
11
6.3345919291338584
21
-4.4120920472440943
0
LINE
8
BLACK
6
CONTINUOUS
10
6.3345919291338584
20
-4.4120920472440943
11
6.3341474409448821
21
-4.4119703149606302
0
LINE
8
BLACK
6
CONTINUOUS
10
6.3341474409448821
20
-4.4119703149606302
11
6.3326475984251971
21
-4.4112203937007877
0
LINE
8
BLACK
6
CONTINUOUS
10
6.3326475984251971
20
-4.4112203937007877
11
6.3324979921259841
21
-4.4111042519685038
0
LINE
8
BLACK
6
CONTINUOUS
10
6.3324979921259841
20
-4.4111042519685038
11
6.3323406299212595
21
-4.4109991338582679
0
LINE
8
BLACK
6
CONTINUOUS
10
6.3323406299212595
20
-4.4109991338582679
11
6.3313572834645671
21
-4.4100157480314959
0
LINE
8
BLACK
6
CONTINUOUS
10
6.3313572834645671
20
-4.4100157480314959
11
6.3313572834645671
21
-4.4209813779527556
0
LINE
8
BLACK
6
CONTINUOUS
10
6.3313572834645671
20
-4.4209813779527556
11
6.3346756299212599
21
-4.4209813779527556
0
LINE
8
BLACK
6
CONTINUOUS
10
6.3346756299212599
20
-4.4209813779527556
11
6.3351276377952752
21
-4.4210712992125982
0
LINE
8
BLACK
6
CONTINUOUS
10
6.3351276377952752
20
-4.4210712992125982
11
6.335766811023622
21
-4.4217104724409451
0
LINE
8
BLACK
6
CONTINUOUS
10
6.335766811023622
20
-4.4217104724409451
11
6.335766811023622
21
-4.4226144881889766
0
LINE
8
BLACK
6
CONTINUOUS
10
6.335766811023622
20
-4.4226144881889766
11
6.3351276377952752
21
-4.4232536614173226
0
LINE
8
BLACK
6
CONTINUOUS
10
6.3351276377952752
20
-4.4232536614173226
11
6.3346756299212599
21
-4.4233435826771652
0
LINE
8
BLACK
6
CONTINUOUS
10
6.3346756299212599
20
-4.4233435826771652
11
6.3256767716535434
21
-4.4233435826771652
0
LINE
8
BLACK
6
CONTINUOUS
10
6.3256767716535434
20
-4.4233435826771652
11
6.3252247637795271
21
-4.4232536614173226
0
LINE
8
BLACK
6
CONTINUOUS
10
6.3252247637795271
20
-4.4232536614173226
11
6.3245855905511812
21
-4.4226144881889766
0
LINE
8
BLACK
6
CONTINUOUS
10
6.3245855905511812
20
-4.4226144881889766
11
6.3245855905511812
21
-4.4217104724409451
0
LINE
8
BLACK
6
CONTINUOUS
10
6.3245855905511812
20
-4.4217104724409451
11
6.3252247637795271
21
-4.4210712992125982
0
LINE
8
BLACK
6
CONTINUOUS
10
6.3252247637795271
20
-4.4210712992125982
11
6.3256767716535434
21
-4.4209813779527556
0
LINE
8
BLACK
6
CONTINUOUS
10
6.3256767716535434
20
-4.4209813779527556
11
6.3289950787401574
21
-4.4209813779527556
0
LINE
8
BLACK
6
CONTINUOUS
10
6.3289950787401574
20
-4.4209813779527556
11
6.3289950787401574
21
-4.4064144488188974
0
LINE
8
BLACK
6
CONTINUOUS
10
6.3289950787401574
20
-4.4064144488188974
11
6.3290850000000001
21
-4.4059624409448821
0
LINE
8
BLACK
6
CONTINUOUS
10
6.3290850000000001
20
-4.4059624409448821
11
6.3291709448818896
21
-4.4058764566929129
0
LINE
8
BLACK
6
CONTINUOUS
10
6.3291709448818896
20
-4.4058764566929129
11
6.3291948031496066
21
-4.4057572834645669
0
LINE
8
BLACK
6
CONTINUOUS
10
6.3291948031496066
20
-4.4057572834645669
11
6.3294809055118106
21
-4.4055664960629919
0
LINE
8
BLACK
6
CONTINUOUS
10
6.3294809055118106
20
-4.4055664960629919
11
6.329724173228346
21
-4.4053232677165353
0
LINE
8
BLACK
6
CONTINUOUS
10
6.329724173228346
20
-4.4053232677165353
11
6.329845748031496
21
-4.4053232677165353
0
LINE
8
BLACK
6
CONTINUOUS
10
6.329845748031496
20
-4.4053232677165353
11
6.3299469685039371
21
-4.4052557874015745
0
LINE
8
BLACK
6
CONTINUOUS
10
6.3299469685039371
20
-4.4052557874015745
11
6.3302843700787399
21
-4.4053232677165353
0
LINE
8
BLACK
6
CONTINUOUS
10
6.3453601968503932
20
-4.4052703149606298
11
6.3455478346456688
21
-4.4052939763779531
0
LINE
8
BLACK
6
CONTINUOUS
10
6.3455478346456688
20
-4.4052939763779531
11
6.3477975590551177
21
-4.4060438976377956
0
LINE
8
BLACK
6
CONTINUOUS
10
6.3477975590551177
20
-4.4060438976377956
11
6.3478489370078739
21
-4.4060731889763778
0
LINE
8
BLACK
6
CONTINUOUS
10
6.3478489370078739
20
-4.4060731889763778
11
6.3478760236220468
21
-4.4060731889763778
0
LINE
8
BLACK
6
CONTINUOUS
10
6.3478760236220468
20
-4.4060731889763778
11
6.3480334251968502
21
-4.4061783464566924
0
LINE
8
BLACK
6
CONTINUOUS
10
6.3480334251968502
20
-4.4061783464566924
11
6.3481979133858264
21
-4.4062721259842519
0
LINE
8
BLACK
6
CONTINUOUS
10
6.3481979133858264
20
-4.4062721259842519
11
6.3482099999999999
21
-4.4062963385826768
0
LINE
8
BLACK
6
CONTINUOUS
10
6.3482099999999999
20
-4.4062963385826768
11
6.3482592125984247
21
-4.4063292125984255
0
LINE
8
BLACK
6
CONTINUOUS
10
6.3482592125984247
20
-4.4063292125984255
11
6.349759015748031
21
-4.407828976377953
0
LINE
8
BLACK
6
CONTINUOUS
10
6.349759015748031
20
-4.407828976377953
11
6.3498641338582678
21
-4.4079863385826767
0
LINE
8
BLACK
6
CONTINUOUS
10
6.3498641338582678
20
-4.4079863385826767
11
6.3499802755905508
21
-4.4081359842519685
0
LINE
8
BLACK
6
CONTINUOUS
10
6.3499802755905508
20
-4.4081359842519685
11
6.3507301574803146
21
-4.4096357874015748
0
LINE
8
BLACK
6
CONTINUOUS
10
6.3507301574803146
20
-4.4096357874015748
11
6.3507642913385824
21
-4.409760551181102
0
LINE
8
BLACK
6
CONTINUOUS
10
6.3507642913385824
20
-4.409760551181102
11
6.3508195669291334
21
-4.4098775196850388
0
LINE
8
BLACK
6
CONTINUOUS
10
6.3508195669291334
20
-4.4098775196850388
11
6.3515694881889759
21
-4.4128771653543302
0
LINE
8
BLACK
6
CONTINUOUS
10
6.3515694881889759
20
-4.4128771653543302
11
6.3515764960629921
21
-4.4130216141732284
0
LINE
8
BLACK
6
CONTINUOUS
10
6.3515764960629921
20
-4.4130216141732284
11
6.3516047637795277
21
-4.4131636220472439
0
LINE
8
BLACK
6
CONTINUOUS
10
6.3516047637795277
20
-4.4131636220472439
11
6.3516047637795277
21
-4.4154133464566927
0
LINE
8
BLACK
6
CONTINUOUS
10
6.3516047637795277
20
-4.4154133464566927
11
6.3515764960629921
21
-4.4155553149606295
0
LINE
8
BLACK
6
CONTINUOUS
10
6.3515764960629921
20
-4.4155553149606295
11
6.3515694881889759
21
-4.4156998031496064
0
LINE
8
BLACK
6
CONTINUOUS
10
6.3515694881889759
20
-4.4156998031496064
11
6.3508195669291334
21
-4.418699409448819
0
LINE
8
BLACK
6
CONTINUOUS
10
6.3508195669291334
20
-4.418699409448819
11
6.3507642913385824
21
-4.4188163385826771
0
LINE
8
BLACK
6
CONTINUOUS
10
6.3507642913385824
20
-4.4188163385826771
11
6.3507301574803146
21
-4.418941141732283
0
LINE
8
BLACK
6
CONTINUOUS
10
6.3507301574803146
20
-4.418941141732283
11
6.3499802755905508
21
-4.4204409448818893
0
LINE
8
BLACK
6
CONTINUOUS
10
6.3499802755905508
20
-4.4204409448818893
11
6.3498640157480315
21
-4.4205906692913386
0
LINE
8
BLACK
6
CONTINUOUS
10
6.3498640157480315
20
-4.4205906692913386
11
6.349759015748031
21
-4.420747913385827
0
LINE
8
BLACK
6
CONTINUOUS
10
6.349759015748031
20
-4.420747913385827
11
6.3482592125984247
21
-4.422247755905512
0
LINE
8
BLACK
6
CONTINUOUS
10
6.3482592125984247
20
-4.422247755905512
11
6.3482099999999999
21
-4.4222805905511811
0
LINE
8
BLACK
6
CONTINUOUS
10
6.3482099999999999
20
-4.4222805905511811
11
6.3481979133858264
21
-4.4223048425196847
0
LINE
8
BLACK
6
CONTINUOUS
10
6.3481979133858264
20
-4.4223048425196847
11
6.3480332677165352
21
-4.4223987007874017
0
LINE
8
BLACK
6
CONTINUOUS
10
6.3480332677165352
20
-4.4223987007874017
11
6.3478760236220468
21
-4.4225037795275588
0
LINE
8
BLACK
6
CONTINUOUS
10
6.3478760236220468
20
-4.4225037795275588
11
6.3478489763779526
21
-4.4225037795275588
0
LINE
8
BLACK
6
CONTINUOUS
10
6.3478489763779526
20
-4.4225037795275588
11
6.3477975590551177
21
-4.4225331102362206
0
LINE
8
BLACK
6
CONTINUOUS
10
6.3477975590551177
20
-4.4225331102362206
11
6.3455478346456688
21
-4.4232829921259844
0
LINE
8
BLACK
6
CONTINUOUS
10
6.3455478346456688
20
-4.4232829921259844
11
6.3453599212598419
21
-4.4233066535433068
0
LINE
8
BLACK
6
CONTINUOUS
10
6.3453599212598419
20
-4.4233066535433068
11
6.3451743307086614
21
-4.4233435826771652
0
LINE
8
BLACK
6
CONTINUOUS
10
6.3451743307086614
20
-4.4233435826771652
11
6.3436744881889764
21
-4.4233435826771652
0
LINE
8
BLACK
6
CONTINUOUS
10
6.3436744881889764
20
-4.4233435826771652
11
6.3434888582677162
21
-4.4233066535433068
0
LINE
8
BLACK
6
CONTINUOUS
10
6.3434888582677162
20
-4.4233066535433068
11
6.3433009842519681
21
-4.4232829921259844
0
LINE
8
BLACK
6
CONTINUOUS
10
6.3433009842519681
20
-4.4232829921259844
11
6.341051299212598
21
-4.4225331102362206
0
LINE
8
BLACK
6
CONTINUOUS
10
6.341051299212598
20
-4.4225331102362206
11
6.3409999212598427
21
-4.4225038188976376
0
LINE
8
BLACK
6
CONTINUOUS
10
6.3409999212598427
20
-4.4225038188976376
11
6.3409728346456689
21
-4.4225038188976376
0
LINE
8
BLACK
6
CONTINUOUS
10
6.3409728346456689
20
-4.4225038188976376
11
6.3408153149606301
21
-4.4223985433070867
0
LINE
8
BLACK
6
CONTINUOUS
10
6.3408153149606301
20
-4.4223985433070867
11
6.3406509448818893
21
-4.4223048425196847
0
LINE
8
BLACK
6
CONTINUOUS
10
6.3406509448818893
20
-4.4223048425196847
11
6.3406388188976379
21
-4.4222805905511811
0
LINE
8
BLACK
6
CONTINUOUS
10
6.3406388188976379
20
-4.4222805905511811
11
6.340589645669291
21
-4.422247755905512
0
LINE
8
BLACK
6
CONTINUOUS
10
6.340589645669291
20
-4.422247755905512
11
6.3398397244094484
21
-4.4214978346456695
0
LINE
8
BLACK
6
CONTINUOUS
10
6.3398397244094484
20
-4.4214978346456695
11
6.3395837007874016
21
-4.4211146456692916
0
LINE
8
BLACK
6
CONTINUOUS
10
6.3395837007874016
20
-4.4211146456692916
11
6.3395837007874016
21
-4.4202107086614175
0
LINE
8
BLACK
6
CONTINUOUS
10
6.3395837007874016
20
-4.4202107086614175
11
6.3402229133858263
21
-4.4195714960629919
0
LINE
8
BLACK
6
CONTINUOUS
10
6.3402229133858263
20
-4.4195714960629919
11
6.3411268503937004
21
-4.4195714960629919
0
LINE
8
BLACK
6
CONTINUOUS
10
6.3411268503937004
20
-4.4195714960629919
11
6.3415100393700783
21
-4.4198275196850396
0
LINE
8
BLACK
6
CONTINUOUS
10
6.3415100393700783
20
-4.4198275196850396
11
6.3420627165354331
21
-4.4203801968503935
0
LINE
8
BLACK
6
CONTINUOUS
10
6.3420627165354331
20
-4.4203801968503935
11
6.3438662204724405
21
-4.4209813779527556
0
LINE
8
BLACK
6
CONTINUOUS
10
6.3438662204724405
20
-4.4209813779527556
11
6.3449825984251964
21
-4.4209813779527556
0
LINE
8
BLACK
6
CONTINUOUS
10
6.3449825984251964
20
-4.4209813779527556
11
6.346786062992126
21
-4.4203802362204723
0
LINE
8
BLACK
6
CONTINUOUS
10
6.346786062992126
20
-4.4203802362204723
11
6.3479531496062993
21
-4.4192130708661415
0
LINE
8
BLACK
6
CONTINUOUS
10
6.3479531496062993
20
-4.4192130708661415
11
6.3485593700787399
21
-4.4180006692913381
0
LINE
8
BLACK
6
CONTINUOUS
10
6.3485593700787399
20
-4.4180006692913381
11
6.349242559055118
21
-4.4152679527559053
0
LINE
8
BLACK
6
CONTINUOUS
10
6.349242559055118
20
-4.4152679527559053
11
6.349242559055118
21
-4.4133089763779525
0
LINE
8
BLACK
6
CONTINUOUS
10
6.349242559055118
20
-4.4133089763779525
11
6.3485593307086612
21
-4.410576220472441
0
LINE
8
BLACK
6
CONTINUOUS
10
6.3485593307086612
20
-4.410576220472441
11
6.3479531496062993
21
-4.4093638188976376
0
LINE
8
BLACK
6
CONTINUOUS
10
6.3479531496062993
20
-4.4093638188976376
11
6.3467860236220472
21
-4.4081966535433068
0
LINE
8
BLACK
6
CONTINUOUS
10
6.3467860236220472
20
-4.4081966535433068
11
6.3449827165354327
21
-4.4075955511811022
0
LINE
8
BLACK
6
CONTINUOUS
10
6.3449827165354327
20
-4.4075955511811022
11
6.3438661023622043
21
-4.4075955511811022
0
LINE
8
BLACK
6
CONTINUOUS
10
6.3438661023622043
20
-4.4075955511811022
11
6.3420627952755906
21
-4.4081966535433068
0
LINE
8
BLACK
6
CONTINUOUS
10
6.3420627952755906
20
-4.4081966535433068
11
6.3415100393700783
21
-4.4087494488188979
0
LINE
8
BLACK
6
CONTINUOUS
10
6.3415100393700783
20
-4.4087494488188979
11
6.3411268110236216
21
-4.4090054724409447
0
LINE
8
BLACK
6
CONTINUOUS
10
6.3411268110236216
20
-4.4090054724409447
11
6.3402228740157476
21
-4.4090054330708659
0
LINE
8
BLACK
6
CONTINUOUS
10
6.3402228740157476
20
-4.4090054330708659
11
6.3395836614173229
21
-4.4083661811023624
0
LINE
8
BLACK
6
CONTINUOUS
10
6.3395836614173229
20
-4.4083661811023624
11
6.3395837007874016
21
-4.4074622440944884
0
LINE
8
BLACK
6
CONTINUOUS
10
6.3395837007874016
20
-4.4074622440944884
11
6.3398397244094484
21
-4.4070790551181105
0
LINE
8
BLACK
6
CONTINUOUS
10
6.3398397244094484
20
-4.4070790551181105
11
6.340589645669291
21
-4.4063291732283467
0
LINE
8
BLACK
6
CONTINUOUS
10
6.340589645669291
20
-4.4063291732283467
11
6.3406387795275592
21
-4.406296299212598
0
LINE
8
BLACK
6
CONTINUOUS
10
6.3406387795275592
20
-4.406296299212598
11
6.3406509055118105
21
-4.4062721259842519
0
LINE
8
BLACK
6
CONTINUOUS
10
6.3406509055118105
20
-4.4062721259842519
11
6.3408152755905514
21
-4.4061783858267711
0
LINE
8
BLACK
6
CONTINUOUS
10
6.3408152755905514
20
-4.4061783858267711
11
6.3409728740157476
21
-4.406073149606299
0
LINE
8
BLACK
6
CONTINUOUS
10
6.3409728740157476
20
-4.406073149606299
11
6.3409999606299214
21
-4.406073149606299
0
LINE
8
BLACK
6
CONTINUOUS
10
6.3409999606299214
20
-4.406073149606299
11
6.341051299212598
21
-4.4060438976377956
0
LINE
8
BLACK
6
CONTINUOUS
10
6.341051299212598
20
-4.4060438976377956
11
6.3433009842519681
21
-4.4052939763779531
0
LINE
8
BLACK
6
CONTINUOUS
10
6.3433009842519681
20
-4.4052939763779531
11
6.343488582677165
21
-4.4052703149606298
0
LINE
8
BLACK
6
CONTINUOUS
10
6.343488582677165
20
-4.4052703149606298
11
6.3436744881889764
21
-4.4052333464566926
0
LINE
8
BLACK
6
CONTINUOUS
10
6.3436744881889764
20
-4.4052333464566926
11
6.3451743307086614
21
-4.4052333464566926
0
LINE
8
BLACK
6
CONTINUOUS
10
6.3451743307086614
20
-4.4052333464566926
11
6.3453601968503932
21
-4.4052703149606298
0
LINE
8
BLACK
6
CONTINUOUS
10
6.3628005511811025
20
-4.3974333070866143
11
6.363865905511811
21
-4.3984986614173227
0
LINE
8
BLACK
6
CONTINUOUS
10
6.363865905511811
20
-4.3984986614173227
11
6.3640157480314956
21
-4.3992519685039371
0
LINE
8
BLACK
6
CONTINUOUS
10
6.3640157480314956
20
-4.3992519685039371
11
6.3640157480314956
21
-4.430748031496063
0
LINE
8
BLACK
6
CONTINUOUS
10
6.3640157480314956
20
-4.430748031496063
11
6.363865905511811
21
-4.4315013385826774
0
LINE
8
BLACK
6
CONTINUOUS
10
6.363865905511811
20
-4.4315013385826774
11
6.3628005511811025
21
-4.4325666929133858
0
LINE
8
BLACK
6
CONTINUOUS
10
6.3628005511811025
20
-4.4325666929133858
11
6.3620472440944882
21
-4.4327165354330704
0
LINE
8
BLACK
6
CONTINUOUS
10
6.3620472440944882
20
-4.4327165354330704
11
6.2990551181102363
21
-4.4327165354330704
0
LINE
8
BLACK
6
CONTINUOUS
10
6.2990551181102363
20
-4.4327165354330704
11
6.298301811023622
21
-4.4325666929133858
0
LINE
8
BLACK
6
CONTINUOUS
10
6.298301811023622
20
-4.4325666929133858
11
6.2972364566929135
21
-4.4315013385826774
0
LINE
8
BLACK
6
CONTINUOUS
10
6.2972364566929135
20
-4.4315013385826774
11
6.297086614173228
21
-4.430748031496063
0
LINE
8
BLACK
6
CONTINUOUS
10
6.297086614173228
20
-4.430748031496063
11
6.297086614173228
21
-4.3992519685039371
0
LINE
8
BLACK
6
CONTINUOUS
10
6.297086614173228
20
-4.3992519685039371
11
6.2972364566929135
21
-4.3984986614173227
0
LINE
8
BLACK
6
CONTINUOUS
10
6.2972364566929135
20
-4.3984986614173227
11
6.298301811023622
21
-4.3974333070866143
0
LINE
8
BLACK
6
CONTINUOUS
10
6.298301811023622
20
-4.3974333070866143
11
6.2990551181102363
21
-4.3972834645669288
0
LINE
8
BLACK
6
CONTINUOUS
10
6.2990551181102363
20
-4.3972834645669288
11
6.3620472440944882
21
-4.3972834645669288
0
LINE
8
BLACK
6
CONTINUOUS
10
6.3620472440944882
20
-4.3972834645669288
11
6.3628005511811025
21
-4.3974333070866143
0
LINE
8
BLACK
6
CONTINUOUS
10
6.3010236220472438
20
-4.4012204724409445
11
6.3010236220472438
21
-4.4287795275590547
0
LINE
8
BLACK
6
CONTINUOUS
10
6.3010236220472438
20
-4.4287795275590547
11
6.3600787401574799
21
-4.4287795275590547
0
LINE
8
BLACK
6
CONTINUOUS
10
6.3600787401574799
20
-4.4287795275590547
11
6.3600787401574799
21
-4.4012204724409445
0
LINE
8
BLACK
6
CONTINUOUS
10
6.3600787401574799
20
-4.4012204724409445
11
6.3010236220472438
21
-4.4012204724409445
0
LINE
8
BLACK
6
CONTINUOUS
10
5.7478982677165353
20
-4.3702448818897635
11
5.7479239370078741
21
-4.3702363385826768
0
LINE
8
BLACK
6
CONTINUOUS
10
5.7479239370078741
20
-4.3702363385826768
11
5.7481064566929136
21
-4.3702862992125979
0
LINE
8
BLACK
6
CONTINUOUS
10
5.7481064566929136
20
-4.3702862992125979
11
5.7482922440944879
21
-4.3703232677165351
0
LINE
8
BLACK
6
CONTINUOUS
10
5.7482922440944879
20
-4.3703232677165351
11
5.7483113779527555
21
-4.3703424015748027
0
LINE
8
BLACK
6
CONTINUOUS
10
5.7483113779527555
20
-4.3703424015748027
11
5.7483684645669291
21
-4.3703580314960631
0
LINE
8
BLACK
6
CONTINUOUS
10
5.7483684645669291
20
-4.3703580314960631
11
5.7498682677165354
21
-4.3711079527559056
0
LINE
8
BLACK
6
CONTINUOUS
10
5.7498682677165354
20
-4.3711079527559056
11
5.7500177165354334
21
-4.3712239763779523
0
LINE
8
BLACK
6
CONTINUOUS
10
5.7500177165354334
20
-4.3712239763779523
11
5.7501751968503934
21
-4.3713291732283466
0
LINE
8
BLACK
6
CONTINUOUS
10
5.7501751968503934
20
-4.3713291732283466
11
5.7509250787401571
21
-4.3720790551181103
0
LINE
8
BLACK
6
CONTINUOUS
10
5.7509250787401571
20
-4.3720790551181103
11
5.7511811417322836
21
-4.3724622440944882
0
LINE
8
BLACK
6
CONTINUOUS
10
5.7511811417322836
20
-4.3724622440944882
11
5.7511811811023623
21
-4.3733661811023623
0
LINE
8
BLACK
6
CONTINUOUS
10
5.7511811811023623
20
-4.3733661811023623
11
5.750541929133858
21
-4.3740054330708658
0
LINE
8
BLACK
6
CONTINUOUS
10
5.750541929133858
20
-4.3740054330708658
11
5.7496380314960627
21
-4.3740054724409445
0
LINE
8
BLACK
6
CONTINUOUS
10
5.7496380314960627
20
-4.3740054724409445
11
5.749254803149606
21
-4.3737494488188977
0
LINE
8
BLACK
6
CONTINUOUS
10
5.749254803149606
20
-4.3737494488188977
11
5.7486403543307087
21
-4.3731350393700783
0
LINE
8
BLACK
6
CONTINUOUS
10
5.7486403543307087
20
-4.3731350393700783
11
5.7475613779527555
21
-4.3725955511811021
0
LINE
8
BLACK
6
CONTINUOUS
10
5.7475613779527555
20
-4.3725955511811021
11
5.7443695669291337
21
-4.3725955511811021
0
LINE
8
BLACK
6
CONTINUOUS
10
5.7443695669291337
20
-4.3725955511811021
11
5.743290472440945
21
-4.3731350787401571
0
LINE
8
BLACK
6
CONTINUOUS
10
5.743290472440945
20
-4.3731350787401571
11
5.7428116535433071
21
-4.373613897637795
0
LINE
8
BLACK
6
CONTINUOUS
10
5.7428116535433071
20
-4.373613897637795
11
5.7422722047244097
21
-4.3746928740157482
0
LINE
8
BLACK
6
CONTINUOUS
10
5.7422722047244097
20
-4.3746928740157482
11
5.7422722047244097
21
-4.3757221653543308
0
LINE
8
BLACK
6
CONTINUOUS
10
5.7422722047244097
20
-4.3757221653543308
11
5.7428733070866143
21
-4.3775256299212595
0
LINE
8
BLACK
6
CONTINUOUS
10
5.7428733070866143
20
-4.3775256299212595
11
5.7516750393700784
21
-4.3863273228346458
0
LINE
8
BLACK
6
CONTINUOUS
10
5.7516750393700784
20
-4.3863273228346458
11
5.7519309448818898
21
-4.3867103543307087
0
LINE
8
BLACK
6
CONTINUOUS
10
5.7519309448818898
20
-4.3867103543307087
11
5.7519310629921261
21
-4.3867104724409449
0
LINE
8
BLACK
6
CONTINUOUS
10
5.7519310629921261
20
-4.3867104724409449
11
5.7519310629921261
21
-4.3867105118110237
0
LINE
8
BLACK
6
CONTINUOUS
10
5.7519310629921261
20
-4.3867105118110237
11
5.7519311023622048
21
-4.3876144488188977
0
LINE
8
BLACK
6
CONTINUOUS
10
5.7519311023622048
20
-4.3876144488188977
11
5.7519310629921261
21
-4.3876144488188977
0
LINE
8
BLACK
6
CONTINUOUS
10
5.7519310629921261
20
-4.3876144488188977
11
5.7519310629921261
21
-4.3876144881889765
0
LINE
8
BLACK
6
CONTINUOUS
10
5.7519310629921261
20
-4.3876144881889765
11
5.7512918897637793
21
-4.3882536614173224
0
LINE
8
BLACK
6
CONTINUOUS
10
5.7512918897637793
20
-4.3882536614173224
11
5.7508398818897639
21
-4.3883435826771651
0
LINE
8
BLACK
6
CONTINUOUS
10
5.7508398818897639
20
-4.3883435826771651
11
5.7410911023622049
21
-4.3883435826771651
0
LINE
8
BLACK
6
CONTINUOUS
10
5.7410911023622049
20
-4.3883435826771651
11
5.7406390944881887
21
-4.3882536614173224
0
LINE
8
BLACK
6
CONTINUOUS
10
5.7406390944881887
20
-4.3882536614173224
11
5.7399999212598427
21
-4.3876144881889765
0
LINE
8
BLACK
6
CONTINUOUS
10
5.7399999212598427
20
-4.3876144881889765
11
5.7399999212598427
21
-4.3867104724409449
0
LINE
8
BLACK
6
CONTINUOUS
10
5.7399999212598427
20
-4.3867104724409449
11
5.7406390944881887
21
-4.3860712992125981
0
LINE
8
BLACK
6
CONTINUOUS
10
5.7406390944881887
20
-4.3860712992125981
11
5.7410911023622049
21
-4.3859813779527554
0
LINE
8
BLACK
6
CONTINUOUS
10
5.7410911023622049
20
-4.3859813779527554
11
5.7479884645669292
21
-4.3859813779527554
0
LINE
8
BLACK
6
CONTINUOUS
10
5.7479884645669292
20
-4.3859813779527554
11
5.7410058267716533
21
-4.3789987795275591
0
LINE
8
BLACK
6
CONTINUOUS
10
5.7410058267716533
20
-4.3789987795275591
11
5.7409729527559055
21
-4.3789495669291334
0
LINE
8
BLACK
6
CONTINUOUS
10
5.7409729527559055
20
-4.3789495669291334
11
5.7409487401574806
21
-4.3789374803149608
0
LINE
8
BLACK
6
CONTINUOUS
10
5.7409487401574806
20
-4.3789374803149608
11
5.7408548425196848
21
-4.3787728346456696
0
LINE
8
BLACK
6
CONTINUOUS
10
5.7408548425196848
20
-4.3787728346456696
11
5.7407498031496065
21
-4.3786155905511812
0
LINE
8
BLACK
6
CONTINUOUS
10
5.7407498031496065
20
-4.3786155905511812
11
5.7407498031496065
21
-4.3785885433070861
0
LINE
8
BLACK
6
CONTINUOUS
10
5.7407498031496065
20
-4.3785885433070861
11
5.7407204724409446
21
-4.378537125984252
0
LINE
8
BLACK
6
CONTINUOUS
10
5.7407204724409446
20
-4.378537125984252
11
5.7399705905511809
21
-4.3762874015748032
0
LINE
8
BLACK
6
CONTINUOUS
10
5.7399705905511809
20
-4.3762874015748032
11
5.7399468897637798
21
-4.3760994881889763
0
LINE
8
BLACK
6
CONTINUOUS
10
5.7399468897637798
20
-4.3760994881889763
11
5.7399100000000001
21
-4.3759138976377949
0
LINE
8
BLACK
6
CONTINUOUS
10
5.7399100000000001
20
-4.3759138976377949
11
5.7399100000000001
21
-4.3744140944881886
0
LINE
8
BLACK
6
CONTINUOUS
10
5.7399100000000001
20
-4.3744140944881886
11
5.739921535433071
21
-4.3743560629921259
0
LINE
8
BLACK
6
CONTINUOUS
10
5.739921535433071
20
-4.3743560629921259
11
5.7399129921259844
21
-4.3743304330708659
0
LINE
8
BLACK
6
CONTINUOUS
10
5.7399129921259844
20
-4.3743304330708659
11
5.7399629133858268
21
-4.3741479527559051
0
LINE
8
BLACK
6
CONTINUOUS
10
5.7399629133858268
20
-4.3741479527559051
11
5.7399999212598427
21
-4.3739620866141733
0
LINE
8
BLACK
6
CONTINUOUS
10
5.7399999212598427
20
-4.3739620866141733
11
5.7400190551181103
21
-4.373942913385827
0
LINE
8
BLACK
6
CONTINUOUS
10
5.7400190551181103
20
-4.373942913385827
11
5.7400346850393698
21
-4.3738859055118109
0
LINE
8
BLACK
6
CONTINUOUS
10
5.7400346850393698
20
-4.3738859055118109
11
5.7407845669291335
21
-4.3723860629921258
0
LINE
8
BLACK
6
CONTINUOUS
10
5.7407845669291335
20
-4.3723860629921258
11
5.7409005118110237
21
-4.3722366535433066
0
LINE
8
BLACK
6
CONTINUOUS
10
5.7409005118110237
20
-4.3722366535433066
11
5.7410058267716533
21
-4.3720790551181103
0
LINE
8
BLACK
6
CONTINUOUS
10
5.7410058267716533
20
-4.3720790551181103
11
5.7417557480314958
21
-4.3713291732283466
0
LINE
8
BLACK
6
CONTINUOUS
10
5.7417557480314958
20
-4.3713291732283466
11
5.7419131889763779
21
-4.3712239763779523
0
LINE
8
BLACK
6
CONTINUOUS
10
5.7419131889763779
20
-4.3712239763779523
11
5.7420626771653538
21
-4.3711079527559056
0
LINE
8
BLACK
6
CONTINUOUS
10
5.7420626771653538
20
-4.3711079527559056
11
5.7435625196850388
21
-4.3703580314960631
0
LINE
8
BLACK
6
CONTINUOUS
10
5.7435625196850388
20
-4.3703580314960631
11
5.7436195275590549
21
-4.3703424015748027
0
LINE
8
BLACK
6
CONTINUOUS
10
5.7436195275590549
20
-4.3703424015748027
11
5.7436387007874012
21
-4.3703232677165351
0
LINE
8
BLACK
6
CONTINUOUS
10
5.7436387007874012
20
-4.3703232677165351
11
5.7438241732283464
21
-4.3702863385826767
0
LINE
8
BLACK
6
CONTINUOUS
10
5.7438241732283464
20
-4.3702863385826767
11
5.744007007874016
21
-4.370236299212598
0
LINE
8
BLACK
6
CONTINUOUS
10
5.744007007874016
20
-4.370236299212598
11
5.7440327165354326
21
-4.3702448425196847
0
LINE
8
BLACK
6
CONTINUOUS
10
5.7440327165354326
20
-4.3702448425196847
11
5.7440907086614175
21
-4.3702333464566925
0
LINE
8
BLACK
6
CONTINUOUS
10
5.7440907086614175
20
-4.3702333464566925
11
5.7478402362204726
21
-4.3702333464566925
0
LINE
8
BLACK
6
CONTINUOUS
10
5.7478402362204726
20
-4.3702333464566925
11
5.7478982677165353
21
-4.3702448818897635
0
LINE
8
BLACK
6
CONTINUOUS
10
5.7607745275590547
20
-4.3702703149606297
11
5.7609621653543304
21
-4.3702939763779529
0
LINE
8
BLACK
6
CONTINUOUS
10
5.7609621653543304
20
-4.3702939763779529
11
5.7632118897637792
21
-4.3710438976377954
0
LINE
8
BLACK
6
CONTINUOUS
10
5.7632118897637792
20
-4.3710438976377954
11
5.7632632677165354
21
-4.3710731889763776
0
LINE
8
BLACK
6
CONTINUOUS
10
5.7632632677165354
20
-4.3710731889763776
11
5.7632903543307084
21
-4.3710731889763776
0
LINE
8
BLACK
6
CONTINUOUS
10
5.7632903543307084
20
-4.3710731889763776
11
5.7634477559055117
21
-4.3711783464566931
0
LINE
8
BLACK
6
CONTINUOUS
10
5.7634477559055117
20
-4.3711783464566931
11
5.7636122440944879
21
-4.3712721259842517
0
LINE
8
BLACK
6
CONTINUOUS
10
5.7636122440944879
20
-4.3712721259842517
11
5.7636243307086614
21
-4.3712963385826766
0
LINE
8
BLACK
6
CONTINUOUS
10
5.7636243307086614
20
-4.3712963385826766
11
5.7636735433070863
21
-4.3713292125984253
0
LINE
8
BLACK
6
CONTINUOUS
10
5.7636735433070863
20
-4.3713292125984253
11
5.7651733464566925
21
-4.3728289763779529
0
LINE
8
BLACK
6
CONTINUOUS
10
5.7651733464566925
20
-4.3728289763779529
11
5.7652784645669293
21
-4.3729863385826775
0
LINE
8
BLACK
6
CONTINUOUS
10
5.7652784645669293
20
-4.3729863385826775
11
5.7653946062992123
21
-4.3731359842519684
0
LINE
8
BLACK
6
CONTINUOUS
10
5.7653946062992123
20
-4.3731359842519684
11
5.7661444881889761
21
-4.3746357874015747
0
LINE
8
BLACK
6
CONTINUOUS
10
5.7661444881889761
20
-4.3746357874015747
11
5.766178622047244
21
-4.3747605511811019
0
LINE
8
BLACK
6
CONTINUOUS
10
5.766178622047244
20
-4.3747605511811019
11
5.7662338976377949
21
-4.3748775196850396
0
LINE
8
BLACK
6
CONTINUOUS
10
5.7662338976377949
20
-4.3748775196850396
11
5.7669838188976374
21
-4.3778771653543309
0
LINE
8
BLACK
6
CONTINUOUS
10
5.7669838188976374
20
-4.3778771653543309
11
5.7669908267716536
21
-4.3780216141732282
0
LINE
8
BLACK
6
CONTINUOUS
10
5.7669908267716536
20
-4.3780216141732282
11
5.7670190944881892
21
-4.3781636220472437
0
LINE
8
BLACK
6
CONTINUOUS
10
5.7670190944881892
20
-4.3781636220472437
11
5.7670190944881892
21
-4.3804133464566926
0
LINE
8
BLACK
6
CONTINUOUS
10
5.7670190944881892
20
-4.3804133464566926
11
5.7669908267716536
21
-4.3805553149606302
0
LINE
8
BLACK
6
CONTINUOUS
10
5.7669908267716536
20
-4.3805553149606302
11
5.7669838188976374
21
-4.3806998031496063
0
LINE
8
BLACK
6
CONTINUOUS
10
5.7669838188976374
20
-4.3806998031496063
11
5.7662338976377949
21
-4.3836994094488189
0
LINE
8
BLACK
6
CONTINUOUS
10
5.7662338976377949
20
-4.3836994094488189
11
5.766178622047244
21
-4.3838163385826769
0
LINE
8
BLACK
6
CONTINUOUS
10
5.766178622047244
20
-4.3838163385826769
11
5.7661444881889761
21
-4.3839411417322838
0
LINE
8
BLACK
6
CONTINUOUS
10
5.7661444881889761
20
-4.3839411417322838
11
5.7653946062992123
21
-4.3854409448818901
0
LINE
8
BLACK
6
CONTINUOUS
10
5.7653946062992123
20
-4.3854409448818901
11
5.765278346456693
21
-4.3855906692913385
0
LINE
8
BLACK
6
CONTINUOUS
10
5.765278346456693
20
-4.3855906692913385
11
5.7651733464566925
21
-4.3857479133858268
0
LINE
8
BLACK
6
CONTINUOUS
10
5.7651733464566925
20
-4.3857479133858268
11
5.7636735433070863
21
-4.3872477559055119
0
LINE
8
BLACK
6
CONTINUOUS
10
5.7636735433070863
20
-4.3872477559055119
11
5.7636243307086614
21
-4.3872805905511809
0
LINE
8
BLACK
6
CONTINUOUS
10
5.7636243307086614
20
-4.3872805905511809
11
5.7636122440944879
21
-4.3873048425196846
0
LINE
8
BLACK
6
CONTINUOUS
10
5.7636122440944879
20
-4.3873048425196846
11
5.7634475984251967
21
-4.3873987007874016
0
LINE
8
BLACK
6
CONTINUOUS
10
5.7634475984251967
20
-4.3873987007874016
11
5.7632903543307084
21
-4.3875037795275587
0
LINE
8
BLACK
6
CONTINUOUS
10
5.7632903543307084
20
-4.3875037795275587
11
5.7632633070866142
21
-4.3875037795275587
0
LINE
8
BLACK
6
CONTINUOUS
10
5.7632633070866142
20
-4.3875037795275587
11
5.7632118897637792
21
-4.3875331102362205
0
LINE
8
BLACK
6
CONTINUOUS
10
5.7632118897637792
20
-4.3875331102362205
11
5.7609621653543304
21
-4.3882829921259843
0
LINE
8
BLACK
6
CONTINUOUS
10
5.7609621653543304
20
-4.3882829921259843
11
5.7607742519685035
21
-4.3883066535433066
0
LINE
8
BLACK
6
CONTINUOUS
10
5.7607742519685035
20
-4.3883066535433066
11
5.760588661417323
21
-4.3883435826771651
0
LINE
8
BLACK
6
CONTINUOUS
10
5.760588661417323
20
-4.3883435826771651
11
5.7590888188976379
21
-4.3883435826771651
0
LINE
8
BLACK
6
CONTINUOUS
10
5.7590888188976379
20
-4.3883435826771651
11
5.7589031889763778
21
-4.3883066535433066
0
LINE
8
BLACK
6
CONTINUOUS
10
5.7589031889763778
20
-4.3883066535433066
11
5.7587153149606296
21
-4.3882829921259843
0
LINE
8
BLACK
6
CONTINUOUS
10
5.7587153149606296
20
-4.3882829921259843
11
5.7564656299212595
21
-4.3875331102362205
0
LINE
8
BLACK
6
CONTINUOUS
10
5.7564656299212595
20
-4.3875331102362205
11
5.7564142519685042
21
-4.3875038188976374
0
LINE
8
BLACK
6
CONTINUOUS
10
5.7564142519685042
20
-4.3875038188976374
11
5.7563871653543304
21
-4.3875038188976374
0
LINE
8
BLACK
6
CONTINUOUS
10
5.7563871653543304
20
-4.3875038188976374
11
5.7562296456692916
21
-4.3873985433070866
0
LINE
8
BLACK
6
CONTINUOUS
10
5.7562296456692916
20
-4.3873985433070866
11
5.7560652755905508
21
-4.3873048425196846
0
LINE
8
BLACK
6
CONTINUOUS
10
5.7560652755905508
20
-4.3873048425196846
11
5.7560531496062994
21
-4.3872805905511809
0
LINE
8
BLACK
6
CONTINUOUS
10
5.7560531496062994
20
-4.3872805905511809
11
5.7560039763779525
21
-4.3872477559055119
0
LINE
8
BLACK
6
CONTINUOUS
10
5.7560039763779525
20
-4.3872477559055119
11
5.7552540551181099
21
-4.3864978346456693
0
LINE
8
BLACK
6
CONTINUOUS
10
5.7552540551181099
20
-4.3864978346456693
11
5.7549980314960631
21
-4.3861146456692914
0
LINE
8
BLACK
6
CONTINUOUS
10
5.7549980314960631
20
-4.3861146456692914
11
5.7549980314960631
21
-4.3852107086614174
0
LINE
8
BLACK
6
CONTINUOUS
10
5.7549980314960631
20
-4.3852107086614174
11
5.7556372440944878
21
-4.3845714960629918
0
LINE
8
BLACK
6
CONTINUOUS
10
5.7556372440944878
20
-4.3845714960629918
11
5.7565411811023619
21
-4.3845714960629918
0
LINE
8
BLACK
6
CONTINUOUS
10
5.7565411811023619
20
-4.3845714960629918
11
5.7569243700787398
21
-4.3848275196850395
0
LINE
8
BLACK
6
CONTINUOUS
10
5.7569243700787398
20
-4.3848275196850395
11
5.7574770472440946
21
-4.3853801968503934
0
LINE
8
BLACK
6
CONTINUOUS
10
5.7574770472440946
20
-4.3853801968503934
11
5.759280551181102
21
-4.3859813779527554
0
LINE
8
BLACK
6
CONTINUOUS
10
5.759280551181102
20
-4.3859813779527554
11
5.7603969291338579
21
-4.3859813779527554
0
LINE
8
BLACK
6
CONTINUOUS
10
5.7603969291338579
20
-4.3859813779527554
11
5.7622003937007875
21
-4.3853802362204721
0
LINE
8
BLACK
6
CONTINUOUS
10
5.7622003937007875
20
-4.3853802362204721
11
5.7633674803149608
21
-4.3842130708661413
0
LINE
8
BLACK
6
CONTINUOUS
10
5.7633674803149608
20
-4.3842130708661413
11
5.7639737007874015
21
-4.3830006692913388
0
LINE
8
BLACK
6
CONTINUOUS
10
5.7639737007874015
20
-4.3830006692913388
11
5.7646568897637795
21
-4.3802679527559052
0
LINE
8
BLACK
6
CONTINUOUS
10
5.7646568897637795
20
-4.3802679527559052
11
5.7646568897637795
21
-4.3783089763779524
0
LINE
8
BLACK
6
CONTINUOUS
10
5.7646568897637795
20
-4.3783089763779524
11
5.7639736614173227
21
-4.3755762204724409
0
LINE
8
BLACK
6
CONTINUOUS
10
5.7639736614173227
20
-4.3755762204724409
11
5.7633674803149608
21
-4.3743638188976375
0
LINE
8
BLACK
6
CONTINUOUS
10
5.7633674803149608
20
-4.3743638188976375
11
5.7622003543307088
21
-4.3731966535433067
0
LINE
8
BLACK
6
CONTINUOUS
10
5.7622003543307088
20
-4.3731966535433067
11
5.7603970472440942
21
-4.3725955511811021
0
LINE
8
BLACK
6
CONTINUOUS
10
5.7603970472440942
20
-4.3725955511811021
11
5.7592804330708658
21
-4.3725955511811021
0
LINE
8
BLACK
6
CONTINUOUS
10
5.7592804330708658
20
-4.3725955511811021
11
5.7574771259842521
21
-4.3731966535433067
0
LINE
8
BLACK
6
CONTINUOUS
10
5.7574771259842521
20
-4.3731966535433067
11
5.7569243700787398
21
-4.3737494488188977
0
LINE
8
BLACK
6
CONTINUOUS
10
5.7569243700787398
20
-4.3737494488188977
11
5.7565411417322832
21
-4.3740054724409445
0
LINE
8
BLACK
6
CONTINUOUS
10
5.7565411417322832
20
-4.3740054724409445
11
5.7556372047244091
21
-4.3740054330708658
0
LINE
8
BLACK
6
CONTINUOUS
10
5.7556372047244091
20
-4.3740054330708658
11
5.7549979921259844
21
-4.3733661811023623
0
LINE
8
BLACK
6
CONTINUOUS
10
5.7549979921259844
20
-4.3733661811023623
11
5.7549980314960631
21
-4.3724622440944882
0
LINE
8
BLACK
6
CONTINUOUS
10
5.7549980314960631
20
-4.3724622440944882
11
5.7552540551181099
21
-4.3720790551181103
0
LINE
8
BLACK
6
CONTINUOUS
10
5.7552540551181099
20
-4.3720790551181103
11
5.7560039763779525
21
-4.3713291732283466
0
LINE
8
BLACK
6
CONTINUOUS
10
5.7560039763779525
20
-4.3713291732283466
11
5.7560531102362207
21
-4.3712962992125988
0
LINE
8
BLACK
6
CONTINUOUS
10
5.7560531102362207
20
-4.3712962992125988
11
5.7560652362204721
21
-4.3712721259842517
0
LINE
8
BLACK
6
CONTINUOUS
10
5.7560652362204721
20
-4.3712721259842517
11
5.7562296062992129
21
-4.3711783858267719
0
LINE
8
BLACK
6
CONTINUOUS
10
5.7562296062992129
20
-4.3711783858267719
11
5.7563872047244091
21
-4.3710731496062989
0
LINE
8
BLACK
6
CONTINUOUS
10
5.7563872047244091
20
-4.3710731496062989
11
5.756414291338583
21
-4.3710731496062989
0
LINE
8
BLACK
6
CONTINUOUS
10
5.756414291338583
20
-4.3710731496062989
11
5.7564656299212595
21
-4.3710438976377954
0
LINE
8
BLACK
6
CONTINUOUS
10
5.7564656299212595
20
-4.3710438976377954
11
5.7587153149606296
21
-4.3702939763779529
0
LINE
8
BLACK
6
CONTINUOUS
10
5.7587153149606296
20
-4.3702939763779529
11
5.7589029133858265
21
-4.3702703149606297
0
LINE
8
BLACK
6
CONTINUOUS
10
5.7589029133858265
20
-4.3702703149606297
11
5.7590888188976379
21
-4.3702333464566925
0
LINE
8
BLACK
6
CONTINUOUS
10
5.7590888188976379
20
-4.3702333464566925
11
5.760588661417323
21
-4.3702333464566925
0
LINE
8
BLACK
6
CONTINUOUS
10
5.760588661417323
20
-4.3702333464566925
11
5.7607745275590547
21
-4.3702703149606297
0
LINE
8
BLACK
6
CONTINUOUS
10
5.7857139370078743
20
-4.3624333070866141
11
5.7867792913385827
21
-4.3634986614173226
0
LINE
8
BLACK
6
CONTINUOUS
10
5.7867792913385827
20
-4.3634986614173226
11
5.7869291338582673
21
-4.3642519685039369
0
LINE
8
BLACK
6
CONTINUOUS
10
5.7869291338582673
20
-4.3642519685039369
11
5.7869291338582673
21
-4.3957480314960629
0
LINE
8
BLACK
6
CONTINUOUS
10
5.7869291338582673
20
-4.3957480314960629
11
5.7867792913385827
21
-4.3965013385826772
0
LINE
8
BLACK
6
CONTINUOUS
10
5.7867792913385827
20
-4.3965013385826772
11
5.7857139370078743
21
-4.3975666929133856
0
LINE
8
BLACK
6
CONTINUOUS
10
5.7857139370078743
20
-4.3975666929133856
11
5.7849606299212599
21
-4.3977165354330712
0
LINE
8
BLACK
6
CONTINUOUS
10
5.7849606299212599
20
-4.3977165354330712
11
5.7219685039370081
21
-4.3977165354330712
0
LINE
8
BLACK
6
CONTINUOUS
10
5.7219685039370081
20
-4.3977165354330712
11
5.7212151968503937
21
-4.3975666929133856
0
LINE
8
BLACK
6
CONTINUOUS
10
5.7212151968503937
20
-4.3975666929133856
11
5.7201498425196853
21
-4.3965013385826772
0
LINE
8
BLACK
6
CONTINUOUS
10
5.7201498425196853
20
-4.3965013385826772
11
5.7199999999999998
21
-4.3957480314960629
0
LINE
8
BLACK
6
CONTINUOUS
10
5.7199999999999998
20
-4.3957480314960629
11
5.7199999999999998
21
-4.3642519685039369
0
LINE
8
BLACK
6
CONTINUOUS
10
5.7199999999999998
20
-4.3642519685039369
11
5.7201498425196853
21
-4.3634986614173226
0
LINE
8
BLACK
6
CONTINUOUS
10
5.7201498425196853
20
-4.3634986614173226
11
5.7212151968503937
21
-4.3624333070866141
0
LINE
8
BLACK
6
CONTINUOUS
10
5.7212151968503937
20
-4.3624333070866141
11
5.7219685039370081
21
-4.3622834645669286
0
LINE
8
BLACK
6
CONTINUOUS
10
5.7219685039370081
20
-4.3622834645669286
11
5.7849606299212599
21
-4.3622834645669286
0
LINE
8
BLACK
6
CONTINUOUS
10
5.7849606299212599
20
-4.3622834645669286
11
5.7857139370078743
21
-4.3624333070866141
0
LINE
8
BLACK
6
CONTINUOUS
10
5.7239370078740155
20
-4.3662204724409444
11
5.7239370078740155
21
-4.3937795275590554
0
LINE
8
BLACK
6
CONTINUOUS
10
5.7239370078740155
20
-4.3937795275590554
11
5.7829921259842516
21
-4.3937795275590554
0
LINE
8
BLACK
6
CONTINUOUS
10
5.7829921259842516
20
-4.3937795275590554
11
5.7829921259842516
21
-4.3662204724409444
0
LINE
8
BLACK
6
CONTINUOUS
10
5.7829921259842516
20
-4.3662204724409444
11
5.7239370078740155
21
-4.3662204724409444
0
LINE
8
BLACK
6
CONTINUOUS
10
5.5196872047244092
20
-4.3359404724409449
11
5.5196872047244092
21
-4.3359406299212599
0
LINE
8
BLACK
6
CONTINUOUS
10
5.5196872047244092
20
-4.3359406299212599
11
5.5197995669291338
21
-4.3365054330708661
0
LINE
8
BLACK
6
CONTINUOUS
10
5.5197995669291338
20
-4.3365054330708661
11
5.5197995669291338
21
-4.3486914173228346
0
LINE
8
BLACK
6
CONTINUOUS
10
5.5197995669291338
20
-4.3486914173228346
11
5.5196871653543305
21
-4.3492564173228345
0
LINE
8
BLACK
6
CONTINUOUS
10
5.5196871653543305
20
-4.3492564173228345
11
5.5188881889763781
21
-4.3500553937007869
0
LINE
8
BLACK
6
CONTINUOUS
10
5.5188881889763781
20
-4.3500553937007869
11
5.5177581889763783
21
-4.3500553937007869
0
LINE
8
BLACK
6
CONTINUOUS
10
5.5177581889763783
20
-4.3500553937007869
11
5.516959212598425
21
-4.3492564173228345
0
LINE
8
BLACK
6
CONTINUOUS
10
5.516959212598425
20
-4.3492564173228345
11
5.5168468110236217
21
-4.3486914173228346
0
LINE
8
BLACK
6
CONTINUOUS
10
5.5168468110236217
20
-4.3486914173228346
11
5.5168468110236217
21
-4.3400697244094486
0
LINE
8
BLACK
6
CONTINUOUS
10
5.5168468110236217
20
-4.3400697244094486
11
5.5081185826771648
21
-4.3487979921259843
0
LINE
8
BLACK
6
CONTINUOUS
10
5.5081185826771648
20
-4.3487979921259843
11
5.5080570078740152
21
-4.3488390944881887
0
LINE
8
BLACK
6
CONTINUOUS
10
5.5080570078740152
20
-4.3488390944881887
11
5.5080419291338583
21
-4.348869330708661
0
LINE
8
BLACK
6
CONTINUOUS
10
5.5080419291338583
20
-4.348869330708661
11
5.507836299212598
21
-4.3489865354330703
0
LINE
8
BLACK
6
CONTINUOUS
10
5.507836299212598
20
-4.3489865354330703
11
5.507639566929134
21
-4.3491179921259837
0
LINE
8
BLACK
6
CONTINUOUS
10
5.507639566929134
20
-4.3491179921259837
11
5.5076057874015749
21
-4.3491179921259837
0
LINE
8
BLACK
6
CONTINUOUS
10
5.5076057874015749
20
-4.3491179921259837
11
5.5075414960629923
21
-4.3491546456692909
0
LINE
8
BLACK
6
CONTINUOUS
10
5.5075414960629923
20
-4.3491546456692909
11
5.5047293307086615
21
-4.350092047244094
0
LINE
8
BLACK
6
CONTINUOUS
10
5.5047293307086615
20
-4.350092047244094
11
5.5044944488188978
21
-4.3501216141732284
0
LINE
8
BLACK
6
CONTINUOUS
10
5.5044944488188978
20
-4.3501216141732284
11
5.5042624409448822
21
-4.3501677952755902
0
LINE
8
BLACK
6
CONTINUOUS
10
5.5042624409448822
20
-4.3501677952755902
11
5.5023876771653546
21
-4.3501677952755902
0
LINE
8
BLACK
6
CONTINUOUS
10
5.5023876771653546
20
-4.3501677952755902
11
5.5023151181102357
21
-4.3501533464566924
0
LINE
8
BLACK
6
CONTINUOUS
10
5.5023151181102357
20
-4.3501533464566924
11
5.5022830314960629
21
-4.3501640551181104
0
LINE
8
BLACK
6
CONTINUOUS
10
5.5022830314960629
20
-4.3501640551181104
11
5.5020548425196854
21
-4.3501015748031495
0
LINE
8
BLACK
6
CONTINUOUS
10
5.5020548425196854
20
-4.3501015748031495
11
5.5018226771653538
21
-4.3500553937007869
0
LINE
8
BLACK
6
CONTINUOUS
10
5.5018226771653538
20
-4.3500553937007869
11
5.5017987401574802
21
-4.3500314566929132
0
LINE
8
BLACK
6
CONTINUOUS
10
5.5017987401574802
20
-4.3500314566929132
11
5.5017274015748034
21
-4.3500119291338581
0
LINE
8
BLACK
6
CONTINUOUS
10
5.5017274015748034
20
-4.3500119291338581
11
5.4998526377952759
21
-4.349074527559055
0
LINE
8
BLACK
6
CONTINUOUS
10
5.4998526377952759
20
-4.349074527559055
11
5.4996655511811019
21
-4.3489292913385826
0
LINE
8
BLACK
6
CONTINUOUS
10
5.4996655511811019
20
-4.3489292913385826
11
5.4994689370078742
21
-4.3487979527559055
0
LINE
8
BLACK
6
CONTINUOUS
10
5.4994689370078742
20
-4.3487979527559055
11
5.4985315748031498
21
-4.3478606299212599
0
LINE
8
BLACK
6
CONTINUOUS
10
5.4985315748031498
20
-4.3478606299212599
11
5.4984000393700789
21
-4.3476637795275588
0
LINE
8
BLACK
6
CONTINUOUS
10
5.4984000393700789
20
-4.3476637795275588
11
5.4982550393700782
21
-4.3474769291338582
0
LINE
8
BLACK
6
CONTINUOUS
10
5.4982550393700782
20
-4.3474769291338582
11
5.497317637795275
21
-4.3456021653543306
0
LINE
8
BLACK
6
CONTINUOUS
10
5.497317637795275
20
-4.3456021653543306
11
5.4972980708661412
21
-4.3455307874015743
0
LINE
8
BLACK
6
CONTINUOUS
10
5.4972980708661412
20
-4.3455307874015743
11
5.4972741732283463
21
-4.3455068897637794
0
LINE
8
BLACK
6
CONTINUOUS
10
5.4972741732283463
20
-4.3455068897637794
11
5.4972279527559058
21
-4.34527468503937
0
LINE
8
BLACK
6
CONTINUOUS
10
5.4972279527559058
20
-4.34527468503937
11
5.4971655118110236
21
-4.3450465354330712
0
LINE
8
BLACK
6
CONTINUOUS
10
5.4971655118110236
20
-4.3450465354330712
11
5.4971761811023621
21
-4.3450144094488188
0
LINE
8
BLACK
6
CONTINUOUS
10
5.4971761811023621
20
-4.3450144094488188
11
5.497161771653543
21
-4.3449418897637795
0
LINE
8
BLACK
6
CONTINUOUS
10
5.497161771653543
20
-4.3449418897637795
11
5.497161771653543
21
-4.3402549606299212
0
LINE
8
BLACK
6
CONTINUOUS
10
5.497161771653543
20
-4.3402549606299212
11
5.4971761811023621
21
-4.3401824015748032
0
LINE
8
BLACK
6
CONTINUOUS
10
5.4971761811023621
20
-4.3401824015748032
11
5.4971655118110236
21
-4.3401503149606295
0
LINE
8
BLACK
6
CONTINUOUS
10
5.4971655118110236
20
-4.3401503149606295
11
5.4972279527559058
21
-4.339922125984252
0
LINE
8
BLACK
6
CONTINUOUS
10
5.4972279527559058
20
-4.339922125984252
11
5.4972741732283463
21
-4.3396899606299213
0
LINE
8
BLACK
6
CONTINUOUS
10
5.4972741732283463
20
-4.3396899606299213
11
5.4972980708661412
21
-4.3396660236220468
0
LINE
8
BLACK
6
CONTINUOUS
10
5.4972980708661412
20
-4.3396660236220468
11
5.497317637795275
21
-4.3395946850393701
0
LINE
8
BLACK
6
CONTINUOUS
10
5.497317637795275
20
-4.3395946850393701
11
5.4982550393700782
21
-4.3377199212598425
0
LINE
8
BLACK
6
CONTINUOUS
10
5.4982550393700782
20
-4.3377199212598425
11
5.4984000393700789
21
-4.3375330314960632
0
LINE
8
BLACK
6
CONTINUOUS
10
5.4984000393700789
20
-4.3375330314960632
11
5.4985315748031498
21
-4.3373362204724408
0
LINE
8
BLACK
6
CONTINUOUS
10
5.4985315748031498
20
-4.3373362204724408
11
5.4994689370078742
21
-4.3363988976377952
0
LINE
8
BLACK
6
CONTINUOUS
10
5.4994689370078742
20
-4.3363988976377952
11
5.499947952755905
21
-4.3360788582677161
0
LINE
8
BLACK
6
CONTINUOUS
10
5.499947952755905
20
-4.3360788582677161
11
5.5010778740157482
21
-4.3360788582677161
0
LINE
8
BLACK
6
CONTINUOUS
10
5.5010778740157482
20
-4.3360788582677161
11
5.5018768897637793
21
-4.3368778740157481
0
LINE
8
BLACK
6
CONTINUOUS
10
5.5018768897637793
20
-4.3368778740157481
11
5.5018768897637793
21
-4.3380077952755904
0
LINE
8
BLACK
6
CONTINUOUS
10
5.5018768897637793
20
-4.3380077952755904
11
5.5015568503937002
21
-4.3384868110236221
0
LINE
8
BLACK
6
CONTINUOUS
10
5.5015568503937002
20
-4.3384868110236221
11
5.5007888976377952
21
-4.3392547637795271
0
LINE
8
BLACK
6
CONTINUOUS
10
5.5007888976377952
20
-4.3392547637795271
11
5.5001145275590551
21
-4.3406035039370074
0
LINE
8
BLACK
6
CONTINUOUS
10
5.5001145275590551
20
-4.3406035039370074
11
5.5001145275590551
21
-4.3445933070866145
0
LINE
8
BLACK
6
CONTINUOUS
10
5.5001145275590551
20
-4.3445933070866145
11
5.5007888976377952
21
-4.3459420472440948
0
LINE
8
BLACK
6
CONTINUOUS
10
5.5007888976377952
20
-4.3459420472440948
11
5.5013874409448817
21
-4.3465406299212601
0
LINE
8
BLACK
6
CONTINUOUS
10
5.5013874409448817
20
-4.3465406299212601
11
5.5027362204724408
21
-4.347215039370079
0
LINE
8
BLACK
6
CONTINUOUS
10
5.5027362204724408
20
-4.347215039370079
11
5.5040227952755902
21
-4.347215039370079
0
LINE
8
BLACK
6
CONTINUOUS
10
5.5040227952755902
20
-4.347215039370079
11
5.5062770472440947
21
-4.3464635826771651
0
LINE
8
BLACK
6
CONTINUOUS
10
5.5062770472440947
20
-4.3464635826771651
11
5.5172792519685041
21
-4.3354614566929133
0
LINE
8
BLACK
6
CONTINUOUS
10
5.5172792519685041
20
-4.3354614566929133
11
5.5177582283464561
21
-4.3351414173228342
0
LINE
8
BLACK
6
CONTINUOUS
10
5.5177582283464561
20
-4.3351414173228342
11
5.5188881496062994
21
-4.3351414173228342
0
LINE
8
BLACK
6
CONTINUOUS
10
5.5188881496062994
20
-4.3351414173228342
11
5.5196872047244092
21
-4.3359404724409449
0
LINE
8
BLACK
6
CONTINUOUS
10
5.5146461811023624
20
-4.3162957874015744
11
5.5146783070866139
21
-4.316285118110236
0
LINE
8
BLACK
6
CONTINUOUS
10
5.5146783070866139
20
-4.316285118110236
11
5.5149064566929136
21
-4.3163475590551181
0
LINE
8
BLACK
6
CONTINUOUS
10
5.5149064566929136
20
-4.3163475590551181
11
5.515138661417323
21
-4.3163937795275586
0
LINE
8
BLACK
6
CONTINUOUS
10
5.515138661417323
20
-4.3163937795275586
11
5.5151625590551179
21
-4.3164176771653544
0
LINE
8
BLACK
6
CONTINUOUS
10
5.5151625590551179
20
-4.3164176771653544
11
5.5152339370078742
21
-4.3164372440944883
0
LINE
8
BLACK
6
CONTINUOUS
10
5.5152339370078742
20
-4.3164372440944883
11
5.5171087007874018
21
-4.3173746456692914
0
LINE
8
BLACK
6
CONTINUOUS
10
5.5171087007874018
20
-4.3173746456692914
11
5.5172956299212599
21
-4.3175197244094488
0
LINE
8
BLACK
6
CONTINUOUS
10
5.5172956299212599
20
-4.3175197244094488
11
5.5174923622047247
21
-4.3176511811023621
0
LINE
8
BLACK
6
CONTINUOUS
10
5.5174923622047247
20
-4.3176511811023621
11
5.5184297637795279
21
-4.3185885433070865
0
LINE
8
BLACK
6
CONTINUOUS
10
5.5184297637795279
20
-4.3185885433070865
11
5.5185612992125979
21
-4.3187853937007876
0
LINE
8
BLACK
6
CONTINUOUS
10
5.5185612992125979
20
-4.3187853937007876
11
5.5187063385826773
21
-4.318972283464567
0
LINE
8
BLACK
6
CONTINUOUS
10
5.5187063385826773
20
-4.318972283464567
11
5.5196437007874017
21
-4.3208470078740158
0
LINE
8
BLACK
6
CONTINUOUS
10
5.5196437007874017
20
-4.3208470078740158
11
5.5196632283464568
21
-4.3209183464566925
0
LINE
8
BLACK
6
CONTINUOUS
10
5.5196632283464568
20
-4.3209183464566925
11
5.5196871653543305
21
-4.320942283464567
0
LINE
8
BLACK
6
CONTINUOUS
10
5.5196871653543305
20
-4.320942283464567
11
5.5197333464566931
21
-4.3211744488188977
0
LINE
8
BLACK
6
CONTINUOUS
10
5.5197333464566931
20
-4.3211744488188977
11
5.5197958267716531
21
-4.3214026377952752
0
LINE
8
BLACK
6
CONTINUOUS
10
5.5197958267716531
20
-4.3214026377952752
11
5.519785118110236
21
-4.3214346850393701
0
LINE
8
BLACK
6
CONTINUOUS
10
5.519785118110236
20
-4.3214346850393701
11
5.5197995669291338
21
-4.3215072834645669
0
LINE
8
BLACK
6
CONTINUOUS
10
5.5197995669291338
20
-4.3215072834645669
11
5.5197995669291338
21
-4.325256811023622
0
LINE
8
BLACK
6
CONTINUOUS
10
5.5197995669291338
20
-4.325256811023622
11
5.519785118110236
21
-4.3253293700787401
0
LINE
8
BLACK
6
CONTINUOUS
10
5.519785118110236
20
-4.3253293700787401
11
5.5197958267716531
21
-4.3253614566929137
0
LINE
8
BLACK
6
CONTINUOUS
10
5.5197958267716531
20
-4.3253614566929137
11
5.5197333464566931
21
-4.3255896062992125
0
LINE
8
BLACK
6
CONTINUOUS
10
5.5197333464566931
20
-4.3255896062992125
11
5.5196871653543305
21
-4.325821811023622
0
LINE
8
BLACK
6
CONTINUOUS
10
5.5196871653543305
20
-4.325821811023622
11
5.5196632283464568
21
-4.3258457086614168
0
LINE
8
BLACK
6
CONTINUOUS
10
5.5196632283464568
20
-4.3258457086614168
11
5.5196437007874017
21
-4.3259170866141732
0
LINE
8
BLACK
6
CONTINUOUS
10
5.5196437007874017
20
-4.3259170866141732
11
5.5187063385826773
21
-4.327791811023622
0
LINE
8
BLACK
6
CONTINUOUS
10
5.5187063385826773
20
-4.327791811023622
11
5.5185612204724412
21
-4.3279787795275588
0
LINE
8
BLACK
6
CONTINUOUS
10
5.5185612204724412
20
-4.3279787795275588
11
5.5184297637795279
21
-4.3281755511811024
0
LINE
8
BLACK
6
CONTINUOUS
10
5.5184297637795279
20
-4.3281755511811024
11
5.5174924015748026
21
-4.3291129527559056
0
LINE
8
BLACK
6
CONTINUOUS
10
5.5174924015748026
20
-4.3291129527559056
11
5.5172953937007874
21
-4.3292445275590552
0
LINE
8
BLACK
6
CONTINUOUS
10
5.5172953937007874
20
-4.3292445275590552
11
5.517108661417323
21
-4.3293894881889763
0
LINE
8
BLACK
6
CONTINUOUS
10
5.517108661417323
20
-4.3293894881889763
11
5.5152338976377955
21
-4.3303268503937007
0
LINE
8
BLACK
6
CONTINUOUS
10
5.5152338976377955
20
-4.3303268503937007
11
5.5151625984251966
21
-4.330346338582677
0
LINE
8
BLACK
6
CONTINUOUS
10
5.5151625984251966
20
-4.330346338582677
11
5.515138661417323
21
-4.3303703149606294
0
LINE
8
BLACK
6
CONTINUOUS
10
5.515138661417323
20
-4.3303703149606294
11
5.5149062992125986
21
-4.3304164960629921
0
LINE
8
BLACK
6
CONTINUOUS
10
5.5149062992125986
20
-4.3304164960629921
11
5.5146782677165351
21
-4.330478976377953
0
LINE
8
BLACK
6
CONTINUOUS
10
5.5146782677165351
20
-4.330478976377953
11
5.5146461811023624
21
-4.3304682677165349
0
LINE
8
BLACK
6
CONTINUOUS
10
5.5146461811023624
20
-4.3304682677165349
11
5.5145736614173231
21
-4.3304827165354327
0
LINE
8
BLACK
6
CONTINUOUS
10
5.5145736614173231
20
-4.3304827165354327
11
5.4986381496062995
21
-4.3304827165354327
0
LINE
8
BLACK
6
CONTINUOUS
10
5.4986381496062995
20
-4.3304827165354327
11
5.4980731496062987
21
-4.3303703149606294
0
LINE
8
BLACK
6
CONTINUOUS
10
5.4980731496062987
20
-4.3303703149606294
11
5.4972741732283463
21
-4.3295713385826771
0
LINE
8
BLACK
6
CONTINUOUS
10
5.4972741732283463
20
-4.3295713385826771
11
5.4972741732283463
21
-4.3284413385826772
0
LINE
8
BLACK
6
CONTINUOUS
10
5.4972741732283463
20
-4.3284413385826772
11
5.4980731496062987
21
-4.327642362204724
0
LINE
8
BLACK
6
CONTINUOUS
10
5.4980731496062987
20
-4.327642362204724
11
5.4986381496062995
21
-4.3275299606299216
0
LINE
8
BLACK
6
CONTINUOUS
10
5.4986381496062995
20
-4.3275299606299216
11
5.5142251574803147
21
-4.3275299606299216
0
LINE
8
BLACK
6
CONTINUOUS
10
5.5142251574803147
20
-4.3275299606299216
11
5.5155738188976375
21
-4.3268555905511814
0
LINE
8
BLACK
6
CONTINUOUS
10
5.5155738188976375
20
-4.3268555905511814
11
5.5161724803149603
21
-4.3262569685039365
0
LINE
8
BLACK
6
CONTINUOUS
10
5.5161724803149603
20
-4.3262569685039365
11
5.5168468110236217
21
-4.3249083070866137
0
LINE
8
BLACK
6
CONTINUOUS
10
5.5168468110236217
20
-4.3249083070866137
11
5.5168468110236217
21
-4.3218557480314956
0
LINE
8
BLACK
6
CONTINUOUS
10
5.5168468110236217
20
-4.3218557480314956
11
5.5161724803149603
21
-4.3205070866141728
0
LINE
8
BLACK
6
CONTINUOUS
10
5.5161724803149603
20
-4.3205070866141728
11
5.515573897637795
21
-4.3199085433070863
0
LINE
8
BLACK
6
CONTINUOUS
10
5.515573897637795
20
-4.3199085433070863
11
5.514225118110236
21
-4.3192341338582674
0
LINE
8
BLACK
6
CONTINUOUS
10
5.514225118110236
20
-4.3192341338582674
11
5.4986381496062995
21
-4.3192341338582674
0
LINE
8
BLACK
6
CONTINUOUS
10
5.4986381496062995
20
-4.3192341338582674
11
5.4980731496062987
21
-4.3191217322834641
0
LINE
8
BLACK
6
CONTINUOUS
10
5.4980731496062987
20
-4.3191217322834641
11
5.4972741732283463
21
-4.3183227559055117
0
LINE
8
BLACK
6
CONTINUOUS
10
5.4972741732283463
20
-4.3183227559055117
11
5.4972741732283463
21
-4.3171927559055119
0
LINE
8
BLACK
6
CONTINUOUS
10
5.4972741732283463
20
-4.3171927559055119
11
5.4980731496062987
21
-4.3163937795275586
0
LINE
8
BLACK
6
CONTINUOUS
10
5.4980731496062987
20
-4.3163937795275586
11
5.4986381496062995
21
-4.3162813779527562
0
LINE
8
BLACK
6
CONTINUOUS
10
5.4986381496062995
20
-4.3162813779527562
11
5.5145736614173231
21
-4.3162813779527562
0
LINE
8
BLACK
6
CONTINUOUS
10
5.5145736614173231
20
-4.3162813779527562
11
5.5146461811023624
21
-4.3162957874015744
0
LINE
8
BLACK
6
CONTINUOUS
10
5.5199659055118113
20
-4.2699136220472438
11
5.5206045275590547
21
-4.2703403543307088
0
LINE
8
BLACK
6
CONTINUOUS
10
5.5206045275590547
20
-4.2703403543307088
11
5.5461950787401575
21
-4.2959309055118107
0
LINE
8
BLACK
6
CONTINUOUS
10
5.5461950787401575
20
-4.2959309055118107
11
5.5466218110236216
21
-4.296569527559055
0
LINE
8
BLACK
6
CONTINUOUS
10
5.5466218110236216
20
-4.296569527559055
11
5.5467716535433071
21
-4.2973228346456693
0
LINE
8
BLACK
6
CONTINUOUS
10
5.5467716535433071
20
-4.2973228346456693
11
5.5467716535433071
21
-4.3937795275590554
0
LINE
8
BLACK
6
CONTINUOUS
10
5.5467716535433071
20
-4.3937795275590554
11
5.5466218110236216
21
-4.3945328346456689
0
LINE
8
BLACK
6
CONTINUOUS
10
5.5466218110236216
20
-4.3945328346456689
11
5.5455564566929132
21
-4.3955981889763782
0
LINE
8
BLACK
6
CONTINUOUS
10
5.5455564566929132
20
-4.3955981889763782
11
5.5448031496062988
21
-4.3957480314960629
0
LINE
8
BLACK
6
CONTINUOUS
10
5.5448031496062988
20
-4.3957480314960629
11
5.4739370078740155
21
-4.3957480314960629
0
LINE
8
BLACK
6
CONTINUOUS
10
5.4739370078740155
20
-4.3957480314960629
11
5.4731837007874011
21
-4.3955981889763782
0
LINE
8
BLACK
6
CONTINUOUS
10
5.4731837007874011
20
-4.3955981889763782
11
5.4721183464566927
21
-4.3945328346456689
0
LINE
8
BLACK
6
CONTINUOUS
10
5.4721183464566927
20
-4.3945328346456689
11
5.4719685039370081
21
-4.3937795275590554
0
LINE
8
BLACK
6
CONTINUOUS
10
5.4719685039370081
20
-4.3937795275590554
11
5.4719685039370081
21
-4.2717322834645666
0
LINE
8
BLACK
6
CONTINUOUS
10
5.4719685039370081
20
-4.2717322834645666
11
5.4721183464566927
21
-4.2709789763779531
0
LINE
8
BLACK
6
CONTINUOUS
10
5.4721183464566927
20
-4.2709789763779531
11
5.4731837007874011
21
-4.2699136220472438
0
LINE
8
BLACK
6
CONTINUOUS
10
5.4731837007874011
20
-4.2699136220472438
11
5.4739370078740155
21
-4.2697637795275591
0
LINE
8
BLACK
6
CONTINUOUS
10
5.4739370078740155
20
-4.2697637795275591
11
5.519212598425197
21
-4.2697637795275591
0
LINE
8
BLACK
6
CONTINUOUS
10
5.519212598425197
20
-4.2697637795275591
11
5.5199659055118113
21
-4.2699136220472438
0
LINE
8
BLACK
6
CONTINUOUS
10
5.4759055118110238
20
-4.2737007874015749
11
5.4759055118110238
21
-4.3918110236220471
0
LINE
8
BLACK
6
CONTINUOUS
10
5.4759055118110238
20
-4.3918110236220471
11
5.5428346456692914
21
-4.3918110236220471
0
LINE
8
BLACK
6
CONTINUOUS
10
5.5428346456692914
20
-4.3918110236220471
11
5.5428346456692914
21
-4.2981381889763774
0
LINE
8
BLACK
6
CONTINUOUS
10
5.5428346456692914
20
-4.2981381889763774
11
5.518397244094488
21
-4.2737007874015749
0
LINE
8
BLACK
6
CONTINUOUS
10
5.518397244094488
20
-4.2737007874015749
11
5.4759055118110238
21
-4.2737007874015749
0
LINE
8
BLACK
6
CONTINUOUS
10
5.60305779527559
20
-4.3503007874015749
11
5.6038724409448815
21
-4.3511154330708663
0
LINE
8
BLACK
6
CONTINUOUS
10
5.6038724409448815
20
-4.3511154330708663
11
5.604313346456693
21
-4.3521798425196847
0
LINE
8
BLACK
6
CONTINUOUS
10
5.604313346456693
20
-4.3521798425196847
11
5.6043700787401569
21
-4.3527559055118106
0
LINE
8
BLACK
6
CONTINUOUS
10
5.6043700787401569
20
-4.3527559055118106
11
5.6043700787401569
21
-4.3898031496062995
0
LINE
8
BLACK
6
CONTINUOUS
10
5.6043700787401569
20
-4.3898031496062995
11
5.6584645669291334
21
-4.3898031496062995
0
LINE
8
BLACK
6
CONTINUOUS
10
5.6584645669291334
20
-4.3898031496062995
11
5.6584645669291334
21
-4.3527559055118106
0
LINE
8
BLACK
6
CONTINUOUS
10
5.6584645669291334
20
-4.3527559055118106
11
5.6585212992125982
21
-4.3521798425196847
0
LINE
8
BLACK
6
CONTINUOUS
10
5.6585212992125982
20
-4.3521798425196847
11
5.6589622047244097
21
-4.3511154330708663
0
LINE
8
BLACK
6
CONTINUOUS
10
5.6589622047244097
20
-4.3511154330708663
11
5.6597768503937003
21
-4.3503007874015749
0
LINE
8
BLACK
6
CONTINUOUS
10
5.6597768503937003
20
-4.3503007874015749
11
5.6608412598425195
21
-4.3498598818897634
0
LINE
8
BLACK
6
CONTINUOUS
10
5.6608412598425195
20
-4.3498598818897634
11
5.6619933858267713
21
-4.3498598818897634
0
LINE
8
BLACK
6
CONTINUOUS
10
5.6619933858267713
20
-4.3498598818897634
11
5.6630577952755905
21
-4.3503007874015749
0
LINE
8
BLACK
6
CONTINUOUS
10
5.6630577952755905
20
-4.3503007874015749
11
5.663872440944882
21
-4.3511154330708663
0
LINE
8
BLACK
6
CONTINUOUS
10
5.663872440944882
20
-4.3511154330708663
11
5.6643133464566926
21
-4.3521798425196847
0
LINE
8
BLACK
6
CONTINUOUS
10
5.6643133464566926
20
-4.3521798425196847
11
5.6643700787401574
21
-4.3527559055118106
0
LINE
8
BLACK
6
CONTINUOUS
10
5.6643700787401574
20
-4.3527559055118106
11
5.6643700787401574
21
-4.3927559055118106
0
LINE
8
BLACK
6
CONTINUOUS
10
5.6643700787401574
20
-4.3927559055118106
11
5.6643133464566926
21
-4.3933319685039365
0
LINE
8
BLACK
6
CONTINUOUS
10
5.6643133464566926
20
-4.3933319685039365
11
5.663872440944882
21
-4.3943963779527557
0
LINE
8
BLACK
6
CONTINUOUS
10
5.663872440944882
20
-4.3943963779527557
11
5.6630577952755905
21
-4.3952110236220472
0
LINE
8
BLACK
6
CONTINUOUS
10
5.6630577952755905
20
-4.3952110236220472
11
5.6619933858267713
21
-4.3956519291338578
0
LINE
8
BLACK
6
CONTINUOUS
10
5.6619933858267713
20
-4.3956519291338578
11
5.6614173228346454
21
-4.3957086614173226
0
LINE
8
BLACK
6
CONTINUOUS
10
5.6614173228346454
20
-4.3957086614173226
11
5.6014173228346458
21
-4.3957086614173226
0
LINE
8
BLACK
6
CONTINUOUS
10
5.6014173228346458
20
-4.3957086614173226
11
5.6008412598425199
21
-4.3956519291338578
0
LINE
8
BLACK
6
CONTINUOUS
10
5.6008412598425199
20
-4.3956519291338578
11
5.5997768503937007
21
-4.3952110236220472
0
LINE
8
BLACK
6
CONTINUOUS
10
5.5997768503937007
20
-4.3952110236220472
11
5.5989622047244092
21
-4.3943963779527557
0
LINE
8
BLACK
6
CONTINUOUS
10
5.5989622047244092
20
-4.3943963779527557
11
5.5985212992125986
21
-4.3933319685039365
0
LINE
8
BLACK
6
CONTINUOUS
10
5.5985212992125986
20
-4.3933319685039365
11
5.5984645669291337
21
-4.3927559055118106
0
LINE
8
BLACK
6
CONTINUOUS
10
5.5984645669291337
20
-4.3927559055118106
11
5.5984645669291337
21
-4.3527559055118106
0
LINE
8
BLACK
6
CONTINUOUS
10
5.5984645669291337
20
-4.3527559055118106
11
5.5985212992125986
21
-4.3521798425196847
0
LINE
8
BLACK
6
CONTINUOUS
10
5.5985212992125986
20
-4.3521798425196847
11
5.5989622047244092
21
-4.3511154330708663
0
LINE
8
BLACK
6
CONTINUOUS
10
5.5989622047244092
20
-4.3511154330708663
11
5.5997768503937007
21
-4.3503007874015749
0
LINE
8
BLACK
6
CONTINUOUS
10
5.5997768503937007
20
-4.3503007874015749
11
5.6008412598425199
21
-4.3498598818897634
0
LINE
8
BLACK
6
CONTINUOUS
10
5.6008412598425199
20
-4.3498598818897634
11
5.6019933858267716
21
-4.3498598818897634
0
LINE
8
BLACK
6
CONTINUOUS
10
5.6019933858267716
20
-4.3498598818897634
11
5.60305779527559
21
-4.3503007874015749
0
LINE
8
BLACK
6
CONTINUOUS
10
5.3747127165354334
20
-4.3394350787401574
11
5.3758762992125986
21
-4.3405986614173226
0
LINE
8
BLACK
6
CONTINUOUS
10
5.3758762992125986
20
-4.3405986614173226
11
5.3758762992125986
21
-4.3422441732283463
0
LINE
8
BLACK
6
CONTINUOUS
10
5.3758762992125986
20
-4.3422441732283463
11
5.3747127165354334
21
-4.3434077559055115
0
LINE
8
BLACK
6
CONTINUOUS
10
5.3747127165354334
20
-4.3434077559055115
11
5.3738899606299215
21
-4.3435714173228348
0
LINE
8
BLACK
6
CONTINUOUS
10
5.3738899606299215
20
-4.3435714173228348
11
5.3657209055118109
21
-4.3435714173228348
0
LINE
8
BLACK
6
CONTINUOUS
10
5.3657209055118109
20
-4.3435714173228348
11
5.3657209055118109
21
-4.3479880708661414
0
LINE
8
BLACK
6
CONTINUOUS
10
5.3657209055118109
20
-4.3479880708661414
11
5.3655572440944876
21
-4.3488108267716532
0
LINE
8
BLACK
6
CONTINUOUS
10
5.3655572440944876
20
-4.3488108267716532
11
5.3643936614173224
21
-4.3499744094488184
0
LINE
8
BLACK
6
CONTINUOUS
10
5.3643936614173224
20
-4.3499744094488184
11
5.3627481496062988
21
-4.3499744094488184
0
LINE
8
BLACK
6
CONTINUOUS
10
5.3627481496062988
20
-4.3499744094488184
11
5.3615845669291335
21
-4.3488108267716532
0
LINE
8
BLACK
6
CONTINUOUS
10
5.3615845669291335
20
-4.3488108267716532
11
5.3614209055118112
21
-4.3479880708661414
0
LINE
8
BLACK
6
CONTINUOUS
10
5.3614209055118112
20
-4.3479880708661414
11
5.3614209055118112
21
-4.3435714173228348
0
LINE
8
BLACK
6
CONTINUOUS
10
5.3614209055118112
20
-4.3435714173228348
11
5.3563399606299216
21
-4.3435714173228348
0
LINE
8
BLACK
6
CONTINUOUS
10
5.3563399606299216
20
-4.3435714173228348
11
5.3563399606299216
21
-4.3508023622047247
0
LINE
8
BLACK
6
CONTINUOUS
10
5.3563399606299216
20
-4.3508023622047247
11
5.3561762992125983
21
-4.3516251181102366
0
LINE
8
BLACK
6
CONTINUOUS
10
5.3561762992125983
20
-4.3516251181102366
11
5.3550127165354331
21
-4.3527887007874018
0
LINE
8
BLACK
6
CONTINUOUS
10
5.3550127165354331
20
-4.3527887007874018
11
5.3533672047244094
21
-4.3527887007874018
0
LINE
8
BLACK
6
CONTINUOUS
10
5.3533672047244094
20
-4.3527887007874018
11
5.3529527559055117
21
-4.352374251968504
0
LINE
8
BLACK
6
CONTINUOUS
10
5.3529527559055117
20
-4.352374251968504
11
5.3529527559055117
21
-4.3795472440944883
0
LINE
8
BLACK
6
CONTINUOUS
10
5.3529527559055117
20
-4.3795472440944883
11
5.4070472440944881
21
-4.3795472440944883
0
LINE
8
BLACK
6
CONTINUOUS
10
5.4070472440944881
20
-4.3795472440944883
11
5.4070472440944881
21
-4.3425000000000002
0
LINE
8
BLACK
6
CONTINUOUS
10
5.4070472440944881
20
-4.3425000000000002
11
5.4071039763779529
21
-4.3419239370078735
0
LINE
8
BLACK
6
CONTINUOUS
10
5.4071039763779529
20
-4.3419239370078735
11
5.4075448818897636
21
-4.3408595275590551
0
LINE
8
BLACK
6
CONTINUOUS
10
5.4075448818897636
20
-4.3408595275590551
11
5.408359527559055
21
-4.3400448818897637
0
LINE
8
BLACK
6
CONTINUOUS
10
5.408359527559055
20
-4.3400448818897637
11
5.4094239370078743
21
-4.339603976377953
0
LINE
8
BLACK
6
CONTINUOUS
10
5.4094239370078743
20
-4.339603976377953
11
5.410576062992126
21
-4.339603976377953
0
LINE
8
BLACK
6
CONTINUOUS
10
5.410576062992126
20
-4.339603976377953
11
5.4116404724409444
21
-4.3400448818897637
0
LINE
8
BLACK
6
CONTINUOUS
10
5.4116404724409444
20
-4.3400448818897637
11
5.4124551181102358
21
-4.3408595275590551
0
LINE
8
BLACK
6
CONTINUOUS
10
5.4124551181102358
20
-4.3408595275590551
11
5.4128960236220474
21
-4.3419239370078735
0
LINE
8
BLACK
6
CONTINUOUS
10
5.4128960236220474
20
-4.3419239370078735
11
5.4129527559055113
21
-4.3425000000000002
0
LINE
8
BLACK
6
CONTINUOUS
10
5.4129527559055113
20
-4.3425000000000002
11
5.4129527559055113
21
-4.3825000000000003
0
LINE
8
BLACK
6
CONTINUOUS
10
5.4129527559055113
20
-4.3825000000000003
11
5.4128960236220474
21
-4.3830760629921262
0
LINE
8
BLACK
6
CONTINUOUS
10
5.4128960236220474
20
-4.3830760629921262
11
5.4124551181102358
21
-4.3841404724409445
0
LINE
8
BLACK
6
CONTINUOUS
10
5.4124551181102358
20
-4.3841404724409445
11
5.4116404724409444
21
-4.384955118110236
0
LINE
8
BLACK
6
CONTINUOUS
10
5.4116404724409444
20
-4.384955118110236
11
5.410576062992126
21
-4.3853960236220475
0
LINE
8
BLACK
6
CONTINUOUS
10
5.410576062992126
20
-4.3853960236220475
11
5.4100000000000001
21
-4.3854527559055114
0
LINE
8
BLACK
6
CONTINUOUS
10
5.4100000000000001
20
-4.3854527559055114
11
5.3499999999999996
21
-4.3854527559055114
0
LINE
8
BLACK
6
CONTINUOUS
10
5.3499999999999996
20
-4.3854527559055114
11
5.3494239370078738
21
-4.3853960236220475
0
LINE
8
BLACK
6
CONTINUOUS
10
5.3494239370078738
20
-4.3853960236220475
11
5.3483595275590554
21
-4.384955118110236
0
LINE
8
BLACK
6
CONTINUOUS
10
5.3483595275590554
20
-4.384955118110236
11
5.347544881889764
21
-4.3841404724409445
0
LINE
8
BLACK
6
CONTINUOUS
10
5.347544881889764
20
-4.3841404724409445
11
5.3471039763779524
21
-4.3830760629921262
0
LINE
8
BLACK
6
CONTINUOUS
10
5.3471039763779524
20
-4.3830760629921262
11
5.3470472440944885
21
-4.3825000000000003
0
LINE
8
BLACK
6
CONTINUOUS
10
5.3470472440944885
20
-4.3825000000000003
11
5.3470472440944885
21
-4.3425000000000002
0
LINE
8
BLACK
6
CONTINUOUS
10
5.3470472440944885
20
-4.3425000000000002
11
5.3471039763779524
21
-4.3419239370078735
0
LINE
8
BLACK
6
CONTINUOUS
10
5.3471039763779524
20
-4.3419239370078735
11
5.347544881889764
21
-4.3408595275590551
0
LINE
8
BLACK
6
CONTINUOUS
10
5.347544881889764
20
-4.3408595275590551
11
5.3483595275590554
21
-4.3400448818897637
0
LINE
8
BLACK
6
CONTINUOUS
10
5.3483595275590554
20
-4.3400448818897637
11
5.3494239370078738
21
-4.339603976377953
0
LINE
8
BLACK
6
CONTINUOUS
10
5.3494239370078738
20
-4.339603976377953
11
5.3505760629921255
21
-4.339603976377953
0
LINE
8
BLACK
6
CONTINUOUS
10
5.3505760629921255
20
-4.339603976377953
11
5.3516404724409448
21
-4.3400448818897637
0
LINE
8
BLACK
6
CONTINUOUS
10
5.3516404724409448
20
-4.3400448818897637
11
5.3522020472440941
21
-4.340606456692913
0
LINE
8
BLACK
6
CONTINUOUS
10
5.3522020472440941
20
-4.340606456692913
11
5.3522036220472442
21
-4.3405986614173226
0
LINE
8
BLACK
6
CONTINUOUS
10
5.3522036220472442
20
-4.3405986614173226
11
5.3533672047244094
21
-4.3394350787401574
0
LINE
8
BLACK
6
CONTINUOUS
10
5.3533672047244094
20
-4.3394350787401574
11
5.3541899606299213
21
-4.3392714173228342
0
LINE
8
BLACK
6
CONTINUOUS
10
5.3541899606299213
20
-4.3392714173228342
11
5.3738899606299215
21
-4.3392714173228342
0
LINE
8
BLACK
6
CONTINUOUS
10
5.3738899606299215
20
-4.3392714173228342
11
5.3747127165354334
21
-4.3394350787401574
0
LINE
8
BLACK
6
CONTINUOUS
10
5.8717040551181103
20
-4.3343803149606295
11
5.8719933464566925
21
-4.3343803149606295
0
LINE
8
BLACK
6
CONTINUOUS
10
5.8719933464566925
20
-4.3343803149606295
11
5.8722634251968504
21
-4.3344921653543302
0
LINE
8
BLACK
6
CONTINUOUS
10
5.8722634251968504
20
-4.3344921653543302
11
5.872550078740157
21
-4.3345495275590551
0
LINE
8
BLACK
6
CONTINUOUS
10
5.872550078740157
20
-4.3345495275590551
11
5.8727904330708656
21
-4.3347104724409444
0
LINE
8
BLACK
6
CONTINUOUS
10
5.8727904330708656
20
-4.3347104724409444
11
5.8730577559055117
21
-4.334821220472441
0
LINE
8
BLACK
6
CONTINUOUS
10
5.8730577559055117
20
-4.334821220472441
11
5.8732644488188974
21
-4.3350279133858267
0
LINE
8
BLACK
6
CONTINUOUS
10
5.8732644488188974
20
-4.3350279133858267
11
5.873507362204724
21
-4.3351905905511812
0
LINE
8
BLACK
6
CONTINUOUS
10
5.873507362204724
20
-4.3351905905511812
11
5.8738703543307089
21
-4.3356338188976373
0
LINE
8
BLACK
6
CONTINUOUS
10
5.8738703543307089
20
-4.3356338188976373
11
5.8738724015748032
21
-4.3356358661417325
0
LINE
8
BLACK
6
CONTINUOUS
10
5.8738724015748032
20
-4.3356358661417325
11
5.8738727559055119
21
-4.3356367322834641
0
LINE
8
BLACK
6
CONTINUOUS
10
5.8738727559055119
20
-4.3356367322834641
11
5.8738741338582674
21
-4.3356384251968505
0
LINE
8
BLACK
6
CONTINUOUS
10
5.8738741338582674
20
-4.3356384251968505
11
5.8774614566929131
21
-4.3410194488188978
0
LINE
8
BLACK
6
CONTINUOUS
10
5.8774614566929131
20
-4.3410194488188978
11
5.8806654330708659
21
-4.3442234251968506
0
LINE
8
BLACK
6
CONTINUOUS
10
5.8806654330708659
20
-4.3442234251968506
11
5.8839863779527555
21
-4.3458838976377949
0
LINE
8
BLACK
6
CONTINUOUS
10
5.8839863779527555
20
-4.3458838976377949
11
5.8844762598425193
21
-4.346192244094488
0
LINE
8
BLACK
6
CONTINUOUS
10
5.8844762598425193
20
-4.346192244094488
11
5.8852311023622041
21
-4.3470626377952755
0
LINE
8
BLACK
6
CONTINUOUS
10
5.8852311023622041
20
-4.3470626377952755
11
5.8855954330708657
21
-4.3481555905511806
0
LINE
8
BLACK
6
CONTINUOUS
10
5.8855954330708657
20
-4.3481555905511806
11
5.8855137795275585
21
-4.3493048031496064
0
LINE
8
BLACK
6
CONTINUOUS
10
5.8855137795275585
20
-4.3493048031496064
11
5.8849985039370081
21
-4.3503353149606294
0
LINE
8
BLACK
6
CONTINUOUS
10
5.8849985039370081
20
-4.3503353149606294
11
5.8841281496062994
21
-4.3510901574803151
0
LINE
8
BLACK
6
CONTINUOUS
10
5.8841281496062994
20
-4.3510901574803151
11
5.8830351574803146
21
-4.3514544881889758
0
LINE
8
BLACK
6
CONTINUOUS
10
5.8830351574803146
20
-4.3514544881889758
11
5.8818859448818896
21
-4.3513728346456695
0
LINE
8
BLACK
6
CONTINUOUS
10
5.8818859448818896
20
-4.3513728346456695
11
5.8813453543307084
21
-4.35116594488189
0
LINE
8
BLACK
6
CONTINUOUS
10
5.8813453543307084
20
-4.35116594488189
11
5.8775958267716533
21
-4.3492911811023625
0
LINE
8
BLACK
6
CONTINUOUS
10
5.8775958267716533
20
-4.3492911811023625
11
5.8773479921259844
21
-4.3491351574803145
0
LINE
8
BLACK
6
CONTINUOUS
10
5.8773479921259844
20
-4.3491351574803145
11
5.8772758661417326
21
-4.3491053149606298
0
LINE
8
BLACK
6
CONTINUOUS
10
5.8772758661417326
20
-4.3491053149606298
11
5.8771946850393704
21
-4.3490387007874016
0
LINE
8
BLACK
6
CONTINUOUS
10
5.8771946850393704
20
-4.3490387007874016
11
5.8771059448818894
21
-4.3489828346456694
0
LINE
8
BLACK
6
CONTINUOUS
10
5.8771059448818894
20
-4.3489828346456694
11
5.8770548031496066
21
-4.3489238976377953
0
LINE
8
BLACK
6
CONTINUOUS
10
5.8770548031496066
20
-4.3489238976377953
11
5.8768284251968499
21
-4.3487380708661414
0
LINE
8
BLACK
6
CONTINUOUS
10
5.8768284251968499
20
-4.3487380708661414
11
5.8743700393700786
21
-4.3462796850393701
0
LINE
8
BLACK
6
CONTINUOUS
10
5.8743700393700786
20
-4.3462796850393701
11
5.8743700393700786
21
-4.373693661417323
0
LINE
8
BLACK
6
CONTINUOUS
10
5.8743700393700786
20
-4.373693661417323
11
5.8826658661417319
21
-4.373693661417323
0
LINE
8
BLACK
6
CONTINUOUS
10
5.8826658661417319
20
-4.373693661417323
11
5.8832419291338578
21
-4.3737503937007869
0
LINE
8
BLACK
6
CONTINUOUS
10
5.8832419291338578
20
-4.3737503937007869
11
5.884306338582677
21
-4.3741912992125984
0
LINE
8
BLACK
6
CONTINUOUS
10
5.884306338582677
20
-4.3741912992125984
11
5.8851209842519685
21
-4.3750059448818899
0
LINE
8
BLACK
6
CONTINUOUS
10
5.8851209842519685
20
-4.3750059448818899
11
5.8855618897637791
21
-4.3760703543307082
0
LINE
8
BLACK
6
CONTINUOUS
10
5.8855618897637791
20
-4.3760703543307082
11
5.8855618897637791
21
-4.3772224803149609
0
LINE
8
BLACK
6
CONTINUOUS
10
5.8855618897637791
20
-4.3772224803149609
11
5.8851209842519685
21
-4.3782868897637792
0
LINE
8
BLACK
6
CONTINUOUS
10
5.8851209842519685
20
-4.3782868897637792
11
5.884306338582677
21
-4.3791015354330707
0
LINE
8
BLACK
6
CONTINUOUS
10
5.884306338582677
20
-4.3791015354330707
11
5.8832419291338578
21
-4.3795424409448822
0
LINE
8
BLACK
6
CONTINUOUS
10
5.8832419291338578
20
-4.3795424409448822
11
5.8826658661417319
21
-4.3795991732283461
0
LINE
8
BLACK
6
CONTINUOUS
10
5.8826658661417319
20
-4.3795991732283461
11
5.8601687007874013
21
-4.3795991732283461
0
LINE
8
BLACK
6
CONTINUOUS
10
5.8601687007874013
20
-4.3795991732283461
11
5.8595926377952754
21
-4.3795424409448822
0
LINE
8
BLACK
6
CONTINUOUS
10
5.8595926377952754
20
-4.3795424409448822
11
5.8585282283464561
21
-4.3791015354330707
0
LINE
8
BLACK
6
CONTINUOUS
10
5.8585282283464561
20
-4.3791015354330707
11
5.8577135826771656
21
-4.3782868897637792
0
LINE
8
BLACK
6
CONTINUOUS
10
5.8577135826771656
20
-4.3782868897637792
11
5.857272677165354
21
-4.3772224803149609
0
LINE
8
BLACK
6
CONTINUOUS
10
5.857272677165354
20
-4.3772224803149609
11
5.857272677165354
21
-4.3760703543307082
0
LINE
8
BLACK
6
CONTINUOUS
10
5.857272677165354
20
-4.3760703543307082
11
5.8577135826771656
21
-4.3750059448818899
0
LINE
8
BLACK
6
CONTINUOUS
10
5.8577135826771656
20
-4.3750059448818899
11
5.8585282283464561
21
-4.3741912992125984
0
LINE
8
BLACK
6
CONTINUOUS
10
5.8585282283464561
20
-4.3741912992125984
11
5.8595926377952754
21
-4.3737503937007869
0
LINE
8
BLACK
6
CONTINUOUS
10
5.8595926377952754
20
-4.3737503937007869
11
5.8601687007874013
21
-4.373693661417323
0
LINE
8
BLACK
6
CONTINUOUS
10
5.8601687007874013
20
-4.373693661417323
11
5.8684645275590546
21
-4.373693661417323
0
LINE
8
BLACK
6
CONTINUOUS
10
5.8684645275590546
20
-4.373693661417323
11
5.8684645275590546
21
-4.3372763385826767
0
LINE
8
BLACK
6
CONTINUOUS
10
5.8684645275590546
20
-4.3372763385826767
11
5.8684647244094483
21
-4.3372742519685037
0
LINE
8
BLACK
6
CONTINUOUS
10
5.8684647244094483
20
-4.3372742519685037
11
5.8684645275590546
21
-4.337273228346457
0
LINE
8
BLACK
6
CONTINUOUS
10
5.8684645275590546
20
-4.337273228346457
11
5.8684651181102359
21
-4.3372701968503939
0
LINE
8
BLACK
6
CONTINUOUS
10
5.8684651181102359
20
-4.3372701968503939
11
5.8685212598425194
21
-4.3367002755905508
0
LINE
8
BLACK
6
CONTINUOUS
10
5.8685212598425194
20
-4.3367002755905508
11
5.8686331102362201
21
-4.336430157480315
0
LINE
8
BLACK
6
CONTINUOUS
10
5.8686331102362201
20
-4.336430157480315
11
5.868690472440945
21
-4.3361435433070863
0
LINE
8
BLACK
6
CONTINUOUS
10
5.868690472440945
20
-4.3361435433070863
11
5.8688514173228343
21
-4.335903149606299
0
LINE
8
BLACK
6
CONTINUOUS
10
5.8688514173228343
20
-4.335903149606299
11
5.8689621653543309
21
-4.3356358661417325
0
LINE
8
BLACK
6
CONTINUOUS
10
5.8689621653543309
20
-4.3356358661417325
11
5.8691688582677166
21
-4.335429133858268
0
LINE
8
BLACK
6
CONTINUOUS
10
5.8691688582677166
20
-4.335429133858268
11
5.8693315354330711
21
-4.3351862598425193
0
LINE
8
BLACK
6
CONTINUOUS
10
5.8693315354330711
20
-4.3351862598425193
11
5.8695722440944884
21
-4.3350257480314962
0
LINE
8
BLACK
6
CONTINUOUS
10
5.8695722440944884
20
-4.3350257480314962
11
5.8697768110236215
21
-4.334821220472441
0
LINE
8
BLACK
6
CONTINUOUS
10
5.8697768110236215
20
-4.334821220472441
11
5.8700468897637794
21
-4.3347093307086615
0
LINE
8
BLACK
6
CONTINUOUS
10
5.8700468897637794
20
-4.3347093307086615
11
5.8702901574803148
21
-4.3345471653543308
0
LINE
8
BLACK
6
CONTINUOUS
10
5.8702901574803148
20
-4.3345471653543308
11
5.8705739370078742
21
-4.3344910236220473
0
LINE
8
BLACK
6
CONTINUOUS
10
5.8705739370078742
20
-4.3344910236220473
11
5.8708412204724407
21
-4.3343803149606295
0
LINE
8
BLACK
6
CONTINUOUS
10
5.8708412204724407
20
-4.3343803149606295
11
5.8711336220472443
21
-4.3343803149606295
0
LINE
8
BLACK
6
CONTINUOUS
10
5.8711336220472443
20
-4.3343803149606295
11
5.8714203937007872
21
-4.3343235826771656
0
LINE
8
BLACK
6
CONTINUOUS
10
5.8714203937007872
20
-4.3343235826771656
11
5.8717040551181103
21
-4.3343803149606295
0
LINE
8
BLACK
6
CONTINUOUS
10
5.9207372440944877
20
-4.3343803149606295
11
5.9218016535433069
21
-4.334821220472441
0
LINE
8
BLACK
6
CONTINUOUS
10
5.9218016535433069
20
-4.334821220472441
11
5.9226162992125984
21
-4.3356358661417325
0
LINE
8
BLACK
6
CONTINUOUS
10
5.9226162992125984
20
-4.3356358661417325
11
5.923057204724409
21
-4.3367002755905508
0
LINE
8
BLACK
6
CONTINUOUS
10
5.923057204724409
20
-4.3367002755905508
11
5.9231139370078738
21
-4.3372763385826767
0
LINE
8
BLACK
6
CONTINUOUS
10
5.9231139370078738
20
-4.3372763385826767
11
5.9231139370078738
21
-4.3766464173228341
0
LINE
8
BLACK
6
CONTINUOUS
10
5.9231139370078738
20
-4.3766464173228341
11
5.923057204724409
21
-4.3772224803149609
0
LINE
8
BLACK
6
CONTINUOUS
10
5.923057204724409
20
-4.3772224803149609
11
5.9226162992125984
21
-4.3782868897637792
0
LINE
8
BLACK
6
CONTINUOUS
10
5.9226162992125984
20
-4.3782868897637792
11
5.9218016535433069
21
-4.3791015354330707
0
LINE
8
BLACK
6
CONTINUOUS
10
5.9218016535433069
20
-4.3791015354330707
11
5.9207372440944877
21
-4.3795424409448822
0
LINE
8
BLACK
6
CONTINUOUS
10
5.9207372440944877
20
-4.3795424409448822
11
5.9201611811023618
21
-4.3795991732283461
0
LINE
8
BLACK
6
CONTINUOUS
10
5.9201611811023618
20
-4.3795991732283461
11
5.910787362204724
21
-4.3795991732283461
0
LINE
8
BLACK
6
CONTINUOUS
10
5.910787362204724
20
-4.3795991732283461
11
5.9104957480314964
21
-4.3795704330708665
0
LINE
8
BLACK
6
CONTINUOUS
10
5.9104957480314964
20
-4.3795704330708665
11
5.9104180314960626
21
-4.3795759842519688
0
LINE
8
BLACK
6
CONTINUOUS
10
5.9104180314960626
20
-4.3795759842519688
11
5.9103157480314961
21
-4.3795527165354331
0
LINE
8
BLACK
6
CONTINUOUS
10
5.9103157480314961
20
-4.3795527165354331
11
5.9102112992125981
21
-4.3795424409448822
0
LINE
8
BLACK
6
CONTINUOUS
10
5.9102112992125981
20
-4.3795424409448822
11
5.9101392125984251
21
-4.3795125590551178
0
LINE
8
BLACK
6
CONTINUOUS
10
5.9101392125984251
20
-4.3795125590551178
11
5.9098535826771652
21
-4.3794476377952751
0
LINE
8
BLACK
6
CONTINUOUS
10
5.9098535826771652
20
-4.3794476377952751
11
5.9042293307086613
21
-4.3775728740157476
0
LINE
8
BLACK
6
CONTINUOUS
10
5.9042293307086613
20
-4.3775728740157476
11
5.903700748031496
21
-4.3773368897637797
0
LINE
8
BLACK
6
CONTINUOUS
10
5.903700748031496
20
-4.3773368897637797
11
5.9036206299212601
21
-4.3772674015748034
0
LINE
8
BLACK
6
CONTINUOUS
10
5.9036206299212601
20
-4.3772674015748034
11
5.9035225984251971
21
-4.3772268110236219
0
LINE
8
BLACK
6
CONTINUOUS
10
5.9035225984251971
20
-4.3772268110236219
11
5.9030751574803144
21
-4.3768595669291335
0
LINE
8
BLACK
6
CONTINUOUS
10
5.9030751574803144
20
-4.3768595669291335
11
5.8993256299212593
21
-4.3731099999999996
0
LINE
8
BLACK
6
CONTINUOUS
10
5.8993256299212593
20
-4.3731099999999996
11
5.899139842519685
21
-4.3728836220472438
0
LINE
8
BLACK
6
CONTINUOUS
10
5.899139842519685
20
-4.3728836220472438
11
5.8990808661417322
21
-4.372832480314961
0
LINE
8
BLACK
6
CONTINUOUS
10
5.8990808661417322
20
-4.372832480314961
11
5.8990248818897637
21
-4.3727435433070863
0
LINE
8
BLACK
6
CONTINUOUS
10
5.8990248818897637
20
-4.3727435433070863
11
5.8989583858267718
21
-4.3726625196850391
0
LINE
8
BLACK
6
CONTINUOUS
10
5.8989583858267718
20
-4.3726625196850391
11
5.8989285433070862
21
-4.3725904724409448
0
LINE
8
BLACK
6
CONTINUOUS
10
5.8989285433070862
20
-4.3725904724409448
11
5.8987725196850391
21
-4.3723425984251971
0
LINE
8
BLACK
6
CONTINUOUS
10
5.8987725196850391
20
-4.3723425984251971
11
5.8968977559055116
21
-4.368593070866142
0
LINE
8
BLACK
6
CONTINUOUS
10
5.8968977559055116
20
-4.368593070866142
11
5.8968816141732283
21
-4.36855094488189
0
LINE
8
BLACK
6
CONTINUOUS
10
5.8968816141732283
20
-4.36855094488189
11
5.8968689370078735
21
-4.3685338188976379
0
LINE
8
BLACK
6
CONTINUOUS
10
5.8968689370078735
20
-4.3685338188976379
11
5.8967824803149602
21
-4.3682918503937005
0
LINE
8
BLACK
6
CONTINUOUS
10
5.8967824803149602
20
-4.3682918503937005
11
5.8966908661417321
21
-4.368052440944882
0
LINE
8
BLACK
6
CONTINUOUS
10
5.8966908661417321
20
-4.368052440944882
11
5.8966893307086616
21
-4.3680311811023618
0
LINE
8
BLACK
6
CONTINUOUS
10
5.8966893307086616
20
-4.3680311811023618
11
5.8966741732283463
21
-4.3679887007874019
0
LINE
8
BLACK
6
CONTINUOUS
10
5.8966741732283463
20
-4.3679887007874019
11
5.8947994094488187
21
-4.3604896456692916
0
LINE
8
BLACK
6
CONTINUOUS
10
5.8947994094488187
20
-4.3604896456692916
11
5.8947846062992122
21
-4.3603897637795273
0
LINE
8
BLACK
6
CONTINUOUS
10
5.8947846062992122
20
-4.3603897637795273
11
5.8947679921259839
21
-4.3603495669291341
0
LINE
8
BLACK
6
CONTINUOUS
10
5.8947679921259839
20
-4.3603495669291341
11
5.8947466141732283
21
-4.3601325196850391
0
LINE
8
BLACK
6
CONTINUOUS
10
5.8947466141732283
20
-4.3601325196850391
11
5.8947147637795272
21
-4.3599170472440942
0
LINE
8
BLACK
6
CONTINUOUS
10
5.8947147637795272
20
-4.3599170472440942
11
5.8947211417322833
21
-4.3598740157480318
0
LINE
8
BLACK
6
CONTINUOUS
10
5.8947211417322833
20
-4.3598740157480318
11
5.89471125984252
21
-4.3597735039370074
0
LINE
8
BLACK
6
CONTINUOUS
10
5.89471125984252
20
-4.3597735039370074
11
5.89471125984252
21
-4.3541492125984247
0
LINE
8
BLACK
6
CONTINUOUS
10
5.89471125984252
20
-4.3541492125984247
11
5.8947211417322833
21
-4.3540486614173224
0
LINE
8
BLACK
6
CONTINUOUS
10
5.8947211417322833
20
-4.3540486614173224
11
5.8947147637795272
21
-4.3540056692913387
0
LINE
8
BLACK
6
CONTINUOUS
10
5.8947147637795272
20
-4.3540056692913387
11
5.8947466141732283
21
-4.3537901574803151
0
LINE
8
BLACK
6
CONTINUOUS
10
5.8947466141732283
20
-4.3537901574803151
11
5.8947679921259839
21
-4.3535731496062988
0
LINE
8
BLACK
6
CONTINUOUS
10
5.8947679921259839
20
-4.3535731496062988
11
5.8947846062992122
21
-4.3535329133858269
0
LINE
8
BLACK
6
CONTINUOUS
10
5.8947846062992122
20
-4.3535329133858269
11
5.8947994094488187
21
-4.3534330708661413
0
LINE
8
BLACK
6
CONTINUOUS
10
5.8947994094488187
20
-4.3534330708661413
11
5.8966741732283463
21
-4.3459340157480311
0
LINE
8
BLACK
6
CONTINUOUS
10
5.8966741732283463
20
-4.3459340157480311
11
5.8966893307086616
21
-4.3458914960629924
0
LINE
8
BLACK
6
CONTINUOUS
10
5.8966893307086616
20
-4.3458914960629924
11
5.8966908661417321
21
-4.3458702755905509
0
LINE
8
BLACK
6
CONTINUOUS
10
5.8966908661417321
20
-4.3458702755905509
11
5.8967828740157477
21
-4.3456298031496061
0
LINE
8
BLACK
6
CONTINUOUS
10
5.8967828740157477
20
-4.3456298031496061
11
5.8968689370078735
21
-4.345388897637795
0
LINE
8
BLACK
6
CONTINUOUS
10
5.8968689370078735
20
-4.345388897637795
11
5.8968816141732283
21
-4.3453717322834642
0
LINE
8
BLACK
6
CONTINUOUS
10
5.8968816141732283
20
-4.3453717322834642
11
5.8968977559055116
21
-4.3453296456692909
0
LINE
8
BLACK
6
CONTINUOUS
10
5.8968977559055116
20
-4.3453296456692909
11
5.8987725196850391
21
-4.3415801181102358
0
LINE
8
BLACK
6
CONTINUOUS
10
5.8987725196850391
20
-4.3415801181102358
11
5.8989285826771649
21
-4.3413320866141731
0
LINE
8
BLACK
6
CONTINUOUS
10
5.8989285826771649
20
-4.3413320866141731
11
5.8989584251968505
21
-4.3412601574803151
0
LINE
8
BLACK
6
CONTINUOUS
10
5.8989584251968505
20
-4.3412601574803151
11
5.8990248818897637
21
-4.3411791732283467
0
LINE
8
BLACK
6
CONTINUOUS
10
5.8990248818897637
20
-4.3411791732283467
11
5.8990808661417322
21
-4.341090236220472
0
LINE
8
BLACK
6
CONTINUOUS
10
5.8990808661417322
20
-4.341090236220472
11
5.899139842519685
21
-4.3410390551181104
0
LINE
8
BLACK
6
CONTINUOUS
10
5.899139842519685
20
-4.3410390551181104
11
5.8993256299212593
21
-4.3408127165354333
0
LINE
8
BLACK
6
CONTINUOUS
10
5.8993256299212593
20
-4.3408127165354333
11
5.9030751574803144
21
-4.3370631889763782
0
LINE
8
BLACK
6
CONTINUOUS
10
5.9030751574803144
20
-4.3370631889763782
11
5.9035225984251971
21
-4.3366959448818898
0
LINE
8
BLACK
6
CONTINUOUS
10
5.9035225984251971
20
-4.3366959448818898
11
5.9036206299212601
21
-4.3366553149606295
0
LINE
8
BLACK
6
CONTINUOUS
10
5.9036206299212601
20
-4.3366553149606295
11
5.903700748031496
21
-4.336585866141732
0
LINE
8
BLACK
6
CONTINUOUS
10
5.903700748031496
20
-4.336585866141732
11
5.9042293307086613
21
-4.3363498818897641
0
LINE
8
BLACK
6
CONTINUOUS
10
5.9042293307086613
20
-4.3363498818897641
11
5.9098535826771652
21
-4.3344751181102366
0
LINE
8
BLACK
6
CONTINUOUS
10
5.9098535826771652
20
-4.3344751181102366
11
5.9101392125984251
21
-4.3344101574803151
0
LINE
8
BLACK
6
CONTINUOUS
10
5.9101392125984251
20
-4.3344101574803151
11
5.9102112992125981
21
-4.3343803149606295
0
LINE
8
BLACK
6
CONTINUOUS
10
5.9102112992125981
20
-4.3343803149606295
11
5.9103157480314961
21
-4.3343699999999998
0
LINE
8
BLACK
6
CONTINUOUS
10
5.9103157480314961
20
-4.3343699999999998
11
5.9104180314960626
21
-4.3343467716535429
0
LINE
8
BLACK
6
CONTINUOUS
10
5.9104180314960626
20
-4.3343467716535429
11
5.9104957480314964
21
-4.3343522834645665
0
LINE
8
BLACK
6
CONTINUOUS
10
5.9104957480314964
20
-4.3343522834645665
11
5.910787362204724
21
-4.3343235826771656
0
LINE
8
BLACK
6
CONTINUOUS
10
5.910787362204724
20
-4.3343235826771656
11
5.9201611811023618
21
-4.3343235826771656
0
LINE
8
BLACK
6
CONTINUOUS
10
5.9201611811023618
20
-4.3343235826771656
11
5.9207372440944877
21
-4.3343803149606295
0
LINE
8
BLACK
6
CONTINUOUS
10
5.9067581102362201
20
-4.3417318897637793
11
5.903840275590551
21
-4.3446497244094484
0
LINE
8
BLACK
6
CONTINUOUS
10
5.903840275590551
20
-4.3446497244094484
11
5.9023247637795277
21
-4.3476807086614171
0
LINE
8
BLACK
6
CONTINUOUS
10
5.9023247637795277
20
-4.3476807086614171
11
5.9006167716535431
21
-4.3545127559055121
0
LINE
8
BLACK
6
CONTINUOUS
10
5.9006167716535431
20
-4.3545127559055121
11
5.9006167716535431
21
-4.3594099606299208
0
LINE
8
BLACK
6
CONTINUOUS
10
5.9006167716535431
20
-4.3594099606299208
11
5.9023247637795277
21
-4.3662420078740158
0
LINE
8
BLACK
6
CONTINUOUS
10
5.9023247637795277
20
-4.3662420078740158
11
5.903840275590551
21
-4.3692729921259845
0
LINE
8
BLACK
6
CONTINUOUS
10
5.903840275590551
20
-4.3692729921259845
11
5.9067581102362201
21
-4.3721908661417324
0
LINE
8
BLACK
6
CONTINUOUS
10
5.9067581102362201
20
-4.3721908661417324
11
5.9112664960629919
21
-4.373693661417323
0
LINE
8
BLACK
6
CONTINUOUS
10
5.9112664960629919
20
-4.373693661417323
11
5.9172084251968506
21
-4.373693661417323
0
LINE
8
BLACK
6
CONTINUOUS
10
5.9172084251968506
20
-4.373693661417323
11
5.9172084251968506
21
-4.3402290944881887
0
LINE
8
BLACK
6
CONTINUOUS
10
5.9172084251968506
20
-4.3402290944881887
11
5.9112664960629919
21
-4.3402290944881887
0
LINE
8
BLACK
6
CONTINUOUS
10
5.9112664960629919
20
-4.3402290944881887
11
5.9067581102362201
21
-4.3417318897637793
0
LINE
8
BLACK
6
CONTINUOUS
10
5.6561300393700789
20
-4.3596909842519684
11
5.6572936220472441
21
-4.3608545669291336
0
LINE
8
BLACK
6
CONTINUOUS
10
5.6572936220472441
20
-4.3608545669291336
11
5.6572936220472441
21
-4.3625000787401573
0
LINE
8
BLACK
6
CONTINUOUS
10
5.6572936220472441
20
-4.3625000787401573
11
5.6561300393700789
21
-4.3636636614173225
0
LINE
8
BLACK
6
CONTINUOUS
10
5.6561300393700789
20
-4.3636636614173225
11
5.655307283464567
21
-4.3638273228346458
0
LINE
8
BLACK
6
CONTINUOUS
10
5.655307283464567
20
-4.3638273228346458
11
5.6471382283464564
21
-4.3638273228346458
0
LINE
8
BLACK
6
CONTINUOUS
10
5.6471382283464564
20
-4.3638273228346458
11
5.6471382283464564
21
-4.3682439763779524
0
LINE
8
BLACK
6
CONTINUOUS
10
5.6471382283464564
20
-4.3682439763779524
11
5.646974566929134
21
-4.3690667322834642
0
LINE
8
BLACK
6
CONTINUOUS
10
5.646974566929134
20
-4.3690667322834642
11
5.6458109842519688
21
-4.3702303149606294
0
LINE
8
BLACK
6
CONTINUOUS
10
5.6458109842519688
20
-4.3702303149606294
11
5.6441654724409451
21
-4.3702303149606294
0
LINE
8
BLACK
6
CONTINUOUS
10
5.6441654724409451
20
-4.3702303149606294
11
5.643001889763779
21
-4.3690667322834642
0
LINE
8
BLACK
6
CONTINUOUS
10
5.643001889763779
20
-4.3690667322834642
11
5.6428382283464567
21
-4.3682439763779524
0
LINE
8
BLACK
6
CONTINUOUS
10
5.6428382283464567
20
-4.3682439763779524
11
5.6428382283464567
21
-4.3638273228346458
0
LINE
8
BLACK
6
CONTINUOUS
10
5.6428382283464567
20
-4.3638273228346458
11
5.6377572834645671
21
-4.3638273228346458
0
LINE
8
BLACK
6
CONTINUOUS
10
5.6377572834645671
20
-4.3638273228346458
11
5.6377572834645671
21
-4.3710582677165357
0
LINE
8
BLACK
6
CONTINUOUS
10
5.6377572834645671
20
-4.3710582677165357
11
5.6375936220472438
21
-4.3718810236220476
0
LINE
8
BLACK
6
CONTINUOUS
10
5.6375936220472438
20
-4.3718810236220476
11
5.6364300393700786
21
-4.3730446062992128
0
LINE
8
BLACK
6
CONTINUOUS
10
5.6364300393700786
20
-4.3730446062992128
11
5.6347845275590549
21
-4.3730446062992128
0
LINE
8
BLACK
6
CONTINUOUS
10
5.6347845275590549
20
-4.3730446062992128
11
5.6336209448818897
21
-4.3718810236220476
0
LINE
8
BLACK
6
CONTINUOUS
10
5.6336209448818897
20
-4.3718810236220476
11
5.6334572834645664
21
-4.3710582677165357
0
LINE
8
BLACK
6
CONTINUOUS
10
5.6334572834645664
20
-4.3710582677165357
11
5.6334572834645664
21
-4.3616773228346455
0
LINE
8
BLACK
6
CONTINUOUS
10
5.6334572834645664
20
-4.3616773228346455
11
5.6336209448818897
21
-4.3608545669291336
0
LINE
8
BLACK
6
CONTINUOUS
10
5.6336209448818897
20
-4.3608545669291336
11
5.6347845275590549
21
-4.3596909842519684
0
LINE
8
BLACK
6
CONTINUOUS
10
5.6347845275590549
20
-4.3596909842519684
11
5.6356072834645667
21
-4.3595273228346452
0
LINE
8
BLACK
6
CONTINUOUS
10
5.6356072834645667
20
-4.3595273228346452
11
5.655307283464567
21
-4.3595273228346452
0
LINE
8
BLACK
6
CONTINUOUS
10
5.655307283464567
20
-4.3595273228346452
11
5.6561300393700789
21
-4.3596909842519684
0
LINE
8
BLACK
6
CONTINUOUS
10
5.6153600787401574
20
-4.3449496062992123
11
5.615880433070866
21
-4.346510708661417
0
LINE
8
BLACK
6
CONTINUOUS
10
5.615880433070866
20
-4.346510708661417
11
5.6156588582677163
21
-4.3473198031496061
0
LINE
8
BLACK
6
CONTINUOUS
10
5.6156588582677163
20
-4.3473198031496061
11
5.6147207480314956
21
-4.3491959842519687
0
LINE
8
BLACK
6
CONTINUOUS
10
5.6147207480314956
20
-4.3491959842519687
11
5.6145096062992126
21
-4.3494679921259838
0
LINE
8
BLACK
6
CONTINUOUS
10
5.6145096062992126
20
-4.3494679921259838
11
5.6143180314960626
21
-4.3497547244094488
0
LINE
8
BLACK
6
CONTINUOUS
10
5.6143180314960626
20
-4.3497547244094488
11
5.6142359055118112
21
-4.349836850393701
0
LINE
8
BLACK
6
CONTINUOUS
10
5.6142359055118112
20
-4.349836850393701
11
5.6256572834645668
21
-4.349836850393701
0
LINE
8
BLACK
6
CONTINUOUS
10
5.6256572834645668
20
-4.349836850393701
11
5.6256572834645668
21
-4.3463582677165356
0
LINE
8
BLACK
6
CONTINUOUS
10
5.6256572834645668
20
-4.3463582677165356
11
5.6258209448818892
21
-4.3455355118110237
0
LINE
8
BLACK
6
CONTINUOUS
10
5.6258209448818892
20
-4.3455355118110237
11
5.6269845275590553
21
-4.3443719291338585
0
LINE
8
BLACK
6
CONTINUOUS
10
5.6269845275590553
20
-4.3443719291338585
11
5.628630039370079
21
-4.3443719291338585
0
LINE
8
BLACK
6
CONTINUOUS
10
5.628630039370079
20
-4.3443719291338585
11
5.6297936220472442
21
-4.3455355118110237
0
LINE
8
BLACK
6
CONTINUOUS
10
5.6297936220472442
20
-4.3455355118110237
11
5.6299572834645666
21
-4.3463582677165356
0
LINE
8
BLACK
6
CONTINUOUS
10
5.6299572834645666
20
-4.3463582677165356
11
5.6299572834645666
21
-4.3576153937007875
0
LINE
8
BLACK
6
CONTINUOUS
10
5.6299572834645666
20
-4.3576153937007875
11
5.6297936220472442
21
-4.3584381496062994
0
LINE
8
BLACK
6
CONTINUOUS
10
5.6297936220472442
20
-4.3584381496062994
11
5.628630039370079
21
-4.3596017322834646
0
LINE
8
BLACK
6
CONTINUOUS
10
5.628630039370079
20
-4.3596017322834646
11
5.6269845275590553
21
-4.3596017322834646
0
LINE
8
BLACK
6
CONTINUOUS
10
5.6269845275590553
20
-4.3596017322834646
11
5.6258209448818892
21
-4.3584381496062994
0
LINE
8
BLACK
6
CONTINUOUS
10
5.6258209448818892
20
-4.3584381496062994
11
5.6256572834645668
21
-4.3576153937007875
0
LINE
8
BLACK
6
CONTINUOUS
10
5.6256572834645668
20
-4.3576153937007875
11
5.6256572834645668
21
-4.3541368503937008
0
LINE
8
BLACK
6
CONTINUOUS
10
5.6256572834645668
20
-4.3541368503937008
11
5.6081072834645669
21
-4.3541368503937008
0
LINE
8
BLACK
6
CONTINUOUS
10
5.6081072834645669
20
-4.3541368503937008
11
5.607284527559055
21
-4.3539731889763775
0
LINE
8
BLACK
6
CONTINUOUS
10
5.607284527559055
20
-4.3539731889763775
11
5.6071279921259842
21
-4.3538166535433067
0
LINE
8
BLACK
6
CONTINUOUS
10
5.6071279921259842
20
-4.3538166535433067
11
5.6069109448818892
21
-4.3537732677165355
0
LINE
8
BLACK
6
CONTINUOUS
10
5.6069109448818892
20
-4.3537732677165355
11
5.6065636220472443
21
-4.3532522834645668
0
LINE
8
BLACK
6
CONTINUOUS
10
5.6065636220472443
20
-4.3532522834645668
11
5.6061209448818898
21
-4.3528096062992123
0
LINE
8
BLACK
6
CONTINUOUS
10
5.6061209448818898
20
-4.3528096062992123
11
5.6061209448818898
21
-4.3525882283464563
0
LINE
8
BLACK
6
CONTINUOUS
10
5.6061209448818898
20
-4.3525882283464563
11
5.6059981889763781
21
-4.3524040944881888
0
LINE
8
BLACK
6
CONTINUOUS
10
5.6059981889763781
20
-4.3524040944881888
11
5.6061209448818898
21
-4.3517902362204728
0
LINE
8
BLACK
6
CONTINUOUS
10
5.6061209448818898
20
-4.3517902362204728
11
5.6061209448818898
21
-4.3511640944881886
0
LINE
8
BLACK
6
CONTINUOUS
10
5.6061209448818898
20
-4.3511640944881886
11
5.6062774409448819
21
-4.3510075590551178
0
LINE
8
BLACK
6
CONTINUOUS
10
5.6062774409448819
20
-4.3510075590551178
11
5.6063208661417319
21
-4.3507905118110237
0
LINE
8
BLACK
6
CONTINUOUS
10
5.6063208661417319
20
-4.3507905118110237
11
5.6069146850393699
21
-4.3501979527559058
0
LINE
8
BLACK
6
CONTINUOUS
10
5.6069146850393699
20
-4.3501979527559058
11
5.609551850393701
21
-4.3484397637795276
0
LINE
8
BLACK
6
CONTINUOUS
10
5.609551850393701
20
-4.3484397637795276
11
5.6110307480314958
21
-4.3469608661417318
0
LINE
8
BLACK
6
CONTINUOUS
10
5.6110307480314958
20
-4.3469608661417318
11
5.6118128346456695
21
-4.3453967322834641
0
LINE
8
BLACK
6
CONTINUOUS
10
5.6118128346456695
20
-4.3453967322834641
11
5.6123272047244095
21
-4.3447340551181099
0
LINE
8
BLACK
6
CONTINUOUS
10
5.6123272047244095
20
-4.3447340551181099
11
5.6138883070866141
21
-4.3442137007874013
0
LINE
8
BLACK
6
CONTINUOUS
10
5.6138883070866141
20
-4.3442137007874013
11
5.6153600787401574
21
-4.3449496062992123
0
LINE
8
BLACK
6
CONTINUOUS
10
6.4184297637795273
20
-4.3302448818897634
11
6.4184554330708661
21
-4.3302363385826768
0
LINE
8
BLACK
6
CONTINUOUS
10
6.4184554330708661
20
-4.3302363385826768
11
6.4186379527559057
21
-4.3302862992125979
0
LINE
8
BLACK
6
CONTINUOUS
10
6.4186379527559057
20
-4.3302862992125979
11
6.4188237401574799
21
-4.3303232677165351
0
LINE
8
BLACK
6
CONTINUOUS
10
6.4188237401574799
20
-4.3303232677165351
11
6.4188428740157475
21
-4.3303424015748027
0
LINE
8
BLACK
6
CONTINUOUS
10
6.4188428740157475
20
-4.3303424015748027
11
6.4188999606299211
21
-4.330358031496063
0
LINE
8
BLACK
6
CONTINUOUS
10
6.4188999606299211
20
-4.330358031496063
11
6.4203997637795274
21
-4.3311079527559055
0
LINE
8
BLACK
6
CONTINUOUS
10
6.4203997637795274
20
-4.3311079527559055
11
6.4205492125984254
21
-4.3312239763779523
0
LINE
8
BLACK
6
CONTINUOUS
10
6.4205492125984254
20
-4.3312239763779523
11
6.4207066929133854
21
-4.3313291732283465
0
LINE
8
BLACK
6
CONTINUOUS
10
6.4207066929133854
20
-4.3313291732283465
11
6.4214565748031491
21
-4.3320790551181103
0
LINE
8
BLACK
6
CONTINUOUS
10
6.4214565748031491
20
-4.3320790551181103
11
6.4217126377952756
21
-4.3324622440944882
0
LINE
8
BLACK
6
CONTINUOUS
10
6.4217126377952756
20
-4.3324622440944882
11
6.4217126771653543
21
-4.3333661811023623
0
LINE
8
BLACK
6
CONTINUOUS
10
6.4217126771653543
20
-4.3333661811023623
11
6.42107342519685
21
-4.3340054330708657
0
LINE
8
BLACK
6
CONTINUOUS
10
6.42107342519685
20
-4.3340054330708657
11
6.4201695275590547
21
-4.3340054724409445
0
LINE
8
BLACK
6
CONTINUOUS
10
6.4201695275590547
20
-4.3340054724409445
11
6.419786299212598
21
-4.3337494488188977
0
LINE
8
BLACK
6
CONTINUOUS
10
6.419786299212598
20
-4.3337494488188977
11
6.4191718503937008
21
-4.3331350393700783
0
LINE
8
BLACK
6
CONTINUOUS
10
6.4191718503937008
20
-4.3331350393700783
11
6.4180928740157475
21
-4.3325955511811021
0
LINE
8
BLACK
6
CONTINUOUS
10
6.4180928740157475
20
-4.3325955511811021
11
6.4149010629921257
21
-4.3325955511811021
0
LINE
8
BLACK
6
CONTINUOUS
10
6.4149010629921257
20
-4.3325955511811021
11
6.413821968503937
21
-4.333135078740157
0
LINE
8
BLACK
6
CONTINUOUS
10
6.413821968503937
20
-4.333135078740157
11
6.4133431496062991
21
-4.3336138976377949
0
LINE
8
BLACK
6
CONTINUOUS
10
6.4133431496062991
20
-4.3336138976377949
11
6.4128037007874017
21
-4.3346928740157482
0
LINE
8
BLACK
6
CONTINUOUS
10
6.4128037007874017
20
-4.3346928740157482
11
6.4128037007874017
21
-4.3357221653543307
0
LINE
8
BLACK
6
CONTINUOUS
10
6.4128037007874017
20
-4.3357221653543307
11
6.4134048031496063
21
-4.3375256299212595
0
LINE
8
BLACK
6
CONTINUOUS
10
6.4134048031496063
20
-4.3375256299212595
11
6.4222065354330704
21
-4.3463273228346457
0
LINE
8
BLACK
6
CONTINUOUS
10
6.4222065354330704
20
-4.3463273228346457
11
6.4224624409448818
21
-4.3467103543307086
0
LINE
8
BLACK
6
CONTINUOUS
10
6.4224624409448818
20
-4.3467103543307086
11
6.4224625590551181
21
-4.3467104724409449
0
LINE
8
BLACK
6
CONTINUOUS
10
6.4224625590551181
20
-4.3467104724409449
11
6.4224625590551181
21
-4.3467105118110236
0
LINE
8
BLACK
6
CONTINUOUS
10
6.4224625590551181
20
-4.3467105118110236
11
6.4224625984251968
21
-4.3476144488188977
0
LINE
8
BLACK
6
CONTINUOUS
10
6.4224625984251968
20
-4.3476144488188977
11
6.4224625590551181
21
-4.3476144488188977
0
LINE
8
BLACK
6
CONTINUOUS
10
6.4224625590551181
20
-4.3476144488188977
11
6.4224625590551181
21
-4.3476144881889764
0
LINE
8
BLACK
6
CONTINUOUS
10
6.4224625590551181
20
-4.3476144881889764
11
6.4218233858267713
21
-4.3482536614173224
0
LINE
8
BLACK
6
CONTINUOUS
10
6.4218233858267713
20
-4.3482536614173224
11
6.4213713779527559
21
-4.348343582677165
0
LINE
8
BLACK
6
CONTINUOUS
10
6.4213713779527559
20
-4.348343582677165
11
6.4116225984251969
21
-4.348343582677165
0
LINE
8
BLACK
6
CONTINUOUS
10
6.4116225984251969
20
-4.348343582677165
11
6.4111705905511807
21
-4.3482536614173224
0
LINE
8
BLACK
6
CONTINUOUS
10
6.4111705905511807
20
-4.3482536614173224
11
6.4105314173228347
21
-4.3476144881889764
0
LINE
8
BLACK
6
CONTINUOUS
10
6.4105314173228347
20
-4.3476144881889764
11
6.4105314173228347
21
-4.3467104724409449
0
LINE
8
BLACK
6
CONTINUOUS
10
6.4105314173228347
20
-4.3467104724409449
11
6.4111705905511807
21
-4.346071299212598
0
LINE
8
BLACK
6
CONTINUOUS
10
6.4111705905511807
20
-4.346071299212598
11
6.4116225984251969
21
-4.3459813779527554
0
LINE
8
BLACK
6
CONTINUOUS
10
6.4116225984251969
20
-4.3459813779527554
11
6.4185199606299213
21
-4.3459813779527554
0
LINE
8
BLACK
6
CONTINUOUS
10
6.4185199606299213
20
-4.3459813779527554
11
6.4115373228346453
21
-4.3389987795275591
0
LINE
8
BLACK
6
CONTINUOUS
10
6.4115373228346453
20
-4.3389987795275591
11
6.4115044488188975
21
-4.3389495669291334
0
LINE
8
BLACK
6
CONTINUOUS
10
6.4115044488188975
20
-4.3389495669291334
11
6.4114802362204726
21
-4.3389374803149607
0
LINE
8
BLACK
6
CONTINUOUS
10
6.4114802362204726
20
-4.3389374803149607
11
6.4113863385826768
21
-4.3387728346456695
0
LINE
8
BLACK
6
CONTINUOUS
10
6.4113863385826768
20
-4.3387728346456695
11
6.4112812992125985
21
-4.3386155905511812
0
LINE
8
BLACK
6
CONTINUOUS
10
6.4112812992125985
20
-4.3386155905511812
11
6.4112812992125985
21
-4.3385885433070861
0
LINE
8
BLACK
6
CONTINUOUS
10
6.4112812992125985
20
-4.3385885433070861
11
6.4112519685039366
21
-4.338537125984252
0
LINE
8
BLACK
6
CONTINUOUS
10
6.4112519685039366
20
-4.338537125984252
11
6.4105020866141729
21
-4.3362874015748032
0
LINE
8
BLACK
6
CONTINUOUS
10
6.4105020866141729
20
-4.3362874015748032
11
6.4104783858267718
21
-4.3360994881889763
0
LINE
8
BLACK
6
CONTINUOUS
10
6.4104783858267718
20
-4.3360994881889763
11
6.4104414960629921
21
-4.3359138976377949
0
LINE
8
BLACK
6
CONTINUOUS
10
6.4104414960629921
20
-4.3359138976377949
11
6.4104414960629921
21
-4.3344140944881886
0
LINE
8
BLACK
6
CONTINUOUS
10
6.4104414960629921
20
-4.3344140944881886
11
6.410453031496063
21
-4.3343560629921258
0
LINE
8
BLACK
6
CONTINUOUS
10
6.410453031496063
20
-4.3343560629921258
11
6.4104444881889764
21
-4.3343304330708659
0
LINE
8
BLACK
6
CONTINUOUS
10
6.4104444881889764
20
-4.3343304330708659
11
6.4104944094488188
21
-4.334147952755905
0
LINE
8
BLACK
6
CONTINUOUS
10
6.4104944094488188
20
-4.334147952755905
11
6.4105314173228347
21
-4.3339620866141733
0
LINE
8
BLACK
6
CONTINUOUS
10
6.4105314173228347
20
-4.3339620866141733
11
6.4105505511811023
21
-4.3339429133858269
0
LINE
8
BLACK
6
CONTINUOUS
10
6.4105505511811023
20
-4.3339429133858269
11
6.4105661811023618
21
-4.3338859055118109
0
LINE
8
BLACK
6
CONTINUOUS
10
6.4105661811023618
20
-4.3338859055118109
11
6.4113160629921255
21
-4.3323860629921258
0
LINE
8
BLACK
6
CONTINUOUS
10
6.4113160629921255
20
-4.3323860629921258
11
6.4114320078740157
21
-4.3322366535433066
0
LINE
8
BLACK
6
CONTINUOUS
10
6.4114320078740157
20
-4.3322366535433066
11
6.4115373228346453
21
-4.3320790551181103
0
LINE
8
BLACK
6
CONTINUOUS
10
6.4115373228346453
20
-4.3320790551181103
11
6.4122872440944878
21
-4.3313291732283465
0
LINE
8
BLACK
6
CONTINUOUS
10
6.4122872440944878
20
-4.3313291732283465
11
6.4124446850393699
21
-4.3312239763779523
0
LINE
8
BLACK
6
CONTINUOUS
10
6.4124446850393699
20
-4.3312239763779523
11
6.4125941732283467
21
-4.3311079527559055
0
LINE
8
BLACK
6
CONTINUOUS
10
6.4125941732283467
20
-4.3311079527559055
11
6.4140940157480317
21
-4.330358031496063
0
LINE
8
BLACK
6
CONTINUOUS
10
6.4140940157480317
20
-4.330358031496063
11
6.4141510236220469
21
-4.3303424015748027
0
LINE
8
BLACK
6
CONTINUOUS
10
6.4141510236220469
20
-4.3303424015748027
11
6.4141701968503932
21
-4.3303232677165351
0
LINE
8
BLACK
6
CONTINUOUS
10
6.4141701968503932
20
-4.3303232677165351
11
6.4143556692913384
21
-4.3302863385826766
0
LINE
8
BLACK
6
CONTINUOUS
10
6.4143556692913384
20
-4.3302863385826766
11
6.414538503937008
21
-4.330236299212598
0
LINE
8
BLACK
6
CONTINUOUS
10
6.414538503937008
20
-4.330236299212598
11
6.4145642125984255
21
-4.3302448425196847
0
LINE
8
BLACK
6
CONTINUOUS
10
6.4145642125984255
20
-4.3302448425196847
11
6.4146222047244095
21
-4.3302333464566924
0
LINE
8
BLACK
6
CONTINUOUS
10
6.4146222047244095
20
-4.3302333464566924
11
6.4183717322834646
21
-4.3302333464566924
0
LINE
8
BLACK
6
CONTINUOUS
10
6.4183717322834646
20
-4.3302333464566924
11
6.4184297637795273
21
-4.3302448818897634
0
LINE
8
BLACK
6
CONTINUOUS
10
6.4360715748031492
20
-4.3303232677165351
11
6.436710748031496
21
-4.3309624409448819
0
LINE
8
BLACK
6
CONTINUOUS
10
6.436710748031496
20
-4.3309624409448819
11
6.4368006692913387
21
-4.3314144488188973
0
LINE
8
BLACK
6
CONTINUOUS
10
6.4368006692913387
20
-4.3314144488188973
11
6.4368006692913387
21
-4.3471624803149602
0
LINE
8
BLACK
6
CONTINUOUS
10
6.4368006692913387
20
-4.3471624803149602
11
6.436710748031496
21
-4.3476144881889764
0
LINE
8
BLACK
6
CONTINUOUS
10
6.436710748031496
20
-4.3476144881889764
11
6.4360715748031492
21
-4.3482536614173224
0
LINE
8
BLACK
6
CONTINUOUS
10
6.4360715748031492
20
-4.3482536614173224
11
6.4351675590551176
21
-4.3482536614173224
0
LINE
8
BLACK
6
CONTINUOUS
10
6.4351675590551176
20
-4.3482536614173224
11
6.4345283858267717
21
-4.3476144881889764
0
LINE
8
BLACK
6
CONTINUOUS
10
6.4345283858267717
20
-4.3476144881889764
11
6.434438464566929
21
-4.3471624803149602
0
LINE
8
BLACK
6
CONTINUOUS
10
6.434438464566929
20
-4.3471624803149602
11
6.434438464566929
21
-4.3408445275590548
0
LINE
8
BLACK
6
CONTINUOUS
10
6.434438464566929
20
-4.3408445275590548
11
6.4324849999999998
21
-4.3408445275590548
0
LINE
8
BLACK
6
CONTINUOUS
10
6.4324849999999998
20
-4.3408445275590548
11
6.427588307086614
21
-4.3478398031496059
0
LINE
8
BLACK
6
CONTINUOUS
10
6.427588307086614
20
-4.3478398031496059
11
6.427255433070866
21
-4.3481585433070862
0
LINE
8
BLACK
6
CONTINUOUS
10
6.427255433070866
20
-4.3481585433070862
11
6.4263652755905509
21
-4.3483156299212595
0
LINE
8
BLACK
6
CONTINUOUS
10
6.4263652755905509
20
-4.3483156299212595
11
6.4256246456692914
21
-4.3477972047244098
0
LINE
8
BLACK
6
CONTINUOUS
10
6.4256246456692914
20
-4.3477972047244098
11
6.425467559055118
21
-4.3469070472440947
0
LINE
8
BLACK
6
CONTINUOUS
10
6.425467559055118
20
-4.3469070472440947
11
6.4256531102362207
21
-4.3464851574803145
0
LINE
8
BLACK
6
CONTINUOUS
10
6.4256531102362207
20
-4.3464851574803145
11
6.4296038188976379
21
-4.3408412204724405
0
LINE
8
BLACK
6
CONTINUOUS
10
6.4296038188976379
20
-4.3408412204724405
11
6.4295623228346459
21
-4.3408329921259838
0
LINE
8
BLACK
6
CONTINUOUS
10
6.4295623228346459
20
-4.3408329921259838
11
6.4295366141732284
21
-4.3408415748031492
0
LINE
8
BLACK
6
CONTINUOUS
10
6.4295366141732284
20
-4.3408415748031492
11
6.4293537795275588
21
-4.3407914960629919
0
LINE
8
BLACK
6
CONTINUOUS
10
6.4293537795275588
20
-4.3407914960629919
11
6.4291683070866137
21
-4.3407546062992122
0
LINE
8
BLACK
6
CONTINUOUS
10
6.4291683070866137
20
-4.3407546062992122
11
6.4291491338582674
21
-4.3407354330708658
0
LINE
8
BLACK
6
CONTINUOUS
10
6.4291491338582674
20
-4.3407354330708658
11
6.4290921259842522
21
-4.3407198425196851
0
LINE
8
BLACK
6
CONTINUOUS
10
6.4290921259842522
20
-4.3407198425196851
11
6.4275922834645671
21
-4.3399699212598426
0
LINE
8
BLACK
6
CONTINUOUS
10
6.4275922834645671
20
-4.3399699212598426
11
6.4274428740157479
21
-4.3398539370078737
0
LINE
8
BLACK
6
CONTINUOUS
10
6.4274428740157479
20
-4.3398539370078737
11
6.4272853543307082
21
-4.3397487007874016
0
LINE
8
BLACK
6
CONTINUOUS
10
6.4272853543307082
20
-4.3397487007874016
11
6.4265354724409445
21
-4.3389987795275591
0
LINE
8
BLACK
6
CONTINUOUS
10
6.4265354724409445
20
-4.3389987795275591
11
6.4264304330708661
21
-4.3388415748031495
0
LINE
8
BLACK
6
CONTINUOUS
10
6.4264304330708661
20
-4.3388415748031495
11
6.4263142125984247
21
-4.3386918503937011
0
LINE
8
BLACK
6
CONTINUOUS
10
6.4263142125984247
20
-4.3386918503937011
11
6.4255642913385822
21
-4.3371919685039373
0
LINE
8
BLACK
6
CONTINUOUS
10
6.4255642913385822
20
-4.3371919685039373
11
6.4255486614173227
21
-4.3371349212598425
0
LINE
8
BLACK
6
CONTINUOUS
10
6.4255486614173227
20
-4.3371349212598425
11
6.4255295275590552
21
-4.3371157874015749
0
LINE
8
BLACK
6
CONTINUOUS
10
6.4255295275590552
20
-4.3371157874015749
11
6.425492559055118
21
-4.336929960629921
0
LINE
8
BLACK
6
CONTINUOUS
10
6.425492559055118
20
-4.336929960629921
11
6.4254425984251968
21
-4.3367474803149602
0
LINE
8
BLACK
6
CONTINUOUS
10
6.4254425984251968
20
-4.3367474803149602
11
6.4254511417322835
21
-4.3367218110236223
0
LINE
8
BLACK
6
CONTINUOUS
10
6.4254511417322835
20
-4.3367218110236223
11
6.4254396062992125
21
-4.3366637795275587
0
LINE
8
BLACK
6
CONTINUOUS
10
6.4254396062992125
20
-4.3366637795275587
11
6.4254396062992125
21
-4.3344140944881886
0
LINE
8
BLACK
6
CONTINUOUS
10
6.4254396062992125
20
-4.3344140944881886
11
6.4254511417322835
21
-4.3343560236220471
0
LINE
8
BLACK
6
CONTINUOUS
10
6.4254511417322835
20
-4.3343560236220471
11
6.4254425984251968
21
-4.3343303937007871
0
LINE
8
BLACK
6
CONTINUOUS
10
6.4254425984251968
20
-4.3343303937007871
11
6.425492559055118
21
-4.3341478740157475
0
LINE
8
BLACK
6
CONTINUOUS
10
6.425492559055118
20
-4.3341478740157475
11
6.4255295275590552
21
-4.3339620866141733
0
LINE
8
BLACK
6
CONTINUOUS
10
6.4255295275590552
20
-4.3339620866141733
11
6.4255486614173227
21
-4.3339429133858269
0
LINE
8
BLACK
6
CONTINUOUS
10
6.4255486614173227
20
-4.3339429133858269
11
6.4255642913385822
21
-4.3338859055118109
0
LINE
8
BLACK
6
CONTINUOUS
10
6.4255642913385822
20
-4.3338859055118109
11
6.4263142125984247
21
-4.3323860236220471
0
LINE
8
BLACK
6
CONTINUOUS
10
6.4263142125984247
20
-4.3323860236220471
11
6.4264304330708661
21
-4.3322362598425199
0
LINE
8
BLACK
6
CONTINUOUS
10
6.4264304330708661
20
-4.3322362598425199
11
6.4265354724409445
21
-4.3320790944881891
0
LINE
8
BLACK
6
CONTINUOUS
10
6.4265354724409445
20
-4.3320790944881891
11
6.4272853543307082
21
-4.3313291732283465
0
LINE
8
BLACK
6
CONTINUOUS
10
6.4272853543307082
20
-4.3313291732283465
11
6.4274428740157479
21
-4.3312238976377948
0
LINE
8
BLACK
6
CONTINUOUS
10
6.4274428740157479
20
-4.3312238976377948
11
6.4275922834645671
21
-4.3311079527559055
0
LINE
8
BLACK
6
CONTINUOUS
10
6.4275922834645671
20
-4.3311079527559055
11
6.4290921259842522
21
-4.330358031496063
0
LINE
8
BLACK
6
CONTINUOUS
10
6.4290921259842522
20
-4.330358031496063
11
6.4291491338582674
21
-4.3303424015748027
0
LINE
8
BLACK
6
CONTINUOUS
10
6.4291491338582674
20
-4.3303424015748027
11
6.4291683070866137
21
-4.3303232677165351
0
LINE
8
BLACK
6
CONTINUOUS
10
6.4291683070866137
20
-4.3303232677165351
11
6.4293537795275588
21
-4.3302863385826766
0
LINE
8
BLACK
6
CONTINUOUS
10
6.4293537795275588
20
-4.3302863385826766
11
6.4295366141732284
21
-4.330236299212598
0
LINE
8
BLACK
6
CONTINUOUS
10
6.4295366141732284
20
-4.330236299212598
11
6.4295623228346459
21
-4.3302448425196847
0
LINE
8
BLACK
6
CONTINUOUS
10
6.4295623228346459
20
-4.3302448425196847
11
6.4296203149606299
21
-4.3302333464566924
0
LINE
8
BLACK
6
CONTINUOUS
10
6.4296203149606299
20
-4.3302333464566924
11
6.4356195669291338
21
-4.3302333464566924
0
LINE
8
BLACK
6
CONTINUOUS
10
6.4356195669291338
20
-4.3302333464566924
11
6.4360715748031492
21
-4.3303232677165351
0
LINE
8
BLACK
6
CONTINUOUS
10
6.4288201181102362
20
-4.333135078740157
11
6.4283412992125983
21
-4.3336138582677162
0
LINE
8
BLACK
6
CONTINUOUS
10
6.4283412992125983
20
-4.3336138582677162
11
6.4278018110236221
21
-4.334692913385827
0
LINE
8
BLACK
6
CONTINUOUS
10
6.4278018110236221
20
-4.334692913385827
11
6.4278018110236221
21
-4.3363849606299212
0
LINE
8
BLACK
6
CONTINUOUS
10
6.4278018110236221
20
-4.3363849606299212
11
6.4283412992125983
21
-4.3374639763779523
0
LINE
8
BLACK
6
CONTINUOUS
10
6.4283412992125983
20
-4.3374639763779523
11
6.4288201181102362
21
-4.3379427559055115
0
LINE
8
BLACK
6
CONTINUOUS
10
6.4288201181102362
20
-4.3379427559055115
11
6.4298991732283461
21
-4.3384823228346452
0
LINE
8
BLACK
6
CONTINUOUS
10
6.4298991732283461
20
-4.3384823228346452
11
6.434438464566929
21
-4.3384823228346452
0
LINE
8
BLACK
6
CONTINUOUS
10
6.434438464566929
20
-4.3384823228346452
11
6.434438464566929
21
-4.3325955511811021
0
LINE
8
BLACK
6
CONTINUOUS
10
6.434438464566929
20
-4.3325955511811021
11
6.4298991732283461
21
-4.3325955511811021
0
LINE
8
BLACK
6
CONTINUOUS
10
6.4298991732283461
20
-4.3325955511811021
11
6.4288201181102362
21
-4.333135078740157
0
LINE
8
BLACK
6
CONTINUOUS
10
6.4562454330708663
20
-4.3224333070866141
11
6.4573107874015747
21
-4.3234986614173225
0
LINE
8
BLACK
6
CONTINUOUS
10
6.4573107874015747
20
-4.3234986614173225
11
6.4574606299212594
21
-4.3242519685039369
0
LINE
8
BLACK
6
CONTINUOUS
10
6.4574606299212594
20
-4.3242519685039369
11
6.4574606299212594
21
-4.3557480314960628
0
LINE
8
BLACK
6
CONTINUOUS
10
6.4574606299212594
20
-4.3557480314960628
11
6.4573107874015747
21
-4.3565013385826772
0
LINE
8
BLACK
6
CONTINUOUS
10
6.4573107874015747
20
-4.3565013385826772
11
6.4562454330708663
21
-4.3575666929133856
0
LINE
8
BLACK
6
CONTINUOUS
10
6.4562454330708663
20
-4.3575666929133856
11
6.4554921259842519
21
-4.3577165354330711
0
LINE
8
BLACK
6
CONTINUOUS
10
6.4554921259842519
20
-4.3577165354330711
11
6.3925000000000001
21
-4.3577165354330711
0
LINE
8
BLACK
6
CONTINUOUS
10
6.3925000000000001
20
-4.3577165354330711
11
6.3917466929133857
21
-4.3575666929133856
0
LINE
8
BLACK
6
CONTINUOUS
10
6.3917466929133857
20
-4.3575666929133856
11
6.3906813385826773
21
-4.3565013385826772
0
LINE
8
BLACK
6
CONTINUOUS
10
6.3906813385826773
20
-4.3565013385826772
11
6.3905314960629918
21
-4.3557480314960628
0
LINE
8
BLACK
6
CONTINUOUS
10
6.3905314960629918
20
-4.3557480314960628
11
6.3905314960629918
21
-4.3242519685039369
0
LINE
8
BLACK
6
CONTINUOUS
10
6.3905314960629918
20
-4.3242519685039369
11
6.3906813385826773
21
-4.3234986614173225
0
LINE
8
BLACK
6
CONTINUOUS
10
6.3906813385826773
20
-4.3234986614173225
11
6.3917466929133857
21
-4.3224333070866141
0
LINE
8
BLACK
6
CONTINUOUS
10
6.3917466929133857
20
-4.3224333070866141
11
6.3925000000000001
21
-4.3222834645669295
0
LINE
8
BLACK
6
CONTINUOUS
10
6.3925000000000001
20
-4.3222834645669295
11
6.4554921259842519
21
-4.3222834645669295
0
LINE
8
BLACK
6
CONTINUOUS
10
6.4554921259842519
20
-4.3222834645669295
11
6.4562454330708663
21
-4.3224333070866141
0
LINE
8
BLACK
6
CONTINUOUS
10
6.3944685039370075
20
-4.3262204724409452
11
6.3944685039370075
21
-4.3537795275590554
0
LINE
8
BLACK
6
CONTINUOUS
10
6.3944685039370075
20
-4.3537795275590554
11
6.4535236220472436
21
-4.3537795275590554
0
LINE
8
BLACK
6
CONTINUOUS
10
6.4535236220472436
20
-4.3537795275590554
11
6.4535236220472436
21
-4.3262204724409452
0
LINE
8
BLACK
6
CONTINUOUS
10
6.4535236220472436
20
-4.3262204724409452
11
6.3944685039370075
21
-4.3262204724409452
0
LINE
8
BLACK
6
CONTINUOUS
10
6.5762301968503936
20
-4.3303232677165351
11
6.5765740157480312
21
-4.3303232677165351
0
LINE
8
BLACK
6
CONTINUOUS
10
6.5765740157480312
20
-4.3303232677165351
11
6.5766599606299208
21
-4.3304092125984255
0
LINE
8
BLACK
6
CONTINUOUS
10
6.5766599606299208
20
-4.3304092125984255
11
6.5767791732283465
21
-4.3304330708661416
0
LINE
8
BLACK
6
CONTINUOUS
10
6.5767791732283465
20
-4.3304330708661416
11
6.5771047244094483
21
-4.3307592913385822
0
LINE
8
BLACK
6
CONTINUOUS
10
6.5771047244094483
20
-4.3307592913385822
11
6.5785397637795278
21
-4.332911771653543
0
LINE
8
BLACK
6
CONTINUOUS
10
6.5785397637795278
20
-4.332911771653543
11
6.5798212598425199
21
-4.3341932677165351
0
LINE
8
BLACK
6
CONTINUOUS
10
6.5798212598425199
20
-4.3341932677165351
11
6.58114968503937
21
-4.3348574803149607
0
LINE
8
BLACK
6
CONTINUOUS
10
6.58114968503937
20
-4.3348574803149607
11
6.5815137401574804
21
-4.3351400787401575
0
LINE
8
BLACK
6
CONTINUOUS
10
6.5815137401574804
20
-4.3351400787401575
11
6.5817996062992128
21
-4.3359975984251964
0
LINE
8
BLACK
6
CONTINUOUS
10
6.5817996062992128
20
-4.3359975984251964
11
6.5813952755905509
21
-4.3368061811023617
0
LINE
8
BLACK
6
CONTINUOUS
10
6.5813952755905509
20
-4.3368061811023617
11
6.580537755905512
21
-4.3370920472440941
0
LINE
8
BLACK
6
CONTINUOUS
10
6.580537755905512
20
-4.3370920472440941
11
6.5800932677165349
21
-4.33697031496063
0
LINE
8
BLACK
6
CONTINUOUS
10
6.5800932677165349
20
-4.33697031496063
11
6.5785934251968499
21
-4.3362203937007875
0
LINE
8
BLACK
6
CONTINUOUS
10
6.5785934251968499
20
-4.3362203937007875
11
6.5784438188976377
21
-4.3361042519685036
0
LINE
8
BLACK
6
CONTINUOUS
10
6.5784438188976377
20
-4.3361042519685036
11
6.5782864566929131
21
-4.3359991338582677
0
LINE
8
BLACK
6
CONTINUOUS
10
6.5782864566929131
20
-4.3359991338582677
11
6.5773031102362207
21
-4.3350157480314957
0
LINE
8
BLACK
6
CONTINUOUS
10
6.5773031102362207
20
-4.3350157480314957
11
6.5773031102362207
21
-4.3459813779527554
0
LINE
8
BLACK
6
CONTINUOUS
10
6.5773031102362207
20
-4.3459813779527554
11
6.5806214566929135
21
-4.3459813779527554
0
LINE
8
BLACK
6
CONTINUOUS
10
6.5806214566929135
20
-4.3459813779527554
11
6.5810734645669289
21
-4.346071299212598
0
LINE
8
BLACK
6
CONTINUOUS
10
6.5810734645669289
20
-4.346071299212598
11
6.5817126377952757
21
-4.3467104724409449
0
LINE
8
BLACK
6
CONTINUOUS
10
6.5817126377952757
20
-4.3467104724409449
11
6.5817126377952757
21
-4.3476144881889764
0
LINE
8
BLACK
6
CONTINUOUS
10
6.5817126377952757
20
-4.3476144881889764
11
6.5810734645669289
21
-4.3482536614173224
0
LINE
8
BLACK
6
CONTINUOUS
10
6.5810734645669289
20
-4.3482536614173224
11
6.5806214566929135
21
-4.348343582677165
0
LINE
8
BLACK
6
CONTINUOUS
10
6.5806214566929135
20
-4.348343582677165
11
6.571622598425197
21
-4.348343582677165
0
LINE
8
BLACK
6
CONTINUOUS
10
6.571622598425197
20
-4.348343582677165
11
6.5711705905511808
21
-4.3482536614173224
0
LINE
8
BLACK
6
CONTINUOUS
10
6.5711705905511808
20
-4.3482536614173224
11
6.5705314173228349
21
-4.3476144881889764
0
LINE
8
BLACK
6
CONTINUOUS
10
6.5705314173228349
20
-4.3476144881889764
11
6.5705314173228349
21
-4.3467104724409449
0
LINE
8
BLACK
6
CONTINUOUS
10
6.5705314173228349
20
-4.3467104724409449
11
6.5711705905511808
21
-4.346071299212598
0
LINE
8
BLACK
6
CONTINUOUS
10
6.5711705905511808
20
-4.346071299212598
11
6.571622598425197
21
-4.3459813779527554
0
LINE
8
BLACK
6
CONTINUOUS
10
6.571622598425197
20
-4.3459813779527554
11
6.5749409055118111
21
-4.3459813779527554
0
LINE
8
BLACK
6
CONTINUOUS
10
6.5749409055118111
20
-4.3459813779527554
11
6.5749409055118111
21
-4.3314144488188973
0
LINE
8
BLACK
6
CONTINUOUS
10
6.5749409055118111
20
-4.3314144488188973
11
6.5750308267716537
21
-4.3309624409448819
0
LINE
8
BLACK
6
CONTINUOUS
10
6.5750308267716537
20
-4.3309624409448819
11
6.5751167716535432
21
-4.3308764566929137
0
LINE
8
BLACK
6
CONTINUOUS
10
6.5751167716535432
20
-4.3308764566929137
11
6.5751406299212594
21
-4.3307572834645667
0
LINE
8
BLACK
6
CONTINUOUS
10
6.5751406299212594
20
-4.3307572834645667
11
6.5754267322834643
21
-4.3305664960629917
0
LINE
8
BLACK
6
CONTINUOUS
10
6.5754267322834643
20
-4.3305664960629917
11
6.5756699999999997
21
-4.3303232677165351
0
LINE
8
BLACK
6
CONTINUOUS
10
6.5756699999999997
20
-4.3303232677165351
11
6.5757915748031497
21
-4.3303232677165351
0
LINE
8
BLACK
6
CONTINUOUS
10
6.5757915748031497
20
-4.3303232677165351
11
6.5758927952755908
21
-4.3302557874015744
0
LINE
8
BLACK
6
CONTINUOUS
10
6.5758927952755908
20
-4.3302557874015744
11
6.5762301968503936
21
-4.3303232677165351
0
LINE
8
BLACK
6
CONTINUOUS
10
6.5960715748031493
20
-4.3303232677165351
11
6.5967107480314962
21
-4.3309624409448819
0
LINE
8
BLACK
6
CONTINUOUS
10
6.5967107480314962
20
-4.3309624409448819
11
6.5968006692913388
21
-4.3314144488188973
0
LINE
8
BLACK
6
CONTINUOUS
10
6.5968006692913388
20
-4.3314144488188973
11
6.5968006692913388
21
-4.3471624803149602
0
LINE
8
BLACK
6
CONTINUOUS
10
6.5968006692913388
20
-4.3471624803149602
11
6.5967107480314962
21
-4.3476144881889764
0
LINE
8
BLACK
6
CONTINUOUS
10
6.5967107480314962
20
-4.3476144881889764
11
6.5960715748031493
21
-4.3482536614173224
0
LINE
8
BLACK
6
CONTINUOUS
10
6.5960715748031493
20
-4.3482536614173224
11
6.5951675590551178
21
-4.3482536614173224
0
LINE
8
BLACK
6
CONTINUOUS
10
6.5951675590551178
20
-4.3482536614173224
11
6.5945283858267718
21
-4.3476144881889764
0
LINE
8
BLACK
6
CONTINUOUS
10
6.5945283858267718
20
-4.3476144881889764
11
6.5944384645669292
21
-4.3471624803149602
0
LINE
8
BLACK
6
CONTINUOUS
10
6.5944384645669292
20
-4.3471624803149602
11
6.5944384645669292
21
-4.3408445275590548
0
LINE
8
BLACK
6
CONTINUOUS
10
6.5944384645669292
20
-4.3408445275590548
11
6.5924849999999999
21
-4.3408445275590548
0
LINE
8
BLACK
6
CONTINUOUS
10
6.5924849999999999
20
-4.3408445275590548
11
6.5875883070866141
21
-4.3478398031496059
0
LINE
8
BLACK
6
CONTINUOUS
10
6.5875883070866141
20
-4.3478398031496059
11
6.5872554330708661
21
-4.3481585433070862
0
LINE
8
BLACK
6
CONTINUOUS
10
6.5872554330708661
20
-4.3481585433070862
11
6.5863652755905511
21
-4.3483156299212595
0
LINE
8
BLACK
6
CONTINUOUS
10
6.5863652755905511
20
-4.3483156299212595
11
6.5856246456692915
21
-4.3477972047244098
0
LINE
8
BLACK
6
CONTINUOUS
10
6.5856246456692915
20
-4.3477972047244098
11
6.5854675590551182
21
-4.3469070472440947
0
LINE
8
BLACK
6
CONTINUOUS
10
6.5854675590551182
20
-4.3469070472440947
11
6.5856531102362199
21
-4.3464851574803145
0
LINE
8
BLACK
6
CONTINUOUS
10
6.5856531102362199
20
-4.3464851574803145
11
6.589603818897638
21
-4.3408412204724405
0
LINE
8
BLACK
6
CONTINUOUS
10
6.589603818897638
20
-4.3408412204724405
11
6.5895623228346452
21
-4.3408329921259838
0
LINE
8
BLACK
6
CONTINUOUS
10
6.5895623228346452
20
-4.3408329921259838
11
6.5895366141732286
21
-4.3408415748031492
0
LINE
8
BLACK
6
CONTINUOUS
10
6.5895366141732286
20
-4.3408415748031492
11
6.589353779527559
21
-4.3407914960629919
0
LINE
8
BLACK
6
CONTINUOUS
10
6.589353779527559
20
-4.3407914960629919
11
6.5891683070866138
21
-4.3407546062992122
0
LINE
8
BLACK
6
CONTINUOUS
10
6.5891683070866138
20
-4.3407546062992122
11
6.5891491338582675
21
-4.3407354330708658
0
LINE
8
BLACK
6
CONTINUOUS
10
6.5891491338582675
20
-4.3407354330708658
11
6.5890921259842514
21
-4.3407198425196851
0
LINE
8
BLACK
6
CONTINUOUS
10
6.5890921259842514
20
-4.3407198425196851
11
6.5875922834645664
21
-4.3399699212598426
0
LINE
8
BLACK
6
CONTINUOUS
10
6.5875922834645664
20
-4.3399699212598426
11
6.587442874015748
21
-4.3398539370078737
0
LINE
8
BLACK
6
CONTINUOUS
10
6.587442874015748
20
-4.3398539370078737
11
6.5872853543307084
21
-4.3397487007874016
0
LINE
8
BLACK
6
CONTINUOUS
10
6.5872853543307084
20
-4.3397487007874016
11
6.5865354724409446
21
-4.3389987795275591
0
LINE
8
BLACK
6
CONTINUOUS
10
6.5865354724409446
20
-4.3389987795275591
11
6.5864304330708663
21
-4.3388415748031495
0
LINE
8
BLACK
6
CONTINUOUS
10
6.5864304330708663
20
-4.3388415748031495
11
6.5863142125984249
21
-4.3386918503937011
0
LINE
8
BLACK
6
CONTINUOUS
10
6.5863142125984249
20
-4.3386918503937011
11
6.5855642913385823
21
-4.3371919685039373
0
LINE
8
BLACK
6
CONTINUOUS
10
6.5855642913385823
20
-4.3371919685039373
11
6.5855486614173229
21
-4.3371349212598425
0
LINE
8
BLACK
6
CONTINUOUS
10
6.5855486614173229
20
-4.3371349212598425
11
6.5855295275590553
21
-4.3371157874015749
0
LINE
8
BLACK
6
CONTINUOUS
10
6.5855295275590553
20
-4.3371157874015749
11
6.5854925590551181
21
-4.336929960629921
0
LINE
8
BLACK
6
CONTINUOUS
10
6.5854925590551181
20
-4.336929960629921
11
6.585442598425197
21
-4.3367474803149602
0
LINE
8
BLACK
6
CONTINUOUS
10
6.585442598425197
20
-4.3367474803149602
11
6.5854511417322836
21
-4.3367218110236223
0
LINE
8
BLACK
6
CONTINUOUS
10
6.5854511417322836
20
-4.3367218110236223
11
6.5854396062992127
21
-4.3366637795275587
0
LINE
8
BLACK
6
CONTINUOUS
10
6.5854396062992127
20
-4.3366637795275587
11
6.5854396062992127
21
-4.3344140944881886
0
LINE
8
BLACK
6
CONTINUOUS
10
6.5854396062992127
20
-4.3344140944881886
11
6.5854511417322836
21
-4.3343560236220471
0
LINE
8
BLACK
6
CONTINUOUS
10
6.5854511417322836
20
-4.3343560236220471
11
6.585442598425197
21
-4.3343303937007871
0
LINE
8
BLACK
6
CONTINUOUS
10
6.585442598425197
20
-4.3343303937007871
11
6.5854925590551181
21
-4.3341478740157475
0
LINE
8
BLACK
6
CONTINUOUS
10
6.5854925590551181
20
-4.3341478740157475
11
6.5855295275590553
21
-4.3339620866141733
0
LINE
8
BLACK
6
CONTINUOUS
10
6.5855295275590553
20
-4.3339620866141733
11
6.5855486614173229
21
-4.3339429133858269
0
LINE
8
BLACK
6
CONTINUOUS
10
6.5855486614173229
20
-4.3339429133858269
11
6.5855642913385823
21
-4.3338859055118109
0
LINE
8
BLACK
6
CONTINUOUS
10
6.5855642913385823
20
-4.3338859055118109
11
6.5863142125984249
21
-4.3323860236220471
0
LINE
8
BLACK
6
CONTINUOUS
10
6.5863142125984249
20
-4.3323860236220471
11
6.5864304330708663
21
-4.3322362598425199
0
LINE
8
BLACK
6
CONTINUOUS
10
6.5864304330708663
20
-4.3322362598425199
11
6.5865354724409446
21
-4.3320790944881891
0
LINE
8
BLACK
6
CONTINUOUS
10
6.5865354724409446
20
-4.3320790944881891
11
6.5872853543307084
21
-4.3313291732283465
0
LINE
8
BLACK
6
CONTINUOUS
10
6.5872853543307084
20
-4.3313291732283465
11
6.587442874015748
21
-4.3312238976377948
0
LINE
8
BLACK
6
CONTINUOUS
10
6.587442874015748
20
-4.3312238976377948
11
6.5875922834645664
21
-4.3311079527559055
0
LINE
8
BLACK
6
CONTINUOUS
10
6.5875922834645664
20
-4.3311079527559055
11
6.5890921259842514
21
-4.330358031496063
0
LINE
8
BLACK
6
CONTINUOUS
10
6.5890921259842514
20
-4.330358031496063
11
6.5891491338582675
21
-4.3303424015748027
0
LINE
8
BLACK
6
CONTINUOUS
10
6.5891491338582675
20
-4.3303424015748027
11
6.5891683070866138
21
-4.3303232677165351
0
LINE
8
BLACK
6
CONTINUOUS
10
6.5891683070866138
20
-4.3303232677165351
11
6.589353779527559
21
-4.3302863385826766
0
LINE
8
BLACK
6
CONTINUOUS
10
6.589353779527559
20
-4.3302863385826766
11
6.5895366141732286
21
-4.330236299212598
0
LINE
8
BLACK
6
CONTINUOUS
10
6.5895366141732286
20
-4.330236299212598
11
6.5895623228346452
21
-4.3302448425196847
0
LINE
8
BLACK
6
CONTINUOUS
10
6.5895623228346452
20
-4.3302448425196847
11
6.5896203149606301
21
-4.3302333464566924
0
LINE
8
BLACK
6
CONTINUOUS
10
6.5896203149606301
20
-4.3302333464566924
11
6.595619566929134
21
-4.3302333464566924
0
LINE
8
BLACK
6
CONTINUOUS
10
6.595619566929134
20
-4.3302333464566924
11
6.5960715748031493
21
-4.3303232677165351
0
LINE
8
BLACK
6
CONTINUOUS
10
6.5888201181102364
20
-4.333135078740157
11
6.5883412992125985
21
-4.3336138582677162
0
LINE
8
BLACK
6
CONTINUOUS
10
6.5883412992125985
20
-4.3336138582677162
11
6.5878018110236223
21
-4.334692913385827
0
LINE
8
BLACK
6
CONTINUOUS
10
6.5878018110236223
20
-4.334692913385827
11
6.5878018110236223
21
-4.3363849606299212
0
LINE
8
BLACK
6
CONTINUOUS
10
6.5878018110236223
20
-4.3363849606299212
11
6.5883412992125985
21
-4.3374639763779523
0
LINE
8
BLACK
6
CONTINUOUS
10
6.5883412992125985
20
-4.3374639763779523
11
6.5888201181102364
21
-4.3379427559055115
0
LINE
8
BLACK
6
CONTINUOUS
10
6.5888201181102364
20
-4.3379427559055115
11
6.5898991732283463
21
-4.3384823228346452
0
LINE
8
BLACK
6
CONTINUOUS
10
6.5898991732283463
20
-4.3384823228346452
11
6.5944384645669292
21
-4.3384823228346452
0
LINE
8
BLACK
6
CONTINUOUS
10
6.5944384645669292
20
-4.3384823228346452
11
6.5944384645669292
21
-4.3325955511811021
0
LINE
8
BLACK
6
CONTINUOUS
10
6.5944384645669292
20
-4.3325955511811021
11
6.5898991732283463
21
-4.3325955511811021
0
LINE
8
BLACK
6
CONTINUOUS
10
6.5898991732283463
20
-4.3325955511811021
11
6.5888201181102364
21
-4.333135078740157
0
LINE
8
BLACK
6
CONTINUOUS
10
6.6162454330708664
20
-4.3224333070866141
11
6.6173107874015749
21
-4.3234986614173225
0
LINE
8
BLACK
6
CONTINUOUS
10
6.6173107874015749
20
-4.3234986614173225
11
6.6174606299212595
21
-4.3242519685039369
0
LINE
8
BLACK
6
CONTINUOUS
10
6.6174606299212595
20
-4.3242519685039369
11
6.6174606299212595
21
-4.3557480314960628
0
LINE
8
BLACK
6
CONTINUOUS
10
6.6174606299212595
20
-4.3557480314960628
11
6.6173107874015749
21
-4.3565013385826772
0
LINE
8
BLACK
6
CONTINUOUS
10
6.6173107874015749
20
-4.3565013385826772
11
6.6162454330708664
21
-4.3575666929133856
0
LINE
8
BLACK
6
CONTINUOUS
10
6.6162454330708664
20
-4.3575666929133856
11
6.6154921259842521
21
-4.3577165354330711
0
LINE
8
BLACK
6
CONTINUOUS
10
6.6154921259842521
20
-4.3577165354330711
11
6.5525000000000002
21
-4.3577165354330711
0
LINE
8
BLACK
6
CONTINUOUS
10
6.5525000000000002
20
-4.3577165354330711
11
6.5517466929133858
21
-4.3575666929133856
0
LINE
8
BLACK
6
CONTINUOUS
10
6.5517466929133858
20
-4.3575666929133856
11
6.5506813385826774
21
-4.3565013385826772
0
LINE
8
BLACK
6
CONTINUOUS
10
6.5506813385826774
20
-4.3565013385826772
11
6.5505314960629919
21
-4.3557480314960628
0
LINE
8
BLACK
6
CONTINUOUS
10
6.5505314960629919
20
-4.3557480314960628
11
6.5505314960629919
21
-4.3242519685039369
0
LINE
8
BLACK
6
CONTINUOUS
10
6.5505314960629919
20
-4.3242519685039369
11
6.5506813385826774
21
-4.3234986614173225
0
LINE
8
BLACK
6
CONTINUOUS
10
6.5506813385826774
20
-4.3234986614173225
11
6.5517466929133858
21
-4.3224333070866141
0
LINE
8
BLACK
6
CONTINUOUS
10
6.5517466929133858
20
-4.3224333070866141
11
6.5525000000000002
21
-4.3222834645669295
0
LINE
8
BLACK
6
CONTINUOUS
10
6.5525000000000002
20
-4.3222834645669295
11
6.6154921259842521
21
-4.3222834645669295
0
LINE
8
BLACK
6
CONTINUOUS
10
6.6154921259842521
20
-4.3222834645669295
11
6.6162454330708664
21
-4.3224333070866141
0
LINE
8
BLACK
6
CONTINUOUS
10
6.5544685039370076
20
-4.3262204724409452
11
6.5544685039370076
21
-4.3537795275590554
0
LINE
8
BLACK
6
CONTINUOUS
10
6.5544685039370076
20
-4.3537795275590554
11
6.6135236220472438
21
-4.3537795275590554
0
LINE
8
BLACK
6
CONTINUOUS
10
6.6135236220472438
20
-4.3537795275590554
11
6.6135236220472438
21
-4.3262204724409452
0
LINE
8
BLACK
6
CONTINUOUS
10
6.6135236220472438
20
-4.3262204724409452
11
6.5544685039370076
21
-4.3262204724409452
0
LINE
8
BLACK
6
CONTINUOUS
10
5.6525986220472442
20
-4.3417244881889765
11
5.6526453937007872
21
-4.3417089370078736
0
LINE
8
BLACK
6
CONTINUOUS
10
5.6526453937007872
20
-4.3417089370078736
11
5.6529776377952752
21
-4.3417998818897638
0
LINE
8
BLACK
6
CONTINUOUS
10
5.6529776377952752
20
-4.3417998818897638
11
5.6533157480314955
21
-4.3418671653543308
0
LINE
8
BLACK
6
CONTINUOUS
10
5.6533157480314955
20
-4.3418671653543308
11
5.6533505905511809
21
-4.3419020078740154
0
LINE
8
BLACK
6
CONTINUOUS
10
5.6533505905511809
20
-4.3419020078740154
11
5.6534544881889763
21
-4.3419304724409447
0
LINE
8
BLACK
6
CONTINUOUS
10
5.6534544881889763
20
-4.3419304724409447
11
5.6553307086614168
21
-4.3428685433070866
0
LINE
8
BLACK
6
CONTINUOUS
10
5.6553307086614168
20
-4.3428685433070866
11
5.6556688976377956
21
-4.3431310236220471
0
LINE
8
BLACK
6
CONTINUOUS
10
5.6556688976377956
20
-4.3431310236220471
11
5.655777913385827
21
-4.3431673622047242
0
LINE
8
BLACK
6
CONTINUOUS
10
5.655777913385827
20
-4.3431673622047242
11
5.6558720472440944
21
-4.3432887007874017
0
LINE
8
BLACK
6
CONTINUOUS
10
5.6558720472440944
20
-4.3432887007874017
11
5.6559934251968507
21
-4.3433828740157479
0
LINE
8
BLACK
6
CONTINUOUS
10
5.6559934251968507
20
-4.3433828740157479
11
5.6560297244094491
21
-4.3434918503937006
0
LINE
8
BLACK
6
CONTINUOUS
10
5.6560297244094491
20
-4.3434918503937006
11
5.6562922440944883
21
-4.3438300787401571
0
LINE
8
BLACK
6
CONTINUOUS
10
5.6562922440944883
20
-4.3438300787401571
11
5.6572303149606302
21
-4.3457062598425198
0
LINE
8
BLACK
6
CONTINUOUS
10
5.6572303149606302
20
-4.3457062598425198
11
5.6572587401574799
21
-4.3458101181102364
0
LINE
8
BLACK
6
CONTINUOUS
10
5.6572587401574799
20
-4.3458101181102364
11
5.6572936220472441
21
-4.3458449999999997
0
LINE
8
BLACK
6
CONTINUOUS
10
5.6572936220472441
20
-4.3458449999999997
11
5.6573607874015748
21
-4.3461827559055113
0
LINE
8
BLACK
6
CONTINUOUS
10
5.6573607874015748
20
-4.3461827559055113
11
5.6574518897637791
21
-4.3465153543307089
0
LINE
8
BLACK
6
CONTINUOUS
10
5.6574518897637791
20
-4.3465153543307089
11
5.6574362598425196
21
-4.3465621653543307
0
LINE
8
BLACK
6
CONTINUOUS
10
5.6574362598425196
20
-4.3465621653543307
11
5.6574572834645664
21
-4.3466677559055116
0
LINE
8
BLACK
6
CONTINUOUS
10
5.6574572834645664
20
-4.3466677559055116
11
5.6574572834645664
21
-4.349482047244094
0
LINE
8
BLACK
6
CONTINUOUS
10
5.6574572834645664
20
-4.349482047244094
11
5.6574362598425196
21
-4.349587598425197
0
LINE
8
BLACK
6
CONTINUOUS
10
5.6574362598425196
20
-4.349587598425197
11
5.6574518897637791
21
-4.3496344094488189
0
LINE
8
BLACK
6
CONTINUOUS
10
5.6574518897637791
20
-4.3496344094488189
11
5.6573608267716535
21
-4.3499668503937006
0
LINE
8
BLACK
6
CONTINUOUS
10
5.6573608267716535
20
-4.3499668503937006
11
5.6572936220472441
21
-4.3503048031496059
0
LINE
8
BLACK
6
CONTINUOUS
10
5.6572936220472441
20
-4.3503048031496059
11
5.6572587401574799
21
-4.3503396456692913
0
LINE
8
BLACK
6
CONTINUOUS
10
5.6572587401574799
20
-4.3503396456692913
11
5.6572303149606302
21
-4.350443503937008
0
LINE
8
BLACK
6
CONTINUOUS
10
5.6572303149606302
20
-4.350443503937008
11
5.6569080708661419
21
-4.3510880314960625
0
LINE
8
BLACK
6
CONTINUOUS
10
5.6569080708661419
20
-4.3510880314960625
11
5.6572936220472441
21
-4.3514735826771656
0
LINE
8
BLACK
6
CONTINUOUS
10
5.6572936220472441
20
-4.3514735826771656
11
5.6572936220472441
21
-4.3531190944881892
0
LINE
8
BLACK
6
CONTINUOUS
10
5.6572936220472441
20
-4.3531190944881892
11
5.6561300393700789
21
-4.3542826771653544
0
LINE
8
BLACK
6
CONTINUOUS
10
5.6561300393700789
20
-4.3542826771653544
11
5.655307283464567
21
-4.3544463385826768
0
LINE
8
BLACK
6
CONTINUOUS
10
5.655307283464567
20
-4.3544463385826768
11
5.6421739370078736
21
-4.3544463385826768
0
LINE
8
BLACK
6
CONTINUOUS
10
5.6421739370078736
20
-4.3544463385826768
11
5.6413511811023618
21
-4.3542826771653544
0
LINE
8
BLACK
6
CONTINUOUS
10
5.6413511811023618
20
-4.3542826771653544
11
5.6401875984251966
21
-4.3531190944881892
0
LINE
8
BLACK
6
CONTINUOUS
10
5.6401875984251966
20
-4.3531190944881892
11
5.6401875984251966
21
-4.3514735826771656
0
LINE
8
BLACK
6
CONTINUOUS
10
5.6401875984251966
20
-4.3514735826771656
11
5.6413511811023618
21
-4.3503100000000003
0
LINE
8
BLACK
6
CONTINUOUS
10
5.6413511811023618
20
-4.3503100000000003
11
5.6421739370078736
21
-4.3501463385826771
0
LINE
8
BLACK
6
CONTINUOUS
10
5.6421739370078736
20
-4.3501463385826771
11
5.6525405905511814
21
-4.3501463385826771
0
LINE
8
BLACK
6
CONTINUOUS
10
5.6525405905511814
20
-4.3501463385826771
11
5.652602165354331
21
-4.35008468503937
0
LINE
8
BLACK
6
CONTINUOUS
10
5.652602165354331
20
-4.35008468503937
11
5.6531572834645667
21
-4.3489744881889765
0
LINE
8
BLACK
6
CONTINUOUS
10
5.6531572834645667
20
-4.3489744881889765
11
5.6531572834645667
21
-4.3471752755905513
0
LINE
8
BLACK
6
CONTINUOUS
10
5.6531572834645667
20
-4.3471752755905513
11
5.6527666535433072
21
-4.3463940551181102
0
LINE
8
BLACK
6
CONTINUOUS
10
5.6527666535433072
20
-4.3463940551181102
11
5.6519854724409448
21
-4.3460035039370082
0
LINE
8
BLACK
6
CONTINUOUS
10
5.6519854724409448
20
-4.3460035039370082
11
5.6421739370078736
21
-4.3460035039370082
0
LINE
8
BLACK
6
CONTINUOUS
10
5.6421739370078736
20
-4.3460035039370082
11
5.6413511811023618
21
-4.3458398425196849
0
LINE
8
BLACK
6
CONTINUOUS
10
5.6413511811023618
20
-4.3458398425196849
11
5.6401875984251966
21
-4.3446762598425197
0
LINE
8
BLACK
6
CONTINUOUS
10
5.6401875984251966
20
-4.3446762598425197
11
5.6401875984251966
21
-4.343030748031496
0
LINE
8
BLACK
6
CONTINUOUS
10
5.6401875984251966
20
-4.343030748031496
11
5.6413511811023618
21
-4.3418671653543308
0
LINE
8
BLACK
6
CONTINUOUS
10
5.6413511811023618
20
-4.3418671653543308
11
5.6421739370078736
21
-4.3417035039370075
0
LINE
8
BLACK
6
CONTINUOUS
10
5.6421739370078736
20
-4.3417035039370075
11
5.6524929921259846
21
-4.3417035039370075
0
LINE
8
BLACK
6
CONTINUOUS
10
5.6524929921259846
20
-4.3417035039370075
11
5.6525986220472442
21
-4.3417244881889765
0
LINE
8
BLACK
6
CONTINUOUS
10
5.3952921653543306
20
-4.3341160236220473
11
5.3956460629921255
21
-4.3341160236220473
0
LINE
8
BLACK
6
CONTINUOUS
10
5.3956460629921255
20
-4.3341160236220473
11
5.3959999606299212
21
-4.3344699212598421
0
LINE
8
BLACK
6
CONTINUOUS
10
5.3959999606299212
20
-4.3344699212598421
11
5.3964475196850392
21
-4.3346937007874011
0
LINE
8
BLACK
6
CONTINUOUS
10
5.3964475196850392
20
-4.3346937007874011
11
5.3965594094488187
21
-4.3350293700787397
0
LINE
8
BLACK
6
CONTINUOUS
10
5.3965594094488187
20
-4.3350293700787397
11
5.3968096456692916
21
-4.3352796062992125
0
LINE
8
BLACK
6
CONTINUOUS
10
5.3968096456692916
20
-4.3352796062992125
11
5.3969733070866139
21
-4.3361023622047243
0
LINE
8
BLACK
6
CONTINUOUS
10
5.3969733070866139
20
-4.3361023622047243
11
5.3969733070866139
21
-4.3433333070866142
0
LINE
8
BLACK
6
CONTINUOUS
10
5.3969733070866139
20
-4.3433333070866142
11
5.4013899606299214
21
-4.3433333070866142
0
LINE
8
BLACK
6
CONTINUOUS
10
5.4013899606299214
20
-4.3433333070866142
11
5.4022127165354332
21
-4.3434969685039366
0
LINE
8
BLACK
6
CONTINUOUS
10
5.4022127165354332
20
-4.3434969685039366
11
5.4033762992125984
21
-4.3446605511811018
0
LINE
8
BLACK
6
CONTINUOUS
10
5.4033762992125984
20
-4.3446605511811018
11
5.4033762992125984
21
-4.3463060629921255
0
LINE
8
BLACK
6
CONTINUOUS
10
5.4033762992125984
20
-4.3463060629921255
11
5.4022127165354332
21
-4.3474696456692916
0
LINE
8
BLACK
6
CONTINUOUS
10
5.4022127165354332
20
-4.3474696456692916
11
5.4013899606299214
21
-4.347633307086614
0
LINE
8
BLACK
6
CONTINUOUS
10
5.4013899606299214
20
-4.347633307086614
11
5.3969733070866139
21
-4.347633307086614
0
LINE
8
BLACK
6
CONTINUOUS
10
5.3969733070866139
20
-4.347633307086614
11
5.3969733070866139
21
-4.348297598425197
0
LINE
8
BLACK
6
CONTINUOUS
10
5.3969733070866139
20
-4.348297598425197
11
5.3968096456692916
21
-4.3491203543307089
0
LINE
8
BLACK
6
CONTINUOUS
10
5.3968096456692916
20
-4.3491203543307089
11
5.3956460629921255
21
-4.3502839370078741
0
LINE
8
BLACK
6
CONTINUOUS
10
5.3956460629921255
20
-4.3502839370078741
11
5.3940005511811027
21
-4.3502839370078741
0
LINE
8
BLACK
6
CONTINUOUS
10
5.3940005511811027
20
-4.3502839370078741
11
5.3928369685039366
21
-4.3491203543307089
0
LINE
8
BLACK
6
CONTINUOUS
10
5.3928369685039366
20
-4.3491203543307089
11
5.3926733070866142
21
-4.348297598425197
0
LINE
8
BLACK
6
CONTINUOUS
10
5.3926733070866142
20
-4.348297598425197
11
5.3926733070866142
21
-4.347633307086614
0
LINE
8
BLACK
6
CONTINUOUS
10
5.3926733070866142
20
-4.347633307086614
11
5.388256614173228
21
-4.347633307086614
0
LINE
8
BLACK
6
CONTINUOUS
10
5.388256614173228
20
-4.347633307086614
11
5.3874338582677161
21
-4.3474696456692916
0
LINE
8
BLACK
6
CONTINUOUS
10
5.3874338582677161
20
-4.3474696456692916
11
5.3862702755905509
21
-4.3463060629921255
0
LINE
8
BLACK
6
CONTINUOUS
10
5.3862702755905509
20
-4.3463060629921255
11
5.3862702755905509
21
-4.3446605511811018
0
LINE
8
BLACK
6
CONTINUOUS
10
5.3862702755905509
20
-4.3446605511811018
11
5.3874338582677161
21
-4.3434969685039366
0
LINE
8
BLACK
6
CONTINUOUS
10
5.3874338582677161
20
-4.3434969685039366
11
5.388256614173228
21
-4.3433333070866142
0
LINE
8
BLACK
6
CONTINUOUS
10
5.388256614173228
20
-4.3433333070866142
11
5.3926733070866142
21
-4.3433333070866142
0
LINE
8
BLACK
6
CONTINUOUS
10
5.3926733070866142
20
-4.3433333070866142
11
5.3926733070866142
21
-4.3390853149606299
0
LINE
8
BLACK
6
CONTINUOUS
10
5.3926733070866142
20
-4.3390853149606299
11
5.3814317716535429
21
-4.3428325196850395
0
LINE
8
BLACK
6
CONTINUOUS
10
5.3814317716535429
20
-4.3428325196850395
11
5.3805994881889765
21
-4.3429374015748028
0
LINE
8
BLACK
6
CONTINUOUS
10
5.3805994881889765
20
-4.3429374015748028
11
5.3791276771653544
21
-4.3422014960629918
0
LINE
8
BLACK
6
CONTINUOUS
10
5.3791276771653544
20
-4.3422014960629918
11
5.3786073228346458
21
-4.3406404330708659
0
LINE
8
BLACK
6
CONTINUOUS
10
5.3786073228346458
20
-4.3406404330708659
11
5.3793432283464568
21
-4.3391686220472439
0
LINE
8
BLACK
6
CONTINUOUS
10
5.3793432283464568
20
-4.3391686220472439
11
5.3800720078740154
21
-4.3387531496062994
0
LINE
8
BLACK
6
CONTINUOUS
10
5.3800720078740154
20
-4.3387531496062994
11
5.3941433858267711
21
-4.3340627165354331
0
LINE
8
BLACK
6
CONTINUOUS
10
5.3941433858267711
20
-4.3340627165354331
11
5.3949757086614172
21
-4.3339577952755901
0
LINE
8
BLACK
6
CONTINUOUS
10
5.3949757086614172
20
-4.3339577952755901
11
5.3952921653543306
21
-4.3341160236220473
0
LINE
8
BLACK
6
CONTINUOUS
10
5.6297936220472442
20
-4.3258355118110234
11
5.6299572834645666
21
-4.3266582677165353
0
LINE
8
BLACK
6
CONTINUOUS
10
5.6299572834645666
20
-4.3266582677165353
11
5.6299572834645666
21
-4.338853503937008
0
LINE
8
BLACK
6
CONTINUOUS
10
5.6299572834645666
20
-4.338853503937008
11
5.6297936220472442
21
-4.3396762598425198
0
LINE
8
BLACK
6
CONTINUOUS
10
5.6297936220472442
20
-4.3396762598425198
11
5.628630039370079
21
-4.340839842519685
0
LINE
8
BLACK
6
CONTINUOUS
10
5.628630039370079
20
-4.340839842519685
11
5.6269845275590553
21
-4.340839842519685
0
LINE
8
BLACK
6
CONTINUOUS
10
5.6269845275590553
20
-4.340839842519685
11
5.6258209448818892
21
-4.3396762598425198
0
LINE
8
BLACK
6
CONTINUOUS
10
5.6258209448818892
20
-4.3396762598425198
11
5.6256572834645668
21
-4.338853503937008
0
LINE
8
BLACK
6
CONTINUOUS
10
5.6256572834645668
20
-4.338853503937008
11
5.6256572834645668
21
-4.3318488188976376
0
LINE
8
BLACK
6
CONTINUOUS
10
5.6256572834645668
20
-4.3318488188976376
11
5.6180704330708657
21
-4.3394357086614175
0
LINE
8
BLACK
6
CONTINUOUS
10
5.6180704330708657
20
-4.3394357086614175
11
5.6179808267716531
21
-4.339495551181102
0
LINE
8
BLACK
6
CONTINUOUS
10
5.6179808267716531
20
-4.339495551181102
11
5.6179587795275587
21
-4.3395396850393704
0
LINE
8
BLACK
6
CONTINUOUS
10
5.6179587795275587
20
-4.3395396850393704
11
5.6176596062992123
21
-4.3397101968503939
0
LINE
8
BLACK
6
CONTINUOUS
10
5.6176596062992123
20
-4.3397101968503939
11
5.6173729527559058
21
-4.3399017716535431
0
LINE
8
BLACK
6
CONTINUOUS
10
5.6173729527559058
20
-4.3399017716535431
11
5.617323582677165
21
-4.3399017716535431
0
LINE
8
BLACK
6
CONTINUOUS
10
5.617323582677165
20
-4.3399017716535431
11
5.6172300000000002
21
-4.339955118110236
0
LINE
8
BLACK
6
CONTINUOUS
10
5.6172300000000002
20
-4.339955118110236
11
5.6144157480314956
21
-4.340893188976378
0
LINE
8
BLACK
6
CONTINUOUS
10
5.6144157480314956
20
-4.340893188976378
11
5.614073818897638
21
-4.3409362598425192
0
LINE
8
BLACK
6
CONTINUOUS
10
5.614073818897638
20
-4.3409362598425192
11
5.6137358661417318
21
-4.3410035039370074
0
LINE
8
BLACK
6
CONTINUOUS
10
5.6137358661417318
20
-4.3410035039370074
11
5.61185968503937
21
-4.3410035039370074
0
LINE
8
BLACK
6
CONTINUOUS
10
5.61185968503937
20
-4.3410035039370074
11
5.6117540944881892
21
-4.3409824803149606
0
LINE
8
BLACK
6
CONTINUOUS
10
5.6117540944881892
20
-4.3409824803149606
11
5.6117073228346452
21
-4.3409981102362201
0
LINE
8
BLACK
6
CONTINUOUS
10
5.6117073228346452
20
-4.3409981102362201
11
5.6113748425196848
21
-4.3409070472440945
0
LINE
8
BLACK
6
CONTINUOUS
10
5.6113748425196848
20
-4.3409070472440945
11
5.6110369291338582
21
-4.340839842519685
0
LINE
8
BLACK
6
CONTINUOUS
10
5.6110369291338582
20
-4.340839842519685
11
5.611002047244094
21
-4.3408049606299208
0
LINE
8
BLACK
6
CONTINUOUS
10
5.611002047244094
20
-4.3408049606299208
11
5.6108982283464561
21
-4.3407765354330712
0
LINE
8
BLACK
6
CONTINUOUS
10
5.6108982283464561
20
-4.3407765354330712
11
5.6090219685039369
21
-4.3398384645669292
0
LINE
8
BLACK
6
CONTINUOUS
10
5.6090219685039369
20
-4.3398384645669292
11
5.6087496850393697
21
-4.3396271259842516
0
LINE
8
BLACK
6
CONTINUOUS
10
5.6087496850393697
20
-4.3396271259842516
11
5.6084631496062993
21
-4.3394356692913387
0
LINE
8
BLACK
6
CONTINUOUS
10
5.6084631496062993
20
-4.3394356692913387
11
5.6075250787401574
21
-4.338497559055118
0
LINE
8
BLACK
6
CONTINUOUS
10
5.6075250787401574
20
-4.338497559055118
11
5.6073337795275586
21
-4.3382112204724406
0
LINE
8
BLACK
6
CONTINUOUS
10
5.6073337795275586
20
-4.3382112204724406
11
5.6071223622047244
21
-4.3379388582677167
0
LINE
8
BLACK
6
CONTINUOUS
10
5.6071223622047244
20
-4.3379388582677167
11
5.6061842913385824
21
-4.3360626771653541
0
LINE
8
BLACK
6
CONTINUOUS
10
5.6061842913385824
20
-4.3360626771653541
11
5.6061558267716531
21
-4.3359587795275587
0
LINE
8
BLACK
6
CONTINUOUS
10
5.6061558267716531
20
-4.3359587795275587
11
5.6061209448818898
21
-4.3359238976377954
0
LINE
8
BLACK
6
CONTINUOUS
10
5.6061209448818898
20
-4.3359238976377954
11
5.6060536614173229
21
-4.3355857086614176
0
LINE
8
BLACK
6
CONTINUOUS
10
5.6060536614173229
20
-4.3355857086614176
11
5.6059627165354327
21
-4.335253582677165
0
LINE
8
BLACK
6
CONTINUOUS
10
5.6059627165354327
20
-4.335253582677165
11
5.6059782677165355
21
-4.3352068110236219
0
LINE
8
BLACK
6
CONTINUOUS
10
5.6059782677165355
20
-4.3352068110236219
11
5.6059572834645666
21
-4.3351011417322836
0
LINE
8
BLACK
6
CONTINUOUS
10
5.6059572834645666
20
-4.3351011417322836
11
5.6059572834645666
21
-4.3304106692913384
0
LINE
8
BLACK
6
CONTINUOUS
10
5.6059572834645666
20
-4.3304106692913384
11
5.6059782677165355
21
-4.3303049606299213
0
LINE
8
BLACK
6
CONTINUOUS
10
5.6059782677165355
20
-4.3303049606299213
11
5.6059627165354327
21
-4.330258228346457
0
LINE
8
BLACK
6
CONTINUOUS
10
5.6059627165354327
20
-4.330258228346457
11
5.6060536614173229
21
-4.3299260629921257
0
LINE
8
BLACK
6
CONTINUOUS
10
5.6060536614173229
20
-4.3299260629921257
11
5.6061209448818898
21
-4.3295879133858266
0
LINE
8
BLACK
6
CONTINUOUS
10
5.6061209448818898
20
-4.3295879133858266
11
5.6061558267716531
21
-4.3295529921259845
0
LINE
8
BLACK
6
CONTINUOUS
10
5.6061558267716531
20
-4.3295529921259845
11
5.6061842913385824
21
-4.3294491338582679
0
LINE
8
BLACK
6
CONTINUOUS
10
5.6061842913385824
20
-4.3294491338582679
11
5.6071223622047244
21
-4.3275729527559053
0
LINE
8
BLACK
6
CONTINUOUS
10
5.6071223622047244
20
-4.3275729527559053
11
5.6073337795275586
21
-4.3273005511811027
0
LINE
8
BLACK
6
CONTINUOUS
10
5.6073337795275586
20
-4.3273005511811027
11
5.6075250787401574
21
-4.327014251968504
0
LINE
8
BLACK
6
CONTINUOUS
10
5.6075250787401574
20
-4.327014251968504
11
5.6084631496062993
21
-4.3260761417322833
0
LINE
8
BLACK
6
CONTINUOUS
10
5.6084631496062993
20
-4.3260761417322833
11
5.6091606299212593
21
-4.3256100787401577
0
LINE
8
BLACK
6
CONTINUOUS
10
5.6091606299212593
20
-4.3256100787401577
11
5.6108061811023617
21
-4.3256100393700789
0
LINE
8
BLACK
6
CONTINUOUS
10
5.6108061811023617
20
-4.3256100393700789
11
5.6119697637795278
21
-4.3267735826771654
0
LINE
8
BLACK
6
CONTINUOUS
10
5.6119697637795278
20
-4.3267735826771654
11
5.6119698031496066
21
-4.3284191338582678
0
LINE
8
BLACK
6
CONTINUOUS
10
5.6119698031496066
20
-4.3284191338582678
11
5.6115037795275589
21
-4.3291166141732287
0
LINE
8
BLACK
6
CONTINUOUS
10
5.6115037795275589
20
-4.3291166141732287
11
5.6108123622047241
21
-4.3298080314960625
0
LINE
8
BLACK
6
CONTINUOUS
10
5.6108123622047241
20
-4.3298080314960625
11
5.6102572834645672
21
-4.3309181889763781
0
LINE
8
BLACK
6
CONTINUOUS
10
5.6102572834645672
20
-4.3309181889763781
11
5.6102572834645672
21
-4.3345935826771651
0
LINE
8
BLACK
6
CONTINUOUS
10
5.6102572834645672
20
-4.3345935826771651
11
5.6108123622047241
21
-4.3357037401574798
0
LINE
8
BLACK
6
CONTINUOUS
10
5.6108123622047241
20
-4.3357037401574798
11
5.6112570078740154
21
-4.336148385826772
0
LINE
8
BLACK
6
CONTINUOUS
10
5.6112570078740154
20
-4.336148385826772
11
5.6123672440944885
21
-4.3367035039370077
0
LINE
8
BLACK
6
CONTINUOUS
10
5.6123672440944885
20
-4.3367035039370077
11
5.6133869291338581
21
-4.3367035039370077
0
LINE
8
BLACK
6
CONTINUOUS
10
5.6133869291338581
20
-4.3367035039370077
11
5.6153887795275592
21
-4.3360362204724412
0
LINE
8
BLACK
6
CONTINUOUS
10
5.6153887795275592
20
-4.3360362204724412
11
5.6262870078740157
21
-4.3251379921259838
0
LINE
8
BLACK
6
CONTINUOUS
10
5.6262870078740157
20
-4.3251379921259838
11
5.6269844881889766
21
-4.3246719291338582
0
LINE
8
BLACK
6
CONTINUOUS
10
5.6269844881889766
20
-4.3246719291338582
11
5.628630039370079
21
-4.3246719291338582
0
LINE
8
BLACK
6
CONTINUOUS
10
5.628630039370079
20
-4.3246719291338582
11
5.6297936220472442
21
-4.3258355118110234
0
LINE
8
BLACK
6
CONTINUOUS
10
5.7147127165354332
20
-4.2944350787401575
11
5.7158762992125984
21
-4.2955986614173227
0
LINE
8
BLACK
6
CONTINUOUS
10
5.7158762992125984
20
-4.2955986614173227
11
5.7158762992125984
21
-4.2972441732283464
0
LINE
8
BLACK
6
CONTINUOUS
10
5.7158762992125984
20
-4.2972441732283464
11
5.7147127165354332
21
-4.2984077559055116
0
LINE
8
BLACK
6
CONTINUOUS
10
5.7147127165354332
20
-4.2984077559055116
11
5.7138899606299214
21
-4.2985714173228349
0
LINE
8
BLACK
6
CONTINUOUS
10
5.7138899606299214
20
-4.2985714173228349
11
5.7057209055118108
21
-4.2985714173228349
0
LINE
8
BLACK
6
CONTINUOUS
10
5.7057209055118108
20
-4.2985714173228349
11
5.7057209055118108
21
-4.3029880708661414
0
LINE
8
BLACK
6
CONTINUOUS
10
5.7057209055118108
20
-4.3029880708661414
11
5.7055572440944884
21
-4.3038108267716533
0
LINE
8
BLACK
6
CONTINUOUS
10
5.7055572440944884
20
-4.3038108267716533
11
5.7043936614173223
21
-4.3049744094488185
0
LINE
8
BLACK
6
CONTINUOUS
10
5.7043936614173223
20
-4.3049744094488185
11
5.7027481496062995
21
-4.3049744094488185
0
LINE
8
BLACK
6
CONTINUOUS
10
5.7027481496062995
20
-4.3049744094488185
11
5.7015845669291334
21
-4.3038108267716533
0
LINE
8
BLACK
6
CONTINUOUS
10
5.7015845669291334
20
-4.3038108267716533
11
5.701420905511811
21
-4.3029880708661414
0
LINE
8
BLACK
6
CONTINUOUS
10
5.701420905511811
20
-4.3029880708661414
11
5.701420905511811
21
-4.2985714173228349
0
LINE
8
BLACK
6
CONTINUOUS
10
5.701420905511811
20
-4.2985714173228349
11
5.6963399606299214
21
-4.2985714173228349
0
LINE
8
BLACK
6
CONTINUOUS
10
5.6963399606299214
20
-4.2985714173228349
11
5.6963399606299214
21
-4.3058023622047239
0
LINE
8
BLACK
6
CONTINUOUS
10
5.6963399606299214
20
-4.3058023622047239
11
5.6961762992125982
21
-4.3066251181102357
0
LINE
8
BLACK
6
CONTINUOUS
10
5.6961762992125982
20
-4.3066251181102357
11
5.695012716535433
21
-4.3077887007874018
0
LINE
8
BLACK
6
CONTINUOUS
10
5.695012716535433
20
-4.3077887007874018
11
5.6933672047244093
21
-4.3077887007874018
0
LINE
8
BLACK
6
CONTINUOUS
10
5.6933672047244093
20
-4.3077887007874018
11
5.6929527559055115
21
-4.3073742519685041
0
LINE
8
BLACK
6
CONTINUOUS
10
5.6929527559055115
20
-4.3073742519685041
11
5.6929527559055115
21
-4.3345472440944883
0
LINE
8
BLACK
6
CONTINUOUS
10
5.6929527559055115
20
-4.3345472440944883
11
5.747047244094488
21
-4.3345472440944883
0
LINE
8
BLACK
6
CONTINUOUS
10
5.747047244094488
20
-4.3345472440944883
11
5.747047244094488
21
-4.2975000000000003
0
LINE
8
BLACK
6
CONTINUOUS
10
5.747047244094488
20
-4.2975000000000003
11
5.7471039763779528
21
-4.2969239370078736
0
LINE
8
BLACK
6
CONTINUOUS
10
5.7471039763779528
20
-4.2969239370078736
11
5.7475448818897634
21
-4.2958595275590552
0
LINE
8
BLACK
6
CONTINUOUS
10
5.7475448818897634
20
-4.2958595275590552
11
5.7483595275590549
21
-4.2950448818897637
0
LINE
8
BLACK
6
CONTINUOUS
10
5.7483595275590549
20
-4.2950448818897637
11
5.7494239370078741
21
-4.2946039763779522
0
LINE
8
BLACK
6
CONTINUOUS
10
5.7494239370078741
20
-4.2946039763779522
11
5.7505760629921259
21
-4.2946039763779522
0
LINE
8
BLACK
6
CONTINUOUS
10
5.7505760629921259
20
-4.2946039763779522
11
5.7516404724409451
21
-4.2950448818897637
0
LINE
8
BLACK
6
CONTINUOUS
10
5.7516404724409451
20
-4.2950448818897637
11
5.7524551181102357
21
-4.2958595275590552
0
LINE
8
BLACK
6
CONTINUOUS
10
5.7524551181102357
20
-4.2958595275590552
11
5.7528960236220472
21
-4.2969239370078736
0
LINE
8
BLACK
6
CONTINUOUS
10
5.7528960236220472
20
-4.2969239370078736
11
5.752952755905512
21
-4.2975000000000003
0
LINE
8
BLACK
6
CONTINUOUS
10
5.752952755905512
20
-4.2975000000000003
11
5.752952755905512
21
-4.3374999999999995
0
LINE
8
BLACK
6
CONTINUOUS
10
5.752952755905512
20
-4.3374999999999995
11
5.7528960236220472
21
-4.3380760629921262
0
LINE
8
BLACK
6
CONTINUOUS
10
5.7528960236220472
20
-4.3380760629921262
11
5.7524551181102357
21
-4.3391404724409446
0
LINE
8
BLACK
6
CONTINUOUS
10
5.7524551181102357
20
-4.3391404724409446
11
5.7516404724409451
21
-4.339955118110236
0
LINE
8
BLACK
6
CONTINUOUS
10
5.7516404724409451
20
-4.339955118110236
11
5.7505760629921259
21
-4.3403960236220476
0
LINE
8
BLACK
6
CONTINUOUS
10
5.7505760629921259
20
-4.3403960236220476
11
5.75
21
-4.3404527559055115
0
LINE
8
BLACK
6
CONTINUOUS
10
5.75
20
-4.3404527559055115
11
5.6899999999999995
21
-4.3404527559055115
0
LINE
8
BLACK
6
CONTINUOUS
10
5.6899999999999995
20
-4.3404527559055115
11
5.6894239370078736
21
-4.3403960236220476
0
LINE
8
BLACK
6
CONTINUOUS
10
5.6894239370078736
20
-4.3403960236220476
11
5.6883595275590553
21
-4.339955118110236
0
LINE
8
BLACK
6
CONTINUOUS
10
5.6883595275590553
20
-4.339955118110236
11
5.6875448818897638
21
-4.3391404724409446
0
LINE
8
BLACK
6
CONTINUOUS
10
5.6875448818897638
20
-4.3391404724409446
11
5.6871039763779523
21
-4.3380760629921262
0
LINE
8
BLACK
6
CONTINUOUS
10
5.6871039763779523
20
-4.3380760629921262
11
5.6870472440944884
21
-4.3374999999999995
0
LINE
8
BLACK
6
CONTINUOUS
10
5.6870472440944884
20
-4.3374999999999995
11
5.6870472440944884
21
-4.2975000000000003
0
LINE
8
BLACK
6
CONTINUOUS
10
5.6870472440944884
20
-4.2975000000000003
11
5.6871039763779523
21
-4.2969239370078736
0
LINE
8
BLACK
6
CONTINUOUS
10
5.6871039763779523
20
-4.2969239370078736
11
5.6875448818897638
21
-4.2958595275590552
0
LINE
8
BLACK
6
CONTINUOUS
10
5.6875448818897638
20
-4.2958595275590552
11
5.6883595275590553
21
-4.2950448818897637
0
LINE
8
BLACK
6
CONTINUOUS
10
5.6883595275590553
20
-4.2950448818897637
11
5.6894239370078736
21
-4.2946039763779522
0
LINE
8
BLACK
6
CONTINUOUS
10
5.6894239370078736
20
-4.2946039763779522
11
5.6905760629921263
21
-4.2946039763779522
0
LINE
8
BLACK
6
CONTINUOUS
10
5.6905760629921263
20
-4.2946039763779522
11
5.6916404724409446
21
-4.2950448818897637
0
LINE
8
BLACK
6
CONTINUOUS
10
5.6916404724409446
20
-4.2950448818897637
11
5.692202047244094
21
-4.2956064566929131
0
LINE
8
BLACK
6
CONTINUOUS
10
5.692202047244094
20
-4.2956064566929131
11
5.6922036220472441
21
-4.2955986614173227
0
LINE
8
BLACK
6
CONTINUOUS
10
5.6922036220472441
20
-4.2955986614173227
11
5.6933672047244093
21
-4.2944350787401575
0
LINE
8
BLACK
6
CONTINUOUS
10
5.6933672047244093
20
-4.2944350787401575
11
5.6941899606299211
21
-4.2942714173228342
0
LINE
8
BLACK
6
CONTINUOUS
10
5.6941899606299211
20
-4.2942714173228342
11
5.7138899606299214
21
-4.2942714173228342
0
LINE
8
BLACK
6
CONTINUOUS
10
5.7138899606299214
20
-4.2942714173228342
11
5.7147127165354332
21
-4.2944350787401575
0
LINE
8
BLACK
6
CONTINUOUS
10
5.6480609448818893
20
-4.3220548818897635
11
5.6483239763779522
21
-4.3220677165354333
0
LINE
8
BLACK
6
CONTINUOUS
10
5.6483239763779522
20
-4.3220677165354333
11
5.6520763779527554
21
-4.3230057874015744
0
LINE
8
BLACK
6
CONTINUOUS
10
5.6520763779527554
20
-4.3230057874015744
11
5.652289330708661
21
-4.3231063779527554
0
LINE
8
BLACK
6
CONTINUOUS
10
5.652289330708661
20
-4.3231063779527554
11
5.6525164173228344
21
-4.3231685826771651
0
LINE
8
BLACK
6
CONTINUOUS
10
5.6525164173228344
20
-4.3231685826771651
11
5.654392598425197
21
-4.324106653543307
0
LINE
8
BLACK
6
CONTINUOUS
10
5.654392598425197
20
-4.324106653543307
11
5.6546648425196846
21
-4.324317952755905
0
LINE
8
BLACK
6
CONTINUOUS
10
5.6546648425196846
20
-4.324317952755905
11
5.6549513779527558
21
-4.3245094094488188
0
LINE
8
BLACK
6
CONTINUOUS
10
5.6549513779527558
20
-4.3245094094488188
11
5.6558894881889765
21
-4.3254475196850395
0
LINE
8
BLACK
6
CONTINUOUS
10
5.6558894881889765
20
-4.3254475196850395
11
5.6560808267716531
21
-4.3257338976377948
0
LINE
8
BLACK
6
CONTINUOUS
10
5.6560808267716531
20
-4.3257338976377948
11
5.6562922440944883
21
-4.3260062992125983
0
LINE
8
BLACK
6
CONTINUOUS
10
5.6562922440944883
20
-4.3260062992125983
11
5.6572303149606302
21
-4.3278824803149609
0
LINE
8
BLACK
6
CONTINUOUS
10
5.6572303149606302
20
-4.3278824803149609
11
5.6572587401574799
21
-4.3279863385826767
0
LINE
8
BLACK
6
CONTINUOUS
10
5.6572587401574799
20
-4.3279863385826767
11
5.6572936220472441
21
-4.3280212204724409
0
LINE
8
BLACK
6
CONTINUOUS
10
5.6572936220472441
20
-4.3280212204724409
11
5.6573607874015748
21
-4.3283589763779524
0
LINE
8
BLACK
6
CONTINUOUS
10
5.6573607874015748
20
-4.3283589763779524
11
5.6574518897637791
21
-4.3286915748031491
0
LINE
8
BLACK
6
CONTINUOUS
10
5.6574518897637791
20
-4.3286915748031491
11
5.6574362598425196
21
-4.3287383858267718
0
LINE
8
BLACK
6
CONTINUOUS
10
5.6574362598425196
20
-4.3287383858267718
11
5.6574572834645664
21
-4.3288439763779527
0
LINE
8
BLACK
6
CONTINUOUS
10
5.6574572834645664
20
-4.3288439763779527
11
5.6574572834645664
21
-4.3307201574803145
0
LINE
8
BLACK
6
CONTINUOUS
10
5.6574572834645664
20
-4.3307201574803145
11
5.6574362598425196
21
-4.3308257086614175
0
LINE
8
BLACK
6
CONTINUOUS
10
5.6574362598425196
20
-4.3308257086614175
11
5.6574518897637791
21
-4.3308725196850393
0
LINE
8
BLACK
6
CONTINUOUS
10
5.6574518897637791
20
-4.3308725196850393
11
5.6573608267716535
21
-4.331204960629921
0
LINE
8
BLACK
6
CONTINUOUS
10
5.6573608267716535
20
-4.331204960629921
11
5.6572936220472441
21
-4.3315429133858263
0
LINE
8
BLACK
6
CONTINUOUS
10
5.6572936220472441
20
-4.3315429133858263
11
5.6572587401574799
21
-4.3315777559055118
0
LINE
8
BLACK
6
CONTINUOUS
10
5.6572587401574799
20
-4.3315777559055118
11
5.6572303149606302
21
-4.3316816141732284
0
LINE
8
BLACK
6
CONTINUOUS
10
5.6572303149606302
20
-4.3316816141732284
11
5.6562922440944883
21
-4.3335578740157477
0
LINE
8
BLACK
6
CONTINUOUS
10
5.6562922440944883
20
-4.3335578740157477
11
5.6560809055118106
21
-4.3338301181102361
0
LINE
8
BLACK
6
CONTINUOUS
10
5.6560809055118106
20
-4.3338301181102361
11
5.6558894488188978
21
-4.3341166929133861
0
LINE
8
BLACK
6
CONTINUOUS
10
5.6558894488188978
20
-4.3341166929133861
11
5.6549513385826771
21
-4.3350547637795271
0
LINE
8
BLACK
6
CONTINUOUS
10
5.6549513385826771
20
-4.3350547637795271
11
5.6546649999999996
21
-4.3352460236220471
0
LINE
8
BLACK
6
CONTINUOUS
10
5.6546649999999996
20
-4.3352460236220471
11
5.6543926377952758
21
-4.3354574803149601
0
LINE
8
BLACK
6
CONTINUOUS
10
5.6543926377952758
20
-4.3354574803149601
11
5.6525164566929131
21
-4.3363955511811021
0
LINE
8
BLACK
6
CONTINUOUS
10
5.6525164566929131
20
-4.3363955511811021
11
5.6522893700787398
21
-4.336457716535433
0
LINE
8
BLACK
6
CONTINUOUS
10
5.6522893700787398
20
-4.336457716535433
11
5.6520763385826767
21
-4.3365583858267716
0
LINE
8
BLACK
6
CONTINUOUS
10
5.6520763385826767
20
-4.3365583858267716
11
5.6483239370078735
21
-4.3374964566929135
0
LINE
8
BLACK
6
CONTINUOUS
10
5.6483239370078735
20
-4.3374964566929135
11
5.6480607874015742
21
-4.3375092519685037
0
LINE
8
BLACK
6
CONTINUOUS
10
5.6480607874015742
20
-4.3375092519685037
11
5.6478025196850394
21
-4.3375606299212599
0
LINE
8
BLACK
6
CONTINUOUS
10
5.6478025196850394
20
-4.3375606299212599
11
5.6431120472440943
21
-4.3375606299212599
0
LINE
8
BLACK
6
CONTINUOUS
10
5.6431120472440943
20
-4.3375606299212599
11
5.6428537795275586
21
-4.3375092519685037
0
LINE
8
BLACK
6
CONTINUOUS
10
5.6428537795275586
20
-4.3375092519685037
11
5.6425905905511806
21
-4.3374964566929135
0
LINE
8
BLACK
6
CONTINUOUS
10
5.6425905905511806
20
-4.3374964566929135
11
5.6388382283464562
21
-4.3365583858267716
0
LINE
8
BLACK
6
CONTINUOUS
10
5.6388382283464562
20
-4.3365583858267716
11
5.6386252362204727
21
-4.3364577559055117
0
LINE
8
BLACK
6
CONTINUOUS
10
5.6386252362204727
20
-4.3364577559055117
11
5.6383981889763781
21
-4.3363955905511808
0
LINE
8
BLACK
6
CONTINUOUS
10
5.6383981889763781
20
-4.3363955905511808
11
5.6365219685039367
21
-4.3354574803149601
0
LINE
8
BLACK
6
CONTINUOUS
10
5.6365219685039367
20
-4.3354574803149601
11
5.6362495275590554
21
-4.3352460236220471
0
LINE
8
BLACK
6
CONTINUOUS
10
5.6362495275590554
20
-4.3352460236220471
11
5.6359631889763779
21
-4.3350547244094484
0
LINE
8
BLACK
6
CONTINUOUS
10
5.6359631889763779
20
-4.3350547244094484
11
5.635025118110236
21
-4.3341166535433073
0
LINE
8
BLACK
6
CONTINUOUS
10
5.635025118110236
20
-4.3341166535433073
11
5.6348336614173231
21
-4.3338301181102361
0
LINE
8
BLACK
6
CONTINUOUS
10
5.6348336614173231
20
-4.3338301181102361
11
5.6346223622047242
21
-4.3335578740157477
0
LINE
8
BLACK
6
CONTINUOUS
10
5.6346223622047242
20
-4.3335578740157477
11
5.6336842519685035
21
-4.3316816535433071
0
LINE
8
BLACK
6
CONTINUOUS
10
5.6336842519685035
20
-4.3316816535433071
11
5.6336557874015742
21
-4.3315777559055118
0
LINE
8
BLACK
6
CONTINUOUS
10
5.6336557874015742
20
-4.3315777559055118
11
5.6336209448818897
21
-4.3315429133858263
0
LINE
8
BLACK
6
CONTINUOUS
10
5.6336209448818897
20
-4.3315429133858263
11
5.6335537007874015
21
-4.3312048818897635
0
LINE
8
BLACK
6
CONTINUOUS
10
5.6335537007874015
20
-4.3312048818897635
11
5.6334627165354325
21
-4.3308725984251968
0
LINE
8
BLACK
6
CONTINUOUS
10
5.6334627165354325
20
-4.3308725984251968
11
5.6334782677165354
21
-4.3308258267716537
0
LINE
8
BLACK
6
CONTINUOUS
10
5.6334782677165354
20
-4.3308258267716537
11
5.6334572834645664
21
-4.3307201574803145
0
LINE
8
BLACK
6
CONTINUOUS
10
5.6334572834645664
20
-4.3307201574803145
11
5.6334572834645664
21
-4.3288439763779527
0
LINE
8
BLACK
6
CONTINUOUS
10
5.6334572834645664
20
-4.3288439763779527
11
5.6334782677165354
21
-4.3287382677165356
0
LINE
8
BLACK
6
CONTINUOUS
10
5.6334782677165354
20
-4.3287382677165356
11
5.6334627165354325
21
-4.3286915354330704
0
LINE
8
BLACK
6
CONTINUOUS
10
5.6334627165354325
20
-4.3286915354330704
11
5.6335536614173227
21
-4.3283593700787399
0
LINE
8
BLACK
6
CONTINUOUS
10
5.6335536614173227
20
-4.3283593700787399
11
5.6336209448818897
21
-4.3280212204724409
0
LINE
8
BLACK
6
CONTINUOUS
10
5.6336209448818897
20
-4.3280212204724409
11
5.633655826771653
21
-4.3279862992125979
0
LINE
8
BLACK
6
CONTINUOUS
10
5.633655826771653
20
-4.3279862992125979
11
5.6336842913385823
21
-4.3278824409448822
0
LINE
8
BLACK
6
CONTINUOUS
10
5.6336842913385823
20
-4.3278824409448822
11
5.6346223622047242
21
-4.3260062598425195
0
LINE
8
BLACK
6
CONTINUOUS
10
5.6346223622047242
20
-4.3260062598425195
11
5.6348337795275585
21
-4.3257338582677161
0
LINE
8
BLACK
6
CONTINUOUS
10
5.6348337795275585
20
-4.3257338582677161
11
5.6350250787401572
21
-4.3254475590551182
0
LINE
8
BLACK
6
CONTINUOUS
10
5.6350250787401572
20
-4.3254475590551182
11
5.6359631496062992
21
-4.3245094488188975
0
LINE
8
BLACK
6
CONTINUOUS
10
5.6359631496062992
20
-4.3245094488188975
11
5.6362496850393695
21
-4.324317952755905
0
LINE
8
BLACK
6
CONTINUOUS
10
5.6362496850393695
20
-4.324317952755905
11
5.6365219685039367
21
-4.324106653543307
0
LINE
8
BLACK
6
CONTINUOUS
10
5.6365219685039367
20
-4.324106653543307
11
5.6383982283464569
21
-4.3231685826771651
0
LINE
8
BLACK
6
CONTINUOUS
10
5.6383982283464569
20
-4.3231685826771651
11
5.6386253543307081
21
-4.3231063779527554
0
LINE
8
BLACK
6
CONTINUOUS
10
5.6386253543307081
20
-4.3231063779527554
11
5.6388382283464562
21
-4.3230058267716531
0
LINE
8
BLACK
6
CONTINUOUS
10
5.6388382283464562
20
-4.3230058267716531
11
5.6425905511811019
21
-4.3220677165354333
0
LINE
8
BLACK
6
CONTINUOUS
10
5.6425905511811019
20
-4.3220677165354333
11
5.6428535826771649
21
-4.3220548818897635
0
LINE
8
BLACK
6
CONTINUOUS
10
5.6428535826771649
20
-4.3220548818897635
11
5.6431120472440943
21
-4.3220035039370082
0
LINE
8
BLACK
6
CONTINUOUS
10
5.6431120472440943
20
-4.3220035039370082
11
5.6478025196850394
21
-4.3220035039370082
0
LINE
8
BLACK
6
CONTINUOUS
10
5.6478025196850394
20
-4.3220035039370082
11
5.6480609448818893
21
-4.3220548818897635
0
LINE
8
BLACK
6
CONTINUOUS
10
5.640110157480315
20
-4.3271201181102361
11
5.6387570078740152
21
-4.3277966929133855
0
LINE
8
BLACK
6
CONTINUOUS
10
5.6387570078740152
20
-4.3277966929133855
11
5.638312362204724
21
-4.3282413385826768
0
LINE
8
BLACK
6
CONTINUOUS
10
5.638312362204724
20
-4.3282413385826768
11
5.6377572834645671
21
-4.3293514960629924
0
LINE
8
BLACK
6
CONTINUOUS
10
5.6377572834645671
20
-4.3293514960629924
11
5.6377572834645671
21
-4.3302125984251969
0
LINE
8
BLACK
6
CONTINUOUS
10
5.6377572834645671
20
-4.3302125984251969
11
5.6383124015748027
21
-4.3313228346456691
0
LINE
8
BLACK
6
CONTINUOUS
10
5.6383124015748027
20
-4.3313228346456691
11
5.6387570078740152
21
-4.3317674409448816
0
LINE
8
BLACK
6
CONTINUOUS
10
5.6387570078740152
20
-4.3317674409448816
11
5.64011
21
-4.3324439370078736
0
LINE
8
BLACK
6
CONTINUOUS
10
5.64011
20
-4.3324439370078736
11
5.6433767716535428
21
-4.3332606299212602
0
LINE
8
BLACK
6
CONTINUOUS
10
5.6433767716535428
20
-4.3332606299212602
11
5.6475377952755901
21
-4.3332606299212602
0
LINE
8
BLACK
6
CONTINUOUS
10
5.6475377952755901
20
-4.3332606299212602
11
5.6508046062992126
21
-4.3324438976377948
0
LINE
8
BLACK
6
CONTINUOUS
10
5.6508046062992126
20
-4.3324438976377948
11
5.6521575196850389
21
-4.3317674409448816
0
LINE
8
BLACK
6
CONTINUOUS
10
5.6521575196850389
20
-4.3317674409448816
11
5.652602165354331
21
-4.3313227952755904
0
LINE
8
BLACK
6
CONTINUOUS
10
5.652602165354331
20
-4.3313227952755904
11
5.6531572834645667
21
-4.3302125984251969
0
LINE
8
BLACK
6
CONTINUOUS
10
5.6531572834645667
20
-4.3302125984251969
11
5.6531572834645667
21
-4.3293514960629924
0
LINE
8
BLACK
6
CONTINUOUS
10
5.6531572834645667
20
-4.3293514960629924
11
5.652602165354331
21
-4.328241299212598
0
LINE
8
BLACK
6
CONTINUOUS
10
5.652602165354331
20
-4.328241299212598
11
5.6521575590551176
21
-4.3277966929133855
0
LINE
8
BLACK
6
CONTINUOUS
10
5.6521575590551176
20
-4.3277966929133855
11
5.6508044094488188
21
-4.3271201181102361
0
LINE
8
BLACK
6
CONTINUOUS
10
5.6508044094488188
20
-4.3271201181102361
11
5.6475379133858263
21
-4.3263035039370079
0
LINE
8
BLACK
6
CONTINUOUS
10
5.6475379133858263
20
-4.3263035039370079
11
5.6433768110236215
21
-4.3263035039370079
0
LINE
8
BLACK
6
CONTINUOUS
10
5.6433768110236215
20
-4.3263035039370079
11
5.640110157480315
21
-4.3271201181102361
0
LINE
8
BLACK
6
CONTINUOUS
10
5.3711812992125987
20
-4.3214685826771655
11
5.3712280708661417
21
-4.3214530314960626
0
LINE
8
BLACK
6
CONTINUOUS
10
5.3712280708661417
20
-4.3214530314960626
11
5.3715603149606297
21
-4.3215439763779528
0
LINE
8
BLACK
6
CONTINUOUS
10
5.3715603149606297
20
-4.3215439763779528
11
5.37189842519685
21
-4.3216112598425198
0
LINE
8
BLACK
6
CONTINUOUS
10
5.37189842519685
20
-4.3216112598425198
11
5.3719332677165355
21
-4.3216461023622044
0
LINE
8
BLACK
6
CONTINUOUS
10
5.3719332677165355
20
-4.3216461023622044
11
5.3720371653543308
21
-4.3216745669291337
0
LINE
8
BLACK
6
CONTINUOUS
10
5.3720371653543308
20
-4.3216745669291337
11
5.3739133858267714
21
-4.3226126377952756
0
LINE
8
BLACK
6
CONTINUOUS
10
5.3739133858267714
20
-4.3226126377952756
11
5.3742515748031492
21
-4.3228751181102361
0
LINE
8
BLACK
6
CONTINUOUS
10
5.3742515748031492
20
-4.3228751181102361
11
5.3743605905511806
21
-4.3229114566929132
0
LINE
8
BLACK
6
CONTINUOUS
10
5.3743605905511806
20
-4.3229114566929132
11
5.3744547244094489
21
-4.3230327952755907
0
LINE
8
BLACK
6
CONTINUOUS
10
5.3744547244094489
20
-4.3230327952755907
11
5.3745761023622043
21
-4.3231269685039369
0
LINE
8
BLACK
6
CONTINUOUS
10
5.3745761023622043
20
-4.3231269685039369
11
5.3746124015748027
21
-4.3232359448818896
0
LINE
8
BLACK
6
CONTINUOUS
10
5.3746124015748027
20
-4.3232359448818896
11
5.3748749212598428
21
-4.3235741732283461
0
LINE
8
BLACK
6
CONTINUOUS
10
5.3748749212598428
20
-4.3235741732283461
11
5.3758129921259838
21
-4.3254503543307088
0
LINE
8
BLACK
6
CONTINUOUS
10
5.3758129921259838
20
-4.3254503543307088
11
5.3758414173228344
21
-4.3255542125984254
0
LINE
8
BLACK
6
CONTINUOUS
10
5.3758414173228344
20
-4.3255542125984254
11
5.3758762992125986
21
-4.3255890944881887
0
LINE
8
BLACK
6
CONTINUOUS
10
5.3758762992125986
20
-4.3255890944881887
11
5.3759434645669293
21
-4.3259268503937003
0
LINE
8
BLACK
6
CONTINUOUS
10
5.3759434645669293
20
-4.3259268503937003
11
5.3760345669291336
21
-4.3262594488188979
0
LINE
8
BLACK
6
CONTINUOUS
10
5.3760345669291336
20
-4.3262594488188979
11
5.3760189370078741
21
-4.3263062598425197
0
LINE
8
BLACK
6
CONTINUOUS
10
5.3760189370078741
20
-4.3263062598425197
11
5.376039960629921
21
-4.3264118503937006
0
LINE
8
BLACK
6
CONTINUOUS
10
5.376039960629921
20
-4.3264118503937006
11
5.376039960629921
21
-4.329226141732283
0
LINE
8
BLACK
6
CONTINUOUS
10
5.376039960629921
20
-4.329226141732283
11
5.3760189370078741
21
-4.329331692913386
0
LINE
8
BLACK
6
CONTINUOUS
10
5.3760189370078741
20
-4.329331692913386
11
5.3760345669291336
21
-4.3293785039370078
0
LINE
8
BLACK
6
CONTINUOUS
10
5.3760345669291336
20
-4.3293785039370078
11
5.375943503937008
21
-4.3297109448818896
0
LINE
8
BLACK
6
CONTINUOUS
10
5.375943503937008
20
-4.3297109448818896
11
5.3758762992125986
21
-4.3300488976377949
0
LINE
8
BLACK
6
CONTINUOUS
10
5.3758762992125986
20
-4.3300488976377949
11
5.3758414173228344
21
-4.3300837401574803
0
LINE
8
BLACK
6
CONTINUOUS
10
5.3758414173228344
20
-4.3300837401574803
11
5.3758129921259838
21
-4.330187598425197
0
LINE
8
BLACK
6
CONTINUOUS
10
5.3758129921259838
20
-4.330187598425197
11
5.3754907480314955
21
-4.3308321259842515
0
LINE
8
BLACK
6
CONTINUOUS
10
5.3754907480314955
20
-4.3308321259842515
11
5.3758762992125986
21
-4.3312176771653546
0
LINE
8
BLACK
6
CONTINUOUS
10
5.3758762992125986
20
-4.3312176771653546
11
5.3758762992125986
21
-4.3328631889763782
0
LINE
8
BLACK
6
CONTINUOUS
10
5.3758762992125986
20
-4.3328631889763782
11
5.3747127165354334
21
-4.3340267716535434
0
LINE
8
BLACK
6
CONTINUOUS
10
5.3747127165354334
20
-4.3340267716535434
11
5.3738899606299215
21
-4.3341904330708658
0
LINE
8
BLACK
6
CONTINUOUS
10
5.3738899606299215
20
-4.3341904330708658
11
5.3607566141732281
21
-4.3341904330708658
0
LINE
8
BLACK
6
CONTINUOUS
10
5.3607566141732281
20
-4.3341904330708658
11
5.3599338582677163
21
-4.3340267716535434
0
LINE
8
BLACK
6
CONTINUOUS
10
5.3599338582677163
20
-4.3340267716535434
11
5.3587702755905511
21
-4.3328631889763782
0
LINE
8
BLACK
6
CONTINUOUS
10
5.3587702755905511
20
-4.3328631889763782
11
5.3587702755905511
21
-4.3312176771653546
0
LINE
8
BLACK
6
CONTINUOUS
10
5.3587702755905511
20
-4.3312176771653546
11
5.3599338582677163
21
-4.3300540944881885
0
LINE
8
BLACK
6
CONTINUOUS
10
5.3599338582677163
20
-4.3300540944881885
11
5.3607566141732281
21
-4.3298904330708661
0
LINE
8
BLACK
6
CONTINUOUS
10
5.3607566141732281
20
-4.3298904330708661
11
5.371123267716535
21
-4.3298904330708661
0
LINE
8
BLACK
6
CONTINUOUS
10
5.371123267716535
20
-4.3298904330708661
11
5.3711848425196846
21
-4.329828779527559
0
LINE
8
BLACK
6
CONTINUOUS
10
5.3711848425196846
20
-4.329828779527559
11
5.3717399606299212
21
-4.3287185826771655
0
LINE
8
BLACK
6
CONTINUOUS
10
5.3717399606299212
20
-4.3287185826771655
11
5.3717399606299212
21
-4.3269193700787403
0
LINE
8
BLACK
6
CONTINUOUS
10
5.3717399606299212
20
-4.3269193700787403
11
5.3713493307086617
21
-4.3261381496062992
0
LINE
8
BLACK
6
CONTINUOUS
10
5.3713493307086617
20
-4.3261381496062992
11
5.3705681496062994
21
-4.3257475984251972
0
LINE
8
BLACK
6
CONTINUOUS
10
5.3705681496062994
20
-4.3257475984251972
11
5.3607566141732281
21
-4.3257475984251972
0
LINE
8
BLACK
6
CONTINUOUS
10
5.3607566141732281
20
-4.3257475984251972
11
5.3599338582677163
21
-4.3255839370078739
0
LINE
8
BLACK
6
CONTINUOUS
10
5.3599338582677163
20
-4.3255839370078739
11
5.3587702755905511
21
-4.3244203543307087
0
LINE
8
BLACK
6
CONTINUOUS
10
5.3587702755905511
20
-4.3244203543307087
11
5.3587702755905511
21
-4.322774842519685
0
LINE
8
BLACK
6
CONTINUOUS
10
5.3587702755905511
20
-4.322774842519685
11
5.3599338582677163
21
-4.3216112598425198
0
LINE
8
BLACK
6
CONTINUOUS
10
5.3599338582677163
20
-4.3216112598425198
11
5.3607566141732281
21
-4.3214475984251965
0
LINE
8
BLACK
6
CONTINUOUS
10
5.3607566141732281
20
-4.3214475984251965
11
5.3710756692913382
21
-4.3214475984251965
0
LINE
8
BLACK
6
CONTINUOUS
10
5.3710756692913382
20
-4.3214475984251965
11
5.3711812992125987
21
-4.3214685826771655
0
LINE
8
BLACK
6
CONTINUOUS
10
5.4033762992125984
20
-4.3155796062992122
11
5.4035399606299208
21
-4.3164023622047241
0
LINE
8
BLACK
6
CONTINUOUS
10
5.4035399606299208
20
-4.3164023622047241
11
5.4035399606299208
21
-4.3285975984251968
0
LINE
8
BLACK
6
CONTINUOUS
10
5.4035399606299208
20
-4.3285975984251968
11
5.4033762992125984
21
-4.3294203543307086
0
LINE
8
BLACK
6
CONTINUOUS
10
5.4033762992125984
20
-4.3294203543307086
11
5.4022127165354332
21
-4.3305839370078738
0
LINE
8
BLACK
6
CONTINUOUS
10
5.4022127165354332
20
-4.3305839370078738
11
5.4005672047244095
21
-4.3305839370078738
0
LINE
8
BLACK
6
CONTINUOUS
10
5.4005672047244095
20
-4.3305839370078738
11
5.3994036220472443
21
-4.3294203543307086
0
LINE
8
BLACK
6
CONTINUOUS
10
5.3994036220472443
20
-4.3294203543307086
11
5.3992399606299211
21
-4.3285975984251968
0
LINE
8
BLACK
6
CONTINUOUS
10
5.3992399606299211
20
-4.3285975984251968
11
5.3992399606299211
21
-4.3215929133858264
0
LINE
8
BLACK
6
CONTINUOUS
10
5.3992399606299211
20
-4.3215929133858264
11
5.39165311023622
21
-4.3291798031496063
0
LINE
8
BLACK
6
CONTINUOUS
10
5.39165311023622
20
-4.3291798031496063
11
5.3915635039370073
21
-4.3292396456692916
0
LINE
8
BLACK
6
CONTINUOUS
10
5.3915635039370073
20
-4.3292396456692916
11
5.391541456692913
21
-4.3292837795275592
0
LINE
8
BLACK
6
CONTINUOUS
10
5.391541456692913
20
-4.3292837795275592
11
5.3912422834645666
21
-4.3294542913385827
0
LINE
8
BLACK
6
CONTINUOUS
10
5.3912422834645666
20
-4.3294542913385827
11
5.39095562992126
21
-4.3296458661417319
0
LINE
8
BLACK
6
CONTINUOUS
10
5.39095562992126
20
-4.3296458661417319
11
5.3909062598425193
21
-4.3296458661417319
0
LINE
8
BLACK
6
CONTINUOUS
10
5.3909062598425193
20
-4.3296458661417319
11
5.3908126771653544
21
-4.3296992125984248
0
LINE
8
BLACK
6
CONTINUOUS
10
5.3908126771653544
20
-4.3296992125984248
11
5.3879984251968507
21
-4.3306372834645668
0
LINE
8
BLACK
6
CONTINUOUS
10
5.3879984251968507
20
-4.3306372834645668
11
5.3876564960629922
21
-4.3306803543307089
0
LINE
8
BLACK
6
CONTINUOUS
10
5.3876564960629922
20
-4.3306803543307089
11
5.3873185433070869
21
-4.3307475984251971
0
LINE
8
BLACK
6
CONTINUOUS
10
5.3873185433070869
20
-4.3307475984251971
11
5.3854423622047243
21
-4.3307475984251971
0
LINE
8
BLACK
6
CONTINUOUS
10
5.3854423622047243
20
-4.3307475984251971
11
5.3853367716535434
21
-4.3307265748031494
0
LINE
8
BLACK
6
CONTINUOUS
10
5.3853367716535434
20
-4.3307265748031494
11
5.3852899999999995
21
-4.3307422047244097
0
LINE
8
BLACK
6
CONTINUOUS
10
5.3852899999999995
20
-4.3307422047244097
11
5.384957519685039
21
-4.3306511417322833
0
LINE
8
BLACK
6
CONTINUOUS
10
5.384957519685039
20
-4.3306511417322833
11
5.3846196062992124
21
-4.3305839370078738
0
LINE
8
BLACK
6
CONTINUOUS
10
5.3846196062992124
20
-4.3305839370078738
11
5.3845847244094491
21
-4.3305490551181105
0
LINE
8
BLACK
6
CONTINUOUS
10
5.3845847244094491
20
-4.3305490551181105
11
5.3844809055118112
21
-4.33052062992126
0
LINE
8
BLACK
6
CONTINUOUS
10
5.3844809055118112
20
-4.33052062992126
11
5.3826046456692911
21
-4.329582559055118
0
LINE
8
BLACK
6
CONTINUOUS
10
5.3826046456692911
20
-4.329582559055118
11
5.3823323622047239
21
-4.3293712204724413
0
LINE
8
BLACK
6
CONTINUOUS
10
5.3823323622047239
20
-4.3293712204724413
11
5.3820458267716536
21
-4.3291797637795275
0
LINE
8
BLACK
6
CONTINUOUS
10
5.3820458267716536
20
-4.3291797637795275
11
5.3811077559055116
21
-4.3282416535433068
0
LINE
8
BLACK
6
CONTINUOUS
10
5.3811077559055116
20
-4.3282416535433068
11
5.3809164566929129
21
-4.3279553149606302
0
LINE
8
BLACK
6
CONTINUOUS
10
5.3809164566929129
20
-4.3279553149606302
11
5.3807050393700786
21
-4.3276829527559055
0
LINE
8
BLACK
6
CONTINUOUS
10
5.3807050393700786
20
-4.3276829527559055
11
5.3797669685039367
21
-4.3258067716535429
0
LINE
8
BLACK
6
CONTINUOUS
10
5.3797669685039367
20
-4.3258067716535429
11
5.3797385039370074
21
-4.3257028740157475
0
LINE
8
BLACK
6
CONTINUOUS
10
5.3797385039370074
20
-4.3257028740157475
11
5.3797036220472441
21
-4.3256679921259842
0
LINE
8
BLACK
6
CONTINUOUS
10
5.3797036220472441
20
-4.3256679921259842
11
5.3796363385826771
21
-4.3253298031496064
0
LINE
8
BLACK
6
CONTINUOUS
10
5.3796363385826771
20
-4.3253298031496064
11
5.3795453937007869
21
-4.3249976771653547
0
LINE
8
BLACK
6
CONTINUOUS
10
5.3795453937007869
20
-4.3249976771653547
11
5.3795609448818897
21
-4.3249509055118107
0
LINE
8
BLACK
6
CONTINUOUS
10
5.3795609448818897
20
-4.3249509055118107
11
5.3795399606299208
21
-4.3248452362204723
0
LINE
8
BLACK
6
CONTINUOUS
10
5.3795399606299208
20
-4.3248452362204723
11
5.3795399606299208
21
-4.3201547637795272
0
LINE
8
BLACK
6
CONTINUOUS
10
5.3795399606299208
20
-4.3201547637795272
11
5.3795609448818897
21
-4.3200490551181101
0
LINE
8
BLACK
6
CONTINUOUS
10
5.3795609448818897
20
-4.3200490551181101
11
5.3795453937007869
21
-4.3200023228346458
0
LINE
8
BLACK
6
CONTINUOUS
10
5.3795453937007869
20
-4.3200023228346458
11
5.3796363385826771
21
-4.3196701574803145
0
LINE
8
BLACK
6
CONTINUOUS
10
5.3796363385826771
20
-4.3196701574803145
11
5.3797036220472441
21
-4.3193320078740154
0
LINE
8
BLACK
6
CONTINUOUS
10
5.3797036220472441
20
-4.3193320078740154
11
5.3797385039370074
21
-4.3192970866141733
0
LINE
8
BLACK
6
CONTINUOUS
10
5.3797385039370074
20
-4.3192970866141733
11
5.3797669685039367
21
-4.3191932283464567
0
LINE
8
BLACK
6
CONTINUOUS
10
5.3797669685039367
20
-4.3191932283464567
11
5.3807050393700786
21
-4.317317047244094
0
LINE
8
BLACK
6
CONTINUOUS
10
5.3807050393700786
20
-4.317317047244094
11
5.3809164566929129
21
-4.3170446456692915
0
LINE
8
BLACK
6
CONTINUOUS
10
5.3809164566929129
20
-4.3170446456692915
11
5.3811077559055116
21
-4.3167583464566928
0
LINE
8
BLACK
6
CONTINUOUS
10
5.3811077559055116
20
-4.3167583464566928
11
5.3820458267716536
21
-4.3158202362204721
0
LINE
8
BLACK
6
CONTINUOUS
10
5.3820458267716536
20
-4.3158202362204721
11
5.3827433070866144
21
-4.3153541732283465
0
LINE
8
BLACK
6
CONTINUOUS
10
5.3827433070866144
20
-4.3153541732283465
11
5.3843888582677168
21
-4.3153541338582677
0
LINE
8
BLACK
6
CONTINUOUS
10
5.3843888582677168
20
-4.3153541338582677
11
5.3855524409448821
21
-4.3165176771653542
0
LINE
8
BLACK
6
CONTINUOUS
10
5.3855524409448821
20
-4.3165176771653542
11
5.3855524803149608
21
-4.3181632283464566
0
LINE
8
BLACK
6
CONTINUOUS
10
5.3855524803149608
20
-4.3181632283464566
11
5.3850864566929131
21
-4.3188607086614175
0
LINE
8
BLACK
6
CONTINUOUS
10
5.3850864566929131
20
-4.3188607086614175
11
5.3843950393700784
21
-4.3195521259842522
0
LINE
8
BLACK
6
CONTINUOUS
10
5.3843950393700784
20
-4.3195521259842522
11
5.3838399606299214
21
-4.3206622834645669
0
LINE
8
BLACK
6
CONTINUOUS
10
5.3838399606299214
20
-4.3206622834645669
11
5.3838399606299214
21
-4.3243376771653539
0
LINE
8
BLACK
6
CONTINUOUS
10
5.3838399606299214
20
-4.3243376771653539
11
5.3843950393700784
21
-4.3254478346456695
0
LINE
8
BLACK
6
CONTINUOUS
10
5.3843950393700784
20
-4.3254478346456695
11
5.3848396850393696
21
-4.3258924803149608
0
LINE
8
BLACK
6
CONTINUOUS
10
5.3848396850393696
20
-4.3258924803149608
11
5.3859499212598427
21
-4.3264475984251964
0
LINE
8
BLACK
6
CONTINUOUS
10
5.3859499212598427
20
-4.3264475984251964
11
5.3869696062992123
21
-4.3264475984251964
0
LINE
8
BLACK
6
CONTINUOUS
10
5.3869696062992123
20
-4.3264475984251964
11
5.3889714566929134
21
-4.32578031496063
0
LINE
8
BLACK
6
CONTINUOUS
10
5.3889714566929134
20
-4.32578031496063
11
5.3998696850393699
21
-4.3148820866141735
0
LINE
8
BLACK
6
CONTINUOUS
10
5.3998696850393699
20
-4.3148820866141735
11
5.4005671653543308
21
-4.314416023622047
0
LINE
8
BLACK
6
CONTINUOUS
10
5.4005671653543308
20
-4.314416023622047
11
5.4022127165354332
21
-4.314416023622047
0
LINE
8
BLACK
6
CONTINUOUS
10
5.4022127165354332
20
-4.314416023622047
11
5.4033762992125984
21
-4.3155796062992122
0
LINE
8
BLACK
6
CONTINUOUS
10
5.6196228740157483
20
-4.3057977559055116
11
5.6198859055118113
21
-4.3058105905511814
0
LINE
8
BLACK
6
CONTINUOUS
10
5.6198859055118113
20
-4.3058105905511814
11
5.6236382677165357
21
-4.3067486614173225
0
LINE
8
BLACK
6
CONTINUOUS
10
5.6236382677165357
20
-4.3067486614173225
11
5.6238512204724405
21
-4.3068492519685035
0
LINE
8
BLACK
6
CONTINUOUS
10
5.6238512204724405
20
-4.3068492519685035
11
5.6240783070866138
21
-4.3069114566929132
0
LINE
8
BLACK
6
CONTINUOUS
10
5.6240783070866138
20
-4.3069114566929132
11
5.6259544881889765
21
-4.3078495275590551
0
LINE
8
BLACK
6
CONTINUOUS
10
5.6259544881889765
20
-4.3078495275590551
11
5.6262266141732278
21
-4.3080607086614169
0
LINE
8
BLACK
6
CONTINUOUS
10
5.6262266141732278
20
-4.3080607086614169
11
5.6265132677165353
21
-4.3082522440944881
0
LINE
8
BLACK
6
CONTINUOUS
10
5.6265132677165353
20
-4.3082522440944881
11
5.6283894881889767
21
-4.3101284251968499
0
LINE
8
BLACK
6
CONTINUOUS
10
5.6283894881889767
20
-4.3101284251968499
11
5.6284493307086612
21
-4.3102179921259838
0
LINE
8
BLACK
6
CONTINUOUS
10
5.6284493307086612
20
-4.3102179921259838
11
5.6284934645669287
21
-4.3102400787401578
0
LINE
8
BLACK
6
CONTINUOUS
10
5.6284934645669287
20
-4.3102400787401578
11
5.6286640551181097
21
-4.3105393700787404
0
LINE
8
BLACK
6
CONTINUOUS
10
5.6286640551181097
20
-4.3105393700787404
11
5.6288555511811023
21
-4.3108259448818895
0
LINE
8
BLACK
6
CONTINUOUS
10
5.6288555511811023
20
-4.3108259448818895
11
5.6288555511811023
21
-4.3108752362204728
0
LINE
8
BLACK
6
CONTINUOUS
10
5.6288555511811023
20
-4.3108752362204728
11
5.6289088976377952
21
-4.3109688582677164
0
LINE
8
BLACK
6
CONTINUOUS
10
5.6289088976377952
20
-4.3109688582677164
11
5.6298469685039372
21
-4.3137831496062988
0
LINE
8
BLACK
6
CONTINUOUS
10
5.6298469685039372
20
-4.3137831496062988
11
5.6298900393700784
21
-4.3141250393700785
0
LINE
8
BLACK
6
CONTINUOUS
10
5.6298900393700784
20
-4.3141250393700785
11
5.6299572834645666
21
-4.3144630314960626
0
LINE
8
BLACK
6
CONTINUOUS
10
5.6299572834645666
20
-4.3144630314960626
11
5.6299572834645666
21
-4.316339251968504
0
LINE
8
BLACK
6
CONTINUOUS
10
5.6299572834645666
20
-4.316339251968504
11
5.6298900787401571
21
-4.3166770078740155
0
LINE
8
BLACK
6
CONTINUOUS
10
5.6298900787401571
20
-4.3166770078740155
11
5.6298469685039372
21
-4.3170191338582677
0
LINE
8
BLACK
6
CONTINUOUS
10
5.6298469685039372
20
-4.3170191338582677
11
5.6289088976377952
21
-4.3198333858267715
0
LINE
8
BLACK
6
CONTINUOUS
10
5.6289088976377952
20
-4.3198333858267715
11
5.6288555511811023
21
-4.3199269685039372
0
LINE
8
BLACK
6
CONTINUOUS
10
5.6288555511811023
20
-4.3199269685039372
11
5.6288555511811023
21
-4.3199762598425195
0
LINE
8
BLACK
6
CONTINUOUS
10
5.6288555511811023
20
-4.3199762598425195
11
5.6286642125984248
21
-4.3202625590551182
0
LINE
8
BLACK
6
CONTINUOUS
10
5.6286642125984248
20
-4.3202625590551182
11
5.6284934645669287
21
-4.3205621653543309
0
LINE
8
BLACK
6
CONTINUOUS
10
5.6284934645669287
20
-4.3205621653543309
11
5.6284492913385824
21
-4.3205842125984253
0
LINE
8
BLACK
6
CONTINUOUS
10
5.6284492913385824
20
-4.3205842125984253
11
5.6283894881889767
21
-4.3206737795275592
0
LINE
8
BLACK
6
CONTINUOUS
10
5.6283894881889767
20
-4.3206737795275592
11
5.627451377952756
21
-4.3216118897637799
0
LINE
8
BLACK
6
CONTINUOUS
10
5.627451377952756
20
-4.3216118897637799
11
5.6267538976377951
21
-4.3220779527559055
0
LINE
8
BLACK
6
CONTINUOUS
10
5.6267538976377951
20
-4.3220779527559055
11
5.6251083070866139
21
-4.3220779527559055
0
LINE
8
BLACK
6
CONTINUOUS
10
5.6251083070866139
20
-4.3220779527559055
11
5.6239447637795275
21
-4.320914409448819
0
LINE
8
BLACK
6
CONTINUOUS
10
5.6239447637795275
20
-4.320914409448819
11
5.6239447637795275
21
-4.3192688188976378
0
LINE
8
BLACK
6
CONTINUOUS
10
5.6239447637795275
20
-4.3192688188976378
11
5.624410826771653
21
-4.3185713385826769
0
LINE
8
BLACK
6
CONTINUOUS
10
5.624410826771653
20
-4.3185713385826769
11
5.6249899999999995
21
-4.3179921259842518
0
LINE
8
BLACK
6
CONTINUOUS
10
5.6249899999999995
20
-4.3179921259842518
11
5.6256572834645668
21
-4.3159903149606302
0
LINE
8
BLACK
6
CONTINUOUS
10
5.6256572834645668
20
-4.3159903149606302
11
5.6256572834645668
21
-4.3148118897637797
0
LINE
8
BLACK
6
CONTINUOUS
10
5.6256572834645668
20
-4.3148118897637797
11
5.6249899999999995
21
-4.3128100787401573
0
LINE
8
BLACK
6
CONTINUOUS
10
5.6249899999999995
20
-4.3128100787401573
11
5.6237193700787405
21
-4.3115395275590549
0
LINE
8
BLACK
6
CONTINUOUS
10
5.6237193700787405
20
-4.3115395275590549
11
5.622366338582677
21
-4.3108629921259842
0
LINE
8
BLACK
6
CONTINUOUS
10
5.622366338582677
20
-4.3108629921259842
11
5.6190998425196845
21
-4.310046377952756
0
LINE
8
BLACK
6
CONTINUOUS
10
5.6190998425196845
20
-4.310046377952756
11
5.6168149212598424
21
-4.310046377952756
0
LINE
8
BLACK
6
CONTINUOUS
10
5.6168149212598424
20
-4.310046377952756
11
5.6135482283464562
21
-4.3108629921259842
0
LINE
8
BLACK
6
CONTINUOUS
10
5.6135482283464562
20
-4.3108629921259842
11
5.6121950787401573
21
-4.3115395669291336
0
LINE
8
BLACK
6
CONTINUOUS
10
5.6121950787401573
20
-4.3115395669291336
11
5.6109245669291337
21
-4.3128100787401573
0
LINE
8
BLACK
6
CONTINUOUS
10
5.6109245669291337
20
-4.3128100787401573
11
5.6102572834645672
21
-4.3148119685039372
0
LINE
8
BLACK
6
CONTINUOUS
10
5.6102572834645672
20
-4.3148119685039372
11
5.6102572834645672
21
-4.315990354330709
0
LINE
8
BLACK
6
CONTINUOUS
10
5.6102572834645672
20
-4.315990354330709
11
5.6109245275590549
21
-4.317992086614173
0
LINE
8
BLACK
6
CONTINUOUS
10
5.6109245275590549
20
-4.317992086614173
11
5.6115037795275589
21
-4.3185713779527557
0
LINE
8
BLACK
6
CONTINUOUS
10
5.6115037795275589
20
-4.3185713779527557
11
5.6119698031496066
21
-4.3192688582677166
0
LINE
8
BLACK
6
CONTINUOUS
10
5.6119698031496066
20
-4.3192688582677166
11
5.6119697637795278
21
-4.320914409448819
0
LINE
8
BLACK
6
CONTINUOUS
10
5.6119697637795278
20
-4.320914409448819
11
5.6108061811023617
21
-4.3220779527559055
0
LINE
8
BLACK
6
CONTINUOUS
10
5.6108061811023617
20
-4.3220779527559055
11
5.6091606299212593
21
-4.3220779133858267
0
LINE
8
BLACK
6
CONTINUOUS
10
5.6091606299212593
20
-4.3220779133858267
11
5.6084631496062993
21
-4.3216118503937011
0
LINE
8
BLACK
6
CONTINUOUS
10
5.6084631496062993
20
-4.3216118503937011
11
5.6075250787401574
21
-4.3206737401574804
0
LINE
8
BLACK
6
CONTINUOUS
10
5.6075250787401574
20
-4.3206737401574804
11
5.6074652755905507
21
-4.320584251968504
0
LINE
8
BLACK
6
CONTINUOUS
10
5.6074652755905507
20
-4.320584251968504
11
5.607421181102362
21
-4.3205622047244097
0
LINE
8
BLACK
6
CONTINUOUS
10
5.607421181102362
20
-4.3205622047244097
11
5.6072503937007871
21
-4.3202626377952758
0
LINE
8
BLACK
6
CONTINUOUS
10
5.6072503937007871
20
-4.3202626377952758
11
5.6070590551181105
21
-4.3199762204724408
0
LINE
8
BLACK
6
CONTINUOUS
10
5.6070590551181105
20
-4.3199762204724408
11
5.6070590551181105
21
-4.3199269291338585
0
LINE
8
BLACK
6
CONTINUOUS
10
5.6070590551181105
20
-4.3199269291338585
11
5.6070057480314963
21
-4.3198334251968502
0
LINE
8
BLACK
6
CONTINUOUS
10
5.6070057480314963
20
-4.3198334251968502
11
5.6060676377952756
21
-4.3170191732283465
0
LINE
8
BLACK
6
CONTINUOUS
10
5.6060676377952756
20
-4.3170191732283465
11
5.6060245275590548
21
-4.3166774409448818
0
LINE
8
BLACK
6
CONTINUOUS
10
5.6060245275590548
20
-4.3166774409448818
11
5.6059572834645666
21
-4.316339251968504
0
LINE
8
BLACK
6
CONTINUOUS
10
5.6059572834645666
20
-4.316339251968504
11
5.6059572834645666
21
-4.3144630314960626
0
LINE
8
BLACK
6
CONTINUOUS
10
5.6059572834645666
20
-4.3144630314960626
11
5.606024488188976
21
-4.3141250393700785
0
LINE
8
BLACK
6
CONTINUOUS
10
5.606024488188976
20
-4.3141250393700785
11
5.6060675984251969
21
-4.3137831496062988
0
LINE
8
BLACK
6
CONTINUOUS
10
5.6060675984251969
20
-4.3137831496062988
11
5.6070057480314963
21
-4.3109688188976376
0
LINE
8
BLACK
6
CONTINUOUS
10
5.6070057480314963
20
-4.3109688188976376
11
5.6070590551181105
21
-4.3108752755905515
0
LINE
8
BLACK
6
CONTINUOUS
10
5.6070590551181105
20
-4.3108752755905515
11
5.6070590551181105
21
-4.3108259448818895
0
LINE
8
BLACK
6
CONTINUOUS
10
5.6070590551181105
20
-4.3108259448818895
11
5.6072505511811022
21
-4.3105393307086617
0
LINE
8
BLACK
6
CONTINUOUS
10
5.6072505511811022
20
-4.3105393307086617
11
5.607421181102362
21
-4.310240039370079
0
LINE
8
BLACK
6
CONTINUOUS
10
5.607421181102362
20
-4.310240039370079
11
5.6074652755905507
21
-4.310217952755905
0
LINE
8
BLACK
6
CONTINUOUS
10
5.6074652755905507
20
-4.310217952755905
11
5.6075251181102361
21
-4.3101284645669287
0
LINE
8
BLACK
6
CONTINUOUS
10
5.6075251181102361
20
-4.3101284645669287
11
5.6094012992125979
21
-4.3082522834645669
0
LINE
8
BLACK
6
CONTINUOUS
10
5.6094012992125979
20
-4.3082522834645669
11
5.6096877952755904
21
-4.3080608267716531
0
LINE
8
BLACK
6
CONTINUOUS
10
5.6096877952755904
20
-4.3080608267716531
11
5.6099600787401576
21
-4.3078495275590551
0
LINE
8
BLACK
6
CONTINUOUS
10
5.6099600787401576
20
-4.3078495275590551
11
5.6118362598425193
21
-4.3069114566929132
0
LINE
8
BLACK
6
CONTINUOUS
10
5.6118362598425193
20
-4.3069114566929132
11
5.6120634645669289
21
-4.3068492125984248
0
LINE
8
BLACK
6
CONTINUOUS
10
5.6120634645669289
20
-4.3068492125984248
11
5.6122762992125983
21
-4.3067487007874012
0
LINE
8
BLACK
6
CONTINUOUS
10
5.6122762992125983
20
-4.3067487007874012
11
5.6160287007874015
21
-4.3058105905511814
0
LINE
8
BLACK
6
CONTINUOUS
10
5.6160287007874015
20
-4.3058105905511814
11
5.6162916929133857
21
-4.3057977559055116
0
LINE
8
BLACK
6
CONTINUOUS
10
5.6162916929133857
20
-4.3057977559055116
11
5.6165501574803152
21
-4.3057463779527554
0
LINE
8
BLACK
6
CONTINUOUS
10
5.6165501574803152
20
-4.3057463779527554
11
5.6193644488188976
21
-4.3057463779527554
0
LINE
8
BLACK
6
CONTINUOUS
10
5.6193644488188976
20
-4.3057463779527554
11
5.6196228740157483
21
-4.3057977559055116
0
LINE
8
BLACK
6
CONTINUOUS
10
5.6428600787401573
20
-4.3039829527559057
11
5.6433804330708659
21
-4.3055440551181103
0
LINE
8
BLACK
6
CONTINUOUS
10
5.6433804330708659
20
-4.3055440551181103
11
5.6431588582677161
21
-4.3063531496062994
0
LINE
8
BLACK
6
CONTINUOUS
10
5.6431588582677161
20
-4.3063531496062994
11
5.6422207480314963
21
-4.3082293307086612
0
LINE
8
BLACK
6
CONTINUOUS
10
5.6422207480314963
20
-4.3082293307086612
11
5.6420096062992124
21
-4.3085013385826771
0
LINE
8
BLACK
6
CONTINUOUS
10
5.6420096062992124
20
-4.3085013385826771
11
5.6418180314960624
21
-4.3087880708661412
0
LINE
8
BLACK
6
CONTINUOUS
10
5.6418180314960624
20
-4.3087880708661412
11
5.641735905511811
21
-4.3088701968503935
0
LINE
8
BLACK
6
CONTINUOUS
10
5.641735905511811
20
-4.3088701968503935
11
5.6531572834645667
21
-4.3088701968503935
0
LINE
8
BLACK
6
CONTINUOUS
10
5.6531572834645667
20
-4.3088701968503935
11
5.6531572834645667
21
-4.305391614173228
0
LINE
8
BLACK
6
CONTINUOUS
10
5.6531572834645667
20
-4.305391614173228
11
5.65332094488189
21
-4.3045688582677162
0
LINE
8
BLACK
6
CONTINUOUS
10
5.65332094488189
20
-4.3045688582677162
11
5.6544845275590552
21
-4.303405275590551
0
LINE
8
BLACK
6
CONTINUOUS
10
5.6544845275590552
20
-4.303405275590551
11
5.6561300393700789
21
-4.303405275590551
0
LINE
8
BLACK
6
CONTINUOUS
10
5.6561300393700789
20
-4.303405275590551
11
5.6572936220472441
21
-4.3045688582677162
0
LINE
8
BLACK
6
CONTINUOUS
10
5.6572936220472441
20
-4.3045688582677162
11
5.6574572834645664
21
-4.305391614173228
0
LINE
8
BLACK
6
CONTINUOUS
10
5.6574572834645664
20
-4.305391614173228
11
5.6574572834645664
21
-4.31664874015748
0
LINE
8
BLACK
6
CONTINUOUS
10
5.6574572834645664
20
-4.31664874015748
11
5.6572936220472441
21
-4.3174714960629919
0
LINE
8
BLACK
6
CONTINUOUS
10
5.6572936220472441
20
-4.3174714960629919
11
5.6561300393700789
21
-4.3186350787401571
0
LINE
8
BLACK
6
CONTINUOUS
10
5.6561300393700789
20
-4.3186350787401571
11
5.6544845275590552
21
-4.3186350787401571
0
LINE
8
BLACK
6
CONTINUOUS
10
5.6544845275590552
20
-4.3186350787401571
11
5.65332094488189
21
-4.3174714960629919
0
LINE
8
BLACK
6
CONTINUOUS
10
5.65332094488189
20
-4.3174714960629919
11
5.6531572834645667
21
-4.31664874015748
0
LINE
8
BLACK
6
CONTINUOUS
10
5.6531572834645667
20
-4.31664874015748
11
5.6531572834645667
21
-4.3131701968503933
0
LINE
8
BLACK
6
CONTINUOUS
10
5.6531572834645667
20
-4.3131701968503933
11
5.6356072834645667
21
-4.3131701968503933
0
LINE
8
BLACK
6
CONTINUOUS
10
5.6356072834645667
20
-4.3131701968503933
11
5.6347845275590549
21
-4.3130065354330709
0
LINE
8
BLACK
6
CONTINUOUS
10
5.6347845275590549
20
-4.3130065354330709
11
5.6346279921259841
21
-4.3128500000000001
0
LINE
8
BLACK
6
CONTINUOUS
10
5.6346279921259841
20
-4.3128500000000001
11
5.63441094488189
21
-4.312806614173228
0
LINE
8
BLACK
6
CONTINUOUS
10
5.63441094488189
20
-4.312806614173228
11
5.6340636220472442
21
-4.3122856299212602
0
LINE
8
BLACK
6
CONTINUOUS
10
5.6340636220472442
20
-4.3122856299212602
11
5.6336209448818897
21
-4.3118429527559057
0
LINE
8
BLACK
6
CONTINUOUS
10
5.6336209448818897
20
-4.3118429527559057
11
5.6336209448818897
21
-4.3116215748031497
0
LINE
8
BLACK
6
CONTINUOUS
10
5.6336209448818897
20
-4.3116215748031497
11
5.633498188976378
21
-4.3114374409448821
0
LINE
8
BLACK
6
CONTINUOUS
10
5.633498188976378
20
-4.3114374409448821
11
5.6336209448818897
21
-4.3108235826771653
0
LINE
8
BLACK
6
CONTINUOUS
10
5.6336209448818897
20
-4.3108235826771653
11
5.6336209448818897
21
-4.310197440944882
0
LINE
8
BLACK
6
CONTINUOUS
10
5.6336209448818897
20
-4.310197440944882
11
5.6337774409448818
21
-4.3100409055118112
0
LINE
8
BLACK
6
CONTINUOUS
10
5.6337774409448818
20
-4.3100409055118112
11
5.6338208661417317
21
-4.3098238582677162
0
LINE
8
BLACK
6
CONTINUOUS
10
5.6338208661417317
20
-4.3098238582677162
11
5.6344146850393697
21
-4.3092312992125983
0
LINE
8
BLACK
6
CONTINUOUS
10
5.6344146850393697
20
-4.3092312992125983
11
5.6370518503937008
21
-4.30747311023622
0
LINE
8
BLACK
6
CONTINUOUS
10
5.6370518503937008
20
-4.30747311023622
11
5.6385307480314957
21
-4.3059942125984252
0
LINE
8
BLACK
6
CONTINUOUS
10
5.6385307480314957
20
-4.3059942125984252
11
5.6393128346456693
21
-4.3044300787401575
0
LINE
8
BLACK
6
CONTINUOUS
10
5.6393128346456693
20
-4.3044300787401575
11
5.6398272047244093
21
-4.3037674015748033
0
LINE
8
BLACK
6
CONTINUOUS
10
5.6398272047244093
20
-4.3037674015748033
11
5.641388307086614
21
-4.3032470472440947
0
LINE
8
BLACK
6
CONTINUOUS
10
5.641388307086614
20
-4.3032470472440947
11
5.6428600787401573
21
-4.3039829527559057
0
LINE
8
BLACK
6
CONTINUOUS
10
5.3666436220472438
20
-4.3017989763779525
11
5.3669066535433068
21
-4.3018118110236223
0
LINE
8
BLACK
6
CONTINUOUS
10
5.3669066535433068
20
-4.3018118110236223
11
5.3706590551181099
21
-4.3027498818897634
0
LINE
8
BLACK
6
CONTINUOUS
10
5.3706590551181099
20
-4.3027498818897634
11
5.3708720078740155
21
-4.3028504724409444
0
LINE
8
BLACK
6
CONTINUOUS
10
5.3708720078740155
20
-4.3028504724409444
11
5.3710990944881889
21
-4.3029126771653541
0
LINE
8
BLACK
6
CONTINUOUS
10
5.3710990944881889
20
-4.3029126771653541
11
5.3729752755905507
21
-4.303850748031496
0
LINE
8
BLACK
6
CONTINUOUS
10
5.3729752755905507
20
-4.303850748031496
11
5.3732475196850391
21
-4.304062047244094
0
LINE
8
BLACK
6
CONTINUOUS
10
5.3732475196850391
20
-4.304062047244094
11
5.3735340551181103
21
-4.3042535039370078
0
LINE
8
BLACK
6
CONTINUOUS
10
5.3735340551181103
20
-4.3042535039370078
11
5.3744721653543301
21
-4.3051916141732285
0
LINE
8
BLACK
6
CONTINUOUS
10
5.3744721653543301
20
-4.3051916141732285
11
5.3746635039370076
21
-4.3054779921259838
0
LINE
8
BLACK
6
CONTINUOUS
10
5.3746635039370076
20
-4.3054779921259838
11
5.3748749212598428
21
-4.3057503937007873
0
LINE
8
BLACK
6
CONTINUOUS
10
5.3748749212598428
20
-4.3057503937007873
11
5.3758129921259838
21
-4.3076265748031499
0
LINE
8
BLACK
6
CONTINUOUS
10
5.3758129921259838
20
-4.3076265748031499
11
5.3758414173228344
21
-4.3077304330708657
0
LINE
8
BLACK
6
CONTINUOUS
10
5.3758414173228344
20
-4.3077304330708657
11
5.3758762992125986
21
-4.3077653149606299
0
LINE
8
BLACK
6
CONTINUOUS
10
5.3758762992125986
20
-4.3077653149606299
11
5.3759434645669293
21
-4.3081030708661414
0
LINE
8
BLACK
6
CONTINUOUS
10
5.3759434645669293
20
-4.3081030708661414
11
5.3760345669291336
21
-4.3084356692913381
0
LINE
8
BLACK
6
CONTINUOUS
10
5.3760345669291336
20
-4.3084356692913381
11
5.3760189370078741
21
-4.3084824803149608
0
LINE
8
BLACK
6
CONTINUOUS
10
5.3760189370078741
20
-4.3084824803149608
11
5.376039960629921
21
-4.3085880708661417
0
LINE
8
BLACK
6
CONTINUOUS
10
5.376039960629921
20
-4.3085880708661417
11
5.376039960629921
21
-4.3104642519685035
0
LINE
8
BLACK
6
CONTINUOUS
10
5.376039960629921
20
-4.3104642519685035
11
5.3760189370078741
21
-4.3105698031496065
0
LINE
8
BLACK
6
CONTINUOUS
10
5.3760189370078741
20
-4.3105698031496065
11
5.3760345669291336
21
-4.3106166141732283
0
LINE
8
BLACK
6
CONTINUOUS
10
5.3760345669291336
20
-4.3106166141732283
11
5.375943503937008
21
-4.31094905511811
0
LINE
8
BLACK
6
CONTINUOUS
10
5.375943503937008
20
-4.31094905511811
11
5.3758762992125986
21
-4.3112870078740153
0
LINE
8
BLACK
6
CONTINUOUS
10
5.3758762992125986
20
-4.3112870078740153
11
5.3758414173228344
21
-4.3113218503937007
0
LINE
8
BLACK
6
CONTINUOUS
10
5.3758414173228344
20
-4.3113218503937007
11
5.3758129921259838
21
-4.3114257086614174
0
LINE
8
BLACK
6
CONTINUOUS
10
5.3758129921259838
20
-4.3114257086614174
11
5.3748749212598428
21
-4.3133019685039367
0
LINE
8
BLACK
6
CONTINUOUS
10
5.3748749212598428
20
-4.3133019685039367
11
5.3746635826771652
21
-4.3135742125984251
0
LINE
8
BLACK
6
CONTINUOUS
10
5.3746635826771652
20
-4.3135742125984251
11
5.3744721259842523
21
-4.3138607874015751
0
LINE
8
BLACK
6
CONTINUOUS
10
5.3744721259842523
20
-4.3138607874015751
11
5.3735340157480316
21
-4.3147988582677161
0
LINE
8
BLACK
6
CONTINUOUS
10
5.3735340157480316
20
-4.3147988582677161
11
5.3732476771653541
21
-4.3149901181102361
0
LINE
8
BLACK
6
CONTINUOUS
10
5.3732476771653541
20
-4.3149901181102361
11
5.3729753149606294
21
-4.3152015748031491
0
LINE
8
BLACK
6
CONTINUOUS
10
5.3729753149606294
20
-4.3152015748031491
11
5.3710991338582676
21
-4.3161396456692911
0
LINE
8
BLACK
6
CONTINUOUS
10
5.3710991338582676
20
-4.3161396456692911
11
5.3708720472440943
21
-4.316201811023622
0
LINE
8
BLACK
6
CONTINUOUS
10
5.3708720472440943
20
-4.316201811023622
11
5.3706590157480312
21
-4.3163024803149606
0
LINE
8
BLACK
6
CONTINUOUS
10
5.3706590157480312
20
-4.3163024803149606
11
5.366906614173228
21
-4.3172405511811025
0
LINE
8
BLACK
6
CONTINUOUS
10
5.366906614173228
20
-4.3172405511811025
11
5.3666434645669288
21
-4.3172533464566927
0
LINE
8
BLACK
6
CONTINUOUS
10
5.3666434645669288
20
-4.3172533464566927
11
5.3663851968503939
21
-4.3173047244094489
0
LINE
8
BLACK
6
CONTINUOUS
10
5.3663851968503939
20
-4.3173047244094489
11
5.3616947244094488
21
-4.3173047244094489
0
LINE
8
BLACK
6
CONTINUOUS
10
5.3616947244094488
20
-4.3173047244094489
11
5.3614364566929131
21
-4.3172533464566927
0
LINE
8
BLACK
6
CONTINUOUS
10
5.3614364566929131
20
-4.3172533464566927
11
5.3611732677165351
21
-4.3172405511811025
0
LINE
8
BLACK
6
CONTINUOUS
10
5.3611732677165351
20
-4.3172405511811025
11
5.3574209055118107
21
-4.3163024803149606
0
LINE
8
BLACK
6
CONTINUOUS
10
5.3574209055118107
20
-4.3163024803149606
11
5.3572079133858264
21
-4.3162018503937007
0
LINE
8
BLACK
6
CONTINUOUS
10
5.3572079133858264
20
-4.3162018503937007
11
5.3569808661417317
21
-4.3161396850393698
0
LINE
8
BLACK
6
CONTINUOUS
10
5.3569808661417317
20
-4.3161396850393698
11
5.3551046456692912
21
-4.3152015748031491
0
LINE
8
BLACK
6
CONTINUOUS
10
5.3551046456692912
20
-4.3152015748031491
11
5.354832204724409
21
-4.3149901181102361
0
LINE
8
BLACK
6
CONTINUOUS
10
5.354832204724409
20
-4.3149901181102361
11
5.3545458661417324
21
-4.3147988188976374
0
LINE
8
BLACK
6
CONTINUOUS
10
5.3545458661417324
20
-4.3147988188976374
11
5.3536077952755905
21
-4.3138607480314963
0
LINE
8
BLACK
6
CONTINUOUS
10
5.3536077952755905
20
-4.3138607480314963
11
5.3534163385826767
21
-4.3135742125984251
0
LINE
8
BLACK
6
CONTINUOUS
10
5.3534163385826767
20
-4.3135742125984251
11
5.3532050393700787
21
-4.3133019685039367
0
LINE
8
BLACK
6
CONTINUOUS
10
5.3532050393700787
20
-4.3133019685039367
11
5.352266929133858
21
-4.3114257480314961
0
LINE
8
BLACK
6
CONTINUOUS
10
5.352266929133858
20
-4.3114257480314961
11
5.3522384645669288
21
-4.3113218503937007
0
LINE
8
BLACK
6
CONTINUOUS
10
5.3522384645669288
20
-4.3113218503937007
11
5.3522036220472442
21
-4.3112870078740153
0
LINE
8
BLACK
6
CONTINUOUS
10
5.3522036220472442
20
-4.3112870078740153
11
5.352136377952756
21
-4.3109489763779525
0
LINE
8
BLACK
6
CONTINUOUS
10
5.352136377952756
20
-4.3109489763779525
11
5.352045393700787
21
-4.3106166929133858
0
LINE
8
BLACK
6
CONTINUOUS
10
5.352045393700787
20
-4.3106166929133858
11
5.3520609448818899
21
-4.3105699212598427
0
LINE
8
BLACK
6
CONTINUOUS
10
5.3520609448818899
20
-4.3105699212598427
11
5.3520399606299209
21
-4.3104642519685035
0
LINE
8
BLACK
6
CONTINUOUS
10
5.3520399606299209
20
-4.3104642519685035
11
5.3520399606299209
21
-4.3085880708661417
0
LINE
8
BLACK
6
CONTINUOUS
10
5.3520399606299209
20
-4.3085880708661417
11
5.3520609448818899
21
-4.3084823622047246
0
LINE
8
BLACK
6
CONTINUOUS
10
5.3520609448818899
20
-4.3084823622047246
11
5.352045393700787
21
-4.3084356299212594
0
LINE
8
BLACK
6
CONTINUOUS
10
5.352045393700787
20
-4.3084356299212594
11
5.3521363385826772
21
-4.3081034645669289
0
LINE
8
BLACK
6
CONTINUOUS
10
5.3521363385826772
20
-4.3081034645669289
11
5.3522036220472442
21
-4.3077653149606299
0
LINE
8
BLACK
6
CONTINUOUS
10
5.3522036220472442
20
-4.3077653149606299
11
5.3522385039370075
21
-4.3077303937007869
0
LINE
8
BLACK
6
CONTINUOUS
10
5.3522385039370075
20
-4.3077303937007869
11
5.3522669685039368
21
-4.3076265354330712
0
LINE
8
BLACK
6
CONTINUOUS
10
5.3522669685039368
20
-4.3076265354330712
11
5.3532050393700787
21
-4.3057503543307085
0
LINE
8
BLACK
6
CONTINUOUS
10
5.3532050393700787
20
-4.3057503543307085
11
5.353416456692913
21
-4.3054779527559051
0
LINE
8
BLACK
6
CONTINUOUS
10
5.353416456692913
20
-4.3054779527559051
11
5.3536077559055117
21
-4.3051916535433072
0
LINE
8
BLACK
6
CONTINUOUS
10
5.3536077559055117
20
-4.3051916535433072
11
5.3545458267716537
21
-4.3042535433070865
0
LINE
8
BLACK
6
CONTINUOUS
10
5.3545458267716537
20
-4.3042535433070865
11
5.354832362204724
21
-4.304062047244094
0
LINE
8
BLACK
6
CONTINUOUS
10
5.354832362204724
20
-4.304062047244094
11
5.3551046456692912
21
-4.303850748031496
0
LINE
8
BLACK
6
CONTINUOUS
10
5.3551046456692912
20
-4.303850748031496
11
5.3569809055118105
21
-4.3029126771653541
0
LINE
8
BLACK
6
CONTINUOUS
10
5.3569809055118105
20
-4.3029126771653541
11
5.3572080314960626
21
-4.3028504724409444
0
LINE
8
BLACK
6
CONTINUOUS
10
5.3572080314960626
20
-4.3028504724409444
11
5.3574209055118107
21
-4.3027499212598421
0
LINE
8
BLACK
6
CONTINUOUS
10
5.3574209055118107
20
-4.3027499212598421
11
5.3611732283464564
21
-4.3018118110236223
0
LINE
8
BLACK
6
CONTINUOUS
10
5.3611732283464564
20
-4.3018118110236223
11
5.3614362598425194
21
-4.3017989763779525
0
LINE
8
BLACK
6
CONTINUOUS
10
5.3614362598425194
20
-4.3017989763779525
11
5.3616947244094488
21
-4.3017475984251972
0
LINE
8
BLACK
6
CONTINUOUS
10
5.3616947244094488
20
-4.3017475984251972
11
5.3663851968503939
21
-4.3017475984251972
0
LINE
8
BLACK
6
CONTINUOUS
10
5.3663851968503939
20
-4.3017475984251972
11
5.3666436220472438
21
-4.3017989763779525
0
LINE
8
BLACK
6
CONTINUOUS
10
5.3586928346456695
20
-4.3068642125984251
11
5.3573396850393697
21
-4.3075407874015745
0
LINE
8
BLACK
6
CONTINUOUS
10
5.3573396850393697
20
-4.3075407874015745
11
5.3568950393700785
21
-4.3079854330708658
0
LINE
8
BLACK
6
CONTINUOUS
10
5.3568950393700785
20
-4.3079854330708658
11
5.3563399606299216
21
-4.3090955905511814
0
LINE
8
BLACK
6
CONTINUOUS
10
5.3563399606299216
20
-4.3090955905511814
11
5.3563399606299216
21
-4.3099566929133859
0
LINE
8
BLACK
6
CONTINUOUS
10
5.3563399606299216
20
-4.3099566929133859
11
5.3568950787401572
21
-4.3110669291338581
0
LINE
8
BLACK
6
CONTINUOUS
10
5.3568950787401572
20
-4.3110669291338581
11
5.3573396850393697
21
-4.3115115354330706
0
LINE
8
BLACK
6
CONTINUOUS
10
5.3573396850393697
20
-4.3115115354330706
11
5.3586926771653545
21
-4.3121880314960626
0
LINE
8
BLACK
6
CONTINUOUS
10
5.3586926771653545
20
-4.3121880314960626
11
5.3619594488188973
21
-4.3130047244094492
0
LINE
8
BLACK
6
CONTINUOUS
10
5.3619594488188973
20
-4.3130047244094492
11
5.3661204724409446
21
-4.3130047244094492
0
LINE
8
BLACK
6
CONTINUOUS
10
5.3661204724409446
20
-4.3130047244094492
11
5.3693872834645671
21
-4.3121879921259838
0
LINE
8
BLACK
6
CONTINUOUS
10
5.3693872834645671
20
-4.3121879921259838
11
5.3707401968503934
21
-4.3115115354330706
0
LINE
8
BLACK
6
CONTINUOUS
10
5.3707401968503934
20
-4.3115115354330706
11
5.3711848425196846
21
-4.3110668897637794
0
LINE
8
BLACK
6
CONTINUOUS
10
5.3711848425196846
20
-4.3110668897637794
11
5.3717399606299212
21
-4.3099566929133859
0
LINE
8
BLACK
6
CONTINUOUS
10
5.3717399606299212
20
-4.3099566929133859
11
5.3717399606299212
21
-4.3090955905511814
0
LINE
8
BLACK
6
CONTINUOUS
10
5.3717399606299212
20
-4.3090955905511814
11
5.3711848425196846
21
-4.307985393700787
0
LINE
8
BLACK
6
CONTINUOUS
10
5.3711848425196846
20
-4.307985393700787
11
5.3707402362204721
21
-4.3075407874015745
0
LINE
8
BLACK
6
CONTINUOUS
10
5.3707402362204721
20
-4.3075407874015745
11
5.3693870866141733
21
-4.3068642125984251
0
LINE
8
BLACK
6
CONTINUOUS
10
5.3693870866141733
20
-4.3068642125984251
11
5.3661205905511808
21
-4.3060475984251969
0
LINE
8
BLACK
6
CONTINUOUS
10
5.3661205905511808
20
-4.3060475984251969
11
5.3619594881889761
21
-4.3060475984251969
0
LINE
8
BLACK
6
CONTINUOUS
10
5.3619594881889761
20
-4.3060475984251969
11
5.3586928346456695
21
-4.3068642125984251
0
LINE
8
BLACK
6
CONTINUOUS
10
5.6619933858267713
20
-4.2698598818897633
11
5.6630577952755905
21
-4.2703007874015748
0
LINE
8
BLACK
6
CONTINUOUS
10
5.6630577952755905
20
-4.2703007874015748
11
5.663872440944882
21
-4.2711154330708663
0
LINE
8
BLACK
6
CONTINUOUS
10
5.663872440944882
20
-4.2711154330708663
11
5.6643133464566926
21
-4.2721798425196846
0
LINE
8
BLACK
6
CONTINUOUS
10
5.6643133464566926
20
-4.2721798425196846
11
5.6643700787401574
21
-4.2727559055118105
0
LINE
8
BLACK
6
CONTINUOUS
10
5.6643700787401574
20
-4.2727559055118105
11
5.6643700787401574
21
-4.3127559055118105
0
LINE
8
BLACK
6
CONTINUOUS
10
5.6643700787401574
20
-4.3127559055118105
11
5.6643133464566926
21
-4.3133319685039373
0
LINE
8
BLACK
6
CONTINUOUS
10
5.6643133464566926
20
-4.3133319685039373
11
5.663872440944882
21
-4.3143963779527557
0
LINE
8
BLACK
6
CONTINUOUS
10
5.663872440944882
20
-4.3143963779527557
11
5.6630577952755905
21
-4.3152110236220471
0
LINE
8
BLACK
6
CONTINUOUS
10
5.6630577952755905
20
-4.3152110236220471
11
5.6619933858267713
21
-4.3156519291338578
0
LINE
8
BLACK
6
CONTINUOUS
10
5.6619933858267713
20
-4.3156519291338578
11
5.6608412598425195
21
-4.3156519291338578
0
LINE
8
BLACK
6
CONTINUOUS
10
5.6608412598425195
20
-4.3156519291338578
11
5.6597768503937003
21
-4.3152110236220471
0
LINE
8
BLACK
6
CONTINUOUS
10
5.6597768503937003
20
-4.3152110236220471
11
5.6589622047244097
21
-4.3143963779527557
0
LINE
8
BLACK
6
CONTINUOUS
10
5.6589622047244097
20
-4.3143963779527557
11
5.6585212992125982
21
-4.3133319685039373
0
LINE
8
BLACK
6
CONTINUOUS
10
5.6585212992125982
20
-4.3133319685039373
11
5.6584645669291334
21
-4.3127559055118105
0
LINE
8
BLACK
6
CONTINUOUS
10
5.6584645669291334
20
-4.3127559055118105
11
5.6584645669291334
21
-4.2757086614173225
0
LINE
8
BLACK
6
CONTINUOUS
10
5.6584645669291334
20
-4.2757086614173225
11
5.6043700787401569
21
-4.2757086614173225
0
LINE
8
BLACK
6
CONTINUOUS
10
5.6043700787401569
20
-4.2757086614173225
11
5.6043700787401569
21
-4.3127559055118105
0
LINE
8
BLACK
6
CONTINUOUS
10
5.6043700787401569
20
-4.3127559055118105
11
5.604313346456693
21
-4.3133319685039373
0
LINE
8
BLACK
6
CONTINUOUS
10
5.604313346456693
20
-4.3133319685039373
11
5.6038724409448815
21
-4.3143963779527557
0
LINE
8
BLACK
6
CONTINUOUS
10
5.6038724409448815
20
-4.3143963779527557
11
5.60305779527559
21
-4.3152110236220471
0
LINE
8
BLACK
6
CONTINUOUS
10
5.60305779527559
20
-4.3152110236220471
11
5.6019933858267716
21
-4.3156519291338578
0
LINE
8
BLACK
6
CONTINUOUS
10
5.6019933858267716
20
-4.3156519291338578
11
5.6008412598425199
21
-4.3156519291338578
0
LINE
8
BLACK
6
CONTINUOUS
10
5.6008412598425199
20
-4.3156519291338578
11
5.5997768503937007
21
-4.3152110236220471
0
LINE
8
BLACK
6
CONTINUOUS
10
5.5997768503937007
20
-4.3152110236220471
11
5.5989622047244092
21
-4.3143963779527557
0
LINE
8
BLACK
6
CONTINUOUS
10
5.5989622047244092
20
-4.3143963779527557
11
5.5985212992125986
21
-4.3133319685039373
0
LINE
8
BLACK
6
CONTINUOUS
10
5.5985212992125986
20
-4.3133319685039373
11
5.5984645669291337
21
-4.3127559055118105
0
LINE
8
BLACK
6
CONTINUOUS
10
5.5984645669291337
20
-4.3127559055118105
11
5.5984645669291337
21
-4.2727559055118105
0
LINE
8
BLACK
6
CONTINUOUS
10
5.5984645669291337
20
-4.2727559055118105
11
5.5985212992125986
21
-4.2721798425196846
0
LINE
8
BLACK
6
CONTINUOUS
10
5.5985212992125986
20
-4.2721798425196846
11
5.5989622047244092
21
-4.2711154330708663
0
LINE
8
BLACK
6
CONTINUOUS
10
5.5989622047244092
20
-4.2711154330708663
11
5.5997768503937007
21
-4.2703007874015748
0
LINE
8
BLACK
6
CONTINUOUS
10
5.5997768503937007
20
-4.2703007874015748
11
5.6008412598425199
21
-4.2698598818897633
0
LINE
8
BLACK
6
CONTINUOUS
10
5.6008412598425199
20
-4.2698598818897633
11
5.6014173228346458
21
-4.2698031496062994
0
LINE
8
BLACK
6
CONTINUOUS
10
5.6014173228346458
20
-4.2698031496062994
11
5.6614173228346454
21
-4.2698031496062994
0
LINE
8
BLACK
6
CONTINUOUS
10
5.6614173228346454
20
-4.2698031496062994
11
5.6619933858267713
21
-4.2698598818897633
0
LINE
8
BLACK
6
CONTINUOUS
10
5.8791414960629922
20
-4.2575931496062989
11
5.8792913385826768
21
-4.2583464566929132
0
LINE
8
BLACK
6
CONTINUOUS
10
5.8792913385826768
20
-4.2583464566929132
11
5.8792913385826768
21
-4.2763217716535431
0
LINE
8
BLACK
6
CONTINUOUS
10
5.8792913385826768
20
-4.2763217716535431
11
5.8998529527559054
21
-4.262614094488189
0
LINE
8
BLACK
6
CONTINUOUS
10
5.8998529527559054
20
-4.262614094488189
11
5.900121811023622
21
-4.2625030314960632
0
LINE
8
BLACK
6
CONTINUOUS
10
5.900121811023622
20
-4.2625030314960632
11
5.9001915748031495
21
-4.2624333070866145
0
LINE
8
BLACK
6
CONTINUOUS
10
5.9001915748031495
20
-4.2624333070866145
11
5.9002906692913388
21
-4.2624333070866145
0
LINE
8
BLACK
6
CONTINUOUS
10
5.9002906692913388
20
-4.2624333070866145
11
5.9005628346456689
21
-4.2623209055118112
0
LINE
8
BLACK
6
CONTINUOUS
10
5.9005628346456689
20
-4.2623209055118112
11
5.9011248425196845
21
-4.2624333070866145
0
LINE
8
BLACK
6
CONTINUOUS
10
5.9011248425196845
20
-4.2624333070866145
11
5.9016981889763782
21
-4.2624333070866145
0
LINE
8
BLACK
6
CONTINUOUS
10
5.9016981889763782
20
-4.2624333070866145
11
5.9018414960629917
21
-4.262576614173228
0
LINE
8
BLACK
6
CONTINUOUS
10
5.9018414960629917
20
-4.262576614173228
11
5.902040236220472
21
-4.2626163779527557
0
LINE
8
BLACK
6
CONTINUOUS
10
5.902040236220472
20
-4.2626163779527557
11
5.9023581496062993
21
-4.2630932677165356
0
LINE
8
BLACK
6
CONTINUOUS
10
5.9023581496062993
20
-4.2630932677165356
11
5.9027635433070866
21
-4.2634986614173229
0
LINE
8
BLACK
6
CONTINUOUS
10
5.9027635433070866
20
-4.2634986614173229
11
5.9028209842519681
21
-4.2637875196850397
0
LINE
8
BLACK
6
CONTINUOUS
10
5.9028209842519681
20
-4.2637875196850397
11
5.9028759448818899
21
-4.2638699606299211
0
LINE
8
BLACK
6
CONTINUOUS
10
5.9028759448818899
20
-4.2638699606299211
11
5.9028566141732286
21
-4.2639665748031499
0
LINE
8
BLACK
6
CONTINUOUS
10
5.9028566141732286
20
-4.2639665748031499
11
5.9029133858267713
21
-4.2642519685039373
0
LINE
8
BLACK
6
CONTINUOUS
10
5.9029133858267713
20
-4.2642519685039373
11
5.9029133858267713
21
-4.2780314960629919
0
LINE
8
BLACK
6
CONTINUOUS
10
5.9029133858267713
20
-4.2780314960629919
11
5.9206299212598426
21
-4.2780314960629919
0
LINE
8
BLACK
6
CONTINUOUS
10
5.9206299212598426
20
-4.2780314960629919
11
5.9213832283464569
21
-4.2781813385826775
0
LINE
8
BLACK
6
CONTINUOUS
10
5.9213832283464569
20
-4.2781813385826775
11
5.9224485826771653
21
-4.2792466929133859
0
LINE
8
BLACK
6
CONTINUOUS
10
5.9224485826771653
20
-4.2792466929133859
11
5.9224485826771653
21
-4.2807533070866137
0
LINE
8
BLACK
6
CONTINUOUS
10
5.9224485826771653
20
-4.2807533070866137
11
5.9213832283464569
21
-4.281818661417323
0
LINE
8
BLACK
6
CONTINUOUS
10
5.9213832283464569
20
-4.281818661417323
11
5.9206299212598426
21
-4.2819685039370077
0
LINE
8
BLACK
6
CONTINUOUS
10
5.9206299212598426
20
-4.2819685039370077
11
5.9029133858267713
21
-4.2819685039370077
0
LINE
8
BLACK
6
CONTINUOUS
10
5.9029133858267713
20
-4.2819685039370077
11
5.9029133858267713
21
-4.2957480314960632
0
LINE
8
BLACK
6
CONTINUOUS
10
5.9029133858267713
20
-4.2957480314960632
11
5.9028566141732286
21
-4.2960333858267719
0
LINE
8
BLACK
6
CONTINUOUS
10
5.9028566141732286
20
-4.2960333858267719
11
5.9028759448818899
21
-4.2961300393700785
0
LINE
8
BLACK
6
CONTINUOUS
10
5.9028759448818899
20
-4.2961300393700785
11
5.9028209842519681
21
-4.2962124409448821
0
LINE
8
BLACK
6
CONTINUOUS
10
5.9028209842519681
20
-4.2962124409448821
11
5.9027635433070866
21
-4.2965013385826767
0
LINE
8
BLACK
6
CONTINUOUS
10
5.9027635433070866
20
-4.2965013385826767
11
5.9023581496062993
21
-4.2969066929133861
0
LINE
8
BLACK
6
CONTINUOUS
10
5.9023581496062993
20
-4.2969066929133861
11
5.902040236220472
21
-4.2973836220472439
0
LINE
8
BLACK
6
CONTINUOUS
10
5.902040236220472
20
-4.2973836220472439
11
5.9018414960629917
21
-4.2974233464566929
0
LINE
8
BLACK
6
CONTINUOUS
10
5.9018414960629917
20
-4.2974233464566929
11
5.9016981889763782
21
-4.297566692913386
0
LINE
8
BLACK
6
CONTINUOUS
10
5.9016981889763782
20
-4.297566692913386
11
5.9011248425196845
21
-4.297566692913386
0
LINE
8
BLACK
6
CONTINUOUS
10
5.9011248425196845
20
-4.297566692913386
11
5.9005628346456689
21
-4.2976790944881893
0
LINE
8
BLACK
6
CONTINUOUS
10
5.9005628346456689
20
-4.2976790944881893
11
5.9002906692913388
21
-4.297566692913386
0
LINE
8
BLACK
6
CONTINUOUS
10
5.9002906692913388
20
-4.297566692913386
11
5.9001915748031495
21
-4.297566692913386
0
LINE
8
BLACK
6
CONTINUOUS
10
5.9001915748031495
20
-4.297566692913386
11
5.900121811023622
21
-4.2974969291338585
0
LINE
8
BLACK
6
CONTINUOUS
10
5.900121811023622
20
-4.2974969291338585
11
5.8998529527559054
21
-4.2973859055118107
0
LINE
8
BLACK
6
CONTINUOUS
10
5.8998529527559054
20
-4.2973859055118107
11
5.8792913385826768
21
-4.2836781889763778
0
LINE
8
BLACK
6
CONTINUOUS
10
5.8792913385826768
20
-4.2836781889763778
11
5.8792913385826768
21
-4.3016535433070864
0
LINE
8
BLACK
6
CONTINUOUS
10
5.8792913385826768
20
-4.3016535433070864
11
5.8791414960629922
21
-4.3024068503937007
0
LINE
8
BLACK
6
CONTINUOUS
10
5.8791414960629922
20
-4.3024068503937007
11
5.8780761417322838
21
-4.3034722047244092
0
LINE
8
BLACK
6
CONTINUOUS
10
5.8780761417322838
20
-4.3034722047244092
11
5.876569527559055
21
-4.3034722047244092
0
LINE
8
BLACK
6
CONTINUOUS
10
5.876569527559055
20
-4.3034722047244092
11
5.8755041732283466
21
-4.3024068503937007
0
LINE
8
BLACK
6
CONTINUOUS
10
5.8755041732283466
20
-4.3024068503937007
11
5.8753543307086611
21
-4.3016535433070864
0
LINE
8
BLACK
6
CONTINUOUS
10
5.8753543307086611
20
-4.3016535433070864
11
5.8753543307086611
21
-4.2819685039370077
0
LINE
8
BLACK
6
CONTINUOUS
10
5.8753543307086611
20
-4.2819685039370077
11
5.8615748031496064
21
-4.2819685039370077
0
LINE
8
BLACK
6
CONTINUOUS
10
5.8615748031496064
20
-4.2819685039370077
11
5.8608214960629921
21
-4.281818661417323
0
LINE
8
BLACK
6
CONTINUOUS
10
5.8608214960629921
20
-4.281818661417323
11
5.8597561417322837
21
-4.2807533070866137
0
LINE
8
BLACK
6
CONTINUOUS
10
5.8597561417322837
20
-4.2807533070866137
11
5.8597561417322837
21
-4.2792466929133859
0
LINE
8
BLACK
6
CONTINUOUS
10
5.8597561417322837
20
-4.2792466929133859
11
5.8608214960629921
21
-4.2781813385826775
0
LINE
8
BLACK
6
CONTINUOUS
10
5.8608214960629921
20
-4.2781813385826775
11
5.8615748031496064
21
-4.2780314960629919
0
LINE
8
BLACK
6
CONTINUOUS
10
5.8615748031496064
20
-4.2780314960629919
11
5.8753543307086611
21
-4.2780314960629919
0
LINE
8
BLACK
6
CONTINUOUS
10
5.8753543307086611
20
-4.2780314960629919
11
5.8753543307086611
21
-4.2583464566929132
0
LINE
8
BLACK
6
CONTINUOUS
10
5.8753543307086611
20
-4.2583464566929132
11
5.8755041732283466
21
-4.2575931496062989
0
LINE
8
BLACK
6
CONTINUOUS
10
5.8755041732283466
20
-4.2575931496062989
11
5.876569527559055
21
-4.2565277952755904
0
LINE
8
BLACK
6
CONTINUOUS
10
5.876569527559055
20
-4.2565277952755904
11
5.8780761417322838
21
-4.2565277952755904
0
LINE
8
BLACK
6
CONTINUOUS
10
5.8780761417322838
20
-4.2565277952755904
11
5.8791414960629922
21
-4.2575931496062989
0
LINE
8
BLACK
6
CONTINUOUS
10
5.8808716141732278
20
-4.2800000000000002
11
5.8989763779527555
21
-4.2920698031496061
0
LINE
8
BLACK
6
CONTINUOUS
10
5.8989763779527555
20
-4.2920698031496061
11
5.8989763779527555
21
-4.2679301574803148
0
LINE
8
BLACK
6
CONTINUOUS
10
5.8989763779527555
20
-4.2679301574803148
11
5.8808716141732278
21
-4.2800000000000002
0
LINE
8
BLACK
6
CONTINUOUS
10
5.9568162992125986
20
-4.2466852755905506
11
5.957881653543307
21
-4.24775062992126
0
LINE
8
BLACK
6
CONTINUOUS
10
5.957881653543307
20
-4.24775062992126
11
5.9580314960629916
21
-4.2485039370078743
0
LINE
8
BLACK
6
CONTINUOUS
10
5.9580314960629916
20
-4.2485039370078743
11
5.9580314960629916
21
-4.3114960629921262
0
LINE
8
BLACK
6
CONTINUOUS
10
5.9580314960629916
20
-4.3114960629921262
11
5.957881653543307
21
-4.3122493700787397
0
LINE
8
BLACK
6
CONTINUOUS
10
5.957881653543307
20
-4.3122493700787397
11
5.9568162992125986
21
-4.313314724409449
0
LINE
8
BLACK
6
CONTINUOUS
10
5.9568162992125986
20
-4.313314724409449
11
5.9560629921259842
21
-4.3134645669291336
0
LINE
8
BLACK
6
CONTINUOUS
10
5.9560629921259842
20
-4.3134645669291336
11
5.8261417322834648
21
-4.3134645669291336
0
LINE
8
BLACK
6
CONTINUOUS
10
5.8261417322834648
20
-4.3134645669291336
11
5.8253884251968504
21
-4.313314724409449
0
LINE
8
BLACK
6
CONTINUOUS
10
5.8253884251968504
20
-4.313314724409449
11
5.824323070866142
21
-4.3122493700787397
0
LINE
8
BLACK
6
CONTINUOUS
10
5.824323070866142
20
-4.3122493700787397
11
5.8241732283464565
21
-4.3114960629921262
0
LINE
8
BLACK
6
CONTINUOUS
10
5.8241732283464565
20
-4.3114960629921262
11
5.8241732283464565
21
-4.2485039370078743
0
LINE
8
BLACK
6
CONTINUOUS
10
5.8241732283464565
20
-4.2485039370078743
11
5.824323070866142
21
-4.24775062992126
0
LINE
8
BLACK
6
CONTINUOUS
10
5.824323070866142
20
-4.24775062992126
11
5.8253884251968504
21
-4.2466852755905506
0
LINE
8
BLACK
6
CONTINUOUS
10
5.8253884251968504
20
-4.2466852755905506
11
5.8261417322834648
21
-4.246535433070866
0
LINE
8
BLACK
6
CONTINUOUS
10
5.8261417322834648
20
-4.246535433070866
11
5.9560629921259842
21
-4.246535433070866
0
LINE
8
BLACK
6
CONTINUOUS
10
5.9560629921259842
20
-4.246535433070866
11
5.9568162992125986
21
-4.2466852755905506
0
LINE
8
BLACK
6
CONTINUOUS
10
5.8281102362204722
20
-4.2504724409448817
11
5.8281102362204722
21
-4.3095275590551179
0
LINE
8
BLACK
6
CONTINUOUS
10
5.8281102362204722
20
-4.3095275590551179
11
5.9540944881889759
21
-4.3095275590551179
0
LINE
8
BLACK
6
CONTINUOUS
10
5.9540944881889759
20
-4.3095275590551179
11
5.9540944881889759
21
-4.2504724409448817
0
LINE
8
BLACK
6
CONTINUOUS
10
5.9540944881889759
20
-4.2504724409448817
11
5.8281102362204722
21
-4.2504724409448817
0
LINE
8
BLACK
6
CONTINUOUS
10
5.3932055511811026
20
-4.2955418503937004
11
5.3934685826771656
21
-4.2955546850393702
0
LINE
8
BLACK
6
CONTINUOUS
10
5.3934685826771656
20
-4.2955546850393702
11
5.39722094488189
21
-4.2964927559055113
0
LINE
8
BLACK
6
CONTINUOUS
10
5.39722094488189
20
-4.2964927559055113
11
5.3974338976377956
21
-4.2965933464566932
0
LINE
8
BLACK
6
CONTINUOUS
10
5.3974338976377956
20
-4.2965933464566932
11
5.3976609842519681
21
-4.296655551181102
0
LINE
8
BLACK
6
CONTINUOUS
10
5.3976609842519681
20
-4.296655551181102
11
5.3995371653543307
21
-4.2975936220472439
0
LINE
8
BLACK
6
CONTINUOUS
10
5.3995371653543307
20
-4.2975936220472439
11
5.3998092913385829
21
-4.2978048031496066
0
LINE
8
BLACK
6
CONTINUOUS
10
5.3998092913385829
20
-4.2978048031496066
11
5.4000959448818895
21
-4.2979963385826769
0
LINE
8
BLACK
6
CONTINUOUS
10
5.4000959448818895
20
-4.2979963385826769
11
5.4019721653543309
21
-4.2998725196850396
0
LINE
8
BLACK
6
CONTINUOUS
10
5.4019721653543309
20
-4.2998725196850396
11
5.4020320078740154
21
-4.2999620866141735
0
LINE
8
BLACK
6
CONTINUOUS
10
5.4020320078740154
20
-4.2999620866141735
11
5.4020761417322829
21
-4.2999841732283466
0
LINE
8
BLACK
6
CONTINUOUS
10
5.4020761417322829
20
-4.2999841732283466
11
5.4022467322834649
21
-4.3002834645669292
0
LINE
8
BLACK
6
CONTINUOUS
10
5.4022467322834649
20
-4.3002834645669292
11
5.4024382283464565
21
-4.3005700393700783
0
LINE
8
BLACK
6
CONTINUOUS
10
5.4024382283464565
20
-4.3005700393700783
11
5.4024382283464565
21
-4.3006193307086615
0
LINE
8
BLACK
6
CONTINUOUS
10
5.4024382283464565
20
-4.3006193307086615
11
5.4024915748031495
21
-4.3007129527559051
0
LINE
8
BLACK
6
CONTINUOUS
10
5.4024915748031495
20
-4.3007129527559051
11
5.4034296456692914
21
-4.3035272440944885
0
LINE
8
BLACK
6
CONTINUOUS
10
5.4034296456692914
20
-4.3035272440944885
11
5.4034727165354326
21
-4.3038691338582673
0
LINE
8
BLACK
6
CONTINUOUS
10
5.4034727165354326
20
-4.3038691338582673
11
5.4035399606299208
21
-4.3042071259842523
0
LINE
8
BLACK
6
CONTINUOUS
10
5.4035399606299208
20
-4.3042071259842523
11
5.4035399606299208
21
-4.3060833464566928
0
LINE
8
BLACK
6
CONTINUOUS
10
5.4035399606299208
20
-4.3060833464566928
11
5.4034727559055113
21
-4.3064211023622043
0
LINE
8
BLACK
6
CONTINUOUS
10
5.4034727559055113
20
-4.3064211023622043
11
5.4034296456692914
21
-4.3067632283464565
0
LINE
8
BLACK
6
CONTINUOUS
10
5.4034296456692914
20
-4.3067632283464565
11
5.4024915748031495
21
-4.3095774803149602
0
LINE
8
BLACK
6
CONTINUOUS
10
5.4024915748031495
20
-4.3095774803149602
11
5.4024382283464565
21
-4.309671062992126
0
LINE
8
BLACK
6
CONTINUOUS
10
5.4024382283464565
20
-4.309671062992126
11
5.4024382283464565
21
-4.3097203543307083
0
LINE
8
BLACK
6
CONTINUOUS
10
5.4024382283464565
20
-4.3097203543307083
11
5.402246889763779
21
-4.310006653543307
0
LINE
8
BLACK
6
CONTINUOUS
10
5.402246889763779
20
-4.310006653543307
11
5.4020761417322829
21
-4.3103062598425197
0
LINE
8
BLACK
6
CONTINUOUS
10
5.4020761417322829
20
-4.3103062598425197
11
5.4020319685039366
21
-4.3103283070866141
0
LINE
8
BLACK
6
CONTINUOUS
10
5.4020319685039366
20
-4.3103283070866141
11
5.4019721653543309
21
-4.3104178740157479
0
LINE
8
BLACK
6
CONTINUOUS
10
5.4019721653543309
20
-4.3104178740157479
11
5.4010340551181102
21
-4.3113559842519686
0
LINE
8
BLACK
6
CONTINUOUS
10
5.4010340551181102
20
-4.3113559842519686
11
5.4003365748031493
21
-4.3118220472440942
0
LINE
8
BLACK
6
CONTINUOUS
10
5.4003365748031493
20
-4.3118220472440942
11
5.3986909842519681
21
-4.3118220472440942
0
LINE
8
BLACK
6
CONTINUOUS
10
5.3986909842519681
20
-4.3118220472440942
11
5.3975274409448817
21
-4.3106585039370078
0
LINE
8
BLACK
6
CONTINUOUS
10
5.3975274409448817
20
-4.3106585039370078
11
5.3975274409448817
21
-4.3090129133858266
0
LINE
8
BLACK
6
CONTINUOUS
10
5.3975274409448817
20
-4.3090129133858266
11
5.3979935039370082
21
-4.3083154330708657
0
LINE
8
BLACK
6
CONTINUOUS
10
5.3979935039370082
20
-4.3083154330708657
11
5.3985726771653546
21
-4.3077362204724405
0
LINE
8
BLACK
6
CONTINUOUS
10
5.3985726771653546
20
-4.3077362204724405
11
5.3992399606299211
21
-4.305734409448819
0
LINE
8
BLACK
6
CONTINUOUS
10
5.3992399606299211
20
-4.305734409448819
11
5.3992399606299211
21
-4.3045559842519685
0
LINE
8
BLACK
6
CONTINUOUS
10
5.3992399606299211
20
-4.3045559842519685
11
5.3985726771653546
21
-4.3025541732283461
0
LINE
8
BLACK
6
CONTINUOUS
10
5.3985726771653546
20
-4.3025541732283461
11
5.3973020472440947
21
-4.3012836220472437
0
LINE
8
BLACK
6
CONTINUOUS
10
5.3973020472440947
20
-4.3012836220472437
11
5.3959490157480312
21
-4.300607086614173
0
LINE
8
BLACK
6
CONTINUOUS
10
5.3959490157480312
20
-4.300607086614173
11
5.3926825196850396
21
-4.2997904724409448
0
LINE
8
BLACK
6
CONTINUOUS
10
5.3926825196850396
20
-4.2997904724409448
11
5.3903975984251966
21
-4.2997904724409448
0
LINE
8
BLACK
6
CONTINUOUS
10
5.3903975984251966
20
-4.2997904724409448
11
5.3871309055118113
21
-4.300607086614173
0
LINE
8
BLACK
6
CONTINUOUS
10
5.3871309055118113
20
-4.300607086614173
11
5.3857777559055116
21
-4.3012836614173224
0
LINE
8
BLACK
6
CONTINUOUS
10
5.3857777559055116
20
-4.3012836614173224
11
5.3845072440944879
21
-4.3025541732283461
0
LINE
8
BLACK
6
CONTINUOUS
10
5.3845072440944879
20
-4.3025541732283461
11
5.3838399606299214
21
-4.304556062992126
0
LINE
8
BLACK
6
CONTINUOUS
10
5.3838399606299214
20
-4.304556062992126
11
5.3838399606299214
21
-4.3057344488188978
0
LINE
8
BLACK
6
CONTINUOUS
10
5.3838399606299214
20
-4.3057344488188978
11
5.3845072047244091
21
-4.3077361811023618
0
LINE
8
BLACK
6
CONTINUOUS
10
5.3845072047244091
20
-4.3077361811023618
11
5.3850864566929131
21
-4.3083154724409445
0
LINE
8
BLACK
6
CONTINUOUS
10
5.3850864566929131
20
-4.3083154724409445
11
5.3855524803149608
21
-4.3090129527559053
0
LINE
8
BLACK
6
CONTINUOUS
10
5.3855524803149608
20
-4.3090129527559053
11
5.3855524409448821
21
-4.3106585039370078
0
LINE
8
BLACK
6
CONTINUOUS
10
5.3855524409448821
20
-4.3106585039370078
11
5.3843888582677168
21
-4.3118220472440942
0
LINE
8
BLACK
6
CONTINUOUS
10
5.3843888582677168
20
-4.3118220472440942
11
5.3827433070866144
21
-4.3118220078740155
0
LINE
8
BLACK
6
CONTINUOUS
10
5.3827433070866144
20
-4.3118220078740155
11
5.3820458267716536
21
-4.3113559448818899
0
LINE
8
BLACK
6
CONTINUOUS
10
5.3820458267716536
20
-4.3113559448818899
11
5.3811077559055116
21
-4.3104178346456692
0
LINE
8
BLACK
6
CONTINUOUS
10
5.3811077559055116
20
-4.3104178346456692
11
5.381047952755905
21
-4.3103283464566928
0
LINE
8
BLACK
6
CONTINUOUS
10
5.381047952755905
20
-4.3103283464566928
11
5.3810038582677162
21
-4.3103062992125984
0
LINE
8
BLACK
6
CONTINUOUS
10
5.3810038582677162
20
-4.3103062992125984
11
5.3808330708661414
21
-4.3100067322834645
0
LINE
8
BLACK
6
CONTINUOUS
10
5.3808330708661414
20
-4.3100067322834645
11
5.3806417322834648
21
-4.3097203149606296
0
LINE
8
BLACK
6
CONTINUOUS
10
5.3806417322834648
20
-4.3097203149606296
11
5.3806417322834648
21
-4.3096710236220472
0
LINE
8
BLACK
6
CONTINUOUS
10
5.3806417322834648
20
-4.3096710236220472
11
5.3805884251968505
21
-4.309577519685039
0
LINE
8
BLACK
6
CONTINUOUS
10
5.3805884251968505
20
-4.309577519685039
11
5.3796503149606298
21
-4.3067632677165353
0
LINE
8
BLACK
6
CONTINUOUS
10
5.3796503149606298
20
-4.3067632677165353
11
5.379607204724409
21
-4.3064215354330706
0
LINE
8
BLACK
6
CONTINUOUS
10
5.379607204724409
20
-4.3064215354330706
11
5.3795399606299208
21
-4.3060833464566928
0
LINE
8
BLACK
6
CONTINUOUS
10
5.3795399606299208
20
-4.3060833464566928
11
5.3795399606299208
21
-4.3042071259842523
0
LINE
8
BLACK
6
CONTINUOUS
10
5.3795399606299208
20
-4.3042071259842523
11
5.3796071653543303
21
-4.3038691338582673
0
LINE
8
BLACK
6
CONTINUOUS
10
5.3796071653543303
20
-4.3038691338582673
11
5.3796502755905511
21
-4.3035272440944885
0
LINE
8
BLACK
6
CONTINUOUS
10
5.3796502755905511
20
-4.3035272440944885
11
5.3805884251968505
21
-4.3007129133858264
0
LINE
8
BLACK
6
CONTINUOUS
10
5.3805884251968505
20
-4.3007129133858264
11
5.3806417322834648
21
-4.3006193700787403
0
LINE
8
BLACK
6
CONTINUOUS
10
5.3806417322834648
20
-4.3006193700787403
11
5.3806417322834648
21
-4.3005700393700783
0
LINE
8
BLACK
6
CONTINUOUS
10
5.3806417322834648
20
-4.3005700393700783
11
5.3808332283464564
21
-4.3002834251968505
0
LINE
8
BLACK
6
CONTINUOUS
10
5.3808332283464564
20
-4.3002834251968505
11
5.3810038582677162
21
-4.2999841338582678
0
LINE
8
BLACK
6
CONTINUOUS
10
5.3810038582677162
20
-4.2999841338582678
11
5.381047952755905
21
-4.2999620472440947
0
LINE
8
BLACK
6
CONTINUOUS
10
5.381047952755905
20
-4.2999620472440947
11
5.3811077952755904
21
-4.2998725590551183
0
LINE
8
BLACK
6
CONTINUOUS
10
5.3811077952755904
20
-4.2998725590551183
11
5.382983976377953
21
-4.2979963779527557
0
LINE
8
BLACK
6
CONTINUOUS
10
5.382983976377953
20
-4.2979963779527557
11
5.3832704724409446
21
-4.2978049212598428
0
LINE
8
BLACK
6
CONTINUOUS
10
5.3832704724409446
20
-4.2978049212598428
11
5.3835427559055118
21
-4.2975936220472439
0
LINE
8
BLACK
6
CONTINUOUS
10
5.3835427559055118
20
-4.2975936220472439
11
5.3854189370078736
21
-4.296655551181102
0
LINE
8
BLACK
6
CONTINUOUS
10
5.3854189370078736
20
-4.296655551181102
11
5.3856461417322832
21
-4.2965933070866145
0
LINE
8
BLACK
6
CONTINUOUS
10
5.3856461417322832
20
-4.2965933070866145
11
5.3858589763779525
21
-4.29649279527559
0
LINE
8
BLACK
6
CONTINUOUS
10
5.3858589763779525
20
-4.29649279527559
11
5.3896113779527557
21
-4.2955546850393702
0
LINE
8
BLACK
6
CONTINUOUS
10
5.3896113779527557
20
-4.2955546850393702
11
5.3898743700787399
21
-4.2955418503937004
0
LINE
8
BLACK
6
CONTINUOUS
10
5.3898743700787399
20
-4.2955418503937004
11
5.3901328346456694
21
-4.2954904724409451
0
LINE
8
BLACK
6
CONTINUOUS
10
5.3901328346456694
20
-4.2954904724409451
11
5.3929471259842519
21
-4.2954904724409451
0
LINE
8
BLACK
6
CONTINUOUS
10
5.3929471259842519
20
-4.2954904724409451
11
5.3932055511811026
21
-4.2955418503937004
0
LINE
8
BLACK
6
CONTINUOUS
10
5.410576062992126
20
-4.259603976377953
11
5.4116404724409444
21
-4.2600448818897636
0
LINE
8
BLACK
6
CONTINUOUS
10
5.4116404724409444
20
-4.2600448818897636
11
5.4124551181102358
21
-4.2608595275590551
0
LINE
8
BLACK
6
CONTINUOUS
10
5.4124551181102358
20
-4.2608595275590551
11
5.4128960236220474
21
-4.2619239370078743
0
LINE
8
BLACK
6
CONTINUOUS
10
5.4128960236220474
20
-4.2619239370078743
11
5.4129527559055113
21
-4.2625000000000002
0
LINE
8
BLACK
6
CONTINUOUS
10
5.4129527559055113
20
-4.2625000000000002
11
5.4129527559055113
21
-4.3025000000000002
0
LINE
8
BLACK
6
CONTINUOUS
10
5.4129527559055113
20
-4.3025000000000002
11
5.4128960236220474
21
-4.3030760629921261
0
LINE
8
BLACK
6
CONTINUOUS
10
5.4128960236220474
20
-4.3030760629921261
11
5.4124551181102358
21
-4.3041404724409444
0
LINE
8
BLACK
6
CONTINUOUS
10
5.4124551181102358
20
-4.3041404724409444
11
5.4116404724409444
21
-4.3049551181102359
0
LINE
8
BLACK
6
CONTINUOUS
10
5.4116404724409444
20
-4.3049551181102359
11
5.410576062992126
21
-4.3053960236220474
0
LINE
8
BLACK
6
CONTINUOUS
10
5.410576062992126
20
-4.3053960236220474
11
5.4094239370078743
21
-4.3053960236220474
0
LINE
8
BLACK
6
CONTINUOUS
10
5.4094239370078743
20
-4.3053960236220474
11
5.408359527559055
21
-4.3049551181102359
0
LINE
8
BLACK
6
CONTINUOUS
10
5.408359527559055
20
-4.3049551181102359
11
5.4075448818897636
21
-4.3041404724409444
0
LINE
8
BLACK
6
CONTINUOUS
10
5.4075448818897636
20
-4.3041404724409444
11
5.4071039763779529
21
-4.3030760629921261
0
LINE
8
BLACK
6
CONTINUOUS
10
5.4071039763779529
20
-4.3030760629921261
11
5.4070472440944881
21
-4.3025000000000002
0
LINE
8
BLACK
6
CONTINUOUS
10
5.4070472440944881
20
-4.3025000000000002
11
5.4070472440944881
21
-4.2654527559055113
0
LINE
8
BLACK
6
CONTINUOUS
10
5.4070472440944881
20
-4.2654527559055113
11
5.3529527559055117
21
-4.2654527559055113
0
LINE
8
BLACK
6
CONTINUOUS
10
5.3529527559055117
20
-4.2654527559055113
11
5.3529527559055117
21
-4.2890198818897636
0
LINE
8
BLACK
6
CONTINUOUS
10
5.3529527559055117
20
-4.2890198818897636
11
5.3529973622047242
21
-4.2889753937007873
0
LINE
8
BLACK
6
CONTINUOUS
10
5.3529973622047242
20
-4.2889753937007873
11
5.3556345275590553
21
-4.287217204724409
0
LINE
8
BLACK
6
CONTINUOUS
10
5.3556345275590553
20
-4.287217204724409
11
5.3571134251968502
21
-4.2857383070866142
0
LINE
8
BLACK
6
CONTINUOUS
10
5.3571134251968502
20
-4.2857383070866142
11
5.3578955118110239
21
-4.2841741732283465
0
LINE
8
BLACK
6
CONTINUOUS
10
5.3578955118110239
20
-4.2841741732283465
11
5.3584098818897639
21
-4.2835114960629923
0
LINE
8
BLACK
6
CONTINUOUS
10
5.3584098818897639
20
-4.2835114960629923
11
5.3599709842519685
21
-4.2829911417322837
0
LINE
8
BLACK
6
CONTINUOUS
10
5.3599709842519685
20
-4.2829911417322837
11
5.3614427559055118
21
-4.2837270472440947
0
LINE
8
BLACK
6
CONTINUOUS
10
5.3614427559055118
20
-4.2837270472440947
11
5.3619631102362204
21
-4.2852881496062993
0
LINE
8
BLACK
6
CONTINUOUS
10
5.3619631102362204
20
-4.2852881496062993
11
5.3617415354330706
21
-4.2860972440944884
0
LINE
8
BLACK
6
CONTINUOUS
10
5.3617415354330706
20
-4.2860972440944884
11
5.3608034251968499
21
-4.2879734251968502
0
LINE
8
BLACK
6
CONTINUOUS
10
5.3608034251968499
20
-4.2879734251968502
11
5.360592283464567
21
-4.2882454330708661
0
LINE
8
BLACK
6
CONTINUOUS
10
5.360592283464567
20
-4.2882454330708661
11
5.3604007086614169
21
-4.2885321653543302
0
LINE
8
BLACK
6
CONTINUOUS
10
5.3604007086614169
20
-4.2885321653543302
11
5.3603185826771655
21
-4.2886142913385825
0
LINE
8
BLACK
6
CONTINUOUS
10
5.3603185826771655
20
-4.2886142913385825
11
5.3717399606299212
21
-4.2886142913385825
0
LINE
8
BLACK
6
CONTINUOUS
10
5.3717399606299212
20
-4.2886142913385825
11
5.3717399606299212
21
-4.285135708661417
0
LINE
8
BLACK
6
CONTINUOUS
10
5.3717399606299212
20
-4.285135708661417
11
5.3719036220472436
21
-4.2843129527559052
0
LINE
8
BLACK
6
CONTINUOUS
10
5.3719036220472436
20
-4.2843129527559052
11
5.3730672047244097
21
-4.28314937007874
0
LINE
8
BLACK
6
CONTINUOUS
10
5.3730672047244097
20
-4.28314937007874
11
5.3747127165354334
21
-4.28314937007874
0
LINE
8
BLACK
6
CONTINUOUS
10
5.3747127165354334
20
-4.28314937007874
11
5.3758762992125986
21
-4.2843129527559052
0
LINE
8
BLACK
6
CONTINUOUS
10
5.3758762992125986
20
-4.2843129527559052
11
5.376039960629921
21
-4.285135708661417
0
LINE
8
BLACK
6
CONTINUOUS
10
5.376039960629921
20
-4.285135708661417
11
5.376039960629921
21
-4.296392834645669
0
LINE
8
BLACK
6
CONTINUOUS
10
5.376039960629921
20
-4.296392834645669
11
5.3758762992125986
21
-4.2972155905511809
0
LINE
8
BLACK
6
CONTINUOUS
10
5.3758762992125986
20
-4.2972155905511809
11
5.3747127165354334
21
-4.2983791732283461
0
LINE
8
BLACK
6
CONTINUOUS
10
5.3747127165354334
20
-4.2983791732283461
11
5.3730672047244097
21
-4.2983791732283461
0
LINE
8
BLACK
6
CONTINUOUS
10
5.3730672047244097
20
-4.2983791732283461
11
5.3719036220472436
21
-4.2972155905511809
0
LINE
8
BLACK
6
CONTINUOUS
10
5.3719036220472436
20
-4.2972155905511809
11
5.3717399606299212
21
-4.296392834645669
0
LINE
8
BLACK
6
CONTINUOUS
10
5.3717399606299212
20
-4.296392834645669
11
5.3717399606299212
21
-4.2929142913385823
0
LINE
8
BLACK
6
CONTINUOUS
10
5.3717399606299212
20
-4.2929142913385823
11
5.3541899606299213
21
-4.2929142913385823
0
LINE
8
BLACK
6
CONTINUOUS
10
5.3541899606299213
20
-4.2929142913385823
11
5.3533672047244094
21
-4.2927506299212599
0
LINE
8
BLACK
6
CONTINUOUS
10
5.3533672047244094
20
-4.2927506299212599
11
5.3532106692913386
21
-4.2925940944881891
0
LINE
8
BLACK
6
CONTINUOUS
10
5.3532106692913386
20
-4.2925940944881891
11
5.3529936220472436
21
-4.292550708661417
0
LINE
8
BLACK
6
CONTINUOUS
10
5.3529936220472436
20
-4.292550708661417
11
5.3529527559055117
21
-4.2924894094488186
0
LINE
8
BLACK
6
CONTINUOUS
10
5.3529527559055117
20
-4.2924894094488186
11
5.3529527559055117
21
-4.3025000000000002
0
LINE
8
BLACK
6
CONTINUOUS
10
5.3529527559055117
20
-4.3025000000000002
11
5.3528960236220469
21
-4.3030760629921261
0
LINE
8
BLACK
6
CONTINUOUS
10
5.3528960236220469
20
-4.3030760629921261
11
5.3524551181102362
21
-4.3041404724409444
0
LINE
8
BLACK
6
CONTINUOUS
10
5.3524551181102362
20
-4.3041404724409444
11
5.3516404724409448
21
-4.3049551181102359
0
LINE
8
BLACK
6
CONTINUOUS
10
5.3516404724409448
20
-4.3049551181102359
11
5.3505760629921255
21
-4.3053960236220474
0
LINE
8
BLACK
6
CONTINUOUS
10
5.3505760629921255
20
-4.3053960236220474
11
5.3494239370078738
21
-4.3053960236220474
0
LINE
8
BLACK
6
CONTINUOUS
10
5.3494239370078738
20
-4.3053960236220474
11
5.3483595275590554
21
-4.3049551181102359
0
LINE
8
BLACK
6
CONTINUOUS
10
5.3483595275590554
20
-4.3049551181102359
11
5.347544881889764
21
-4.3041404724409444
0
LINE
8
BLACK
6
CONTINUOUS
10
5.347544881889764
20
-4.3041404724409444
11
5.3471039763779524
21
-4.3030760629921261
0
LINE
8
BLACK
6
CONTINUOUS
10
5.3471039763779524
20
-4.3030760629921261
11
5.3470472440944885
21
-4.3025000000000002
0
LINE
8
BLACK
6
CONTINUOUS
10
5.3470472440944885
20
-4.3025000000000002
11
5.3470472440944885
21
-4.2625000000000002
0
LINE
8
BLACK
6
CONTINUOUS
10
5.3470472440944885
20
-4.2625000000000002
11
5.3471039763779524
21
-4.2619239370078743
0
LINE
8
BLACK
6
CONTINUOUS
10
5.3471039763779524
20
-4.2619239370078743
11
5.347544881889764
21
-4.2608595275590551
0
LINE
8
BLACK
6
CONTINUOUS
10
5.347544881889764
20
-4.2608595275590551
11
5.3483595275590554
21
-4.2600448818897636
0
LINE
8
BLACK
6
CONTINUOUS
10
5.3483595275590554
20
-4.2600448818897636
11
5.3494239370078738
21
-4.259603976377953
0
LINE
8
BLACK
6
CONTINUOUS
10
5.3494239370078738
20
-4.259603976377953
11
5.3499999999999996
21
-4.2595472440944881
0
LINE
8
BLACK
6
CONTINUOUS
10
5.3499999999999996
20
-4.2595472440944881
11
5.4100000000000001
21
-4.2595472440944881
0
LINE
8
BLACK
6
CONTINUOUS
10
5.4100000000000001
20
-4.2595472440944881
11
5.410576062992126
21
-4.259603976377953
0
LINE
8
BLACK
6
CONTINUOUS
10
5.7316918897637796
20
-4.289044015748031
11
5.7317798818897634
21
-4.2891160236220474
0
LINE
8
BLACK
6
CONTINUOUS
10
5.7317798818897634
20
-4.2891160236220474
11
5.7318936220472443
21
-4.2891160236220474
0
LINE
8
BLACK
6
CONTINUOUS
10
5.7318936220472443
20
-4.2891160236220474
11
5.73240531496063
21
-4.2896276771653543
0
LINE
8
BLACK
6
CONTINUOUS
10
5.73240531496063
20
-4.2896276771653543
11
5.7329655118110239
21
-4.2900860236220471
0
LINE
8
BLACK
6
CONTINUOUS
10
5.7329655118110239
20
-4.2900860236220471
11
5.7329768110236223
21
-4.2901991732283467
0
LINE
8
BLACK
6
CONTINUOUS
10
5.7329768110236223
20
-4.2901991732283467
11
5.7330572047244095
21
-4.2902795669291338
0
LINE
8
BLACK
6
CONTINUOUS
10
5.7330572047244095
20
-4.2902795669291338
11
5.7330572047244095
21
-4.2910030708661413
0
LINE
8
BLACK
6
CONTINUOUS
10
5.7330572047244095
20
-4.2910030708661413
11
5.7331292519685038
21
-4.2917233858267716
0
LINE
8
BLACK
6
CONTINUOUS
10
5.7331292519685038
20
-4.2917233858267716
11
5.7330572047244095
21
-4.2918113779527562
0
LINE
8
BLACK
6
CONTINUOUS
10
5.7330572047244095
20
-4.2918113779527562
11
5.7330572440944882
21
-4.2919251181102362
0
LINE
8
BLACK
6
CONTINUOUS
10
5.7330572440944882
20
-4.2919251181102362
11
5.7325912204724405
21
-4.2926225984251971
0
LINE
8
BLACK
6
CONTINUOUS
10
5.7325912204724405
20
-4.2926225984251971
11
5.7318998031496058
21
-4.2933140157480318
0
LINE
8
BLACK
6
CONTINUOUS
10
5.7318998031496058
20
-4.2933140157480318
11
5.7313447244094489
21
-4.2944241732283466
0
LINE
8
BLACK
6
CONTINUOUS
10
5.7313447244094489
20
-4.2944241732283466
11
5.7313447244094489
21
-4.2980995669291335
0
LINE
8
BLACK
6
CONTINUOUS
10
5.7313447244094489
20
-4.2980995669291335
11
5.7318998031496058
21
-4.2992097244094492
0
LINE
8
BLACK
6
CONTINUOUS
10
5.7318998031496058
20
-4.2992097244094492
11
5.7323444488188979
21
-4.2996543700787404
0
LINE
8
BLACK
6
CONTINUOUS
10
5.7323444488188979
20
-4.2996543700787404
11
5.7334546850393702
21
-4.3002094881889761
0
LINE
8
BLACK
6
CONTINUOUS
10
5.7334546850393702
20
-4.3002094881889761
11
5.7371300393700784
21
-4.3002094881889761
0
LINE
8
BLACK
6
CONTINUOUS
10
5.7371300393700784
20
-4.3002094881889761
11
5.7382402362204727
21
-4.2996543700787404
0
LINE
8
BLACK
6
CONTINUOUS
10
5.7382402362204727
20
-4.2996543700787404
11
5.7386848425196852
21
-4.2992097637795279
0
LINE
8
BLACK
6
CONTINUOUS
10
5.7386848425196852
20
-4.2992097637795279
11
5.7392399606299209
21
-4.2980995669291335
0
LINE
8
BLACK
6
CONTINUOUS
10
5.7392399606299209
20
-4.2980995669291335
11
5.7392399606299209
21
-4.2944241732283466
0
LINE
8
BLACK
6
CONTINUOUS
10
5.7392399606299209
20
-4.2944241732283466
11
5.7386848425196852
21
-4.2933139763779531
0
LINE
8
BLACK
6
CONTINUOUS
10
5.7386848425196852
20
-4.2933139763779531
11
5.737993503937008
21
-4.2926226377952759
0
LINE
8
BLACK
6
CONTINUOUS
10
5.737993503937008
20
-4.2926226377952759
11
5.7375274409448815
21
-4.291925157480315
0
LINE
8
BLACK
6
CONTINUOUS
10
5.7375274409448815
20
-4.291925157480315
11
5.7375274409448815
21
-4.2902795669291338
0
LINE
8
BLACK
6
CONTINUOUS
10
5.7375274409448815
20
-4.2902795669291338
11
5.738690984251968
21
-4.2891160236220474
0
LINE
8
BLACK
6
CONTINUOUS
10
5.738690984251968
20
-4.2891160236220474
11
5.7403365748031492
21
-4.2891160236220474
0
LINE
8
BLACK
6
CONTINUOUS
10
5.7403365748031492
20
-4.2891160236220474
11
5.74103405511811
21
-4.289582086614173
0
LINE
8
BLACK
6
CONTINUOUS
10
5.74103405511811
20
-4.289582086614173
11
5.7419721653543307
21
-4.2905201968503937
0
LINE
8
BLACK
6
CONTINUOUS
10
5.7419721653543307
20
-4.2905201968503937
11
5.7421635039370074
21
-4.2908065748031499
0
LINE
8
BLACK
6
CONTINUOUS
10
5.7421635039370074
20
-4.2908065748031499
11
5.7423749212598425
21
-4.2910789763779524
0
LINE
8
BLACK
6
CONTINUOUS
10
5.7423749212598425
20
-4.2910789763779524
11
5.7433129921259845
21
-4.2929551574803151
0
LINE
8
BLACK
6
CONTINUOUS
10
5.7433129921259845
20
-4.2929551574803151
11
5.7433414173228341
21
-4.2930590157480317
0
LINE
8
BLACK
6
CONTINUOUS
10
5.7433414173228341
20
-4.2930590157480317
11
5.7433762992125983
21
-4.293093897637795
0
LINE
8
BLACK
6
CONTINUOUS
10
5.7433762992125983
20
-4.293093897637795
11
5.743443464566929
21
-4.2934316535433066
0
LINE
8
BLACK
6
CONTINUOUS
10
5.743443464566929
20
-4.2934316535433066
11
5.7435345669291333
21
-4.2937642519685042
0
LINE
8
BLACK
6
CONTINUOUS
10
5.7435345669291333
20
-4.2937642519685042
11
5.7435189370078739
21
-4.293811062992126
0
LINE
8
BLACK
6
CONTINUOUS
10
5.7435189370078739
20
-4.293811062992126
11
5.7435399606299216
21
-4.2939166535433069
0
LINE
8
BLACK
6
CONTINUOUS
10
5.7435399606299216
20
-4.2939166535433069
11
5.7435399606299216
21
-4.298607125984252
0
LINE
8
BLACK
6
CONTINUOUS
10
5.7435399606299216
20
-4.298607125984252
11
5.7435189370078739
21
-4.2987126771653541
0
LINE
8
BLACK
6
CONTINUOUS
10
5.7435189370078739
20
-4.2987126771653541
11
5.7435345669291333
21
-4.2987595275590547
0
LINE
8
BLACK
6
CONTINUOUS
10
5.7435345669291333
20
-4.2987595275590547
11
5.743443464566929
21
-4.2990920866141735
0
LINE
8
BLACK
6
CONTINUOUS
10
5.743443464566929
20
-4.2990920866141735
11
5.7433762992125983
21
-4.2994298818897638
0
LINE
8
BLACK
6
CONTINUOUS
10
5.7433762992125983
20
-4.2994298818897638
11
5.7433414173228341
21
-4.2994647244094484
0
LINE
8
BLACK
6
CONTINUOUS
10
5.7433414173228341
20
-4.2994647244094484
11
5.7433129921259845
21
-4.2995686220472438
0
LINE
8
BLACK
6
CONTINUOUS
10
5.7433129921259845
20
-4.2995686220472438
11
5.7423749212598425
21
-4.3014448031496064
0
LINE
8
BLACK
6
CONTINUOUS
10
5.7423749212598425
20
-4.3014448031496064
11
5.7421635039370074
21
-4.3017171653543302
0
LINE
8
BLACK
6
CONTINUOUS
10
5.7421635039370074
20
-4.3017171653543302
11
5.7419721653543307
21
-4.3020035826771652
0
LINE
8
BLACK
6
CONTINUOUS
10
5.7419721653543307
20
-4.3020035826771652
11
5.74103405511811
21
-4.3029416929133859
0
LINE
8
BLACK
6
CONTINUOUS
10
5.74103405511811
20
-4.3029416929133859
11
5.7407475196850388
21
-4.30313311023622
0
LINE
8
BLACK
6
CONTINUOUS
10
5.7407475196850388
20
-4.30313311023622
11
5.7404752755905513
21
-4.3033444488188977
0
LINE
8
BLACK
6
CONTINUOUS
10
5.7404752755905513
20
-4.3033444488188977
11
5.7385990944881886
21
-4.3042825196850396
0
LINE
8
BLACK
6
CONTINUOUS
10
5.7385990944881886
20
-4.3042825196850396
11
5.7384951968503932
21
-4.3043109448818893
0
LINE
8
BLACK
6
CONTINUOUS
10
5.7384951968503932
20
-4.3043109448818893
11
5.7384603543307087
21
-4.3043458267716534
0
LINE
8
BLACK
6
CONTINUOUS
10
5.7384603543307087
20
-4.3043458267716534
11
5.7381222440944883
21
-4.3044130708661417
0
LINE
8
BLACK
6
CONTINUOUS
10
5.7381222440944883
20
-4.3044130708661417
11
5.7377899999999995
21
-4.3045040551181097
0
LINE
8
BLACK
6
CONTINUOUS
10
5.7377899999999995
20
-4.3045040551181097
11
5.7377432283464564
21
-4.304488464566929
0
LINE
8
BLACK
6
CONTINUOUS
10
5.7377432283464564
20
-4.304488464566929
11
5.7376375984251968
21
-4.3045094881889767
0
LINE
8
BLACK
6
CONTINUOUS
10
5.7376375984251968
20
-4.3045094881889767
11
5.7329471259842517
21
-4.3045094881889767
0
LINE
8
BLACK
6
CONTINUOUS
10
5.7329471259842517
20
-4.3045094881889767
11
5.7328415354330708
21
-4.304488464566929
0
LINE
8
BLACK
6
CONTINUOUS
10
5.7328415354330708
20
-4.304488464566929
11
5.7327947637795278
21
-4.3045040944881885
0
LINE
8
BLACK
6
CONTINUOUS
10
5.7327947637795278
20
-4.3045040944881885
11
5.7324622834645664
21
-4.3044130314960629
0
LINE
8
BLACK
6
CONTINUOUS
10
5.7324622834645664
20
-4.3044130314960629
11
5.7321243700787399
21
-4.3043458267716534
0
LINE
8
BLACK
6
CONTINUOUS
10
5.7321243700787399
20
-4.3043458267716534
11
5.7320894881889766
21
-4.3043109448818893
0
LINE
8
BLACK
6
CONTINUOUS
10
5.7320894881889766
20
-4.3043109448818893
11
5.7319856692913387
21
-4.3042825196850396
0
LINE
8
BLACK
6
CONTINUOUS
10
5.7319856692913387
20
-4.3042825196850396
11
5.7301094094488185
21
-4.3033444488188977
0
LINE
8
BLACK
6
CONTINUOUS
10
5.7301094094488185
20
-4.3033444488188977
11
5.7298371259842522
21
-4.30313311023622
0
LINE
8
BLACK
6
CONTINUOUS
10
5.7298371259842522
20
-4.30313311023622
11
5.729550590551181
21
-4.3029416535433072
0
LINE
8
BLACK
6
CONTINUOUS
10
5.729550590551181
20
-4.3029416535433072
11
5.728612519685039
21
-4.3020035433070865
0
LINE
8
BLACK
6
CONTINUOUS
10
5.728612519685039
20
-4.3020035433070865
11
5.7284212204724412
21
-4.301717204724409
0
LINE
8
BLACK
6
CONTINUOUS
10
5.7284212204724412
20
-4.301717204724409
11
5.728209803149606
21
-4.3014448425196852
0
LINE
8
BLACK
6
CONTINUOUS
10
5.728209803149606
20
-4.3014448425196852
11
5.7272717322834641
21
-4.2995686614173225
0
LINE
8
BLACK
6
CONTINUOUS
10
5.7272717322834641
20
-4.2995686614173225
11
5.7272432677165357
21
-4.2994647637795271
0
LINE
8
BLACK
6
CONTINUOUS
10
5.7272432677165357
20
-4.2994647637795271
11
5.7272083858267715
21
-4.2994298818897638
0
LINE
8
BLACK
6
CONTINUOUS
10
5.7272083858267715
20
-4.2994298818897638
11
5.7271411023622045
21
-4.299091692913386
0
LINE
8
BLACK
6
CONTINUOUS
10
5.7271411023622045
20
-4.299091692913386
11
5.7270501574803152
21
-4.2987595669291334
0
LINE
8
BLACK
6
CONTINUOUS
10
5.7270501574803152
20
-4.2987595669291334
11
5.7270657086614172
21
-4.2987127952755904
0
LINE
8
BLACK
6
CONTINUOUS
10
5.7270657086614172
20
-4.2987127952755904
11
5.7270447244094491
21
-4.298607125984252
0
LINE
8
BLACK
6
CONTINUOUS
10
5.7270447244094491
20
-4.298607125984252
11
5.7270447244094491
21
-4.2939166535433069
0
LINE
8
BLACK
6
CONTINUOUS
10
5.7270447244094491
20
-4.2939166535433069
11
5.7270657086614172
21
-4.2938109448818897
0
LINE
8
BLACK
6
CONTINUOUS
10
5.7270657086614172
20
-4.2938109448818897
11
5.7270501574803152
21
-4.2937642125984254
0
LINE
8
BLACK
6
CONTINUOUS
10
5.7270501574803152
20
-4.2937642125984254
11
5.7270780314960632
21
-4.2936623622047243
0
LINE
8
BLACK
6
CONTINUOUS
10
5.7270780314960632
20
-4.2936623622047243
11
5.7238399606299213
21
-4.2939861811023619
0
LINE
8
BLACK
6
CONTINUOUS
10
5.7238399606299213
20
-4.2939861811023619
11
5.7238399606299213
21
-4.3014214173228345
0
LINE
8
BLACK
6
CONTINUOUS
10
5.7238399606299213
20
-4.3014214173228345
11
5.723676299212598
21
-4.3022441732283463
0
LINE
8
BLACK
6
CONTINUOUS
10
5.723676299212598
20
-4.3022441732283463
11
5.7225127165354328
21
-4.3034077559055115
0
LINE
8
BLACK
6
CONTINUOUS
10
5.7225127165354328
20
-4.3034077559055115
11
5.7208672047244091
21
-4.3034077559055115
0
LINE
8
BLACK
6
CONTINUOUS
10
5.7208672047244091
20
-4.3034077559055115
11
5.7197036220472439
21
-4.3022441732283463
0
LINE
8
BLACK
6
CONTINUOUS
10
5.7197036220472439
20
-4.3022441732283463
11
5.7195399606299215
21
-4.3014214173228345
0
LINE
8
BLACK
6
CONTINUOUS
10
5.7195399606299215
20
-4.3014214173228345
11
5.7195399606299215
21
-4.2920404724409451
0
LINE
8
BLACK
6
CONTINUOUS
10
5.7195399606299215
20
-4.2920404724409451
11
5.7196422440944881
21
-4.2915260629921255
0
LINE
8
BLACK
6
CONTINUOUS
10
5.7196422440944881
20
-4.2915260629921255
11
5.7196316141732284
21
-4.2914194488188979
0
LINE
8
BLACK
6
CONTINUOUS
10
5.7196316141732284
20
-4.2914194488188979
11
5.7196737007874017
21
-4.2913679527559054
0
LINE
8
BLACK
6
CONTINUOUS
10
5.7196737007874017
20
-4.2913679527559054
11
5.7197036220472439
21
-4.2912177165354333
0
LINE
8
BLACK
6
CONTINUOUS
10
5.7197036220472439
20
-4.2912177165354333
11
5.7202153149606296
21
-4.2907059842519688
0
LINE
8
BLACK
6
CONTINUOUS
10
5.7202153149606296
20
-4.2907059842519688
11
5.7206736220472436
21
-4.2901458661417324
0
LINE
8
BLACK
6
CONTINUOUS
10
5.7206736220472436
20
-4.2901458661417324
11
5.7208201574803148
21
-4.2901011417322836
0
LINE
8
BLACK
6
CONTINUOUS
10
5.7208201574803148
20
-4.2901011417322836
11
5.7208672047244091
21
-4.2900541338582681
0
LINE
8
BLACK
6
CONTINUOUS
10
5.7208672047244091
20
-4.2900541338582681
11
5.7209744094488189
21
-4.2900541338582681
0
LINE
8
BLACK
6
CONTINUOUS
10
5.7209744094488189
20
-4.2900541338582681
11
5.7214760236220474
21
-4.2899011417322832
0
LINE
8
BLACK
6
CONTINUOUS
10
5.7214760236220474
20
-4.2899011417322832
11
5.7308569685039368
21
-4.2889630314960625
0
LINE
8
BLACK
6
CONTINUOUS
10
5.7308569685039368
20
-4.2889630314960625
11
5.7316918897637796
21
-4.289044015748031
0
LINE
8
BLACK
6
CONTINUOUS
10
5.7111812992125985
20
-4.2764685826771656
11
5.7112280708661416
21
-4.2764530314960627
0
LINE
8
BLACK
6
CONTINUOUS
10
5.7112280708661416
20
-4.2764530314960627
11
5.7115603149606295
21
-4.2765439763779529
0
LINE
8
BLACK
6
CONTINUOUS
10
5.7115603149606295
20
-4.2765439763779529
11
5.7118984251968499
21
-4.2766112598425199
0
LINE
8
BLACK
6
CONTINUOUS
10
5.7118984251968499
20
-4.2766112598425199
11
5.7119332677165353
21
-4.2766461023622044
0
LINE
8
BLACK
6
CONTINUOUS
10
5.7119332677165353
20
-4.2766461023622044
11
5.7120371653543307
21
-4.2766745669291337
0
LINE
8
BLACK
6
CONTINUOUS
10
5.7120371653543307
20
-4.2766745669291337
11
5.7139133858267712
21
-4.2776126377952757
0
LINE
8
BLACK
6
CONTINUOUS
10
5.7139133858267712
20
-4.2776126377952757
11
5.714251574803149
21
-4.2778751181102361
0
LINE
8
BLACK
6
CONTINUOUS
10
5.714251574803149
20
-4.2778751181102361
11
5.7143605905511814
21
-4.2779114566929133
0
LINE
8
BLACK
6
CONTINUOUS
10
5.7143605905511814
20
-4.2779114566929133
11
5.7144547244094488
21
-4.2780327952755908
0
LINE
8
BLACK
6
CONTINUOUS
10
5.7144547244094488
20
-4.2780327952755908
11
5.714576102362205
21
-4.2781269685039369
0
LINE
8
BLACK
6
CONTINUOUS
10
5.714576102362205
20
-4.2781269685039369
11
5.7146124015748034
21
-4.2782359448818896
0
LINE
8
BLACK
6
CONTINUOUS
10
5.7146124015748034
20
-4.2782359448818896
11
5.7148749212598426
21
-4.2785741732283462
0
LINE
8
BLACK
6
CONTINUOUS
10
5.7148749212598426
20
-4.2785741732283462
11
5.7158129921259837
21
-4.2804503543307089
0
LINE
8
BLACK
6
CONTINUOUS
10
5.7158129921259837
20
-4.2804503543307089
11
5.7158414173228342
21
-4.2805542125984255
0
LINE
8
BLACK
6
CONTINUOUS
10
5.7158414173228342
20
-4.2805542125984255
11
5.7158762992125984
21
-4.2805890944881888
0
LINE
8
BLACK
6
CONTINUOUS
10
5.7158762992125984
20
-4.2805890944881888
11
5.7159434645669291
21
-4.2809268503937004
0
LINE
8
BLACK
6
CONTINUOUS
10
5.7159434645669291
20
-4.2809268503937004
11
5.7160345669291335
21
-4.281259448818898
0
LINE
8
BLACK
6
CONTINUOUS
10
5.7160345669291335
20
-4.281259448818898
11
5.716018937007874
21
-4.2813062598425198
0
LINE
8
BLACK
6
CONTINUOUS
10
5.716018937007874
20
-4.2813062598425198
11
5.7160399606299208
21
-4.2814118503937006
0
LINE
8
BLACK
6
CONTINUOUS
10
5.7160399606299208
20
-4.2814118503937006
11
5.7160399606299208
21
-4.2842261417322831
0
LINE
8
BLACK
6
CONTINUOUS
10
5.7160399606299208
20
-4.2842261417322831
11
5.716018937007874
21
-4.2843316929133861
0
LINE
8
BLACK
6
CONTINUOUS
10
5.716018937007874
20
-4.2843316929133861
11
5.7160345669291335
21
-4.2843785039370079
0
LINE
8
BLACK
6
CONTINUOUS
10
5.7160345669291335
20
-4.2843785039370079
11
5.7159435039370079
21
-4.2847109448818896
0
LINE
8
BLACK
6
CONTINUOUS
10
5.7159435039370079
20
-4.2847109448818896
11
5.7158762992125984
21
-4.285048897637795
0
LINE
8
BLACK
6
CONTINUOUS
10
5.7158762992125984
20
-4.285048897637795
11
5.7158414173228342
21
-4.2850837401574804
0
LINE
8
BLACK
6
CONTINUOUS
10
5.7158414173228342
20
-4.2850837401574804
11
5.7158129921259837
21
-4.285187598425197
0
LINE
8
BLACK
6
CONTINUOUS
10
5.7158129921259837
20
-4.285187598425197
11
5.7154907480314963
21
-4.2858321259842516
0
LINE
8
BLACK
6
CONTINUOUS
10
5.7154907480314963
20
-4.2858321259842516
11
5.7158762992125984
21
-4.2862176771653546
0
LINE
8
BLACK
6
CONTINUOUS
10
5.7158762992125984
20
-4.2862176771653546
11
5.7158762992125984
21
-4.2878631889763774
0
LINE
8
BLACK
6
CONTINUOUS
10
5.7158762992125984
20
-4.2878631889763774
11
5.7147127165354332
21
-4.2890267716535435
0
LINE
8
BLACK
6
CONTINUOUS
10
5.7147127165354332
20
-4.2890267716535435
11
5.7138899606299214
21
-4.2891904330708659
0
LINE
8
BLACK
6
CONTINUOUS
10
5.7138899606299214
20
-4.2891904330708659
11
5.700756614173228
21
-4.2891904330708659
0
LINE
8
BLACK
6
CONTINUOUS
10
5.700756614173228
20
-4.2891904330708659
11
5.6999338582677161
21
-4.2890267716535435
0
LINE
8
BLACK
6
CONTINUOUS
10
5.6999338582677161
20
-4.2890267716535435
11
5.6987702755905509
21
-4.2878631889763774
0
LINE
8
BLACK
6
CONTINUOUS
10
5.6987702755905509
20
-4.2878631889763774
11
5.6987702755905509
21
-4.2862176771653546
0
LINE
8
BLACK
6
CONTINUOUS
10
5.6987702755905509
20
-4.2862176771653546
11
5.6999338582677161
21
-4.2850540944881885
0
LINE
8
BLACK
6
CONTINUOUS
10
5.6999338582677161
20
-4.2850540944881885
11
5.700756614173228
21
-4.2848904330708661
0
LINE
8
BLACK
6
CONTINUOUS
10
5.700756614173228
20
-4.2848904330708661
11
5.7111232677165349
21
-4.2848904330708661
0
LINE
8
BLACK
6
CONTINUOUS
10
5.7111232677165349
20
-4.2848904330708661
11
5.7111848425196845
21
-4.284828779527559
0
LINE
8
BLACK
6
CONTINUOUS
10
5.7111848425196845
20
-4.284828779527559
11
5.7117399606299211
21
-4.2837185826771655
0
LINE
8
BLACK
6
CONTINUOUS
10
5.7117399606299211
20
-4.2837185826771655
11
5.7117399606299211
21
-4.2819193700787404
0
LINE
8
BLACK
6
CONTINUOUS
10
5.7117399606299211
20
-4.2819193700787404
11
5.7113493307086616
21
-4.2811381496062992
0
LINE
8
BLACK
6
CONTINUOUS
10
5.7113493307086616
20
-4.2811381496062992
11
5.7105681496062992
21
-4.2807475984251964
0
LINE
8
BLACK
6
CONTINUOUS
10
5.7105681496062992
20
-4.2807475984251964
11
5.700756614173228
21
-4.2807475984251964
0
LINE
8
BLACK
6
CONTINUOUS
10
5.700756614173228
20
-4.2807475984251964
11
5.6999338582677161
21
-4.280583937007874
0
LINE
8
BLACK
6
CONTINUOUS
10
5.6999338582677161
20
-4.280583937007874
11
5.6987702755905509
21
-4.2794203543307088
0
LINE
8
BLACK
6
CONTINUOUS
10
5.6987702755905509
20
-4.2794203543307088
11
5.6987702755905509
21
-4.2777748425196851
0
LINE
8
BLACK
6
CONTINUOUS
10
5.6987702755905509
20
-4.2777748425196851
11
5.6999338582677161
21
-4.2766112598425199
0
LINE
8
BLACK
6
CONTINUOUS
10
5.6999338582677161
20
-4.2766112598425199
11
5.700756614173228
21
-4.2764475984251966
0
LINE
8
BLACK
6
CONTINUOUS
10
5.700756614173228
20
-4.2764475984251966
11
5.711075669291338
21
-4.2764475984251966
0
LINE
8
BLACK
6
CONTINUOUS
10
5.711075669291338
20
-4.2764475984251966
11
5.7111812992125985
21
-4.2764685826771656
0
LINE
8
BLACK
6
CONTINUOUS
10
5.7433762992125983
20
-4.2705796062992123
11
5.7435399606299216
21
-4.2714023622047241
0
LINE
8
BLACK
6
CONTINUOUS
10
5.7435399606299216
20
-4.2714023622047241
11
5.7435399606299216
21
-4.2835975984251968
0
LINE
8
BLACK
6
CONTINUOUS
10
5.7435399606299216
20
-4.2835975984251968
11
5.7433762992125983
21
-4.2844203543307087
0
LINE
8
BLACK
6
CONTINUOUS
10
5.7433762992125983
20
-4.2844203543307087
11
5.7422127165354331
21
-4.2855839370078739
0
LINE
8
BLACK
6
CONTINUOUS
10
5.7422127165354331
20
-4.2855839370078739
11
5.7405672047244094
21
-4.2855839370078739
0
LINE
8
BLACK
6
CONTINUOUS
10
5.7405672047244094
20
-4.2855839370078739
11
5.7394036220472442
21
-4.2844203543307087
0
LINE
8
BLACK
6
CONTINUOUS
10
5.7394036220472442
20
-4.2844203543307087
11
5.7392399606299209
21
-4.2835975984251968
0
LINE
8
BLACK
6
CONTINUOUS
10
5.7392399606299209
20
-4.2835975984251968
11
5.7392399606299209
21
-4.2765929133858265
0
LINE
8
BLACK
6
CONTINUOUS
10
5.7392399606299209
20
-4.2765929133858265
11
5.7316531102362207
21
-4.2841798031496063
0
LINE
8
BLACK
6
CONTINUOUS
10
5.7316531102362207
20
-4.2841798031496063
11
5.7315635039370081
21
-4.2842396456692908
0
LINE
8
BLACK
6
CONTINUOUS
10
5.7315635039370081
20
-4.2842396456692908
11
5.7315414566929128
21
-4.2842837795275592
0
LINE
8
BLACK
6
CONTINUOUS
10
5.7315414566929128
20
-4.2842837795275592
11
5.7312422834645664
21
-4.2844542913385828
0
LINE
8
BLACK
6
CONTINUOUS
10
5.7312422834645664
20
-4.2844542913385828
11
5.7309556299212598
21
-4.2846458661417319
0
LINE
8
BLACK
6
CONTINUOUS
10
5.7309556299212598
20
-4.2846458661417319
11
5.7309062598425191
21
-4.2846458661417319
0
LINE
8
BLACK
6
CONTINUOUS
10
5.7309062598425191
20
-4.2846458661417319
11
5.7308126771653543
21
-4.2846992125984249
0
LINE
8
BLACK
6
CONTINUOUS
10
5.7308126771653543
20
-4.2846992125984249
11
5.7279984251968505
21
-4.2856372834645668
0
LINE
8
BLACK
6
CONTINUOUS
10
5.7279984251968505
20
-4.2856372834645668
11
5.7276564960629921
21
-4.2856803543307089
0
LINE
8
BLACK
6
CONTINUOUS
10
5.7276564960629921
20
-4.2856803543307089
11
5.7273185433070868
21
-4.2857475984251971
0
LINE
8
BLACK
6
CONTINUOUS
10
5.7273185433070868
20
-4.2857475984251971
11
5.7254423622047241
21
-4.2857475984251971
0
LINE
8
BLACK
6
CONTINUOUS
10
5.7254423622047241
20
-4.2857475984251971
11
5.7253367716535433
21
-4.2857265748031494
0
LINE
8
BLACK
6
CONTINUOUS
10
5.7253367716535433
20
-4.2857265748031494
11
5.7252900000000002
21
-4.2857422047244089
0
LINE
8
BLACK
6
CONTINUOUS
10
5.7252900000000002
20
-4.2857422047244089
11
5.7249575196850389
21
-4.2856511417322833
0
LINE
8
BLACK
6
CONTINUOUS
10
5.7249575196850389
20
-4.2856511417322833
11
5.7246196062992123
21
-4.2855839370078739
0
LINE
8
BLACK
6
CONTINUOUS
10
5.7246196062992123
20
-4.2855839370078739
11
5.724584724409449
21
-4.2855490551181106
0
LINE
8
BLACK
6
CONTINUOUS
10
5.724584724409449
20
-4.2855490551181106
11
5.7244809055118111
21
-4.28552062992126
0
LINE
8
BLACK
6
CONTINUOUS
10
5.7244809055118111
20
-4.28552062992126
11
5.7226046456692909
21
-4.2845825590551181
0
LINE
8
BLACK
6
CONTINUOUS
10
5.7226046456692909
20
-4.2845825590551181
11
5.7223323622047246
21
-4.2843712204724405
0
LINE
8
BLACK
6
CONTINUOUS
10
5.7223323622047246
20
-4.2843712204724405
11
5.7220458267716534
21
-4.2841797637795276
0
LINE
8
BLACK
6
CONTINUOUS
10
5.7220458267716534
20
-4.2841797637795276
11
5.7211077559055115
21
-4.2832416535433069
0
LINE
8
BLACK
6
CONTINUOUS
10
5.7211077559055115
20
-4.2832416535433069
11
5.7209164566929136
21
-4.2829553149606294
0
LINE
8
BLACK
6
CONTINUOUS
10
5.7209164566929136
20
-4.2829553149606294
11
5.7207050393700785
21
-4.2826829527559056
0
LINE
8
BLACK
6
CONTINUOUS
10
5.7207050393700785
20
-4.2826829527559056
11
5.7197669685039365
21
-4.280806771653543
0
LINE
8
BLACK
6
CONTINUOUS
10
5.7197669685039365
20
-4.280806771653543
11
5.7197385039370081
21
-4.2807028740157476
0
LINE
8
BLACK
6
CONTINUOUS
10
5.7197385039370081
20
-4.2807028740157476
11
5.7197036220472439
21
-4.2806679921259843
0
LINE
8
BLACK
6
CONTINUOUS
10
5.7197036220472439
20
-4.2806679921259843
11
5.7196363385826769
21
-4.2803298031496064
0
LINE
8
BLACK
6
CONTINUOUS
10
5.7196363385826769
20
-4.2803298031496064
11
5.7195453937007876
21
-4.2799976771653538
0
LINE
8
BLACK
6
CONTINUOUS
10
5.7195453937007876
20
-4.2799976771653538
11
5.7195609448818896
21
-4.2799509055118108
0
LINE
8
BLACK
6
CONTINUOUS
10
5.7195609448818896
20
-4.2799509055118108
11
5.7195399606299215
21
-4.2798452362204724
0
LINE
8
BLACK
6
CONTINUOUS
10
5.7195399606299215
20
-4.2798452362204724
11
5.7195399606299215
21
-4.2751547637795273
0
LINE
8
BLACK
6
CONTINUOUS
10
5.7195399606299215
20
-4.2751547637795273
11
5.7195609448818896
21
-4.2750490551181102
0
LINE
8
BLACK
6
CONTINUOUS
10
5.7195609448818896
20
-4.2750490551181102
11
5.7195453937007876
21
-4.2750023228346459
0
LINE
8
BLACK
6
CONTINUOUS
10
5.7195453937007876
20
-4.2750023228346459
11
5.7196363385826769
21
-4.2746701574803145
0
LINE
8
BLACK
6
CONTINUOUS
10
5.7196363385826769
20
-4.2746701574803145
11
5.7197036220472439
21
-4.2743320078740155
0
LINE
8
BLACK
6
CONTINUOUS
10
5.7197036220472439
20
-4.2743320078740155
11
5.7197385039370081
21
-4.2742970866141734
0
LINE
8
BLACK
6
CONTINUOUS
10
5.7197385039370081
20
-4.2742970866141734
11
5.7197669685039365
21
-4.2741932283464568
0
LINE
8
BLACK
6
CONTINUOUS
10
5.7197669685039365
20
-4.2741932283464568
11
5.7207050393700785
21
-4.2723170472440941
0
LINE
8
BLACK
6
CONTINUOUS
10
5.7207050393700785
20
-4.2723170472440941
11
5.7209164566929136
21
-4.2720446456692915
0
LINE
8
BLACK
6
CONTINUOUS
10
5.7209164566929136
20
-4.2720446456692915
11
5.7211077559055115
21
-4.2717583464566928
0
LINE
8
BLACK
6
CONTINUOUS
10
5.7211077559055115
20
-4.2717583464566928
11
5.7220458267716534
21
-4.2708202362204721
0
LINE
8
BLACK
6
CONTINUOUS
10
5.7220458267716534
20
-4.2708202362204721
11
5.7227433070866143
21
-4.2703541732283465
0
LINE
8
BLACK
6
CONTINUOUS
10
5.7227433070866143
20
-4.2703541732283465
11
5.7243888582677167
21
-4.2703541338582678
0
LINE
8
BLACK
6
CONTINUOUS
10
5.7243888582677167
20
-4.2703541338582678
11
5.7255524409448819
21
-4.2715176771653542
0
LINE
8
BLACK
6
CONTINUOUS
10
5.7255524409448819
20
-4.2715176771653542
11
5.7255524803149607
21
-4.2731632283464567
0
LINE
8
BLACK
6
CONTINUOUS
10
5.7255524803149607
20
-4.2731632283464567
11
5.7250864566929129
21
-4.2738607086614175
0
LINE
8
BLACK
6
CONTINUOUS
10
5.7250864566929129
20
-4.2738607086614175
11
5.7243950393700782
21
-4.2745521259842523
0
LINE
8
BLACK
6
CONTINUOUS
10
5.7243950393700782
20
-4.2745521259842523
11
5.7238399606299213
21
-4.275662283464567
0
LINE
8
BLACK
6
CONTINUOUS
10
5.7238399606299213
20
-4.275662283464567
11
5.7238399606299213
21
-4.279337677165354
0
LINE
8
BLACK
6
CONTINUOUS
10
5.7238399606299213
20
-4.279337677165354
11
5.7243950393700782
21
-4.2804478346456696
0
LINE
8
BLACK
6
CONTINUOUS
10
5.7243950393700782
20
-4.2804478346456696
11
5.7248396850393704
21
-4.2808924803149608
0
LINE
8
BLACK
6
CONTINUOUS
10
5.7248396850393704
20
-4.2808924803149608
11
5.7259499212598426
21
-4.2814475984251965
0
LINE
8
BLACK
6
CONTINUOUS
10
5.7259499212598426
20
-4.2814475984251965
11
5.7269696062992121
21
-4.2814475984251965
0
LINE
8
BLACK
6
CONTINUOUS
10
5.7269696062992121
20
-4.2814475984251965
11
5.7289714566929133
21
-4.2807803149606301
0
LINE
8
BLACK
6
CONTINUOUS
10
5.7289714566929133
20
-4.2807803149606301
11
5.7398696850393698
21
-4.2698820866141736
0
LINE
8
BLACK
6
CONTINUOUS
10
5.7398696850393698
20
-4.2698820866141736
11
5.7405671653543306
21
-4.2694160236220471
0
LINE
8
BLACK
6
CONTINUOUS
10
5.7405671653543306
20
-4.2694160236220471
11
5.7422127165354331
21
-4.2694160236220471
0
LINE
8
BLACK
6
CONTINUOUS
10
5.7422127165354331
20
-4.2694160236220471
11
5.7433762992125983
21
-4.2705796062992123
0
LINE
8
BLACK
6
CONTINUOUS
10
5.7066436220472436
20
-4.2567989763779526
11
5.7069066535433066
21
-4.2568118110236224
0
LINE
8
BLACK
6
CONTINUOUS
10
5.7069066535433066
20
-4.2568118110236224
11
5.7106590551181098
21
-4.2577498818897634
0
LINE
8
BLACK
6
CONTINUOUS
10
5.7106590551181098
20
-4.2577498818897634
11
5.7108720078740154
21
-4.2578504724409445
0
LINE
8
BLACK
6
CONTINUOUS
10
5.7108720078740154
20
-4.2578504724409445
11
5.7110990944881888
21
-4.2579126771653542
0
LINE
8
BLACK
6
CONTINUOUS
10
5.7110990944881888
20
-4.2579126771653542
11
5.7129752755905514
21
-4.2588507480314961
0
LINE
8
BLACK
6
CONTINUOUS
10
5.7129752755905514
20
-4.2588507480314961
11
5.713247519685039
21
-4.2590620472440941
0
LINE
8
BLACK
6
CONTINUOUS
10
5.713247519685039
20
-4.2590620472440941
11
5.7135340551181102
21
-4.2592535039370079
0
LINE
8
BLACK
6
CONTINUOUS
10
5.7135340551181102
20
-4.2592535039370079
11
5.7144721653543309
21
-4.2601916141732286
0
LINE
8
BLACK
6
CONTINUOUS
10
5.7144721653543309
20
-4.2601916141732286
11
5.7146635039370075
21
-4.2604779921259839
0
LINE
8
BLACK
6
CONTINUOUS
10
5.7146635039370075
20
-4.2604779921259839
11
5.7148749212598426
21
-4.2607503937007873
0
LINE
8
BLACK
6
CONTINUOUS
10
5.7148749212598426
20
-4.2607503937007873
11
5.7158129921259837
21
-4.2626265748031491
0
LINE
8
BLACK
6
CONTINUOUS
10
5.7158129921259837
20
-4.2626265748031491
11
5.7158414173228342
21
-4.2627304330708657
0
LINE
8
BLACK
6
CONTINUOUS
10
5.7158414173228342
20
-4.2627304330708657
11
5.7158762992125984
21
-4.2627653149606299
0
LINE
8
BLACK
6
CONTINUOUS
10
5.7158762992125984
20
-4.2627653149606299
11
5.7159434645669291
21
-4.2631030708661415
0
LINE
8
BLACK
6
CONTINUOUS
10
5.7159434645669291
20
-4.2631030708661415
11
5.7160345669291335
21
-4.2634356692913382
0
LINE
8
BLACK
6
CONTINUOUS
10
5.7160345669291335
20
-4.2634356692913382
11
5.716018937007874
21
-4.2634824803149609
0
LINE
8
BLACK
6
CONTINUOUS
10
5.716018937007874
20
-4.2634824803149609
11
5.7160399606299208
21
-4.2635880708661418
0
LINE
8
BLACK
6
CONTINUOUS
10
5.7160399606299208
20
-4.2635880708661418
11
5.7160399606299208
21
-4.2654642519685035
0
LINE
8
BLACK
6
CONTINUOUS
10
5.7160399606299208
20
-4.2654642519685035
11
5.716018937007874
21
-4.2655698031496065
0
LINE
8
BLACK
6
CONTINUOUS
10
5.716018937007874
20
-4.2655698031496065
11
5.7160345669291335
21
-4.2656166141732283
0
LINE
8
BLACK
6
CONTINUOUS
10
5.7160345669291335
20
-4.2656166141732283
11
5.7159435039370079
21
-4.2659490551181101
0
LINE
8
BLACK
6
CONTINUOUS
10
5.7159435039370079
20
-4.2659490551181101
11
5.7158762992125984
21
-4.2662870078740154
0
LINE
8
BLACK
6
CONTINUOUS
10
5.7158762992125984
20
-4.2662870078740154
11
5.7158414173228342
21
-4.2663218503937008
0
LINE
8
BLACK
6
CONTINUOUS
10
5.7158414173228342
20
-4.2663218503937008
11
5.7158129921259837
21
-4.2664257086614175
0
LINE
8
BLACK
6
CONTINUOUS
10
5.7158129921259837
20
-4.2664257086614175
11
5.7148749212598426
21
-4.2683019685039367
0
LINE
8
BLACK
6
CONTINUOUS
10
5.7148749212598426
20
-4.2683019685039367
11
5.714663582677165
21
-4.2685742125984252
0
LINE
8
BLACK
6
CONTINUOUS
10
5.714663582677165
20
-4.2685742125984252
11
5.7144721259842521
21
-4.2688607874015743
0
LINE
8
BLACK
6
CONTINUOUS
10
5.7144721259842521
20
-4.2688607874015743
11
5.7135340157480314
21
-4.2697988582677162
0
LINE
8
BLACK
6
CONTINUOUS
10
5.7135340157480314
20
-4.2697988582677162
11
5.713247677165354
21
-4.2699901181102362
0
LINE
8
BLACK
6
CONTINUOUS
10
5.713247677165354
20
-4.2699901181102362
11
5.7129753149606302
21
-4.2702015748031492
0
LINE
8
BLACK
6
CONTINUOUS
10
5.7129753149606302
20
-4.2702015748031492
11
5.7110991338582675
21
-4.2711396456692912
0
LINE
8
BLACK
6
CONTINUOUS
10
5.7110991338582675
20
-4.2711396456692912
11
5.7108720472440941
21
-4.2712018110236221
0
LINE
8
BLACK
6
CONTINUOUS
10
5.7108720472440941
20
-4.2712018110236221
11
5.710659015748031
21
-4.2713024803149606
0
LINE
8
BLACK
6
CONTINUOUS
10
5.710659015748031
20
-4.2713024803149606
11
5.7069066141732279
21
-4.2722405511811026
0
LINE
8
BLACK
6
CONTINUOUS
10
5.7069066141732279
20
-4.2722405511811026
11
5.7066434645669286
21
-4.2722533464566927
0
LINE
8
BLACK
6
CONTINUOUS
10
5.7066434645669286
20
-4.2722533464566927
11
5.7063851968503938
21
-4.272304724409449
0
LINE
8
BLACK
6
CONTINUOUS
10
5.7063851968503938
20
-4.272304724409449
11
5.7016947244094487
21
-4.272304724409449
0
LINE
8
BLACK
6
CONTINUOUS
10
5.7016947244094487
20
-4.272304724409449
11
5.701436456692913
21
-4.2722533464566927
0
LINE
8
BLACK
6
CONTINUOUS
10
5.701436456692913
20
-4.2722533464566927
11
5.701173267716535
21
-4.2722405511811026
0
LINE
8
BLACK
6
CONTINUOUS
10
5.701173267716535
20
-4.2722405511811026
11
5.6974209055118106
21
-4.2713024803149606
0
LINE
8
BLACK
6
CONTINUOUS
10
5.6974209055118106
20
-4.2713024803149606
11
5.6972079133858262
21
-4.2712018503937008
0
LINE
8
BLACK
6
CONTINUOUS
10
5.6972079133858262
20
-4.2712018503937008
11
5.6969808661417325
21
-4.2711396850393699
0
LINE
8
BLACK
6
CONTINUOUS
10
5.6969808661417325
20
-4.2711396850393699
11
5.6951046456692911
21
-4.2702015748031492
0
LINE
8
BLACK
6
CONTINUOUS
10
5.6951046456692911
20
-4.2702015748031492
11
5.6948322047244098
21
-4.2699901181102362
0
LINE
8
BLACK
6
CONTINUOUS
10
5.6948322047244098
20
-4.2699901181102362
11
5.6945458661417323
21
-4.2697988188976375
0
LINE
8
BLACK
6
CONTINUOUS
10
5.6945458661417323
20
-4.2697988188976375
11
5.6936077952755904
21
-4.2688607480314964
0
LINE
8
BLACK
6
CONTINUOUS
10
5.6936077952755904
20
-4.2688607480314964
11
5.6934163385826766
21
-4.2685742125984252
0
LINE
8
BLACK
6
CONTINUOUS
10
5.6934163385826766
20
-4.2685742125984252
11
5.6932050393700786
21
-4.2683019685039367
0
LINE
8
BLACK
6
CONTINUOUS
10
5.6932050393700786
20
-4.2683019685039367
11
5.6922669291338579
21
-4.2664257480314962
0
LINE
8
BLACK
6
CONTINUOUS
10
5.6922669291338579
20
-4.2664257480314962
11
5.6922384645669286
21
-4.2663218503937008
0
LINE
8
BLACK
6
CONTINUOUS
10
5.6922384645669286
20
-4.2663218503937008
11
5.6922036220472441
21
-4.2662870078740154
0
LINE
8
BLACK
6
CONTINUOUS
10
5.6922036220472441
20
-4.2662870078740154
11
5.6921363779527558
21
-4.2659489763779526
0
LINE
8
BLACK
6
CONTINUOUS
10
5.6921363779527558
20
-4.2659489763779526
11
5.6920453937007869
21
-4.2656166929133859
0
LINE
8
BLACK
6
CONTINUOUS
10
5.6920453937007869
20
-4.2656166929133859
11
5.6920609448818897
21
-4.2655699212598428
0
LINE
8
BLACK
6
CONTINUOUS
10
5.6920609448818897
20
-4.2655699212598428
11
5.6920399606299208
21
-4.2654642519685035
0
LINE
8
BLACK
6
CONTINUOUS
10
5.6920399606299208
20
-4.2654642519685035
11
5.6920399606299208
21
-4.2635880708661418
0
LINE
8
BLACK
6
CONTINUOUS
10
5.6920399606299208
20
-4.2635880708661418
11
5.6920609448818897
21
-4.2634823622047247
0
LINE
8
BLACK
6
CONTINUOUS
10
5.6920609448818897
20
-4.2634823622047247
11
5.6920453937007869
21
-4.2634356299212595
0
LINE
8
BLACK
6
CONTINUOUS
10
5.6920453937007869
20
-4.2634356299212595
11
5.6921363385826771
21
-4.263103464566929
0
LINE
8
BLACK
6
CONTINUOUS
10
5.6921363385826771
20
-4.263103464566929
11
5.6922036220472441
21
-4.2627653149606299
0
LINE
8
BLACK
6
CONTINUOUS
10
5.6922036220472441
20
-4.2627653149606299
11
5.6922385039370074
21
-4.262730393700787
0
LINE
8
BLACK
6
CONTINUOUS
10
5.6922385039370074
20
-4.262730393700787
11
5.6922669685039367
21
-4.2626265354330704
0
LINE
8
BLACK
6
CONTINUOUS
10
5.6922669685039367
20
-4.2626265354330704
11
5.6932050393700786
21
-4.2607503543307086
0
LINE
8
BLACK
6
CONTINUOUS
10
5.6932050393700786
20
-4.2607503543307086
11
5.6934164566929129
21
-4.2604779527559051
0
LINE
8
BLACK
6
CONTINUOUS
10
5.6934164566929129
20
-4.2604779527559051
11
5.6936077559055116
21
-4.2601916535433073
0
LINE
8
BLACK
6
CONTINUOUS
10
5.6936077559055116
20
-4.2601916535433073
11
5.6945458267716536
21
-4.2592535433070866
0
LINE
8
BLACK
6
CONTINUOUS
10
5.6945458267716536
20
-4.2592535433070866
11
5.6948323622047239
21
-4.2590620472440941
0
LINE
8
BLACK
6
CONTINUOUS
10
5.6948323622047239
20
-4.2590620472440941
11
5.6951046456692911
21
-4.2588507480314961
0
LINE
8
BLACK
6
CONTINUOUS
10
5.6951046456692911
20
-4.2588507480314961
11
5.6969809055118112
21
-4.2579126771653542
0
LINE
8
BLACK
6
CONTINUOUS
10
5.6969809055118112
20
-4.2579126771653542
11
5.6972080314960625
21
-4.2578504724409445
0
LINE
8
BLACK
6
CONTINUOUS
10
5.6972080314960625
20
-4.2578504724409445
11
5.6974209055118106
21
-4.2577499212598422
0
LINE
8
BLACK
6
CONTINUOUS
10
5.6974209055118106
20
-4.2577499212598422
11
5.7011732283464562
21
-4.2568118110236224
0
LINE
8
BLACK
6
CONTINUOUS
10
5.7011732283464562
20
-4.2568118110236224
11
5.7014362598425192
21
-4.2567989763779526
0
LINE
8
BLACK
6
CONTINUOUS
10
5.7014362598425192
20
-4.2567989763779526
11
5.7016947244094487
21
-4.2567475984251963
0
LINE
8
BLACK
6
CONTINUOUS
10
5.7016947244094487
20
-4.2567475984251963
11
5.7063851968503938
21
-4.2567475984251963
0
LINE
8
BLACK
6
CONTINUOUS
10
5.7063851968503938
20
-4.2567475984251963
11
5.7066436220472436
21
-4.2567989763779526
0
LINE
8
BLACK
6
CONTINUOUS
10
5.6986928346456693
20
-4.2618642125984252
11
5.6973396850393696
21
-4.2625407874015746
0
LINE
8
BLACK
6
CONTINUOUS
10
5.6973396850393696
20
-4.2625407874015746
11
5.6968950393700784
21
-4.2629854330708659
0
LINE
8
BLACK
6
CONTINUOUS
10
5.6968950393700784
20
-4.2629854330708659
11
5.6963399606299214
21
-4.2640955905511806
0
LINE
8
BLACK
6
CONTINUOUS
10
5.6963399606299214
20
-4.2640955905511806
11
5.6963399606299214
21
-4.264956692913386
0
LINE
8
BLACK
6
CONTINUOUS
10
5.6963399606299214
20
-4.264956692913386
11
5.6968950787401571
21
-4.2660669291338582
0
LINE
8
BLACK
6
CONTINUOUS
10
5.6968950787401571
20
-4.2660669291338582
11
5.6973396850393696
21
-4.2665115354330707
0
LINE
8
BLACK
6
CONTINUOUS
10
5.6973396850393696
20
-4.2665115354330707
11
5.6986926771653543
21
-4.2671880314960626
0
LINE
8
BLACK
6
CONTINUOUS
10
5.6986926771653543
20
-4.2671880314960626
11
5.7019594488188972
21
-4.2680047244094483
0
LINE
8
BLACK
6
CONTINUOUS
10
5.7019594488188972
20
-4.2680047244094483
11
5.7061204724409444
21
-4.2680047244094483
0
LINE
8
BLACK
6
CONTINUOUS
10
5.7061204724409444
20
-4.2680047244094483
11
5.7093872834645669
21
-4.2671879921259839
0
LINE
8
BLACK
6
CONTINUOUS
10
5.7093872834645669
20
-4.2671879921259839
11
5.7107401968503932
21
-4.2665115354330707
0
LINE
8
BLACK
6
CONTINUOUS
10
5.7107401968503932
20
-4.2665115354330707
11
5.7111848425196845
21
-4.2660668897637795
0
LINE
8
BLACK
6
CONTINUOUS
10
5.7111848425196845
20
-4.2660668897637795
11
5.7117399606299211
21
-4.264956692913386
0
LINE
8
BLACK
6
CONTINUOUS
10
5.7117399606299211
20
-4.264956692913386
11
5.7117399606299211
21
-4.2640955905511806
0
LINE
8
BLACK
6
CONTINUOUS
10
5.7117399606299211
20
-4.2640955905511806
11
5.7111848425196845
21
-4.2629853937007871
0
LINE
8
BLACK
6
CONTINUOUS
10
5.7111848425196845
20
-4.2629853937007871
11
5.710740236220472
21
-4.2625407874015746
0
LINE
8
BLACK
6
CONTINUOUS
10
5.710740236220472
20
-4.2625407874015746
11
5.7093870866141732
21
-4.2618642125984252
0
LINE
8
BLACK
6
CONTINUOUS
10
5.7093870866141732
20
-4.2618642125984252
11
5.7061205905511807
21
-4.261047598425197
0
LINE
8
BLACK
6
CONTINUOUS
10
5.7061205905511807
20
-4.261047598425197
11
5.7019594881889759
21
-4.261047598425197
0
LINE
8
BLACK
6
CONTINUOUS
10
5.7019594881889759
20
-4.261047598425197
11
5.6986928346456693
21
-4.2618642125984252
0
LINE
8
BLACK
6
CONTINUOUS
10
5.7332055511811024
20
-4.2505418503937005
11
5.7334685826771654
21
-4.2505546850393703
0
LINE
8
BLACK
6
CONTINUOUS
10
5.7334685826771654
20
-4.2505546850393703
11
5.7372209448818898
21
-4.2514927559055113
0
LINE
8
BLACK
6
CONTINUOUS
10
5.7372209448818898
20
-4.2514927559055113
11
5.7374338976377954
21
-4.2515933464566924
0
LINE
8
BLACK
6
CONTINUOUS
10
5.7374338976377954
20
-4.2515933464566924
11
5.7376609842519688
21
-4.2516555511811021
0
LINE
8
BLACK
6
CONTINUOUS
10
5.7376609842519688
20
-4.2516555511811021
11
5.7395371653543306
21
-4.252593622047244
0
LINE
8
BLACK
6
CONTINUOUS
10
5.7395371653543306
20
-4.252593622047244
11
5.7398092913385828
21
-4.2528048031496066
0
LINE
8
BLACK
6
CONTINUOUS
10
5.7398092913385828
20
-4.2528048031496066
11
5.7400959448818893
21
-4.252996338582677
0
LINE
8
BLACK
6
CONTINUOUS
10
5.7400959448818893
20
-4.252996338582677
11
5.7419721653543307
21
-4.2548725196850397
0
LINE
8
BLACK
6
CONTINUOUS
10
5.7419721653543307
20
-4.2548725196850397
11
5.7420320078740152
21
-4.2549620866141735
0
LINE
8
BLACK
6
CONTINUOUS
10
5.7420320078740152
20
-4.2549620866141735
11
5.7420761417322836
21
-4.2549841732283467
0
LINE
8
BLACK
6
CONTINUOUS
10
5.7420761417322836
20
-4.2549841732283467
11
5.7422467322834647
21
-4.2552834645669293
0
LINE
8
BLACK
6
CONTINUOUS
10
5.7422467322834647
20
-4.2552834645669293
11
5.7424382283464563
21
-4.2555700393700784
0
LINE
8
BLACK
6
CONTINUOUS
10
5.7424382283464563
20
-4.2555700393700784
11
5.7424382283464563
21
-4.2556193307086616
0
LINE
8
BLACK
6
CONTINUOUS
10
5.7424382283464563
20
-4.2556193307086616
11
5.7424915748031493
21
-4.2557129527559052
0
LINE
8
BLACK
6
CONTINUOUS
10
5.7424915748031493
20
-4.2557129527559052
11
5.7434296456692913
21
-4.2585272440944877
0
LINE
8
BLACK
6
CONTINUOUS
10
5.7434296456692913
20
-4.2585272440944877
11
5.7434727165354333
21
-4.2588691338582674
0
LINE
8
BLACK
6
CONTINUOUS
10
5.7434727165354333
20
-4.2588691338582674
11
5.7435399606299216
21
-4.2592071259842514
0
LINE
8
BLACK
6
CONTINUOUS
10
5.7435399606299216
20
-4.2592071259842514
11
5.7435399606299216
21
-4.2610833464566928
0
LINE
8
BLACK
6
CONTINUOUS
10
5.7435399606299216
20
-4.2610833464566928
11
5.7434727559055121
21
-4.2614211023622044
0
LINE
8
BLACK
6
CONTINUOUS
10
5.7434727559055121
20
-4.2614211023622044
11
5.7434296456692913
21
-4.2617632283464566
0
LINE
8
BLACK
6
CONTINUOUS
10
5.7434296456692913
20
-4.2617632283464566
11
5.7424915748031493
21
-4.2645774803149603
0
LINE
8
BLACK
6
CONTINUOUS
10
5.7424915748031493
20
-4.2645774803149603
11
5.7424382283464563
21
-4.2646710629921261
0
LINE
8
BLACK
6
CONTINUOUS
10
5.7424382283464563
20
-4.2646710629921261
11
5.7424382283464563
21
-4.2647203543307084
0
LINE
8
BLACK
6
CONTINUOUS
10
5.7424382283464563
20
-4.2647203543307084
11
5.7422468897637797
21
-4.2650066535433071
0
LINE
8
BLACK
6
CONTINUOUS
10
5.7422468897637797
20
-4.2650066535433071
11
5.7420761417322836
21
-4.2653062598425198
0
LINE
8
BLACK
6
CONTINUOUS
10
5.7420761417322836
20
-4.2653062598425198
11
5.7420319685039365
21
-4.2653283070866141
0
LINE
8
BLACK
6
CONTINUOUS
10
5.7420319685039365
20
-4.2653283070866141
11
5.7419721653543307
21
-4.265417874015748
0
LINE
8
BLACK
6
CONTINUOUS
10
5.7419721653543307
20
-4.265417874015748
11
5.74103405511811
21
-4.2663559842519687
0
LINE
8
BLACK
6
CONTINUOUS
10
5.74103405511811
20
-4.2663559842519687
11
5.7403365748031492
21
-4.2668220472440943
0
LINE
8
BLACK
6
CONTINUOUS
10
5.7403365748031492
20
-4.2668220472440943
11
5.738690984251968
21
-4.2668220472440943
0
LINE
8
BLACK
6
CONTINUOUS
10
5.738690984251968
20
-4.2668220472440943
11
5.7375274409448815
21
-4.2656585039370079
0
LINE
8
BLACK
6
CONTINUOUS
10
5.7375274409448815
20
-4.2656585039370079
11
5.7375274409448815
21
-4.2640129133858267
0
LINE
8
BLACK
6
CONTINUOUS
10
5.7375274409448815
20
-4.2640129133858267
11
5.737993503937008
21
-4.2633154330708658
0
LINE
8
BLACK
6
CONTINUOUS
10
5.737993503937008
20
-4.2633154330708658
11
5.7385726771653545
21
-4.2627362204724406
0
LINE
8
BLACK
6
CONTINUOUS
10
5.7385726771653545
20
-4.2627362204724406
11
5.7392399606299209
21
-4.2607344094488191
0
LINE
8
BLACK
6
CONTINUOUS
10
5.7392399606299209
20
-4.2607344094488191
11
5.7392399606299209
21
-4.2595559842519686
0
LINE
8
BLACK
6
CONTINUOUS
10
5.7392399606299209
20
-4.2595559842519686
11
5.7385726771653545
21
-4.2575541732283462
0
LINE
8
BLACK
6
CONTINUOUS
10
5.7385726771653545
20
-4.2575541732283462
11
5.7373020472440945
21
-4.2562836220472438
0
LINE
8
BLACK
6
CONTINUOUS
10
5.7373020472440945
20
-4.2562836220472438
11
5.7359490157480311
21
-4.2556070866141731
0
LINE
8
BLACK
6
CONTINUOUS
10
5.7359490157480311
20
-4.2556070866141731
11
5.7326825196850395
21
-4.2547904724409449
0
LINE
8
BLACK
6
CONTINUOUS
10
5.7326825196850395
20
-4.2547904724409449
11
5.7303975984251965
21
-4.2547904724409449
0
LINE
8
BLACK
6
CONTINUOUS
10
5.7303975984251965
20
-4.2547904724409449
11
5.7271309055118111
21
-4.2556070866141731
0
LINE
8
BLACK
6
CONTINUOUS
10
5.7271309055118111
20
-4.2556070866141731
11
5.7257777559055114
21
-4.2562836614173225
0
LINE
8
BLACK
6
CONTINUOUS
10
5.7257777559055114
20
-4.2562836614173225
11
5.7245072440944877
21
-4.2575541732283462
0
LINE
8
BLACK
6
CONTINUOUS
10
5.7245072440944877
20
-4.2575541732283462
11
5.7238399606299213
21
-4.2595560629921261
0
LINE
8
BLACK
6
CONTINUOUS
10
5.7238399606299213
20
-4.2595560629921261
11
5.7238399606299213
21
-4.2607344488188978
0
LINE
8
BLACK
6
CONTINUOUS
10
5.7238399606299213
20
-4.2607344488188978
11
5.724507204724409
21
-4.2627361811023619
0
LINE
8
BLACK
6
CONTINUOUS
10
5.724507204724409
20
-4.2627361811023619
11
5.7250864566929129
21
-4.2633154724409446
0
LINE
8
BLACK
6
CONTINUOUS
10
5.7250864566929129
20
-4.2633154724409446
11
5.7255524803149607
21
-4.2640129527559054
0
LINE
8
BLACK
6
CONTINUOUS
10
5.7255524803149607
20
-4.2640129527559054
11
5.7255524409448819
21
-4.2656585039370079
0
LINE
8
BLACK
6
CONTINUOUS
10
5.7255524409448819
20
-4.2656585039370079
11
5.7243888582677167
21
-4.2668220472440943
0
LINE
8
BLACK
6
CONTINUOUS
10
5.7243888582677167
20
-4.2668220472440943
11
5.7227433070866143
21
-4.2668220078740156
0
LINE
8
BLACK
6
CONTINUOUS
10
5.7227433070866143
20
-4.2668220078740156
11
5.7220458267716534
21
-4.26635594488189
0
LINE
8
BLACK
6
CONTINUOUS
10
5.7220458267716534
20
-4.26635594488189
11
5.7211077559055115
21
-4.2654178346456693
0
LINE
8
BLACK
6
CONTINUOUS
10
5.7211077559055115
20
-4.2654178346456693
11
5.7210479527559057
21
-4.2653283464566929
0
LINE
8
BLACK
6
CONTINUOUS
10
5.7210479527559057
20
-4.2653283464566929
11
5.7210038582677161
21
-4.2653062992125985
0
LINE
8
BLACK
6
CONTINUOUS
10
5.7210038582677161
20
-4.2653062992125985
11
5.7208330708661412
21
-4.2650067322834646
0
LINE
8
BLACK
6
CONTINUOUS
10
5.7208330708661412
20
-4.2650067322834646
11
5.7206417322834646
21
-4.2647203149606296
0
LINE
8
BLACK
6
CONTINUOUS
10
5.7206417322834646
20
-4.2647203149606296
11
5.7206417322834646
21
-4.2646710236220473
0
LINE
8
BLACK
6
CONTINUOUS
10
5.7206417322834646
20
-4.2646710236220473
11
5.7205884251968504
21
-4.2645775196850391
0
LINE
8
BLACK
6
CONTINUOUS
10
5.7205884251968504
20
-4.2645775196850391
11
5.7196503149606297
21
-4.2617632677165354
0
LINE
8
BLACK
6
CONTINUOUS
10
5.7196503149606297
20
-4.2617632677165354
11
5.7196072047244098
21
-4.2614215354330707
0
LINE
8
BLACK
6
CONTINUOUS
10
5.7196072047244098
20
-4.2614215354330707
11
5.7195399606299215
21
-4.2610833464566928
0
LINE
8
BLACK
6
CONTINUOUS
10
5.7195399606299215
20
-4.2610833464566928
11
5.7195399606299215
21
-4.2592071259842514
0
LINE
8
BLACK
6
CONTINUOUS
10
5.7195399606299215
20
-4.2592071259842514
11
5.719607165354331
21
-4.2588691338582674
0
LINE
8
BLACK
6
CONTINUOUS
10
5.719607165354331
20
-4.2588691338582674
11
5.7196502755905509
21
-4.2585272440944877
0
LINE
8
BLACK
6
CONTINUOUS
10
5.7196502755905509
20
-4.2585272440944877
11
5.7205884251968504
21
-4.2557129133858265
0
LINE
8
BLACK
6
CONTINUOUS
10
5.7205884251968504
20
-4.2557129133858265
11
5.7206417322834646
21
-4.2556193700787404
0
LINE
8
BLACK
6
CONTINUOUS
10
5.7206417322834646
20
-4.2556193700787404
11
5.7206417322834646
21
-4.2555700393700784
0
LINE
8
BLACK
6
CONTINUOUS
10
5.7206417322834646
20
-4.2555700393700784
11
5.7208332283464562
21
-4.2552834251968505
0
LINE
8
BLACK
6
CONTINUOUS
10
5.7208332283464562
20
-4.2552834251968505
11
5.7210038582677161
21
-4.2549841338582679
0
LINE
8
BLACK
6
CONTINUOUS
10
5.7210038582677161
20
-4.2549841338582679
11
5.7210479527559057
21
-4.2549620472440948
0
LINE
8
BLACK
6
CONTINUOUS
10
5.7210479527559057
20
-4.2549620472440948
11
5.7211077952755902
21
-4.2548725590551184
0
LINE
8
BLACK
6
CONTINUOUS
10
5.7211077952755902
20
-4.2548725590551184
11
5.7229839763779529
21
-4.2529963779527558
0
LINE
8
BLACK
6
CONTINUOUS
10
5.7229839763779529
20
-4.2529963779527558
11
5.7232704724409444
21
-4.252804921259842
0
LINE
8
BLACK
6
CONTINUOUS
10
5.7232704724409444
20
-4.252804921259842
11
5.7235427559055116
21
-4.252593622047244
0
LINE
8
BLACK
6
CONTINUOUS
10
5.7235427559055116
20
-4.252593622047244
11
5.7254189370078743
21
-4.2516555511811021
0
LINE
8
BLACK
6
CONTINUOUS
10
5.7254189370078743
20
-4.2516555511811021
11
5.725646141732283
21
-4.2515933070866136
0
LINE
8
BLACK
6
CONTINUOUS
10
5.725646141732283
20
-4.2515933070866136
11
5.7258589763779524
21
-4.2514927952755901
0
LINE
8
BLACK
6
CONTINUOUS
10
5.7258589763779524
20
-4.2514927952755901
11
5.7296113779527555
21
-4.2505546850393703
0
LINE
8
BLACK
6
CONTINUOUS
10
5.7296113779527555
20
-4.2505546850393703
11
5.7298743700787398
21
-4.2505418503937005
0
LINE
8
BLACK
6
CONTINUOUS
10
5.7298743700787398
20
-4.2505418503937005
11
5.7301328346456692
21
-4.2504904724409451
0
LINE
8
BLACK
6
CONTINUOUS
10
5.7301328346456692
20
-4.2504904724409451
11
5.7329471259842517
21
-4.2504904724409451
0
LINE
8
BLACK
6
CONTINUOUS
10
5.7329471259842517
20
-4.2504904724409451
11
5.7332055511811024
21
-4.2505418503937005
0
LINE
8
BLACK
6
CONTINUOUS
10
5.7505760629921259
20
-4.214603976377953
11
5.7516404724409451
21
-4.2150448818897637
0
LINE
8
BLACK
6
CONTINUOUS
10
5.7516404724409451
20
-4.2150448818897637
11
5.7524551181102357
21
-4.2158595275590551
0
LINE
8
BLACK
6
CONTINUOUS
10
5.7524551181102357
20
-4.2158595275590551
11
5.7528960236220472
21
-4.2169239370078735
0
LINE
8
BLACK
6
CONTINUOUS
10
5.7528960236220472
20
-4.2169239370078735
11
5.752952755905512
21
-4.2175000000000002
0
LINE
8
BLACK
6
CONTINUOUS
10
5.752952755905512
20
-4.2175000000000002
11
5.752952755905512
21
-4.2575000000000003
0
LINE
8
BLACK
6
CONTINUOUS
10
5.752952755905512
20
-4.2575000000000003
11
5.7528960236220472
21
-4.2580760629921262
0
LINE
8
BLACK
6
CONTINUOUS
10
5.7528960236220472
20
-4.2580760629921262
11
5.7524551181102357
21
-4.2591404724409445
0
LINE
8
BLACK
6
CONTINUOUS
10
5.7524551181102357
20
-4.2591404724409445
11
5.7516404724409451
21
-4.259955118110236
0
LINE
8
BLACK
6
CONTINUOUS
10
5.7516404724409451
20
-4.259955118110236
11
5.7505760629921259
21
-4.2603960236220475
0
LINE
8
BLACK
6
CONTINUOUS
10
5.7505760629921259
20
-4.2603960236220475
11
5.7494239370078741
21
-4.2603960236220475
0
LINE
8
BLACK
6
CONTINUOUS
10
5.7494239370078741
20
-4.2603960236220475
11
5.7483595275590549
21
-4.259955118110236
0
LINE
8
BLACK
6
CONTINUOUS
10
5.7483595275590549
20
-4.259955118110236
11
5.7475448818897634
21
-4.2591404724409445
0
LINE
8
BLACK
6
CONTINUOUS
10
5.7475448818897634
20
-4.2591404724409445
11
5.7471039763779528
21
-4.2580760629921262
0
LINE
8
BLACK
6
CONTINUOUS
10
5.7471039763779528
20
-4.2580760629921262
11
5.747047244094488
21
-4.2575000000000003
0
LINE
8
BLACK
6
CONTINUOUS
10
5.747047244094488
20
-4.2575000000000003
11
5.747047244094488
21
-4.2204527559055114
0
LINE
8
BLACK
6
CONTINUOUS
10
5.747047244094488
20
-4.2204527559055114
11
5.6929527559055115
21
-4.2204527559055114
0
LINE
8
BLACK
6
CONTINUOUS
10
5.6929527559055115
20
-4.2204527559055114
11
5.6929527559055115
21
-4.2440198818897636
0
LINE
8
BLACK
6
CONTINUOUS
10
5.6929527559055115
20
-4.2440198818897636
11
5.6929973622047241
21
-4.2439753937007874
0
LINE
8
BLACK
6
CONTINUOUS
10
5.6929973622047241
20
-4.2439753937007874
11
5.6956345275590552
21
-4.2422172047244091
0
LINE
8
BLACK
6
CONTINUOUS
10
5.6956345275590552
20
-4.2422172047244091
11
5.69711342519685
21
-4.2407383070866143
0
LINE
8
BLACK
6
CONTINUOUS
10
5.69711342519685
20
-4.2407383070866143
11
5.6978955118110237
21
-4.2391741732283466
0
LINE
8
BLACK
6
CONTINUOUS
10
5.6978955118110237
20
-4.2391741732283466
11
5.6984098818897637
21
-4.2385114960629924
0
LINE
8
BLACK
6
CONTINUOUS
10
5.6984098818897637
20
-4.2385114960629924
11
5.6999709842519684
21
-4.2379911417322838
0
LINE
8
BLACK
6
CONTINUOUS
10
5.6999709842519684
20
-4.2379911417322838
11
5.7014427559055116
21
-4.2387270472440948
0
LINE
8
BLACK
6
CONTINUOUS
10
5.7014427559055116
20
-4.2387270472440948
11
5.7019631102362203
21
-4.2402881496062994
0
LINE
8
BLACK
6
CONTINUOUS
10
5.7019631102362203
20
-4.2402881496062994
11
5.7017415354330705
21
-4.2410972440944885
0
LINE
8
BLACK
6
CONTINUOUS
10
5.7017415354330705
20
-4.2410972440944885
11
5.7008034251968507
21
-4.2429734251968503
0
LINE
8
BLACK
6
CONTINUOUS
10
5.7008034251968507
20
-4.2429734251968503
11
5.7005922834645668
21
-4.2432454330708662
0
LINE
8
BLACK
6
CONTINUOUS
10
5.7005922834645668
20
-4.2432454330708662
11
5.7004007086614168
21
-4.2435321653543303
0
LINE
8
BLACK
6
CONTINUOUS
10
5.7004007086614168
20
-4.2435321653543303
11
5.7003185826771654
21
-4.2436142913385826
0
LINE
8
BLACK
6
CONTINUOUS
10
5.7003185826771654
20
-4.2436142913385826
11
5.7117399606299211
21
-4.2436142913385826
0
LINE
8
BLACK
6
CONTINUOUS
10
5.7117399606299211
20
-4.2436142913385826
11
5.7117399606299211
21
-4.2401357086614171
0
LINE
8
BLACK
6
CONTINUOUS
10
5.7117399606299211
20
-4.2401357086614171
11
5.7119036220472443
21
-4.2393129527559053
0
LINE
8
BLACK
6
CONTINUOUS
10
5.7119036220472443
20
-4.2393129527559053
11
5.7130672047244095
21
-4.23814937007874
0
LINE
8
BLACK
6
CONTINUOUS
10
5.7130672047244095
20
-4.23814937007874
11
5.7147127165354332
21
-4.23814937007874
0
LINE
8
BLACK
6
CONTINUOUS
10
5.7147127165354332
20
-4.23814937007874
11
5.7158762992125984
21
-4.2393129527559053
0
LINE
8
BLACK
6
CONTINUOUS
10
5.7158762992125984
20
-4.2393129527559053
11
5.7160399606299208
21
-4.2401357086614171
0
LINE
8
BLACK
6
CONTINUOUS
10
5.7160399606299208
20
-4.2401357086614171
11
5.7160399606299208
21
-4.2513928346456691
0
LINE
8
BLACK
6
CONTINUOUS
10
5.7160399606299208
20
-4.2513928346456691
11
5.7158762992125984
21
-4.2522155905511809
0
LINE
8
BLACK
6
CONTINUOUS
10
5.7158762992125984
20
-4.2522155905511809
11
5.7147127165354332
21
-4.2533791732283461
0
LINE
8
BLACK
6
CONTINUOUS
10
5.7147127165354332
20
-4.2533791732283461
11
5.7130672047244095
21
-4.2533791732283461
0
LINE
8
BLACK
6
CONTINUOUS
10
5.7130672047244095
20
-4.2533791732283461
11
5.7119036220472443
21
-4.2522155905511809
0
LINE
8
BLACK
6
CONTINUOUS
10
5.7119036220472443
20
-4.2522155905511809
11
5.7117399606299211
21
-4.2513928346456691
0
LINE
8
BLACK
6
CONTINUOUS
10
5.7117399606299211
20
-4.2513928346456691
11
5.7117399606299211
21
-4.2479142913385823
0
LINE
8
BLACK
6
CONTINUOUS
10
5.7117399606299211
20
-4.2479142913385823
11
5.6941899606299211
21
-4.2479142913385823
0
LINE
8
BLACK
6
CONTINUOUS
10
5.6941899606299211
20
-4.2479142913385823
11
5.6933672047244093
21
-4.24775062992126
0
LINE
8
BLACK
6
CONTINUOUS
10
5.6933672047244093
20
-4.24775062992126
11
5.6932106692913385
21
-4.2475940944881891
0
LINE
8
BLACK
6
CONTINUOUS
10
5.6932106692913385
20
-4.2475940944881891
11
5.6929936220472444
21
-4.247550708661417
0
LINE
8
BLACK
6
CONTINUOUS
10
5.6929936220472444
20
-4.247550708661417
11
5.6929527559055115
21
-4.2474894094488187
0
LINE
8
BLACK
6
CONTINUOUS
10
5.6929527559055115
20
-4.2474894094488187
11
5.6929527559055115
21
-4.2575000000000003
0
LINE
8
BLACK
6
CONTINUOUS
10
5.6929527559055115
20
-4.2575000000000003
11
5.6928960236220467
21
-4.2580760629921262
0
LINE
8
BLACK
6
CONTINUOUS
10
5.6928960236220467
20
-4.2580760629921262
11
5.6924551181102361
21
-4.2591404724409445
0
LINE
8
BLACK
6
CONTINUOUS
10
5.6924551181102361
20
-4.2591404724409445
11
5.6916404724409446
21
-4.259955118110236
0
LINE
8
BLACK
6
CONTINUOUS
10
5.6916404724409446
20
-4.259955118110236
11
5.6905760629921263
21
-4.2603960236220475
0
LINE
8
BLACK
6
CONTINUOUS
10
5.6905760629921263
20
-4.2603960236220475
11
5.6894239370078736
21
-4.2603960236220475
0
LINE
8
BLACK
6
CONTINUOUS
10
5.6894239370078736
20
-4.2603960236220475
11
5.6883595275590553
21
-4.259955118110236
0
LINE
8
BLACK
6
CONTINUOUS
10
5.6883595275590553
20
-4.259955118110236
11
5.6875448818897638
21
-4.2591404724409445
0
LINE
8
BLACK
6
CONTINUOUS
10
5.6875448818897638
20
-4.2591404724409445
11
5.6871039763779523
21
-4.2580760629921262
0
LINE
8
BLACK
6
CONTINUOUS
10
5.6871039763779523
20
-4.2580760629921262
11
5.6870472440944884
21
-4.2575000000000003
0
LINE
8
BLACK
6
CONTINUOUS
10
5.6870472440944884
20
-4.2575000000000003
11
5.6870472440944884
21
-4.2175000000000002
0
LINE
8
BLACK
6
CONTINUOUS
10
5.6870472440944884
20
-4.2175000000000002
11
5.6871039763779523
21
-4.2169239370078735
0
LINE
8
BLACK
6
CONTINUOUS
10
5.6871039763779523
20
-4.2169239370078735
11
5.6875448818897638
21
-4.2158595275590551
0
LINE
8
BLACK
6
CONTINUOUS
10
5.6875448818897638
20
-4.2158595275590551
11
5.6883595275590553
21
-4.2150448818897637
0
LINE
8
BLACK
6
CONTINUOUS
10
5.6883595275590553
20
-4.2150448818897637
11
5.6894239370078736
21
-4.214603976377953
0
LINE
8
BLACK
6
CONTINUOUS
10
5.6894239370078736
20
-4.214603976377953
11
5.6899999999999995
21
-4.2145472440944882
0
LINE
8
BLACK
6
CONTINUOUS
10
5.6899999999999995
20
-4.2145472440944882
11
5.75
21
-4.2145472440944882
0
LINE
8
BLACK
6
CONTINUOUS
10
5.75
20
-4.2145472440944882
11
5.7505760629921259
21
-4.214603976377953
0
CIRCLE
8
BLACK
10
5.5
20
-4.0999999999999996
40
0.0068897637795276
0
CIRCLE
8
BLACK
10
7.0999999999999996
20
-4.8999999999999995
40
0.0068897637795276
0
CIRCLE
8
BLACK
10
5.4299999999999997
20
-4.6799999999999997
40
0.0068897637795276
0
CIRCLE
8
BLACK
10
5.5300000000000002
20
-4.6799999999999997
40
0.0068897637795276
0
CIRCLE
8
BLACK
10
6.5788188976377953
20
-4.1499999999999995
40
0.0068897637795276
0
CIRCLE
8
BLACK
10
6.5788188976377953
20
-4.0499999999999998
40
0.0068897637795276
0
CIRCLE
8
BLACK
10
6.7796062992125981
20
-4.1499999999999995
40
0.0068897637795276
0
CIRCLE
8
BLACK
10
6.7796062992125981
20
-4.0499999999999998
40
0.0068897637795276
0
CIRCLE
8
BLACK
10
6.440787401574803
20
-4.1499999999999995
40
0.0068897637795276
0
CIRCLE
8
BLACK
10
6.440787401574803
20
-4.0499999999999998
40
0.0068897637795276
0
CIRCLE
8
BLACK
10
7.0620000000000003
20
-4.5
40
0.0068897637795276
0
CIRCLE
8
BLACK
10
6.9619999999999997
20
-4.5999999999999996
40
0.0068897637795276
0
CIRCLE
8
BLACK
10
7.1619999999999999
20
-4.5999999999999996
40
0.0068897637795276
0
CIRCLE
8
BLACK
10
6.9619999999999997
20
-4.3999999999999995
40
0.0068897637795276
0
CIRCLE
8
BLACK
10
7.1619999999999999
20
-4.3999999999999995
40
0.0068897637795276
0
CIRCLE
8
BLACK
10
6.0392125984251965
20
-4.1499999999999995
40
0.0068897637795276
0
CIRCLE
8
BLACK
10
6.0392125984251965
20
-4.0499999999999998
40
0.0068897637795276
0
CIRCLE
8
BLACK
10
6.8799999999999999
20
-4.1499999999999995
40
0.0068897637795276
0
CIRCLE
8
BLACK
10
6.8799999999999999
20
-4.0499999999999998
40
0.0068897637795276
0
CIRCLE
8
BLACK
10
6.1396062992125984
20
-4.1499999999999995
40
0.0068897637795276
0
CIRCLE
8
BLACK
10
6.1396062992125984
20
-4.0499999999999998
40
0.0068897637795276
0
CIRCLE
8
BLACK
10
6.2400000000000002
20
-4.1499999999999995
40
0.0068897637795276
0
CIRCLE
8
BLACK
10
6.2400000000000002
20
-4.0499999999999998
40
0.0068897637795276
0
CIRCLE
8
BLACK
10
6.3403937007874012
20
-4.1499999999999995
40
0.0068897637795276
0
CIRCLE
8
BLACK
10
6.3403937007874012
20
-4.0499999999999998
40
0.0068897637795276
0
CIRCLE
8
BLACK
10
6.6792125984251971
20
-4.1499999999999995
40
0.0068897637795276
0
CIRCLE
8
BLACK
10
6.6792125984251971
20
-4.0499999999999998
40
0.0068897637795276
0
CIRCLE
8
BLACK
10
7.0999999999999996
20
-4.0999999999999996
40
0.0068897637795276
0
CIRCLE
8
BLACK
10
5.7199999999999998
20
-4.1499999999999995
40
0.0068897637795276
0
CIRCLE
8
BLACK
10
5.7199999999999998
20
-4.0499999999999998
40
0.0068897637795276
0
CIRCLE
8
BLACK
10
5.8200000000000003
20
-4.1499999999999995
40
0.0068897637795276
0
CIRCLE
8
BLACK
10
5.8200000000000003
20
-4.0499999999999998
40
0.0068897637795276
0
CIRCLE
8
BLACK
10
5.9199999999999999
20
-4.1499999999999995
40
0.0068897637795276
0
CIRCLE
8
BLACK
10
5.9199999999999999
20
-4.0499999999999998
40
0.0068897637795276
0
CIRCLE
8
BLACK
10
5.5
20
-4.8999999999999995
40
0.0068897637795276
0
CIRCLE
8
BLACK
10
5.4299999999999997
20
-4.4799999999999995
40
0.0068897637795276
0
CIRCLE
8
BLACK
10
5.5300000000000002
20
-4.4799999999999995
40
0.0068897637795276
0
CIRCLE
8
BLACK
10
5.4299999999999997
20
-4.5800000000000001
40
0.0068897637795276
0
CIRCLE
8
BLACK
10
5.5300000000000002
20
-4.5800000000000001
40
0.0068897637795276
0
CIRCLE
8
BLACK
10
5.8585826771653542
20
-4.6730708661417326
40
0.0039370078740157
0
CIRCLE
8
BLACK
10
5.8999212598425199
20
-4.6730708661417326
40
0.0039370078740157
0
CIRCLE
8
BLACK
10
5.9412598425196848
20
-4.6730708661417326
40
0.0039370078740157
0
CIRCLE
8
BLACK
10
5.8585826771653542
20
-4.6317322834645669
40
0.0039370078740157
0
CIRCLE
8
BLACK
10
5.8999212598425199
20
-4.6317322834645669
40
0.0039370078740157
0
CIRCLE
8
BLACK
10
5.9412598425196848
20
-4.6317322834645669
40
0.0039370078740157
0
CIRCLE
8
BLACK
10
5.8585826771653542
20
-4.5903937007874012
40
0.0039370078740157
0
CIRCLE
8
BLACK
10
5.8999212598425199
20
-4.5903937007874012
40
0.0039370078740157
0
CIRCLE
8
BLACK
10
5.9412598425196848
20
-4.5903937007874012
40
0.0039370078740157
  0
ENDSEC
  0
EOF
