  0
SECTION
  2
HEADER
  9
$ANGBASE
  50
0.0
  9
$ANGDIR
  70
1
  9
$MEASUREMENT
  70
0
  0
ENDSEC
  0
SECTION
  2
TABLES
  0
TABLE
  2
LTYPE
  70
4
  0
LTYPE
  5
40F
  2
CONTINUOUS
  70
0
  3
Solid line
  72
65
  73
0
  40
0.0
  0
LTYPE
  5
410
  2
DASHDOT
 70
0
  3
Dash Dot ____ _ ____ _
 72
65
 73
4
 40
2.0
 49
1.25
 49
-0.25
 49
0.25
 49
-0.25
  0
LTYPE
  5
411
  2
DASHED
 70
0
  3
Dashed __ __ __ __ __
 72
65
 73
2
 40
0.75
 49
0.5
 49
-0.25
  0
LTYPE
  5
43B
  2
DOTTED
 70
0
  3
Dotted .  .  .  .
 72
65
 73
2
 40
0.2
 49
0.0
 49
-0.2
  0
ENDTAB
  0
TABLE
  2
STYLE
  70
4
  0
STYLE
  2
KICAD
  70
0
  40
0
  41
1
  42
1
  50
0
  71
0
  3
isocp.shx
  0
STYLE
  2
KICADB
  70
0
  40
0
  41
1
  42
1
  50
0
  71
0
  3
isocp.shx
  0
STYLE
  2
KICADI
  70
0
  40
0
  41
1
  42
1
  50
15
  71
0
  3
isocp.shx
  0
STYLE
  2
KICADBI
  70
0
  40
0
  41
1
  42
1
  50
15
  71
0
  3
isocp.shx
  0
ENDTAB
  0
TABLE
  2
LAYER
  70
1
  0
LAYER
  2
BLACK
  70
0
  62
7
  6
CONTINUOUS
  0
ENDTAB
  0
ENDSEC
  0
SECTION
  2
ENTITIES
0
LINE
8
BLACK
6
CONTINUOUS
10
5.9131660629921257
20
-4.6919589763779523
11
5.9139643307086613
21
-4.6924923622047245
0
LINE
8
BLACK
6
CONTINUOUS
10
5.9139643307086613
20
-4.6924923622047245
11
5.9144977165354327
21
-4.6932906299212593
0
LINE
8
BLACK
6
CONTINUOUS
10
5.9144977165354327
20
-4.6932906299212593
11
5.9146850393700783
21
-4.6942322834645669
0
LINE
8
BLACK
6
CONTINUOUS
10
5.9146850393700783
20
-4.6942322834645669
11
5.9146850393700783
21
-4.7080118110236215
0
LINE
8
BLACK
6
CONTINUOUS
10
5.9146850393700783
20
-4.7080118110236215
11
5.9146850393700783
21
-4.8398907086614171
0
LINE
8
BLACK
6
CONTINUOUS
10
5.9146850393700783
20
-4.8398907086614171
11
5.9893133464566928
21
-4.9145190157480316
0
LINE
8
BLACK
6
CONTINUOUS
10
5.9893133464566928
20
-4.9145190157480316
11
5.9893548425196848
21
-4.9144912992125986
0
LINE
8
BLACK
6
CONTINUOUS
10
5.9893548425196848
20
-4.9144912992125986
11
5.9929330708661412
21
-4.913779527559055
0
LINE
8
BLACK
6
CONTINUOUS
10
5.9929330708661412
20
-4.913779527559055
11
6.0116338582677162
21
-4.913779527559055
0
LINE
8
BLACK
6
CONTINUOUS
10
6.0116338582677162
20
-4.913779527559055
11
6.0152120866141727
21
-4.9144912992125986
0
LINE
8
BLACK
6
CONTINUOUS
10
6.0152120866141727
20
-4.9144912992125986
11
6.0182455905511807
21
-4.9165181889763776
0
LINE
8
BLACK
6
CONTINUOUS
10
6.0182455905511807
20
-4.9165181889763776
11
6.0202724803149605
21
-4.9195516929133856
0
LINE
8
BLACK
6
CONTINUOUS
10
6.0202724803149605
20
-4.9195516929133856
11
6.0209842519685042
21
-4.9231299212598421
0
LINE
8
BLACK
6
CONTINUOUS
10
6.0209842519685042
20
-4.9231299212598421
11
6.0209842519685042
21
-4.9457677165354328
0
LINE
8
BLACK
6
CONTINUOUS
10
6.0209842519685042
20
-4.9457677165354328
11
6.0202724803149605
21
-4.9493459448818893
0
LINE
8
BLACK
6
CONTINUOUS
10
6.0202724803149605
20
-4.9493459448818893
11
6.0182455905511807
21
-4.9523794488188972
0
LINE
8
BLACK
6
CONTINUOUS
10
6.0182455905511807
20
-4.9523794488188972
11
6.0152120866141727
21
-4.9544063385826771
0
LINE
8
BLACK
6
CONTINUOUS
10
6.0152120866141727
20
-4.9544063385826771
11
6.0116338582677162
21
-4.9551181102362207
0
LINE
8
BLACK
6
CONTINUOUS
10
6.0116338582677162
20
-4.9551181102362207
11
6.0072047244094486
21
-4.9551181102362207
0
LINE
8
BLACK
6
CONTINUOUS
10
6.0072047244094486
20
-4.9551181102362207
11
6.0072047244094486
21
-4.9590551181102365
0
LINE
8
BLACK
6
CONTINUOUS
10
6.0072047244094486
20
-4.9590551181102365
11
6.007110157480315
21
-4.9600151968503932
0
LINE
8
BLACK
6
CONTINUOUS
10
6.007110157480315
20
-4.9600151968503932
11
6.0063753543307081
21
-4.9617892125984246
0
LINE
8
BLACK
6
CONTINUOUS
10
6.0063753543307081
20
-4.9617892125984246
11
6.0063753149606294
21
-4.9617892519685034
0
LINE
8
BLACK
6
CONTINUOUS
10
6.0063753149606294
20
-4.9617892519685034
11
6.0057633070866139
21
-4.9625349999999999
0
LINE
8
BLACK
6
CONTINUOUS
10
6.0057633070866139
20
-4.9625349999999999
11
5.9900152755905509
21
-4.9782829921259841
0
LINE
8
BLACK
6
CONTINUOUS
10
5.9900152755905509
20
-4.9782829921259841
11
5.989269724409449
21
-4.9788948031496059
0
LINE
8
BLACK
6
CONTINUOUS
10
5.989269724409449
20
-4.9788948031496059
11
5.9892695275590553
21
-4.9788950393700784
0
LINE
8
BLACK
6
CONTINUOUS
10
5.9892695275590553
20
-4.9788950393700784
11
5.9880151181102361
21
-4.9794146062992128
0
LINE
8
BLACK
6
CONTINUOUS
10
5.9880151181102361
20
-4.9794146062992128
11
5.9874955511811025
21
-4.9796298425196852
0
LINE
8
BLACK
6
CONTINUOUS
10
5.9874955511811025
20
-4.9796298425196852
11
5.9874955118110238
21
-4.9796298425196852
0
LINE
8
BLACK
6
CONTINUOUS
10
5.9874955118110238
20
-4.9796298425196852
11
5.9865354330708662
21
-4.9797244094488189
0
LINE
8
BLACK
6
CONTINUOUS
10
5.9865354330708662
20
-4.9797244094488189
11
5.9432283464566931
21
-4.9797244094488189
0
LINE
8
BLACK
6
CONTINUOUS
10
5.9432283464566931
20
-4.9797244094488189
11
5.9432283464566931
21
-4.9984251968503939
0
LINE
8
BLACK
6
CONTINUOUS
10
5.9432283464566931
20
-4.9984251968503939
11
5.9097637795275588
21
-4.9984251968503939
0
LINE
8
BLACK
6
CONTINUOUS
10
5.9097637795275588
20
-4.9984251968503939
11
5.9097637795275588
21
-4.9688976377952754
0
LINE
8
BLACK
6
CONTINUOUS
10
5.9097637795275588
20
-4.9688976377952754
11
5.9432283464566931
21
-4.9688976377952754
0
LINE
8
BLACK
6
CONTINUOUS
10
5.9432283464566931
20
-4.9688976377952754
11
5.9432283464566931
21
-4.9698818897637791
0
LINE
8
BLACK
6
CONTINUOUS
10
5.9432283464566931
20
-4.9698818897637791
11
5.9844970078740154
21
-4.9698818897637791
0
LINE
8
BLACK
6
CONTINUOUS
10
5.9844970078740154
20
-4.9698818897637791
11
5.9973622047244097
21
-4.9570166535433069
0
LINE
8
BLACK
6
CONTINUOUS
10
5.9973622047244097
20
-4.9570166535433069
11
5.9973622047244097
21
-4.9551181102362207
0
LINE
8
BLACK
6
CONTINUOUS
10
5.9973622047244097
20
-4.9551181102362207
11
5.9929330708661412
21
-4.9551181102362207
0
LINE
8
BLACK
6
CONTINUOUS
10
5.9929330708661412
20
-4.9551181102362207
11
5.9893548425196848
21
-4.9544063385826771
0
LINE
8
BLACK
6
CONTINUOUS
10
5.9893548425196848
20
-4.9544063385826771
11
5.9863213385826768
21
-4.9523794488188972
0
LINE
8
BLACK
6
CONTINUOUS
10
5.9863213385826768
20
-4.9523794488188972
11
5.9842944488188978
21
-4.9493459448818893
0
LINE
8
BLACK
6
CONTINUOUS
10
5.9842944488188978
20
-4.9493459448818893
11
5.9835826771653542
21
-4.9457677165354328
0
LINE
8
BLACK
6
CONTINUOUS
10
5.9835826771653542
20
-4.9457677165354328
11
5.9835826771653542
21
-4.9231299212598421
0
LINE
8
BLACK
6
CONTINUOUS
10
5.9835826771653542
20
-4.9231299212598421
11
5.983652716535433
21
-4.9227777559055115
0
LINE
8
BLACK
6
CONTINUOUS
10
5.983652716535433
20
-4.9227777559055115
11
5.9062839370078741
21
-4.8454089763779526
0
LINE
8
BLACK
6
CONTINUOUS
10
5.9062839370078741
20
-4.8454089763779526
11
5.9056720866141728
21
-4.8446634251968499
0
LINE
8
BLACK
6
CONTINUOUS
10
5.9056720866141728
20
-4.8446634251968499
11
5.905671889763779
21
-4.844663228346457
0
LINE
8
BLACK
6
CONTINUOUS
10
5.905671889763779
20
-4.844663228346457
11
5.904937086614173
21
-4.8428892125984255
0
LINE
8
BLACK
6
CONTINUOUS
10
5.904937086614173
20
-4.8428892125984255
11
5.9048425196850394
21
-4.841929133858268
0
LINE
8
BLACK
6
CONTINUOUS
10
5.9048425196850394
20
-4.841929133858268
11
5.9048425196850394
21
-4.7080118110236215
0
LINE
8
BLACK
6
CONTINUOUS
10
5.9048425196850394
20
-4.7080118110236215
11
5.9048425196850394
21
-4.6942322834645669
0
LINE
8
BLACK
6
CONTINUOUS
10
5.9048425196850394
20
-4.6942322834645669
11
5.905029842519685
21
-4.6932906299212593
0
LINE
8
BLACK
6
CONTINUOUS
10
5.905029842519685
20
-4.6932906299212593
11
5.9055632283464563
21
-4.6924923622047245
0
LINE
8
BLACK
6
CONTINUOUS
10
5.9055632283464563
20
-4.6924923622047245
11
5.906361496062992
21
-4.6919589763779523
0
LINE
8
BLACK
6
CONTINUOUS
10
5.906361496062992
20
-4.6919589763779523
11
5.9073031496062987
21
-4.6917716535433067
0
LINE
8
BLACK
6
CONTINUOUS
10
5.9073031496062987
20
-4.6917716535433067
11
5.912224409448819
21
-4.6917716535433067
0
LINE
8
BLACK
6
CONTINUOUS
10
5.912224409448819
20
-4.6917716535433067
11
5.9131660629921257
21
-4.6919589763779523
0
LINE
8
BLACK
6
CONTINUOUS
10
5.9016547637795274
20
-4.8555837401574804
11
5.9034288976377951
21
-4.8567239370078736
0
LINE
8
BLACK
6
CONTINUOUS
10
5.9034288976377951
20
-4.8567239370078736
11
5.9721100393700786
21
-4.9254050787401571
0
LINE
8
BLACK
6
CONTINUOUS
10
5.9721100393700786
20
-4.9254050787401571
11
5.9734496456692909
21
-4.9278583070866144
0
LINE
8
BLACK
6
CONTINUOUS
10
5.9734496456692909
20
-4.9278583070866144
11
5.9735629921259843
21
-4.9289127559055119
0
LINE
8
BLACK
6
CONTINUOUS
10
5.9735629921259843
20
-4.9289127559055119
11
5.9735629921259843
21
-4.9476199999999997
0
LINE
8
BLACK
6
CONTINUOUS
10
5.9735629921259843
20
-4.9476199999999997
11
5.9735630708661418
21
-4.9476209448818897
0
LINE
8
BLACK
6
CONTINUOUS
10
5.9735630708661418
20
-4.9476209448818897
11
5.9738109448818895
21
-4.9499272047244096
0
LINE
8
BLACK
6
CONTINUOUS
10
5.9738109448818895
20
-4.9499272047244096
11
5.9738109842519682
21
-4.9499274015748034
0
LINE
8
BLACK
6
CONTINUOUS
10
5.9738109842519682
20
-4.9499274015748034
11
5.973811023622047
21
-4.9499274409448821
0
LINE
8
BLACK
6
CONTINUOUS
10
5.973811023622047
20
-4.9499274409448821
11
5.9750197244094485
21
-4.9531680708661412
0
LINE
8
BLACK
6
CONTINUOUS
10
5.9750197244094485
20
-4.9531680708661412
11
5.9752191338582676
21
-4.955956023622047
0
LINE
8
BLACK
6
CONTINUOUS
10
5.9752191338582676
20
-4.955956023622047
11
5.973879566929134
21
-4.9584092519685035
0
LINE
8
BLACK
6
CONTINUOUS
10
5.973879566929134
20
-4.9584092519685035
11
5.9714262992125979
21
-4.959748818897638
0
LINE
8
BLACK
6
CONTINUOUS
10
5.9714262992125979
20
-4.959748818897638
11
5.9703718503937004
21
-4.9598622047244092
0
LINE
8
BLACK
6
CONTINUOUS
10
5.9703718503937004
20
-4.9598622047244092
11
5.9490972834645666
21
-4.9598622047244092
0
LINE
8
BLACK
6
CONTINUOUS
10
5.9490972834645666
20
-4.9598622047244092
11
5.9471988582677167
21
-4.9594845669291336
0
LINE
8
BLACK
6
CONTINUOUS
10
5.9471988582677167
20
-4.9594845669291336
11
5.9471378346456696
21
-4.9594592913385824
0
LINE
8
BLACK
6
CONTINUOUS
10
5.9471378346456696
20
-4.9594592913385824
11
5.9442152755905511
21
-4.9588779527559055
0
LINE
8
BLACK
6
CONTINUOUS
10
5.9442152755905511
20
-4.9588779527559055
11
5.9087770078740158
21
-4.9588779527559055
0
LINE
8
BLACK
6
CONTINUOUS
10
5.9087770078740158
20
-4.9588779527559055
11
5.9087765354330708
21
-4.958878031496063
0
LINE
8
BLACK
6
CONTINUOUS
10
5.9087765354330708
20
-4.958878031496063
11
5.906026692913386
21
-4.9594249606299208
0
LINE
8
BLACK
6
CONTINUOUS
10
5.906026692913386
20
-4.9594249606299208
11
5.9032426771653546
21
-4.9591757874015743
0
LINE
8
BLACK
6
CONTINUOUS
10
5.9032426771653546
20
-4.9591757874015743
11
5.9010353543307081
21
-4.9574609842519681
0
LINE
8
BLACK
6
CONTINUOUS
10
5.9010353543307081
20
-4.9574609842519681
11
5.900105472440945
21
-4.9548250393700783
0
LINE
8
BLACK
6
CONTINUOUS
10
5.900105472440945
20
-4.9548250393700783
11
5.9000983858267713
21
-4.9545609448818899
0
LINE
8
BLACK
6
CONTINUOUS
10
5.9000983858267713
20
-4.9545609448818899
11
5.9000983858267713
21
-4.9265722047244092
0
LINE
8
BLACK
6
CONTINUOUS
10
5.9000983858267713
20
-4.9265722047244092
11
5.9000983464566925
21
-4.9265720472440941
0
LINE
8
BLACK
6
CONTINUOUS
10
5.9000983464566925
20
-4.9265720472440941
11
5.9000983464566925
21
-4.9265718897637791
0
LINE
8
BLACK
6
CONTINUOUS
10
5.9000983464566925
20
-4.9265718897637791
11
5.8995170866141731
21
-4.923649566929134
0
LINE
8
BLACK
6
CONTINUOUS
10
5.8995170866141731
20
-4.923649566929134
11
5.8979319685039373
21
-4.9212773228346451
0
LINE
8
BLACK
6
CONTINUOUS
10
5.8979319685039373
20
-4.9212773228346451
11
5.8973025196850388
21
-4.9203352755905509
0
LINE
8
BLACK
6
CONTINUOUS
10
5.8973025196850388
20
-4.9203352755905509
11
5.8973024803149601
21
-4.9203352362204722
0
LINE
8
BLACK
6
CONTINUOUS
10
5.8973024803149601
20
-4.9203352362204722
11
5.8939882677165354
21
-4.9181207086614176
0
LINE
8
BLACK
6
CONTINUOUS
10
5.8939882677165354
20
-4.9181207086614176
11
5.8910656692913381
21
-4.9175393700787398
0
LINE
8
BLACK
6
CONTINUOUS
10
5.8910656692913381
20
-4.9175393700787398
11
5.8556274015748029
21
-4.9175393700787398
0
LINE
8
BLACK
6
CONTINUOUS
10
5.8556274015748029
20
-4.9175393700787398
11
5.8556270078740154
21
-4.9175394094488185
0
LINE
8
BLACK
6
CONTINUOUS
10
5.8556270078740154
20
-4.9175394094488185
11
5.8527046850393702
21
-4.9181206692913388
0
LINE
8
BLACK
6
CONTINUOUS
10
5.8527046850393702
20
-4.9181206692913388
11
5.8493903543307084
21
-4.9203352755905509
0
LINE
8
BLACK
6
CONTINUOUS
10
5.8493903543307084
20
-4.9203352755905509
11
5.8471758267716538
21
-4.9236494881889765
0
LINE
8
BLACK
6
CONTINUOUS
10
5.8471758267716538
20
-4.9236494881889765
11
5.846594488188976
21
-4.9265720472440941
0
LINE
8
BLACK
6
CONTINUOUS
10
5.846594488188976
20
-4.9265720472440941
11
5.846594488188976
21
-4.9312795275590551
0
LINE
8
BLACK
6
CONTINUOUS
10
5.846594488188976
20
-4.9312795275590551
11
5.8458070078740159
21
-4.9339614566929129
0
LINE
8
BLACK
6
CONTINUOUS
10
5.8458070078740159
20
-4.9339614566929129
11
5.843694566929134
21
-4.9357918897637791
0
LINE
8
BLACK
6
CONTINUOUS
10
5.843694566929134
20
-4.9357918897637791
11
5.8416338582677163
21
-4.9362401574803147
0
LINE
8
BLACK
6
CONTINUOUS
10
5.8416338582677163
20
-4.9362401574803147
11
5.8312401181102365
21
-4.9362401574803147
0
LINE
8
BLACK
6
CONTINUOUS
10
5.8312401181102365
20
-4.9362401574803147
11
5.8285581889763778
21
-4.9354526771653546
0
LINE
8
BLACK
6
CONTINUOUS
10
5.8285581889763778
20
-4.9354526771653546
11
5.8267277559055115
21
-4.9333402362204719
0
LINE
8
BLACK
6
CONTINUOUS
10
5.8267277559055115
20
-4.9333402362204719
11
5.8262794881889759
21
-4.9312795275590551
0
LINE
8
BLACK
6
CONTINUOUS
10
5.8262794881889759
20
-4.9312795275590551
11
5.8262794881889759
21
-4.9289127165354332
0
LINE
8
BLACK
6
CONTINUOUS
10
5.8262794881889759
20
-4.9289127165354332
11
5.8270669685039369
21
-4.9262307874015745
0
LINE
8
BLACK
6
CONTINUOUS
10
5.8270669685039369
20
-4.9262307874015745
11
5.8277322440944879
21
-4.9254052362204721
0
LINE
8
BLACK
6
CONTINUOUS
10
5.8277322440944879
20
-4.9254052362204721
11
5.8964136220472438
21
-4.8567238582677161
0
LINE
8
BLACK
6
CONTINUOUS
10
5.8964136220472438
20
-4.8567238582677161
11
5.8988667716535428
21
-4.8553843307086613
0
LINE
8
BLACK
6
CONTINUOUS
10
5.8988667716535428
20
-4.8553843307086613
11
5.9016547637795274
21
-4.8555837401574804
0
LINE
8
BLACK
6
CONTINUOUS
10
5.893481023622047
20
-4.6919589763779523
11
5.8942792913385826
21
-4.6924923622047245
0
LINE
8
BLACK
6
CONTINUOUS
10
5.8942792913385826
20
-4.6924923622047245
11
5.894812677165354
21
-4.6932906299212593
0
LINE
8
BLACK
6
CONTINUOUS
10
5.894812677165354
20
-4.6932906299212593
11
5.8949999999999996
21
-4.6942322834645669
0
LINE
8
BLACK
6
CONTINUOUS
10
5.8949999999999996
20
-4.6942322834645669
11
5.8949999999999996
21
-4.7080118110236215
0
LINE
8
BLACK
6
CONTINUOUS
10
5.8949999999999996
20
-4.7080118110236215
11
5.8949999999999996
21
-4.841929133858268
0
LINE
8
BLACK
6
CONTINUOUS
10
5.8949999999999996
20
-4.841929133858268
11
5.8949054330708659
21
-4.8428892125984255
0
LINE
8
BLACK
6
CONTINUOUS
10
5.8949054330708659
20
-4.8428892125984255
11
5.89417062992126
21
-4.844663228346457
0
LINE
8
BLACK
6
CONTINUOUS
10
5.89417062992126
20
-4.844663228346457
11
5.8941703937007874
21
-4.8446634251968499
0
LINE
8
BLACK
6
CONTINUOUS
10
5.8941703937007874
20
-4.8446634251968499
11
5.8935585826771648
21
-4.8454089763779526
0
LINE
8
BLACK
6
CONTINUOUS
10
5.8935585826771648
20
-4.8454089763779526
11
5.8161897637795272
21
-4.9227777559055115
0
LINE
8
BLACK
6
CONTINUOUS
10
5.8161897637795272
20
-4.9227777559055115
11
5.8162598425196848
21
-4.9231299212598421
0
LINE
8
BLACK
6
CONTINUOUS
10
5.8162598425196848
20
-4.9231299212598421
11
5.8162598425196848
21
-4.9457677165354328
0
LINE
8
BLACK
6
CONTINUOUS
10
5.8162598425196848
20
-4.9457677165354328
11
5.8161897637795272
21
-4.9461198031496059
0
LINE
8
BLACK
6
CONTINUOUS
10
5.8161897637795272
20
-4.9461198031496059
11
5.816329803149606
21
-4.9462598425196846
0
LINE
8
BLACK
6
CONTINUOUS
10
5.816329803149606
20
-4.9462598425196846
11
5.8566141732283468
21
-4.9462598425196846
0
LINE
8
BLACK
6
CONTINUOUS
10
5.8566141732283468
20
-4.9462598425196846
11
5.8566141732283468
21
-4.9275590551181105
0
LINE
8
BLACK
6
CONTINUOUS
10
5.8566141732283468
20
-4.9275590551181105
11
5.8900787401574801
21
-4.9275590551181105
0
LINE
8
BLACK
6
CONTINUOUS
10
5.8900787401574801
20
-4.9275590551181105
11
5.8900787401574801
21
-4.9570866141732282
0
LINE
8
BLACK
6
CONTINUOUS
10
5.8900787401574801
20
-4.9570866141732282
11
5.8566141732283468
21
-4.9570866141732282
0
LINE
8
BLACK
6
CONTINUOUS
10
5.8566141732283468
20
-4.9570866141732282
11
5.8566141732283468
21
-4.9561023622047244
0
LINE
8
BLACK
6
CONTINUOUS
10
5.8566141732283468
20
-4.9561023622047244
11
5.8142913385826773
21
-4.9561023622047244
0
LINE
8
BLACK
6
CONTINUOUS
10
5.8142913385826773
20
-4.9561023622047244
11
5.8133312598425197
21
-4.9560077952755908
0
LINE
8
BLACK
6
CONTINUOUS
10
5.8133312598425197
20
-4.9560077952755908
11
5.813331220472441
21
-4.9560077952755908
0
LINE
8
BLACK
6
CONTINUOUS
10
5.813331220472441
20
-4.9560077952755908
11
5.8115572440944883
21
-4.9552729921259839
0
LINE
8
BLACK
6
CONTINUOUS
10
5.8115572440944883
20
-4.9552729921259839
11
5.8108114960629917
21
-4.9546609842519684
0
LINE
8
BLACK
6
CONTINUOUS
10
5.8108114960629917
20
-4.9546609842519684
11
5.8105291338582674
21
-4.9543786220472441
0
LINE
8
BLACK
6
CONTINUOUS
10
5.8105291338582674
20
-4.9543786220472441
11
5.8104876771653542
21
-4.9544063385826771
0
LINE
8
BLACK
6
CONTINUOUS
10
5.8104876771653542
20
-4.9544063385826771
11
5.8069094488188977
21
-4.9551181102362207
0
LINE
8
BLACK
6
CONTINUOUS
10
5.8069094488188977
20
-4.9551181102362207
11
5.7882086614173227
21
-4.9551181102362207
0
LINE
8
BLACK
6
CONTINUOUS
10
5.7882086614173227
20
-4.9551181102362207
11
5.7846304330708662
21
-4.9544063385826771
0
LINE
8
BLACK
6
CONTINUOUS
10
5.7846304330708662
20
-4.9544063385826771
11
5.7815969291338583
21
-4.9523794488188972
0
LINE
8
BLACK
6
CONTINUOUS
10
5.7815969291338583
20
-4.9523794488188972
11
5.7795700393700784
21
-4.9493459448818893
0
LINE
8
BLACK
6
CONTINUOUS
10
5.7795700393700784
20
-4.9493459448818893
11
5.7788582677165357
21
-4.9457677165354328
0
LINE
8
BLACK
6
CONTINUOUS
10
5.7788582677165357
20
-4.9457677165354328
11
5.7788582677165357
21
-4.9231299212598421
0
LINE
8
BLACK
6
CONTINUOUS
10
5.7788582677165357
20
-4.9231299212598421
11
5.7795700393700784
21
-4.9195516929133856
0
LINE
8
BLACK
6
CONTINUOUS
10
5.7795700393700784
20
-4.9195516929133856
11
5.7815969291338583
21
-4.9165181889763776
0
LINE
8
BLACK
6
CONTINUOUS
10
5.7815969291338583
20
-4.9165181889763776
11
5.7846304330708662
21
-4.9144912992125986
0
LINE
8
BLACK
6
CONTINUOUS
10
5.7846304330708662
20
-4.9144912992125986
11
5.7882086614173227
21
-4.913779527559055
0
LINE
8
BLACK
6
CONTINUOUS
10
5.7882086614173227
20
-4.913779527559055
11
5.8069094488188977
21
-4.913779527559055
0
LINE
8
BLACK
6
CONTINUOUS
10
5.8069094488188977
20
-4.913779527559055
11
5.8104876771653542
21
-4.9144912992125986
0
LINE
8
BLACK
6
CONTINUOUS
10
5.8104876771653542
20
-4.9144912992125986
11
5.8105291338582674
21
-4.9145190157480316
0
LINE
8
BLACK
6
CONTINUOUS
10
5.8105291338582674
20
-4.9145190157480316
11
5.8851574803149607
21
-4.8398907086614171
0
LINE
8
BLACK
6
CONTINUOUS
10
5.8851574803149607
20
-4.8398907086614171
11
5.8851574803149607
21
-4.7080118110236215
0
LINE
8
BLACK
6
CONTINUOUS
10
5.8851574803149607
20
-4.7080118110236215
11
5.8851574803149607
21
-4.6942322834645669
0
LINE
8
BLACK
6
CONTINUOUS
10
5.8851574803149607
20
-4.6942322834645669
11
5.8853448031496063
21
-4.6932906299212593
0
LINE
8
BLACK
6
CONTINUOUS
10
5.8853448031496063
20
-4.6932906299212593
11
5.8858781889763776
21
-4.6924923622047245
0
LINE
8
BLACK
6
CONTINUOUS
10
5.8858781889763776
20
-4.6924923622047245
11
5.8866764566929133
21
-4.6919589763779523
0
LINE
8
BLACK
6
CONTINUOUS
10
5.8866764566929133
20
-4.6919589763779523
11
5.8876181102362199
21
-4.6917716535433067
0
LINE
8
BLACK
6
CONTINUOUS
10
5.8876181102362199
20
-4.6917716535433067
11
5.8925393700787403
21
-4.6917716535433067
0
LINE
8
BLACK
6
CONTINUOUS
10
5.8925393700787403
20
-4.6917716535433067
11
5.893481023622047
21
-4.6919589763779523
0
LINE
8
BLACK
6
CONTINUOUS
10
5.9899803149606301
20
-4.6760236220472438
11
6.0009448818897635
21
-4.6760236220472438
0
LINE
8
BLACK
6
CONTINUOUS
10
6.0009448818897635
20
-4.6760236220472438
11
6.0019049606299211
21
-4.6761181889763774
0
LINE
8
BLACK
6
CONTINUOUS
10
6.0019049606299211
20
-4.6761181889763774
11
6.0019049999999998
21
-4.6761181889763774
0
LINE
8
BLACK
6
CONTINUOUS
10
6.0019049999999998
20
-4.6761181889763774
11
6.0024245669291334
21
-4.6763333858267719
0
LINE
8
BLACK
6
CONTINUOUS
10
6.0024245669291334
20
-4.6763333858267719
11
6.0036789763779526
21
-4.6768529921259843
0
LINE
8
BLACK
6
CONTINUOUS
10
6.0036789763779526
20
-4.6768529921259843
11
6.0036791732283463
21
-4.676853188976378
0
LINE
8
BLACK
6
CONTINUOUS
10
6.0036791732283463
20
-4.676853188976378
11
6.0044247244094491
21
-4.6774650393700785
0
LINE
8
BLACK
6
CONTINUOUS
10
6.0044247244094491
20
-4.6774650393700785
11
6.0566538582677163
21
-4.7296941338582679
0
LINE
8
BLACK
6
CONTINUOUS
10
6.0566538582677163
20
-4.7296941338582679
11
6.0570908267716534
21
-4.7292572047244095
0
LINE
8
BLACK
6
CONTINUOUS
10
6.0570908267716534
20
-4.7292572047244095
11
6.0606388582677164
21
-4.7277875590551179
0
LINE
8
BLACK
6
CONTINUOUS
10
6.0606388582677164
20
-4.7277875590551179
11
6.0625590551181103
21
-4.7275984251968506
0
LINE
8
BLACK
6
CONTINUOUS
10
6.0625590551181103
20
-4.7275984251968506
11
6.1409449212598428
21
-4.7275984251968506
0
LINE
8
BLACK
6
CONTINUOUS
10
6.1409449212598428
20
-4.7275984251968506
11
6.1409922047244097
21
-4.7275276377952755
0
LINE
8
BLACK
6
CONTINUOUS
10
6.1409922047244097
20
-4.7275276377952755
11
6.142876141732283
21
-4.7262688188976378
0
LINE
8
BLACK
6
CONTINUOUS
10
6.142876141732283
20
-4.7262688188976378
11
6.1450984251968501
21
-4.7258267716535434
0
LINE
8
BLACK
6
CONTINUOUS
10
6.1450984251968501
20
-4.7258267716535434
11
6.1586811023622046
21
-4.7258267716535434
0
LINE
8
BLACK
6
CONTINUOUS
10
6.1586811023622046
20
-4.7258267716535434
11
6.1609033858267717
21
-4.7262688188976378
0
LINE
8
BLACK
6
CONTINUOUS
10
6.1609033858267717
20
-4.7262688188976378
11
6.1627873228346459
21
-4.7275276377952755
0
LINE
8
BLACK
6
CONTINUOUS
10
6.1627873228346459
20
-4.7275276377952755
11
6.1640461417322836
21
-4.7294115748031498
0
LINE
8
BLACK
6
CONTINUOUS
10
6.1640461417322836
20
-4.7294115748031498
11
6.1644881889763781
21
-4.731633858267716
0
LINE
8
BLACK
6
CONTINUOUS
10
6.1644881889763781
20
-4.731633858267716
11
6.1644881889763781
21
-4.743248031496063
0
LINE
8
BLACK
6
CONTINUOUS
10
6.1644881889763781
20
-4.743248031496063
11
6.1640461417322836
21
-4.7454703149606301
0
LINE
8
BLACK
6
CONTINUOUS
10
6.1640461417322836
20
-4.7454703149606301
11
6.1627873228346459
21
-4.7473542519685035
0
LINE
8
BLACK
6
CONTINUOUS
10
6.1627873228346459
20
-4.7473542519685035
11
6.1617322834645671
21
-4.7480592125984247
0
LINE
8
BLACK
6
CONTINUOUS
10
6.1617322834645671
20
-4.7480592125984247
11
6.1617322834645671
21
-4.7793700787401576
0
LINE
8
BLACK
6
CONTINUOUS
10
6.1617322834645671
20
-4.7793700787401576
11
6.1616942125984249
21
-4.7797562204724411
0
LINE
8
BLACK
6
CONTINUOUS
10
6.1616942125984249
20
-4.7797562204724411
11
6.1620047637795272
21
-4.7802209842519687
0
LINE
8
BLACK
6
CONTINUOUS
10
6.1620047637795272
20
-4.7802209842519687
11
6.1627165354330709
21
-4.7837992125984252
0
LINE
8
BLACK
6
CONTINUOUS
10
6.1627165354330709
20
-4.7837992125984252
11
6.1627165354330709
21
-4.8025000000000002
0
LINE
8
BLACK
6
CONTINUOUS
10
6.1627165354330709
20
-4.8025000000000002
11
6.1620047637795272
21
-4.8060782283464567
0
LINE
8
BLACK
6
CONTINUOUS
10
6.1620047637795272
20
-4.8060782283464567
11
6.1599778740157483
21
-4.8091117322834647
0
LINE
8
BLACK
6
CONTINUOUS
10
6.1599778740157483
20
-4.8091117322834647
11
6.1569443700787403
21
-4.8111386220472436
0
LINE
8
BLACK
6
CONTINUOUS
10
6.1569443700787403
20
-4.8111386220472436
11
6.1533661417322829
21
-4.8118503937007873
0
LINE
8
BLACK
6
CONTINUOUS
10
6.1533661417322829
20
-4.8118503937007873
11
6.1518897637795273
21
-4.8118503937007873
0
LINE
8
BLACK
6
CONTINUOUS
10
6.1518897637795273
20
-4.8118503937007873
11
6.1518897637795273
21
-4.8413779527559058
0
LINE
8
BLACK
6
CONTINUOUS
10
6.1518897637795273
20
-4.8413779527559058
11
6.1533661417322829
21
-4.8413779527559058
0
LINE
8
BLACK
6
CONTINUOUS
10
6.1533661417322829
20
-4.8413779527559058
11
6.1569443700787403
21
-4.8420897244094485
0
LINE
8
BLACK
6
CONTINUOUS
10
6.1569443700787403
20
-4.8420897244094485
11
6.1599778740157483
21
-4.8441166141732284
0
LINE
8
BLACK
6
CONTINUOUS
10
6.1599778740157483
20
-4.8441166141732284
11
6.1620047637795272
21
-4.8471501181102363
0
LINE
8
BLACK
6
CONTINUOUS
10
6.1620047637795272
20
-4.8471501181102363
11
6.1627165354330709
21
-4.8507283464566928
0
LINE
8
BLACK
6
CONTINUOUS
10
6.1627165354330709
20
-4.8507283464566928
11
6.1627165354330709
21
-4.8694291338582678
0
LINE
8
BLACK
6
CONTINUOUS
10
6.1627165354330709
20
-4.8694291338582678
11
6.1620047637795272
21
-4.8730073622047243
0
LINE
8
BLACK
6
CONTINUOUS
10
6.1620047637795272
20
-4.8730073622047243
11
6.1599778740157483
21
-4.8760408661417323
0
LINE
8
BLACK
6
CONTINUOUS
10
6.1599778740157483
20
-4.8760408661417323
11
6.1569443700787403
21
-4.8780677559055121
0
LINE
8
BLACK
6
CONTINUOUS
10
6.1569443700787403
20
-4.8780677559055121
11
6.1533661417322829
21
-4.8787795275590549
0
LINE
8
BLACK
6
CONTINUOUS
10
6.1533661417322829
20
-4.8787795275590549
11
6.1307283464566931
21
-4.8787795275590549
0
LINE
8
BLACK
6
CONTINUOUS
10
6.1307283464566931
20
-4.8787795275590549
11
6.1271501181102357
21
-4.8780677559055121
0
LINE
8
BLACK
6
CONTINUOUS
10
6.1271501181102357
20
-4.8780677559055121
11
6.1241166141732286
21
-4.8760408661417323
0
LINE
8
BLACK
6
CONTINUOUS
10
6.1241166141732286
20
-4.8760408661417323
11
6.1220897244094488
21
-4.8730073622047243
0
LINE
8
BLACK
6
CONTINUOUS
10
6.1220897244094488
20
-4.8730073622047243
11
6.1213779527559051
21
-4.8694291338582678
0
LINE
8
BLACK
6
CONTINUOUS
10
6.1213779527559051
20
-4.8694291338582678
11
6.1213779527559051
21
-4.8507283464566928
0
LINE
8
BLACK
6
CONTINUOUS
10
6.1213779527559051
20
-4.8507283464566928
11
6.1220897244094488
21
-4.8471501181102363
0
LINE
8
BLACK
6
CONTINUOUS
10
6.1220897244094488
20
-4.8471501181102363
11
6.1241166141732286
21
-4.8441166141732284
0
LINE
8
BLACK
6
CONTINUOUS
10
6.1241166141732286
20
-4.8441166141732284
11
6.1271501181102357
21
-4.8420897244094485
0
LINE
8
BLACK
6
CONTINUOUS
10
6.1271501181102357
20
-4.8420897244094485
11
6.1307283464566931
21
-4.8413779527559058
0
LINE
8
BLACK
6
CONTINUOUS
10
6.1307283464566931
20
-4.8413779527559058
11
6.1322047244094486
21
-4.8413779527559058
0
LINE
8
BLACK
6
CONTINUOUS
10
6.1322047244094486
20
-4.8413779527559058
11
6.1322047244094486
21
-4.8118503937007873
0
LINE
8
BLACK
6
CONTINUOUS
10
6.1322047244094486
20
-4.8118503937007873
11
6.1307283464566931
21
-4.8118503937007873
0
LINE
8
BLACK
6
CONTINUOUS
10
6.1307283464566931
20
-4.8118503937007873
11
6.1271501181102357
21
-4.8111386220472436
0
LINE
8
BLACK
6
CONTINUOUS
10
6.1271501181102357
20
-4.8111386220472436
11
6.1241166141732286
21
-4.8091117322834647
0
LINE
8
BLACK
6
CONTINUOUS
10
6.1241166141732286
20
-4.8091117322834647
11
6.1220897244094488
21
-4.8060782283464567
0
LINE
8
BLACK
6
CONTINUOUS
10
6.1220897244094488
20
-4.8060782283464567
11
6.1213779527559051
21
-4.8025000000000002
0
LINE
8
BLACK
6
CONTINUOUS
10
6.1213779527559051
20
-4.8025000000000002
11
6.1213779527559051
21
-4.7837992125984252
0
LINE
8
BLACK
6
CONTINUOUS
10
6.1213779527559051
20
-4.7837992125984252
11
6.1220897244094488
21
-4.7802209842519687
0
LINE
8
BLACK
6
CONTINUOUS
10
6.1220897244094488
20
-4.7802209842519687
11
6.1241166141732286
21
-4.7771874803149608
0
LINE
8
BLACK
6
CONTINUOUS
10
6.1241166141732286
20
-4.7771874803149608
11
6.1271501181102357
21
-4.7751605905511809
0
LINE
8
BLACK
6
CONTINUOUS
10
6.1271501181102357
20
-4.7751605905511809
11
6.1307283464566931
21
-4.7744488188976373
0
LINE
8
BLACK
6
CONTINUOUS
10
6.1307283464566931
20
-4.7744488188976373
11
6.1420472440944884
21
-4.7744488188976373
0
LINE
8
BLACK
6
CONTINUOUS
10
6.1420472440944884
20
-4.7744488188976373
11
6.1420472440944884
21
-4.7480592125984247
0
LINE
8
BLACK
6
CONTINUOUS
10
6.1420472440944884
20
-4.7480592125984247
11
6.1409922047244097
21
-4.7473542519685035
0
LINE
8
BLACK
6
CONTINUOUS
10
6.1409922047244097
20
-4.7473542519685035
11
6.1409449212598428
21
-4.7472834645669293
0
LINE
8
BLACK
6
CONTINUOUS
10
6.1409449212598428
20
-4.7472834645669293
11
6.0625590551181103
21
-4.7472834645669293
0
LINE
8
BLACK
6
CONTINUOUS
10
6.0625590551181103
20
-4.7472834645669293
11
6.0606388582677164
21
-4.747094330708661
0
LINE
8
BLACK
6
CONTINUOUS
10
6.0606388582677164
20
-4.747094330708661
11
6.0570908267716534
21
-4.7456246850393704
0
LINE
8
BLACK
6
CONTINUOUS
10
6.0570908267716534
20
-4.7456246850393704
11
6.0560193700787401
21
-4.7445532283464562
0
LINE
8
BLACK
6
CONTINUOUS
10
6.0560193700787401
20
-4.7445532283464562
11
6.054560393700787
21
-4.7467266535433073
0
LINE
8
BLACK
6
CONTINUOUS
10
6.054560393700787
20
-4.7467266535433073
11
6.0519950787401573
21
-4.747836653543307
0
LINE
8
BLACK
6
CONTINUOUS
10
6.0519950787401573
20
-4.747836653543307
11
6.0513875590551178
21
-4.7478740157480317
0
LINE
8
BLACK
6
CONTINUOUS
10
6.0513875590551178
20
-4.7478740157480317
11
6.0338657480314959
21
-4.7478740157480317
0
LINE
8
BLACK
6
CONTINUOUS
10
6.0338657480314959
20
-4.7478740157480317
11
6.0311838188976372
21
-4.7470865354330707
0
LINE
8
BLACK
6
CONTINUOUS
10
6.0311838188976372
20
-4.7470865354330707
11
6.030358070866142
21
-4.746421062992126
0
LINE
8
BLACK
6
CONTINUOUS
10
6.030358070866142
20
-4.746421062992126
11
5.9704171653543305
21
-4.6864801181102358
0
LINE
8
BLACK
6
CONTINUOUS
10
5.9704171653543305
20
-4.6864801181102358
11
5.9700818897637795
21
-4.6858661417322836
0
LINE
8
BLACK
6
CONTINUOUS
10
5.9700818897637795
20
-4.6858661417322836
11
5.9624212598425199
21
-4.6858661417322836
0
LINE
8
BLACK
6
CONTINUOUS
10
5.9624212598425199
20
-4.6858661417322836
11
5.9614796062992124
21
-4.6856788188976379
0
LINE
8
BLACK
6
CONTINUOUS
10
5.9614796062992124
20
-4.6856788188976379
11
5.9606813385826767
21
-4.6851454330708657
0
LINE
8
BLACK
6
CONTINUOUS
10
5.9606813385826767
20
-4.6851454330708657
11
5.9601479527559054
21
-4.6843471653543309
0
LINE
8
BLACK
6
CONTINUOUS
10
5.9601479527559054
20
-4.6843471653543309
11
5.9599606299212597
21
-4.6834055118110234
0
LINE
8
BLACK
6
CONTINUOUS
10
5.9599606299212597
20
-4.6834055118110234
11
5.9599606299212597
21
-4.6784842519685039
0
LINE
8
BLACK
6
CONTINUOUS
10
5.9599606299212597
20
-4.6784842519685039
11
5.9601479527559054
21
-4.6775425984251964
0
LINE
8
BLACK
6
CONTINUOUS
10
5.9601479527559054
20
-4.6775425984251964
11
5.9606813385826767
21
-4.6767443307086616
0
LINE
8
BLACK
6
CONTINUOUS
10
5.9606813385826767
20
-4.6767443307086616
11
5.9614796062992124
21
-4.6762109448818894
0
LINE
8
BLACK
6
CONTINUOUS
10
5.9614796062992124
20
-4.6762109448818894
11
5.9624212598425199
21
-4.6760236220472438
0
LINE
8
BLACK
6
CONTINUOUS
10
5.9624212598425199
20
-4.6760236220472438
11
5.9899803149606301
21
-4.6760236220472438
0
LINE
8
BLACK
6
CONTINUOUS
10
6.4268971259842518
20
-4.6880109842519682
11
6.4299306299212597
21
-4.690037874015748
0
LINE
8
BLACK
6
CONTINUOUS
10
6.4299306299212597
20
-4.690037874015748
11
6.4319575196850396
21
-4.693071377952756
0
LINE
8
BLACK
6
CONTINUOUS
10
6.4319575196850396
20
-4.693071377952756
11
6.4326692913385823
21
-4.6966496062992125
0
LINE
8
BLACK
6
CONTINUOUS
10
6.4326692913385823
20
-4.6966496062992125
11
6.4326692913385823
21
-4.7153503937007875
0
LINE
8
BLACK
6
CONTINUOUS
10
6.4326692913385823
20
-4.7153503937007875
11
6.4319575196850396
21
-4.7189286220472439
0
LINE
8
BLACK
6
CONTINUOUS
10
6.4319575196850396
20
-4.7189286220472439
11
6.4299306299212597
21
-4.7219621259842519
0
LINE
8
BLACK
6
CONTINUOUS
10
6.4299306299212597
20
-4.7219621259842519
11
6.4268971259842518
21
-4.7239890157480318
0
LINE
8
BLACK
6
CONTINUOUS
10
6.4268971259842518
20
-4.7239890157480318
11
6.4233188976377953
21
-4.7247007874015745
0
LINE
8
BLACK
6
CONTINUOUS
10
6.4233188976377953
20
-4.7247007874015745
11
6.4218425196850388
21
-4.7247007874015745
0
LINE
8
BLACK
6
CONTINUOUS
10
6.4218425196850388
20
-4.7247007874015745
11
6.4218425196850388
21
-4.7557898818897639
0
LINE
8
BLACK
6
CONTINUOUS
10
6.4218425196850388
20
-4.7557898818897639
11
6.4237574015748029
21
-4.7570693700787396
0
LINE
8
BLACK
6
CONTINUOUS
10
6.4237574015748029
20
-4.7570693700787396
11
6.4257842913385828
21
-4.7601028740157476
0
LINE
8
BLACK
6
CONTINUOUS
10
6.4257842913385828
20
-4.7601028740157476
11
6.4264960629921255
21
-4.763681102362205
0
LINE
8
BLACK
6
CONTINUOUS
10
6.4264960629921255
20
-4.763681102362205
11
6.4264960629921255
21
-4.7863188976377948
0
LINE
8
BLACK
6
CONTINUOUS
10
6.4264960629921255
20
-4.7863188976377948
11
6.4257842913385828
21
-4.7898971259842522
0
LINE
8
BLACK
6
CONTINUOUS
10
6.4257842913385828
20
-4.7898971259842522
11
6.4237574015748029
21
-4.7929306299212602
0
LINE
8
BLACK
6
CONTINUOUS
10
6.4237574015748029
20
-4.7929306299212602
11
6.4207238976377949
21
-4.7949575196850391
0
LINE
8
BLACK
6
CONTINUOUS
10
6.4207238976377949
20
-4.7949575196850391
11
6.4171456692913385
21
-4.7956692913385828
0
LINE
8
BLACK
6
CONTINUOUS
10
6.4171456692913385
20
-4.7956692913385828
11
6.3984448818897635
21
-4.7956692913385828
0
LINE
8
BLACK
6
CONTINUOUS
10
6.3984448818897635
20
-4.7956692913385828
11
6.394866653543307
21
-4.7949575196850391
0
LINE
8
BLACK
6
CONTINUOUS
10
6.394866653543307
20
-4.7949575196850391
11
6.391833149606299
21
-4.7929306299212602
0
LINE
8
BLACK
6
CONTINUOUS
10
6.391833149606299
20
-4.7929306299212602
11
6.3898062598425192
21
-4.7898971259842522
0
LINE
8
BLACK
6
CONTINUOUS
10
6.3898062598425192
20
-4.7898971259842522
11
6.3890944881889764
21
-4.7863188976377948
0
LINE
8
BLACK
6
CONTINUOUS
10
6.3890944881889764
20
-4.7863188976377948
11
6.3890944881889764
21
-4.763681102362205
0
LINE
8
BLACK
6
CONTINUOUS
10
6.3890944881889764
20
-4.763681102362205
11
6.3898062598425192
21
-4.7601028740157476
0
LINE
8
BLACK
6
CONTINUOUS
10
6.3898062598425192
20
-4.7601028740157476
11
6.391833149606299
21
-4.7570693700787396
0
LINE
8
BLACK
6
CONTINUOUS
10
6.391833149606299
20
-4.7570693700787396
11
6.394866653543307
21
-4.7550424803149607
0
LINE
8
BLACK
6
CONTINUOUS
10
6.394866653543307
20
-4.7550424803149607
11
6.3984448818897635
21
-4.754330708661417
0
LINE
8
BLACK
6
CONTINUOUS
10
6.3984448818897635
20
-4.754330708661417
11
6.4021574803149601
21
-4.754330708661417
0
LINE
8
BLACK
6
CONTINUOUS
10
6.4021574803149601
20
-4.754330708661417
11
6.4021574803149601
21
-4.7247007874015745
0
LINE
8
BLACK
6
CONTINUOUS
10
6.4021574803149601
20
-4.7247007874015745
11
6.4006811023622046
21
-4.7247007874015745
0
LINE
8
BLACK
6
CONTINUOUS
10
6.4006811023622046
20
-4.7247007874015745
11
6.3971028740157481
21
-4.7239890157480318
0
LINE
8
BLACK
6
CONTINUOUS
10
6.3971028740157481
20
-4.7239890157480318
11
6.3940693700787401
21
-4.7219621259842519
0
LINE
8
BLACK
6
CONTINUOUS
10
6.3940693700787401
20
-4.7219621259842519
11
6.3920424803149603
21
-4.7189286220472439
0
LINE
8
BLACK
6
CONTINUOUS
10
6.3920424803149603
20
-4.7189286220472439
11
6.3915351181102364
21
-4.7163779527559058
0
LINE
8
BLACK
6
CONTINUOUS
10
6.3915351181102364
20
-4.7163779527559058
11
6.3643903149606293
21
-4.7163779527559058
0
LINE
8
BLACK
6
CONTINUOUS
10
6.3643903149606293
20
-4.7163779527559058
11
6.3637764173228346
21
-4.7194640551181104
0
LINE
8
BLACK
6
CONTINUOUS
10
6.3637764173228346
20
-4.7194640551181104
11
6.3617495275590548
21
-4.7224975590551184
0
LINE
8
BLACK
6
CONTINUOUS
10
6.3617495275590548
20
-4.7224975590551184
11
6.3587160236220468
21
-4.7245244488188973
0
LINE
8
BLACK
6
CONTINUOUS
10
6.3587160236220468
20
-4.7245244488188973
11
6.3551377952755903
21
-4.725236220472441
0
LINE
8
BLACK
6
CONTINUOUS
10
6.3551377952755903
20
-4.725236220472441
11
6.3536614173228347
21
-4.725236220472441
0
LINE
8
BLACK
6
CONTINUOUS
10
6.3536614173228347
20
-4.725236220472441
11
6.3536614173228347
21
-4.7581102362204719
0
LINE
8
BLACK
6
CONTINUOUS
10
6.3536614173228347
20
-4.7581102362204719
11
6.3534722834645665
21
-4.7600304330708658
0
LINE
8
BLACK
6
CONTINUOUS
10
6.3534722834645665
20
-4.7600304330708658
11
6.3520026377952759
21
-4.7635784645669288
0
LINE
8
BLACK
6
CONTINUOUS
10
6.3520026377952759
20
-4.7635784645669288
11
6.3520024409448821
21
-4.7635786220472438
0
LINE
8
BLACK
6
CONTINUOUS
10
6.3520024409448821
20
-4.7635786220472438
11
6.3507785826771652
21
-4.7650699606299209
0
LINE
8
BLACK
6
CONTINUOUS
10
6.3507785826771652
20
-4.7650699606299209
11
6.3400787401574803
21
-4.7757698031496059
0
LINE
8
BLACK
6
CONTINUOUS
10
6.3400787401574803
20
-4.7757698031496059
11
6.3400787401574803
21
-4.7802559055118108
0
LINE
8
BLACK
6
CONTINUOUS
10
6.3400787401574803
20
-4.7802559055118108
11
6.3396366929133858
21
-4.7824781889763779
0
LINE
8
BLACK
6
CONTINUOUS
10
6.3396366929133858
20
-4.7824781889763779
11
6.3383778740157481
21
-4.7843621259842521
0
LINE
8
BLACK
6
CONTINUOUS
10
6.3383778740157481
20
-4.7843621259842521
11
6.3364939370078739
21
-4.7856209448818898
0
LINE
8
BLACK
6
CONTINUOUS
10
6.3364939370078739
20
-4.7856209448818898
11
6.3342716535433068
21
-4.7860629921259843
0
LINE
8
BLACK
6
CONTINUOUS
10
6.3342716535433068
20
-4.7860629921259843
11
6.3226574803149607
21
-4.7860629921259843
0
LINE
8
BLACK
6
CONTINUOUS
10
6.3226574803149607
20
-4.7860629921259843
11
6.3204351968503936
21
-4.7856209448818898
0
LINE
8
BLACK
6
CONTINUOUS
10
6.3204351968503936
20
-4.7856209448818898
11
6.3185512598425193
21
-4.7843621259842521
0
LINE
8
BLACK
6
CONTINUOUS
10
6.3185512598425193
20
-4.7843621259842521
11
6.3172924409448816
21
-4.7824781889763779
0
LINE
8
BLACK
6
CONTINUOUS
10
6.3172924409448816
20
-4.7824781889763779
11
6.3168503937007872
21
-4.7802559055118108
0
LINE
8
BLACK
6
CONTINUOUS
10
6.3168503937007872
20
-4.7802559055118108
11
6.3168503937007872
21
-4.7666732283464563
0
LINE
8
BLACK
6
CONTINUOUS
10
6.3168503937007872
20
-4.7666732283464563
11
6.3172924409448816
21
-4.7644509448818892
0
LINE
8
BLACK
6
CONTINUOUS
10
6.3172924409448816
20
-4.7644509448818892
11
6.3185512598425193
21
-4.7625670078740159
0
LINE
8
BLACK
6
CONTINUOUS
10
6.3185512598425193
20
-4.7625670078740159
11
6.3204351968503936
21
-4.7613081889763782
0
LINE
8
BLACK
6
CONTINUOUS
10
6.3204351968503936
20
-4.7613081889763782
11
6.3226574803149607
21
-4.7608661417322837
0
LINE
8
BLACK
6
CONTINUOUS
10
6.3226574803149607
20
-4.7608661417322837
11
6.3271435433070868
21
-4.7608661417322837
0
LINE
8
BLACK
6
CONTINUOUS
10
6.3271435433070868
20
-4.7608661417322837
11
6.333976377952756
21
-4.7540333070866136
0
LINE
8
BLACK
6
CONTINUOUS
10
6.333976377952756
20
-4.7540333070866136
11
6.333976377952756
21
-4.725236220472441
0
LINE
8
BLACK
6
CONTINUOUS
10
6.333976377952756
20
-4.725236220472441
11
6.3324999999999996
21
-4.725236220472441
0
LINE
8
BLACK
6
CONTINUOUS
10
6.3324999999999996
20
-4.725236220472441
11
6.3289217716535431
21
-4.7245244488188973
0
LINE
8
BLACK
6
CONTINUOUS
10
6.3289217716535431
20
-4.7245244488188973
11
6.3258882677165351
21
-4.7224975590551184
0
LINE
8
BLACK
6
CONTINUOUS
10
6.3258882677165351
20
-4.7224975590551184
11
6.3238613779527562
21
-4.7194640551181104
0
LINE
8
BLACK
6
CONTINUOUS
10
6.3238613779527562
20
-4.7194640551181104
11
6.3231496062992125
21
-4.715885826771653
0
LINE
8
BLACK
6
CONTINUOUS
10
6.3231496062992125
20
-4.715885826771653
11
6.3231496062992125
21
-4.6971850393700789
0
LINE
8
BLACK
6
CONTINUOUS
10
6.3231496062992125
20
-4.6971850393700789
11
6.3238613779527562
21
-4.6936068110236215
0
LINE
8
BLACK
6
CONTINUOUS
10
6.3238613779527562
20
-4.6936068110236215
11
6.3258882677165351
21
-4.6905733070866145
0
LINE
8
BLACK
6
CONTINUOUS
10
6.3258882677165351
20
-4.6905733070866145
11
6.3289217716535431
21
-4.6885464173228346
0
LINE
8
BLACK
6
CONTINUOUS
10
6.3289217716535431
20
-4.6885464173228346
11
6.3324999999999996
21
-4.687834645669291
0
LINE
8
BLACK
6
CONTINUOUS
10
6.3324999999999996
20
-4.687834645669291
11
6.3551377952755903
21
-4.687834645669291
0
LINE
8
BLACK
6
CONTINUOUS
10
6.3551377952755903
20
-4.687834645669291
11
6.3587160236220468
21
-4.6885464173228346
0
LINE
8
BLACK
6
CONTINUOUS
10
6.3587160236220468
20
-4.6885464173228346
11
6.3617495275590548
21
-4.6905733070866145
0
LINE
8
BLACK
6
CONTINUOUS
10
6.3617495275590548
20
-4.6905733070866145
11
6.3637764173228346
21
-4.6936068110236215
0
LINE
8
BLACK
6
CONTINUOUS
10
6.3637764173228346
20
-4.6936068110236215
11
6.3643903149606293
21
-4.6966929133858271
0
LINE
8
BLACK
6
CONTINUOUS
10
6.3643903149606293
20
-4.6966929133858271
11
6.3913307086614175
21
-4.6966929133858271
0
LINE
8
BLACK
6
CONTINUOUS
10
6.3913307086614175
20
-4.6966929133858271
11
6.3913307086614175
21
-4.6966496062992125
0
LINE
8
BLACK
6
CONTINUOUS
10
6.3913307086614175
20
-4.6966496062992125
11
6.3920424803149603
21
-4.693071377952756
0
LINE
8
BLACK
6
CONTINUOUS
10
6.3920424803149603
20
-4.693071377952756
11
6.3940693700787401
21
-4.690037874015748
0
LINE
8
BLACK
6
CONTINUOUS
10
6.3940693700787401
20
-4.690037874015748
11
6.3971028740157481
21
-4.6880109842519682
0
LINE
8
BLACK
6
CONTINUOUS
10
6.3971028740157481
20
-4.6880109842519682
11
6.4006811023622046
21
-4.6872992125984254
0
LINE
8
BLACK
6
CONTINUOUS
10
6.4006811023622046
20
-4.6872992125984254
11
6.4233188976377953
21
-4.6872992125984254
0
LINE
8
BLACK
6
CONTINUOUS
10
6.4233188976377953
20
-4.6872992125984254
11
6.4268971259842518
21
-4.6880109842519682
0
LINE
8
BLACK
6
CONTINUOUS
10
6.1120844881889766
20
-4.6865050393700782
11
6.11396842519685
21
-4.6877638582677168
0
LINE
8
BLACK
6
CONTINUOUS
10
6.11396842519685
20
-4.6877638582677168
11
6.1146733858267712
21
-4.6888188976377956
0
LINE
8
BLACK
6
CONTINUOUS
10
6.1146733858267712
20
-4.6888188976377956
11
6.1417700787401577
21
-4.6888188976377956
0
LINE
8
BLACK
6
CONTINUOUS
10
6.1417700787401577
20
-4.6888188976377956
11
6.142876141732283
21
-4.6880798425196852
0
LINE
8
BLACK
6
CONTINUOUS
10
6.142876141732283
20
-4.6880798425196852
11
6.1450984251968501
21
-4.6876377952755908
0
LINE
8
BLACK
6
CONTINUOUS
10
6.1450984251968501
20
-4.6876377952755908
11
6.1586811023622046
21
-4.6876377952755908
0
LINE
8
BLACK
6
CONTINUOUS
10
6.1586811023622046
20
-4.6876377952755908
11
6.1609033858267717
21
-4.6880798425196852
0
LINE
8
BLACK
6
CONTINUOUS
10
6.1609033858267717
20
-4.6880798425196852
11
6.1627873228346459
21
-4.6893386614173229
0
LINE
8
BLACK
6
CONTINUOUS
10
6.1627873228346459
20
-4.6893386614173229
11
6.1628346062992128
21
-4.6894094488188971
0
LINE
8
BLACK
6
CONTINUOUS
10
6.1628346062992128
20
-4.6894094488188971
11
6.1952515748031498
21
-4.6894094488188971
0
LINE
8
BLACK
6
CONTINUOUS
10
6.1952515748031498
20
-4.6894094488188971
11
6.1980162598425199
21
-4.6875621653543309
0
LINE
8
BLACK
6
CONTINUOUS
10
6.1980162598425199
20
-4.6875621653543309
11
6.2015944881889764
21
-4.6868503937007873
0
LINE
8
BLACK
6
CONTINUOUS
10
6.2015944881889764
20
-4.6868503937007873
11
6.2202952755905514
21
-4.6868503937007873
0
LINE
8
BLACK
6
CONTINUOUS
10
6.2202952755905514
20
-4.6868503937007873
11
6.2238735039370079
21
-4.6875621653543309
0
LINE
8
BLACK
6
CONTINUOUS
10
6.2238735039370079
20
-4.6875621653543309
11
6.2269070078740159
21
-4.6895890551181099
0
LINE
8
BLACK
6
CONTINUOUS
10
6.2269070078740159
20
-4.6895890551181099
11
6.2289338976377948
21
-4.6926225590551178
0
LINE
8
BLACK
6
CONTINUOUS
10
6.2289338976377948
20
-4.6926225590551178
11
6.2296456692913385
21
-4.6962007874015743
0
LINE
8
BLACK
6
CONTINUOUS
10
6.2296456692913385
20
-4.6962007874015743
11
6.2296456692913385
21
-4.6976771653543308
0
LINE
8
BLACK
6
CONTINUOUS
10
6.2296456692913385
20
-4.6976771653543308
11
6.2542519685039366
21
-4.6976771653543308
0
LINE
8
BLACK
6
CONTINUOUS
10
6.2542519685039366
20
-4.6976771653543308
11
6.2542519685039366
21
-4.6971850393700789
0
LINE
8
BLACK
6
CONTINUOUS
10
6.2542519685039366
20
-4.6971850393700789
11
6.2549637401574802
21
-4.6936068110236215
0
LINE
8
BLACK
6
CONTINUOUS
10
6.2549637401574802
20
-4.6936068110236215
11
6.2569906299212601
21
-4.6905733070866145
0
LINE
8
BLACK
6
CONTINUOUS
10
6.2569906299212601
20
-4.6905733070866145
11
6.2600241338582672
21
-4.6885464173228346
0
LINE
8
BLACK
6
CONTINUOUS
10
6.2600241338582672
20
-4.6885464173228346
11
6.2636023622047245
21
-4.687834645669291
0
LINE
8
BLACK
6
CONTINUOUS
10
6.2636023622047245
20
-4.687834645669291
11
6.2862401574803144
21
-4.687834645669291
0
LINE
8
BLACK
6
CONTINUOUS
10
6.2862401574803144
20
-4.687834645669291
11
6.2898183858267718
21
-4.6885464173228346
0
LINE
8
BLACK
6
CONTINUOUS
10
6.2898183858267718
20
-4.6885464173228346
11
6.2928518897637797
21
-4.6905733070866145
0
LINE
8
BLACK
6
CONTINUOUS
10
6.2928518897637797
20
-4.6905733070866145
11
6.2948787795275587
21
-4.6936068110236215
0
LINE
8
BLACK
6
CONTINUOUS
10
6.2948787795275587
20
-4.6936068110236215
11
6.2955905511811023
21
-4.6971850393700789
0
LINE
8
BLACK
6
CONTINUOUS
10
6.2955905511811023
20
-4.6971850393700789
11
6.2955905511811023
21
-4.715885826771653
0
LINE
8
BLACK
6
CONTINUOUS
10
6.2955905511811023
20
-4.715885826771653
11
6.2948787795275587
21
-4.7194640551181104
0
LINE
8
BLACK
6
CONTINUOUS
10
6.2948787795275587
20
-4.7194640551181104
11
6.2928518897637797
21
-4.7224975590551184
0
LINE
8
BLACK
6
CONTINUOUS
10
6.2928518897637797
20
-4.7224975590551184
11
6.2898183858267718
21
-4.7245244488188973
0
LINE
8
BLACK
6
CONTINUOUS
10
6.2898183858267718
20
-4.7245244488188973
11
6.2862401574803144
21
-4.725236220472441
0
LINE
8
BLACK
6
CONTINUOUS
10
6.2862401574803144
20
-4.725236220472441
11
6.2847637795275588
21
-4.725236220472441
0
LINE
8
BLACK
6
CONTINUOUS
10
6.2847637795275588
20
-4.725236220472441
11
6.2847637795275588
21
-4.7540333070866136
0
LINE
8
BLACK
6
CONTINUOUS
10
6.2847637795275588
20
-4.7540333070866136
11
6.2915965748031493
21
-4.7608661417322837
0
LINE
8
BLACK
6
CONTINUOUS
10
6.2915965748031493
20
-4.7608661417322837
11
6.2960826771653542
21
-4.7608661417322837
0
LINE
8
BLACK
6
CONTINUOUS
10
6.2960826771653542
20
-4.7608661417322837
11
6.2983049606299213
21
-4.7613081889763782
0
LINE
8
BLACK
6
CONTINUOUS
10
6.2983049606299213
20
-4.7613081889763782
11
6.3001888976377955
21
-4.7625670078740159
0
LINE
8
BLACK
6
CONTINUOUS
10
6.3001888976377955
20
-4.7625670078740159
11
6.3014477165354332
21
-4.7644509448818892
0
LINE
8
BLACK
6
CONTINUOUS
10
6.3014477165354332
20
-4.7644509448818892
11
6.3018897637795277
21
-4.7666732283464563
0
LINE
8
BLACK
6
CONTINUOUS
10
6.3018897637795277
20
-4.7666732283464563
11
6.3018897637795277
21
-4.7802559055118108
0
LINE
8
BLACK
6
CONTINUOUS
10
6.3018897637795277
20
-4.7802559055118108
11
6.3014477165354332
21
-4.7824781889763779
0
LINE
8
BLACK
6
CONTINUOUS
10
6.3014477165354332
20
-4.7824781889763779
11
6.3001888976377955
21
-4.7843621259842521
0
LINE
8
BLACK
6
CONTINUOUS
10
6.3001888976377955
20
-4.7843621259842521
11
6.2983049606299213
21
-4.7856209448818898
0
LINE
8
BLACK
6
CONTINUOUS
10
6.2983049606299213
20
-4.7856209448818898
11
6.2960826771653542
21
-4.7860629921259843
0
LINE
8
BLACK
6
CONTINUOUS
10
6.2960826771653542
20
-4.7860629921259843
11
6.2844685039370081
21
-4.7860629921259843
0
LINE
8
BLACK
6
CONTINUOUS
10
6.2844685039370081
20
-4.7860629921259843
11
6.282246220472441
21
-4.7856209448818898
0
LINE
8
BLACK
6
CONTINUOUS
10
6.282246220472441
20
-4.7856209448818898
11
6.2803622834645667
21
-4.7843621259842521
0
LINE
8
BLACK
6
CONTINUOUS
10
6.2803622834645667
20
-4.7843621259842521
11
6.279103464566929
21
-4.7824781889763779
0
LINE
8
BLACK
6
CONTINUOUS
10
6.279103464566929
20
-4.7824781889763779
11
6.2786614173228346
21
-4.7802559055118108
0
LINE
8
BLACK
6
CONTINUOUS
10
6.2786614173228346
20
-4.7802559055118108
11
6.2786614173228346
21
-4.7757698031496059
0
LINE
8
BLACK
6
CONTINUOUS
10
6.2786614173228346
20
-4.7757698031496059
11
6.2679615354330709
21
-4.7650699606299209
0
LINE
8
BLACK
6
CONTINUOUS
10
6.2679615354330709
20
-4.7650699606299209
11
6.266737677165354
21
-4.7635786220472438
0
LINE
8
BLACK
6
CONTINUOUS
10
6.266737677165354
20
-4.7635786220472438
11
6.266737519685039
21
-4.7635784645669288
0
LINE
8
BLACK
6
CONTINUOUS
10
6.266737519685039
20
-4.7635784645669288
11
6.2652678740157475
21
-4.7600304330708658
0
LINE
8
BLACK
6
CONTINUOUS
10
6.2652678740157475
20
-4.7600304330708658
11
6.2650787401574801
21
-4.7581102362204719
0
LINE
8
BLACK
6
CONTINUOUS
10
6.2650787401574801
20
-4.7581102362204719
11
6.2650787401574801
21
-4.725236220472441
0
LINE
8
BLACK
6
CONTINUOUS
10
6.2650787401574801
20
-4.725236220472441
11
6.2636023622047245
21
-4.725236220472441
0
LINE
8
BLACK
6
CONTINUOUS
10
6.2636023622047245
20
-4.725236220472441
11
6.2600241338582672
21
-4.7245244488188973
0
LINE
8
BLACK
6
CONTINUOUS
10
6.2600241338582672
20
-4.7245244488188973
11
6.2569906299212601
21
-4.7224975590551184
0
LINE
8
BLACK
6
CONTINUOUS
10
6.2569906299212601
20
-4.7224975590551184
11
6.2549637401574802
21
-4.7194640551181104
0
LINE
8
BLACK
6
CONTINUOUS
10
6.2549637401574802
20
-4.7194640551181104
11
6.2545456299212594
21
-4.7173622047244095
0
LINE
8
BLACK
6
CONTINUOUS
10
6.2545456299212594
20
-4.7173622047244095
11
6.2296456692913385
21
-4.7173622047244095
0
LINE
8
BLACK
6
CONTINUOUS
10
6.2296456692913385
20
-4.7173622047244095
11
6.2296456692913385
21
-4.718838582677165
0
LINE
8
BLACK
6
CONTINUOUS
10
6.2296456692913385
20
-4.718838582677165
11
6.2289338976377948
21
-4.7224168110236215
0
LINE
8
BLACK
6
CONTINUOUS
10
6.2289338976377948
20
-4.7224168110236215
11
6.2269070078740159
21
-4.7254503149606295
0
LINE
8
BLACK
6
CONTINUOUS
10
6.2269070078740159
20
-4.7254503149606295
11
6.2238735039370079
21
-4.7274772047244094
0
LINE
8
BLACK
6
CONTINUOUS
10
6.2238735039370079
20
-4.7274772047244094
11
6.2202952755905514
21
-4.728188976377953
0
LINE
8
BLACK
6
CONTINUOUS
10
6.2202952755905514
20
-4.728188976377953
11
6.2015944881889764
21
-4.728188976377953
0
LINE
8
BLACK
6
CONTINUOUS
10
6.2015944881889764
20
-4.728188976377953
11
6.1980162598425199
21
-4.7274772047244094
0
LINE
8
BLACK
6
CONTINUOUS
10
6.1980162598425199
20
-4.7274772047244094
11
6.194982755905512
21
-4.7254503149606295
0
LINE
8
BLACK
6
CONTINUOUS
10
6.194982755905512
20
-4.7254503149606295
11
6.1929558661417321
21
-4.7224168110236215
0
LINE
8
BLACK
6
CONTINUOUS
10
6.1929558661417321
20
-4.7224168110236215
11
6.1922440944881885
21
-4.718838582677165
0
LINE
8
BLACK
6
CONTINUOUS
10
6.1922440944881885
20
-4.718838582677165
11
6.1922440944881885
21
-4.7090944881889767
0
LINE
8
BLACK
6
CONTINUOUS
10
6.1922440944881885
20
-4.7090944881889767
11
6.1628346062992128
21
-4.7090944881889767
0
LINE
8
BLACK
6
CONTINUOUS
10
6.1628346062992128
20
-4.7090944881889767
11
6.1627873228346459
21
-4.7091652755905509
0
LINE
8
BLACK
6
CONTINUOUS
10
6.1627873228346459
20
-4.7091652755905509
11
6.1609033858267717
21
-4.7104240944881886
0
LINE
8
BLACK
6
CONTINUOUS
10
6.1609033858267717
20
-4.7104240944881886
11
6.1586811023622046
21
-4.710866141732283
0
LINE
8
BLACK
6
CONTINUOUS
10
6.1586811023622046
20
-4.710866141732283
11
6.1450984251968501
21
-4.710866141732283
0
LINE
8
BLACK
6
CONTINUOUS
10
6.1450984251968501
20
-4.710866141732283
11
6.142876141732283
21
-4.7104240944881886
0
LINE
8
BLACK
6
CONTINUOUS
10
6.142876141732283
20
-4.7104240944881886
11
6.1409922047244097
21
-4.7091652755905509
0
LINE
8
BLACK
6
CONTINUOUS
10
6.1409922047244097
20
-4.7091652755905509
11
6.1405503149606302
21
-4.7085039370078743
0
LINE
8
BLACK
6
CONTINUOUS
10
6.1405503149606302
20
-4.7085039370078743
11
6.1146733858267712
21
-4.7085039370078743
0
LINE
8
BLACK
6
CONTINUOUS
10
6.1146733858267712
20
-4.7085039370078743
11
6.11396842519685
21
-4.7095589763779531
0
LINE
8
BLACK
6
CONTINUOUS
10
6.11396842519685
20
-4.7095589763779531
11
6.1120844881889766
21
-4.7108177952755907
0
LINE
8
BLACK
6
CONTINUOUS
10
6.1120844881889766
20
-4.7108177952755907
11
6.1098622047244096
21
-4.7112598425196852
0
LINE
8
BLACK
6
CONTINUOUS
10
6.1098622047244096
20
-4.7112598425196852
11
6.0982480314960625
21
-4.7112598425196852
0
LINE
8
BLACK
6
CONTINUOUS
10
6.0982480314960625
20
-4.7112598425196852
11
6.0960257480314963
21
-4.7108177952755907
0
LINE
8
BLACK
6
CONTINUOUS
10
6.0960257480314963
20
-4.7108177952755907
11
6.0941418110236221
21
-4.7095589763779531
0
LINE
8
BLACK
6
CONTINUOUS
10
6.0941418110236221
20
-4.7095589763779531
11
6.0928829921259844
21
-4.7076750393700788
0
LINE
8
BLACK
6
CONTINUOUS
10
6.0928829921259844
20
-4.7076750393700788
11
6.0924409448818899
21
-4.7054527559055117
0
LINE
8
BLACK
6
CONTINUOUS
10
6.0924409448818899
20
-4.7054527559055117
11
6.0924409448818899
21
-4.6918700787401573
0
LINE
8
BLACK
6
CONTINUOUS
10
6.0924409448818899
20
-4.6918700787401573
11
6.0928829921259844
21
-4.6896477952755902
0
LINE
8
BLACK
6
CONTINUOUS
10
6.0928829921259844
20
-4.6896477952755902
11
6.0941418110236221
21
-4.6877638582677168
0
LINE
8
BLACK
6
CONTINUOUS
10
6.0941418110236221
20
-4.6877638582677168
11
6.0960257480314963
21
-4.6865050393700782
0
LINE
8
BLACK
6
CONTINUOUS
10
6.0960257480314963
20
-4.6865050393700782
11
6.0982480314960625
21
-4.6860629921259838
0
LINE
8
BLACK
6
CONTINUOUS
10
6.0982480314960625
20
-4.6860629921259838
11
6.1098622047244096
21
-4.6860629921259838
0
LINE
8
BLACK
6
CONTINUOUS
10
6.1098622047244096
20
-4.6860629921259838
11
6.1120844881889766
21
-4.6865050393700782
0
LINE
8
BLACK
6
CONTINUOUS
10
5.9525361417322831
20
-4.6919589763779523
11
5.9533344094488188
21
-4.6924923622047245
0
LINE
8
BLACK
6
CONTINUOUS
10
5.9533344094488188
20
-4.6924923622047245
11
5.9538677952755901
21
-4.6932906299212593
0
LINE
8
BLACK
6
CONTINUOUS
10
5.9538677952755901
20
-4.6932906299212593
11
5.9540551181102357
21
-4.6942322834645669
0
LINE
8
BLACK
6
CONTINUOUS
10
5.9540551181102357
20
-4.6942322834645669
11
5.9540551181102357
21
-4.7080118110236215
0
LINE
8
BLACK
6
CONTINUOUS
10
5.9540551181102357
20
-4.7080118110236215
11
5.9540551181102357
21
-4.7379615748031494
0
LINE
8
BLACK
6
CONTINUOUS
10
5.9540551181102357
20
-4.7379615748031494
11
5.9746888976377948
21
-4.7585953543307085
0
LINE
8
BLACK
6
CONTINUOUS
10
5.9746888976377948
20
-4.7585953543307085
11
5.976610472440945
21
-4.7578959842519684
0
LINE
8
BLACK
6
CONTINUOUS
10
5.976610472440945
20
-4.7578959842519684
11
5.9807123622047245
21
-4.7578959842519684
0
LINE
8
BLACK
6
CONTINUOUS
10
5.9807123622047245
20
-4.7578959842519684
11
5.9845669291338579
21
-4.7592988976377955
0
LINE
8
BLACK
6
CONTINUOUS
10
5.9845669291338579
20
-4.7592988976377955
11
5.9877091732283461
21
-4.7619355905511807
0
LINE
8
BLACK
6
CONTINUOUS
10
5.9877091732283461
20
-4.7619355905511807
11
5.9897601574803145
21
-4.7654879527559055
0
LINE
8
BLACK
6
CONTINUOUS
10
5.9897601574803145
20
-4.7654879527559055
11
5.990472440944882
21
-4.7695275590551178
0
LINE
8
BLACK
6
CONTINUOUS
10
5.990472440944882
20
-4.7695275590551178
11
5.9897601574803145
21
-4.773567165354331
0
LINE
8
BLACK
6
CONTINUOUS
10
5.9897601574803145
20
-4.773567165354331
11
5.9877091732283461
21
-4.777119527559055
0
LINE
8
BLACK
6
CONTINUOUS
10
5.9877091732283461
20
-4.777119527559055
11
5.9845669291338579
21
-4.7797562204724411
0
LINE
8
BLACK
6
CONTINUOUS
10
5.9845669291338579
20
-4.7797562204724411
11
5.9807123622047245
21
-4.7811591338582673
0
LINE
8
BLACK
6
CONTINUOUS
10
5.9807123622047245
20
-4.7811591338582673
11
5.976610472440945
21
-4.7811591338582673
0
LINE
8
BLACK
6
CONTINUOUS
10
5.976610472440945
20
-4.7811591338582673
11
5.9727559055118107
21
-4.7797562204724411
0
LINE
8
BLACK
6
CONTINUOUS
10
5.9727559055118107
20
-4.7797562204724411
11
5.9696136614173225
21
-4.777119527559055
0
LINE
8
BLACK
6
CONTINUOUS
10
5.9696136614173225
20
-4.777119527559055
11
5.967562677165354
21
-4.773567165354331
0
LINE
8
BLACK
6
CONTINUOUS
10
5.967562677165354
20
-4.773567165354331
11
5.9668503937007875
21
-4.7695275590551178
0
LINE
8
BLACK
6
CONTINUOUS
10
5.9668503937007875
20
-4.7695275590551178
11
5.967562677165354
21
-4.7654879527559055
0
LINE
8
BLACK
6
CONTINUOUS
10
5.967562677165354
20
-4.7654879527559055
11
5.96759905511811
21
-4.7654248818897633
0
LINE
8
BLACK
6
CONTINUOUS
10
5.96759905511811
20
-4.7654248818897633
11
5.9456540157480315
21
-4.7434798425196849
0
LINE
8
BLACK
6
CONTINUOUS
10
5.9456540157480315
20
-4.7434798425196849
11
5.9450421653543302
21
-4.7427342913385822
0
LINE
8
BLACK
6
CONTINUOUS
10
5.9450421653543302
20
-4.7427342913385822
11
5.9450419685039373
21
-4.7427340944881893
0
LINE
8
BLACK
6
CONTINUOUS
10
5.9450419685039373
20
-4.7427340944881893
11
5.9443071653543305
21
-4.7409600787401578
0
LINE
8
BLACK
6
CONTINUOUS
10
5.9443071653543305
20
-4.7409600787401578
11
5.9442125984251968
21
-4.7400000000000002
0
LINE
8
BLACK
6
CONTINUOUS
10
5.9442125984251968
20
-4.7400000000000002
11
5.9442125984251968
21
-4.7080118110236215
0
LINE
8
BLACK
6
CONTINUOUS
10
5.9442125984251968
20
-4.7080118110236215
11
5.9442125984251968
21
-4.6942322834645669
0
LINE
8
BLACK
6
CONTINUOUS
10
5.9442125984251968
20
-4.6942322834645669
11
5.9443999212598424
21
-4.6932906299212593
0
LINE
8
BLACK
6
CONTINUOUS
10
5.9443999212598424
20
-4.6932906299212593
11
5.9449333070866137
21
-4.6924923622047245
0
LINE
8
BLACK
6
CONTINUOUS
10
5.9449333070866137
20
-4.6924923622047245
11
5.9457315748031494
21
-4.6919589763779523
0
LINE
8
BLACK
6
CONTINUOUS
10
5.9457315748031494
20
-4.6919589763779523
11
5.946673228346457
21
-4.6917716535433067
0
LINE
8
BLACK
6
CONTINUOUS
10
5.946673228346457
20
-4.6917716535433067
11
5.9515944881889764
21
-4.6917716535433067
0
LINE
8
BLACK
6
CONTINUOUS
10
5.9515944881889764
20
-4.6917716535433067
11
5.9525361417322831
21
-4.6919589763779523
0
LINE
8
BLACK
6
CONTINUOUS
10
6.4957947637795277
20
-4.6880109842519682
11
6.4988282677165357
21
-4.690037874015748
0
LINE
8
BLACK
6
CONTINUOUS
10
6.4988282677165357
20
-4.690037874015748
11
6.5008551574803146
21
-4.693071377952756
0
LINE
8
BLACK
6
CONTINUOUS
10
6.5008551574803146
20
-4.693071377952756
11
6.5015669291338583
21
-4.6966496062992125
0
LINE
8
BLACK
6
CONTINUOUS
10
6.5015669291338583
20
-4.6966496062992125
11
6.5015669291338583
21
-4.7092519685039367
0
LINE
8
BLACK
6
CONTINUOUS
10
6.5015669291338583
20
-4.7092519685039367
11
6.5330551574803151
21
-4.7092519685039367
0
LINE
8
BLACK
6
CONTINUOUS
10
6.5330551574803151
20
-4.7092519685039367
11
6.5331024409448819
21
-4.7091811811023625
0
LINE
8
BLACK
6
CONTINUOUS
10
6.5331024409448819
20
-4.7091811811023625
11
6.5349863779527562
21
-4.7079223622047239
0
LINE
8
BLACK
6
CONTINUOUS
10
6.5349863779527562
20
-4.7079223622047239
11
6.5372086614173224
21
-4.7074803149606295
0
LINE
8
BLACK
6
CONTINUOUS
10
6.5372086614173224
20
-4.7074803149606295
11
6.5507913385826768
21
-4.7074803149606295
0
LINE
8
BLACK
6
CONTINUOUS
10
6.5507913385826768
20
-4.7074803149606295
11
6.5530136220472439
21
-4.7079223622047239
0
LINE
8
BLACK
6
CONTINUOUS
10
6.5530136220472439
20
-4.7079223622047239
11
6.5548975590551182
21
-4.7091811811023625
0
LINE
8
BLACK
6
CONTINUOUS
10
6.5548975590551182
20
-4.7091811811023625
11
6.5561563779527559
21
-4.7110651181102359
0
LINE
8
BLACK
6
CONTINUOUS
10
6.5561563779527559
20
-4.7110651181102359
11
6.5565984251968503
21
-4.713287401574803
0
LINE
8
BLACK
6
CONTINUOUS
10
6.5565984251968503
20
-4.713287401574803
11
6.5565984251968503
21
-4.7249015748031491
0
LINE
8
BLACK
6
CONTINUOUS
10
6.5565984251968503
20
-4.7249015748031491
11
6.5561563779527559
21
-4.7271238582677162
0
LINE
8
BLACK
6
CONTINUOUS
10
6.5561563779527559
20
-4.7271238582677162
11
6.5548975590551182
21
-4.7290077952755905
0
LINE
8
BLACK
6
CONTINUOUS
10
6.5548975590551182
20
-4.7290077952755905
11
6.5530136220472439
21
-4.7302666141732281
0
LINE
8
BLACK
6
CONTINUOUS
10
6.5530136220472439
20
-4.7302666141732281
11
6.5507913385826768
21
-4.7307086614173226
0
LINE
8
BLACK
6
CONTINUOUS
10
6.5507913385826768
20
-4.7307086614173226
11
6.5372086614173224
21
-4.7307086614173226
0
LINE
8
BLACK
6
CONTINUOUS
10
6.5372086614173224
20
-4.7307086614173226
11
6.5349863779527562
21
-4.7302666141732281
0
LINE
8
BLACK
6
CONTINUOUS
10
6.5349863779527562
20
-4.7302666141732281
11
6.5331024409448819
21
-4.7290077952755905
0
LINE
8
BLACK
6
CONTINUOUS
10
6.5331024409448819
20
-4.7290077952755905
11
6.5330551574803151
21
-4.7289370078740154
0
LINE
8
BLACK
6
CONTINUOUS
10
6.5330551574803151
20
-4.7289370078740154
11
6.4939921259842519
21
-4.7289370078740154
0
LINE
8
BLACK
6
CONTINUOUS
10
6.4939921259842519
20
-4.7289370078740154
11
6.492071929133858
21
-4.728747874015748
0
LINE
8
BLACK
6
CONTINUOUS
10
6.492071929133858
20
-4.728747874015748
11
6.488523897637795
21
-4.7272782283464565
0
LINE
8
BLACK
6
CONTINUOUS
10
6.488523897637795
20
-4.7272782283464565
11
6.4885237007874013
21
-4.7272780314960627
0
LINE
8
BLACK
6
CONTINUOUS
10
6.4885237007874013
20
-4.7272780314960627
11
6.4870324015748029
21
-4.7260541732283468
0
LINE
8
BLACK
6
CONTINUOUS
10
6.4870324015748029
20
-4.7260541732283468
11
6.4856790157480315
21
-4.7247007874015745
0
LINE
8
BLACK
6
CONTINUOUS
10
6.4856790157480315
20
-4.7247007874015745
11
6.4695787401574805
21
-4.7247007874015745
0
LINE
8
BLACK
6
CONTINUOUS
10
6.4695787401574805
20
-4.7247007874015745
11
6.4660005118110231
21
-4.7239890157480318
0
LINE
8
BLACK
6
CONTINUOUS
10
6.4660005118110231
20
-4.7239890157480318
11
6.462967007874016
21
-4.7219621259842519
0
LINE
8
BLACK
6
CONTINUOUS
10
6.462967007874016
20
-4.7219621259842519
11
6.4609401181102362
21
-4.7189286220472439
0
LINE
8
BLACK
6
CONTINUOUS
10
6.4609401181102362
20
-4.7189286220472439
11
6.4602283464566925
21
-4.7153503937007875
0
LINE
8
BLACK
6
CONTINUOUS
10
6.4602283464566925
20
-4.7153503937007875
11
6.4602283464566925
21
-4.6966496062992125
0
LINE
8
BLACK
6
CONTINUOUS
10
6.4602283464566925
20
-4.6966496062992125
11
6.4609401181102362
21
-4.693071377952756
0
LINE
8
BLACK
6
CONTINUOUS
10
6.4609401181102362
20
-4.693071377952756
11
6.462967007874016
21
-4.690037874015748
0
LINE
8
BLACK
6
CONTINUOUS
10
6.462967007874016
20
-4.690037874015748
11
6.4660005118110231
21
-4.6880109842519682
0
LINE
8
BLACK
6
CONTINUOUS
10
6.4660005118110231
20
-4.6880109842519682
11
6.4695787401574805
21
-4.6872992125984254
0
LINE
8
BLACK
6
CONTINUOUS
10
6.4695787401574805
20
-4.6872992125984254
11
6.4922165354330703
21
-4.6872992125984254
0
LINE
8
BLACK
6
CONTINUOUS
10
6.4922165354330703
20
-4.6872992125984254
11
6.4957947637795277
21
-4.6880109842519682
0
LINE
8
BLACK
6
CONTINUOUS
10
5.9899803149606301
20
-4.656338582677165
11
6.0284645669291335
21
-4.656338582677165
0
LINE
8
BLACK
6
CONTINUOUS
10
6.0284645669291335
20
-4.656338582677165
11
6.0288582677165357
21
-4.656338582677165
0
LINE
8
BLACK
6
CONTINUOUS
10
6.0288582677165357
20
-4.656338582677165
11
6.0298183464566923
21
-4.6564331496062987
0
LINE
8
BLACK
6
CONTINUOUS
10
6.0298183464566923
20
-4.6564331496062987
11
6.0298183858267711
21
-4.6564331496062987
0
LINE
8
BLACK
6
CONTINUOUS
10
6.0298183858267711
20
-4.6564331496062987
11
6.0302974015748028
21
-4.6566315748031499
0
LINE
8
BLACK
6
CONTINUOUS
10
6.0302974015748028
20
-4.6566315748031499
11
6.0315923622047238
21
-4.6571679527559056
0
LINE
8
BLACK
6
CONTINUOUS
10
6.0315923622047238
20
-4.6571679527559056
11
6.0315925590551176
21
-4.6571681496062993
0
LINE
8
BLACK
6
CONTINUOUS
10
6.0315925590551176
20
-4.6571681496062993
11
6.032290590551181
21
-4.6577410236220471
0
LINE
8
BLACK
6
CONTINUOUS
10
6.032290590551181
20
-4.6577410236220471
11
6.0328436220472437
21
-4.657511968503937
0
LINE
8
BLACK
6
CONTINUOUS
10
6.0328436220472437
20
-4.657511968503937
11
6.036683937007874
21
-4.657511968503937
0
LINE
8
BLACK
6
CONTINUOUS
10
6.036683937007874
20
-4.657511968503937
11
6.040231968503937
21
-4.6589816141732285
0
LINE
8
BLACK
6
CONTINUOUS
10
6.040231968503937
20
-4.6589816141732285
11
6.0417235039370079
21
-4.6602056299212595
0
LINE
8
BLACK
6
CONTINUOUS
10
6.0417235039370079
20
-4.6602056299212595
11
6.0596696456692909
21
-4.6781517716535435
0
LINE
8
BLACK
6
CONTINUOUS
10
6.0596696456692909
20
-4.6781517716535435
11
6.0608937007874015
21
-4.6796433070866144
0
LINE
8
BLACK
6
CONTINUOUS
10
6.0608937007874015
20
-4.6796433070866144
11
6.0609829133858266
21
-4.6798587401574805
0
LINE
8
BLACK
6
CONTINUOUS
10
6.0609829133858266
20
-4.6798587401574805
11
6.0671871653543308
21
-4.6860629921259838
0
LINE
8
BLACK
6
CONTINUOUS
10
6.0671871653543308
20
-4.6860629921259838
11
6.071673228346457
21
-4.6860629921259838
0
LINE
8
BLACK
6
CONTINUOUS
10
6.071673228346457
20
-4.6860629921259838
11
6.0738955118110232
21
-4.6865050393700782
0
LINE
8
BLACK
6
CONTINUOUS
10
6.0738955118110232
20
-4.6865050393700782
11
6.0757794488188974
21
-4.6877638582677168
0
LINE
8
BLACK
6
CONTINUOUS
10
6.0757794488188974
20
-4.6877638582677168
11
6.0770382677165351
21
-4.6896477952755902
0
LINE
8
BLACK
6
CONTINUOUS
10
6.0770382677165351
20
-4.6896477952755902
11
6.0774803149606296
21
-4.6918700787401573
0
LINE
8
BLACK
6
CONTINUOUS
10
6.0774803149606296
20
-4.6918700787401573
11
6.0774803149606296
21
-4.7054527559055117
0
LINE
8
BLACK
6
CONTINUOUS
10
6.0774803149606296
20
-4.7054527559055117
11
6.0770382677165351
21
-4.7076750393700788
0
LINE
8
BLACK
6
CONTINUOUS
10
6.0770382677165351
20
-4.7076750393700788
11
6.0757794488188974
21
-4.7095589763779531
0
LINE
8
BLACK
6
CONTINUOUS
10
6.0757794488188974
20
-4.7095589763779531
11
6.0738955118110232
21
-4.7108177952755907
0
LINE
8
BLACK
6
CONTINUOUS
10
6.0738955118110232
20
-4.7108177952755907
11
6.071673228346457
21
-4.7112598425196852
0
LINE
8
BLACK
6
CONTINUOUS
10
6.071673228346457
20
-4.7112598425196852
11
6.0600590551181099
21
-4.7112598425196852
0
LINE
8
BLACK
6
CONTINUOUS
10
6.0600590551181099
20
-4.7112598425196852
11
6.0578367716535428
21
-4.7108177952755907
0
LINE
8
BLACK
6
CONTINUOUS
10
6.0578367716535428
20
-4.7108177952755907
11
6.0559528346456695
21
-4.7095589763779531
0
LINE
8
BLACK
6
CONTINUOUS
10
6.0559528346456695
20
-4.7095589763779531
11
6.0546940157480318
21
-4.7076750393700788
0
LINE
8
BLACK
6
CONTINUOUS
10
6.0546940157480318
20
-4.7076750393700788
11
6.0542519685039364
21
-4.7054527559055117
0
LINE
8
BLACK
6
CONTINUOUS
10
6.0542519685039364
20
-4.7054527559055117
11
6.0542519685039364
21
-4.7009666929133855
0
LINE
8
BLACK
6
CONTINUOUS
10
6.0542519685039364
20
-4.7009666929133855
11
6.0457501968503937
21
-4.6924649212598428
0
LINE
8
BLACK
6
CONTINUOUS
10
6.0457501968503937
20
-4.6924649212598428
11
6.0445263385826768
21
-4.6909735826771657
0
LINE
8
BLACK
6
CONTINUOUS
10
6.0445263385826768
20
-4.6909735826771657
11
6.0445261811023618
21
-4.6909734251968507
0
LINE
8
BLACK
6
CONTINUOUS
10
6.0445261811023618
20
-4.6909734251968507
11
6.044436929133858
21
-4.6907579527559058
0
LINE
8
BLACK
6
CONTINUOUS
10
6.044436929133858
20
-4.6907579527559058
11
6.0278040551181098
21
-4.6741250787401576
0
LINE
8
BLACK
6
CONTINUOUS
10
6.0278040551181098
20
-4.6741250787401576
11
6.0265800393700788
21
-4.6726335433070867
0
LINE
8
BLACK
6
CONTINUOUS
10
6.0265800393700788
20
-4.6726335433070867
11
6.0251103937007873
21
-4.6690855118110237
0
LINE
8
BLACK
6
CONTINUOUS
10
6.0251103937007873
20
-4.6690855118110237
11
6.0251103937007873
21
-4.6661811023622048
0
LINE
8
BLACK
6
CONTINUOUS
10
6.0251103937007873
20
-4.6661811023622048
11
5.9762007874015746
21
-4.6661811023622048
0
LINE
8
BLACK
6
CONTINUOUS
10
5.9762007874015746
20
-4.6661811023622048
11
5.9624212598425199
21
-4.6661811023622048
0
LINE
8
BLACK
6
CONTINUOUS
10
5.9624212598425199
20
-4.6661811023622048
11
5.9614796062992124
21
-4.6659937795275592
0
LINE
8
BLACK
6
CONTINUOUS
10
5.9614796062992124
20
-4.6659937795275592
11
5.9606813385826767
21
-4.665460393700787
0
LINE
8
BLACK
6
CONTINUOUS
10
5.9606813385826767
20
-4.665460393700787
11
5.9601479527559054
21
-4.6646621259842522
0
LINE
8
BLACK
6
CONTINUOUS
10
5.9601479527559054
20
-4.6646621259842522
11
5.9599606299212597
21
-4.6637204724409447
0
LINE
8
BLACK
6
CONTINUOUS
10
5.9599606299212597
20
-4.6637204724409447
11
5.9599606299212597
21
-4.6587992125984252
0
LINE
8
BLACK
6
CONTINUOUS
10
5.9599606299212597
20
-4.6587992125984252
11
5.9601479527559054
21
-4.6578575590551177
0
LINE
8
BLACK
6
CONTINUOUS
10
5.9601479527559054
20
-4.6578575590551177
11
5.9606813385826767
21
-4.6570592913385829
0
LINE
8
BLACK
6
CONTINUOUS
10
5.9606813385826767
20
-4.6570592913385829
11
5.9614796062992124
21
-4.6565259055118107
0
LINE
8
BLACK
6
CONTINUOUS
10
5.9614796062992124
20
-4.6565259055118107
11
5.9624212598425199
21
-4.656338582677165
0
LINE
8
BLACK
6
CONTINUOUS
10
5.9624212598425199
20
-4.656338582677165
11
5.9899803149606301
21
-4.656338582677165
0
LINE
8
BLACK
6
CONTINUOUS
10
6.5334645669291334
20
-4.6126377952755906
11
6.5314960629921259
21
-4.6126377952755906
0
LINE
8
BLACK
6
CONTINUOUS
10
6.5314960629921259
20
-4.6126377952755906
11
6.5314960629921259
21
-4.6364621259842522
0
LINE
8
BLACK
6
CONTINUOUS
10
6.5314960629921259
20
-4.6364621259842522
11
6.5314947244094483
21
-4.6364757086614174
0
LINE
8
BLACK
6
CONTINUOUS
10
6.5314947244094483
20
-4.6364757086614174
11
6.5314948031496058
21
-4.6401945275590553
0
LINE
8
BLACK
6
CONTINUOUS
10
6.5314948031496058
20
-4.6401945275590553
11
6.5324694094488187
21
-4.6475957480314962
0
LINE
8
BLACK
6
CONTINUOUS
10
6.5324694094488187
20
-4.6475957480314962
11
6.534401732283464
21
-4.6548064173228347
0
LINE
8
BLACK
6
CONTINUOUS
10
6.534401732283464
20
-4.6548064173228347
11
6.5372587401574798
21
-4.6617031889763778
0
LINE
8
BLACK
6
CONTINUOUS
10
6.5372587401574798
20
-4.6617031889763778
11
6.5409915354330703
21
-4.6681679921259844
0
LINE
8
BLACK
6
CONTINUOUS
10
6.5409915354330703
20
-4.6681679921259844
11
6.5418535826771649
21
-4.6692913385826769
0
LINE
8
BLACK
6
CONTINUOUS
10
6.5418535826771649
20
-4.6692913385826769
11
6.5507913385826768
21
-4.6692913385826769
0
LINE
8
BLACK
6
CONTINUOUS
10
6.5507913385826768
20
-4.6692913385826769
11
6.5530136220472439
21
-4.6697333858267713
0
LINE
8
BLACK
6
CONTINUOUS
10
6.5530136220472439
20
-4.6697333858267713
11
6.5548975590551182
21
-4.670992204724409
0
LINE
8
BLACK
6
CONTINUOUS
10
6.5548975590551182
20
-4.670992204724409
11
6.554944842519685
21
-4.6710629921259841
0
LINE
8
BLACK
6
CONTINUOUS
10
6.554944842519685
20
-4.6710629921259841
11
6.6019296456692915
21
-4.6710629921259841
0
LINE
8
BLACK
6
CONTINUOUS
10
6.6019296456692915
20
-4.6710629921259841
11
6.6020109842519688
21
-4.6706540551181099
0
LINE
8
BLACK
6
CONTINUOUS
10
6.6020109842519688
20
-4.6706540551181099
11
6.6040378740157477
21
-4.667620551181102
0
LINE
8
BLACK
6
CONTINUOUS
10
6.6040378740157477
20
-4.667620551181102
11
6.6070713779527557
21
-4.665593661417323
0
LINE
8
BLACK
6
CONTINUOUS
10
6.6070713779527557
20
-4.665593661417323
11
6.6106496062992122
21
-4.6648818897637794
0
LINE
8
BLACK
6
CONTINUOUS
10
6.6106496062992122
20
-4.6648818897637794
11
6.6293503937007872
21
-4.6648818897637794
0
LINE
8
BLACK
6
CONTINUOUS
10
6.6293503937007872
20
-4.6648818897637794
11
6.6329286220472436
21
-4.665593661417323
0
LINE
8
BLACK
6
CONTINUOUS
10
6.6329286220472436
20
-4.665593661417323
11
6.6359621259842516
21
-4.667620551181102
0
LINE
8
BLACK
6
CONTINUOUS
10
6.6359621259842516
20
-4.667620551181102
11
6.6379890157480315
21
-4.6706540551181099
0
LINE
8
BLACK
6
CONTINUOUS
10
6.6379890157480315
20
-4.6706540551181099
11
6.6387007874015742
21
-4.6742322834645664
0
LINE
8
BLACK
6
CONTINUOUS
10
6.6387007874015742
20
-4.6742322834645664
11
6.6387007874015742
21
-4.6968700787401572
0
LINE
8
BLACK
6
CONTINUOUS
10
6.6387007874015742
20
-4.6968700787401572
11
6.6379890157480315
21
-4.7004483070866137
0
LINE
8
BLACK
6
CONTINUOUS
10
6.6379890157480315
20
-4.7004483070866137
11
6.6359621259842516
21
-4.7034818110236216
0
LINE
8
BLACK
6
CONTINUOUS
10
6.6359621259842516
20
-4.7034818110236216
11
6.6329286220472436
21
-4.7055087007874015
0
LINE
8
BLACK
6
CONTINUOUS
10
6.6329286220472436
20
-4.7055087007874015
11
6.6293503937007872
21
-4.7062204724409451
0
LINE
8
BLACK
6
CONTINUOUS
10
6.6293503937007872
20
-4.7062204724409451
11
6.6106496062992122
21
-4.7062204724409451
0
LINE
8
BLACK
6
CONTINUOUS
10
6.6106496062992122
20
-4.7062204724409451
11
6.6070713779527557
21
-4.7055087007874015
0
LINE
8
BLACK
6
CONTINUOUS
10
6.6070713779527557
20
-4.7055087007874015
11
6.6040378740157477
21
-4.7034818110236216
0
LINE
8
BLACK
6
CONTINUOUS
10
6.6040378740157477
20
-4.7034818110236216
11
6.6020109842519688
21
-4.7004483070866137
0
LINE
8
BLACK
6
CONTINUOUS
10
6.6020109842519688
20
-4.7004483070866137
11
6.6012992125984251
21
-4.6968700787401572
0
LINE
8
BLACK
6
CONTINUOUS
10
6.6012992125984251
20
-4.6968700787401572
11
6.6012992125984251
21
-4.6907480314960628
0
LINE
8
BLACK
6
CONTINUOUS
10
6.6012992125984251
20
-4.6907480314960628
11
6.554944842519685
21
-4.6907480314960628
0
LINE
8
BLACK
6
CONTINUOUS
10
6.554944842519685
20
-4.6907480314960628
11
6.5548975590551182
21
-4.6908188188976379
0
LINE
8
BLACK
6
CONTINUOUS
10
6.5548975590551182
20
-4.6908188188976379
11
6.5530136220472439
21
-4.6920776377952755
0
LINE
8
BLACK
6
CONTINUOUS
10
6.5530136220472439
20
-4.6920776377952755
11
6.5507913385826768
21
-4.69251968503937
0
LINE
8
BLACK
6
CONTINUOUS
10
6.5507913385826768
20
-4.69251968503937
11
6.5372086614173224
21
-4.69251968503937
0
LINE
8
BLACK
6
CONTINUOUS
10
6.5372086614173224
20
-4.69251968503937
11
6.5349863779527562
21
-4.6920776377952755
0
LINE
8
BLACK
6
CONTINUOUS
10
6.5349863779527562
20
-4.6920776377952755
11
6.5331024409448819
21
-4.6908188188976379
0
LINE
8
BLACK
6
CONTINUOUS
10
6.5331024409448819
20
-4.6908188188976379
11
6.5318436220472442
21
-4.6889348818897636
0
LINE
8
BLACK
6
CONTINUOUS
10
6.5318436220472442
20
-4.6889348818897636
11
6.5314015748031498
21
-4.6867125984251965
0
LINE
8
BLACK
6
CONTINUOUS
10
6.5314015748031498
20
-4.6867125984251965
11
6.5314015748031498
21
-4.6750984251968504
0
LINE
8
BLACK
6
CONTINUOUS
10
6.5314015748031498
20
-4.6750984251968504
11
6.5314794881889764
21
-4.6747065748031496
0
LINE
8
BLACK
6
CONTINUOUS
10
6.5314794881889764
20
-4.6747065748031496
11
6.5288967322834646
21
-4.6708414960629918
0
LINE
8
BLACK
6
CONTINUOUS
10
6.5288967322834646
20
-4.6708414960629918
11
6.5249184251968506
21
-4.6627750393700786
0
LINE
8
BLACK
6
CONTINUOUS
10
6.5249184251968506
20
-4.6627750393700786
11
6.5220270866141732
21
-4.6542583464566931
0
LINE
8
BLACK
6
CONTINUOUS
10
6.5220270866141732
20
-4.6542583464566931
11
6.5202721653543305
21
-4.6454371259842517
0
LINE
8
BLACK
6
CONTINUOUS
10
6.5202721653543305
20
-4.6454371259842517
11
6.5196837007874011
21
-4.6364622834645672
0
LINE
8
BLACK
6
CONTINUOUS
10
6.5196837007874011
20
-4.6364622834645672
11
6.5196850393700787
21
-4.6364622834645672
0
LINE
8
BLACK
6
CONTINUOUS
10
6.5196850393700787
20
-4.6364622834645672
11
6.5196850393700787
21
-4.6364621259842522
0
LINE
8
BLACK
6
CONTINUOUS
10
6.5196850393700787
20
-4.6364621259842522
11
6.5196850393700787
21
-4.6126377952755906
0
LINE
8
BLACK
6
CONTINUOUS
10
6.5196850393700787
20
-4.6126377952755906
11
6.5177165354330704
21
-4.6126377952755906
0
LINE
8
BLACK
6
CONTINUOUS
10
6.5177165354330704
20
-4.6126377952755906
11
6.5177165354330704
21
-4.5870472440944878
0
LINE
8
BLACK
6
CONTINUOUS
10
6.5177165354330704
20
-4.5870472440944878
11
6.5334645669291334
21
-4.5870472440944878
0
LINE
8
BLACK
6
CONTINUOUS
10
6.5334645669291334
20
-4.5870472440944878
11
6.5334645669291334
21
-4.6126377952755906
0
LINE
8
BLACK
6
CONTINUOUS
10
6.1495648031496062
20
-4.5805995275590554
11
6.1514487401574804
21
-4.5818583464566931
0
LINE
8
BLACK
6
CONTINUOUS
10
6.1514487401574804
20
-4.5818583464566931
11
6.1514960236220473
21
-4.5819291338582673
0
LINE
8
BLACK
6
CONTINUOUS
10
6.1514960236220473
20
-4.5819291338582673
11
6.1666580708661414
21
-4.5819291338582673
0
LINE
8
BLACK
6
CONTINUOUS
10
6.1666580708661414
20
-4.5819291338582673
11
6.1666581102362201
21
-4.5819291338582673
0
LINE
8
BLACK
6
CONTINUOUS
10
6.1666581102362201
20
-4.5819291338582673
11
6.1666581889763776
21
-4.5819291338582673
0
LINE
8
BLACK
6
CONTINUOUS
10
6.1666581889763776
20
-4.5819291338582673
11
6.1752239763779526
21
-4.58249062992126
0
LINE
8
BLACK
6
CONTINUOUS
10
6.1752239763779526
20
-4.58249062992126
11
6.1836431889763777
21
-4.5841653937007871
0
LINE
8
BLACK
6
CONTINUOUS
10
6.1836431889763777
20
-4.5841653937007871
11
6.191771771653543
21
-4.5869247637795274
0
LINE
8
BLACK
6
CONTINUOUS
10
6.191771771653543
20
-4.5869247637795274
11
6.1968101968503939
21
-4.5894094488188975
0
LINE
8
BLACK
6
CONTINUOUS
10
6.1968101968503939
20
-4.5894094488188975
11
6.2174212598425198
21
-4.5894094488188975
0
LINE
8
BLACK
6
CONTINUOUS
10
6.2174212598425198
20
-4.5894094488188975
11
6.2209994881889763
21
-4.5901212204724411
0
LINE
8
BLACK
6
CONTINUOUS
10
6.2209994881889763
20
-4.5901212204724411
11
6.2240329921259843
21
-4.59214811023622
0
LINE
8
BLACK
6
CONTINUOUS
10
6.2240329921259843
20
-4.59214811023622
11
6.2260598818897632
21
-4.595181614173228
0
LINE
8
BLACK
6
CONTINUOUS
10
6.2260598818897632
20
-4.595181614173228
11
6.2267716535433069
21
-4.5987598425196845
0
LINE
8
BLACK
6
CONTINUOUS
10
6.2267716535433069
20
-4.5987598425196845
11
6.2267716535433069
21
-4.6174606299212595
0
LINE
8
BLACK
6
CONTINUOUS
10
6.2267716535433069
20
-4.6174606299212595
11
6.2260598818897632
21
-4.621038858267716
0
LINE
8
BLACK
6
CONTINUOUS
10
6.2260598818897632
20
-4.621038858267716
11
6.2240329921259843
21
-4.624072362204724
0
LINE
8
BLACK
6
CONTINUOUS
10
6.2240329921259843
20
-4.624072362204724
11
6.2209994881889763
21
-4.6260992519685038
0
LINE
8
BLACK
6
CONTINUOUS
10
6.2209994881889763
20
-4.6260992519685038
11
6.2174212598425198
21
-4.6268110236220474
0
LINE
8
BLACK
6
CONTINUOUS
10
6.2174212598425198
20
-4.6268110236220474
11
6.1947834645669291
21
-4.6268110236220474
0
LINE
8
BLACK
6
CONTINUOUS
10
6.1947834645669291
20
-4.6268110236220474
11
6.1912052362204726
21
-4.6260992519685038
0
LINE
8
BLACK
6
CONTINUOUS
10
6.1912052362204726
20
-4.6260992519685038
11
6.1881717322834646
21
-4.624072362204724
0
LINE
8
BLACK
6
CONTINUOUS
10
6.1881717322834646
20
-4.624072362204724
11
6.1861448425196848
21
-4.621038858267716
0
LINE
8
BLACK
6
CONTINUOUS
10
6.1861448425196848
20
-4.621038858267716
11
6.185433070866142
21
-4.6174606299212595
0
LINE
8
BLACK
6
CONTINUOUS
10
6.185433070866142
20
-4.6174606299212595
11
6.185433070866142
21
-4.6055610236220472
0
LINE
8
BLACK
6
CONTINUOUS
10
6.185433070866142
20
-4.6055610236220472
11
6.1842929133858267
21
-4.6049800787401578
0
LINE
8
BLACK
6
CONTINUOUS
10
6.1842929133858267
20
-4.6049800787401578
11
6.1774156692913387
21
-4.6027454724409447
0
LINE
8
BLACK
6
CONTINUOUS
10
6.1774156692913387
20
-4.6027454724409447
11
6.1702735433070863
21
-4.6016142125984247
0
LINE
8
BLACK
6
CONTINUOUS
10
6.1702735433070863
20
-4.6016142125984247
11
6.1666579527559051
21
-4.601614173228346
0
LINE
8
BLACK
6
CONTINUOUS
10
6.1666579527559051
20
-4.601614173228346
11
6.1514960236220473
21
-4.601614173228346
0
LINE
8
BLACK
6
CONTINUOUS
10
6.1514960236220473
20
-4.601614173228346
11
6.1514487401574804
21
-4.6016849606299211
0
LINE
8
BLACK
6
CONTINUOUS
10
6.1514487401574804
20
-4.6016849606299211
11
6.1495648031496062
21
-4.6029437795275587
0
LINE
8
BLACK
6
CONTINUOUS
10
6.1495648031496062
20
-4.6029437795275587
11
6.1473425196850391
21
-4.6033858267716532
0
LINE
8
BLACK
6
CONTINUOUS
10
6.1473425196850391
20
-4.6033858267716532
11
6.1337598425196846
21
-4.6033858267716532
0
LINE
8
BLACK
6
CONTINUOUS
10
6.1337598425196846
20
-4.6033858267716532
11
6.1315375590551175
21
-4.6029437795275587
0
LINE
8
BLACK
6
CONTINUOUS
10
6.1315375590551175
20
-4.6029437795275587
11
6.1307090551181105
21
-4.6023901968503935
0
LINE
8
BLACK
6
CONTINUOUS
10
6.1307090551181105
20
-4.6023901968503935
11
6.1294144488188973
21
-4.6025606692913383
0
LINE
8
BLACK
6
CONTINUOUS
10
6.1294144488188973
20
-4.6025606692913383
11
6.122403818897638
21
-4.6044392913385828
0
LINE
8
BLACK
6
CONTINUOUS
10
6.122403818897638
20
-4.6044392913385828
11
6.1156983464566927
21
-4.6072169291338581
0
LINE
8
BLACK
6
CONTINUOUS
10
6.1156983464566927
20
-4.6072169291338581
11
6.1094128346456689
21
-4.610846023622047
0
LINE
8
BLACK
6
CONTINUOUS
10
6.1094128346456689
20
-4.610846023622047
11
6.1036548031496061
21
-4.6152645275590549
0
LINE
8
BLACK
6
CONTINUOUS
10
6.1036548031496061
20
-4.6152645275590549
11
6.1010887795275588
21
-4.6178306692913385
0
LINE
8
BLACK
6
CONTINUOUS
10
6.1010887795275588
20
-4.6178306692913385
11
6.1010887007874013
21
-4.6178307086614172
0
LINE
8
BLACK
6
CONTINUOUS
10
6.1010887007874013
20
-4.6178307086614172
11
6.1010886220472438
21
-4.6178308267716535
0
LINE
8
BLACK
6
CONTINUOUS
10
6.1010886220472438
20
-4.6178308267716535
11
6.0825323622047245
21
-4.6363870866141728
0
LINE
8
BLACK
6
CONTINUOUS
10
6.0825323622047245
20
-4.6363870866141728
11
6.0825303149606293
21
-4.6363887007874016
0
LINE
8
BLACK
6
CONTINUOUS
10
6.0825303149606293
20
-4.6363887007874016
11
6.07640905511811
21
-4.6416166929133853
0
LINE
8
BLACK
6
CONTINUOUS
10
6.07640905511811
20
-4.6416166929133853
11
6.0695430708661418
21
-4.6458240157480315
0
LINE
8
BLACK
6
CONTINUOUS
10
6.0695430708661418
20
-4.6458240157480315
11
6.0621034645669294
21
-4.6489053543307088
0
LINE
8
BLACK
6
CONTINUOUS
10
6.0621034645669294
20
-4.6489053543307088
11
6.0542733858267717
21
-4.6507849212598424
0
LINE
8
BLACK
6
CONTINUOUS
10
6.0542733858267717
20
-4.6507849212598424
11
6.0462457086614174
21
-4.6514163779527555
0
LINE
8
BLACK
6
CONTINUOUS
10
6.0462457086614174
20
-4.6514163779527555
11
6.0462457086614174
21
-4.6514173228346456
0
LINE
8
BLACK
6
CONTINUOUS
10
6.0462457086614174
20
-4.6514173228346456
11
6.0428793700787402
21
-4.6508235826771651
0
LINE
8
BLACK
6
CONTINUOUS
10
6.0428793700787402
20
-4.6508235826771651
11
6.0399191338582678
21
-4.6491143307086613
0
LINE
8
BLACK
6
CONTINUOUS
10
6.0399191338582678
20
-4.6491143307086613
11
6.0377223622047245
21
-4.6464960629921261
0
LINE
8
BLACK
6
CONTINUOUS
10
6.0377223622047245
20
-4.6464960629921261
11
5.9762007874015746
21
-4.6464960629921261
0
LINE
8
BLACK
6
CONTINUOUS
10
5.9762007874015746
20
-4.6464960629921261
11
5.9624212598425199
21
-4.6464960629921261
0
LINE
8
BLACK
6
CONTINUOUS
10
5.9624212598425199
20
-4.6464960629921261
11
5.9614796062992124
21
-4.6463087401574805
0
LINE
8
BLACK
6
CONTINUOUS
10
5.9614796062992124
20
-4.6463087401574805
11
5.9606813385826767
21
-4.6457753543307083
0
LINE
8
BLACK
6
CONTINUOUS
10
5.9606813385826767
20
-4.6457753543307083
11
5.9601479527559054
21
-4.6449770866141735
0
LINE
8
BLACK
6
CONTINUOUS
10
5.9601479527559054
20
-4.6449770866141735
11
5.9599606299212597
21
-4.644035433070866
0
LINE
8
BLACK
6
CONTINUOUS
10
5.9599606299212597
20
-4.644035433070866
11
5.9599606299212597
21
-4.6391141732283465
0
LINE
8
BLACK
6
CONTINUOUS
10
5.9599606299212597
20
-4.6391141732283465
11
5.9601479527559054
21
-4.638172519685039
0
LINE
8
BLACK
6
CONTINUOUS
10
5.9601479527559054
20
-4.638172519685039
11
5.9606813385826767
21
-4.6373742519685042
0
LINE
8
BLACK
6
CONTINUOUS
10
5.9606813385826767
20
-4.6373742519685042
11
5.9614796062992124
21
-4.636840866141732
0
LINE
8
BLACK
6
CONTINUOUS
10
5.9614796062992124
20
-4.636840866141732
11
5.9624212598425199
21
-4.6366535433070863
0
LINE
8
BLACK
6
CONTINUOUS
10
5.9624212598425199
20
-4.6366535433070863
11
5.9899803149606301
21
-4.6366535433070863
0
LINE
8
BLACK
6
CONTINUOUS
10
5.9899803149606301
20
-4.6366535433070863
11
6.0377223228346457
21
-4.6366535433070863
0
LINE
8
BLACK
6
CONTINUOUS
10
6.0377223228346457
20
-4.6366535433070863
11
6.0377224803149607
21
-4.6366531496062988
0
LINE
8
BLACK
6
CONTINUOUS
10
6.0377224803149607
20
-4.6366531496062988
11
6.0399198425196845
21
-4.6340347244094486
0
LINE
8
BLACK
6
CONTINUOUS
10
6.0399198425196845
20
-4.6340347244094486
11
6.0428802362204719
21
-4.6323257086614174
0
LINE
8
BLACK
6
CONTINUOUS
10
6.0428802362204719
20
-4.6323257086614174
11
6.0462465748031491
21
-4.6317322834645669
0
LINE
8
BLACK
6
CONTINUOUS
10
6.0462465748031491
20
-4.6317322834645669
11
6.0462465748031491
21
-4.6317313385826768
0
LINE
8
BLACK
6
CONTINUOUS
10
6.0462465748031491
20
-4.6317313385826768
11
6.0487359842519686
21
-4.6317314173228343
0
LINE
8
BLACK
6
CONTINUOUS
10
6.0487359842519686
20
-4.6317314173228343
11
6.0536534645669287
21
-4.6309527559055121
0
LINE
8
BLACK
6
CONTINUOUS
10
6.0536534645669287
20
-4.6309527559055121
11
6.0583885826771651
21
-4.6294144094488185
0
LINE
8
BLACK
6
CONTINUOUS
10
6.0583885826771651
20
-4.6294144094488185
11
6.0628247244094489
21
-4.6271541732283463
0
LINE
8
BLACK
6
CONTINUOUS
10
6.0628247244094489
20
-4.6271541732283463
11
6.0668526771653539
21
-4.6242277952755906
0
LINE
8
BLACK
6
CONTINUOUS
10
6.0668526771653539
20
-4.6242277952755906
11
6.0686129527559052
21
-4.6224675590551181
0
LINE
8
BLACK
6
CONTINUOUS
10
6.0686129527559052
20
-4.6224675590551181
11
6.0686129527559052
21
-4.6224675984251968
0
LINE
8
BLACK
6
CONTINUOUS
10
6.0686129527559052
20
-4.6224675984251968
11
6.0871691732283466
21
-4.6039113779527554
0
LINE
8
BLACK
6
CONTINUOUS
10
6.0871691732283466
20
-4.6039113779527554
11
6.0871708267716533
21
-4.6039099999999999
0
LINE
8
BLACK
6
CONTINUOUS
10
6.0871708267716533
20
-4.6039099999999999
11
6.0945499999999999
21
-4.597438346456693
0
LINE
8
BLACK
6
CONTINUOUS
10
6.0945499999999999
20
-4.597438346456693
11
6.1027127559055119
21
-4.5919839370078739
0
LINE
8
BLACK
6
CONTINUOUS
10
6.1027127559055119
20
-4.5919839370078739
11
6.1115175984251966
21
-4.5876416535433071
0
LINE
8
BLACK
6
CONTINUOUS
10
6.1115175984251966
20
-4.5876416535433071
11
6.120813937007874
21
-4.584485787401575
0
LINE
8
BLACK
6
CONTINUOUS
10
6.120813937007874
20
-4.584485787401575
11
6.1289839763779526
21
-4.5828605118110239
0
LINE
8
BLACK
6
CONTINUOUS
10
6.1289839763779526
20
-4.5828605118110239
11
6.1296536220472442
21
-4.5818583464566931
0
LINE
8
BLACK
6
CONTINUOUS
10
6.1296536220472442
20
-4.5818583464566931
11
6.1315375590551175
21
-4.5805995275590554
0
LINE
8
BLACK
6
CONTINUOUS
10
6.1315375590551175
20
-4.5805995275590554
11
6.1337598425196846
21
-4.5801574803149609
0
LINE
8
BLACK
6
CONTINUOUS
10
6.1337598425196846
20
-4.5801574803149609
11
6.1473425196850391
21
-4.5801574803149609
0
LINE
8
BLACK
6
CONTINUOUS
10
6.1473425196850391
20
-4.5801574803149609
11
6.1495648031496062
21
-4.5805995275590554
0
LINE
8
BLACK
6
CONTINUOUS
10
6.373479803149606
20
-4.5871684645669291
11
6.376513307086614
21
-4.5891953543307089
0
LINE
8
BLACK
6
CONTINUOUS
10
6.376513307086614
20
-4.5891953543307089
11
6.3770509448818897
21
-4.5899999999999999
0
LINE
8
BLACK
6
CONTINUOUS
10
6.3770509448818897
20
-4.5899999999999999
11
6.4665354330708658
21
-4.5899999999999999
0
LINE
8
BLACK
6
CONTINUOUS
10
6.4665354330708658
20
-4.5899999999999999
11
6.4665354330708658
21
-4.5870472440944878
0
LINE
8
BLACK
6
CONTINUOUS
10
6.4665354330708658
20
-4.5870472440944878
11
6.4822834645669287
21
-4.5870472440944878
0
LINE
8
BLACK
6
CONTINUOUS
10
6.4822834645669287
20
-4.5870472440944878
11
6.4822834645669287
21
-4.5940645669291333
0
LINE
8
BLACK
6
CONTINUOUS
10
6.4822834645669287
20
-4.5940645669291333
11
6.4825931889763782
21
-4.5943742913385828
0
LINE
8
BLACK
6
CONTINUOUS
10
6.4825931889763782
20
-4.5943742913385828
11
6.4840628346456688
21
-4.5979223228346457
0
LINE
8
BLACK
6
CONTINUOUS
10
6.4840628346456688
20
-4.5979223228346457
11
6.4840628346456688
21
-4.6017627165354327
0
LINE
8
BLACK
6
CONTINUOUS
10
6.4840628346456688
20
-4.6017627165354327
11
6.4825931889763782
21
-4.6053107480314956
0
LINE
8
BLACK
6
CONTINUOUS
10
6.4825931889763782
20
-4.6053107480314956
11
6.4822834645669287
21
-4.6056204724409451
0
LINE
8
BLACK
6
CONTINUOUS
10
6.4822834645669287
20
-4.6056204724409451
11
6.4822834645669287
21
-4.6126377952755906
0
LINE
8
BLACK
6
CONTINUOUS
10
6.4822834645669287
20
-4.6126377952755906
11
6.4665354330708658
21
-4.6126377952755906
0
LINE
8
BLACK
6
CONTINUOUS
10
6.4665354330708658
20
-4.6126377952755906
11
6.4665354330708658
21
-4.6096850393700786
0
LINE
8
BLACK
6
CONTINUOUS
10
6.4665354330708658
20
-4.6096850393700786
11
6.3792519685039366
21
-4.6096850393700786
0
LINE
8
BLACK
6
CONTINUOUS
10
6.3792519685039366
20
-4.6096850393700786
11
6.3792519685039366
21
-4.6184448818897641
0
LINE
8
BLACK
6
CONTINUOUS
10
6.3792519685039366
20
-4.6184448818897641
11
6.3785401968503939
21
-4.6220231102362206
0
LINE
8
BLACK
6
CONTINUOUS
10
6.3785401968503939
20
-4.6220231102362206
11
6.376513307086614
21
-4.6250566141732286
0
LINE
8
BLACK
6
CONTINUOUS
10
6.376513307086614
20
-4.6250566141732286
11
6.373479803149606
21
-4.6270835039370075
0
LINE
8
BLACK
6
CONTINUOUS
10
6.373479803149606
20
-4.6270835039370075
11
6.3699015748031496
21
-4.6277952755905511
0
LINE
8
BLACK
6
CONTINUOUS
10
6.3699015748031496
20
-4.6277952755905511
11
6.3512007874015746
21
-4.6277952755905511
0
LINE
8
BLACK
6
CONTINUOUS
10
6.3512007874015746
20
-4.6277952755905511
11
6.3476225590551181
21
-4.6270835039370075
0
LINE
8
BLACK
6
CONTINUOUS
10
6.3476225590551181
20
-4.6270835039370075
11
6.3445890551181101
21
-4.6250566141732286
0
LINE
8
BLACK
6
CONTINUOUS
10
6.3445890551181101
20
-4.6250566141732286
11
6.3425621653543303
21
-4.6220231102362206
0
LINE
8
BLACK
6
CONTINUOUS
10
6.3425621653543303
20
-4.6220231102362206
11
6.3418503937007875
21
-4.6184448818897641
0
LINE
8
BLACK
6
CONTINUOUS
10
6.3418503937007875
20
-4.6184448818897641
11
6.3418503937007875
21
-4.6122047244094491
0
LINE
8
BLACK
6
CONTINUOUS
10
6.3418503937007875
20
-4.6122047244094491
11
6.2956692913385828
21
-4.6122047244094491
0
LINE
8
BLACK
6
CONTINUOUS
10
6.2956692913385828
20
-4.6122047244094491
11
6.2956692913385828
21
-4.6174606299212595
0
LINE
8
BLACK
6
CONTINUOUS
10
6.2956692913385828
20
-4.6174606299212595
11
6.2949575196850391
21
-4.621038858267716
0
LINE
8
BLACK
6
CONTINUOUS
10
6.2949575196850391
20
-4.621038858267716
11
6.2929306299212593
21
-4.624072362204724
0
LINE
8
BLACK
6
CONTINUOUS
10
6.2929306299212593
20
-4.624072362204724
11
6.2898971259842522
21
-4.6260992519685038
0
LINE
8
BLACK
6
CONTINUOUS
10
6.2898971259842522
20
-4.6260992519685038
11
6.2863188976377948
21
-4.6268110236220474
0
LINE
8
BLACK
6
CONTINUOUS
10
6.2863188976377948
20
-4.6268110236220474
11
6.263681102362205
21
-4.6268110236220474
0
LINE
8
BLACK
6
CONTINUOUS
10
6.263681102362205
20
-4.6268110236220474
11
6.2601028740157476
21
-4.6260992519685038
0
LINE
8
BLACK
6
CONTINUOUS
10
6.2601028740157476
20
-4.6260992519685038
11
6.2570693700787396
21
-4.624072362204724
0
LINE
8
BLACK
6
CONTINUOUS
10
6.2570693700787396
20
-4.624072362204724
11
6.2550424803149607
21
-4.621038858267716
0
LINE
8
BLACK
6
CONTINUOUS
10
6.2550424803149607
20
-4.621038858267716
11
6.254330708661417
21
-4.6174606299212595
0
LINE
8
BLACK
6
CONTINUOUS
10
6.254330708661417
20
-4.6174606299212595
11
6.254330708661417
21
-4.5987598425196845
0
LINE
8
BLACK
6
CONTINUOUS
10
6.254330708661417
20
-4.5987598425196845
11
6.2550424803149607
21
-4.595181614173228
0
LINE
8
BLACK
6
CONTINUOUS
10
6.2550424803149607
20
-4.595181614173228
11
6.2570693700787396
21
-4.59214811023622
0
LINE
8
BLACK
6
CONTINUOUS
10
6.2570693700787396
20
-4.59214811023622
11
6.2601028740157476
21
-4.5901212204724411
0
LINE
8
BLACK
6
CONTINUOUS
10
6.2601028740157476
20
-4.5901212204724411
11
6.263681102362205
21
-4.5894094488188975
0
LINE
8
BLACK
6
CONTINUOUS
10
6.263681102362205
20
-4.5894094488188975
11
6.2863188976377948
21
-4.5894094488188975
0
LINE
8
BLACK
6
CONTINUOUS
10
6.2863188976377948
20
-4.5894094488188975
11
6.2898971259842522
21
-4.5901212204724411
0
LINE
8
BLACK
6
CONTINUOUS
10
6.2898971259842522
20
-4.5901212204724411
11
6.2929306299212593
21
-4.59214811023622
0
LINE
8
BLACK
6
CONTINUOUS
10
6.2929306299212593
20
-4.59214811023622
11
6.2931788976377954
21
-4.5925196850393704
0
LINE
8
BLACK
6
CONTINUOUS
10
6.2931788976377954
20
-4.5925196850393704
11
6.3425043307086613
21
-4.5925196850393704
0
LINE
8
BLACK
6
CONTINUOUS
10
6.3425043307086613
20
-4.5925196850393704
11
6.3425621653543303
21
-4.5922288582677169
0
LINE
8
BLACK
6
CONTINUOUS
10
6.3425621653543303
20
-4.5922288582677169
11
6.3445890551181101
21
-4.5891953543307089
0
LINE
8
BLACK
6
CONTINUOUS
10
6.3445890551181101
20
-4.5891953543307089
11
6.3476225590551181
21
-4.5871684645669291
0
LINE
8
BLACK
6
CONTINUOUS
10
6.3476225590551181
20
-4.5871684645669291
11
6.3512007874015746
21
-4.5864566929133854
0
LINE
8
BLACK
6
CONTINUOUS
10
6.3512007874015746
20
-4.5864566929133854
11
6.3699015748031496
21
-4.5864566929133854
0
LINE
8
BLACK
6
CONTINUOUS
10
6.3699015748031496
20
-4.5864566929133854
11
6.373479803149606
21
-4.5871684645669291
0
LINE
8
BLACK
6
CONTINUOUS
10
6.2209994881889763
20
-4.5220109842519687
11
6.2240329921259843
21
-4.5240378740157476
0
LINE
8
BLACK
6
CONTINUOUS
10
6.2240329921259843
20
-4.5240378740157476
11
6.2260598818897632
21
-4.5270713779527556
0
LINE
8
BLACK
6
CONTINUOUS
10
6.2260598818897632
20
-4.5270713779527556
11
6.2267716535433069
21
-4.5306496062992121
0
LINE
8
BLACK
6
CONTINUOUS
10
6.2267716535433069
20
-4.5306496062992121
11
6.2267716535433069
21
-4.5493503937007871
0
LINE
8
BLACK
6
CONTINUOUS
10
6.2267716535433069
20
-4.5493503937007871
11
6.2260598818897632
21
-4.5529286220472436
0
LINE
8
BLACK
6
CONTINUOUS
10
6.2260598818897632
20
-4.5529286220472436
11
6.2240329921259843
21
-4.5559621259842515
0
LINE
8
BLACK
6
CONTINUOUS
10
6.2240329921259843
20
-4.5559621259842515
11
6.2209994881889763
21
-4.5579890157480314
0
LINE
8
BLACK
6
CONTINUOUS
10
6.2209994881889763
20
-4.5579890157480314
11
6.2174212598425198
21
-4.558700787401575
0
LINE
8
BLACK
6
CONTINUOUS
10
6.2174212598425198
20
-4.558700787401575
11
6.1970098425196847
21
-4.558700787401575
0
LINE
8
BLACK
6
CONTINUOUS
10
6.1970098425196847
20
-4.558700787401575
11
6.1914198425196849
21
-4.5610162204724407
0
LINE
8
BLACK
6
CONTINUOUS
10
6.1914198425196849
20
-4.5610162204724407
11
6.1839110236220467
21
-4.562818937007874
0
LINE
8
BLACK
6
CONTINUOUS
10
6.1839110236220467
20
-4.562818937007874
11
6.1762325196850396
21
-4.5634232283464566
0
LINE
8
BLACK
6
CONTINUOUS
10
6.1762325196850396
20
-4.5634232283464566
11
6.1762126377952757
21
-4.5634251968503934
0
LINE
8
BLACK
6
CONTINUOUS
10
6.1762126377952757
20
-4.5634251968503934
11
6.1514960236220473
21
-4.5634251968503934
0
LINE
8
BLACK
6
CONTINUOUS
10
6.1514960236220473
20
-4.5634251968503934
11
6.1514487401574804
21
-4.5634959842519685
0
LINE
8
BLACK
6
CONTINUOUS
10
6.1514487401574804
20
-4.5634959842519685
11
6.1495648031496062
21
-4.5647548031496061
0
LINE
8
BLACK
6
CONTINUOUS
10
6.1495648031496062
20
-4.5647548031496061
11
6.1473425196850391
21
-4.5651968503937006
0
LINE
8
BLACK
6
CONTINUOUS
10
6.1473425196850391
20
-4.5651968503937006
11
6.1337598425196846
21
-4.5651968503937006
0
LINE
8
BLACK
6
CONTINUOUS
10
6.1337598425196846
20
-4.5651968503937006
11
6.1315375590551175
21
-4.5647548031496061
0
LINE
8
BLACK
6
CONTINUOUS
10
6.1315375590551175
20
-4.5647548031496061
11
6.1306603543307086
21
-4.5641686614173231
0
LINE
8
BLACK
6
CONTINUOUS
10
6.1306603543307086
20
-4.5641686614173231
11
6.1278938582677167
21
-4.5645329133858263
0
LINE
8
BLACK
6
CONTINUOUS
10
6.1278938582677167
20
-4.5645329133858263
11
6.1196964173228343
21
-4.5667294094488184
0
LINE
8
BLACK
6
CONTINUOUS
10
6.1196964173228343
20
-4.5667294094488184
11
6.1118557874015744
21
-4.5699771259842521
0
LINE
8
BLACK
6
CONTINUOUS
10
6.1118557874015744
20
-4.5699771259842521
11
6.1045061811023622
21
-4.5742204330708658
0
LINE
8
BLACK
6
CONTINUOUS
10
6.1045061811023622
20
-4.5742204330708658
11
6.097773307086614
21
-4.5793867716535432
0
LINE
8
BLACK
6
CONTINUOUS
10
6.097773307086614
20
-4.5793867716535432
11
6.0947727952755901
21
-4.5823872440944884
0
LINE
8
BLACK
6
CONTINUOUS
10
6.0947727952755901
20
-4.5823872440944884
11
6.0906597244094485
21
-4.5865003543307088
0
LINE
8
BLACK
6
CONTINUOUS
10
6.0906597244094485
20
-4.5865003543307088
11
6.090659488188976
21
-4.5865005118110238
0
LINE
8
BLACK
6
CONTINUOUS
10
6.090659488188976
20
-4.5865005118110238
11
6.0569597244094489
21
-4.6202003543307084
0
LINE
8
BLACK
6
CONTINUOUS
10
6.0569597244094489
20
-4.6202003543307084
11
6.055468188976378
21
-4.6214243700787403
0
LINE
8
BLACK
6
CONTINUOUS
10
6.055468188976378
20
-4.6214243700787403
11
6.051920157480315
21
-4.6228940157480318
0
LINE
8
BLACK
6
CONTINUOUS
10
6.051920157480315
20
-4.6228940157480318
11
6.0480798425196847
21
-4.6228940157480318
0
LINE
8
BLACK
6
CONTINUOUS
10
6.0480798425196847
20
-4.6228940157480318
11
6.0470880314960631
21
-4.6224831889763776
0
LINE
8
BLACK
6
CONTINUOUS
10
6.0470880314960631
20
-4.6224831889763776
11
6.046867637795275
21
-4.6226640944881892
0
LINE
8
BLACK
6
CONTINUOUS
10
6.046867637795275
20
-4.6226640944881892
11
6.0426135433070867
21
-4.6249379921259841
0
LINE
8
BLACK
6
CONTINUOUS
10
6.0426135433070867
20
-4.6249379921259841
11
6.0379975590551176
21
-4.6263383070866144
0
LINE
8
BLACK
6
CONTINUOUS
10
6.0379975590551176
20
-4.6263383070866144
11
6.0331970866141731
21
-4.6268111417322837
0
LINE
8
BLACK
6
CONTINUOUS
10
6.0331970866141731
20
-4.6268111417322837
11
6.0331970866141731
21
-4.6268110236220474
0
LINE
8
BLACK
6
CONTINUOUS
10
6.0331970866141731
20
-4.6268110236220474
11
6.0331970472440943
21
-4.6268109842519687
0
LINE
8
BLACK
6
CONTINUOUS
10
6.0331970472440943
20
-4.6268109842519687
11
6.0331970472440943
21
-4.6268110236220474
0
LINE
8
BLACK
6
CONTINUOUS
10
6.0331970472440943
20
-4.6268110236220474
11
6.0131102362204727
21
-4.6268110236220474
0
LINE
8
BLACK
6
CONTINUOUS
10
6.0131102362204727
20
-4.6268110236220474
11
5.9762007874015746
21
-4.6268110236220474
0
LINE
8
BLACK
6
CONTINUOUS
10
5.9762007874015746
20
-4.6268110236220474
11
5.9624212598425199
21
-4.6268110236220474
0
LINE
8
BLACK
6
CONTINUOUS
10
5.9624212598425199
20
-4.6268110236220474
11
5.9614796062992124
21
-4.6266237007874018
0
LINE
8
BLACK
6
CONTINUOUS
10
5.9614796062992124
20
-4.6266237007874018
11
5.9606813385826767
21
-4.6260903149606296
0
LINE
8
BLACK
6
CONTINUOUS
10
5.9606813385826767
20
-4.6260903149606296
11
5.9601479527559054
21
-4.6252920472440948
0
LINE
8
BLACK
6
CONTINUOUS
10
5.9601479527559054
20
-4.6252920472440948
11
5.9599606299212597
21
-4.6243503937007873
0
LINE
8
BLACK
6
CONTINUOUS
10
5.9599606299212597
20
-4.6243503937007873
11
5.9599606299212597
21
-4.6194291338582678
0
LINE
8
BLACK
6
CONTINUOUS
10
5.9599606299212597
20
-4.6194291338582678
11
5.9601479527559054
21
-4.6184874803149603
0
LINE
8
BLACK
6
CONTINUOUS
10
5.9601479527559054
20
-4.6184874803149603
11
5.9606813385826767
21
-4.6176892125984255
0
LINE
8
BLACK
6
CONTINUOUS
10
5.9606813385826767
20
-4.6176892125984255
11
5.9614796062992124
21
-4.6171558267716533
0
LINE
8
BLACK
6
CONTINUOUS
10
5.9614796062992124
20
-4.6171558267716533
11
5.9624212598425199
21
-4.6169685039370076
0
LINE
8
BLACK
6
CONTINUOUS
10
5.9624212598425199
20
-4.6169685039370076
11
5.9899803149606301
21
-4.6169685039370076
0
LINE
8
BLACK
6
CONTINUOUS
10
5.9899803149606301
20
-4.6169685039370076
11
6.0131102362204727
21
-4.6169685039370076
0
LINE
8
BLACK
6
CONTINUOUS
10
6.0131102362204727
20
-4.6169685039370076
11
6.0331970472440943
21
-4.6169685039370076
0
LINE
8
BLACK
6
CONTINUOUS
10
6.0331970472440943
20
-4.6169685039370076
11
6.0331982283464569
21
-4.6169686220472439
0
LINE
8
BLACK
6
CONTINUOUS
10
6.0331982283464569
20
-4.6169686220472439
11
6.0351407086614168
21
-4.6169686220472439
0
LINE
8
BLACK
6
CONTINUOUS
10
6.0351407086614168
20
-4.6169686220472439
11
6.0388956299212593
21
-4.6159624409448821
0
LINE
8
BLACK
6
CONTINUOUS
10
6.0388956299212593
20
-4.6159624409448821
11
6.0403466141732283
21
-4.6151246850393699
0
LINE
8
BLACK
6
CONTINUOUS
10
6.0403466141732283
20
-4.6151246850393699
11
6.0403466141732283
21
-4.6113204724409451
0
LINE
8
BLACK
6
CONTINUOUS
10
6.0403466141732283
20
-4.6113204724409451
11
6.0418162598425198
21
-4.6077724409448821
0
LINE
8
BLACK
6
CONTINUOUS
10
6.0418162598425198
20
-4.6077724409448821
11
6.0430402755905508
21
-4.6062809055118112
0
LINE
8
BLACK
6
CONTINUOUS
10
6.0430402755905508
20
-4.6062809055118112
11
6.0767400787401575
21
-4.5725811023622045
0
LINE
8
BLACK
6
CONTINUOUS
10
6.0767400787401575
20
-4.5725811023622045
11
6.0767402755905513
21
-4.5725809055118107
0
LINE
8
BLACK
6
CONTINUOUS
10
6.0767402755905513
20
-4.5725809055118107
11
6.0808533858267717
21
-4.5684678346456691
0
LINE
8
BLACK
6
CONTINUOUS
10
6.0808533858267717
20
-4.5684678346456691
11
6.0808534251968505
21
-4.5684677559055116
0
LINE
8
BLACK
6
CONTINUOUS
10
6.0808534251968505
20
-4.5684677559055116
11
6.0879127559055117
21
-4.5621591732283466
0
LINE
8
BLACK
6
CONTINUOUS
10
6.0879127559055117
20
-4.5621591732283466
11
6.0956340944881893
21
-4.5566805511811026
0
LINE
8
BLACK
6
CONTINUOUS
10
6.0956340944881893
20
-4.5566805511811026
11
6.1039203149606296
21
-4.5521009055118107
0
LINE
8
BLACK
6
CONTINUOUS
10
6.1039203149606296
20
-4.5521009055118107
11
6.1126672047244091
21
-4.5484778346456691
0
LINE
8
BLACK
6
CONTINUOUS
10
6.1126672047244091
20
-4.5484778346456691
11
6.1217647244094486
21
-4.5458568503937009
0
LINE
8
BLACK
6
CONTINUOUS
10
6.1217647244094486
20
-4.5458568503937009
11
6.1290150787401574
21
-4.5446249606299212
0
LINE
8
BLACK
6
CONTINUOUS
10
6.1290150787401574
20
-4.5446249606299212
11
6.1296536220472442
21
-4.5436693700787396
0
LINE
8
BLACK
6
CONTINUOUS
10
6.1296536220472442
20
-4.5436693700787396
11
6.1315375590551175
21
-4.5424105511811019
0
LINE
8
BLACK
6
CONTINUOUS
10
6.1315375590551175
20
-4.5424105511811019
11
6.1337598425196846
21
-4.5419685039370075
0
LINE
8
BLACK
6
CONTINUOUS
10
6.1337598425196846
20
-4.5419685039370075
11
6.1473425196850391
21
-4.5419685039370075
0
LINE
8
BLACK
6
CONTINUOUS
10
6.1473425196850391
20
-4.5419685039370075
11
6.1495648031496062
21
-4.5424105511811019
0
LINE
8
BLACK
6
CONTINUOUS
10
6.1495648031496062
20
-4.5424105511811019
11
6.1514487401574804
21
-4.5436693700787396
0
LINE
8
BLACK
6
CONTINUOUS
10
6.1514487401574804
20
-4.5436693700787396
11
6.1514960236220473
21
-4.5437401574803147
0
LINE
8
BLACK
6
CONTINUOUS
10
6.1514960236220473
20
-4.5437401574803147
11
6.1762126377952757
21
-4.5437401574803147
0
LINE
8
BLACK
6
CONTINUOUS
10
6.1762126377952757
20
-4.5437401574803147
11
6.1762126377952757
21
-4.5437397637795272
0
LINE
8
BLACK
6
CONTINUOUS
10
6.1762126377952757
20
-4.5437397637795272
11
6.1791207480314956
21
-4.5437397637795272
0
LINE
8
BLACK
6
CONTINUOUS
10
6.1791207480314956
20
-4.5437397637795272
11
6.1848252755905513
21
-4.5426050787401575
0
LINE
8
BLACK
6
CONTINUOUS
10
6.1848252755905513
20
-4.5426050787401575
11
6.185433070866142
21
-4.5423533070866142
0
LINE
8
BLACK
6
CONTINUOUS
10
6.185433070866142
20
-4.5423533070866142
11
6.185433070866142
21
-4.5306496062992121
0
LINE
8
BLACK
6
CONTINUOUS
10
6.185433070866142
20
-4.5306496062992121
11
6.1861448425196848
21
-4.5270713779527556
0
LINE
8
BLACK
6
CONTINUOUS
10
6.1861448425196848
20
-4.5270713779527556
11
6.1881717322834646
21
-4.5240378740157476
0
LINE
8
BLACK
6
CONTINUOUS
10
6.1881717322834646
20
-4.5240378740157476
11
6.1912052362204726
21
-4.5220109842519687
0
LINE
8
BLACK
6
CONTINUOUS
10
6.1912052362204726
20
-4.5220109842519687
11
6.1947834645669291
21
-4.521299212598425
0
LINE
8
BLACK
6
CONTINUOUS
10
6.1947834645669291
20
-4.521299212598425
11
6.2174212598425198
21
-4.521299212598425
0
LINE
8
BLACK
6
CONTINUOUS
10
6.2174212598425198
20
-4.521299212598425
11
6.2209994881889763
21
-4.5220109842519687
0
LINE
8
BLACK
6
CONTINUOUS
10
5.8541109448818895
20
-4.6919589763779523
11
5.8549092125984252
21
-4.6924923622047245
0
LINE
8
BLACK
6
CONTINUOUS
10
5.8549092125984252
20
-4.6924923622047245
11
5.8554425984251965
21
-4.6932906299212593
0
LINE
8
BLACK
6
CONTINUOUS
10
5.8554425984251965
20
-4.6932906299212593
11
5.8556299212598422
21
-4.6942322834645669
0
LINE
8
BLACK
6
CONTINUOUS
10
5.8556299212598422
20
-4.6942322834645669
11
5.8556299212598422
21
-4.7080118110236215
0
LINE
8
BLACK
6
CONTINUOUS
10
5.8556299212598422
20
-4.7080118110236215
11
5.8556299212598422
21
-4.7417133464566925
0
LINE
8
BLACK
6
CONTINUOUS
10
5.8556299212598422
20
-4.7417133464566925
11
5.8555353543307085
21
-4.7426734251968501
0
LINE
8
BLACK
6
CONTINUOUS
10
5.8555353543307085
20
-4.7426734251968501
11
5.8548005511811025
21
-4.7444474409448816
0
LINE
8
BLACK
6
CONTINUOUS
10
5.8548005511811025
20
-4.7444474409448816
11
5.8548005118110238
21
-4.7444474803149603
0
LINE
8
BLACK
6
CONTINUOUS
10
5.8548005118110238
20
-4.7444474803149603
11
5.8541885039370074
21
-4.7451932283464568
0
LINE
8
BLACK
6
CONTINUOUS
10
5.8541885039370074
20
-4.7451932283464568
11
5.8381854724409443
21
-4.7611961811023624
0
LINE
8
BLACK
6
CONTINUOUS
10
5.8381854724409443
20
-4.7611961811023624
11
5.8381853149606302
21
-4.7611964173228349
0
LINE
8
BLACK
6
CONTINUOUS
10
5.8381853149606302
20
-4.7611964173228349
11
5.8339567716535434
21
-4.7654248818897633
0
LINE
8
BLACK
6
CONTINUOUS
10
5.8339567716535434
20
-4.7654248818897633
11
5.8339931889763781
21
-4.7654879527559055
0
LINE
8
BLACK
6
CONTINUOUS
10
5.8339931889763781
20
-4.7654879527559055
11
5.8347054724409446
21
-4.7695275590551178
0
LINE
8
BLACK
6
CONTINUOUS
10
5.8347054724409446
20
-4.7695275590551178
11
5.8339931889763781
21
-4.773567165354331
0
LINE
8
BLACK
6
CONTINUOUS
10
5.8339931889763781
20
-4.773567165354331
11
5.8319422047244096
21
-4.777119527559055
0
LINE
8
BLACK
6
CONTINUOUS
10
5.8319422047244096
20
-4.777119527559055
11
5.8287999606299215
21
-4.7797562204724411
0
LINE
8
BLACK
6
CONTINUOUS
10
5.8287999606299215
20
-4.7797562204724411
11
5.8249453937007871
21
-4.7811591338582673
0
LINE
8
BLACK
6
CONTINUOUS
10
5.8249453937007871
20
-4.7811591338582673
11
5.8208435039370077
21
-4.7811591338582673
0
LINE
8
BLACK
6
CONTINUOUS
10
5.8208435039370077
20
-4.7811591338582673
11
5.8169889370078742
21
-4.7797562204724411
0
LINE
8
BLACK
6
CONTINUOUS
10
5.8169889370078742
20
-4.7797562204724411
11
5.8138466929133861
21
-4.777119527559055
0
LINE
8
BLACK
6
CONTINUOUS
10
5.8138466929133861
20
-4.777119527559055
11
5.8117957086614176
21
-4.773567165354331
0
LINE
8
BLACK
6
CONTINUOUS
10
5.8117957086614176
20
-4.773567165354331
11
5.8110834251968502
21
-4.7695275590551178
0
LINE
8
BLACK
6
CONTINUOUS
10
5.8110834251968502
20
-4.7695275590551178
11
5.8117957086614176
21
-4.7654879527559055
0
LINE
8
BLACK
6
CONTINUOUS
10
5.8117957086614176
20
-4.7654879527559055
11
5.8138466929133861
21
-4.7619355905511807
0
LINE
8
BLACK
6
CONTINUOUS
10
5.8138466929133861
20
-4.7619355905511807
11
5.8169889370078742
21
-4.7592988976377955
0
LINE
8
BLACK
6
CONTINUOUS
10
5.8169889370078742
20
-4.7592988976377955
11
5.8208435039370077
21
-4.7578959842519684
0
LINE
8
BLACK
6
CONTINUOUS
10
5.8208435039370077
20
-4.7578959842519684
11
5.8249453937007871
21
-4.7578959842519684
0
LINE
8
BLACK
6
CONTINUOUS
10
5.8249453937007871
20
-4.7578959842519684
11
5.8268669291338577
21
-4.7585953149606297
0
LINE
8
BLACK
6
CONTINUOUS
10
5.8268669291338577
20
-4.7585953149606297
11
5.8312255905511812
21
-4.7542366929133859
0
LINE
8
BLACK
6
CONTINUOUS
10
5.8312255905511812
20
-4.7542366929133859
11
5.8312257874015749
21
-4.7542364960629921
0
LINE
8
BLACK
6
CONTINUOUS
10
5.8312257874015749
20
-4.7542364960629921
11
5.8457874015748033
21
-4.7396748818897638
0
LINE
8
BLACK
6
CONTINUOUS
10
5.8457874015748033
20
-4.7396748818897638
11
5.8457874015748033
21
-4.7080118110236215
0
LINE
8
BLACK
6
CONTINUOUS
10
5.8457874015748033
20
-4.7080118110236215
11
5.8457874015748033
21
-4.6942322834645669
0
LINE
8
BLACK
6
CONTINUOUS
10
5.8457874015748033
20
-4.6942322834645669
11
5.8459747244094489
21
-4.6932906299212593
0
LINE
8
BLACK
6
CONTINUOUS
10
5.8459747244094489
20
-4.6932906299212593
11
5.8465081102362202
21
-4.6924923622047245
0
LINE
8
BLACK
6
CONTINUOUS
10
5.8465081102362202
20
-4.6924923622047245
11
5.8473063779527559
21
-4.6919589763779523
0
LINE
8
BLACK
6
CONTINUOUS
10
5.8473063779527559
20
-4.6919589763779523
11
5.8482480314960625
21
-4.6917716535433067
0
LINE
8
BLACK
6
CONTINUOUS
10
5.8482480314960625
20
-4.6917716535433067
11
5.8531692913385829
21
-4.6917716535433067
0
LINE
8
BLACK
6
CONTINUOUS
10
5.8531692913385829
20
-4.6917716535433067
11
5.8541109448818895
21
-4.6919589763779523
0
LINE
8
BLACK
6
CONTINUOUS
10
5.8383629133858266
20
-4.6762109448818894
11
5.8391611811023623
21
-4.6767443307086616
0
LINE
8
BLACK
6
CONTINUOUS
10
5.8391611811023623
20
-4.6767443307086616
11
5.8396945669291336
21
-4.6775425984251964
0
LINE
8
BLACK
6
CONTINUOUS
10
5.8396945669291336
20
-4.6775425984251964
11
5.8398818897637792
21
-4.6784842519685039
0
LINE
8
BLACK
6
CONTINUOUS
10
5.8398818897637792
20
-4.6784842519685039
11
5.8398818897637792
21
-4.6834055118110234
0
LINE
8
BLACK
6
CONTINUOUS
10
5.8398818897637792
20
-4.6834055118110234
11
5.8396945669291336
21
-4.6843471653543309
0
LINE
8
BLACK
6
CONTINUOUS
10
5.8396945669291336
20
-4.6843471653543309
11
5.8391611811023623
21
-4.6851454330708657
0
LINE
8
BLACK
6
CONTINUOUS
10
5.8391611811023623
20
-4.6851454330708657
11
5.8383629133858266
21
-4.6856788188976379
0
LINE
8
BLACK
6
CONTINUOUS
10
5.8383629133858266
20
-4.6856788188976379
11
5.8374212598425199
21
-4.6858661417322836
0
LINE
8
BLACK
6
CONTINUOUS
10
5.8374212598425199
20
-4.6858661417322836
11
5.825680196850394
21
-4.6858661417322836
0
LINE
8
BLACK
6
CONTINUOUS
10
5.825680196850394
20
-4.6858661417322836
11
5.7592081889763778
21
-4.7523381102362201
0
LINE
8
BLACK
6
CONTINUOUS
10
5.7592081889763778
20
-4.7523381102362201
11
5.7584626377952759
21
-4.7529499212598427
0
LINE
8
BLACK
6
CONTINUOUS
10
5.7584626377952759
20
-4.7529499212598427
11
5.7584624409448821
21
-4.7529501574803152
0
LINE
8
BLACK
6
CONTINUOUS
10
5.7584624409448821
20
-4.7529501574803152
11
5.757208031496063
21
-4.7534697244094488
0
LINE
8
BLACK
6
CONTINUOUS
10
5.757208031496063
20
-4.7534697244094488
11
5.7566884645669294
21
-4.7536849606299212
0
LINE
8
BLACK
6
CONTINUOUS
10
5.7566884645669294
20
-4.7536849606299212
11
5.7566884251968506
21
-4.7536849606299212
0
LINE
8
BLACK
6
CONTINUOUS
10
5.7566884251968506
20
-4.7536849606299212
11
5.7557283464566931
21
-4.7537795275590549
0
LINE
8
BLACK
6
CONTINUOUS
10
5.7557283464566931
20
-4.7537795275590549
11
5.7296456692913385
21
-4.7537795275590549
0
LINE
8
BLACK
6
CONTINUOUS
10
5.7296456692913385
20
-4.7537795275590549
11
5.7296456692913385
21
-4.7601771653543308
0
LINE
8
BLACK
6
CONTINUOUS
10
5.7296456692913385
20
-4.7601771653543308
11
5.7289338976377948
21
-4.7637553937007873
0
LINE
8
BLACK
6
CONTINUOUS
10
5.7289338976377948
20
-4.7637553937007873
11
5.7269070078740159
21
-4.7667888976377952
0
LINE
8
BLACK
6
CONTINUOUS
10
5.7269070078740159
20
-4.7667888976377952
11
5.7238735039370079
21
-4.7688157874015751
0
LINE
8
BLACK
6
CONTINUOUS
10
5.7238735039370079
20
-4.7688157874015751
11
5.7202952755905514
21
-4.7695275590551178
0
LINE
8
BLACK
6
CONTINUOUS
10
5.7202952755905514
20
-4.7695275590551178
11
5.7015944881889764
21
-4.7695275590551178
0
LINE
8
BLACK
6
CONTINUOUS
10
5.7015944881889764
20
-4.7695275590551178
11
5.6980162598425199
21
-4.7688157874015751
0
LINE
8
BLACK
6
CONTINUOUS
10
5.6980162598425199
20
-4.7688157874015751
11
5.694982755905512
21
-4.7667888976377952
0
LINE
8
BLACK
6
CONTINUOUS
10
5.694982755905512
20
-4.7667888976377952
11
5.6929558661417321
21
-4.7637553937007873
0
LINE
8
BLACK
6
CONTINUOUS
10
5.6929558661417321
20
-4.7637553937007873
11
5.6922440944881885
21
-4.7601771653543308
0
LINE
8
BLACK
6
CONTINUOUS
10
5.6922440944881885
20
-4.7601771653543308
11
5.6922440944881885
21
-4.7424212598425193
0
LINE
8
BLACK
6
CONTINUOUS
10
5.6922440944881885
20
-4.7424212598425193
11
5.6636417322834642
21
-4.7424212598425193
0
LINE
8
BLACK
6
CONTINUOUS
10
5.6636417322834642
20
-4.7424212598425193
11
5.6636417322834642
21
-4.7549999999999999
0
LINE
8
BLACK
6
CONTINUOUS
10
5.6636417322834642
20
-4.7549999999999999
11
5.6086417322834645
21
-4.7549999999999999
0
LINE
8
BLACK
6
CONTINUOUS
10
5.6086417322834645
20
-4.7549999999999999
11
5.6086417322834645
21
-4.7199999999999998
0
LINE
8
BLACK
6
CONTINUOUS
10
5.6086417322834645
20
-4.7199999999999998
11
5.6636417322834642
21
-4.7199999999999998
0
LINE
8
BLACK
6
CONTINUOUS
10
5.6636417322834642
20
-4.7199999999999998
11
5.6636417322834642
21
-4.7325787401574804
0
LINE
8
BLACK
6
CONTINUOUS
10
5.6636417322834642
20
-4.7325787401574804
11
5.693879527559055
21
-4.7325787401574804
0
LINE
8
BLACK
6
CONTINUOUS
10
5.693879527559055
20
-4.7325787401574804
11
5.694982755905512
21
-4.7309276377952756
0
LINE
8
BLACK
6
CONTINUOUS
10
5.694982755905512
20
-4.7309276377952756
11
5.6980162598425199
21
-4.7289007480314957
0
LINE
8
BLACK
6
CONTINUOUS
10
5.6980162598425199
20
-4.7289007480314957
11
5.7015944881889764
21
-4.728188976377953
0
LINE
8
BLACK
6
CONTINUOUS
10
5.7015944881889764
20
-4.728188976377953
11
5.7202952755905514
21
-4.728188976377953
0
LINE
8
BLACK
6
CONTINUOUS
10
5.7202952755905514
20
-4.728188976377953
11
5.7238735039370079
21
-4.7289007480314957
0
LINE
8
BLACK
6
CONTINUOUS
10
5.7238735039370079
20
-4.7289007480314957
11
5.7269070078740159
21
-4.7309276377952756
0
LINE
8
BLACK
6
CONTINUOUS
10
5.7269070078740159
20
-4.7309276377952756
11
5.7289338976377948
21
-4.7339611417322836
0
LINE
8
BLACK
6
CONTINUOUS
10
5.7289338976377948
20
-4.7339611417322836
11
5.7296456692913385
21
-4.73753937007874
0
LINE
8
BLACK
6
CONTINUOUS
10
5.7296456692913385
20
-4.73753937007874
11
5.7296456692913385
21
-4.743937007874016
0
LINE
8
BLACK
6
CONTINUOUS
10
5.7296456692913385
20
-4.743937007874016
11
5.7536899212598422
21
-4.743937007874016
0
LINE
8
BLACK
6
CONTINUOUS
10
5.7536899212598422
20
-4.743937007874016
11
5.8117607480314959
21
-4.6858661417322836
0
LINE
8
BLACK
6
CONTINUOUS
10
5.8117607480314959
20
-4.6858661417322836
11
5.8098622047244097
21
-4.6858661417322836
0
LINE
8
BLACK
6
CONTINUOUS
10
5.8098622047244097
20
-4.6858661417322836
11
5.8089205511811022
21
-4.6856788188976379
0
LINE
8
BLACK
6
CONTINUOUS
10
5.8089205511811022
20
-4.6856788188976379
11
5.8081222834645665
21
-4.6851454330708657
0
LINE
8
BLACK
6
CONTINUOUS
10
5.8081222834645665
20
-4.6851454330708657
11
5.8075888976377952
21
-4.6843471653543309
0
LINE
8
BLACK
6
CONTINUOUS
10
5.8075888976377952
20
-4.6843471653543309
11
5.8074015748031496
21
-4.6834055118110234
0
LINE
8
BLACK
6
CONTINUOUS
10
5.8074015748031496
20
-4.6834055118110234
11
5.8074015748031496
21
-4.6784842519685039
0
LINE
8
BLACK
6
CONTINUOUS
10
5.8074015748031496
20
-4.6784842519685039
11
5.8075888976377952
21
-4.6775425984251964
0
LINE
8
BLACK
6
CONTINUOUS
10
5.8075888976377952
20
-4.6775425984251964
11
5.8081222834645665
21
-4.6767443307086616
0
LINE
8
BLACK
6
CONTINUOUS
10
5.8081222834645665
20
-4.6767443307086616
11
5.8089205511811022
21
-4.6762109448818894
0
LINE
8
BLACK
6
CONTINUOUS
10
5.8089205511811022
20
-4.6762109448818894
11
5.8098622047244097
21
-4.6760236220472438
0
LINE
8
BLACK
6
CONTINUOUS
10
5.8098622047244097
20
-4.6760236220472438
11
5.8374212598425199
21
-4.6760236220472438
0
LINE
8
BLACK
6
CONTINUOUS
10
5.8374212598425199
20
-4.6760236220472438
11
5.8383629133858266
21
-4.6762109448818894
0
LINE
8
BLACK
6
CONTINUOUS
10
5.8236417322834644
20
-4.6366535433070863
11
5.8374212598425199
21
-4.6366535433070863
0
LINE
8
BLACK
6
CONTINUOUS
10
5.8374212598425199
20
-4.6366535433070863
11
5.8383629133858266
21
-4.636840866141732
0
LINE
8
BLACK
6
CONTINUOUS
10
5.8383629133858266
20
-4.636840866141732
11
5.8391611811023623
21
-4.6373742519685042
0
LINE
8
BLACK
6
CONTINUOUS
10
5.8391611811023623
20
-4.6373742519685042
11
5.8396945669291336
21
-4.638172519685039
0
LINE
8
BLACK
6
CONTINUOUS
10
5.8396945669291336
20
-4.638172519685039
11
5.8398818897637792
21
-4.6391141732283465
0
LINE
8
BLACK
6
CONTINUOUS
10
5.8398818897637792
20
-4.6391141732283465
11
5.8398818897637792
21
-4.644035433070866
0
LINE
8
BLACK
6
CONTINUOUS
10
5.8398818897637792
20
-4.644035433070866
11
5.8396945669291336
21
-4.6449770866141735
0
LINE
8
BLACK
6
CONTINUOUS
10
5.8396945669291336
20
-4.6449770866141735
11
5.8391611811023623
21
-4.6457753543307083
0
LINE
8
BLACK
6
CONTINUOUS
10
5.8391611811023623
20
-4.6457753543307083
11
5.8383629133858266
21
-4.6463087401574805
0
LINE
8
BLACK
6
CONTINUOUS
10
5.8383629133858266
20
-4.6463087401574805
11
5.8374212598425199
21
-4.6464960629921261
0
LINE
8
BLACK
6
CONTINUOUS
10
5.8374212598425199
20
-4.6464960629921261
11
5.8098622047244097
21
-4.6464960629921261
0
LINE
8
BLACK
6
CONTINUOUS
10
5.8098622047244097
20
-4.6464960629921261
11
5.6716447637795273
21
-4.6464960629921261
0
LINE
8
BLACK
6
CONTINUOUS
10
5.6716447637795273
20
-4.6464960629921261
11
5.6636417322834642
21
-4.6544990551181105
0
LINE
8
BLACK
6
CONTINUOUS
10
5.6636417322834642
20
-4.6544990551181105
11
5.6636417322834642
21
-4.6799999999999997
0
LINE
8
BLACK
6
CONTINUOUS
10
5.6636417322834642
20
-4.6799999999999997
11
5.6086417322834645
21
-4.6799999999999997
0
LINE
8
BLACK
6
CONTINUOUS
10
5.6086417322834645
20
-4.6799999999999997
11
5.6086417322834645
21
-4.6449999999999996
0
LINE
8
BLACK
6
CONTINUOUS
10
5.6086417322834645
20
-4.6449999999999996
11
5.6592213779527558
21
-4.6449999999999996
0
LINE
8
BLACK
6
CONTINUOUS
10
5.6592213779527558
20
-4.6449999999999996
11
5.666126456692913
21
-4.6380949212598424
0
LINE
8
BLACK
6
CONTINUOUS
10
5.666126456692913
20
-4.6380949212598424
11
5.6668722047244096
21
-4.6374829133858269
0
LINE
8
BLACK
6
CONTINUOUS
10
5.6668722047244096
20
-4.6374829133858269
11
5.668646220472441
21
-4.63674811023622
0
LINE
8
BLACK
6
CONTINUOUS
10
5.668646220472441
20
-4.63674811023622
11
5.6696062992125986
21
-4.6366535433070863
0
LINE
8
BLACK
6
CONTINUOUS
10
5.6696062992125986
20
-4.6366535433070863
11
5.8236417322834644
21
-4.6366535433070863
0
LINE
8
BLACK
6
CONTINUOUS
10
5.4869291338582675
20
-4.3081496062992128
11
5.4671871653543302
21
-4.3081496062992128
0
LINE
8
BLACK
6
CONTINUOUS
10
5.4671871653543302
20
-4.3081496062992128
11
5.4420683070866138
21
-4.3332684251968505
0
LINE
8
BLACK
6
CONTINUOUS
10
5.4420683070866138
20
-4.3332684251968505
11
5.4418074015748026
21
-4.3347482677165354
0
LINE
8
BLACK
6
CONTINUOUS
10
5.4418074015748026
20
-4.3347482677165354
11
5.4397564173228341
21
-4.3383006299212594
0
LINE
8
BLACK
6
CONTINUOUS
10
5.4397564173228341
20
-4.3383006299212594
11
5.4366141732283459
21
-4.3409373228346455
0
LINE
8
BLACK
6
CONTINUOUS
10
5.4366141732283459
20
-4.3409373228346455
11
5.4331320866141732
21
-4.3422046456692911
0
LINE
8
BLACK
6
CONTINUOUS
10
5.4331320866141732
20
-4.3422046456692911
11
5.4083770472440946
21
-4.3669597244094485
0
LINE
8
BLACK
6
CONTINUOUS
10
5.4083770472440946
20
-4.3669597244094485
11
5.4074999999999998
21
-4.3676794488188975
0
LINE
8
BLACK
6
CONTINUOUS
10
5.4074999999999998
20
-4.3676794488188975
11
5.4074999999999998
21
-4.3774999999999995
0
LINE
8
BLACK
6
CONTINUOUS
10
5.4074999999999998
20
-4.3774999999999995
11
5.3764194488188979
21
-4.3774999999999995
0
LINE
8
BLACK
6
CONTINUOUS
10
5.3764194488188979
20
-4.3774999999999995
11
5.3698425196850392
21
-4.3840768897637794
0
LINE
8
BLACK
6
CONTINUOUS
10
5.3698425196850392
20
-4.3840768897637794
11
5.3698425196850392
21
-4.5559230708661413
0
LINE
8
BLACK
6
CONTINUOUS
10
5.3698425196850392
20
-4.5559230708661413
11
5.3840768897637794
21
-4.5701574803149603
0
LINE
8
BLACK
6
CONTINUOUS
10
5.3840768897637794
20
-4.5701574803149603
11
5.3999999999999995
21
-4.5701574803149603
0
LINE
8
BLACK
6
CONTINUOUS
10
5.3999999999999995
20
-4.5701574803149603
11
5.3999999999999995
21
-4.5499999999999998
0
LINE
8
BLACK
6
CONTINUOUS
10
5.3999999999999995
20
-4.5499999999999998
11
5.46
21
-4.5499999999999998
0
LINE
8
BLACK
6
CONTINUOUS
10
5.46
20
-4.5499999999999998
11
5.46
21
-4.5701574803149603
0
LINE
8
BLACK
6
CONTINUOUS
10
5.46
20
-4.5701574803149603
11
5.5
21
-4.5701574803149603
0
LINE
8
BLACK
6
CONTINUOUS
10
5.5
20
-4.5701574803149603
11
5.5
21
-4.5499999999999998
0
LINE
8
BLACK
6
CONTINUOUS
10
5.5
20
-4.5499999999999998
11
5.5599999999999996
21
-4.5499999999999998
0
LINE
8
BLACK
6
CONTINUOUS
10
5.5599999999999996
20
-4.5499999999999998
11
5.5599999999999996
21
-4.5933464566929132
0
LINE
8
BLACK
6
CONTINUOUS
10
5.5599999999999996
20
-4.5933464566929132
11
5.6292519685039366
21
-4.5933464566929132
0
LINE
8
BLACK
6
CONTINUOUS
10
5.6292519685039366
20
-4.5933464566929132
11
5.6292519685039366
21
-4.5918700787401576
0
LINE
8
BLACK
6
CONTINUOUS
10
5.6292519685039366
20
-4.5918700787401576
11
5.6299637401574802
21
-4.5882918503937002
0
LINE
8
BLACK
6
CONTINUOUS
10
5.6299637401574802
20
-4.5882918503937002
11
5.6319906299212601
21
-4.5852583464566932
0
LINE
8
BLACK
6
CONTINUOUS
10
5.6319906299212601
20
-4.5852583464566932
11
5.6350241338582672
21
-4.5832314566929133
0
LINE
8
BLACK
6
CONTINUOUS
10
5.6350241338582672
20
-4.5832314566929133
11
5.6386023622047245
21
-4.5825196850393697
0
LINE
8
BLACK
6
CONTINUOUS
10
5.6386023622047245
20
-4.5825196850393697
11
5.6573031496062987
21
-4.5825196850393697
0
LINE
8
BLACK
6
CONTINUOUS
10
5.6573031496062987
20
-4.5825196850393697
11
5.660881377952756
21
-4.5832314566929133
0
LINE
8
BLACK
6
CONTINUOUS
10
5.660881377952756
20
-4.5832314566929133
11
5.663914881889764
21
-4.5852583464566932
0
LINE
8
BLACK
6
CONTINUOUS
10
5.663914881889764
20
-4.5852583464566932
11
5.665941771653543
21
-4.5882918503937002
0
LINE
8
BLACK
6
CONTINUOUS
10
5.665941771653543
20
-4.5882918503937002
11
5.6666535433070866
21
-4.5918700787401576
0
LINE
8
BLACK
6
CONTINUOUS
10
5.6666535433070866
20
-4.5918700787401576
11
5.6666535433070866
21
-4.5972834645669289
0
LINE
8
BLACK
6
CONTINUOUS
10
5.6666535433070866
20
-4.5972834645669289
11
5.6922440944881885
21
-4.5972834645669289
0
LINE
8
BLACK
6
CONTINUOUS
10
5.6922440944881885
20
-4.5972834645669289
11
5.6922440944881885
21
-4.5918700787401576
0
LINE
8
BLACK
6
CONTINUOUS
10
5.6922440944881885
20
-4.5918700787401576
11
5.6929558661417321
21
-4.5882918503937002
0
LINE
8
BLACK
6
CONTINUOUS
10
5.6929558661417321
20
-4.5882918503937002
11
5.694982755905512
21
-4.5852583464566932
0
LINE
8
BLACK
6
CONTINUOUS
10
5.694982755905512
20
-4.5852583464566932
11
5.6980162598425199
21
-4.5832314566929133
0
LINE
8
BLACK
6
CONTINUOUS
10
5.6980162598425199
20
-4.5832314566929133
11
5.7015944881889764
21
-4.5825196850393697
0
LINE
8
BLACK
6
CONTINUOUS
10
5.7015944881889764
20
-4.5825196850393697
11
5.7202952755905514
21
-4.5825196850393697
0
LINE
8
BLACK
6
CONTINUOUS
10
5.7202952755905514
20
-4.5825196850393697
11
5.7238735039370079
21
-4.5832314566929133
0
LINE
8
BLACK
6
CONTINUOUS
10
5.7238735039370079
20
-4.5832314566929133
11
5.7269070078740159
21
-4.5852583464566932
0
LINE
8
BLACK
6
CONTINUOUS
10
5.7269070078740159
20
-4.5852583464566932
11
5.7289338976377948
21
-4.5882918503937002
0
LINE
8
BLACK
6
CONTINUOUS
10
5.7289338976377948
20
-4.5882918503937002
11
5.7296456692913385
21
-4.5918700787401576
0
LINE
8
BLACK
6
CONTINUOUS
10
5.7296456692913385
20
-4.5918700787401576
11
5.7296456692913385
21
-4.5972834645669289
0
LINE
8
BLACK
6
CONTINUOUS
10
5.7296456692913385
20
-4.5972834645669289
11
5.8046084645669289
21
-4.5972834645669289
0
LINE
8
BLACK
6
CONTINUOUS
10
5.8046084645669289
20
-4.5972834645669289
11
5.8060894881889764
21
-4.5976117322834646
0
LINE
8
BLACK
6
CONTINUOUS
10
5.8060894881889764
20
-4.5976117322834646
11
5.8061099606299207
21
-4.5975416141732284
0
LINE
8
BLACK
6
CONTINUOUS
10
5.8061099606299207
20
-4.5975416141732284
11
5.8064684251968499
21
-4.5976461023622051
0
LINE
8
BLACK
6
CONTINUOUS
10
5.8064684251968499
20
-4.5976461023622051
11
5.8082977165354333
21
-4.5978869291338578
0
LINE
8
BLACK
6
CONTINUOUS
10
5.8082977165354333
20
-4.5978869291338578
11
5.8089205511811022
21
-4.5974707874015746
0
LINE
8
BLACK
6
CONTINUOUS
10
5.8089205511811022
20
-4.5974707874015746
11
5.8098622047244097
21
-4.5972834645669289
0
LINE
8
BLACK
6
CONTINUOUS
10
5.8098622047244097
20
-4.5972834645669289
11
5.8374212598425199
21
-4.5972834645669289
0
LINE
8
BLACK
6
CONTINUOUS
10
5.8374212598425199
20
-4.5972834645669289
11
5.8383629133858266
21
-4.5974707874015746
0
LINE
8
BLACK
6
CONTINUOUS
10
5.8383629133858266
20
-4.5974707874015746
11
5.8391611811023623
21
-4.5980041732283468
0
LINE
8
BLACK
6
CONTINUOUS
10
5.8391611811023623
20
-4.5980041732283468
11
5.8396945669291336
21
-4.5988024409448816
0
LINE
8
BLACK
6
CONTINUOUS
10
5.8396945669291336
20
-4.5988024409448816
11
5.8398818897637792
21
-4.5997440944881891
0
LINE
8
BLACK
6
CONTINUOUS
10
5.8398818897637792
20
-4.5997440944881891
11
5.8398818897637792
21
-4.6046653543307086
0
LINE
8
BLACK
6
CONTINUOUS
10
5.8398818897637792
20
-4.6046653543307086
11
5.8396945669291336
21
-4.6056070078740152
0
LINE
8
BLACK
6
CONTINUOUS
10
5.8396945669291336
20
-4.6056070078740152
11
5.8391611811023623
21
-4.6064052755905509
0
LINE
8
BLACK
6
CONTINUOUS
10
5.8391611811023623
20
-4.6064052755905509
11
5.8383629133858266
21
-4.6069386614173231
0
LINE
8
BLACK
6
CONTINUOUS
10
5.8383629133858266
20
-4.6069386614173231
11
5.838287401574803
21
-4.6069536614173225
0
LINE
8
BLACK
6
CONTINUOUS
10
5.838287401574803
20
-4.6069536614173225
11
5.838287401574803
21
-4.6171407874015751
0
LINE
8
BLACK
6
CONTINUOUS
10
5.838287401574803
20
-4.6171407874015751
11
5.8383629133858266
21
-4.6171558267716533
0
LINE
8
BLACK
6
CONTINUOUS
10
5.8383629133858266
20
-4.6171558267716533
11
5.8391611811023623
21
-4.6176892125984255
0
LINE
8
BLACK
6
CONTINUOUS
10
5.8391611811023623
20
-4.6176892125984255
11
5.8396945669291336
21
-4.6184874803149603
0
LINE
8
BLACK
6
CONTINUOUS
10
5.8396945669291336
20
-4.6184874803149603
11
5.8398818897637792
21
-4.6194291338582678
0
LINE
8
BLACK
6
CONTINUOUS
10
5.8398818897637792
20
-4.6194291338582678
11
5.8398818897637792
21
-4.6243503937007873
0
LINE
8
BLACK
6
CONTINUOUS
10
5.8398818897637792
20
-4.6243503937007873
11
5.8396945669291336
21
-4.6252920472440948
0
LINE
8
BLACK
6
CONTINUOUS
10
5.8396945669291336
20
-4.6252920472440948
11
5.8391611811023623
21
-4.6260903149606296
0
LINE
8
BLACK
6
CONTINUOUS
10
5.8391611811023623
20
-4.6260903149606296
11
5.8383629133858266
21
-4.6266237007874018
0
LINE
8
BLACK
6
CONTINUOUS
10
5.8383629133858266
20
-4.6266237007874018
11
5.8374212598425199
21
-4.6268110236220474
0
LINE
8
BLACK
6
CONTINUOUS
10
5.8374212598425199
20
-4.6268110236220474
11
5.8098622047244097
21
-4.6268110236220474
0
LINE
8
BLACK
6
CONTINUOUS
10
5.8098622047244097
20
-4.6268110236220474
11
5.8089205511811022
21
-4.6266237007874018
0
LINE
8
BLACK
6
CONTINUOUS
10
5.8089205511811022
20
-4.6266237007874018
11
5.8082875984251965
21
-4.6262007874015749
0
LINE
8
BLACK
6
CONTINUOUS
10
5.8082875984251965
20
-4.6262007874015749
11
5.6719299999999997
21
-4.6262007874015749
0
LINE
8
BLACK
6
CONTINUOUS
10
5.6719299999999997
20
-4.6262007874015749
11
5.6719293700787397
21
-4.6262007480314962
0
LINE
8
BLACK
6
CONTINUOUS
10
5.6719293700787397
20
-4.6262007480314962
11
5.6716303149606295
21
-4.6262007480314962
0
LINE
8
BLACK
6
CONTINUOUS
10
5.6716303149606295
20
-4.6262007480314962
11
5.6675822834645668
21
-4.6262007480314962
0
LINE
8
BLACK
6
CONTINUOUS
10
5.6675822834645668
20
-4.6262007480314962
11
5.6675822047244093
21
-4.6262007480314962
0
LINE
8
BLACK
6
CONTINUOUS
10
5.6675822047244093
20
-4.6262007480314962
11
5.6659254330708659
21
-4.6266446850393699
0
LINE
8
BLACK
6
CONTINUOUS
10
5.6659254330708659
20
-4.6266446850393699
11
5.6646619685039372
21
-4.6268110236220474
0
LINE
8
BLACK
6
CONTINUOUS
10
5.6646619685039372
20
-4.6268110236220474
11
5.6331496062992121
21
-4.6268110236220474
0
LINE
8
BLACK
6
CONTINUOUS
10
5.6331496062992121
20
-4.6268110236220474
11
5.6305102755905514
21
-4.6260360236220475
0
LINE
8
BLACK
6
CONTINUOUS
10
5.6305102755905514
20
-4.6260360236220475
11
5.6287088976377948
21
-4.6239571259842522
0
LINE
8
BLACK
6
CONTINUOUS
10
5.6287088976377948
20
-4.6239571259842522
11
5.6282677165354329
21
-4.6219291338582673
0
LINE
8
BLACK
6
CONTINUOUS
10
5.6282677165354329
20
-4.6219291338582673
11
5.6282677165354329
21
-4.6130314960629919
0
LINE
8
BLACK
6
CONTINUOUS
10
5.6282677165354329
20
-4.6130314960629919
11
5.6253149606299209
21
-4.6130314960629919
0
LINE
8
BLACK
6
CONTINUOUS
10
5.6253149606299209
20
-4.6130314960629919
11
5.5531889763779523
21
-4.6130314960629919
0
LINE
8
BLACK
6
CONTINUOUS
10
5.5531889763779523
20
-4.6130314960629919
11
5.5512687795275593
21
-4.6128423622047245
0
LINE
8
BLACK
6
CONTINUOUS
10
5.5512687795275593
20
-4.6128423622047245
11
5.5496564960629922
21
-4.6121745275590547
0
LINE
8
BLACK
6
CONTINUOUS
10
5.5496564960629922
20
-4.6121745275590547
11
5.547720787401575
21
-4.6113727559055118
0
LINE
8
BLACK
6
CONTINUOUS
10
5.547720787401575
20
-4.6113727559055118
11
5.5462292519685041
21
-4.6101487007874011
0
LINE
8
BLACK
6
CONTINUOUS
10
5.5462292519685041
20
-4.6101487007874011
11
5.5460805511811024
21
-4.6100000000000003
0
LINE
8
BLACK
6
CONTINUOUS
10
5.5460805511811024
20
-4.6100000000000003
11
5.5
21
-4.6100000000000003
0
LINE
8
BLACK
6
CONTINUOUS
10
5.5
20
-4.6100000000000003
11
5.5
21
-4.589842519685039
0
LINE
8
BLACK
6
CONTINUOUS
10
5.5
20
-4.589842519685039
11
5.46
21
-4.589842519685039
0
LINE
8
BLACK
6
CONTINUOUS
10
5.46
20
-4.589842519685039
11
5.46
21
-4.6100000000000003
0
LINE
8
BLACK
6
CONTINUOUS
10
5.46
20
-4.6100000000000003
11
5.3999999999999995
21
-4.6100000000000003
0
LINE
8
BLACK
6
CONTINUOUS
10
5.3999999999999995
20
-4.6100000000000003
11
5.3999999999999995
21
-4.589842519685039
0
LINE
8
BLACK
6
CONTINUOUS
10
5.3999999999999995
20
-4.589842519685039
11
5.3799999999999999
21
-4.589842519685039
0
LINE
8
BLACK
6
CONTINUOUS
10
5.3799999999999999
20
-4.589842519685039
11
5.378079803149606
21
-4.5896533858267716
0
LINE
8
BLACK
6
CONTINUOUS
10
5.378079803149606
20
-4.5896533858267716
11
5.374531771653543
21
-4.5881837401574801
0
LINE
8
BLACK
6
CONTINUOUS
10
5.374531771653543
20
-4.5881837401574801
11
5.3745315748031492
21
-4.5881835433070863
0
LINE
8
BLACK
6
CONTINUOUS
10
5.3745315748031492
20
-4.5881835433070863
11
5.3730402755905509
21
-4.5869596850393703
0
LINE
8
BLACK
6
CONTINUOUS
10
5.3730402755905509
20
-4.5869596850393703
11
5.3530402755905513
21
-4.5669597244094486
0
LINE
8
BLACK
6
CONTINUOUS
10
5.3530402755905513
20
-4.5669597244094486
11
5.3518164173228344
21
-4.5654683858267715
0
LINE
8
BLACK
6
CONTINUOUS
10
5.3518164173228344
20
-4.5654683858267715
11
5.3518162598425194
21
-4.5654682283464565
0
LINE
8
BLACK
6
CONTINUOUS
10
5.3518162598425194
20
-4.5654682283464565
11
5.3503466141732279
21
-4.5619201968503935
0
LINE
8
BLACK
6
CONTINUOUS
10
5.3503466141732279
20
-4.5619201968503935
11
5.3501574803149605
21
-4.5599999999999996
0
LINE
8
BLACK
6
CONTINUOUS
10
5.3501574803149605
20
-4.5599999999999996
11
5.3501574803149605
21
-4.3799999999999999
0
LINE
8
BLACK
6
CONTINUOUS
10
5.3501574803149605
20
-4.3799999999999999
11
5.3503466141732279
21
-4.378079803149606
0
LINE
8
BLACK
6
CONTINUOUS
10
5.3503466141732279
20
-4.378079803149606
11
5.3518162598425194
21
-4.374531771653543
0
LINE
8
BLACK
6
CONTINUOUS
10
5.3518162598425194
20
-4.374531771653543
11
5.3518164173228344
21
-4.3745315748031492
0
LINE
8
BLACK
6
CONTINUOUS
10
5.3518164173228344
20
-4.3745315748031492
11
5.3525
21
-4.373698622047244
0
LINE
8
BLACK
6
CONTINUOUS
10
5.3525
20
-4.373698622047244
11
5.3525
21
-4.3425000000000002
0
LINE
8
BLACK
6
CONTINUOUS
10
5.3525
20
-4.3425000000000002
11
5.4049978740157476
21
-4.3425000000000002
0
LINE
8
BLACK
6
CONTINUOUS
10
5.4049978740157476
20
-4.3425000000000002
11
5.419348976377953
21
-4.3281488582677161
0
LINE
8
BLACK
6
CONTINUOUS
10
5.419348976377953
20
-4.3281488582677161
11
5.4196099212598421
21
-4.32666905511811
0
LINE
8
BLACK
6
CONTINUOUS
10
5.4196099212598421
20
-4.32666905511811
11
5.4216609055118106
21
-4.323116692913386
0
LINE
8
BLACK
6
CONTINUOUS
10
5.4216609055118106
20
-4.323116692913386
11
5.4248031496062987
21
-4.3204799999999999
0
LINE
8
BLACK
6
CONTINUOUS
10
5.4248031496062987
20
-4.3204799999999999
11
5.4282851968503936
21
-4.3192126377952755
0
LINE
8
BLACK
6
CONTINUOUS
10
5.4282851968503936
20
-4.3192126377952755
11
5.4451968503937005
21
-4.3023010236220474
0
LINE
8
BLACK
6
CONTINUOUS
10
5.4451968503937005
20
-4.3023010236220474
11
5.4451968503937005
21
-4.2825590551181101
0
LINE
8
BLACK
6
CONTINUOUS
10
5.4451968503937005
20
-4.2825590551181101
11
5.4869291338582675
21
-4.2825590551181101
0
LINE
8
BLACK
6
CONTINUOUS
10
5.4869291338582675
20
-4.2825590551181101
11
5.4869291338582675
21
-4.3081496062992128
0
LINE
8
BLACK
6
CONTINUOUS
10
6.1696062992125986
20
-4.0800000000000001
11
6.1445275590551178
21
-4.0800000000000001
0
LINE
8
BLACK
6
CONTINUOUS
10
6.1445275590551178
20
-4.0800000000000001
11
6.1445275590551178
21
-4.089842519685039
0
LINE
8
BLACK
6
CONTINUOUS
10
6.1445275590551178
20
-4.089842519685039
11
6.1445275590551178
21
-4.1200000000000001
0
LINE
8
BLACK
6
CONTINUOUS
10
6.1445275590551178
20
-4.1200000000000001
11
6.1696062992125986
21
-4.1200000000000001
0
LINE
8
BLACK
6
CONTINUOUS
10
6.1696062992125986
20
-4.1200000000000001
11
6.1696062992125986
21
-4.1799999999999997
0
LINE
8
BLACK
6
CONTINUOUS
10
6.1696062992125986
20
-4.1799999999999997
11
6.1445275590551178
21
-4.1799999999999997
0
LINE
8
BLACK
6
CONTINUOUS
10
6.1445275590551178
20
-4.1799999999999997
11
6.1445275590551178
21
-4.2617512598425193
0
LINE
8
BLACK
6
CONTINUOUS
10
6.1445275590551178
20
-4.2617512598425193
11
6.1444329921259841
21
-4.2627113385826769
0
LINE
8
BLACK
6
CONTINUOUS
10
6.1444329921259841
20
-4.2627113385826769
11
6.1444329921259841
21
-4.2627113779527557
0
LINE
8
BLACK
6
CONTINUOUS
10
6.1444329921259841
20
-4.2627113779527557
11
6.1442177559055118
21
-4.2632309448818893
0
LINE
8
BLACK
6
CONTINUOUS
10
6.1442177559055118
20
-4.2632309448818893
11
6.1436981889763782
21
-4.2644853543307084
0
LINE
8
BLACK
6
CONTINUOUS
10
6.1436981889763782
20
-4.2644853543307084
11
6.1436979527559057
21
-4.2644855511811022
0
LINE
8
BLACK
6
CONTINUOUS
10
6.1436979527559057
20
-4.2644855511811022
11
6.1430861417322831
21
-4.2652311023622049
0
LINE
8
BLACK
6
CONTINUOUS
10
6.1430861417322831
20
-4.2652311023622049
11
6.0248374015748034
21
-4.3834798425196846
0
LINE
8
BLACK
6
CONTINUOUS
10
6.0248374015748034
20
-4.3834798425196846
11
6.0240918503937007
21
-4.3840916535433072
0
LINE
8
BLACK
6
CONTINUOUS
10
6.0240918503937007
20
-4.3840916535433072
11
6.0240916535433069
21
-4.3840918897637797
0
LINE
8
BLACK
6
CONTINUOUS
10
6.0240916535433069
20
-4.3840918897637797
11
6.0228372440944877
21
-4.3846114566929133
0
LINE
8
BLACK
6
CONTINUOUS
10
6.0228372440944877
20
-4.3846114566929133
11
6.0223176771653542
21
-4.3848266929133857
0
LINE
8
BLACK
6
CONTINUOUS
10
6.0223176771653542
20
-4.3848266929133857
11
6.0223176377952754
21
-4.3848266929133857
0
LINE
8
BLACK
6
CONTINUOUS
10
6.0223176377952754
20
-4.3848266929133857
11
6.0213575590551178
21
-4.3849212598425193
0
LINE
8
BLACK
6
CONTINUOUS
10
6.0213575590551178
20
-4.3849212598425193
11
5.9298784645669294
21
-4.3849212598425193
0
LINE
8
BLACK
6
CONTINUOUS
10
5.9298784645669294
20
-4.3849212598425193
11
5.8285629921259838
21
-4.4862366929133861
0
LINE
8
BLACK
6
CONTINUOUS
10
5.8285629921259838
20
-4.4862366929133861
11
5.8285629921259838
21
-4.5775984251968502
0
LINE
8
BLACK
6
CONTINUOUS
10
5.8285629921259838
20
-4.5775984251968502
11
5.8374212598425199
21
-4.5775984251968502
0
LINE
8
BLACK
6
CONTINUOUS
10
5.8374212598425199
20
-4.5775984251968502
11
5.8383629133858266
21
-4.5777857480314958
0
LINE
8
BLACK
6
CONTINUOUS
10
5.8383629133858266
20
-4.5777857480314958
11
5.8391611811023623
21
-4.5783191338582681
0
LINE
8
BLACK
6
CONTINUOUS
10
5.8391611811023623
20
-4.5783191338582681
11
5.8396945669291336
21
-4.5791174015748028
0
LINE
8
BLACK
6
CONTINUOUS
10
5.8396945669291336
20
-4.5791174015748028
11
5.8398818897637792
21
-4.5800590551181104
0
LINE
8
BLACK
6
CONTINUOUS
10
5.8398818897637792
20
-4.5800590551181104
11
5.8398818897637792
21
-4.5849803149606299
0
LINE
8
BLACK
6
CONTINUOUS
10
5.8398818897637792
20
-4.5849803149606299
11
5.8396945669291336
21
-4.5859219685039365
0
LINE
8
BLACK
6
CONTINUOUS
10
5.8396945669291336
20
-4.5859219685039365
11
5.8391611811023623
21
-4.5867202362204722
0
LINE
8
BLACK
6
CONTINUOUS
10
5.8391611811023623
20
-4.5867202362204722
11
5.8383629133858266
21
-4.5872536220472444
0
LINE
8
BLACK
6
CONTINUOUS
10
5.8383629133858266
20
-4.5872536220472444
11
5.8374212598425199
21
-4.58744094488189
0
LINE
8
BLACK
6
CONTINUOUS
10
5.8374212598425199
20
-4.58744094488189
11
5.8098622047244097
21
-4.58744094488189
0
LINE
8
BLACK
6
CONTINUOUS
10
5.8098622047244097
20
-4.58744094488189
11
5.8089205511811022
21
-4.5872536220472444
0
LINE
8
BLACK
6
CONTINUOUS
10
5.8089205511811022
20
-4.5872536220472444
11
5.8081222834645665
21
-4.5867202362204722
0
LINE
8
BLACK
6
CONTINUOUS
10
5.8081222834645665
20
-4.5867202362204722
11
5.8075888976377952
21
-4.5859219685039365
0
LINE
8
BLACK
6
CONTINUOUS
10
5.8075888976377952
20
-4.5859219685039365
11
5.8074015748031496
21
-4.5849803149606299
0
LINE
8
BLACK
6
CONTINUOUS
10
5.8074015748031496
20
-4.5849803149606299
11
5.8074015748031496
21
-4.5800590551181104
0
LINE
8
BLACK
6
CONTINUOUS
10
5.8074015748031496
20
-4.5800590551181104
11
5.8075888976377952
21
-4.5791174015748028
0
LINE
8
BLACK
6
CONTINUOUS
10
5.8075888976377952
20
-4.5791174015748028
11
5.8081222834645665
21
-4.5783191338582681
0
LINE
8
BLACK
6
CONTINUOUS
10
5.8081222834645665
20
-4.5783191338582681
11
5.8089205511811022
21
-4.5777857480314958
0
LINE
8
BLACK
6
CONTINUOUS
10
5.8089205511811022
20
-4.5777857480314958
11
5.8098622047244097
21
-4.5775984251968502
0
LINE
8
BLACK
6
CONTINUOUS
10
5.8098622047244097
20
-4.5775984251968502
11
5.8187204724409449
21
-4.5775984251968502
0
LINE
8
BLACK
6
CONTINUOUS
10
5.8187204724409449
20
-4.5775984251968502
11
5.8187204724409449
21
-4.4841982677165353
0
LINE
8
BLACK
6
CONTINUOUS
10
5.8187204724409449
20
-4.4841982677165353
11
5.8188150393700786
21
-4.4832381889763777
0
LINE
8
BLACK
6
CONTINUOUS
10
5.8188150393700786
20
-4.4832381889763777
11
5.8188370078740155
21
-4.4831851968503935
0
LINE
8
BLACK
6
CONTINUOUS
10
5.8188370078740155
20
-4.4831851968503935
11
5.8192108267716538
21
-4.4822826377952758
0
LINE
8
BLACK
6
CONTINUOUS
10
5.8192108267716538
20
-4.4822826377952758
11
5.8195498425196845
21
-4.4814641732283462
0
LINE
8
BLACK
6
CONTINUOUS
10
5.8195498425196845
20
-4.4814641732283462
11
5.8195500393700783
21
-4.4814639370078737
0
LINE
8
BLACK
6
CONTINUOUS
10
5.8195500393700783
20
-4.4814639370078737
11
5.8201618897637797
21
-4.4807184251968506
0
LINE
8
BLACK
6
CONTINUOUS
10
5.8201618897637797
20
-4.4807184251968506
11
5.9243601574803151
21
-4.3765201181102364
0
LINE
8
BLACK
6
CONTINUOUS
10
5.9243601574803151
20
-4.3765201181102364
11
5.9251059055118107
21
-4.3759081102362201
0
LINE
8
BLACK
6
CONTINUOUS
10
5.9251059055118107
20
-4.3759081102362201
11
5.9268799212598422
21
-4.3751732677165354
0
LINE
8
BLACK
6
CONTINUOUS
10
5.9268799212598422
20
-4.3751732677165354
11
5.9268803149606297
21
-4.3751732677165354
0
LINE
8
BLACK
6
CONTINUOUS
10
5.9268803149606297
20
-4.3751732677165354
11
5.9278399999999998
21
-4.3750787401574804
0
LINE
8
BLACK
6
CONTINUOUS
10
5.9278399999999998
20
-4.3750787401574804
11
6.0193191338582679
21
-4.3750787401574804
0
LINE
8
BLACK
6
CONTINUOUS
10
6.0193191338582679
20
-4.3750787401574804
11
6.1346850393700789
21
-4.2597128346456694
0
LINE
8
BLACK
6
CONTINUOUS
10
6.1346850393700789
20
-4.2597128346456694
11
6.1346850393700789
21
-4.1799999999999997
0
LINE
8
BLACK
6
CONTINUOUS
10
6.1346850393700789
20
-4.1799999999999997
11
6.1096062992125981
21
-4.1799999999999997
0
LINE
8
BLACK
6
CONTINUOUS
10
6.1096062992125981
20
-4.1799999999999997
11
6.1096062992125981
21
-4.1200000000000001
0
LINE
8
BLACK
6
CONTINUOUS
10
6.1096062992125981
20
-4.1200000000000001
11
6.1346850393700789
21
-4.1200000000000001
0
LINE
8
BLACK
6
CONTINUOUS
10
6.1346850393700789
20
-4.1200000000000001
11
6.1346850393700789
21
-4.089842519685039
0
LINE
8
BLACK
6
CONTINUOUS
10
6.1346850393700789
20
-4.089842519685039
11
6.1346850393700789
21
-4.0800000000000001
0
LINE
8
BLACK
6
CONTINUOUS
10
6.1346850393700789
20
-4.0800000000000001
11
6.1096062992125981
21
-4.0800000000000001
0
LINE
8
BLACK
6
CONTINUOUS
10
6.1096062992125981
20
-4.0800000000000001
11
6.1096062992125981
21
-4.0199999999999996
0
LINE
8
BLACK
6
CONTINUOUS
10
6.1096062992125981
20
-4.0199999999999996
11
6.1696062992125986
21
-4.0199999999999996
0
LINE
8
BLACK
6
CONTINUOUS
10
6.1696062992125986
20
-4.0199999999999996
11
6.1696062992125986
21
-4.0800000000000001
0
LINE
8
BLACK
6
CONTINUOUS
10
6.9100000000000001
20
-4.0800000000000001
11
6.8849212598425193
21
-4.0800000000000001
0
LINE
8
BLACK
6
CONTINUOUS
10
6.8849212598425193
20
-4.0800000000000001
11
6.8849212598425193
21
-4.1200000000000001
0
LINE
8
BLACK
6
CONTINUOUS
10
6.8849212598425193
20
-4.1200000000000001
11
6.9100000000000001
21
-4.1200000000000001
0
LINE
8
BLACK
6
CONTINUOUS
10
6.9100000000000001
20
-4.1200000000000001
11
6.9100000000000001
21
-4.1799999999999997
0
LINE
8
BLACK
6
CONTINUOUS
10
6.9100000000000001
20
-4.1799999999999997
11
6.8569596850393699
21
-4.1799999999999997
0
LINE
8
BLACK
6
CONTINUOUS
10
6.8569596850393699
20
-4.1799999999999997
11
6.7489908661417317
21
-4.2879688188976379
0
LINE
8
BLACK
6
CONTINUOUS
10
6.7489908661417317
20
-4.2879688188976379
11
6.7482453149606298
21
-4.2885806299212597
0
LINE
8
BLACK
6
CONTINUOUS
10
6.7482453149606298
20
-4.2885806299212597
11
6.7482451181102361
21
-4.2885808661417322
0
LINE
8
BLACK
6
CONTINUOUS
10
6.7482451181102361
20
-4.2885808661417322
11
6.7472966929133857
21
-4.2889737007874018
0
LINE
8
BLACK
6
CONTINUOUS
10
6.7472966929133857
20
-4.2889737007874018
11
6.7464711417322833
21
-4.2893156692913381
0
LINE
8
BLACK
6
CONTINUOUS
10
6.7464711417322833
20
-4.2893156692913381
11
6.7464711023622046
21
-4.2893156692913381
0
LINE
8
BLACK
6
CONTINUOUS
10
6.7464711023622046
20
-4.2893156692913381
11
6.745511023622047
21
-4.2894102362204727
0
LINE
8
BLACK
6
CONTINUOUS
10
6.745511023622047
20
-4.2894102362204727
11
6.4504307086614174
21
-4.2894102362204727
0
LINE
8
BLACK
6
CONTINUOUS
10
6.4504307086614174
20
-4.2894102362204727
11
6.4494706299212599
21
-4.2893156692913381
0
LINE
8
BLACK
6
CONTINUOUS
10
6.4494706299212599
20
-4.2893156692913381
11
6.4494705905511811
21
-4.2893156692913381
0
LINE
8
BLACK
6
CONTINUOUS
10
6.4494705905511811
20
-4.2893156692913381
11
6.448659094488189
21
-4.2889795275590554
0
LINE
8
BLACK
6
CONTINUOUS
10
6.448659094488189
20
-4.2889795275590554
11
6.3475738976377949
21
-4.2889795275590554
0
LINE
8
BLACK
6
CONTINUOUS
10
6.3475738976377949
20
-4.2889795275590554
11
6.2937018897637795
21
-4.342851496062992
0
LINE
8
BLACK
6
CONTINUOUS
10
6.2937018897637795
20
-4.342851496062992
11
6.2929563385826768
21
-4.3434633070866138
0
LINE
8
BLACK
6
CONTINUOUS
10
6.2929563385826768
20
-4.3434633070866138
11
6.292956141732283
21
-4.3434635433070863
0
LINE
8
BLACK
6
CONTINUOUS
10
6.292956141732283
20
-4.3434635433070863
11
6.2917017322834647
21
-4.3439831102362207
0
LINE
8
BLACK
6
CONTINUOUS
10
6.2917017322834647
20
-4.3439831102362207
11
6.2911821653543303
21
-4.3441983464566931
0
LINE
8
BLACK
6
CONTINUOUS
10
6.2911821653543303
20
-4.3441983464566931
11
6.2911821259842515
21
-4.3441983464566931
0
LINE
8
BLACK
6
CONTINUOUS
10
6.2911821259842515
20
-4.3441983464566931
11
6.290222047244094
21
-4.3442929133858268
0
LINE
8
BLACK
6
CONTINUOUS
10
6.290222047244094
20
-4.3442929133858268
11
6.2661868110236218
21
-4.3442929133858268
0
LINE
8
BLACK
6
CONTINUOUS
10
6.2661868110236218
20
-4.3442929133858268
11
6.0846507086614174
21
-4.5258289763779525
0
LINE
8
BLACK
6
CONTINUOUS
10
6.0846507086614174
20
-4.5258289763779525
11
6.0839051574803147
21
-4.5264407874015751
0
LINE
8
BLACK
6
CONTINUOUS
10
6.0839051574803147
20
-4.5264407874015751
11
6.0839049606299209
21
-4.5264410236220467
0
LINE
8
BLACK
6
CONTINUOUS
10
6.0839049606299209
20
-4.5264410236220467
11
6.0827740551181098
21
-4.5269094488188975
0
LINE
8
BLACK
6
CONTINUOUS
10
6.0827740551181098
20
-4.5269094488188975
11
6.0821309842519682
21
-4.5271758267716535
0
LINE
8
BLACK
6
CONTINUOUS
10
6.0821309842519682
20
-4.5271758267716535
11
6.0821309448818894
21
-4.5271758267716535
0
LINE
8
BLACK
6
CONTINUOUS
10
6.0821309448818894
20
-4.5271758267716535
11
6.0811708661417319
21
-4.5272703937007872
0
LINE
8
BLACK
6
CONTINUOUS
10
6.0811708661417319
20
-4.5272703937007872
11
5.991657834645669
21
-4.5272703937007872
0
LINE
8
BLACK
6
CONTINUOUS
10
5.991657834645669
20
-4.5272703937007872
11
5.981122047244094
21
-4.5378061417322835
0
LINE
8
BLACK
6
CONTINUOUS
10
5.981122047244094
20
-4.5378061417322835
11
5.981122047244094
21
-4.5775984251968502
0
LINE
8
BLACK
6
CONTINUOUS
10
5.981122047244094
20
-4.5775984251968502
11
5.9899803149606301
21
-4.5775984251968502
0
LINE
8
BLACK
6
CONTINUOUS
10
5.9899803149606301
20
-4.5775984251968502
11
5.9909219685039368
21
-4.5777857480314958
0
LINE
8
BLACK
6
CONTINUOUS
10
5.9909219685039368
20
-4.5777857480314958
11
5.9917202362204725
21
-4.5783191338582681
0
LINE
8
BLACK
6
CONTINUOUS
10
5.9917202362204725
20
-4.5783191338582681
11
5.9922536220472438
21
-4.5791174015748028
0
LINE
8
BLACK
6
CONTINUOUS
10
5.9922536220472438
20
-4.5791174015748028
11
5.9924409448818894
21
-4.5800590551181104
0
LINE
8
BLACK
6
CONTINUOUS
10
5.9924409448818894
20
-4.5800590551181104
11
5.9924409448818894
21
-4.5849803149606299
0
LINE
8
BLACK
6
CONTINUOUS
10
5.9924409448818894
20
-4.5849803149606299
11
5.9922536220472438
21
-4.5859219685039365
0
LINE
8
BLACK
6
CONTINUOUS
10
5.9922536220472438
20
-4.5859219685039365
11
5.9917202362204725
21
-4.5867202362204722
0
LINE
8
BLACK
6
CONTINUOUS
10
5.9917202362204725
20
-4.5867202362204722
11
5.9909219685039368
21
-4.5872536220472444
0
LINE
8
BLACK
6
CONTINUOUS
10
5.9909219685039368
20
-4.5872536220472444
11
5.9899803149606301
21
-4.58744094488189
0
LINE
8
BLACK
6
CONTINUOUS
10
5.9899803149606301
20
-4.58744094488189
11
5.9624212598425199
21
-4.58744094488189
0
LINE
8
BLACK
6
CONTINUOUS
10
5.9624212598425199
20
-4.58744094488189
11
5.9614796062992124
21
-4.5872536220472444
0
LINE
8
BLACK
6
CONTINUOUS
10
5.9614796062992124
20
-4.5872536220472444
11
5.9606813385826767
21
-4.5867202362204722
0
LINE
8
BLACK
6
CONTINUOUS
10
5.9606813385826767
20
-4.5867202362204722
11
5.9601479527559054
21
-4.5859219685039365
0
LINE
8
BLACK
6
CONTINUOUS
10
5.9601479527559054
20
-4.5859219685039365
11
5.9599606299212597
21
-4.5849803149606299
0
LINE
8
BLACK
6
CONTINUOUS
10
5.9599606299212597
20
-4.5849803149606299
11
5.9599606299212597
21
-4.5800590551181104
0
LINE
8
BLACK
6
CONTINUOUS
10
5.9599606299212597
20
-4.5800590551181104
11
5.9601479527559054
21
-4.5791174015748028
0
LINE
8
BLACK
6
CONTINUOUS
10
5.9601479527559054
20
-4.5791174015748028
11
5.9606813385826767
21
-4.5783191338582681
0
LINE
8
BLACK
6
CONTINUOUS
10
5.9606813385826767
20
-4.5783191338582681
11
5.9614796062992124
21
-4.5777857480314958
0
LINE
8
BLACK
6
CONTINUOUS
10
5.9614796062992124
20
-4.5777857480314958
11
5.9624212598425199
21
-4.5775984251968502
0
LINE
8
BLACK
6
CONTINUOUS
10
5.9624212598425199
20
-4.5775984251968502
11
5.9712795275590551
21
-4.5775984251968502
0
LINE
8
BLACK
6
CONTINUOUS
10
5.9712795275590551
20
-4.5775984251968502
11
5.9712795275590551
21
-4.5357677165354326
0
LINE
8
BLACK
6
CONTINUOUS
10
5.9712795275590551
20
-4.5357677165354326
11
5.9713740944881888
21
-4.5348076377952751
0
LINE
8
BLACK
6
CONTINUOUS
10
5.9713740944881888
20
-4.5348076377952751
11
5.971483464566929
21
-4.5345436220472441
0
LINE
8
BLACK
6
CONTINUOUS
10
5.971483464566929
20
-4.5345436220472441
11
5.9715892913385824
21
-4.534287992125984
0
LINE
8
BLACK
6
CONTINUOUS
10
5.9715892913385824
20
-4.534287992125984
11
5.9721088976377947
21
-4.5330336220472436
0
LINE
8
BLACK
6
CONTINUOUS
10
5.9721088976377947
20
-4.5330336220472436
11
5.9721090944881885
21
-4.533033385826772
0
LINE
8
BLACK
6
CONTINUOUS
10
5.9721090944881885
20
-4.533033385826772
11
5.9727209448818899
21
-4.532287874015748
0
LINE
8
BLACK
6
CONTINUOUS
10
5.9727209448818899
20
-4.532287874015748
11
5.986139488188976
21
-4.5188692913385822
0
LINE
8
BLACK
6
CONTINUOUS
10
5.986139488188976
20
-4.5188692913385822
11
5.9868852362204725
21
-4.5182572834645667
0
LINE
8
BLACK
6
CONTINUOUS
10
5.9868852362204725
20
-4.5182572834645667
11
5.9868852755905513
21
-4.5182572440944879
0
LINE
8
BLACK
6
CONTINUOUS
10
5.9868852755905513
20
-4.5182572440944879
11
5.9879244488188972
21
-4.5178268110236219
0
LINE
8
BLACK
6
CONTINUOUS
10
5.9879244488188972
20
-4.5178268110236219
11
5.988659251968504
21
-4.517522440944882
0
LINE
8
BLACK
6
CONTINUOUS
10
5.988659251968504
20
-4.517522440944882
11
5.9886592913385828
21
-4.517522440944882
0
LINE
8
BLACK
6
CONTINUOUS
10
5.9886592913385828
20
-4.517522440944882
11
5.9896193700787403
21
-4.5174278740157483
0
LINE
8
BLACK
6
CONTINUOUS
10
5.9896193700787403
20
-4.5174278740157483
11
6.0791324409448819
21
-4.5174278740157483
0
LINE
8
BLACK
6
CONTINUOUS
10
6.0791324409448819
20
-4.5174278740157483
11
6.2606685039370076
21
-4.335891771653543
0
LINE
8
BLACK
6
CONTINUOUS
10
6.2606685039370076
20
-4.335891771653543
11
6.2614142519685041
21
-4.3352797637795275
0
LINE
8
BLACK
6
CONTINUOUS
10
6.2614142519685041
20
-4.3352797637795275
11
6.2631882677165356
21
-4.3345449606299216
0
LINE
8
BLACK
6
CONTINUOUS
10
6.2631882677165356
20
-4.3345449606299216
11
6.2641483464566932
21
-4.334450393700787
0
LINE
8
BLACK
6
CONTINUOUS
10
6.2641483464566932
20
-4.334450393700787
11
6.288183622047244
21
-4.334450393700787
0
LINE
8
BLACK
6
CONTINUOUS
10
6.288183622047244
20
-4.334450393700787
11
6.3420555511811019
21
-4.2805784251968504
0
LINE
8
BLACK
6
CONTINUOUS
10
6.3420555511811019
20
-4.2805784251968504
11
6.3428012992125984
21
-4.2799664173228349
0
LINE
8
BLACK
6
CONTINUOUS
10
6.3428012992125984
20
-4.2799664173228349
11
6.3428013385826771
21
-4.2799663779527561
0
LINE
8
BLACK
6
CONTINUOUS
10
6.3428013385826771
20
-4.2799663779527561
11
6.343840511811023
21
-4.2795359448818893
0
LINE
8
BLACK
6
CONTINUOUS
10
6.343840511811023
20
-4.2795359448818893
11
6.3445753149606299
21
-4.2792315748031493
0
LINE
8
BLACK
6
CONTINUOUS
10
6.3445753149606299
20
-4.2792315748031493
11
6.3445753543307086
21
-4.2792315748031493
0
LINE
8
BLACK
6
CONTINUOUS
10
6.3445753543307086
20
-4.2792315748031493
11
6.3455354330708662
21
-4.2791370078740156
0
LINE
8
BLACK
6
CONTINUOUS
10
6.3455354330708662
20
-4.2791370078740156
11
6.4500000000000002
21
-4.2791370078740156
0
LINE
8
BLACK
6
CONTINUOUS
10
6.4500000000000002
20
-4.2791370078740156
11
6.4509600787401578
21
-4.2792315748031493
0
LINE
8
BLACK
6
CONTINUOUS
10
6.4509600787401578
20
-4.2792315748031493
11
6.4509601181102365
21
-4.2792315748031493
0
LINE
8
BLACK
6
CONTINUOUS
10
6.4509601181102365
20
-4.2792315748031493
11
6.4514796850393701
21
-4.2794467716535429
0
LINE
8
BLACK
6
CONTINUOUS
10
6.4514796850393701
20
-4.2794467716535429
11
6.4517716141732286
21
-4.2795677165354329
0
LINE
8
BLACK
6
CONTINUOUS
10
6.4517716141732286
20
-4.2795677165354329
11
6.7434725984251971
21
-4.2795677165354329
0
LINE
8
BLACK
6
CONTINUOUS
10
6.7434725984251971
20
-4.2795677165354329
11
6.8499999999999996
21
-4.1730403149606294
0
LINE
8
BLACK
6
CONTINUOUS
10
6.8499999999999996
20
-4.1730403149606294
11
6.8499999999999996
21
-4.1200000000000001
0
LINE
8
BLACK
6
CONTINUOUS
10
6.8499999999999996
20
-4.1200000000000001
11
6.8750787401574804
21
-4.1200000000000001
0
LINE
8
BLACK
6
CONTINUOUS
10
6.8750787401574804
20
-4.1200000000000001
11
6.8750787401574804
21
-4.0800000000000001
0
LINE
8
BLACK
6
CONTINUOUS
10
6.8750787401574804
20
-4.0800000000000001
11
6.8499999999999996
21
-4.0800000000000001
0
LINE
8
BLACK
6
CONTINUOUS
10
6.8499999999999996
20
-4.0800000000000001
11
6.8499999999999996
21
-4.0199999999999996
0
LINE
8
BLACK
6
CONTINUOUS
10
6.8499999999999996
20
-4.0199999999999996
11
6.9100000000000001
21
-4.0199999999999996
0
LINE
8
BLACK
6
CONTINUOUS
10
6.9100000000000001
20
-4.0199999999999996
11
6.9100000000000001
21
-4.0800000000000001
0
LINE
8
BLACK
6
CONTINUOUS
10
6.2699999999999996
20
-4.0800000000000001
11
6.2449212598425197
21
-4.0800000000000001
0
LINE
8
BLACK
6
CONTINUOUS
10
6.2449212598425197
20
-4.0800000000000001
11
6.2449212598425197
21
-4.1200000000000001
0
LINE
8
BLACK
6
CONTINUOUS
10
6.2449212598425197
20
-4.1200000000000001
11
6.2699999999999996
21
-4.1200000000000001
0
LINE
8
BLACK
6
CONTINUOUS
10
6.2699999999999996
20
-4.1200000000000001
11
6.2699999999999996
21
-4.1799999999999997
0
LINE
8
BLACK
6
CONTINUOUS
10
6.2699999999999996
20
-4.1799999999999997
11
6.2449212598425197
21
-4.1799999999999997
0
LINE
8
BLACK
6
CONTINUOUS
10
6.2449212598425197
20
-4.1799999999999997
11
6.2449212598425197
21
-4.1891975196850391
0
LINE
8
BLACK
6
CONTINUOUS
10
6.2449212598425197
20
-4.1891975196850391
11
6.244826692913386
21
-4.1901575984251966
0
LINE
8
BLACK
6
CONTINUOUS
10
6.244826692913386
20
-4.1901575984251966
11
6.244826692913386
21
-4.1901576377952754
0
LINE
8
BLACK
6
CONTINUOUS
10
6.244826692913386
20
-4.1901576377952754
11
6.2447370472440946
21
-4.1903740157480316
0
LINE
8
BLACK
6
CONTINUOUS
10
6.2447370472440946
20
-4.1903740157480316
11
6.2440918897637792
21
-4.1919316141732281
0
LINE
8
BLACK
6
CONTINUOUS
10
6.2440918897637792
20
-4.1919316141732281
11
6.2440916535433066
21
-4.1919318110236219
0
LINE
8
BLACK
6
CONTINUOUS
10
6.2440916535433066
20
-4.1919318110236219
11
6.2434798425196849
21
-4.1926773622047246
0
LINE
8
BLACK
6
CONTINUOUS
10
6.2434798425196849
20
-4.1926773622047246
11
6.0326773622047245
21
-4.4034798425196851
0
LINE
8
BLACK
6
CONTINUOUS
10
6.0326773622047245
20
-4.4034798425196851
11
6.0319318110236217
21
-4.4040916535433068
0
LINE
8
BLACK
6
CONTINUOUS
10
6.0319318110236217
20
-4.4040916535433068
11
6.031931614173228
21
-4.4040918897637793
0
LINE
8
BLACK
6
CONTINUOUS
10
6.031931614173228
20
-4.4040918897637793
11
6.0306772047244097
21
-4.4046114566929129
0
LINE
8
BLACK
6
CONTINUOUS
10
6.0306772047244097
20
-4.4046114566929129
11
6.0301576377952752
21
-4.4048266929133861
0
LINE
8
BLACK
6
CONTINUOUS
10
6.0301576377952752
20
-4.4048266929133861
11
6.0301575984251965
21
-4.4048266929133861
0
LINE
8
BLACK
6
CONTINUOUS
10
6.0301575984251965
20
-4.4048266929133861
11
6.0291975196850389
21
-4.4049212598425198
0
LINE
8
BLACK
6
CONTINUOUS
10
6.0291975196850389
20
-4.4049212598425198
11
5.9420384645669291
21
-4.4049212598425198
0
LINE
8
BLACK
6
CONTINUOUS
10
5.9420384645669291
20
-4.4049212598425198
11
5.8556299212598422
21
-4.4913297637795271
0
LINE
8
BLACK
6
CONTINUOUS
10
5.8556299212598422
20
-4.4913297637795271
11
5.8556299212598422
21
-4.5416732283464567
0
LINE
8
BLACK
6
CONTINUOUS
10
5.8556299212598422
20
-4.5416732283464567
11
5.8556299212598422
21
-4.5692322834645669
0
LINE
8
BLACK
6
CONTINUOUS
10
5.8556299212598422
20
-4.5692322834645669
11
5.8554425984251965
21
-4.5701739370078736
0
LINE
8
BLACK
6
CONTINUOUS
10
5.8554425984251965
20
-4.5701739370078736
11
5.8549092125984252
21
-4.5709722047244092
0
LINE
8
BLACK
6
CONTINUOUS
10
5.8549092125984252
20
-4.5709722047244092
11
5.8541109448818895
21
-4.5715055905511814
0
LINE
8
BLACK
6
CONTINUOUS
10
5.8541109448818895
20
-4.5715055905511814
11
5.8531692913385829
21
-4.5716929133858271
0
LINE
8
BLACK
6
CONTINUOUS
10
5.8531692913385829
20
-4.5716929133858271
11
5.8482480314960625
21
-4.5716929133858271
0
LINE
8
BLACK
6
CONTINUOUS
10
5.8482480314960625
20
-4.5716929133858271
11
5.8473063779527559
21
-4.5715055905511814
0
LINE
8
BLACK
6
CONTINUOUS
10
5.8473063779527559
20
-4.5715055905511814
11
5.8465081102362202
21
-4.5709722047244092
0
LINE
8
BLACK
6
CONTINUOUS
10
5.8465081102362202
20
-4.5709722047244092
11
5.8459747244094489
21
-4.5701739370078736
0
LINE
8
BLACK
6
CONTINUOUS
10
5.8459747244094489
20
-4.5701739370078736
11
5.8457874015748033
21
-4.5692322834645669
0
LINE
8
BLACK
6
CONTINUOUS
10
5.8457874015748033
20
-4.5692322834645669
11
5.8457874015748033
21
-4.5416732283464567
0
LINE
8
BLACK
6
CONTINUOUS
10
5.8457874015748033
20
-4.5416732283464567
11
5.8457874015748033
21
-4.4892913385826771
0
LINE
8
BLACK
6
CONTINUOUS
10
5.8457874015748033
20
-4.4892913385826771
11
5.8458819685039369
21
-4.4883312598425196
0
LINE
8
BLACK
6
CONTINUOUS
10
5.8458819685039369
20
-4.4883312598425196
11
5.8458990157480315
21
-4.4882901181102364
0
LINE
8
BLACK
6
CONTINUOUS
10
5.8458990157480315
20
-4.4882901181102364
11
5.846152519685039
21
-4.48767811023622
0
LINE
8
BLACK
6
CONTINUOUS
10
5.846152519685039
20
-4.48767811023622
11
5.8466167716535429
21
-4.4865572440944881
0
LINE
8
BLACK
6
CONTINUOUS
10
5.8466167716535429
20
-4.4865572440944881
11
5.8466169685039366
21
-4.4865570078740156
0
LINE
8
BLACK
6
CONTINUOUS
10
5.8466169685039366
20
-4.4865570078740156
11
5.847228818897638
21
-4.4858114960629925
0
LINE
8
BLACK
6
CONTINUOUS
10
5.847228818897638
20
-4.4858114960629925
11
5.9365201181102361
21
-4.3965201574803148
0
LINE
8
BLACK
6
CONTINUOUS
10
5.9365201181102361
20
-4.3965201574803148
11
5.9372658661417326
21
-4.3959081496062993
0
LINE
8
BLACK
6
CONTINUOUS
10
5.9372658661417326
20
-4.3959081496062993
11
5.9372659055118113
21
-4.3959081102362205
0
LINE
8
BLACK
6
CONTINUOUS
10
5.9372659055118113
20
-4.3959081102362205
11
5.9383050787401572
21
-4.3954776771653545
0
LINE
8
BLACK
6
CONTINUOUS
10
5.9383050787401572
20
-4.3954776771653545
11
5.9390398818897641
21
-4.3951733070866137
0
LINE
8
BLACK
6
CONTINUOUS
10
5.9390398818897641
20
-4.3951733070866137
11
5.9390399212598428
21
-4.3951733070866137
0
LINE
8
BLACK
6
CONTINUOUS
10
5.9390399212598428
20
-4.3951733070866137
11
5.9399999999999995
21
-4.39507874015748
0
LINE
8
BLACK
6
CONTINUOUS
10
5.9399999999999995
20
-4.39507874015748
11
6.027159094488189
21
-4.39507874015748
0
LINE
8
BLACK
6
CONTINUOUS
10
6.027159094488189
20
-4.39507874015748
11
6.2350787401574799
21
-4.1871590944881891
0
LINE
8
BLACK
6
CONTINUOUS
10
6.2350787401574799
20
-4.1871590944881891
11
6.2350787401574799
21
-4.1799999999999997
0
LINE
8
BLACK
6
CONTINUOUS
10
6.2350787401574799
20
-4.1799999999999997
11
6.21
21
-4.1799999999999997
0
LINE
8
BLACK
6
CONTINUOUS
10
6.21
20
-4.1799999999999997
11
6.21
21
-4.1200000000000001
0
LINE
8
BLACK
6
CONTINUOUS
10
6.21
20
-4.1200000000000001
11
6.2350787401574799
21
-4.1200000000000001
0
LINE
8
BLACK
6
CONTINUOUS
10
6.2350787401574799
20
-4.1200000000000001
11
6.2350787401574799
21
-4.0800000000000001
0
LINE
8
BLACK
6
CONTINUOUS
10
6.2350787401574799
20
-4.0800000000000001
11
6.21
21
-4.0800000000000001
0
LINE
8
BLACK
6
CONTINUOUS
10
6.21
20
-4.0800000000000001
11
6.21
21
-4.0199999999999996
0
LINE
8
BLACK
6
CONTINUOUS
10
6.21
20
-4.0199999999999996
11
6.2699999999999996
21
-4.0199999999999996
0
LINE
8
BLACK
6
CONTINUOUS
10
6.2699999999999996
20
-4.0199999999999996
11
6.2699999999999996
21
-4.0800000000000001
0
LINE
8
BLACK
6
CONTINUOUS
10
6.3703937007874014
20
-4.0800000000000001
11
6.3453149606299215
21
-4.0800000000000001
0
LINE
8
BLACK
6
CONTINUOUS
10
6.3453149606299215
20
-4.0800000000000001
11
6.3453149606299215
21
-4.089842519685039
0
LINE
8
BLACK
6
CONTINUOUS
10
6.3453149606299215
20
-4.089842519685039
11
6.3453149606299215
21
-4.1200000000000001
0
LINE
8
BLACK
6
CONTINUOUS
10
6.3453149606299215
20
-4.1200000000000001
11
6.3703937007874014
21
-4.1200000000000001
0
LINE
8
BLACK
6
CONTINUOUS
10
6.3703937007874014
20
-4.1200000000000001
11
6.3703937007874014
21
-4.1799999999999997
0
LINE
8
BLACK
6
CONTINUOUS
10
6.3703937007874014
20
-4.1799999999999997
11
6.3173533858267712
21
-4.1799999999999997
0
LINE
8
BLACK
6
CONTINUOUS
10
6.3173533858267712
20
-4.1799999999999997
11
6.255354803149606
21
-4.2419985826771649
0
LINE
8
BLACK
6
CONTINUOUS
10
6.255354803149606
20
-4.2419985826771649
11
6.2546092519685041
21
-4.2426103937007875
0
LINE
8
BLACK
6
CONTINUOUS
10
6.2546092519685041
20
-4.2426103937007875
11
6.2546090551181104
21
-4.24261062992126
0
LINE
8
BLACK
6
CONTINUOUS
10
6.2546090551181104
20
-4.24261062992126
11
6.2533546456692912
21
-4.2431301968503936
0
LINE
8
BLACK
6
CONTINUOUS
10
6.2533546456692912
20
-4.2431301968503936
11
6.2528350787401576
21
-4.243345433070866
0
LINE
8
BLACK
6
CONTINUOUS
10
6.2528350787401576
20
-4.243345433070866
11
6.2528350393700789
21
-4.243345433070866
0
LINE
8
BLACK
6
CONTINUOUS
10
6.2528350393700789
20
-4.243345433070866
11
6.2518749606299213
21
-4.2434399999999997
0
LINE
8
BLACK
6
CONTINUOUS
10
6.2518749606299213
20
-4.2434399999999997
11
6.2205572047244093
21
-4.2434399999999997
0
LINE
8
BLACK
6
CONTINUOUS
10
6.2205572047244093
20
-4.2434399999999997
11
6.0365973622047244
21
-4.4273998425196845
0
LINE
8
BLACK
6
CONTINUOUS
10
6.0365973622047244
20
-4.4273998425196845
11
6.0358518110236217
21
-4.4280116535433072
0
LINE
8
BLACK
6
CONTINUOUS
10
6.0358518110236217
20
-4.4280116535433072
11
6.0358516141732279
21
-4.4280118897637797
0
LINE
8
BLACK
6
CONTINUOUS
10
6.0358516141732279
20
-4.4280118897637797
11
6.0346493307086613
21
-4.4285098818897639
0
LINE
8
BLACK
6
CONTINUOUS
10
6.0346493307086613
20
-4.4285098818897639
11
6.0340776377952752
21
-4.4287466929133856
0
LINE
8
BLACK
6
CONTINUOUS
10
6.0340776377952752
20
-4.4287466929133856
11
6.0340775984251964
21
-4.4287466929133856
0
LINE
8
BLACK
6
CONTINUOUS
10
6.0340775984251964
20
-4.4287466929133856
11
6.0331175196850388
21
-4.4288412598425193
0
LINE
8
BLACK
6
CONTINUOUS
10
6.0331175196850388
20
-4.4288412598425193
11
5.9459584251968502
21
-4.4288412598425193
0
LINE
8
BLACK
6
CONTINUOUS
10
5.9459584251968502
20
-4.4288412598425193
11
5.8753149606299209
21
-4.4994847244094487
0
LINE
8
BLACK
6
CONTINUOUS
10
5.8753149606299209
20
-4.4994847244094487
11
5.8753149606299209
21
-4.5416732283464567
0
LINE
8
BLACK
6
CONTINUOUS
10
5.8753149606299209
20
-4.5416732283464567
11
5.8753149606299209
21
-4.5692322834645669
0
LINE
8
BLACK
6
CONTINUOUS
10
5.8753149606299209
20
-4.5692322834645669
11
5.8751276377952752
21
-4.5701739370078736
0
LINE
8
BLACK
6
CONTINUOUS
10
5.8751276377952752
20
-4.5701739370078736
11
5.8745942519685039
21
-4.5709722047244092
0
LINE
8
BLACK
6
CONTINUOUS
10
5.8745942519685039
20
-4.5709722047244092
11
5.8737959842519682
21
-4.5715055905511814
0
LINE
8
BLACK
6
CONTINUOUS
10
5.8737959842519682
20
-4.5715055905511814
11
5.8728543307086616
21
-4.5716929133858271
0
LINE
8
BLACK
6
CONTINUOUS
10
5.8728543307086616
20
-4.5716929133858271
11
5.8679330708661412
21
-4.5716929133858271
0
LINE
8
BLACK
6
CONTINUOUS
10
5.8679330708661412
20
-4.5716929133858271
11
5.8669914173228346
21
-4.5715055905511814
0
LINE
8
BLACK
6
CONTINUOUS
10
5.8669914173228346
20
-4.5715055905511814
11
5.8661931496062989
21
-4.5709722047244092
0
LINE
8
BLACK
6
CONTINUOUS
10
5.8661931496062989
20
-4.5709722047244092
11
5.8656597637795276
21
-4.5701739370078736
0
LINE
8
BLACK
6
CONTINUOUS
10
5.8656597637795276
20
-4.5701739370078736
11
5.865472440944882
21
-4.5692322834645669
0
LINE
8
BLACK
6
CONTINUOUS
10
5.865472440944882
20
-4.5692322834645669
11
5.865472440944882
21
-4.5416732283464567
0
LINE
8
BLACK
6
CONTINUOUS
10
5.865472440944882
20
-4.5416732283464567
11
5.865472440944882
21
-4.4974462992125988
0
LINE
8
BLACK
6
CONTINUOUS
10
5.865472440944882
20
-4.4974462992125988
11
5.8655670078740156
21
-4.4964862204724412
0
LINE
8
BLACK
6
CONTINUOUS
10
5.8655670078740156
20
-4.4964862204724412
11
5.8663018110236216
21
-4.4947122047244097
0
LINE
8
BLACK
6
CONTINUOUS
10
5.8663018110236216
20
-4.4947122047244097
11
5.8663020078740153
21
-4.4947119685039372
0
LINE
8
BLACK
6
CONTINUOUS
10
5.8663020078740153
20
-4.4947119685039372
11
5.8669138582677167
21
-4.4939664566929132
0
LINE
8
BLACK
6
CONTINUOUS
10
5.8669138582677167
20
-4.4939664566929132
11
5.9404401574803147
21
-4.4204401574803152
0
LINE
8
BLACK
6
CONTINUOUS
10
5.9404401574803147
20
-4.4204401574803152
11
5.9411856692913387
21
-4.4198283070866138
0
LINE
8
BLACK
6
CONTINUOUS
10
5.9411856692913387
20
-4.4198283070866138
11
5.9411859055118112
21
-4.41982811023622
0
LINE
8
BLACK
6
CONTINUOUS
10
5.9411859055118112
20
-4.41982811023622
11
5.9424402755905508
21
-4.4193085039370077
0
LINE
8
BLACK
6
CONTINUOUS
10
5.9424402755905508
20
-4.4193085039370077
11
5.942959881889764
21
-4.4190933070866141
0
LINE
8
BLACK
6
CONTINUOUS
10
5.942959881889764
20
-4.4190933070866141
11
5.9429599212598427
21
-4.4190933070866141
0
LINE
8
BLACK
6
CONTINUOUS
10
5.9429599212598427
20
-4.4190933070866141
11
5.9439199999999994
21
-4.4189987401574804
0
LINE
8
BLACK
6
CONTINUOUS
10
5.9439199999999994
20
-4.4189987401574804
11
6.0310790944881889
21
-4.4189987401574804
0
LINE
8
BLACK
6
CONTINUOUS
10
6.0310790944881889
20
-4.4189987401574804
11
6.2150388582677163
21
-4.2350388976377955
0
LINE
8
BLACK
6
CONTINUOUS
10
6.2150388582677163
20
-4.2350388976377955
11
6.2157846062992128
21
-4.2344268897637791
0
LINE
8
BLACK
6
CONTINUOUS
10
6.2157846062992128
20
-4.2344268897637791
11
6.2157846456692916
21
-4.2344268503937004
0
LINE
8
BLACK
6
CONTINUOUS
10
6.2157846456692916
20
-4.2344268503937004
11
6.2168238188976375
21
-4.2339964173228344
0
LINE
8
BLACK
6
CONTINUOUS
10
6.2168238188976375
20
-4.2339964173228344
11
6.2175586220472443
21
-4.2336920472440944
0
LINE
8
BLACK
6
CONTINUOUS
10
6.2175586220472443
20
-4.2336920472440944
11
6.2175586614173231
21
-4.2336920472440944
0
LINE
8
BLACK
6
CONTINUOUS
10
6.2175586614173231
20
-4.2336920472440944
11
6.2185187401574797
21
-4.2335974803149607
0
LINE
8
BLACK
6
CONTINUOUS
10
6.2185187401574797
20
-4.2335974803149607
11
6.2498365354330705
21
-4.2335974803149607
0
LINE
8
BLACK
6
CONTINUOUS
10
6.2498365354330705
20
-4.2335974803149607
11
6.3103937007874018
21
-4.1730403149606294
0
LINE
8
BLACK
6
CONTINUOUS
10
6.3103937007874018
20
-4.1730403149606294
11
6.3103937007874018
21
-4.1200000000000001
0
LINE
8
BLACK
6
CONTINUOUS
10
6.3103937007874018
20
-4.1200000000000001
11
6.3354724409448817
21
-4.1200000000000001
0
LINE
8
BLACK
6
CONTINUOUS
10
6.3354724409448817
20
-4.1200000000000001
11
6.3354724409448817
21
-4.089842519685039
0
LINE
8
BLACK
6
CONTINUOUS
10
6.3354724409448817
20
-4.089842519685039
11
6.3354724409448817
21
-4.0800000000000001
0
LINE
8
BLACK
6
CONTINUOUS
10
6.3354724409448817
20
-4.0800000000000001
11
6.3103937007874018
21
-4.0800000000000001
0
LINE
8
BLACK
6
CONTINUOUS
10
6.3103937007874018
20
-4.0800000000000001
11
6.3103937007874018
21
-4.0199999999999996
0
LINE
8
BLACK
6
CONTINUOUS
10
6.3103937007874018
20
-4.0199999999999996
11
6.3703937007874014
21
-4.0199999999999996
0
LINE
8
BLACK
6
CONTINUOUS
10
6.3703937007874014
20
-4.0199999999999996
11
6.3703937007874014
21
-4.0800000000000001
0
LINE
8
BLACK
6
CONTINUOUS
10
6.4707874015748033
20
-4.0800000000000001
11
6.4457086614173225
21
-4.0800000000000001
0
LINE
8
BLACK
6
CONTINUOUS
10
6.4457086614173225
20
-4.0800000000000001
11
6.4457086614173225
21
-4.1200000000000001
0
LINE
8
BLACK
6
CONTINUOUS
10
6.4457086614173225
20
-4.1200000000000001
11
6.4707874015748033
21
-4.1200000000000001
0
LINE
8
BLACK
6
CONTINUOUS
10
6.4707874015748033
20
-4.1200000000000001
11
6.4707874015748033
21
-4.1799999999999997
0
LINE
8
BLACK
6
CONTINUOUS
10
6.4707874015748033
20
-4.1799999999999997
11
6.4457086614173225
21
-4.1799999999999997
0
LINE
8
BLACK
6
CONTINUOUS
10
6.4457086614173225
20
-4.1799999999999997
11
6.4457086614173225
21
-4.1898425196850395
0
LINE
8
BLACK
6
CONTINUOUS
10
6.4457086614173225
20
-4.1898425196850395
11
6.4456140944881888
21
-4.1908025984251971
0
LINE
8
BLACK
6
CONTINUOUS
10
6.4456140944881888
20
-4.1908025984251971
11
6.4456140944881888
21
-4.1908026377952758
0
LINE
8
BLACK
6
CONTINUOUS
10
6.4456140944881888
20
-4.1908026377952758
11
6.4455308267716536
21
-4.1910036614173229
0
LINE
8
BLACK
6
CONTINUOUS
10
6.4455308267716536
20
-4.1910036614173229
11
6.4448792913385828
21
-4.1925766141732286
0
LINE
8
BLACK
6
CONTINUOUS
10
6.4448792913385828
20
-4.1925766141732286
11
6.4448790551181103
21
-4.1925768110236223
0
LINE
8
BLACK
6
CONTINUOUS
10
6.4448790551181103
20
-4.1925768110236223
11
6.4442672440944877
21
-4.1933223622047242
0
LINE
8
BLACK
6
CONTINUOUS
10
6.4442672440944877
20
-4.1933223622047242
11
6.4287948031496063
21
-4.2087948031496065
0
LINE
8
BLACK
6
CONTINUOUS
10
6.4287948031496063
20
-4.2087948031496065
11
6.4280492519685035
21
-4.2094066141732283
0
LINE
8
BLACK
6
CONTINUOUS
10
6.4280492519685035
20
-4.2094066141732283
11
6.4280490551181098
21
-4.2094068503937008
0
LINE
8
BLACK
6
CONTINUOUS
10
6.4280490551181098
20
-4.2094068503937008
11
6.4267946456692915
21
-4.2099264173228343
0
LINE
8
BLACK
6
CONTINUOUS
10
6.4267946456692915
20
-4.2099264173228343
11
6.426275078740157
21
-4.2101416535433067
0
LINE
8
BLACK
6
CONTINUOUS
10
6.426275078740157
20
-4.2101416535433067
11
6.4262750393700783
21
-4.2101416535433067
0
LINE
8
BLACK
6
CONTINUOUS
10
6.4262750393700783
20
-4.2101416535433067
11
6.4253149606299207
21
-4.2102362204724413
0
LINE
8
BLACK
6
CONTINUOUS
10
6.4253149606299207
20
-4.2102362204724413
11
6.3149572047244096
21
-4.2102362204724413
0
LINE
8
BLACK
6
CONTINUOUS
10
6.3149572047244096
20
-4.2102362204724413
11
6.2617135433070867
21
-4.2634798425196854
0
LINE
8
BLACK
6
CONTINUOUS
10
6.2617135433070867
20
-4.2634798425196854
11
6.260967992125984
21
-4.2640916535433071
0
LINE
8
BLACK
6
CONTINUOUS
10
6.260967992125984
20
-4.2640916535433071
11
6.2609677952755902
21
-4.2640918897637796
0
LINE
8
BLACK
6
CONTINUOUS
10
6.2609677952755902
20
-4.2640918897637796
11
6.2597133858267719
21
-4.2646114566929132
0
LINE
8
BLACK
6
CONTINUOUS
10
6.2597133858267719
20
-4.2646114566929132
11
6.2591938188976375
21
-4.2648266929133856
0
LINE
8
BLACK
6
CONTINUOUS
10
6.2591938188976375
20
-4.2648266929133856
11
6.2591937795275587
21
-4.2648266929133856
0
LINE
8
BLACK
6
CONTINUOUS
10
6.2591937795275587
20
-4.2648266929133856
11
6.2582337007874012
21
-4.2649212598425192
0
LINE
8
BLACK
6
CONTINUOUS
10
6.2582337007874012
20
-4.2649212598425192
11
6.22691594488189
21
-4.2649212598425192
0
LINE
8
BLACK
6
CONTINUOUS
10
6.22691594488189
20
-4.2649212598425192
11
6.0447514960629922
21
-4.4470856692913383
0
LINE
8
BLACK
6
CONTINUOUS
10
6.0447514960629922
20
-4.4470856692913383
11
6.0440059448818895
21
-4.4476974803149609
0
LINE
8
BLACK
6
CONTINUOUS
10
6.0440059448818895
20
-4.4476974803149609
11
6.0440057480314957
21
-4.4476977165354326
0
LINE
8
BLACK
6
CONTINUOUS
10
6.0440057480314957
20
-4.4476977165354326
11
6.0427513385826774
21
-4.448217283464567
0
LINE
8
BLACK
6
CONTINUOUS
10
6.0427513385826774
20
-4.448217283464567
11
6.042231771653543
21
-4.4484325196850394
0
LINE
8
BLACK
6
CONTINUOUS
10
6.042231771653543
20
-4.4484325196850394
11
6.0422317322834642
21
-4.4484325196850394
0
LINE
8
BLACK
6
CONTINUOUS
10
6.0422317322834642
20
-4.4484325196850394
11
6.0412716535433066
21
-4.4485270866141731
0
LINE
8
BLACK
6
CONTINUOUS
10
6.0412716535433066
20
-4.4485270866141731
11
5.9585900787401576
21
-4.4485270866141731
0
LINE
8
BLACK
6
CONTINUOUS
10
5.9585900787401576
20
-4.4485270866141731
11
5.8949999999999996
21
-4.512117165354331
0
LINE
8
BLACK
6
CONTINUOUS
10
5.8949999999999996
20
-4.512117165354331
11
5.8949999999999996
21
-4.5416732283464567
0
LINE
8
BLACK
6
CONTINUOUS
10
5.8949999999999996
20
-4.5416732283464567
11
5.8949999999999996
21
-4.5692322834645669
0
LINE
8
BLACK
6
CONTINUOUS
10
5.8949999999999996
20
-4.5692322834645669
11
5.894812677165354
21
-4.5701739370078736
0
LINE
8
BLACK
6
CONTINUOUS
10
5.894812677165354
20
-4.5701739370078736
11
5.8942792913385826
21
-4.5709722047244092
0
LINE
8
BLACK
6
CONTINUOUS
10
5.8942792913385826
20
-4.5709722047244092
11
5.893481023622047
21
-4.5715055905511814
0
LINE
8
BLACK
6
CONTINUOUS
10
5.893481023622047
20
-4.5715055905511814
11
5.8925393700787403
21
-4.5716929133858271
0
LINE
8
BLACK
6
CONTINUOUS
10
5.8925393700787403
20
-4.5716929133858271
11
5.8876181102362199
21
-4.5716929133858271
0
LINE
8
BLACK
6
CONTINUOUS
10
5.8876181102362199
20
-4.5716929133858271
11
5.8866764566929133
21
-4.5715055905511814
0
LINE
8
BLACK
6
CONTINUOUS
10
5.8866764566929133
20
-4.5715055905511814
11
5.8858781889763776
21
-4.5709722047244092
0
LINE
8
BLACK
6
CONTINUOUS
10
5.8858781889763776
20
-4.5709722047244092
11
5.8853448031496063
21
-4.5701739370078736
0
LINE
8
BLACK
6
CONTINUOUS
10
5.8853448031496063
20
-4.5701739370078736
11
5.8851574803149607
21
-4.5692322834645669
0
LINE
8
BLACK
6
CONTINUOUS
10
5.8851574803149607
20
-4.5692322834645669
11
5.8851574803149607
21
-4.5416732283464567
0
LINE
8
BLACK
6
CONTINUOUS
10
5.8851574803149607
20
-4.5416732283464567
11
5.8851574803149607
21
-4.5100787401574802
0
LINE
8
BLACK
6
CONTINUOUS
10
5.8851574803149607
20
-4.5100787401574802
11
5.8852520472440943
21
-4.5091186614173226
0
LINE
8
BLACK
6
CONTINUOUS
10
5.8852520472440943
20
-4.5091186614173226
11
5.8859868503937003
21
-4.5073446456692912
0
LINE
8
BLACK
6
CONTINUOUS
10
5.8859868503937003
20
-4.5073446456692912
11
5.8859870472440941
21
-4.5073444094488186
0
LINE
8
BLACK
6
CONTINUOUS
10
5.8859870472440941
20
-4.5073444094488186
11
5.8865988976377954
21
-4.5065988976377955
0
LINE
8
BLACK
6
CONTINUOUS
10
5.8865988976377954
20
-4.5065988976377955
11
5.953071811023622
21
-4.440125984251968
0
LINE
8
BLACK
6
CONTINUOUS
10
5.953071811023622
20
-4.440125984251968
11
5.9538173228346452
21
-4.4395141338582675
0
LINE
8
BLACK
6
CONTINUOUS
10
5.9538173228346452
20
-4.4395141338582675
11
5.9538175590551177
21
-4.4395139370078738
0
LINE
8
BLACK
6
CONTINUOUS
10
5.9538175590551177
20
-4.4395139370078738
11
5.9550719291338581
21
-4.4389943307086615
0
LINE
8
BLACK
6
CONTINUOUS
10
5.9550719291338581
20
-4.4389943307086615
11
5.9555915354330704
21
-4.4387791338582678
0
LINE
8
BLACK
6
CONTINUOUS
10
5.9555915354330704
20
-4.4387791338582678
11
5.9555915748031492
21
-4.4387791338582678
0
LINE
8
BLACK
6
CONTINUOUS
10
5.9555915748031492
20
-4.4387791338582678
11
5.9565516535433067
21
-4.4386845669291342
0
LINE
8
BLACK
6
CONTINUOUS
10
5.9565516535433067
20
-4.4386845669291342
11
6.0392332283464567
21
-4.4386845669291342
0
LINE
8
BLACK
6
CONTINUOUS
10
6.0392332283464567
20
-4.4386845669291342
11
6.221397598425197
21
-4.2565201574803151
0
LINE
8
BLACK
6
CONTINUOUS
10
6.221397598425197
20
-4.2565201574803151
11
6.2221433464566926
21
-4.2559081496062987
0
LINE
8
BLACK
6
CONTINUOUS
10
6.2221433464566926
20
-4.2559081496062987
11
6.2221433858267714
21
-4.25590811023622
0
LINE
8
BLACK
6
CONTINUOUS
10
6.2221433858267714
20
-4.25590811023622
11
6.2231825590551182
21
-4.255477677165354
0
LINE
8
BLACK
6
CONTINUOUS
10
6.2231825590551182
20
-4.255477677165354
11
6.2239173622047241
21
-4.255173307086614
0
LINE
8
BLACK
6
CONTINUOUS
10
6.2239173622047241
20
-4.255173307086614
11
6.2239174015748029
21
-4.255173307086614
0
LINE
8
BLACK
6
CONTINUOUS
10
6.2239174015748029
20
-4.255173307086614
11
6.2248774803149605
21
-4.2550787401574803
0
LINE
8
BLACK
6
CONTINUOUS
10
6.2248774803149605
20
-4.2550787401574803
11
6.2561952755905512
21
-4.2550787401574803
0
LINE
8
BLACK
6
CONTINUOUS
10
6.2561952755905512
20
-4.2550787401574803
11
6.3094388976377953
21
-4.2018350787401575
0
LINE
8
BLACK
6
CONTINUOUS
10
6.3094388976377953
20
-4.2018350787401575
11
6.3101846456692909
21
-4.201223070866142
0
LINE
8
BLACK
6
CONTINUOUS
10
6.3101846456692909
20
-4.201223070866142
11
6.3119586614173224
21
-4.2004882677165352
0
LINE
8
BLACK
6
CONTINUOUS
10
6.3119586614173224
20
-4.2004882677165352
11
6.31291874015748
21
-4.2003937007874015
0
LINE
8
BLACK
6
CONTINUOUS
10
6.31291874015748
20
-4.2003937007874015
11
6.4232765354330708
21
-4.2003937007874015
0
LINE
8
BLACK
6
CONTINUOUS
10
6.4232765354330708
20
-4.2003937007874015
11
6.4358661417322836
21
-4.1878040944881887
0
LINE
8
BLACK
6
CONTINUOUS
10
6.4358661417322836
20
-4.1878040944881887
11
6.4358661417322836
21
-4.1799999999999997
0
LINE
8
BLACK
6
CONTINUOUS
10
6.4358661417322836
20
-4.1799999999999997
11
6.4107874015748028
21
-4.1799999999999997
0
LINE
8
BLACK
6
CONTINUOUS
10
6.4107874015748028
20
-4.1799999999999997
11
6.4107874015748028
21
-4.1200000000000001
0
LINE
8
BLACK
6
CONTINUOUS
10
6.4107874015748028
20
-4.1200000000000001
11
6.4358661417322836
21
-4.1200000000000001
0
LINE
8
BLACK
6
CONTINUOUS
10
6.4358661417322836
20
-4.1200000000000001
11
6.4358661417322836
21
-4.0800000000000001
0
LINE
8
BLACK
6
CONTINUOUS
10
6.4358661417322836
20
-4.0800000000000001
11
6.4107874015748028
21
-4.0800000000000001
0
LINE
8
BLACK
6
CONTINUOUS
10
6.4107874015748028
20
-4.0800000000000001
11
6.4107874015748028
21
-4.0199999999999996
0
LINE
8
BLACK
6
CONTINUOUS
10
6.4107874015748028
20
-4.0199999999999996
11
6.4707874015748033
21
-4.0199999999999996
0
LINE
8
BLACK
6
CONTINUOUS
10
6.4707874015748033
20
-4.0199999999999996
11
6.4707874015748033
21
-4.0800000000000001
0
LINE
8
BLACK
6
CONTINUOUS
10
6.6088188976377955
20
-4.0800000000000001
11
6.5837401574803147
21
-4.0800000000000001
0
LINE
8
BLACK
6
CONTINUOUS
10
6.5837401574803147
20
-4.0800000000000001
11
6.5837401574803147
21
-4.089842519685039
0
LINE
8
BLACK
6
CONTINUOUS
10
6.5837401574803147
20
-4.089842519685039
11
6.5837401574803147
21
-4.1200000000000001
0
LINE
8
BLACK
6
CONTINUOUS
10
6.5837401574803147
20
-4.1200000000000001
11
6.6088188976377955
21
-4.1200000000000001
0
LINE
8
BLACK
6
CONTINUOUS
10
6.6088188976377955
20
-4.1200000000000001
11
6.6088188976377955
21
-4.1799999999999997
0
LINE
8
BLACK
6
CONTINUOUS
10
6.6088188976377955
20
-4.1799999999999997
11
6.5569597244094489
21
-4.1799999999999997
0
LINE
8
BLACK
6
CONTINUOUS
10
6.5569597244094489
20
-4.1799999999999997
11
6.5084790551181104
21
-4.2284806299212594
0
LINE
8
BLACK
6
CONTINUOUS
10
6.5084790551181104
20
-4.2284806299212594
11
6.5077335039370077
21
-4.229092440944882
0
LINE
8
BLACK
6
CONTINUOUS
10
6.5077335039370077
20
-4.229092440944882
11
6.5077333070866139
21
-4.2290926771653545
0
LINE
8
BLACK
6
CONTINUOUS
10
6.5077333070866139
20
-4.2290926771653545
11
6.5064788976377947
21
-4.2296122440944881
0
LINE
8
BLACK
6
CONTINUOUS
10
6.5064788976377947
20
-4.2296122440944881
11
6.5059593307086612
21
-4.2298274803149605
0
LINE
8
BLACK
6
CONTINUOUS
10
6.5059593307086612
20
-4.2298274803149605
11
6.5059592913385824
21
-4.2298274803149605
0
LINE
8
BLACK
6
CONTINUOUS
10
6.5059592913385824
20
-4.2298274803149605
11
6.5049992125984248
21
-4.2299220472440942
0
LINE
8
BLACK
6
CONTINUOUS
10
6.5049992125984248
20
-4.2299220472440942
11
6.3231113385826774
21
-4.2299220472440942
0
LINE
8
BLACK
6
CONTINUOUS
10
6.3231113385826774
20
-4.2299220472440942
11
6.2695535433070866
21
-4.2834798425196849
0
LINE
8
BLACK
6
CONTINUOUS
10
6.2695535433070866
20
-4.2834798425196849
11
6.2688079921259838
21
-4.2840916535433067
0
LINE
8
BLACK
6
CONTINUOUS
10
6.2688079921259838
20
-4.2840916535433067
11
6.2688077952755901
21
-4.2840918897637792
0
LINE
8
BLACK
6
CONTINUOUS
10
6.2688077952755901
20
-4.2840918897637792
11
6.2675533858267718
21
-4.2846114566929137
0
LINE
8
BLACK
6
CONTINUOUS
10
6.2675533858267718
20
-4.2846114566929137
11
6.2670338188976373
21
-4.284826692913386
0
LINE
8
BLACK
6
CONTINUOUS
10
6.2670338188976373
20
-4.284826692913386
11
6.2670337795275586
21
-4.284826692913386
0
LINE
8
BLACK
6
CONTINUOUS
10
6.2670337795275586
20
-4.284826692913386
11
6.266073700787401
21
-4.2849212598425197
0
LINE
8
BLACK
6
CONTINUOUS
10
6.266073700787401
20
-4.2849212598425197
11
6.2420384251968501
21
-4.2849212598425197
0
LINE
8
BLACK
6
CONTINUOUS
10
6.2420384251968501
20
-4.2849212598425197
11
6.0601881889763778
21
-4.4667714960629921
0
LINE
8
BLACK
6
CONTINUOUS
10
6.0601881889763778
20
-4.4667714960629921
11
6.059442637795275
21
-4.4673833070866138
0
LINE
8
BLACK
6
CONTINUOUS
10
6.059442637795275
20
-4.4673833070866138
11
6.0594424409448822
21
-4.4673835433070863
0
LINE
8
BLACK
6
CONTINUOUS
10
6.0594424409448822
20
-4.4673835433070863
11
6.058188031496063
21
-4.4679031102362208
0
LINE
8
BLACK
6
CONTINUOUS
10
6.058188031496063
20
-4.4679031102362208
11
6.0576684645669294
21
-4.4681183464566931
0
LINE
8
BLACK
6
CONTINUOUS
10
6.0576684645669294
20
-4.4681183464566931
11
6.0576684251968507
21
-4.4681183464566931
0
LINE
8
BLACK
6
CONTINUOUS
10
6.0576684251968507
20
-4.4681183464566931
11
6.0567083464566931
21
-4.4682129133858268
0
LINE
8
BLACK
6
CONTINUOUS
10
6.0567083464566931
20
-4.4682129133858268
11
5.9667442913385829
21
-4.4682129133858268
0
LINE
8
BLACK
6
CONTINUOUS
10
5.9667442913385829
20
-4.4682129133858268
11
5.9146850393700783
21
-4.5202721259842518
0
LINE
8
BLACK
6
CONTINUOUS
10
5.9146850393700783
20
-4.5202721259842518
11
5.9146850393700783
21
-4.5416732283464567
0
LINE
8
BLACK
6
CONTINUOUS
10
5.9146850393700783
20
-4.5416732283464567
11
5.9146850393700783
21
-4.5692322834645669
0
LINE
8
BLACK
6
CONTINUOUS
10
5.9146850393700783
20
-4.5692322834645669
11
5.9144977165354327
21
-4.5701739370078736
0
LINE
8
BLACK
6
CONTINUOUS
10
5.9144977165354327
20
-4.5701739370078736
11
5.9139643307086613
21
-4.5709722047244092
0
LINE
8
BLACK
6
CONTINUOUS
10
5.9139643307086613
20
-4.5709722047244092
11
5.9131660629921257
21
-4.5715055905511814
0
LINE
8
BLACK
6
CONTINUOUS
10
5.9131660629921257
20
-4.5715055905511814
11
5.912224409448819
21
-4.5716929133858271
0
LINE
8
BLACK
6
CONTINUOUS
10
5.912224409448819
20
-4.5716929133858271
11
5.9073031496062987
21
-4.5716929133858271
0
LINE
8
BLACK
6
CONTINUOUS
10
5.9073031496062987
20
-4.5716929133858271
11
5.906361496062992
21
-4.5715055905511814
0
LINE
8
BLACK
6
CONTINUOUS
10
5.906361496062992
20
-4.5715055905511814
11
5.9055632283464563
21
-4.5709722047244092
0
LINE
8
BLACK
6
CONTINUOUS
10
5.9055632283464563
20
-4.5709722047244092
11
5.905029842519685
21
-4.5701739370078736
0
LINE
8
BLACK
6
CONTINUOUS
10
5.905029842519685
20
-4.5701739370078736
11
5.9048425196850394
21
-4.5692322834645669
0
LINE
8
BLACK
6
CONTINUOUS
10
5.9048425196850394
20
-4.5692322834645669
11
5.9048425196850394
21
-4.5416732283464567
0
LINE
8
BLACK
6
CONTINUOUS
10
5.9048425196850394
20
-4.5416732283464567
11
5.9048425196850394
21
-4.5182337007874018
0
LINE
8
BLACK
6
CONTINUOUS
10
5.9048425196850394
20
-4.5182337007874018
11
5.904937086614173
21
-4.5172736220472443
0
LINE
8
BLACK
6
CONTINUOUS
10
5.904937086614173
20
-4.5172736220472443
11
5.9051283070866143
21
-4.5168120078740159
0
LINE
8
BLACK
6
CONTINUOUS
10
5.9051283070866143
20
-4.5168120078740159
11
5.9053990551181101
21
-4.5161583070866138
0
LINE
8
BLACK
6
CONTINUOUS
10
5.9053990551181101
20
-4.5161583070866138
11
5.905671889763779
21
-4.5154996062992128
0
LINE
8
BLACK
6
CONTINUOUS
10
5.905671889763779
20
-4.5154996062992128
11
5.9056720866141728
21
-4.5154993700787402
0
LINE
8
BLACK
6
CONTINUOUS
10
5.9056720866141728
20
-4.5154993700787402
11
5.9062839370078741
21
-4.5147538582677162
0
LINE
8
BLACK
6
CONTINUOUS
10
5.9062839370078741
20
-4.5147538582677162
11
5.9612259842519686
21
-4.459811771653543
0
LINE
8
BLACK
6
CONTINUOUS
10
5.9612259842519686
20
-4.459811771653543
11
5.9619717322834642
21
-4.4591997637795275
0
LINE
8
BLACK
6
CONTINUOUS
10
5.9619717322834642
20
-4.4591997637795275
11
5.9637457480314957
21
-4.4584649606299216
0
LINE
8
BLACK
6
CONTINUOUS
10
5.9637457480314957
20
-4.4584649606299216
11
5.9647058267716533
21
-4.458370393700787
0
LINE
8
BLACK
6
CONTINUOUS
10
5.9647058267716533
20
-4.458370393700787
11
6.0546699212598423
21
-4.458370393700787
0
LINE
8
BLACK
6
CONTINUOUS
10
6.0546699212598423
20
-4.458370393700787
11
6.2365201574803146
21
-4.2765201574803147
0
LINE
8
BLACK
6
CONTINUOUS
10
6.2365201574803146
20
-4.2765201574803147
11
6.2372656692913386
21
-4.2759083070866142
0
LINE
8
BLACK
6
CONTINUOUS
10
6.2372656692913386
20
-4.2759083070866142
11
6.2372659055118111
21
-4.2759081102362204
0
LINE
8
BLACK
6
CONTINUOUS
10
6.2372659055118111
20
-4.2759081102362204
11
6.2385202755905507
21
-4.2753885039370081
0
LINE
8
BLACK
6
CONTINUOUS
10
6.2385202755905507
20
-4.2753885039370081
11
6.2390398818897639
21
-4.2751733070866145
0
LINE
8
BLACK
6
CONTINUOUS
10
6.2390398818897639
20
-4.2751733070866145
11
6.2390399212598426
21
-4.2751733070866145
0
LINE
8
BLACK
6
CONTINUOUS
10
6.2390399212598426
20
-4.2751733070866145
11
6.2400000000000002
21
-4.2750787401574799
0
LINE
8
BLACK
6
CONTINUOUS
10
6.2400000000000002
20
-4.2750787401574799
11
6.2640352755905511
21
-4.2750787401574799
0
LINE
8
BLACK
6
CONTINUOUS
10
6.2640352755905511
20
-4.2750787401574799
11
6.3175930708661419
21
-4.22152094488189
0
LINE
8
BLACK
6
CONTINUOUS
10
6.3175930708661419
20
-4.22152094488189
11
6.318338582677165
21
-4.2209090944881886
0
LINE
8
BLACK
6
CONTINUOUS
10
6.318338582677165
20
-4.2209090944881886
11
6.3183388188976375
21
-4.2209088976377949
0
LINE
8
BLACK
6
CONTINUOUS
10
6.3183388188976375
20
-4.2209088976377949
11
6.3195931889763779
21
-4.2203892913385825
0
LINE
8
BLACK
6
CONTINUOUS
10
6.3195931889763779
20
-4.2203892913385825
11
6.3201127952755902
21
-4.2201740944881889
0
LINE
8
BLACK
6
CONTINUOUS
10
6.3201127952755902
20
-4.2201740944881889
11
6.320112834645669
21
-4.2201740944881889
0
LINE
8
BLACK
6
CONTINUOUS
10
6.320112834645669
20
-4.2201740944881889
11
6.3210729133858266
21
-4.2200795275590552
0
LINE
8
BLACK
6
CONTINUOUS
10
6.3210729133858266
20
-4.2200795275590552
11
6.5029607874015749
21
-4.2200795275590552
0
LINE
8
BLACK
6
CONTINUOUS
10
6.5029607874015749
20
-4.2200795275590552
11
6.548818897637795
21
-4.1742213779527555
0
LINE
8
BLACK
6
CONTINUOUS
10
6.548818897637795
20
-4.1742213779527555
11
6.548818897637795
21
-4.1200000000000001
0
LINE
8
BLACK
6
CONTINUOUS
10
6.548818897637795
20
-4.1200000000000001
11
6.5738976377952758
21
-4.1200000000000001
0
LINE
8
BLACK
6
CONTINUOUS
10
6.5738976377952758
20
-4.1200000000000001
11
6.5738976377952758
21
-4.089842519685039
0
LINE
8
BLACK
6
CONTINUOUS
10
6.5738976377952758
20
-4.089842519685039
11
6.5738976377952758
21
-4.0800000000000001
0
LINE
8
BLACK
6
CONTINUOUS
10
6.5738976377952758
20
-4.0800000000000001
11
6.548818897637795
21
-4.0800000000000001
0
LINE
8
BLACK
6
CONTINUOUS
10
6.548818897637795
20
-4.0800000000000001
11
6.548818897637795
21
-4.0199999999999996
0
LINE
8
BLACK
6
CONTINUOUS
10
6.548818897637795
20
-4.0199999999999996
11
6.6088188976377955
21
-4.0199999999999996
0
LINE
8
BLACK
6
CONTINUOUS
10
6.6088188976377955
20
-4.0199999999999996
11
6.6088188976377955
21
-4.0800000000000001
0
LINE
8
BLACK
6
CONTINUOUS
10
6.7092125984251965
20
-4.0800000000000001
11
6.6841338582677166
21
-4.0800000000000001
0
LINE
8
BLACK
6
CONTINUOUS
10
6.6841338582677166
20
-4.0800000000000001
11
6.6841338582677166
21
-4.089842519685039
0
LINE
8
BLACK
6
CONTINUOUS
10
6.6841338582677166
20
-4.089842519685039
11
6.6841338582677166
21
-4.1200000000000001
0
LINE
8
BLACK
6
CONTINUOUS
10
6.6841338582677166
20
-4.1200000000000001
11
6.7092125984251965
21
-4.1200000000000001
0
LINE
8
BLACK
6
CONTINUOUS
10
6.7092125984251965
20
-4.1200000000000001
11
6.7092125984251965
21
-4.1799999999999997
0
LINE
8
BLACK
6
CONTINUOUS
10
6.7092125984251965
20
-4.1799999999999997
11
6.6569596850393697
21
-4.1799999999999997
0
LINE
8
BLACK
6
CONTINUOUS
10
6.6569596850393697
20
-4.1799999999999997
11
6.5959800393700787
21
-4.2409796062992129
0
LINE
8
BLACK
6
CONTINUOUS
10
6.5959800393700787
20
-4.2409796062992129
11
6.5959798818897637
21
-4.2409798425196845
0
LINE
8
BLACK
6
CONTINUOUS
10
6.5959798818897637
20
-4.2409798425196845
11
6.5919074409448815
21
-4.245052244094488
0
LINE
8
BLACK
6
CONTINUOUS
10
6.5919074409448815
20
-4.245052244094488
11
6.5887932283464563
21
-4.2481664566929132
0
LINE
8
BLACK
6
CONTINUOUS
10
6.5887932283464563
20
-4.2481664566929132
11
6.5880476771653544
21
-4.2487782677165358
0
LINE
8
BLACK
6
CONTINUOUS
10
6.5880476771653544
20
-4.2487782677165358
11
6.5880474803149607
21
-4.2487785039370074
0
LINE
8
BLACK
6
CONTINUOUS
10
6.5880474803149607
20
-4.2487785039370074
11
6.5867930708661415
21
-4.2492980708661419
0
LINE
8
BLACK
6
CONTINUOUS
10
6.5867930708661415
20
-4.2492980708661419
11
6.5862735039370079
21
-4.2495133070866142
0
LINE
8
BLACK
6
CONTINUOUS
10
6.5862735039370079
20
-4.2495133070866142
11
6.5862734645669292
21
-4.2495133070866142
0
LINE
8
BLACK
6
CONTINUOUS
10
6.5862734645669292
20
-4.2495133070866142
11
6.5853133858267716
21
-4.2496078740157479
0
LINE
8
BLACK
6
CONTINUOUS
10
6.5853133858267716
20
-4.2496078740157479
11
6.3312655511811018
21
-4.2496078740157479
0
LINE
8
BLACK
6
CONTINUOUS
10
6.3312655511811018
20
-4.2496078740157479
11
6.2773935433070864
21
-4.3034798425196845
0
LINE
8
BLACK
6
CONTINUOUS
10
6.2773935433070864
20
-4.3034798425196845
11
6.2766479921259837
21
-4.3040916535433071
0
LINE
8
BLACK
6
CONTINUOUS
10
6.2766479921259837
20
-4.3040916535433071
11
6.2766477952755908
21
-4.3040918897637797
0
LINE
8
BLACK
6
CONTINUOUS
10
6.2766477952755908
20
-4.3040918897637797
11
6.2753933858267716
21
-4.3046114566929132
0
LINE
8
BLACK
6
CONTINUOUS
10
6.2753933858267716
20
-4.3046114566929132
11
6.2748738188976381
21
-4.3048266929133856
0
LINE
8
BLACK
6
CONTINUOUS
10
6.2748738188976381
20
-4.3048266929133856
11
6.2748737795275593
21
-4.3048266929133856
0
LINE
8
BLACK
6
CONTINUOUS
10
6.2748737795275593
20
-4.3048266929133856
11
6.2739137007874017
21
-4.3049212598425193
0
LINE
8
BLACK
6
CONTINUOUS
10
6.2739137007874017
20
-4.3049212598425193
11
6.2498784645669287
21
-4.3049212598425193
0
LINE
8
BLACK
6
CONTINUOUS
10
6.2498784645669287
20
-4.3049212598425193
11
6.0683423622047243
21
-4.4864573228346458
0
LINE
8
BLACK
6
CONTINUOUS
10
6.0683423622047243
20
-4.4864573228346458
11
6.0675968110236216
21
-4.4870691338582676
0
LINE
8
BLACK
6
CONTINUOUS
10
6.0675968110236216
20
-4.4870691338582676
11
6.0675966141732278
21
-4.4870693700787401
0
LINE
8
BLACK
6
CONTINUOUS
10
6.0675966141732278
20
-4.4870693700787401
11
6.0663422047244095
21
-4.4875889370078736
0
LINE
8
BLACK
6
CONTINUOUS
10
6.0663422047244095
20
-4.4875889370078736
11
6.0658226377952751
21
-4.487804173228346
0
LINE
8
BLACK
6
CONTINUOUS
10
6.0658226377952751
20
-4.487804173228346
11
6.0658225984251963
21
-4.487804173228346
0
LINE
8
BLACK
6
CONTINUOUS
10
6.0658225984251963
20
-4.487804173228346
11
6.0648625196850396
21
-4.4878987401574806
0
LINE
8
BLACK
6
CONTINUOUS
10
6.0648625196850396
20
-4.4878987401574806
11
5.9748984251968507
21
-4.4878987401574806
0
LINE
8
BLACK
6
CONTINUOUS
10
5.9748984251968507
20
-4.4878987401574806
11
5.934370078740157
21
-4.5284270866141734
0
LINE
8
BLACK
6
CONTINUOUS
10
5.934370078740157
20
-4.5284270866141734
11
5.934370078740157
21
-4.5416732283464567
0
LINE
8
BLACK
6
CONTINUOUS
10
5.934370078740157
20
-4.5416732283464567
11
5.934370078740157
21
-4.5692322834645669
0
LINE
8
BLACK
6
CONTINUOUS
10
5.934370078740157
20
-4.5692322834645669
11
5.9341827559055114
21
-4.5701739370078736
0
LINE
8
BLACK
6
CONTINUOUS
10
5.9341827559055114
20
-4.5701739370078736
11
5.93364937007874
21
-4.5709722047244092
0
LINE
8
BLACK
6
CONTINUOUS
10
5.93364937007874
20
-4.5709722047244092
11
5.9328511023622044
21
-4.5715055905511814
0
LINE
8
BLACK
6
CONTINUOUS
10
5.9328511023622044
20
-4.5715055905511814
11
5.9319094488188977
21
-4.5716929133858271
0
LINE
8
BLACK
6
CONTINUOUS
10
5.9319094488188977
20
-4.5716929133858271
11
5.9269881889763782
21
-4.5716929133858271
0
LINE
8
BLACK
6
CONTINUOUS
10
5.9269881889763782
20
-4.5716929133858271
11
5.9260465354330707
21
-4.5715055905511814
0
LINE
8
BLACK
6
CONTINUOUS
10
5.9260465354330707
20
-4.5715055905511814
11
5.925248267716535
21
-4.5709722047244092
0
LINE
8
BLACK
6
CONTINUOUS
10
5.925248267716535
20
-4.5709722047244092
11
5.9247148818897637
21
-4.5701739370078736
0
LINE
8
BLACK
6
CONTINUOUS
10
5.9247148818897637
20
-4.5701739370078736
11
5.9245275590551181
21
-4.5692322834645669
0
LINE
8
BLACK
6
CONTINUOUS
10
5.9245275590551181
20
-4.5692322834645669
11
5.9245275590551181
21
-4.5416732283464567
0
LINE
8
BLACK
6
CONTINUOUS
10
5.9245275590551181
20
-4.5416732283464567
11
5.9245275590551181
21
-4.5263886614173225
0
LINE
8
BLACK
6
CONTINUOUS
10
5.9245275590551181
20
-4.5263886614173225
11
5.9246221259842518
21
-4.525428582677165
0
LINE
8
BLACK
6
CONTINUOUS
10
5.9246221259842518
20
-4.525428582677165
11
5.9253569291338577
21
-4.5236545669291335
0
LINE
8
BLACK
6
CONTINUOUS
10
5.9253569291338577
20
-4.5236545669291335
11
5.9253571259842515
21
-4.523654330708661
0
LINE
8
BLACK
6
CONTINUOUS
10
5.9253571259842515
20
-4.523654330708661
11
5.9259689763779528
21
-4.5229088188976379
0
LINE
8
BLACK
6
CONTINUOUS
10
5.9259689763779528
20
-4.5229088188976379
11
5.9693801574803151
21
-4.4794976377952755
0
LINE
8
BLACK
6
CONTINUOUS
10
5.9693801574803151
20
-4.4794976377952755
11
5.9701256692913383
21
-4.4788857874015751
0
LINE
8
BLACK
6
CONTINUOUS
10
5.9701256692913383
20
-4.4788857874015751
11
5.9701259055118108
21
-4.4788855905511813
0
LINE
8
BLACK
6
CONTINUOUS
10
5.9701259055118108
20
-4.4788855905511813
11
5.971608582677165
21
-4.4782714566929132
0
LINE
8
BLACK
6
CONTINUOUS
10
5.971608582677165
20
-4.4782714566929132
11
5.9718998818897635
21
-4.4781507874015745
0
LINE
8
BLACK
6
CONTINUOUS
10
5.9718998818897635
20
-4.4781507874015745
11
5.9718999212598423
21
-4.4781507874015745
0
LINE
8
BLACK
6
CONTINUOUS
10
5.9718999212598423
20
-4.4781507874015745
11
5.9728599999999998
21
-4.4780562204724408
0
LINE
8
BLACK
6
CONTINUOUS
10
5.9728599999999998
20
-4.4780562204724408
11
6.0628240944881888
21
-4.4780562204724408
0
LINE
8
BLACK
6
CONTINUOUS
10
6.0628240944881888
20
-4.4780562204724408
11
6.2443601574803145
21
-4.2965201181102364
0
LINE
8
BLACK
6
CONTINUOUS
10
6.2443601574803145
20
-4.2965201181102364
11
6.245105905511811
21
-4.29590811023622
0
LINE
8
BLACK
6
CONTINUOUS
10
6.245105905511811
20
-4.29590811023622
11
6.2468799212598425
21
-4.295173307086614
0
LINE
8
BLACK
6
CONTINUOUS
10
6.2468799212598425
20
-4.295173307086614
11
6.2478400000000001
21
-4.2950787401574804
0
LINE
8
BLACK
6
CONTINUOUS
10
6.2478400000000001
20
-4.2950787401574804
11
6.2718752755905509
21
-4.2950787401574804
0
LINE
8
BLACK
6
CONTINUOUS
10
6.2718752755905509
20
-4.2950787401574804
11
6.3257472047244097
21
-4.2412067716535429
0
LINE
8
BLACK
6
CONTINUOUS
10
6.3257472047244097
20
-4.2412067716535429
11
6.3264929527559053
21
-4.2405947637795274
0
LINE
8
BLACK
6
CONTINUOUS
10
6.3264929527559053
20
-4.2405947637795274
11
6.326492992125984
21
-4.2405947244094486
0
LINE
8
BLACK
6
CONTINUOUS
10
6.326492992125984
20
-4.2405947244094486
11
6.3275321653543308
21
-4.2401642913385826
0
LINE
8
BLACK
6
CONTINUOUS
10
6.3275321653543308
20
-4.2401642913385826
11
6.3282669685039368
21
-4.2398599212598427
0
LINE
8
BLACK
6
CONTINUOUS
10
6.3282669685039368
20
-4.2398599212598427
11
6.3282670078740155
21
-4.2398599212598427
0
LINE
8
BLACK
6
CONTINUOUS
10
6.3282670078740155
20
-4.2398599212598427
11
6.3292270866141731
21
-4.239765354330709
0
LINE
8
BLACK
6
CONTINUOUS
10
6.3292270866141731
20
-4.239765354330709
11
6.5832749606299208
21
-4.239765354330709
0
LINE
8
BLACK
6
CONTINUOUS
10
6.5832749606299208
20
-4.239765354330709
11
6.5846718897637793
21
-4.2383684251968505
0
LINE
8
BLACK
6
CONTINUOUS
10
6.5846718897637793
20
-4.2383684251968505
11
6.5890201574803147
21
-4.2340201181102364
0
LINE
8
BLACK
6
CONTINUOUS
10
6.5890201574803147
20
-4.2340201181102364
11
6.5890203543307084
21
-4.2340199212598426
0
LINE
8
BLACK
6
CONTINUOUS
10
6.5890203543307084
20
-4.2340199212598426
11
6.6492125984251969
21
-4.1738277165354329
0
LINE
8
BLACK
6
CONTINUOUS
10
6.6492125984251969
20
-4.1738277165354329
11
6.6492125984251969
21
-4.1200000000000001
0
LINE
8
BLACK
6
CONTINUOUS
10
6.6492125984251969
20
-4.1200000000000001
11
6.6742913385826768
21
-4.1200000000000001
0
LINE
8
BLACK
6
CONTINUOUS
10
6.6742913385826768
20
-4.1200000000000001
11
6.6742913385826768
21
-4.089842519685039
0
LINE
8
BLACK
6
CONTINUOUS
10
6.6742913385826768
20
-4.089842519685039
11
6.6742913385826768
21
-4.0800000000000001
0
LINE
8
BLACK
6
CONTINUOUS
10
6.6742913385826768
20
-4.0800000000000001
11
6.6492125984251969
21
-4.0800000000000001
0
LINE
8
BLACK
6
CONTINUOUS
10
6.6492125984251969
20
-4.0800000000000001
11
6.6492125984251969
21
-4.0199999999999996
0
LINE
8
BLACK
6
CONTINUOUS
10
6.6492125984251969
20
-4.0199999999999996
11
6.7092125984251965
21
-4.0199999999999996
0
LINE
8
BLACK
6
CONTINUOUS
10
6.7092125984251965
20
-4.0199999999999996
11
6.7092125984251965
21
-4.0800000000000001
0
LINE
8
BLACK
6
CONTINUOUS
10
6.8096062992125983
20
-4.0800000000000001
11
6.7845275590551184
21
-4.0800000000000001
0
LINE
8
BLACK
6
CONTINUOUS
10
6.7845275590551184
20
-4.0800000000000001
11
6.7845275590551184
21
-4.089842519685039
0
LINE
8
BLACK
6
CONTINUOUS
10
6.7845275590551184
20
-4.089842519685039
11
6.7845275590551184
21
-4.1200000000000001
0
LINE
8
BLACK
6
CONTINUOUS
10
6.7845275590551184
20
-4.1200000000000001
11
6.8096062992125983
21
-4.1200000000000001
0
LINE
8
BLACK
6
CONTINUOUS
10
6.8096062992125983
20
-4.1200000000000001
11
6.8096062992125983
21
-4.1799999999999997
0
LINE
8
BLACK
6
CONTINUOUS
10
6.8096062992125983
20
-4.1799999999999997
11
6.7565660236220468
21
-4.1799999999999997
0
LINE
8
BLACK
6
CONTINUOUS
10
6.7565660236220468
20
-4.1799999999999997
11
6.6682829921259845
21
-4.2682829921259842
0
LINE
8
BLACK
6
CONTINUOUS
10
6.6682829921259845
20
-4.2682829921259842
11
6.667537244094488
21
-4.2688949999999997
0
LINE
8
BLACK
6
CONTINUOUS
10
6.667537244094488
20
-4.2688949999999997
11
6.6657632677165353
21
-4.2696298425196852
0
LINE
8
BLACK
6
CONTINUOUS
10
6.6657632677165353
20
-4.2696298425196852
11
6.6638430314960626
21
-4.2696298425196852
0
LINE
8
BLACK
6
CONTINUOUS
10
6.6638430314960626
20
-4.2696298425196852
11
6.6630315354330705
21
-4.2692937007874017
0
LINE
8
BLACK
6
CONTINUOUS
10
6.6630315354330705
20
-4.2692937007874017
11
6.3394197244094483
21
-4.2692937007874017
0
LINE
8
BLACK
6
CONTINUOUS
10
6.3394197244094483
20
-4.2692937007874017
11
6.285547716535433
21
-4.3231656692913383
0
LINE
8
BLACK
6
CONTINUOUS
10
6.285547716535433
20
-4.3231656692913383
11
6.2848021653543302
21
-4.3237774803149609
0
LINE
8
BLACK
6
CONTINUOUS
10
6.2848021653543302
20
-4.3237774803149609
11
6.2848019685039365
21
-4.3237777165354334
0
LINE
8
BLACK
6
CONTINUOUS
10
6.2848019685039365
20
-4.3237777165354334
11
6.2835475590551182
21
-4.324297283464567
0
LINE
8
BLACK
6
CONTINUOUS
10
6.2835475590551182
20
-4.324297283464567
11
6.2830279921259837
21
-4.3245125196850394
0
LINE
8
BLACK
6
CONTINUOUS
10
6.2830279921259837
20
-4.3245125196850394
11
6.283027952755905
21
-4.3245125196850394
0
LINE
8
BLACK
6
CONTINUOUS
10
6.283027952755905
20
-4.3245125196850394
11
6.2820678740157483
21
-4.324607086614173
0
LINE
8
BLACK
6
CONTINUOUS
10
6.2820678740157483
20
-4.324607086614173
11
6.2580326377952753
21
-4.324607086614173
0
LINE
8
BLACK
6
CONTINUOUS
10
6.2580326377952753
20
-4.324607086614173
11
6.0764965354330709
21
-4.5061431496062987
0
LINE
8
BLACK
6
CONTINUOUS
10
6.0764965354330709
20
-4.5061431496062987
11
6.0757509842519681
21
-4.5067549606299213
0
LINE
8
BLACK
6
CONTINUOUS
10
6.0757509842519681
20
-4.5067549606299213
11
6.0757507874015744
21
-4.5067551968503938
0
LINE
8
BLACK
6
CONTINUOUS
10
6.0757507874015744
20
-4.5067551968503938
11
6.0744963779527561
21
-4.5072747637795274
0
LINE
8
BLACK
6
CONTINUOUS
10
6.0744963779527561
20
-4.5072747637795274
11
6.0739768110236216
21
-4.5074899999999998
0
LINE
8
BLACK
6
CONTINUOUS
10
6.0739768110236216
20
-4.5074899999999998
11
6.0739767716535429
21
-4.5074899999999998
0
LINE
8
BLACK
6
CONTINUOUS
10
6.0739767716535429
20
-4.5074899999999998
11
6.0730166929133853
21
-4.5075845669291335
0
LINE
8
BLACK
6
CONTINUOUS
10
6.0730166929133853
20
-4.5075845669291335
11
5.9830526377952751
21
-4.5075845669291335
0
LINE
8
BLACK
6
CONTINUOUS
10
5.9830526377952751
20
-4.5075845669291335
11
5.9540551181102357
21
-4.5365820472440941
0
LINE
8
BLACK
6
CONTINUOUS
10
5.9540551181102357
20
-4.5365820472440941
11
5.9540551181102357
21
-4.5416732283464567
0
LINE
8
BLACK
6
CONTINUOUS
10
5.9540551181102357
20
-4.5416732283464567
11
5.9540551181102357
21
-4.5692322834645669
0
LINE
8
BLACK
6
CONTINUOUS
10
5.9540551181102357
20
-4.5692322834645669
11
5.9538677952755901
21
-4.5701739370078736
0
LINE
8
BLACK
6
CONTINUOUS
10
5.9538677952755901
20
-4.5701739370078736
11
5.9533344094488188
21
-4.5709722047244092
0
LINE
8
BLACK
6
CONTINUOUS
10
5.9533344094488188
20
-4.5709722047244092
11
5.9525361417322831
21
-4.5715055905511814
0
LINE
8
BLACK
6
CONTINUOUS
10
5.9525361417322831
20
-4.5715055905511814
11
5.9515944881889764
21
-4.5716929133858271
0
LINE
8
BLACK
6
CONTINUOUS
10
5.9515944881889764
20
-4.5716929133858271
11
5.946673228346457
21
-4.5716929133858271
0
LINE
8
BLACK
6
CONTINUOUS
10
5.946673228346457
20
-4.5716929133858271
11
5.9457315748031494
21
-4.5715055905511814
0
LINE
8
BLACK
6
CONTINUOUS
10
5.9457315748031494
20
-4.5715055905511814
11
5.9449333070866137
21
-4.5709722047244092
0
LINE
8
BLACK
6
CONTINUOUS
10
5.9449333070866137
20
-4.5709722047244092
11
5.9443999212598424
21
-4.5701739370078736
0
LINE
8
BLACK
6
CONTINUOUS
10
5.9443999212598424
20
-4.5701739370078736
11
5.9442125984251968
21
-4.5692322834645669
0
LINE
8
BLACK
6
CONTINUOUS
10
5.9442125984251968
20
-4.5692322834645669
11
5.9442125984251968
21
-4.5416732283464567
0
LINE
8
BLACK
6
CONTINUOUS
10
5.9442125984251968
20
-4.5416732283464567
11
5.9442125984251968
21
-4.5345436220472441
0
LINE
8
BLACK
6
CONTINUOUS
10
5.9442125984251968
20
-4.5345436220472441
11
5.9443071653543305
21
-4.5335835433070866
0
LINE
8
BLACK
6
CONTINUOUS
10
5.9443071653543305
20
-4.5335835433070866
11
5.9444284251968504
21
-4.5332908267716538
0
LINE
8
BLACK
6
CONTINUOUS
10
5.9444284251968504
20
-4.5332908267716538
11
5.9446071653543306
21
-4.5328592913385828
0
LINE
8
BLACK
6
CONTINUOUS
10
5.9446071653543306
20
-4.5328592913385828
11
5.9450419685039373
21
-4.5318095275590551
0
LINE
8
BLACK
6
CONTINUOUS
10
5.9450419685039373
20
-4.5318095275590551
11
5.9450421653543302
21
-4.5318092913385826
0
LINE
8
BLACK
6
CONTINUOUS
10
5.9450421653543302
20
-4.5318092913385826
11
5.9456540157480315
21
-4.5310637795275586
0
LINE
8
BLACK
6
CONTINUOUS
10
5.9456540157480315
20
-4.5310637795275586
11
5.9775343307086617
21
-4.4991834251968505
0
LINE
8
BLACK
6
CONTINUOUS
10
5.9775343307086617
20
-4.4991834251968505
11
5.9782800787401573
21
-4.4985714173228342
0
LINE
8
BLACK
6
CONTINUOUS
10
5.9782800787401573
20
-4.4985714173228342
11
5.9800540944881888
21
-4.4978366141732282
0
LINE
8
BLACK
6
CONTINUOUS
10
5.9800540944881888
20
-4.4978366141732282
11
5.9810141732283464
21
-4.4977420472440945
0
LINE
8
BLACK
6
CONTINUOUS
10
5.9810141732283464
20
-4.4977420472440945
11
6.0709782677165354
21
-4.4977420472440945
0
LINE
8
BLACK
6
CONTINUOUS
10
6.0709782677165354
20
-4.4977420472440945
11
6.252514330708661
21
-4.3162059448818892
0
LINE
8
BLACK
6
CONTINUOUS
10
6.252514330708661
20
-4.3162059448818892
11
6.2532600787401575
21
-4.3155939370078737
0
LINE
8
BLACK
6
CONTINUOUS
10
6.2532600787401575
20
-4.3155939370078737
11
6.255034094488189
21
-4.3148591338582678
0
LINE
8
BLACK
6
CONTINUOUS
10
6.255034094488189
20
-4.3148591338582678
11
6.2559941732283466
21
-4.3147645669291341
0
LINE
8
BLACK
6
CONTINUOUS
10
6.2559941732283466
20
-4.3147645669291341
11
6.2800294488188975
21
-4.3147645669291341
0
LINE
8
BLACK
6
CONTINUOUS
10
6.2800294488188975
20
-4.3147645669291341
11
6.3339013779527553
21
-4.2608925984251966
0
LINE
8
BLACK
6
CONTINUOUS
10
6.3339013779527553
20
-4.2608925984251966
11
6.3346471259842518
21
-4.2602805905511811
0
LINE
8
BLACK
6
CONTINUOUS
10
6.3346471259842518
20
-4.2602805905511811
11
6.3346471653543306
21
-4.2602805511811024
0
LINE
8
BLACK
6
CONTINUOUS
10
6.3346471653543306
20
-4.2602805511811024
11
6.3356863385826774
21
-4.2598501181102364
0
LINE
8
BLACK
6
CONTINUOUS
10
6.3356863385826774
20
-4.2598501181102364
11
6.3364211417322833
21
-4.2595457480314955
0
LINE
8
BLACK
6
CONTINUOUS
10
6.3364211417322833
20
-4.2595457480314955
11
6.3364211811023621
21
-4.2595457480314955
0
LINE
8
BLACK
6
CONTINUOUS
10
6.3364211811023621
20
-4.2595457480314955
11
6.3373812598425197
21
-4.2594511811023619
0
LINE
8
BLACK
6
CONTINUOUS
10
6.3373812598425197
20
-4.2594511811023619
11
6.6631954330708663
21
-4.2594511811023619
0
LINE
8
BLACK
6
CONTINUOUS
10
6.6631954330708663
20
-4.2594511811023619
11
6.7496062992125987
21
-4.1730402755905507
0
LINE
8
BLACK
6
CONTINUOUS
10
6.7496062992125987
20
-4.1730402755905507
11
6.7496062992125987
21
-4.1200000000000001
0
LINE
8
BLACK
6
CONTINUOUS
10
6.7496062992125987
20
-4.1200000000000001
11
6.7746850393700786
21
-4.1200000000000001
0
LINE
8
BLACK
6
CONTINUOUS
10
6.7746850393700786
20
-4.1200000000000001
11
6.7746850393700786
21
-4.089842519685039
0
LINE
8
BLACK
6
CONTINUOUS
10
6.7746850393700786
20
-4.089842519685039
11
6.7746850393700786
21
-4.0800000000000001
0
LINE
8
BLACK
6
CONTINUOUS
10
6.7746850393700786
20
-4.0800000000000001
11
6.7496062992125987
21
-4.0800000000000001
0
LINE
8
BLACK
6
CONTINUOUS
10
6.7496062992125987
20
-4.0800000000000001
11
6.7496062992125987
21
-4.0199999999999996
0
LINE
8
BLACK
6
CONTINUOUS
10
6.7496062992125987
20
-4.0199999999999996
11
6.8096062992125983
21
-4.0199999999999996
0
LINE
8
BLACK
6
CONTINUOUS
10
6.8096062992125983
20
-4.0199999999999996
11
6.8096062992125983
21
-4.0800000000000001
0
LINE
8
BLACK
6
CONTINUOUS
10
6.0692125984251968
20
-4.0800000000000001
11
6.044133858267716
21
-4.0800000000000001
0
LINE
8
BLACK
6
CONTINUOUS
10
6.044133858267716
20
-4.0800000000000001
11
6.044133858267716
21
-4.1200000000000001
0
LINE
8
BLACK
6
CONTINUOUS
10
6.044133858267716
20
-4.1200000000000001
11
6.0692125984251968
21
-4.1200000000000001
0
LINE
8
BLACK
6
CONTINUOUS
10
6.0692125984251968
20
-4.1200000000000001
11
6.0692125984251968
21
-4.1799999999999997
0
LINE
8
BLACK
6
CONTINUOUS
10
6.0692125984251968
20
-4.1799999999999997
11
6.0449212598425195
21
-4.1799999999999997
0
LINE
8
BLACK
6
CONTINUOUS
10
6.0449212598425195
20
-4.1799999999999997
11
6.0449212598425195
21
-4.3335175590551183
0
LINE
8
BLACK
6
CONTINUOUS
10
6.0449212598425195
20
-4.3335175590551183
11
6.0448266929133858
21
-4.3344776377952758
0
LINE
8
BLACK
6
CONTINUOUS
10
6.0448266929133858
20
-4.3344776377952758
11
6.0448266929133858
21
-4.3344776771653546
0
LINE
8
BLACK
6
CONTINUOUS
10
6.0448266929133858
20
-4.3344776771653546
11
6.044744488188976
21
-4.3346761023622049
0
LINE
8
BLACK
6
CONTINUOUS
10
6.044744488188976
20
-4.3346761023622049
11
6.044091889763779
21
-4.3362516535433073
0
LINE
8
BLACK
6
CONTINUOUS
10
6.044091889763779
20
-4.3362516535433073
11
6.0440918503937002
21
-4.3362516929133861
0
LINE
8
BLACK
6
CONTINUOUS
10
6.0440918503937002
20
-4.3362516929133861
11
6.0434798425196847
21
-4.3369974409448817
0
LINE
8
BLACK
6
CONTINUOUS
10
6.0434798425196847
20
-4.3369974409448817
11
6.0169974015748027
21
-4.363479842519685
0
LINE
8
BLACK
6
CONTINUOUS
10
6.0169974015748027
20
-4.363479842519685
11
6.0162518503937008
21
-4.3640916535433067
0
LINE
8
BLACK
6
CONTINUOUS
10
6.0162518503937008
20
-4.3640916535433067
11
6.016251653543307
21
-4.3640918897637793
0
LINE
8
BLACK
6
CONTINUOUS
10
6.016251653543307
20
-4.3640918897637793
11
6.0149972440944879
21
-4.3646114566929137
0
LINE
8
BLACK
6
CONTINUOUS
10
6.0149972440944879
20
-4.3646114566929137
11
6.0144776771653543
21
-4.3648266929133861
0
LINE
8
BLACK
6
CONTINUOUS
10
6.0144776771653543
20
-4.3648266929133861
11
6.0144776377952756
21
-4.3648266929133861
0
LINE
8
BLACK
6
CONTINUOUS
10
6.0144776377952756
20
-4.3648266929133861
11
6.013517559055118
21
-4.3649212598425198
0
LINE
8
BLACK
6
CONTINUOUS
10
6.013517559055118
20
-4.3649212598425198
11
5.9220384251968499
21
-4.3649212598425198
0
LINE
8
BLACK
6
CONTINUOUS
10
5.9220384251968499
20
-4.3649212598425198
11
5.8052890551181102
21
-4.4816706299212594
0
LINE
8
BLACK
6
CONTINUOUS
10
5.8052890551181102
20
-4.4816706299212594
11
5.8045435039370075
21
-4.482282440944882
0
LINE
8
BLACK
6
CONTINUOUS
10
5.8045435039370075
20
-4.482282440944882
11
5.8045433070866137
21
-4.4822826771653546
0
LINE
8
BLACK
6
CONTINUOUS
10
5.8045433070866137
20
-4.4822826771653546
11
5.8032888976377954
21
-4.4828022440944881
0
LINE
8
BLACK
6
CONTINUOUS
10
5.8032888976377954
20
-4.4828022440944881
11
5.802769330708661
21
-4.4830174803149605
0
LINE
8
BLACK
6
CONTINUOUS
10
5.802769330708661
20
-4.4830174803149605
11
5.8027692913385822
21
-4.4830174803149605
0
LINE
8
BLACK
6
CONTINUOUS
10
5.8027692913385822
20
-4.4830174803149605
11
5.8018092125984246
21
-4.4831120472440942
0
LINE
8
BLACK
6
CONTINUOUS
10
5.8018092125984246
20
-4.4831120472440942
11
5.7609046850393701
21
-4.4831120472440942
0
LINE
8
BLACK
6
CONTINUOUS
10
5.7609046850393701
20
-4.4831120472440942
11
5.7593627165354331
21
-4.4857827559055119
0
LINE
8
BLACK
6
CONTINUOUS
10
5.7593627165354331
20
-4.4857827559055119
11
5.7562204724409449
21
-4.4884194488188971
0
LINE
8
BLACK
6
CONTINUOUS
10
5.7562204724409449
20
-4.4884194488188971
11
5.7523659055118106
21
-4.4898223622047242
0
LINE
8
BLACK
6
CONTINUOUS
10
5.7523659055118106
20
-4.4898223622047242
11
5.7482640157480311
21
-4.4898223622047242
0
LINE
8
BLACK
6
CONTINUOUS
10
5.7482640157480311
20
-4.4898223622047242
11
5.7444094488188977
21
-4.4884194488188971
0
LINE
8
BLACK
6
CONTINUOUS
10
5.7444094488188977
20
-4.4884194488188971
11
5.7412672047244095
21
-4.4857827559055119
0
LINE
8
BLACK
6
CONTINUOUS
10
5.7412672047244095
20
-4.4857827559055119
11
5.7392162204724411
21
-4.482230393700787
0
LINE
8
BLACK
6
CONTINUOUS
10
5.7392162204724411
20
-4.482230393700787
11
5.7385039370078736
21
-4.4781907874015747
0
LINE
8
BLACK
6
CONTINUOUS
10
5.7385039370078736
20
-4.4781907874015747
11
5.7392162204724411
21
-4.4741511811023624
0
LINE
8
BLACK
6
CONTINUOUS
10
5.7392162204724411
20
-4.4741511811023624
11
5.7412672047244095
21
-4.4705988188976375
0
LINE
8
BLACK
6
CONTINUOUS
10
5.7412672047244095
20
-4.4705988188976375
11
5.7444094488188977
21
-4.4679621259842515
0
LINE
8
BLACK
6
CONTINUOUS
10
5.7444094488188977
20
-4.4679621259842515
11
5.7482640157480311
21
-4.4665592125984253
0
LINE
8
BLACK
6
CONTINUOUS
10
5.7482640157480311
20
-4.4665592125984253
11
5.7523659055118106
21
-4.4665592125984253
0
LINE
8
BLACK
6
CONTINUOUS
10
5.7523659055118106
20
-4.4665592125984253
11
5.7562204724409449
21
-4.4679621259842515
0
LINE
8
BLACK
6
CONTINUOUS
10
5.7562204724409449
20
-4.4679621259842515
11
5.7593627165354331
21
-4.4705988188976375
0
LINE
8
BLACK
6
CONTINUOUS
10
5.7593627165354331
20
-4.4705988188976375
11
5.7609046850393701
21
-4.4732695275590553
0
LINE
8
BLACK
6
CONTINUOUS
10
5.7609046850393701
20
-4.4732695275590553
11
5.7997707874015747
21
-4.4732695275590553
0
LINE
8
BLACK
6
CONTINUOUS
10
5.7997707874015747
20
-4.4732695275590553
11
5.9165201574803152
21
-4.3565201574803147
0
LINE
8
BLACK
6
CONTINUOUS
10
5.9165201574803152
20
-4.3565201574803147
11
5.9172656692913383
21
-4.3559083070866143
0
LINE
8
BLACK
6
CONTINUOUS
10
5.9172656692913383
20
-4.3559083070866143
11
5.9172659055118109
21
-4.3559081102362205
0
LINE
8
BLACK
6
CONTINUOUS
10
5.9172659055118109
20
-4.3559081102362205
11
5.9185202755905513
21
-4.3553885039370082
0
LINE
8
BLACK
6
CONTINUOUS
10
5.9185202755905513
20
-4.3553885039370082
11
5.9190398818897636
21
-4.3551733070866137
0
LINE
8
BLACK
6
CONTINUOUS
10
5.9190398818897636
20
-4.3551733070866137
11
5.9190399212598424
21
-4.3551733070866137
0
LINE
8
BLACK
6
CONTINUOUS
10
5.9190399212598424
20
-4.3551733070866137
11
5.9199999999999999
21
-4.35507874015748
0
LINE
8
BLACK
6
CONTINUOUS
10
5.9199999999999999
20
-4.35507874015748
11
6.0114791338582672
21
-4.35507874015748
0
LINE
8
BLACK
6
CONTINUOUS
10
6.0114791338582672
20
-4.35507874015748
11
6.0350787401574806
21
-4.3314790944881887
0
LINE
8
BLACK
6
CONTINUOUS
10
6.0350787401574806
20
-4.3314790944881887
11
6.0350787401574806
21
-4.1799999999999997
0
LINE
8
BLACK
6
CONTINUOUS
10
6.0350787401574806
20
-4.1799999999999997
11
6.0092125984251963
21
-4.1799999999999997
0
LINE
8
BLACK
6
CONTINUOUS
10
6.0092125984251963
20
-4.1799999999999997
11
6.0092125984251963
21
-4.1200000000000001
0
LINE
8
BLACK
6
CONTINUOUS
10
6.0092125984251963
20
-4.1200000000000001
11
6.0342913385826771
21
-4.1200000000000001
0
LINE
8
BLACK
6
CONTINUOUS
10
6.0342913385826771
20
-4.1200000000000001
11
6.0342913385826771
21
-4.0800000000000001
0
LINE
8
BLACK
6
CONTINUOUS
10
6.0342913385826771
20
-4.0800000000000001
11
6.0092125984251963
21
-4.0800000000000001
0
LINE
8
BLACK
6
CONTINUOUS
10
6.0092125984251963
20
-4.0800000000000001
11
6.0092125984251963
21
-4.0199999999999996
0
LINE
8
BLACK
6
CONTINUOUS
10
6.0092125984251963
20
-4.0199999999999996
11
6.0692125984251968
21
-4.0199999999999996
0
LINE
8
BLACK
6
CONTINUOUS
10
6.0692125984251968
20
-4.0199999999999996
11
6.0692125984251968
21
-4.0800000000000001
0
LINE
8
BLACK
6
CONTINUOUS
10
6.4669079527559052
20
-4.3219547637795275
11
6.4697019685039372
21
-4.3238216535433072
0
LINE
8
BLACK
6
CONTINUOUS
10
6.4697019685039372
20
-4.3238216535433072
11
6.471568858267716
21
-4.3266156692913382
0
LINE
8
BLACK
6
CONTINUOUS
10
6.471568858267716
20
-4.3266156692913382
11
6.4722244094488186
21
-4.3299114173228341
0
LINE
8
BLACK
6
CONTINUOUS
10
6.4722244094488186
20
-4.3299114173228341
11
6.4722244094488186
21
-4.3500885826771656
0
LINE
8
BLACK
6
CONTINUOUS
10
6.4722244094488186
20
-4.3500885826771656
11
6.471568858267716
21
-4.3533843307086615
0
LINE
8
BLACK
6
CONTINUOUS
10
6.471568858267716
20
-4.3533843307086615
11
6.4697019685039372
21
-4.3561783464566926
0
LINE
8
BLACK
6
CONTINUOUS
10
6.4697019685039372
20
-4.3561783464566926
11
6.4669079527559052
21
-4.3580452362204722
0
LINE
8
BLACK
6
CONTINUOUS
10
6.4669079527559052
20
-4.3580452362204722
11
6.4636122047244093
21
-4.3587007874015748
0
LINE
8
BLACK
6
CONTINUOUS
10
6.4636122047244093
20
-4.3587007874015748
11
6.4463877952755908
21
-4.3587007874015748
0
LINE
8
BLACK
6
CONTINUOUS
10
6.4463877952755908
20
-4.3587007874015748
11
6.4449390157480311
21
-4.3584125984251969
0
LINE
8
BLACK
6
CONTINUOUS
10
6.4449390157480311
20
-4.3584125984251969
11
6.4173598818897633
21
-4.3859917322834647
0
LINE
8
BLACK
6
CONTINUOUS
10
6.4173598818897633
20
-4.3859917322834647
11
6.4190477559055115
21
-4.3874080314960633
0
LINE
8
BLACK
6
CONTINUOUS
10
6.4190477559055115
20
-4.3874080314960633
11
6.4210987401574799
21
-4.3909603937007873
0
LINE
8
BLACK
6
CONTINUOUS
10
6.4210987401574799
20
-4.3909603937007873
11
6.4218110236220474
21
-4.3949999999999996
0
LINE
8
BLACK
6
CONTINUOUS
10
6.4218110236220474
20
-4.3949999999999996
11
6.4210987401574799
21
-4.3990396062992128
0
LINE
8
BLACK
6
CONTINUOUS
10
6.4210987401574799
20
-4.3990396062992128
11
6.4190477559055115
21
-4.4025919685039367
0
LINE
8
BLACK
6
CONTINUOUS
10
6.4190477559055115
20
-4.4025919685039367
11
6.4159055118110233
21
-4.4052286614173228
0
LINE
8
BLACK
6
CONTINUOUS
10
6.4159055118110233
20
-4.4052286614173228
11
6.4120509448818899
21
-4.4066315748031499
0
LINE
8
BLACK
6
CONTINUOUS
10
6.4120509448818899
20
-4.4066315748031499
11
6.4079490551181104
21
-4.4066315748031499
0
LINE
8
BLACK
6
CONTINUOUS
10
6.4079490551181104
20
-4.4066315748031499
11
6.4040944881889761
21
-4.4052286614173228
0
LINE
8
BLACK
6
CONTINUOUS
10
6.4040944881889761
20
-4.4052286614173228
11
6.4009522440944879
21
-4.4025919685039367
0
LINE
8
BLACK
6
CONTINUOUS
10
6.4009522440944879
20
-4.4025919685039367
11
6.3999785433070864
21
-4.4009055118110236
0
LINE
8
BLACK
6
CONTINUOUS
10
6.3999785433070864
20
-4.4009055118110236
11
6.3874461417322834
21
-4.4009055118110236
0
LINE
8
BLACK
6
CONTINUOUS
10
6.3874461417322834
20
-4.4009055118110236
11
6.385176968503937
21
-4.4031746456692913
0
LINE
8
BLACK
6
CONTINUOUS
10
6.385176968503937
20
-4.4031746456692913
11
6.3856692913385826
21
-4.4056496062992121
0
LINE
8
BLACK
6
CONTINUOUS
10
6.3856692913385826
20
-4.4056496062992121
11
6.3856692913385826
21
-4.4243503937007871
0
LINE
8
BLACK
6
CONTINUOUS
10
6.3856692913385826
20
-4.4243503937007871
11
6.384957519685039
21
-4.4279286220472436
0
LINE
8
BLACK
6
CONTINUOUS
10
6.384957519685039
20
-4.4279286220472436
11
6.38293062992126
21
-4.4309621259842515
0
LINE
8
BLACK
6
CONTINUOUS
10
6.38293062992126
20
-4.4309621259842515
11
6.3798971259842521
21
-4.4329890157480314
0
LINE
8
BLACK
6
CONTINUOUS
10
6.3798971259842521
20
-4.4329890157480314
11
6.3763188976377947
21
-4.433700787401575
0
LINE
8
BLACK
6
CONTINUOUS
10
6.3763188976377947
20
-4.433700787401575
11
6.3536811023622048
21
-4.433700787401575
0
LINE
8
BLACK
6
CONTINUOUS
10
6.3536811023622048
20
-4.433700787401575
11
6.3501028740157475
21
-4.4329890157480314
0
LINE
8
BLACK
6
CONTINUOUS
10
6.3501028740157475
20
-4.4329890157480314
11
6.3470693700787404
21
-4.4309621259842515
0
LINE
8
BLACK
6
CONTINUOUS
10
6.3470693700787404
20
-4.4309621259842515
11
6.3450424803149605
21
-4.4279286220472436
0
LINE
8
BLACK
6
CONTINUOUS
10
6.3450424803149605
20
-4.4279286220472436
11
6.3443307086614169
21
-4.4243503937007871
0
LINE
8
BLACK
6
CONTINUOUS
10
6.3443307086614169
20
-4.4243503937007871
11
6.3443307086614169
21
-4.4056496062992121
0
LINE
8
BLACK
6
CONTINUOUS
10
6.3443307086614169
20
-4.4056496062992121
11
6.3450424803149605
21
-4.4020713779527556
0
LINE
8
BLACK
6
CONTINUOUS
10
6.3450424803149605
20
-4.4020713779527556
11
6.3470693700787404
21
-4.3990378740157476
0
LINE
8
BLACK
6
CONTINUOUS
10
6.3470693700787404
20
-4.3990378740157476
11
6.3501028740157475
21
-4.3970109842519687
0
LINE
8
BLACK
6
CONTINUOUS
10
6.3501028740157475
20
-4.3970109842519687
11
6.3536811023622048
21
-4.396299212598425
0
LINE
8
BLACK
6
CONTINUOUS
10
6.3536811023622048
20
-4.396299212598425
11
6.3753491338582675
21
-4.396299212598425
0
LINE
8
BLACK
6
CONTINUOUS
10
6.3753491338582675
20
-4.396299212598425
11
6.3808241732283459
21
-4.3908241732283466
0
LINE
8
BLACK
6
CONTINUOUS
10
6.3808241732283459
20
-4.3908241732283466
11
6.3817190551181104
21
-4.3900897244094486
0
LINE
8
BLACK
6
CONTINUOUS
10
6.3817190551181104
20
-4.3900897244094486
11
6.382600826771653
21
-4.3897244881889765
0
LINE
8
BLACK
6
CONTINUOUS
10
6.382600826771653
20
-4.3897244881889765
11
6.383847874015748
21
-4.3892079527559051
0
LINE
8
BLACK
6
CONTINUOUS
10
6.383847874015748
20
-4.3892079527559051
11
6.3849999999999998
21
-4.3890944881889764
0
LINE
8
BLACK
6
CONTINUOUS
10
6.3849999999999998
20
-4.3890944881889764
11
6.3999785433070864
21
-4.3890944881889764
0
LINE
8
BLACK
6
CONTINUOUS
10
6.3999785433070864
20
-4.3890944881889764
11
6.4009522440944879
21
-4.3874080314960633
0
LINE
8
BLACK
6
CONTINUOUS
10
6.4009522440944879
20
-4.3874080314960633
11
6.4040944881889761
21
-4.3847713385826772
0
LINE
8
BLACK
6
CONTINUOUS
10
6.4040944881889761
20
-4.3847713385826772
11
6.4041178346456693
21
-4.3847628346456693
0
LINE
8
BLACK
6
CONTINUOUS
10
6.4041178346456693
20
-4.3847628346456693
11
6.4042079527559057
21
-4.383847874015748
0
LINE
8
BLACK
6
CONTINUOUS
10
6.4042079527559057
20
-4.383847874015748
11
6.4049264566929134
21
-4.3821132677165355
0
LINE
8
BLACK
6
CONTINUOUS
10
6.4049264566929134
20
-4.3821132677165355
11
6.4050897244094482
21
-4.3817190944881892
0
LINE
8
BLACK
6
CONTINUOUS
10
6.4050897244094482
20
-4.3817190944881892
11
6.4058241732283463
21
-4.3808241732283459
0
LINE
8
BLACK
6
CONTINUOUS
10
6.4058241732283463
20
-4.3808241732283459
11
6.4377755905511806
21
-4.3488727559055116
0
LINE
8
BLACK
6
CONTINUOUS
10
6.4377755905511806
20
-4.3488727559055116
11
6.4377755905511806
21
-4.3299114173228341
0
LINE
8
BLACK
6
CONTINUOUS
10
6.4377755905511806
20
-4.3299114173228341
11
6.4384311417322833
21
-4.3266156692913382
0
LINE
8
BLACK
6
CONTINUOUS
10
6.4384311417322833
20
-4.3266156692913382
11
6.4402980314960629
21
-4.3238216535433072
0
LINE
8
BLACK
6
CONTINUOUS
10
6.4402980314960629
20
-4.3238216535433072
11
6.443092047244094
21
-4.3219547637795275
0
LINE
8
BLACK
6
CONTINUOUS
10
6.443092047244094
20
-4.3219547637795275
11
6.4463877952755908
21
-4.3212992125984249
0
LINE
8
BLACK
6
CONTINUOUS
10
6.4463877952755908
20
-4.3212992125984249
11
6.4636122047244093
21
-4.3212992125984249
0
LINE
8
BLACK
6
CONTINUOUS
10
6.4636122047244093
20
-4.3212992125984249
11
6.4669079527559052
21
-4.3219547637795275
0
LINE
8
BLACK
6
CONTINUOUS
10
5.8499999999999996
20
-4.0800000000000001
11
5.8298425196850392
21
-4.0800000000000001
0
LINE
8
BLACK
6
CONTINUOUS
10
5.8298425196850392
20
-4.0800000000000001
11
5.8298425196850392
21
-4.1200000000000001
0
LINE
8
BLACK
6
CONTINUOUS
10
5.8298425196850392
20
-4.1200000000000001
11
5.8499999999999996
21
-4.1200000000000001
0
LINE
8
BLACK
6
CONTINUOUS
10
5.8499999999999996
20
-4.1200000000000001
11
5.8499999999999996
21
-4.1799999999999997
0
LINE
8
BLACK
6
CONTINUOUS
10
5.8499999999999996
20
-4.1799999999999997
11
5.8298425196850392
21
-4.1799999999999997
0
LINE
8
BLACK
6
CONTINUOUS
10
5.8298425196850392
20
-4.1799999999999997
11
5.8298425196850392
21
-4.246535433070866
0
LINE
8
BLACK
6
CONTINUOUS
10
5.8298425196850392
20
-4.246535433070866
11
5.8477952755905509
21
-4.246535433070866
0
LINE
8
BLACK
6
CONTINUOUS
10
5.8477952755905509
20
-4.246535433070866
11
5.8477952755905509
21
-4.3134645669291336
0
LINE
8
BLACK
6
CONTINUOUS
10
5.8477952755905509
20
-4.3134645669291336
11
5.8026596062992128
21
-4.3134645669291336
0
LINE
8
BLACK
6
CONTINUOUS
10
5.8026596062992128
20
-4.3134645669291336
11
5.7941644488188979
21
-4.3219597244094485
0
LINE
8
BLACK
6
CONTINUOUS
10
5.7941644488188979
20
-4.3219597244094485
11
5.7926731102362208
21
-4.3231835433070867
0
LINE
8
BLACK
6
CONTINUOUS
10
5.7926731102362208
20
-4.3231835433070867
11
5.7926729527559058
21
-4.3231837401574804
0
LINE
8
BLACK
6
CONTINUOUS
10
5.7926729527559058
20
-4.3231837401574804
11
5.7891249212598428
21
-4.3246533858267719
0
LINE
8
BLACK
6
CONTINUOUS
10
5.7891249212598428
20
-4.3246533858267719
11
5.7872047244094489
21
-4.3248425196850393
0
LINE
8
BLACK
6
CONTINUOUS
10
5.7872047244094489
20
-4.3248425196850393
11
5.7474999999999996
21
-4.3248425196850393
0
LINE
8
BLACK
6
CONTINUOUS
10
5.7474999999999996
20
-4.3248425196850393
11
5.7474999999999996
21
-4.3324999999999996
0
LINE
8
BLACK
6
CONTINUOUS
10
5.7474999999999996
20
-4.3324999999999996
11
5.7288582677165349
21
-4.3324999999999996
0
LINE
8
BLACK
6
CONTINUOUS
10
5.7288582677165349
20
-4.3324999999999996
11
5.7288582677165349
21
-4.3612992125984249
0
LINE
8
BLACK
6
CONTINUOUS
10
5.7288582677165349
20
-4.3612992125984249
11
5.7303346456692914
21
-4.3612992125984249
0
LINE
8
BLACK
6
CONTINUOUS
10
5.7303346456692914
20
-4.3612992125984249
11
5.7339128740157479
21
-4.3620109842519685
0
LINE
8
BLACK
6
CONTINUOUS
10
5.7339128740157479
20
-4.3620109842519685
11
5.7369463779527559
21
-4.3640378740157475
0
LINE
8
BLACK
6
CONTINUOUS
10
5.7369463779527559
20
-4.3640378740157475
11
5.7389732677165357
21
-4.3670713779527555
0
LINE
8
BLACK
6
CONTINUOUS
10
5.7389732677165357
20
-4.3670713779527555
11
5.7396850393700785
21
-4.3706496062992128
0
LINE
8
BLACK
6
CONTINUOUS
10
5.7396850393700785
20
-4.3706496062992128
11
5.7396850393700785
21
-4.3893503937007869
0
LINE
8
BLACK
6
CONTINUOUS
10
5.7396850393700785
20
-4.3893503937007869
11
5.7389732677165357
21
-4.3929286220472443
0
LINE
8
BLACK
6
CONTINUOUS
10
5.7389732677165357
20
-4.3929286220472443
11
5.7369463779527559
21
-4.3959621259842523
0
LINE
8
BLACK
6
CONTINUOUS
10
5.7369463779527559
20
-4.3959621259842523
11
5.7339128740157479
21
-4.3979890157480312
0
LINE
8
BLACK
6
CONTINUOUS
10
5.7339128740157479
20
-4.3979890157480312
11
5.7303346456692914
21
-4.3987007874015749
0
LINE
8
BLACK
6
CONTINUOUS
10
5.7303346456692914
20
-4.3987007874015749
11
5.7076968503937007
21
-4.3987007874015749
0
LINE
8
BLACK
6
CONTINUOUS
10
5.7076968503937007
20
-4.3987007874015749
11
5.7041186220472442
21
-4.3979890157480312
0
LINE
8
BLACK
6
CONTINUOUS
10
5.7041186220472442
20
-4.3979890157480312
11
5.7010851181102362
21
-4.3959621259842523
0
LINE
8
BLACK
6
CONTINUOUS
10
5.7010851181102362
20
-4.3959621259842523
11
5.6990582283464564
21
-4.3929286220472443
0
LINE
8
BLACK
6
CONTINUOUS
10
5.6990582283464564
20
-4.3929286220472443
11
5.6983464566929136
21
-4.3893503937007869
0
LINE
8
BLACK
6
CONTINUOUS
10
5.6983464566929136
20
-4.3893503937007869
11
5.6983464566929136
21
-4.3706496062992128
0
LINE
8
BLACK
6
CONTINUOUS
10
5.6983464566929136
20
-4.3706496062992128
11
5.6990582283464564
21
-4.3670713779527555
0
LINE
8
BLACK
6
CONTINUOUS
10
5.6990582283464564
20
-4.3670713779527555
11
5.7010851181102362
21
-4.3640378740157475
0
LINE
8
BLACK
6
CONTINUOUS
10
5.7010851181102362
20
-4.3640378740157475
11
5.7041186220472442
21
-4.3620109842519685
0
LINE
8
BLACK
6
CONTINUOUS
10
5.7041186220472442
20
-4.3620109842519685
11
5.7076968503937007
21
-4.3612992125984249
0
LINE
8
BLACK
6
CONTINUOUS
10
5.7076968503937007
20
-4.3612992125984249
11
5.7091732283464562
21
-4.3612992125984249
0
LINE
8
BLACK
6
CONTINUOUS
10
5.7091732283464562
20
-4.3612992125984249
11
5.7091732283464562
21
-4.3324999999999996
0
LINE
8
BLACK
6
CONTINUOUS
10
5.7091732283464562
20
-4.3324999999999996
11
5.6924999999999999
21
-4.3324999999999996
0
LINE
8
BLACK
6
CONTINUOUS
10
5.6924999999999999
20
-4.3324999999999996
11
5.6924999999999999
21
-4.3248425196850393
0
LINE
8
BLACK
6
CONTINUOUS
10
5.6924999999999999
20
-4.3248425196850393
11
5.6511614173228342
21
-4.3248425196850393
0
LINE
8
BLACK
6
CONTINUOUS
10
5.6511614173228342
20
-4.3248425196850393
11
5.6492412204724411
21
-4.3246533858267719
0
LINE
8
BLACK
6
CONTINUOUS
10
5.6492412204724411
20
-4.3246533858267719
11
5.6456931889763782
21
-4.3231837401574804
0
LINE
8
BLACK
6
CONTINUOUS
10
5.6456931889763782
20
-4.3231837401574804
11
5.6456929921259844
21
-4.3231835433070867
0
LINE
8
BLACK
6
CONTINUOUS
10
5.6456929921259844
20
-4.3231835433070867
11
5.644201692913386
21
-4.3219597244094485
0
LINE
8
BLACK
6
CONTINUOUS
10
5.644201692913386
20
-4.3219597244094485
11
5.634997874015748
21
-4.3127559055118105
0
LINE
8
BLACK
6
CONTINUOUS
10
5.634997874015748
20
-4.3127559055118105
11
5.6039173228346453
21
-4.3127559055118105
0
LINE
8
BLACK
6
CONTINUOUS
10
5.6039173228346453
20
-4.3127559055118105
11
5.6039173228346453
21
-4.3051968503937008
0
LINE
8
BLACK
6
CONTINUOUS
10
5.6039173228346453
20
-4.3051968503937008
11
5.5735433070866138
21
-4.3051968503937008
0
LINE
8
BLACK
6
CONTINUOUS
10
5.5735433070866138
20
-4.3051968503937008
11
5.5735433070866138
21
-4.3081496062992128
0
LINE
8
BLACK
6
CONTINUOUS
10
5.5735433070866138
20
-4.3081496062992128
11
5.5318110236220468
21
-4.3081496062992128
0
LINE
8
BLACK
6
CONTINUOUS
10
5.5318110236220468
20
-4.3081496062992128
11
5.5318110236220468
21
-4.3002755905511814
0
LINE
8
BLACK
6
CONTINUOUS
10
5.5318110236220468
20
-4.3002755905511814
11
5.5240069291338578
21
-4.3002755905511814
0
LINE
8
BLACK
6
CONTINUOUS
10
5.5240069291338578
20
-4.3002755905511814
11
5.5219684645669291
21
-4.30231405511811
0
LINE
8
BLACK
6
CONTINUOUS
10
5.5219684645669291
20
-4.30231405511811
11
5.5219684645669291
21
-4.363197755905512
0
LINE
8
BLACK
6
CONTINUOUS
10
5.5219684645669291
20
-4.363197755905512
11
5.5240069291338578
21
-4.3652362204724406
0
LINE
8
BLACK
6
CONTINUOUS
10
5.5240069291338578
20
-4.3652362204724406
11
5.5318110236220468
21
-4.3652362204724406
0
LINE
8
BLACK
6
CONTINUOUS
10
5.5318110236220468
20
-4.3652362204724406
11
5.5318110236220468
21
-4.3573622047244092
0
LINE
8
BLACK
6
CONTINUOUS
10
5.5318110236220468
20
-4.3573622047244092
11
5.5735433070866138
21
-4.3573622047244092
0
LINE
8
BLACK
6
CONTINUOUS
10
5.5735433070866138
20
-4.3573622047244092
11
5.5735433070866138
21
-4.3829527559055119
0
LINE
8
BLACK
6
CONTINUOUS
10
5.5735433070866138
20
-4.3829527559055119
11
5.5318110236220468
21
-4.3829527559055119
0
LINE
8
BLACK
6
CONTINUOUS
10
5.5318110236220468
20
-4.3829527559055119
11
5.5318110236220468
21
-4.3750787401574804
0
LINE
8
BLACK
6
CONTINUOUS
10
5.5318110236220468
20
-4.3750787401574804
11
5.5219685039370079
21
-4.3750787401574804
0
LINE
8
BLACK
6
CONTINUOUS
10
5.5219685039370079
20
-4.3750787401574804
11
5.5210084251968503
21
-4.3749841732283468
0
LINE
8
BLACK
6
CONTINUOUS
10
5.5210084251968503
20
-4.3749841732283468
11
5.5210083858267716
21
-4.3749841732283468
0
LINE
8
BLACK
6
CONTINUOUS
10
5.5210083858267716
20
-4.3749841732283468
11
5.5204088582677162
21
-4.3747358267716532
0
LINE
8
BLACK
6
CONTINUOUS
10
5.5204088582677162
20
-4.3747358267716532
11
5.5192344094488188
21
-4.3742493700787399
0
LINE
8
BLACK
6
CONTINUOUS
10
5.5192344094488188
20
-4.3742493700787399
11
5.5192341732283463
21
-4.3742491338582674
0
LINE
8
BLACK
6
CONTINUOUS
10
5.5192341732283463
20
-4.3742491338582674
11
5.5184886614173223
21
-4.3736373228346457
0
LINE
8
BLACK
6
CONTINUOUS
10
5.5184886614173223
20
-4.3736373228346457
11
5.5135673622047241
21
-4.3687160236220475
0
LINE
8
BLACK
6
CONTINUOUS
10
5.5135673622047241
20
-4.3687160236220475
11
5.5129555118110236
21
-4.3679704724409447
0
LINE
8
BLACK
6
CONTINUOUS
10
5.5129555118110236
20
-4.3679704724409447
11
5.5129553149606298
21
-4.367970275590551
0
LINE
8
BLACK
6
CONTINUOUS
10
5.5129553149606298
20
-4.367970275590551
11
5.5122205118110239
21
-4.3661962598425195
0
LINE
8
BLACK
6
CONTINUOUS
10
5.5122205118110239
20
-4.3661962598425195
11
5.5121259448818893
21
-4.3652361811023619
0
LINE
8
BLACK
6
CONTINUOUS
10
5.5121259448818893
20
-4.3652361811023619
11
5.5121259448818893
21
-4.3002756299212601
0
LINE
8
BLACK
6
CONTINUOUS
10
5.5121259448818893
20
-4.3002756299212601
11
5.5122205118110239
21
-4.2993155511811025
0
LINE
8
BLACK
6
CONTINUOUS
10
5.5122205118110239
20
-4.2993155511811025
11
5.5122561417322835
21
-4.2992295669291334
0
LINE
8
BLACK
6
CONTINUOUS
10
5.5122561417322835
20
-4.2992295669291334
11
5.5125948818897639
21
-4.2984117322834647
0
LINE
8
BLACK
6
CONTINUOUS
10
5.5125948818897639
20
-4.2984117322834647
11
5.5129553149606298
21
-4.297541535433071
0
LINE
8
BLACK
6
CONTINUOUS
10
5.5129553149606298
20
-4.297541535433071
11
5.5129555118110236
21
-4.2975412992125985
0
LINE
8
BLACK
6
CONTINUOUS
10
5.5129555118110236
20
-4.2975412992125985
11
5.5135673622047241
21
-4.2967957874015745
0
LINE
8
BLACK
6
CONTINUOUS
10
5.5135673622047241
20
-4.2967957874015745
11
5.5184886614173223
21
-4.2918744881889763
0
LINE
8
BLACK
6
CONTINUOUS
10
5.5184886614173223
20
-4.2918744881889763
11
5.5192341732283463
21
-4.2912626377952758
0
LINE
8
BLACK
6
CONTINUOUS
10
5.5192341732283463
20
-4.2912626377952758
11
5.5192344094488188
21
-4.2912624409448821
0
LINE
8
BLACK
6
CONTINUOUS
10
5.5192344094488188
20
-4.2912624409448821
11
5.5204887795275592
21
-4.2907428346456689
0
LINE
8
BLACK
6
CONTINUOUS
10
5.5204887795275592
20
-4.2907428346456689
11
5.5210083858267716
21
-4.2905276377952752
0
LINE
8
BLACK
6
CONTINUOUS
10
5.5210083858267716
20
-4.2905276377952752
11
5.5210084251968503
21
-4.2905276377952752
0
LINE
8
BLACK
6
CONTINUOUS
10
5.5210084251968503
20
-4.2905276377952752
11
5.5219685039370079
21
-4.2904330708661416
0
LINE
8
BLACK
6
CONTINUOUS
10
5.5219685039370079
20
-4.2904330708661416
11
5.5318110236220468
21
-4.2904330708661416
0
LINE
8
BLACK
6
CONTINUOUS
10
5.5318110236220468
20
-4.2904330708661416
11
5.5318110236220468
21
-4.2825590551181101
0
LINE
8
BLACK
6
CONTINUOUS
10
5.5318110236220468
20
-4.2825590551181101
11
5.5735433070866138
21
-4.2825590551181101
0
LINE
8
BLACK
6
CONTINUOUS
10
5.5735433070866138
20
-4.2825590551181101
11
5.5735433070866138
21
-4.2855118110236221
0
LINE
8
BLACK
6
CONTINUOUS
10
5.5735433070866138
20
-4.2855118110236221
11
5.6039173228346453
21
-4.2855118110236221
0
LINE
8
BLACK
6
CONTINUOUS
10
5.6039173228346453
20
-4.2855118110236221
11
5.6039173228346453
21
-4.2777559055118113
0
LINE
8
BLACK
6
CONTINUOUS
10
5.6039173228346453
20
-4.2777559055118113
11
5.6589173228346459
21
-4.2777559055118113
0
LINE
8
BLACK
6
CONTINUOUS
10
5.6589173228346459
20
-4.2777559055118113
11
5.6589173228346459
21
-4.3051574803149606
0
LINE
8
BLACK
6
CONTINUOUS
10
5.6589173228346459
20
-4.3051574803149606
11
5.6924999999999999
21
-4.3051574803149606
0
LINE
8
BLACK
6
CONTINUOUS
10
5.6924999999999999
20
-4.3051574803149606
11
5.6924999999999999
21
-4.2975000000000003
0
LINE
8
BLACK
6
CONTINUOUS
10
5.6924999999999999
20
-4.2975000000000003
11
5.7474999999999996
21
-4.2975000000000003
0
LINE
8
BLACK
6
CONTINUOUS
10
5.7474999999999996
20
-4.2975000000000003
11
5.7474999999999996
21
-4.3051574803149606
0
LINE
8
BLACK
6
CONTINUOUS
10
5.7474999999999996
20
-4.3051574803149606
11
5.7831277952755906
21
-4.3051574803149606
0
LINE
8
BLACK
6
CONTINUOUS
10
5.7831277952755906
20
-4.3051574803149606
11
5.7966141732283463
21
-4.2916711023622049
0
LINE
8
BLACK
6
CONTINUOUS
10
5.7966141732283463
20
-4.2916711023622049
11
5.7966141732283463
21
-4.246535433070866
0
LINE
8
BLACK
6
CONTINUOUS
10
5.7966141732283463
20
-4.246535433070866
11
5.8101574803149605
21
-4.246535433070866
0
LINE
8
BLACK
6
CONTINUOUS
10
5.8101574803149605
20
-4.246535433070866
11
5.8101574803149605
21
-4.1799999999999997
0
LINE
8
BLACK
6
CONTINUOUS
10
5.8101574803149605
20
-4.1799999999999997
11
5.79
21
-4.1799999999999997
0
LINE
8
BLACK
6
CONTINUOUS
10
5.79
20
-4.1799999999999997
11
5.79
21
-4.1200000000000001
0
LINE
8
BLACK
6
CONTINUOUS
10
5.79
20
-4.1200000000000001
11
5.8101574803149605
21
-4.1200000000000001
0
LINE
8
BLACK
6
CONTINUOUS
10
5.8101574803149605
20
-4.1200000000000001
11
5.8101574803149605
21
-4.0800000000000001
0
LINE
8
BLACK
6
CONTINUOUS
10
5.8101574803149605
20
-4.0800000000000001
11
5.79
21
-4.0800000000000001
0
LINE
8
BLACK
6
CONTINUOUS
10
5.79
20
-4.0800000000000001
11
5.79
21
-4.0199999999999996
0
LINE
8
BLACK
6
CONTINUOUS
10
5.79
20
-4.0199999999999996
11
5.8499999999999996
21
-4.0199999999999996
0
LINE
8
BLACK
6
CONTINUOUS
10
5.8499999999999996
20
-4.0199999999999996
11
5.8499999999999996
21
-4.0800000000000001
0
LINE
8
BLACK
6
CONTINUOUS
10
5.4869291338582675
20
-4.3829527559055119
11
5.4451968503937005
21
-4.3829527559055119
0
LINE
8
BLACK
6
CONTINUOUS
10
5.4451968503937005
20
-4.3829527559055119
11
5.4451968503937005
21
-4.3573622047244092
0
LINE
8
BLACK
6
CONTINUOUS
10
5.4451968503937005
20
-4.3573622047244092
11
5.4869291338582675
21
-4.3573622047244092
0
LINE
8
BLACK
6
CONTINUOUS
10
5.4869291338582675
20
-4.3573622047244092
11
5.4869291338582675
21
-4.3829527559055119
0
LINE
8
BLACK
6
CONTINUOUS
10
6.3659055118110235
20
-4.3004044094488192
11
6.3690477559055116
21
-4.3030411023622044
0
LINE
8
BLACK
6
CONTINUOUS
10
6.3690477559055116
20
-4.3030411023622044
11
6.3710987401574801
21
-4.3065934645669293
0
LINE
8
BLACK
6
CONTINUOUS
10
6.3710987401574801
20
-4.3065934645669293
11
6.3717755118110233
21
-4.3104317322834644
0
LINE
8
BLACK
6
CONTINUOUS
10
6.3717755118110233
20
-4.3104317322834644
11
6.3829311417322829
21
-4.3215873622047241
0
LINE
8
BLACK
6
CONTINUOUS
10
6.3829311417322829
20
-4.3215873622047241
11
6.3843799212598427
21
-4.3212992125984249
0
LINE
8
BLACK
6
CONTINUOUS
10
6.3843799212598427
20
-4.3212992125984249
11
6.4016043307086612
21
-4.3212992125984249
0
LINE
8
BLACK
6
CONTINUOUS
10
6.4016043307086612
20
-4.3212992125984249
11
6.4049000787401571
21
-4.3219547637795275
0
LINE
8
BLACK
6
CONTINUOUS
10
6.4049000787401571
20
-4.3219547637795275
11
6.4076940944881891
21
-4.3238216535433072
0
LINE
8
BLACK
6
CONTINUOUS
10
6.4076940944881891
20
-4.3238216535433072
11
6.4095609842519687
21
-4.3266156692913382
0
LINE
8
BLACK
6
CONTINUOUS
10
6.4095609842519687
20
-4.3266156692913382
11
6.4102165354330705
21
-4.3299114173228341
0
LINE
8
BLACK
6
CONTINUOUS
10
6.4102165354330705
20
-4.3299114173228341
11
6.4102165354330705
21
-4.3500885826771656
0
LINE
8
BLACK
6
CONTINUOUS
10
6.4102165354330705
20
-4.3500885826771656
11
6.4095609842519687
21
-4.3533843307086615
0
LINE
8
BLACK
6
CONTINUOUS
10
6.4095609842519687
20
-4.3533843307086615
11
6.4076940944881891
21
-4.3561783464566926
0
LINE
8
BLACK
6
CONTINUOUS
10
6.4076940944881891
20
-4.3561783464566926
11
6.4049000787401571
21
-4.3580452362204722
0
LINE
8
BLACK
6
CONTINUOUS
10
6.4049000787401571
20
-4.3580452362204722
11
6.4016043307086612
21
-4.3587007874015748
0
LINE
8
BLACK
6
CONTINUOUS
10
6.4016043307086612
20
-4.3587007874015748
11
6.3843799212598427
21
-4.3587007874015748
0
LINE
8
BLACK
6
CONTINUOUS
10
6.3843799212598427
20
-4.3587007874015748
11
6.3810841732283459
21
-4.3580452362204722
0
LINE
8
BLACK
6
CONTINUOUS
10
6.3810841732283459
20
-4.3580452362204722
11
6.3782901574803148
21
-4.3561783464566926
0
LINE
8
BLACK
6
CONTINUOUS
10
6.3782901574803148
20
-4.3561783464566926
11
6.3764232677165351
21
-4.3533843307086615
0
LINE
8
BLACK
6
CONTINUOUS
10
6.3764232677165351
20
-4.3533843307086615
11
6.3757677165354325
21
-4.3500885826771656
0
LINE
8
BLACK
6
CONTINUOUS
10
6.3757677165354325
20
-4.3500885826771656
11
6.3757677165354325
21
-4.3311272440944881
0
LINE
8
BLACK
6
CONTINUOUS
10
6.3757677165354325
20
-4.3311272440944881
11
6.3656098031496064
21
-4.3209693307086612
0
LINE
8
BLACK
6
CONTINUOUS
10
6.3656098031496064
20
-4.3209693307086612
11
6.36205094488189
21
-4.322264645669291
0
LINE
8
BLACK
6
CONTINUOUS
10
6.36205094488189
20
-4.322264645669291
11
6.3579490551181097
21
-4.322264645669291
0
LINE
8
BLACK
6
CONTINUOUS
10
6.3579490551181097
20
-4.322264645669291
11
6.3540944881889763
21
-4.3208617322834648
0
LINE
8
BLACK
6
CONTINUOUS
10
6.3540944881889763
20
-4.3208617322834648
11
6.3509522440944881
21
-4.3182250393700787
0
LINE
8
BLACK
6
CONTINUOUS
10
6.3509522440944881
20
-4.3182250393700787
11
6.3489012598425196
21
-4.3146726771653539
0
LINE
8
BLACK
6
CONTINUOUS
10
6.3489012598425196
20
-4.3146726771653539
11
6.3481889763779522
21
-4.3106330708661416
0
LINE
8
BLACK
6
CONTINUOUS
10
6.3481889763779522
20
-4.3106330708661416
11
6.3489012598425196
21
-4.3065934645669293
0
LINE
8
BLACK
6
CONTINUOUS
10
6.3489012598425196
20
-4.3065934645669293
11
6.3509522440944881
21
-4.3030411023622044
0
LINE
8
BLACK
6
CONTINUOUS
10
6.3509522440944881
20
-4.3030411023622044
11
6.3540944881889763
21
-4.3004044094488192
0
LINE
8
BLACK
6
CONTINUOUS
10
6.3540944881889763
20
-4.3004044094488192
11
6.3579490551181097
21
-4.2990014960629921
0
LINE
8
BLACK
6
CONTINUOUS
10
6.3579490551181097
20
-4.2990014960629921
11
6.36205094488189
21
-4.2990014960629921
0
LINE
8
BLACK
6
CONTINUOUS
10
6.36205094488189
20
-4.2990014960629921
11
6.3659055118110235
21
-4.3004044094488192
0
LINE
8
BLACK
6
CONTINUOUS
10
6.5649000787401572
20
-4.3219547637795275
11
6.5676940944881892
21
-4.3238216535433072
0
LINE
8
BLACK
6
CONTINUOUS
10
6.5676940944881892
20
-4.3238216535433072
11
6.569560984251968
21
-4.3266156692913382
0
LINE
8
BLACK
6
CONTINUOUS
10
6.569560984251968
20
-4.3266156692913382
11
6.5702165354330706
21
-4.3299114173228341
0
LINE
8
BLACK
6
CONTINUOUS
10
6.5702165354330706
20
-4.3299114173228341
11
6.5702165354330706
21
-4.3500885826771656
0
LINE
8
BLACK
6
CONTINUOUS
10
6.5702165354330706
20
-4.3500885826771656
11
6.569560984251968
21
-4.3533843307086615
0
LINE
8
BLACK
6
CONTINUOUS
10
6.569560984251968
20
-4.3533843307086615
11
6.5676940944881892
21
-4.3561783464566926
0
LINE
8
BLACK
6
CONTINUOUS
10
6.5676940944881892
20
-4.3561783464566926
11
6.5649000787401572
21
-4.3580452362204722
0
LINE
8
BLACK
6
CONTINUOUS
10
6.5649000787401572
20
-4.3580452362204722
11
6.5616043307086613
21
-4.3587007874015748
0
LINE
8
BLACK
6
CONTINUOUS
10
6.5616043307086613
20
-4.3587007874015748
11
6.5443799212598428
21
-4.3587007874015748
0
LINE
8
BLACK
6
CONTINUOUS
10
6.5443799212598428
20
-4.3587007874015748
11
6.541084173228346
21
-4.3580452362204722
0
LINE
8
BLACK
6
CONTINUOUS
10
6.541084173228346
20
-4.3580452362204722
11
6.5382901574803149
21
-4.3561783464566926
0
LINE
8
BLACK
6
CONTINUOUS
10
6.5382901574803149
20
-4.3561783464566926
11
6.5364232677165353
21
-4.3533843307086615
0
LINE
8
BLACK
6
CONTINUOUS
10
6.5364232677165353
20
-4.3533843307086615
11
6.5357677165354326
21
-4.3500885826771656
0
LINE
8
BLACK
6
CONTINUOUS
10
6.5357677165354326
20
-4.3500885826771656
11
6.5357677165354326
21
-4.3498425196850397
0
LINE
8
BLACK
6
CONTINUOUS
10
6.5357677165354326
20
-4.3498425196850397
11
6.5163657086614171
21
-4.3498425196850397
0
LINE
8
BLACK
6
CONTINUOUS
10
6.5163657086614171
20
-4.3498425196850397
11
6.5159055118110238
21
-4.3502286614173231
0
LINE
8
BLACK
6
CONTINUOUS
10
6.5159055118110238
20
-4.3502286614173231
11
6.5120509448818895
21
-4.3516315748031493
0
LINE
8
BLACK
6
CONTINUOUS
10
6.5120509448818895
20
-4.3516315748031493
11
6.5079490551181101
21
-4.3516315748031493
0
LINE
8
BLACK
6
CONTINUOUS
10
6.5079490551181101
20
-4.3516315748031493
11
6.5040944881889766
21
-4.3502286614173231
0
LINE
8
BLACK
6
CONTINUOUS
10
6.5040944881889766
20
-4.3502286614173231
11
6.5009522440944885
21
-4.347591968503937
0
LINE
8
BLACK
6
CONTINUOUS
10
6.5009522440944885
20
-4.347591968503937
11
6.4989012598425191
21
-4.3440396062992122
0
LINE
8
BLACK
6
CONTINUOUS
10
6.4989012598425191
20
-4.3440396062992122
11
6.4981889763779526
21
-4.3399999999999999
0
LINE
8
BLACK
6
CONTINUOUS
10
6.4981889763779526
20
-4.3399999999999999
11
6.4989012598425191
21
-4.3359603937007876
0
LINE
8
BLACK
6
CONTINUOUS
10
6.4989012598425191
20
-4.3359603937007876
11
6.5009522440944885
21
-4.3324080314960627
0
LINE
8
BLACK
6
CONTINUOUS
10
6.5009522440944885
20
-4.3324080314960627
11
6.5040944881889766
21
-4.3297713385826775
0
LINE
8
BLACK
6
CONTINUOUS
10
6.5040944881889766
20
-4.3297713385826775
11
6.5079490551181101
21
-4.3283684251968504
0
LINE
8
BLACK
6
CONTINUOUS
10
6.5079490551181101
20
-4.3283684251968504
11
6.5120509448818895
21
-4.3283684251968504
0
LINE
8
BLACK
6
CONTINUOUS
10
6.5120509448818895
20
-4.3283684251968504
11
6.5159055118110238
21
-4.3297713385826775
0
LINE
8
BLACK
6
CONTINUOUS
10
6.5159055118110238
20
-4.3297713385826775
11
6.5163657086614171
21
-4.3301574803149609
0
LINE
8
BLACK
6
CONTINUOUS
10
6.5163657086614171
20
-4.3301574803149609
11
6.5357677165354326
21
-4.3301574803149609
0
LINE
8
BLACK
6
CONTINUOUS
10
6.5357677165354326
20
-4.3301574803149609
11
6.5357677165354326
21
-4.3299114173228341
0
LINE
8
BLACK
6
CONTINUOUS
10
6.5357677165354326
20
-4.3299114173228341
11
6.5364232677165353
21
-4.3266156692913382
0
LINE
8
BLACK
6
CONTINUOUS
10
6.5364232677165353
20
-4.3266156692913382
11
6.5382901574803149
21
-4.3238216535433072
0
LINE
8
BLACK
6
CONTINUOUS
10
6.5382901574803149
20
-4.3238216535433072
11
6.541084173228346
21
-4.3219547637795275
0
LINE
8
BLACK
6
CONTINUOUS
10
6.541084173228346
20
-4.3219547637795275
11
6.5443799212598428
21
-4.3212992125984249
0
LINE
8
BLACK
6
CONTINUOUS
10
6.5443799212598428
20
-4.3212992125984249
11
6.5616043307086613
21
-4.3212992125984249
0
LINE
8
BLACK
6
CONTINUOUS
10
6.5616043307086613
20
-4.3212992125984249
11
6.5649000787401572
21
-4.3219547637795275
0
LINE
8
BLACK
6
CONTINUOUS
10
6.6269079527559054
20
-4.3219547637795275
11
6.6297019685039364
21
-4.3238216535433072
0
LINE
8
BLACK
6
CONTINUOUS
10
6.6297019685039364
20
-4.3238216535433072
11
6.6315688582677161
21
-4.3266156692913382
0
LINE
8
BLACK
6
CONTINUOUS
10
6.6315688582677161
20
-4.3266156692913382
11
6.6322244094488187
21
-4.3299114173228341
0
LINE
8
BLACK
6
CONTINUOUS
10
6.6322244094488187
20
-4.3299114173228341
11
6.6322244094488187
21
-4.3340944881889767
0
LINE
8
BLACK
6
CONTINUOUS
10
6.6322244094488187
20
-4.3340944881889767
11
6.6499785433070864
21
-4.3340944881889767
0
LINE
8
BLACK
6
CONTINUOUS
10
6.6499785433070864
20
-4.3340944881889767
11
6.6509522440944879
21
-4.3324080314960627
0
LINE
8
BLACK
6
CONTINUOUS
10
6.6509522440944879
20
-4.3324080314960627
11
6.6540944881889761
21
-4.3297713385826775
0
LINE
8
BLACK
6
CONTINUOUS
10
6.6540944881889761
20
-4.3297713385826775
11
6.6579490551181104
21
-4.3283684251968504
0
LINE
8
BLACK
6
CONTINUOUS
10
6.6579490551181104
20
-4.3283684251968504
11
6.6620509448818899
21
-4.3283684251968504
0
LINE
8
BLACK
6
CONTINUOUS
10
6.6620509448818899
20
-4.3283684251968504
11
6.6659055118110233
21
-4.3297713385826775
0
LINE
8
BLACK
6
CONTINUOUS
10
6.6659055118110233
20
-4.3297713385826775
11
6.6690477559055115
21
-4.3324080314960627
0
LINE
8
BLACK
6
CONTINUOUS
10
6.6690477559055115
20
-4.3324080314960627
11
6.6710987401574799
21
-4.3359603937007876
0
LINE
8
BLACK
6
CONTINUOUS
10
6.6710987401574799
20
-4.3359603937007876
11
6.6718110236220474
21
-4.3399999999999999
0
LINE
8
BLACK
6
CONTINUOUS
10
6.6718110236220474
20
-4.3399999999999999
11
6.6710987401574799
21
-4.3440396062992122
0
LINE
8
BLACK
6
CONTINUOUS
10
6.6710987401574799
20
-4.3440396062992122
11
6.6690477559055115
21
-4.347591968503937
0
LINE
8
BLACK
6
CONTINUOUS
10
6.6690477559055115
20
-4.347591968503937
11
6.6659055118110233
21
-4.3502286614173231
0
LINE
8
BLACK
6
CONTINUOUS
10
6.6659055118110233
20
-4.3502286614173231
11
6.6620509448818899
21
-4.3516315748031493
0
LINE
8
BLACK
6
CONTINUOUS
10
6.6620509448818899
20
-4.3516315748031493
11
6.6579490551181104
21
-4.3516315748031493
0
LINE
8
BLACK
6
CONTINUOUS
10
6.6579490551181104
20
-4.3516315748031493
11
6.6540944881889761
21
-4.3502286614173231
0
LINE
8
BLACK
6
CONTINUOUS
10
6.6540944881889761
20
-4.3502286614173231
11
6.6509522440944879
21
-4.347591968503937
0
LINE
8
BLACK
6
CONTINUOUS
10
6.6509522440944879
20
-4.347591968503937
11
6.6499785433070864
21
-4.3459055118110239
0
LINE
8
BLACK
6
CONTINUOUS
10
6.6499785433070864
20
-4.3459055118110239
11
6.6322244094488187
21
-4.3459055118110239
0
LINE
8
BLACK
6
CONTINUOUS
10
6.6322244094488187
20
-4.3459055118110239
11
6.6322244094488187
21
-4.3500885826771656
0
LINE
8
BLACK
6
CONTINUOUS
10
6.6322244094488187
20
-4.3500885826771656
11
6.6315688582677161
21
-4.3533843307086615
0
LINE
8
BLACK
6
CONTINUOUS
10
6.6315688582677161
20
-4.3533843307086615
11
6.6297019685039364
21
-4.3561783464566926
0
LINE
8
BLACK
6
CONTINUOUS
10
6.6297019685039364
20
-4.3561783464566926
11
6.6269079527559054
21
-4.3580452362204722
0
LINE
8
BLACK
6
CONTINUOUS
10
6.6269079527559054
20
-4.3580452362204722
11
6.6236122047244095
21
-4.3587007874015748
0
LINE
8
BLACK
6
CONTINUOUS
10
6.6236122047244095
20
-4.3587007874015748
11
6.6063877952755901
21
-4.3587007874015748
0
LINE
8
BLACK
6
CONTINUOUS
10
6.6063877952755901
20
-4.3587007874015748
11
6.6030920472440942
21
-4.3580452362204722
0
LINE
8
BLACK
6
CONTINUOUS
10
6.6030920472440942
20
-4.3580452362204722
11
6.6002980314960631
21
-4.3561783464566926
0
LINE
8
BLACK
6
CONTINUOUS
10
6.6002980314960631
20
-4.3561783464566926
11
6.5984311417322834
21
-4.3533843307086615
0
LINE
8
BLACK
6
CONTINUOUS
10
6.5984311417322834
20
-4.3533843307086615
11
6.5977755905511808
21
-4.3500885826771656
0
LINE
8
BLACK
6
CONTINUOUS
10
6.5977755905511808
20
-4.3500885826771656
11
6.5977755905511808
21
-4.3299114173228341
0
LINE
8
BLACK
6
CONTINUOUS
10
6.5977755905511808
20
-4.3299114173228341
11
6.5984311417322834
21
-4.3266156692913382
0
LINE
8
BLACK
6
CONTINUOUS
10
6.5984311417322834
20
-4.3266156692913382
11
6.6002980314960631
21
-4.3238216535433072
0
LINE
8
BLACK
6
CONTINUOUS
10
6.6002980314960631
20
-4.3238216535433072
11
6.6030920472440942
21
-4.3219547637795275
0
LINE
8
BLACK
6
CONTINUOUS
10
6.6030920472440942
20
-4.3219547637795275
11
6.6063877952755901
21
-4.3212992125984249
0
LINE
8
BLACK
6
CONTINUOUS
10
6.6063877952755901
20
-4.3212992125984249
11
6.6236122047244095
21
-4.3212992125984249
0
LINE
8
BLACK
6
CONTINUOUS
10
6.6236122047244095
20
-4.3212992125984249
11
6.6269079527559054
21
-4.3219547637795275
0
LINE
8
BLACK
6
CONTINUOUS
10
6.5334645669291334
20
-4.5191338582677165
11
6.5550393700787399
21
-4.5191338582677165
0
LINE
8
BLACK
6
CONTINUOUS
10
6.5550393700787399
20
-4.5191338582677165
11
6.5561914960629917
21
-4.5192473228346453
0
LINE
8
BLACK
6
CONTINUOUS
10
6.5561914960629917
20
-4.5192473228346453
11
6.5565461023622049
21
-4.5193942125984252
0
LINE
8
BLACK
6
CONTINUOUS
10
6.5565461023622049
20
-4.5193942125984252
11
6.5583202755905514
21
-4.5201290944881887
0
LINE
8
BLACK
6
CONTINUOUS
10
6.5583202755905514
20
-4.5201290944881887
11
6.5592151968503938
21
-4.5208635433070867
0
LINE
8
BLACK
6
CONTINUOUS
10
6.5592151968503938
20
-4.5208635433070867
11
6.5720479921259845
21
-4.5336963385826774
0
LINE
8
BLACK
6
CONTINUOUS
10
6.5720479921259845
20
-4.5336963385826774
11
6.5729490551181105
21
-4.5333684251968505
0
LINE
8
BLACK
6
CONTINUOUS
10
6.5729490551181105
20
-4.5333684251968505
11
6.5770509448818899
21
-4.5333684251968505
0
LINE
8
BLACK
6
CONTINUOUS
10
6.5770509448818899
20
-4.5333684251968505
11
6.5809055118110233
21
-4.5347713385826767
0
LINE
8
BLACK
6
CONTINUOUS
10
6.5809055118110233
20
-4.5347713385826767
11
6.5840477559055115
21
-4.5374080314960628
0
LINE
8
BLACK
6
CONTINUOUS
10
6.5840477559055115
20
-4.5374080314960628
11
6.58609874015748
21
-4.5409603937007876
0
LINE
8
BLACK
6
CONTINUOUS
10
6.58609874015748
20
-4.5409603937007876
11
6.5868110236220474
21
-4.5449999999999999
0
LINE
8
BLACK
6
CONTINUOUS
10
6.5868110236220474
20
-4.5449999999999999
11
6.58609874015748
21
-4.5490396062992122
0
LINE
8
BLACK
6
CONTINUOUS
10
6.58609874015748
20
-4.5490396062992122
11
6.5840477559055115
21
-4.5525919685039371
0
LINE
8
BLACK
6
CONTINUOUS
10
6.5840477559055115
20
-4.5525919685039371
11
6.5809055118110233
21
-4.5552286614173223
0
LINE
8
BLACK
6
CONTINUOUS
10
6.5809055118110233
20
-4.5552286614173223
11
6.5770509448818899
21
-4.5566315748031494
0
LINE
8
BLACK
6
CONTINUOUS
10
6.5770509448818899
20
-4.5566315748031494
11
6.5729490551181105
21
-4.5566315748031494
0
LINE
8
BLACK
6
CONTINUOUS
10
6.5729490551181105
20
-4.5566315748031494
11
6.5690944881889761
21
-4.5552286614173223
0
LINE
8
BLACK
6
CONTINUOUS
10
6.5690944881889761
20
-4.5552286614173223
11
6.565952244094488
21
-4.5525919685039371
0
LINE
8
BLACK
6
CONTINUOUS
10
6.565952244094488
20
-4.5525919685039371
11
6.5639012598425195
21
-4.5490396062992122
0
LINE
8
BLACK
6
CONTINUOUS
10
6.5639012598425195
20
-4.5490396062992122
11
6.563188976377953
21
-4.5449999999999999
0
LINE
8
BLACK
6
CONTINUOUS
10
6.563188976377953
20
-4.5449999999999999
11
6.5637074803149602
21
-4.5420591338582676
0
LINE
8
BLACK
6
CONTINUOUS
10
6.5637074803149602
20
-4.5420591338582676
11
6.5525932283464563
21
-4.5309448818897637
0
LINE
8
BLACK
6
CONTINUOUS
10
6.5525932283464563
20
-4.5309448818897637
11
6.5334645669291334
21
-4.5309448818897637
0
LINE
8
BLACK
6
CONTINUOUS
10
6.5334645669291334
20
-4.5309448818897637
11
6.5334645669291334
21
-4.5378346456692915
0
LINE
8
BLACK
6
CONTINUOUS
10
6.5334645669291334
20
-4.5378346456692915
11
6.5177165354330704
21
-4.5378346456692915
0
LINE
8
BLACK
6
CONTINUOUS
10
6.5177165354330704
20
-4.5378346456692915
11
6.5177165354330704
21
-4.5122440944881888
0
LINE
8
BLACK
6
CONTINUOUS
10
6.5177165354330704
20
-4.5122440944881888
11
6.5334645669291334
21
-4.5122440944881888
0
LINE
8
BLACK
6
CONTINUOUS
10
6.5334645669291334
20
-4.5122440944881888
11
6.5334645669291334
21
-4.5191338582677165
0
LINE
8
BLACK
6
CONTINUOUS
10
6.8129286220472443
20
-4.4255936614173228
11
6.8159621259842522
21
-4.4276205511811026
0
LINE
8
BLACK
6
CONTINUOUS
10
6.8159621259842522
20
-4.4276205511811026
11
6.8179890157480312
21
-4.4306540551181097
0
LINE
8
BLACK
6
CONTINUOUS
10
6.8179890157480312
20
-4.4306540551181097
11
6.8187007874015748
21
-4.4342322834645671
0
LINE
8
BLACK
6
CONTINUOUS
10
6.8187007874015748
20
-4.4342322834645671
11
6.8187007874015748
21
-4.4371720078740156
0
LINE
8
BLACK
6
CONTINUOUS
10
6.8187007874015748
20
-4.4371720078740156
11
6.8239902755905506
21
-4.4379565748031498
0
LINE
8
BLACK
6
CONTINUOUS
10
6.8239902755905506
20
-4.4379565748031498
11
6.835128307086614
21
-4.4407463385826773
0
LINE
8
BLACK
6
CONTINUOUS
10
6.835128307086614
20
-4.4407463385826773
11
6.8459392519685034
21
-4.4446144094488185
0
LINE
8
BLACK
6
CONTINUOUS
10
6.8459392519685034
20
-4.4446144094488185
11
6.8563190157480314
21
-4.449523464566929
0
LINE
8
BLACK
6
CONTINUOUS
10
6.8563190157480314
20
-4.449523464566929
11
6.8661676377952752
21
-4.4554262992125979
0
LINE
8
BLACK
6
CONTINUOUS
10
6.8661676377952752
20
-4.4554262992125979
11
6.8753902755905507
21
-4.4622660236220471
0
LINE
8
BLACK
6
CONTINUOUS
10
6.8753902755905507
20
-4.4622660236220471
11
6.8838980708661417
21
-4.4699767716535428
0
LINE
8
BLACK
6
CONTINUOUS
10
6.8838980708661417
20
-4.4699767716535428
11
6.8838971259842516
21
-4.4699777165354329
0
LINE
8
BLACK
6
CONTINUOUS
10
6.8838971259842516
20
-4.4699777165354329
11
6.8838971259842516
21
-4.4699777559055116
0
LINE
8
BLACK
6
CONTINUOUS
10
6.8838971259842516
20
-4.4699777559055116
11
6.8838972047244091
21
-4.4699777952755904
0
LINE
8
BLACK
6
CONTINUOUS
10
6.8838972047244091
20
-4.4699777952755904
11
6.8838971653543304
21
-4.4699777952755904
0
LINE
8
BLACK
6
CONTINUOUS
10
6.8838971653543304
20
-4.4699777952755904
11
6.8838996062992122
21
-4.4699812598425197
0
LINE
8
BLACK
6
CONTINUOUS
10
6.8838996062992122
20
-4.4699812598425197
11
6.8870898425196847
21
-4.4731714566929135
0
LINE
8
BLACK
6
CONTINUOUS
10
6.8870898425196847
20
-4.4731714566929135
11
6.8942551968503931
21
-4.4786694881889764
0
LINE
8
BLACK
6
CONTINUOUS
10
6.8942551968503931
20
-4.4786694881889764
11
6.9020768503937004
21
-4.4831851968503935
0
LINE
8
BLACK
6
CONTINUOUS
10
6.9020768503937004
20
-4.4831851968503935
11
6.9104210236220469
21
-4.4866413385826771
0
LINE
8
BLACK
6
CONTINUOUS
10
6.9104210236220469
20
-4.4866413385826771
11
6.9191449212598419
21
-4.4889787795275593
0
LINE
8
BLACK
6
CONTINUOUS
10
6.9191449212598419
20
-4.4889787795275593
11
6.9280992913385822
21
-4.4901575590551177
0
LINE
8
BLACK
6
CONTINUOUS
10
6.9280992913385822
20
-4.4901575590551177
11
6.9326151181102365
21
-4.4901574803149602
0
LINE
8
BLACK
6
CONTINUOUS
10
6.9326151181102365
20
-4.4901574803149602
11
6.9326151574803152
21
-4.4901574803149602
0
LINE
8
BLACK
6
CONTINUOUS
10
6.9326151574803152
20
-4.4901574803149602
11
6.9326152362204727
21
-4.4901574803149602
0
LINE
8
BLACK
6
CONTINUOUS
10
6.9326152362204727
20
-4.4901574803149602
11
7.0138825196850396
21
-4.4901574803149602
0
LINE
8
BLACK
6
CONTINUOUS
10
7.0138825196850396
20
-4.4901574803149602
11
7.0157552755905508
21
-4.483168307086614
0
LINE
8
BLACK
6
CONTINUOUS
10
7.0157552755905508
20
-4.483168307086614
11
7.01938062992126
21
-4.4753937007874018
0
LINE
8
BLACK
6
CONTINUOUS
10
7.01938062992126
20
-4.4753937007874018
11
7.0243009448818894
21
-4.4683667322834646
0
LINE
8
BLACK
6
CONTINUOUS
10
7.0243009448818894
20
-4.4683667322834646
11
7.030366732283464
21
-4.46230094488189
0
LINE
8
BLACK
6
CONTINUOUS
10
7.030366732283464
20
-4.46230094488189
11
7.0373937007874012
21
-4.4573806299212597
0
LINE
8
BLACK
6
CONTINUOUS
10
7.0373937007874012
20
-4.4573806299212597
11
7.0451683070866142
21
-4.4537552755905514
0
LINE
8
BLACK
6
CONTINUOUS
10
7.0451683070866142
20
-4.4537552755905514
11
7.0534543307086617
21
-4.4515350393700786
0
LINE
8
BLACK
6
CONTINUOUS
10
7.0534543307086617
20
-4.4515350393700786
11
7.0620000000000003
21
-4.4507874015748028
0
LINE
8
BLACK
6
CONTINUOUS
10
7.0620000000000003
20
-4.4507874015748028
11
7.070545669291338
21
-4.4515350393700786
0
LINE
8
BLACK
6
CONTINUOUS
10
7.070545669291338
20
-4.4515350393700786
11
7.0788316929133854
21
-4.4537552755905514
0
LINE
8
BLACK
6
CONTINUOUS
10
7.0788316929133854
20
-4.4537552755905514
11
7.0866062992125984
21
-4.4573806299212597
0
LINE
8
BLACK
6
CONTINUOUS
10
7.0866062992125984
20
-4.4573806299212597
11
7.0936332677165357
21
-4.46230094488189
0
LINE
8
BLACK
6
CONTINUOUS
10
7.0936332677165357
20
-4.46230094488189
11
7.0996990551181103
21
-4.4683667322834646
0
LINE
8
BLACK
6
CONTINUOUS
10
7.0996990551181103
20
-4.4683667322834646
11
7.1046193700787397
21
-4.4753937007874018
0
LINE
8
BLACK
6
CONTINUOUS
10
7.1046193700787397
20
-4.4753937007874018
11
7.1082447244094489
21
-4.483168307086614
0
LINE
8
BLACK
6
CONTINUOUS
10
7.1082447244094489
20
-4.483168307086614
11
7.1104649606299208
21
-4.4914543307086614
0
LINE
8
BLACK
6
CONTINUOUS
10
7.1104649606299208
20
-4.4914543307086614
11
7.1112125984251966
21
-4.5
0
LINE
8
BLACK
6
CONTINUOUS
10
7.1112125984251966
20
-4.5
11
7.1104649606299208
21
-4.5085456692913386
0
LINE
8
BLACK
6
CONTINUOUS
10
7.1104649606299208
20
-4.5085456692913386
11
7.1082447244094489
21
-4.516831692913386
0
LINE
8
BLACK
6
CONTINUOUS
10
7.1082447244094489
20
-4.516831692913386
11
7.1046193700787397
21
-4.5246062992125982
0
LINE
8
BLACK
6
CONTINUOUS
10
7.1046193700787397
20
-4.5246062992125982
11
7.0996990551181103
21
-4.5316332677165354
0
LINE
8
BLACK
6
CONTINUOUS
10
7.0996990551181103
20
-4.5316332677165354
11
7.0936332677165357
21
-4.53769905511811
0
LINE
8
BLACK
6
CONTINUOUS
10
7.0936332677165357
20
-4.53769905511811
11
7.0866062992125984
21
-4.5426193700787403
0
LINE
8
BLACK
6
CONTINUOUS
10
7.0866062992125984
20
-4.5426193700787403
11
7.0788316929133854
21
-4.5462447244094486
0
LINE
8
BLACK
6
CONTINUOUS
10
7.0788316929133854
20
-4.5462447244094486
11
7.070545669291338
21
-4.5484649606299214
0
LINE
8
BLACK
6
CONTINUOUS
10
7.070545669291338
20
-4.5484649606299214
11
7.0620000000000003
21
-4.5492125984251963
0
LINE
8
BLACK
6
CONTINUOUS
10
7.0620000000000003
20
-4.5492125984251963
11
7.0534543307086617
21
-4.5484649606299214
0
LINE
8
BLACK
6
CONTINUOUS
10
7.0534543307086617
20
-4.5484649606299214
11
7.0451683070866142
21
-4.5462447244094486
0
LINE
8
BLACK
6
CONTINUOUS
10
7.0451683070866142
20
-4.5462447244094486
11
7.0373937007874012
21
-4.5426193700787403
0
LINE
8
BLACK
6
CONTINUOUS
10
7.0373937007874012
20
-4.5426193700787403
11
7.030366732283464
21
-4.53769905511811
0
LINE
8
BLACK
6
CONTINUOUS
10
7.030366732283464
20
-4.53769905511811
11
7.0243009448818894
21
-4.5316332677165354
0
LINE
8
BLACK
6
CONTINUOUS
10
7.0243009448818894
20
-4.5316332677165354
11
7.01938062992126
21
-4.5246062992125982
0
LINE
8
BLACK
6
CONTINUOUS
10
7.01938062992126
20
-4.5246062992125982
11
7.0157552755905508
21
-4.516831692913386
0
LINE
8
BLACK
6
CONTINUOUS
10
7.0157552755905508
20
-4.516831692913386
11
7.0138825196850396
21
-4.5098425196850389
0
LINE
8
BLACK
6
CONTINUOUS
10
7.0138825196850396
20
-4.5098425196850389
11
6.9326153543307081
21
-4.5098425196850389
0
LINE
8
BLACK
6
CONTINUOUS
10
6.9326153543307081
20
-4.5098425196850389
11
6.9326152362204727
21
-4.5098425196850389
0
LINE
8
BLACK
6
CONTINUOUS
10
6.9326152362204727
20
-4.5098425196850389
11
6.9326150787401577
21
-4.5098424803149602
0
LINE
8
BLACK
6
CONTINUOUS
10
6.9326150787401577
20
-4.5098424803149602
11
6.9226972047244093
21
-4.5092856692913381
0
LINE
8
BLACK
6
CONTINUOUS
10
6.9226972047244093
20
-4.5092856692913381
11
6.9129037401574802
21
-4.5076218110236219
0
LINE
8
BLACK
6
CONTINUOUS
10
6.9129037401574802
20
-4.5076218110236219
11
6.9033581889763775
21
-4.5048718897637796
0
LINE
8
BLACK
6
CONTINUOUS
10
6.9033581889763775
20
-4.5048718897637796
11
6.8941805118110233
21
-4.5010705118110232
0
LINE
8
BLACK
6
CONTINUOUS
10
6.8941805118110233
20
-4.5010705118110232
11
6.8854861811023618
21
-4.4962654724409452
0
LINE
8
BLACK
6
CONTINUOUS
10
6.8854861811023618
20
-4.4962654724409452
11
6.8773844881889765
21
-4.490517125984252
0
LINE
8
BLACK
6
CONTINUOUS
10
6.8773844881889765
20
-4.490517125984252
11
6.8699773622047244
21
-4.4838978740157476
0
LINE
8
BLACK
6
CONTINUOUS
10
6.8699773622047244
20
-4.4838978740157476
11
6.869977913385827
21
-4.4838973228346459
0
LINE
8
BLACK
6
CONTINUOUS
10
6.869977913385827
20
-4.4838973228346459
11
6.8699734645669288
21
-4.4838909842519685
0
LINE
8
BLACK
6
CONTINUOUS
10
6.8699734645669288
20
-4.4838909842519685
11
6.866114330708661
21
-4.4800320078740157
0
LINE
8
BLACK
6
CONTINUOUS
10
6.866114330708661
20
-4.4800320078740157
11
6.8575683858267711
21
-4.4732170866141727
0
LINE
8
BLACK
6
CONTINUOUS
10
6.8575683858267711
20
-4.4732170866141727
11
6.8483131889763778
21
-4.467401850393701
0
LINE
8
BLACK
6
CONTINUOUS
10
6.8483131889763778
20
-4.467401850393701
11
6.8384650787401577
21
-4.462659448818898
0
LINE
8
BLACK
6
CONTINUOUS
10
6.8384650787401577
20
-4.462659448818898
11
6.8281478740157482
21
-4.4590494881889766
0
LINE
8
BLACK
6
CONTINUOUS
10
6.8281478740157482
20
-4.4590494881889766
11
6.8186963385826767
21
-4.456892322834646
0
LINE
8
BLACK
6
CONTINUOUS
10
6.8186963385826767
20
-4.456892322834646
11
6.8179890157480312
21
-4.4604483070866143
0
LINE
8
BLACK
6
CONTINUOUS
10
6.8179890157480312
20
-4.4604483070866143
11
6.8159621259842522
21
-4.4634818110236223
0
LINE
8
BLACK
6
CONTINUOUS
10
6.8159621259842522
20
-4.4634818110236223
11
6.8129286220472443
21
-4.4655087007874013
0
LINE
8
BLACK
6
CONTINUOUS
10
6.8129286220472443
20
-4.4655087007874013
11
6.8093503937007869
21
-4.4662204724409449
0
LINE
8
BLACK
6
CONTINUOUS
10
6.8093503937007869
20
-4.4662204724409449
11
6.7906496062992128
21
-4.4662204724409449
0
LINE
8
BLACK
6
CONTINUOUS
10
6.7906496062992128
20
-4.4662204724409449
11
6.7870713779527554
21
-4.4655087007874013
0
LINE
8
BLACK
6
CONTINUOUS
10
6.7870713779527554
20
-4.4655087007874013
11
6.7840378740157483
21
-4.4634818110236223
0
LINE
8
BLACK
6
CONTINUOUS
10
6.7840378740157483
20
-4.4634818110236223
11
6.7820109842519685
21
-4.4604483070866143
0
LINE
8
BLACK
6
CONTINUOUS
10
6.7820109842519685
20
-4.4604483070866143
11
6.7818904724409448
21
-4.4598425196850391
0
LINE
8
BLACK
6
CONTINUOUS
10
6.7818904724409448
20
-4.4598425196850391
11
6.760011968503937
21
-4.4598425196850391
0
LINE
8
BLACK
6
CONTINUOUS
10
6.760011968503937
20
-4.4598425196850391
11
6.7593070078740158
21
-4.4608975590551179
0
LINE
8
BLACK
6
CONTINUOUS
10
6.7593070078740158
20
-4.4608975590551179
11
6.7574230708661416
21
-4.4621563779527555
0
LINE
8
BLACK
6
CONTINUOUS
10
6.7574230708661416
20
-4.4621563779527555
11
6.7552007874015745
21
-4.46259842519685
0
LINE
8
BLACK
6
CONTINUOUS
10
6.7552007874015745
20
-4.46259842519685
11
6.7435866141732284
21
-4.46259842519685
0
LINE
8
BLACK
6
CONTINUOUS
10
6.7435866141732284
20
-4.46259842519685
11
6.7413643307086613
21
-4.4621563779527555
0
LINE
8
BLACK
6
CONTINUOUS
10
6.7413643307086613
20
-4.4621563779527555
11
6.739480393700787
21
-4.4608975590551179
0
LINE
8
BLACK
6
CONTINUOUS
10
6.739480393700787
20
-4.4608975590551179
11
6.7382215748031493
21
-4.4590136220472436
0
LINE
8
BLACK
6
CONTINUOUS
10
6.7382215748031493
20
-4.4590136220472436
11
6.7377795275590548
21
-4.4567913385826774
0
LINE
8
BLACK
6
CONTINUOUS
10
6.7377795275590548
20
-4.4567913385826774
11
6.7377795275590548
21
-4.443208661417323
0
LINE
8
BLACK
6
CONTINUOUS
10
6.7377795275590548
20
-4.443208661417323
11
6.7382215748031493
21
-4.4409863779527559
0
LINE
8
BLACK
6
CONTINUOUS
10
6.7382215748031493
20
-4.4409863779527559
11
6.739480393700787
21
-4.4391024409448816
0
LINE
8
BLACK
6
CONTINUOUS
10
6.739480393700787
20
-4.4391024409448816
11
6.7413643307086613
21
-4.4378436220472439
0
LINE
8
BLACK
6
CONTINUOUS
10
6.7413643307086613
20
-4.4378436220472439
11
6.7435866141732284
21
-4.4374015748031495
0
LINE
8
BLACK
6
CONTINUOUS
10
6.7435866141732284
20
-4.4374015748031495
11
6.7552007874015745
21
-4.4374015748031495
0
LINE
8
BLACK
6
CONTINUOUS
10
6.7552007874015745
20
-4.4374015748031495
11
6.7574230708661416
21
-4.4378436220472439
0
LINE
8
BLACK
6
CONTINUOUS
10
6.7574230708661416
20
-4.4378436220472439
11
6.7593070078740158
21
-4.4391024409448816
0
LINE
8
BLACK
6
CONTINUOUS
10
6.7593070078740158
20
-4.4391024409448816
11
6.760011968503937
21
-4.4401574803149604
0
LINE
8
BLACK
6
CONTINUOUS
10
6.760011968503937
20
-4.4401574803149604
11
6.7812992125984248
21
-4.4401574803149604
0
LINE
8
BLACK
6
CONTINUOUS
10
6.7812992125984248
20
-4.4401574803149604
11
6.7812992125984248
21
-4.4342322834645671
0
LINE
8
BLACK
6
CONTINUOUS
10
6.7812992125984248
20
-4.4342322834645671
11
6.7820109842519685
21
-4.4306540551181097
0
LINE
8
BLACK
6
CONTINUOUS
10
6.7820109842519685
20
-4.4306540551181097
11
6.7840378740157483
21
-4.4276205511811026
0
LINE
8
BLACK
6
CONTINUOUS
10
6.7840378740157483
20
-4.4276205511811026
11
6.7870713779527554
21
-4.4255936614173228
0
LINE
8
BLACK
6
CONTINUOUS
10
6.7870713779527554
20
-4.4255936614173228
11
6.7906496062992128
21
-4.4248818897637792
0
LINE
8
BLACK
6
CONTINUOUS
10
6.7906496062992128
20
-4.4248818897637792
11
6.8093503937007869
21
-4.4248818897637792
0
LINE
8
BLACK
6
CONTINUOUS
10
6.8093503937007869
20
-4.4248818897637792
11
6.8129286220472443
21
-4.4255936614173228
0
LINE
8
BLACK
6
CONTINUOUS
10
6.4822834645669287
20
-4.5378346456692915
11
6.4665354330708658
21
-4.5378346456692915
0
LINE
8
BLACK
6
CONTINUOUS
10
6.4665354330708658
20
-4.5378346456692915
11
6.4665354330708658
21
-4.5309448818897637
0
LINE
8
BLACK
6
CONTINUOUS
10
6.4665354330708658
20
-4.5309448818897637
11
6.4549987007874012
21
-4.5309448818897637
0
LINE
8
BLACK
6
CONTINUOUS
10
6.4549987007874012
20
-4.5309448818897637
11
6.4540477559055116
21
-4.5325919685039366
0
LINE
8
BLACK
6
CONTINUOUS
10
6.4540477559055116
20
-4.5325919685039366
11
6.4509055118110235
21
-4.5352286614173227
0
LINE
8
BLACK
6
CONTINUOUS
10
6.4509055118110235
20
-4.5352286614173227
11
6.44705094488189
21
-4.5366315748031498
0
LINE
8
BLACK
6
CONTINUOUS
10
6.44705094488189
20
-4.5366315748031498
11
6.4429490551181097
21
-4.5366315748031498
0
LINE
8
BLACK
6
CONTINUOUS
10
6.4429490551181097
20
-4.5366315748031498
11
6.4390944881889762
21
-4.5352286614173227
0
LINE
8
BLACK
6
CONTINUOUS
10
6.4390944881889762
20
-4.5352286614173227
11
6.4359522440944881
21
-4.5325919685039366
0
LINE
8
BLACK
6
CONTINUOUS
10
6.4359522440944881
20
-4.5325919685039366
11
6.4339012598425196
21
-4.5290396062992127
0
LINE
8
BLACK
6
CONTINUOUS
10
6.4339012598425196
20
-4.5290396062992127
11
6.4331889763779522
21
-4.5249999999999995
0
LINE
8
BLACK
6
CONTINUOUS
10
6.4331889763779522
20
-4.5249999999999995
11
6.4339012598425196
21
-4.5209603937007872
0
LINE
8
BLACK
6
CONTINUOUS
10
6.4339012598425196
20
-4.5209603937007872
11
6.4359522440944881
21
-4.5174080314960632
0
LINE
8
BLACK
6
CONTINUOUS
10
6.4359522440944881
20
-4.5174080314960632
11
6.4390944881889762
21
-4.5147713385826771
0
LINE
8
BLACK
6
CONTINUOUS
10
6.4390944881889762
20
-4.5147713385826771
11
6.4429490551181097
21
-4.51336842519685
0
LINE
8
BLACK
6
CONTINUOUS
10
6.4429490551181097
20
-4.51336842519685
11
6.44705094488189
21
-4.51336842519685
0
LINE
8
BLACK
6
CONTINUOUS
10
6.44705094488189
20
-4.51336842519685
11
6.4509055118110235
21
-4.5147713385826771
0
LINE
8
BLACK
6
CONTINUOUS
10
6.4509055118110235
20
-4.5147713385826771
11
6.4540477559055116
21
-4.5174080314960632
0
LINE
8
BLACK
6
CONTINUOUS
10
6.4540477559055116
20
-4.5174080314960632
11
6.4550441732283463
21
-4.5191338582677165
0
LINE
8
BLACK
6
CONTINUOUS
10
6.4550441732283463
20
-4.5191338582677165
11
6.4665354330708658
21
-4.5191338582677165
0
LINE
8
BLACK
6
CONTINUOUS
10
6.4665354330708658
20
-4.5191338582677165
11
6.4665354330708658
21
-4.5122440944881888
0
LINE
8
BLACK
6
CONTINUOUS
10
6.4665354330708658
20
-4.5122440944881888
11
6.4822834645669287
21
-4.5122440944881888
0
LINE
8
BLACK
6
CONTINUOUS
10
6.4822834645669287
20
-4.5122440944881888
11
6.4822834645669287
21
-4.5378346456692915
0
LINE
8
BLACK
6
CONTINUOUS
10
6.5199994881889758
20
-4.4320109842519688
11
6.5230329921259838
21
-4.4340378740157478
0
LINE
8
BLACK
6
CONTINUOUS
10
6.5230329921259838
20
-4.4340378740157478
11
6.5250598818897636
21
-4.4370713779527557
0
LINE
8
BLACK
6
CONTINUOUS
10
6.5250598818897636
20
-4.4370713779527557
11
6.5257716535433072
21
-4.4406496062992122
0
LINE
8
BLACK
6
CONTINUOUS
10
6.5257716535433072
20
-4.4406496062992122
11
6.5257716535433072
21
-4.4593503937007872
0
LINE
8
BLACK
6
CONTINUOUS
10
6.5257716535433072
20
-4.4593503937007872
11
6.5250598818897636
21
-4.4629286220472437
0
LINE
8
BLACK
6
CONTINUOUS
10
6.5250598818897636
20
-4.4629286220472437
11
6.5230329921259838
21
-4.4659621259842517
0
LINE
8
BLACK
6
CONTINUOUS
10
6.5230329921259838
20
-4.4659621259842517
11
6.5199994881889758
21
-4.4679890157480315
0
LINE
8
BLACK
6
CONTINUOUS
10
6.5199994881889758
20
-4.4679890157480315
11
6.5164212598425193
21
-4.4687007874015743
0
LINE
8
BLACK
6
CONTINUOUS
10
6.5164212598425193
20
-4.4687007874015743
11
6.5078740157480315
21
-4.4687007874015743
0
LINE
8
BLACK
6
CONTINUOUS
10
6.5078740157480315
20
-4.4687007874015743
11
6.5078740157480315
21
-4.5122440944881888
0
LINE
8
BLACK
6
CONTINUOUS
10
6.5078740157480315
20
-4.5122440944881888
11
6.5078740157480315
21
-4.5378346456692915
0
LINE
8
BLACK
6
CONTINUOUS
10
6.5078740157480315
20
-4.5378346456692915
11
6.4921259842519685
21
-4.5378346456692915
0
LINE
8
BLACK
6
CONTINUOUS
10
6.4921259842519685
20
-4.5378346456692915
11
6.4921259842519685
21
-4.5122440944881888
0
LINE
8
BLACK
6
CONTINUOUS
10
6.4921259842519685
20
-4.5122440944881888
11
6.4921259842519685
21
-4.4683710629921256
0
LINE
8
BLACK
6
CONTINUOUS
10
6.4921259842519685
20
-4.4683710629921256
11
6.4902052362204721
21
-4.4679890157480315
0
LINE
8
BLACK
6
CONTINUOUS
10
6.4902052362204721
20
-4.4679890157480315
11
6.4871717322834641
21
-4.4659621259842517
0
LINE
8
BLACK
6
CONTINUOUS
10
6.4871717322834641
20
-4.4659621259842517
11
6.4851448425196851
21
-4.4629286220472437
0
LINE
8
BLACK
6
CONTINUOUS
10
6.4851448425196851
20
-4.4629286220472437
11
6.4844330708661415
21
-4.4593503937007872
0
LINE
8
BLACK
6
CONTINUOUS
10
6.4844330708661415
20
-4.4593503937007872
11
6.4844330708661415
21
-4.4406496062992122
0
LINE
8
BLACK
6
CONTINUOUS
10
6.4844330708661415
20
-4.4406496062992122
11
6.4851448425196851
21
-4.4370713779527557
0
LINE
8
BLACK
6
CONTINUOUS
10
6.4851448425196851
20
-4.4370713779527557
11
6.4871717322834641
21
-4.4340378740157478
0
LINE
8
BLACK
6
CONTINUOUS
10
6.4871717322834641
20
-4.4340378740157478
11
6.4902052362204721
21
-4.4320109842519688
0
LINE
8
BLACK
6
CONTINUOUS
10
6.4902052362204721
20
-4.4320109842519688
11
6.4937834645669286
21
-4.4312992125984252
0
LINE
8
BLACK
6
CONTINUOUS
10
6.4937834645669286
20
-4.4312992125984252
11
6.5164212598425193
21
-4.4312992125984252
0
LINE
8
BLACK
6
CONTINUOUS
10
6.5164212598425193
20
-4.4312992125984252
11
6.5199994881889758
21
-4.4320109842519688
0
LINE
8
BLACK
6
CONTINUOUS
10
6.6644876771653543
20
-4.4310267322834642
11
6.6675211811023622
21
-4.4330536220472441
0
LINE
8
BLACK
6
CONTINUOUS
10
6.6675211811023622
20
-4.4330536220472441
11
6.6695480708661412
21
-4.436087125984252
0
LINE
8
BLACK
6
CONTINUOUS
10
6.6695480708661412
20
-4.436087125984252
11
6.6702598425196848
21
-4.4396653543307085
0
LINE
8
BLACK
6
CONTINUOUS
10
6.6702598425196848
20
-4.4396653543307085
11
6.6702598425196848
21
-4.4411417322834641
0
LINE
8
BLACK
6
CONTINUOUS
10
6.6702598425196848
20
-4.4411417322834641
11
6.7000016929133857
21
-4.4411417322834641
0
LINE
8
BLACK
6
CONTINUOUS
10
6.7000016929133857
20
-4.4411417322834641
11
6.7000325984251967
21
-4.4409863779527559
0
LINE
8
BLACK
6
CONTINUOUS
10
6.7000325984251967
20
-4.4409863779527559
11
6.7012914173228344
21
-4.4391024409448816
0
LINE
8
BLACK
6
CONTINUOUS
10
6.7012914173228344
20
-4.4391024409448816
11
6.7031753543307087
21
-4.4378436220472439
0
LINE
8
BLACK
6
CONTINUOUS
10
6.7031753543307087
20
-4.4378436220472439
11
6.7053976377952758
21
-4.4374015748031495
0
LINE
8
BLACK
6
CONTINUOUS
10
6.7053976377952758
20
-4.4374015748031495
11
6.7170118110236219
21
-4.4374015748031495
0
LINE
8
BLACK
6
CONTINUOUS
10
6.7170118110236219
20
-4.4374015748031495
11
6.719234094488189
21
-4.4378436220472439
0
LINE
8
BLACK
6
CONTINUOUS
10
6.719234094488189
20
-4.4378436220472439
11
6.7211180314960632
21
-4.4391024409448816
0
LINE
8
BLACK
6
CONTINUOUS
10
6.7211180314960632
20
-4.4391024409448816
11
6.7223768503937009
21
-4.4409863779527559
0
LINE
8
BLACK
6
CONTINUOUS
10
6.7223768503937009
20
-4.4409863779527559
11
6.7228188976377954
21
-4.443208661417323
0
LINE
8
BLACK
6
CONTINUOUS
10
6.7228188976377954
20
-4.443208661417323
11
6.7228188976377954
21
-4.4567913385826774
0
LINE
8
BLACK
6
CONTINUOUS
10
6.7228188976377954
20
-4.4567913385826774
11
6.7223768503937009
21
-4.4590136220472436
0
LINE
8
BLACK
6
CONTINUOUS
10
6.7223768503937009
20
-4.4590136220472436
11
6.7211180314960632
21
-4.4608975590551179
0
LINE
8
BLACK
6
CONTINUOUS
10
6.7211180314960632
20
-4.4608975590551179
11
6.719234094488189
21
-4.4621563779527555
0
LINE
8
BLACK
6
CONTINUOUS
10
6.719234094488189
20
-4.4621563779527555
11
6.7170118110236219
21
-4.46259842519685
0
LINE
8
BLACK
6
CONTINUOUS
10
6.7170118110236219
20
-4.46259842519685
11
6.7053976377952758
21
-4.46259842519685
0
LINE
8
BLACK
6
CONTINUOUS
10
6.7053976377952758
20
-4.46259842519685
11
6.7031753543307087
21
-4.4621563779527555
0
LINE
8
BLACK
6
CONTINUOUS
10
6.7031753543307087
20
-4.4621563779527555
11
6.7012914173228344
21
-4.4608975590551179
0
LINE
8
BLACK
6
CONTINUOUS
10
6.7012914173228344
20
-4.4608975590551179
11
6.7012441338582676
21
-4.4608267716535428
0
LINE
8
BLACK
6
CONTINUOUS
10
6.7012441338582676
20
-4.4608267716535428
11
6.6702598425196848
21
-4.4608267716535428
0
LINE
8
BLACK
6
CONTINUOUS
10
6.6702598425196848
20
-4.4608267716535428
11
6.6702598425196848
21
-4.4623031496062993
0
LINE
8
BLACK
6
CONTINUOUS
10
6.6702598425196848
20
-4.4623031496062993
11
6.6695480708661412
21
-4.4658813779527557
0
LINE
8
BLACK
6
CONTINUOUS
10
6.6695480708661412
20
-4.4658813779527557
11
6.6675211811023622
21
-4.4689148818897637
0
LINE
8
BLACK
6
CONTINUOUS
10
6.6675211811023622
20
-4.4689148818897637
11
6.6644876771653543
21
-4.4709417716535436
0
LINE
8
BLACK
6
CONTINUOUS
10
6.6644876771653543
20
-4.4709417716535436
11
6.6609094488188978
21
-4.4716535433070863
0
LINE
8
BLACK
6
CONTINUOUS
10
6.6609094488188978
20
-4.4716535433070863
11
6.6422086614173228
21
-4.4716535433070863
0
LINE
8
BLACK
6
CONTINUOUS
10
6.6422086614173228
20
-4.4716535433070863
11
6.6386304330708663
21
-4.4709417716535436
0
LINE
8
BLACK
6
CONTINUOUS
10
6.6386304330708663
20
-4.4709417716535436
11
6.6355969291338583
21
-4.4689148818897637
0
LINE
8
BLACK
6
CONTINUOUS
10
6.6355969291338583
20
-4.4689148818897637
11
6.6335700393700785
21
-4.4658813779527557
0
LINE
8
BLACK
6
CONTINUOUS
10
6.6335700393700785
20
-4.4658813779527557
11
6.6328582677165349
21
-4.4623031496062993
0
LINE
8
BLACK
6
CONTINUOUS
10
6.6328582677165349
20
-4.4623031496062993
11
6.6328582677165349
21
-4.4598425196850391
0
LINE
8
BLACK
6
CONTINUOUS
10
6.6328582677165349
20
-4.4598425196850391
11
6.5945714173228343
21
-4.4598425196850391
0
LINE
8
BLACK
6
CONTINUOUS
10
6.5945714173228343
20
-4.4598425196850391
11
6.5939575196850395
21
-4.4629286220472437
0
LINE
8
BLACK
6
CONTINUOUS
10
6.5939575196850395
20
-4.4629286220472437
11
6.5919306299212597
21
-4.4659621259842517
0
LINE
8
BLACK
6
CONTINUOUS
10
6.5919306299212597
20
-4.4659621259842517
11
6.5888971259842517
21
-4.4679890157480315
0
LINE
8
BLACK
6
CONTINUOUS
10
6.5888971259842517
20
-4.4679890157480315
11
6.5853188976377952
21
-4.4687007874015743
0
LINE
8
BLACK
6
CONTINUOUS
10
6.5853188976377952
20
-4.4687007874015743
11
6.5626811023622045
21
-4.4687007874015743
0
LINE
8
BLACK
6
CONTINUOUS
10
6.5626811023622045
20
-4.4687007874015743
11
6.559102874015748
21
-4.4679890157480315
0
LINE
8
BLACK
6
CONTINUOUS
10
6.559102874015748
20
-4.4679890157480315
11
6.55606937007874
21
-4.4659621259842517
0
LINE
8
BLACK
6
CONTINUOUS
10
6.55606937007874
20
-4.4659621259842517
11
6.5540424803149602
21
-4.4629286220472437
0
LINE
8
BLACK
6
CONTINUOUS
10
6.5540424803149602
20
-4.4629286220472437
11
6.5533307086614174
21
-4.4593503937007872
0
LINE
8
BLACK
6
CONTINUOUS
10
6.5533307086614174
20
-4.4593503937007872
11
6.5533307086614174
21
-4.4406496062992122
0
LINE
8
BLACK
6
CONTINUOUS
10
6.5533307086614174
20
-4.4406496062992122
11
6.5540424803149602
21
-4.4370713779527557
0
LINE
8
BLACK
6
CONTINUOUS
10
6.5540424803149602
20
-4.4370713779527557
11
6.55606937007874
21
-4.4340378740157478
0
LINE
8
BLACK
6
CONTINUOUS
10
6.55606937007874
20
-4.4340378740157478
11
6.559102874015748
21
-4.4320109842519688
0
LINE
8
BLACK
6
CONTINUOUS
10
6.559102874015748
20
-4.4320109842519688
11
6.5626811023622045
21
-4.4312992125984252
0
LINE
8
BLACK
6
CONTINUOUS
10
6.5626811023622045
20
-4.4312992125984252
11
6.5853188976377952
21
-4.4312992125984252
0
LINE
8
BLACK
6
CONTINUOUS
10
6.5853188976377952
20
-4.4312992125984252
11
6.5888971259842517
21
-4.4320109842519688
0
LINE
8
BLACK
6
CONTINUOUS
10
6.5888971259842517
20
-4.4320109842519688
11
6.5919306299212597
21
-4.4340378740157478
0
LINE
8
BLACK
6
CONTINUOUS
10
6.5919306299212597
20
-4.4340378740157478
11
6.5939575196850395
21
-4.4370713779527557
0
LINE
8
BLACK
6
CONTINUOUS
10
6.5939575196850395
20
-4.4370713779527557
11
6.5945714173228343
21
-4.4401574803149604
0
LINE
8
BLACK
6
CONTINUOUS
10
6.5945714173228343
20
-4.4401574803149604
11
6.6328582677165349
21
-4.4401574803149604
0
LINE
8
BLACK
6
CONTINUOUS
10
6.6328582677165349
20
-4.4401574803149604
11
6.6328582677165349
21
-4.4396653543307085
0
LINE
8
BLACK
6
CONTINUOUS
10
6.6328582677165349
20
-4.4396653543307085
11
6.6335700393700785
21
-4.436087125984252
0
LINE
8
BLACK
6
CONTINUOUS
10
6.6335700393700785
20
-4.436087125984252
11
6.6355969291338583
21
-4.4330536220472441
0
LINE
8
BLACK
6
CONTINUOUS
10
6.6355969291338583
20
-4.4330536220472441
11
6.6386304330708663
21
-4.4310267322834642
0
LINE
8
BLACK
6
CONTINUOUS
10
6.6386304330708663
20
-4.4310267322834642
11
6.6422086614173228
21
-4.4303149606299215
0
LINE
8
BLACK
6
CONTINUOUS
10
6.6422086614173228
20
-4.4303149606299215
11
6.6609094488188978
21
-4.4303149606299215
0
LINE
8
BLACK
6
CONTINUOUS
10
6.6609094488188978
20
-4.4303149606299215
11
6.6644876771653543
21
-4.4310267322834642
0
LINE
8
BLACK
6
CONTINUOUS
10
7.2680165748031493
20
-3.9304922047244095
11
7.2698470078740156
21
-3.9326046456692914
0
LINE
8
BLACK
6
CONTINUOUS
10
7.2698470078740156
20
-3.9326046456692914
11
7.2702952755905512
21
-3.9346653543307086
0
LINE
8
BLACK
6
CONTINUOUS
10
7.2702952755905512
20
-3.9346653543307086
11
7.2702952755905512
21
-5.0653346456692914
0
LINE
8
BLACK
6
CONTINUOUS
10
7.2702952755905512
20
-5.0653346456692914
11
7.2695077952755902
21
-5.0680165748031492
0
LINE
8
BLACK
6
CONTINUOUS
10
7.2695077952755902
20
-5.0680165748031492
11
7.2673953543307084
21
-5.0698470078740154
0
LINE
8
BLACK
6
CONTINUOUS
10
7.2673953543307084
20
-5.0698470078740154
11
7.2653346456692915
21
-5.070295275590551
0
LINE
8
BLACK
6
CONTINUOUS
10
7.2653346456692915
20
-5.070295275590551
11
5.3346653543307081
21
-5.070295275590551
0
LINE
8
BLACK
6
CONTINUOUS
10
5.3346653543307081
20
-5.070295275590551
11
5.3319834251968503
21
-5.06950779527559
0
LINE
8
BLACK
6
CONTINUOUS
10
5.3319834251968503
20
-5.06950779527559
11
5.330152992125984
21
-5.0673953543307082
0
LINE
8
BLACK
6
CONTINUOUS
10
5.330152992125984
20
-5.0673953543307082
11
5.3297047244094484
21
-5.0653346456692914
0
LINE
8
BLACK
6
CONTINUOUS
10
5.3297047244094484
20
-5.0653346456692914
11
5.3297047244094484
21
-4.5626148425196851
0
LINE
8
BLACK
6
CONTINUOUS
10
5.3297047244094484
20
-4.5626148425196851
11
5.3297047244094484
21
-4.0180866929133856
0
LINE
8
BLACK
6
CONTINUOUS
10
5.3297047244094484
20
-4.0180866929133856
11
5.3297047244094484
21
-3.9346653543307086
0
LINE
8
BLACK
6
CONTINUOUS
10
5.3297047244094484
20
-3.9346653543307086
11
5.3304922047244094
21
-3.9319834251968504
0
LINE
8
BLACK
6
CONTINUOUS
10
5.3304922047244094
20
-3.9319834251968504
11
5.3326046456692913
21
-3.9301529921259841
0
LINE
8
BLACK
6
CONTINUOUS
10
5.3326046456692913
20
-3.9301529921259841
11
5.3346653543307081
21
-3.9297047244094485
0
LINE
8
BLACK
6
CONTINUOUS
10
5.3346653543307081
20
-3.9297047244094485
11
7.2653346456692915
21
-3.9297047244094485
0
LINE
8
BLACK
6
CONTINUOUS
10
7.2653346456692915
20
-3.9297047244094485
11
7.2680165748031493
21
-3.9304922047244095
0
LINE
8
BLACK
6
CONTINUOUS
10
5.9020456299212594
20
-4.6829133858267715
11
5.9020176771653539
21
-4.6829264173228342
0
LINE
8
BLACK
6
CONTINUOUS
10
5.9020176771653539
20
-4.6829264173228342
11
5.8992542519685038
21
-4.683346141732283
0
LINE
8
BLACK
6
CONTINUOUS
10
5.8992542519685038
20
-4.683346141732283
11
5.8978248425196851
21
-4.6829264173228342
0
LINE
8
BLACK
6
CONTINUOUS
10
5.8978248425196851
20
-4.6829264173228342
11
5.8977968897637796
21
-4.6829133858267715
0
LINE
8
BLACK
6
CONTINUOUS
10
5.8977968897637796
20
-4.6829133858267715
11
5.8823605905511807
21
-4.6829133858267715
0
LINE
8
BLACK
6
CONTINUOUS
10
5.8823605905511807
20
-4.6829133858267715
11
5.8803491338582674
21
-4.6838513385826772
0
LINE
8
BLACK
6
CONTINUOUS
10
5.8803491338582674
20
-4.6838513385826772
11
5.8772371653543303
21
-4.6869633070866143
0
LINE
8
BLACK
6
CONTINUOUS
10
5.8772371653543303
20
-4.6869633070866143
11
5.8753770472440943
21
-4.6909523622047242
0
LINE
8
BLACK
6
CONTINUOUS
10
5.8753770472440943
20
-4.6909523622047242
11
5.8753149606299209
21
-4.6914241338582672
0
LINE
8
BLACK
6
CONTINUOUS
10
5.8753149606299209
20
-4.6914241338582672
11
5.8753149606299209
21
-4.6942322834645669
0
LINE
8
BLACK
6
CONTINUOUS
10
5.8753149606299209
20
-4.6942322834645669
11
5.8753149606299209
21
-4.7080118110236215
0
LINE
8
BLACK
6
CONTINUOUS
10
5.8753149606299209
20
-4.7080118110236215
11
5.8753149606299209
21
-4.7616532283464563
0
LINE
8
BLACK
6
CONTINUOUS
10
5.8753149606299209
20
-4.7616532283464563
11
5.8752203937007872
21
-4.7626133070866139
0
LINE
8
BLACK
6
CONTINUOUS
10
5.8752203937007872
20
-4.7626133070866139
11
5.8752203937007872
21
-4.7626133464566927
0
LINE
8
BLACK
6
CONTINUOUS
10
5.8752203937007872
20
-4.7626133464566927
11
5.8751377952755908
21
-4.762812716535433
0
LINE
8
BLACK
6
CONTINUOUS
10
5.8751377952755908
20
-4.762812716535433
11
5.8751377952755908
21
-4.8336856299212601
0
LINE
8
BLACK
6
CONTINUOUS
10
5.8751377952755908
20
-4.8336856299212601
11
5.8743503149606298
21
-4.8363675590551178
0
LINE
8
BLACK
6
CONTINUOUS
10
5.8743503149606298
20
-4.8363675590551178
11
5.873684842519685
21
-4.837193307086614
0
LINE
8
BLACK
6
CONTINUOUS
10
5.873684842519685
20
-4.837193307086614
11
5.8085712204724409
21
-4.9023068897637794
0
LINE
8
BLACK
6
CONTINUOUS
10
5.8085712204724409
20
-4.9023068897637794
11
5.8061179921259845
21
-4.9036464960629917
0
LINE
8
BLACK
6
CONTINUOUS
10
5.8061179921259845
20
-4.9036464960629917
11
5.8050635433070861
21
-4.9037598425196851
0
LINE
8
BLACK
6
CONTINUOUS
10
5.8050635433070861
20
-4.9037598425196851
11
5.7863563385826771
21
-4.9037598425196851
0
LINE
8
BLACK
6
CONTINUOUS
10
5.7863563385826771
20
-4.9037598425196851
11
5.786355393700787
21
-4.9037599212598426
0
LINE
8
BLACK
6
CONTINUOUS
10
5.786355393700787
20
-4.9037599212598426
11
5.784049133858268
21
-4.9040077952755903
0
LINE
8
BLACK
6
CONTINUOUS
10
5.784049133858268
20
-4.9040077952755903
11
5.7788299212598426
21
-4.9059544881889758
0
LINE
8
BLACK
6
CONTINUOUS
10
5.7788299212598426
20
-4.9059544881889758
11
5.7743710629921257
21
-4.9092923228346459
0
LINE
8
BLACK
6
CONTINUOUS
10
5.7743710629921257
20
-4.9092923228346459
11
5.7710332283464565
21
-4.9137512204724407
0
LINE
8
BLACK
6
CONTINUOUS
10
5.7710332283464565
20
-4.9137512204724407
11
5.7710331102362202
21
-4.9137513779527557
0
LINE
8
BLACK
6
CONTINUOUS
10
5.7710331102362202
20
-4.9137513779527557
11
5.7690866141732284
21
-4.9189700393700786
0
LINE
8
BLACK
6
CONTINUOUS
10
5.7690866141732284
20
-4.9189700393700786
11
5.7690865354330709
21
-4.9189703543307086
0
LINE
8
BLACK
6
CONTINUOUS
10
5.7690865354330709
20
-4.9189703543307086
11
5.7688385826771649
21
-4.9212768110236222
0
LINE
8
BLACK
6
CONTINUOUS
10
5.7688385826771649
20
-4.9212768110236222
11
5.7688385826771649
21
-4.9476199999999997
0
LINE
8
BLACK
6
CONTINUOUS
10
5.7688385826771649
20
-4.9476199999999997
11
5.7688386614173224
21
-4.9476209448818897
0
LINE
8
BLACK
6
CONTINUOUS
10
5.7688386614173224
20
-4.9476209448818897
11
5.7690865354330709
21
-4.9499272047244096
0
LINE
8
BLACK
6
CONTINUOUS
10
5.7690865354330709
20
-4.9499272047244096
11
5.7690865748031497
21
-4.9499274015748034
0
LINE
8
BLACK
6
CONTINUOUS
10
5.7690865748031497
20
-4.9499274015748034
11
5.7690866141732284
21
-4.9499274409448821
0
LINE
8
BLACK
6
CONTINUOUS
10
5.7690866141732284
20
-4.9499274409448821
11
5.771033149606299
21
-4.95514625984252
0
LINE
8
BLACK
6
CONTINUOUS
10
5.771033149606299
20
-4.95514625984252
11
5.7710331889763777
21
-4.9551462992125987
0
LINE
8
BLACK
6
CONTINUOUS
10
5.7710331889763777
20
-4.9551462992125987
11
5.7710332283464565
21
-4.9551464173228341
0
LINE
8
BLACK
6
CONTINUOUS
10
5.7710332283464565
20
-4.9551464173228341
11
5.7743710629921257
21
-4.9596052755905511
0
LINE
8
BLACK
6
CONTINUOUS
10
5.7743710629921257
20
-4.9596052755905511
11
5.7788299606299214
21
-4.9629431102362203
0
LINE
8
BLACK
6
CONTINUOUS
10
5.7788299606299214
20
-4.9629431102362203
11
5.7788301181102364
21
-4.9629432283464565
0
LINE
8
BLACK
6
CONTINUOUS
10
5.7788301181102364
20
-4.9629432283464565
11
5.7840487795275592
21
-4.9648897244094483
0
LINE
8
BLACK
6
CONTINUOUS
10
5.7840487795275592
20
-4.9648897244094483
11
5.7840490944881893
21
-4.9648898031496058
0
LINE
8
BLACK
6
CONTINUOUS
10
5.7840490944881893
20
-4.9648898031496058
11
5.7852024803149602
21
-4.9650137795275588
0
LINE
8
BLACK
6
CONTINUOUS
10
5.7852024803149602
20
-4.9650137795275588
11
5.786356023622047
21
-4.9651377952755906
0
LINE
8
BLACK
6
CONTINUOUS
10
5.786356023622047
20
-4.9651377952755906
11
5.8079978740157481
21
-4.9651377559055119
0
LINE
8
BLACK
6
CONTINUOUS
10
5.8079978740157481
20
-4.9651377559055119
11
5.8092788188976376
21
-4.9653059842519687
0
LINE
8
BLACK
6
CONTINUOUS
10
5.8092788188976376
20
-4.9653059842519687
11
5.8093244881889765
21
-4.9653182283464563
0
LINE
8
BLACK
6
CONTINUOUS
10
5.8093244881889765
20
-4.9653182283464563
11
5.809327125984252
21
-4.9653198425196852
0
LINE
8
BLACK
6
CONTINUOUS
10
5.809327125984252
20
-4.9653198425196852
11
5.8093273622047246
21
-4.9653190157480314
0
LINE
8
BLACK
6
CONTINUOUS
10
5.8093273622047246
20
-4.9653190157480314
11
5.8123243307086616
21
-4.9661220866141731
0
LINE
8
BLACK
6
CONTINUOUS
10
5.8123243307086616
20
-4.9661220866141731
11
5.8165622047244092
21
-4.9661220866141731
0
LINE
8
BLACK
6
CONTINUOUS
10
5.8165622047244092
20
-4.9661220866141731
11
5.8165628346456693
21
-4.9661220472440943
0
LINE
8
BLACK
6
CONTINUOUS
10
5.8165628346456693
20
-4.9661220472440943
11
5.8507452362204724
21
-4.9661220472440943
0
LINE
8
BLACK
6
CONTINUOUS
10
5.8507452362204724
20
-4.9661220472440943
11
5.8526436614173223
21
-4.9664996850393699
0
LINE
8
BLACK
6
CONTINUOUS
10
5.8526436614173223
20
-4.9664996850393699
11
5.852704566929134
21
-4.9665248818897636
0
LINE
8
BLACK
6
CONTINUOUS
10
5.852704566929134
20
-4.9665248818897636
11
5.8527046850393702
21
-4.9665249606299211
0
LINE
8
BLACK
6
CONTINUOUS
10
5.8527046850393702
20
-4.9665249606299211
11
5.8556272834645666
21
-4.9671062992125981
0
LINE
8
BLACK
6
CONTINUOUS
10
5.8556272834645666
20
-4.9671062992125981
11
5.8910655905511806
21
-4.9671062598425193
0
LINE
8
BLACK
6
CONTINUOUS
10
5.8910655905511806
20
-4.9671062598425193
11
5.8938157480314963
21
-4.966559251968504
0
LINE
8
BLACK
6
CONTINUOUS
10
5.8938157480314963
20
-4.966559251968504
11
5.896599724409449
21
-4.9668083858267718
0
LINE
8
BLACK
6
CONTINUOUS
10
5.896599724409449
20
-4.9668083858267718
11
5.8988070866141733
21
-4.9685231496062991
0
LINE
8
BLACK
6
CONTINUOUS
10
5.8988070866141733
20
-4.9685231496062991
11
5.8997369685039365
21
-4.9711590944881889
0
LINE
8
BLACK
6
CONTINUOUS
10
5.8997369685039365
20
-4.9711590944881889
11
5.8997440944881889
21
-4.9714245669291337
0
LINE
8
BLACK
6
CONTINUOUS
10
5.8997440944881889
20
-4.9714245669291337
11
5.8997440944881889
21
-4.9994119291338581
0
LINE
8
BLACK
6
CONTINUOUS
10
5.8997440944881889
20
-4.9994119291338581
11
5.8997441338582677
21
-4.9994123228346457
0
LINE
8
BLACK
6
CONTINUOUS
10
5.8997441338582677
20
-4.9994123228346457
11
5.9003253937007871
21
-5.0023346456692916
0
LINE
8
BLACK
6
CONTINUOUS
10
5.9003253937007871
20
-5.0023346456692916
11
5.9025400000000001
21
-5.0056489763779526
0
LINE
8
BLACK
6
CONTINUOUS
10
5.9025400000000001
20
-5.0056489763779526
11
5.9058542125984248
21
-5.0078635039370081
0
LINE
8
BLACK
6
CONTINUOUS
10
5.9058542125984248
20
-5.0078635039370081
11
5.9058542913385823
21
-5.0078635433070868
0
LINE
8
BLACK
6
CONTINUOUS
10
5.9058542913385823
20
-5.0078635433070868
11
5.9087768897637796
21
-5.0084448818897638
0
LINE
8
BLACK
6
CONTINUOUS
10
5.9087768897637796
20
-5.0084448818897638
11
5.9442151968503936
21
-5.008444842519685
0
LINE
8
BLACK
6
CONTINUOUS
10
5.9442151968503936
20
-5.008444842519685
11
5.9442153149606298
21
-5.0084448031496063
0
LINE
8
BLACK
6
CONTINUOUS
10
5.9442153149606298
20
-5.0084448031496063
11
5.9442154724409448
21
-5.0084448031496063
0
LINE
8
BLACK
6
CONTINUOUS
10
5.9442154724409448
20
-5.0084448031496063
11
5.9461545669291338
21
-5.0080590944881891
0
LINE
8
BLACK
6
CONTINUOUS
10
5.9461545669291338
20
-5.0080590944881891
11
5.9471378346456696
21
-5.0078635433070868
0
LINE
8
BLACK
6
CONTINUOUS
10
5.9471378346456696
20
-5.0078635433070868
11
5.9504521259842518
21
-5.0056489763779526
0
LINE
8
BLACK
6
CONTINUOUS
10
5.9504521259842518
20
-5.0056489763779526
11
5.952666692913386
21
-5.0023346850393704
0
LINE
8
BLACK
6
CONTINUOUS
10
5.952666692913386
20
-5.0023346850393704
11
5.953248031496063
21
-4.9994120866141731
0
LINE
8
BLACK
6
CONTINUOUS
10
5.953248031496063
20
-4.9994120866141731
11
5.953248031496063
21
-4.9947047244094485
0
LINE
8
BLACK
6
CONTINUOUS
10
5.953248031496063
20
-4.9947047244094485
11
5.9540355118110231
21
-4.9920227952755907
0
LINE
8
BLACK
6
CONTINUOUS
10
5.9540355118110231
20
-4.9920227952755907
11
5.9561479527559058
21
-4.9901923622047244
0
LINE
8
BLACK
6
CONTINUOUS
10
5.9561479527559058
20
-4.9901923622047244
11
5.9582086614173226
21
-4.9897440944881888
0
LINE
8
BLACK
6
CONTINUOUS
10
5.9582086614173226
20
-4.9897440944881888
11
5.9842639370078743
21
-4.9897440944881888
0
LINE
8
BLACK
6
CONTINUOUS
10
5.9842639370078743
20
-4.9897440944881888
11
5.9842645669291334
21
-4.9897441338582675
0
LINE
8
BLACK
6
CONTINUOUS
10
5.9842645669291334
20
-4.9897441338582675
11
5.9845684251968505
21
-4.9897441338582675
0
LINE
8
BLACK
6
CONTINUOUS
10
5.9845684251968505
20
-4.9897441338582675
11
5.9885024015748032
21
-4.9897441338582675
0
LINE
8
BLACK
6
CONTINUOUS
10
5.9885024015748032
20
-4.9897441338582675
11
5.9885024409448819
21
-4.9897441338582675
0
LINE
8
BLACK
6
CONTINUOUS
10
5.9885024409448819
20
-4.9897441338582675
11
5.9914992125984252
21
-4.9889411023622046
0
LINE
8
BLACK
6
CONTINUOUS
10
5.9914992125984252
20
-4.9889411023622046
11
5.9914992913385827
21
-4.9889411023622046
0
LINE
8
BLACK
6
CONTINUOUS
10
5.9914992913385827
20
-4.9889411023622046
11
5.9917932283464568
21
-4.9888622834645666
0
LINE
8
BLACK
6
CONTINUOUS
10
5.9917932283464568
20
-4.9888622834645666
11
5.992302440944882
21
-4.9887259055118109
0
LINE
8
BLACK
6
CONTINUOUS
10
5.992302440944882
20
-4.9887259055118109
11
5.9957094094488186
21
-4.9867588976377952
0
LINE
8
BLACK
6
CONTINUOUS
10
5.9957094094488186
20
-4.9867588976377952
11
5.998491181102362
21
-4.9839771259842518
0
LINE
8
BLACK
6
CONTINUOUS
10
5.998491181102362
20
-4.9839771259842518
11
5.9988993307086611
21
-4.9835689763779527
0
LINE
8
BLACK
6
CONTINUOUS
10
5.9988993307086611
20
-4.9835689763779527
11
5.9988996062992124
21
-4.9835685826771652
0
LINE
8
BLACK
6
CONTINUOUS
10
5.9988996062992124
20
-4.9835685826771652
11
6.0110488976377949
21
-4.9714192913385826
0
LINE
8
BLACK
6
CONTINUOUS
10
6.0110488976377949
20
-4.9714192913385826
11
6.0110492913385825
21
-4.9714190157480314
0
LINE
8
BLACK
6
CONTINUOUS
10
6.0110492913385825
20
-4.9714190157480314
11
6.0142389763779525
21
-4.9682293307086614
0
LINE
8
BLACK
6
CONTINUOUS
10
6.0142389763779525
20
-4.9682293307086614
11
6.014239212598425
21
-4.9682290944881888
0
LINE
8
BLACK
6
CONTINUOUS
10
6.014239212598425
20
-4.9682290944881888
11
6.0153780708661415
21
-4.9662564566929133
0
LINE
8
BLACK
6
CONTINUOUS
10
6.0153780708661415
20
-4.9662564566929133
11
6.0174009448818895
21
-4.9643276377952752
0
LINE
8
BLACK
6
CONTINUOUS
10
6.0174009448818895
20
-4.9643276377952752
11
6.0179401181102357
21
-4.9640890944881892
0
LINE
8
BLACK
6
CONTINUOUS
10
6.0179401181102357
20
-4.9640890944881892
11
6.0210124015748034
21
-4.9629432283464565
0
LINE
8
BLACK
6
CONTINUOUS
10
6.0210124015748034
20
-4.9629432283464565
11
6.0254714173228345
21
-4.9596052755905511
0
LINE
8
BLACK
6
CONTINUOUS
10
6.0254714173228345
20
-4.9596052755905511
11
6.02880937007874
21
-4.95514625984252
0
LINE
8
BLACK
6
CONTINUOUS
10
6.02880937007874
20
-4.95514625984252
11
6.0307559055118105
21
-4.9499274409448821
0
LINE
8
BLACK
6
CONTINUOUS
10
6.0307559055118105
20
-4.9499274409448821
11
6.0310038976377953
21
-4.9476209448818897
0
LINE
8
BLACK
6
CONTINUOUS
10
6.0310038976377953
20
-4.9476209448818897
11
6.0310038976377953
21
-4.9476207874015747
0
LINE
8
BLACK
6
CONTINUOUS
10
6.0310038976377953
20
-4.9476207874015747
11
6.0310038976377953
21
-4.9476207086614172
0
LINE
8
BLACK
6
CONTINUOUS
10
6.0310038976377953
20
-4.9476207086614172
11
6.0310039370078741
21
-4.9476203543307085
0
LINE
8
BLACK
6
CONTINUOUS
10
6.0310039370078741
20
-4.9476203543307085
11
6.0310038976377953
21
-4.9212773228346451
0
LINE
8
BLACK
6
CONTINUOUS
10
6.0310038976377953
20
-4.9212773228346451
11
6.0307559055118105
21
-4.9189703543307086
0
LINE
8
BLACK
6
CONTINUOUS
10
6.0307559055118105
20
-4.9189703543307086
11
6.0307559055118105
21
-4.9189703149606299
0
LINE
8
BLACK
6
CONTINUOUS
10
6.0307559055118105
20
-4.9189703149606299
11
6.0307559055118105
21
-4.9189701968503936
0
LINE
8
BLACK
6
CONTINUOUS
10
6.0307559055118105
20
-4.9189701968503936
11
6.02880937007874
21
-4.9137513779527557
0
LINE
8
BLACK
6
CONTINUOUS
10
6.02880937007874
20
-4.9137513779527557
11
6.0288092519685037
21
-4.9137512204724407
0
LINE
8
BLACK
6
CONTINUOUS
10
6.0288092519685037
20
-4.9137512204724407
11
6.0288092519685037
21
-4.913751181102362
0
LINE
8
BLACK
6
CONTINUOUS
10
6.0288092519685037
20
-4.913751181102362
11
6.0254714173228345
21
-4.9092923228346459
0
LINE
8
BLACK
6
CONTINUOUS
10
6.0254714173228345
20
-4.9092923228346459
11
6.0210125196850388
21
-4.9059544881889758
0
LINE
8
BLACK
6
CONTINUOUS
10
6.0210125196850388
20
-4.9059544881889758
11
6.0210123622047247
21
-4.9059543700787405
0
LINE
8
BLACK
6
CONTINUOUS
10
6.0210123622047247
20
-4.9059543700787405
11
6.0157937007874018
21
-4.9040078740157478
0
LINE
8
BLACK
6
CONTINUOUS
10
6.0157937007874018
20
-4.9040078740157478
11
6.0157933858267718
21
-4.9040077952755903
0
LINE
8
BLACK
6
CONTINUOUS
10
6.0157933858267718
20
-4.9040077952755903
11
6.0134869291338582
21
-4.9037598425196851
0
LINE
8
BLACK
6
CONTINUOUS
10
6.0134869291338582
20
-4.9037598425196851
11
6.0134864960629919
21
-4.9037598425196851
0
LINE
8
BLACK
6
CONTINUOUS
10
6.0134864960629919
20
-4.9037598425196851
11
5.9947788976377954
21
-4.9037598425196851
0
LINE
8
BLACK
6
CONTINUOUS
10
5.9947788976377954
20
-4.9037598425196851
11
5.9920969685039367
21
-4.9029723622047241
0
LINE
8
BLACK
6
CONTINUOUS
10
5.9920969685039367
20
-4.9029723622047241
11
5.9912712204724405
21
-4.9023068897637794
0
LINE
8
BLACK
6
CONTINUOUS
10
5.9912712204724405
20
-4.9023068897637794
11
5.9261576771653539
21
-4.8371933464566927
0
LINE
8
BLACK
6
CONTINUOUS
10
5.9261576771653539
20
-4.8371933464566927
11
5.9248180708661415
21
-4.8347401181102363
0
LINE
8
BLACK
6
CONTINUOUS
10
5.9248180708661415
20
-4.8347401181102363
11
5.9247047244094491
21
-4.8336856692913388
0
LINE
8
BLACK
6
CONTINUOUS
10
5.9247047244094491
20
-4.8336856692913388
11
5.9247047244094491
21
-4.7608445275590547
0
LINE
8
BLACK
6
CONTINUOUS
10
5.9247047244094491
20
-4.7608445275590547
11
5.9246221259842518
21
-4.7606451181102365
0
LINE
8
BLACK
6
CONTINUOUS
10
5.9246221259842518
20
-4.7606451181102365
11
5.9245275590551181
21
-4.7596850393700789
0
LINE
8
BLACK
6
CONTINUOUS
10
5.9245275590551181
20
-4.7596850393700789
11
5.9245275590551181
21
-4.7080118110236215
0
LINE
8
BLACK
6
CONTINUOUS
10
5.9245275590551181
20
-4.7080118110236215
11
5.9245275590551181
21
-4.6942322834645669
0
LINE
8
BLACK
6
CONTINUOUS
10
5.9245275590551181
20
-4.6942322834645669
11
5.9245275590551181
21
-4.6914241338582672
0
LINE
8
BLACK
6
CONTINUOUS
10
5.9245275590551181
20
-4.6914241338582672
11
5.9244654330708659
21
-4.6909523622047242
0
LINE
8
BLACK
6
CONTINUOUS
10
5.9244654330708659
20
-4.6909523622047242
11
5.9244654330708659
21
-4.6909523228346455
0
LINE
8
BLACK
6
CONTINUOUS
10
5.9244654330708659
20
-4.6909523228346455
11
5.9226053937007874
21
-4.6869634251968506
0
LINE
8
BLACK
6
CONTINUOUS
10
5.9226053937007874
20
-4.6869634251968506
11
5.9226053149606299
21
-4.6869633464566931
0
LINE
8
BLACK
6
CONTINUOUS
10
5.9226053149606299
20
-4.6869633464566931
11
5.9226053149606299
21
-4.6869633070866143
0
LINE
8
BLACK
6
CONTINUOUS
10
5.9226053149606299
20
-4.6869633070866143
11
5.9194933464566928
21
-4.6838513385826772
0
LINE
8
BLACK
6
CONTINUOUS
10
5.9194933464566928
20
-4.6838513385826772
11
5.9174818897637795
21
-4.6829133858267715
0
LINE
8
BLACK
6
CONTINUOUS
10
5.9174818897637795
20
-4.6829133858267715
11
5.9020456299212594
21
-4.6829133858267715
0
LINE
8
BLACK
6
CONTINUOUS
10
6.1929301968503934
20
-4.5112796062992127
11
6.1906239370078735
21
-4.5115274803149603
0
LINE
8
BLACK
6
CONTINUOUS
10
6.1906239370078735
20
-4.5115274803149603
11
6.185404724409449
21
-4.5134741732283468
0
LINE
8
BLACK
6
CONTINUOUS
10
6.185404724409449
20
-4.5134741732283468
11
6.180945866141732
21
-4.5168120078740159
0
LINE
8
BLACK
6
CONTINUOUS
10
6.180945866141732
20
-4.5168120078740159
11
6.1776080314960629
21
-4.5212709055118108
0
LINE
8
BLACK
6
CONTINUOUS
10
6.1776080314960629
20
-4.5212709055118108
11
6.1776079133858266
21
-4.5212710629921258
0
LINE
8
BLACK
6
CONTINUOUS
10
6.1776079133858266
20
-4.5212710629921258
11
6.1756614173228348
21
-4.5264897244094486
0
LINE
8
BLACK
6
CONTINUOUS
10
6.1756614173228348
20
-4.5264897244094486
11
6.1756613385826773
21
-4.5264900393700787
0
LINE
8
BLACK
6
CONTINUOUS
10
6.1756613385826773
20
-4.5264900393700787
11
6.1754133858267712
21
-4.5287964960629923
0
LINE
8
BLACK
6
CONTINUOUS
10
6.1754133858267712
20
-4.5287964960629923
11
6.1754062992125984
21
-4.5289294881889761
0
LINE
8
BLACK
6
CONTINUOUS
10
6.1754062992125984
20
-4.5289294881889761
11
6.1753642125984252
21
-4.5289272047244093
0
LINE
8
BLACK
6
CONTINUOUS
10
6.1753642125984252
20
-4.5289272047244093
11
6.1746259055118111
21
-4.5314417716535429
0
LINE
8
BLACK
6
CONTINUOUS
10
6.1746259055118111
20
-4.5314417716535429
11
6.1725134645669293
21
-4.5332722047244092
0
LINE
8
BLACK
6
CONTINUOUS
10
6.1725134645669293
20
-4.5332722047244092
11
6.1704527559055116
21
-4.5337204724409448
0
LINE
8
BLACK
6
CONTINUOUS
10
6.1704527559055116
20
-4.5337204724409448
11
6.1558101574803148
21
-4.5337204724409448
0
LINE
8
BLACK
6
CONTINUOUS
10
6.1558101574803148
20
-4.5337204724409448
11
6.1535581102362205
21
-4.533179803149606
0
LINE
8
BLACK
6
CONTINUOUS
10
6.1535581102362205
20
-4.533179803149606
11
6.1529290551181104
21
-4.5328592913385828
0
LINE
8
BLACK
6
CONTINUOUS
10
6.1529290551181104
20
-4.5328592913385828
11
6.1522942519685042
21
-4.5325358267716531
0
LINE
8
BLACK
6
CONTINUOUS
10
6.1522942519685042
20
-4.5325358267716531
11
6.151552952755905
21
-4.53241842519685
0
LINE
8
BLACK
6
CONTINUOUS
10
6.151552952755905
20
-4.53241842519685
11
6.1485880708661416
21
-4.5319488188976376
0
LINE
8
BLACK
6
CONTINUOUS
10
6.1485880708661416
20
-4.5319488188976376
11
6.1485879133858266
21
-4.5319488188976376
0
LINE
8
BLACK
6
CONTINUOUS
10
6.1485879133858266
20
-4.5319488188976376
11
6.1325143700787397
21
-4.5319488188976376
0
LINE
8
BLACK
6
CONTINUOUS
10
6.1325143700787397
20
-4.5319488188976376
11
6.1288081496062992
21
-4.5325357874015744
0
LINE
8
BLACK
6
CONTINUOUS
10
6.1288081496062992
20
-4.5325357874015744
11
6.1242510629921254
21
-4.5348577165354333
0
LINE
8
BLACK
6
CONTINUOUS
10
6.1242510629921254
20
-4.5348577165354333
11
6.123102874015748
21
-4.5352740157480316
0
LINE
8
BLACK
6
CONTINUOUS
10
6.123102874015748
20
-4.5352740157480316
11
6.1143638582677164
21
-4.5372686614173228
0
LINE
8
BLACK
6
CONTINUOUS
10
6.1143638582677164
20
-4.5372686614173228
11
6.1043516929133856
21
-4.5407720866141732
0
LINE
8
BLACK
6
CONTINUOUS
10
6.1043516929133856
20
-4.5407720866141732
11
6.0947941338582678
21
-4.5453748425196849
0
LINE
8
BLACK
6
CONTINUOUS
10
6.0947941338582678
20
-4.5453748425196849
11
6.0947940551181103
21
-4.5453748818897637
0
LINE
8
BLACK
6
CONTINUOUS
10
6.0947940551181103
20
-4.5453748818897637
11
6.0858124015748034
21
-4.5510184251968502
0
LINE
8
BLACK
6
CONTINUOUS
10
6.0858124015748034
20
-4.5510184251968502
11
6.0775188188976372
21
-4.5576323622047239
0
LINE
8
BLACK
6
CONTINUOUS
10
6.0775188188976372
20
-4.5576323622047239
11
6.0765681496062989
21
-4.5585830708661419
0
LINE
8
BLACK
6
CONTINUOUS
10
6.0765681496062989
20
-4.5585830708661419
11
6.0756174409448818
21
-4.559533779527559
0
LINE
8
BLACK
6
CONTINUOUS
10
6.0756174409448818
20
-4.559533779527559
11
6.075617401574803
21
-4.5595338188976378
0
LINE
8
BLACK
6
CONTINUOUS
10
6.075617401574803
20
-4.5595338188976378
11
6.0715043307086614
21
-4.5636468897637794
0
LINE
8
BLACK
6
CONTINUOUS
10
6.0715043307086614
20
-4.5636468897637794
11
6.0619054330708657
21
-4.5732457874015751
0
LINE
8
BLACK
6
CONTINUOUS
10
6.0619054330708657
20
-4.5732457874015751
11
6.034106338582677
21
-4.601044842519685
0
LINE
8
BLACK
6
CONTINUOUS
10
6.034106338582677
20
-4.601044842519685
11
6.0341061417322832
21
-4.6010450787401576
0
LINE
8
BLACK
6
CONTINUOUS
10
6.0341061417322832
20
-4.6010450787401576
11
6.0321296850393695
21
-4.6044685039370075
0
LINE
8
BLACK
6
CONTINUOUS
10
6.0321296850393695
20
-4.6044685039370075
11
6.0301067716535428
21
-4.6063973622047243
0
LINE
8
BLACK
6
CONTINUOUS
10
6.0301067716535428
20
-4.6063973622047243
11
6.0278336614173229
21
-4.6069488188976377
0
LINE
8
BLACK
6
CONTINUOUS
10
6.0278336614173229
20
-4.6069488188976377
11
5.994633346456693
21
-4.6069488188976377
0
LINE
8
BLACK
6
CONTINUOUS
10
5.994633346456693
20
-4.6069488188976377
11
5.9919514173228343
21
-4.6061613385826767
0
LINE
8
BLACK
6
CONTINUOUS
10
5.9919514173228343
20
-4.6061613385826767
11
5.9919129133858267
21
-4.6061168897637792
0
LINE
8
BLACK
6
CONTINUOUS
10
5.9919129133858267
20
-4.6061168897637792
11
5.9917202362204725
21
-4.6064052755905509
0
LINE
8
BLACK
6
CONTINUOUS
10
5.9917202362204725
20
-4.6064052755905509
11
5.9909219685039368
21
-4.6069386614173231
0
LINE
8
BLACK
6
CONTINUOUS
10
5.9909219685039368
20
-4.6069386614173231
11
5.9899803149606301
21
-4.6071259842519687
0
LINE
8
BLACK
6
CONTINUOUS
10
5.9899803149606301
20
-4.6071259842519687
11
5.9624212598425199
21
-4.6071259842519687
0
LINE
8
BLACK
6
CONTINUOUS
10
5.9624212598425199
20
-4.6071259842519687
11
5.9596131102362202
21
-4.6071259842519687
0
LINE
8
BLACK
6
CONTINUOUS
10
5.9596131102362202
20
-4.6071259842519687
11
5.9591413385826772
21
-4.6071880708661412
0
LINE
8
BLACK
6
CONTINUOUS
10
5.9591413385826772
20
-4.6071880708661412
11
5.9551522834645665
21
-4.6090481889763781
0
LINE
8
BLACK
6
CONTINUOUS
10
5.9551522834645665
20
-4.6090481889763781
11
5.9520403149606294
21
-4.6121601574803153
0
LINE
8
BLACK
6
CONTINUOUS
10
5.9520403149606294
20
-4.6121601574803153
11
5.9511023622047245
21
-4.6141715748031498
0
LINE
8
BLACK
6
CONTINUOUS
10
5.9511023622047245
20
-4.6141715748031498
11
5.9511023622047245
21
-4.6296079133858266
0
LINE
8
BLACK
6
CONTINUOUS
10
5.9511023622047245
20
-4.6296079133858266
11
5.9511153937007872
21
-4.6296358661417321
0
LINE
8
BLACK
6
CONTINUOUS
10
5.9511153937007872
20
-4.6296358661417321
11
5.9515351181102361
21
-4.632399291338583
0
LINE
8
BLACK
6
CONTINUOUS
10
5.9515351181102361
20
-4.632399291338583
11
5.9511153937007872
21
-4.6338287007874017
0
LINE
8
BLACK
6
CONTINUOUS
10
5.9511153937007872
20
-4.6338287007874017
11
5.9511023622047245
21
-4.6338566141732285
0
LINE
8
BLACK
6
CONTINUOUS
10
5.9511023622047245
20
-4.6338566141732285
11
5.9511023622047245
21
-4.6492929527559053
0
LINE
8
BLACK
6
CONTINUOUS
10
5.9511023622047245
20
-4.6492929527559053
11
5.9511153937007872
21
-4.6493209055118108
0
LINE
8
BLACK
6
CONTINUOUS
10
5.9511153937007872
20
-4.6493209055118108
11
5.9515351181102361
21
-4.6520843307086617
0
LINE
8
BLACK
6
CONTINUOUS
10
5.9515351181102361
20
-4.6520843307086617
11
5.9511153937007872
21
-4.6535137401574804
0
LINE
8
BLACK
6
CONTINUOUS
10
5.9511153937007872
20
-4.6535137401574804
11
5.9511023622047245
21
-4.6535416535433072
0
LINE
8
BLACK
6
CONTINUOUS
10
5.9511023622047245
20
-4.6535416535433072
11
5.9511023622047245
21
-4.668977992125984
0
LINE
8
BLACK
6
CONTINUOUS
10
5.9511023622047245
20
-4.668977992125984
11
5.9511153937007872
21
-4.6690059448818895
0
LINE
8
BLACK
6
CONTINUOUS
10
5.9511153937007872
20
-4.6690059448818895
11
5.9515351181102361
21
-4.6717693700787404
0
LINE
8
BLACK
6
CONTINUOUS
10
5.9515351181102361
20
-4.6717693700787404
11
5.9511153937007872
21
-4.6731987795275591
0
LINE
8
BLACK
6
CONTINUOUS
10
5.9511153937007872
20
-4.6731987795275591
11
5.9510482677165353
21
-4.6733426377952751
0
LINE
8
BLACK
6
CONTINUOUS
10
5.9510482677165353
20
-4.6733426377952751
11
5.9503531496062987
21
-4.6768374409448814
0
LINE
8
BLACK
6
CONTINUOUS
10
5.9503531496062987
20
-4.6768374409448814
11
5.949655787401575
21
-4.6778810629921255
0
LINE
8
BLACK
6
CONTINUOUS
10
5.949655787401575
20
-4.6778810629921255
11
5.9489728740157481
21
-4.6797451968503934
0
LINE
8
BLACK
6
CONTINUOUS
10
5.9489728740157481
20
-4.6797451968503934
11
5.9467449999999999
21
-4.6814332283464566
0
LINE
8
BLACK
6
CONTINUOUS
10
5.9467449999999999
20
-4.6814332283464566
11
5.9458188188976377
21
-4.68163468503937
0
LINE
8
BLACK
6
CONTINUOUS
10
5.9458188188976377
20
-4.68163468503937
11
5.9450264173228344
21
-4.6821641732283465
0
LINE
8
BLACK
6
CONTINUOUS
10
5.9450264173228344
20
-4.6821641732283465
11
5.9415316141732282
21
-4.6828592913385823
0
LINE
8
BLACK
6
CONTINUOUS
10
5.9415316141732282
20
-4.6828592913385823
11
5.9394042519685035
21
-4.6838513385826772
0
LINE
8
BLACK
6
CONTINUOUS
10
5.9394042519685035
20
-4.6838513385826772
11
5.9362922834645664
21
-4.6869633070866143
0
LINE
8
BLACK
6
CONTINUOUS
10
5.9362922834645664
20
-4.6869633070866143
11
5.9344321653543304
21
-4.6909523622047242
0
LINE
8
BLACK
6
CONTINUOUS
10
5.9344321653543304
20
-4.6909523622047242
11
5.934370078740157
21
-4.6914241338582672
0
LINE
8
BLACK
6
CONTINUOUS
10
5.934370078740157
20
-4.6914241338582672
11
5.934370078740157
21
-4.6942322834645669
0
LINE
8
BLACK
6
CONTINUOUS
10
5.934370078740157
20
-4.6942322834645669
11
5.934370078740157
21
-4.7080118110236215
0
LINE
8
BLACK
6
CONTINUOUS
10
5.934370078740157
20
-4.7080118110236215
11
5.934370078740157
21
-4.7427532677165356
0
LINE
8
BLACK
6
CONTINUOUS
10
5.934370078740157
20
-4.7427532677165356
11
5.9344250393700788
21
-4.7428388188976376
0
LINE
8
BLACK
6
CONTINUOUS
10
5.9344250393700788
20
-4.7428388188976376
11
5.9344566535433065
21
-4.7429514566929134
0
LINE
8
BLACK
6
CONTINUOUS
10
5.9344566535433065
20
-4.7429514566929134
11
5.9346824015748032
21
-4.7437938188976378
0
LINE
8
BLACK
6
CONTINUOUS
10
5.9346824015748032
20
-4.7437938188976378
11
5.9348977952755906
21
-4.7445976771653546
0
LINE
8
BLACK
6
CONTINUOUS
10
5.9348977952755906
20
-4.7445976771653546
11
5.9352111417322835
21
-4.745767165354331
0
LINE
8
BLACK
6
CONTINUOUS
10
5.9352111417322835
20
-4.745767165354331
11
5.9371779921259842
21
-4.7491738188976376
0
LINE
8
BLACK
6
CONTINUOUS
10
5.9371779921259842
20
-4.7491738188976376
11
5.9371783070866142
21
-4.7491742125984251
0
LINE
8
BLACK
6
CONTINUOUS
10
5.9371783070866142
20
-4.7491742125984251
11
5.9402423622047245
21
-4.7522382677165353
0
LINE
8
BLACK
6
CONTINUOUS
10
5.9402423622047245
20
-4.7522382677165353
11
5.940242913385827
21
-4.7522387401574804
0
LINE
8
BLACK
6
CONTINUOUS
10
5.940242913385827
20
-4.7522387401574804
11
5.9553167322834648
21
-4.7673125590551182
0
LINE
8
BLACK
6
CONTINUOUS
10
5.9553167322834648
20
-4.7673125590551182
11
5.9566563385826772
21
-4.7697657874015746
0
LINE
8
BLACK
6
CONTINUOUS
10
5.9566563385826772
20
-4.7697657874015746
11
5.9567272440944876
21
-4.7701727165354333
0
LINE
8
BLACK
6
CONTINUOUS
10
5.9567272440944876
20
-4.7701727165354333
11
5.9573925590551182
21
-4.7752264566929137
0
LINE
8
BLACK
6
CONTINUOUS
10
5.9573925590551182
20
-4.7752264566929137
11
5.9595922834645672
21
-4.7805370472440947
0
LINE
8
BLACK
6
CONTINUOUS
10
5.9595922834645672
20
-4.7805370472440947
11
5.9595924803149609
21
-4.7805373622047247
0
LINE
8
BLACK
6
CONTINUOUS
10
5.9595924803149609
20
-4.7805373622047247
11
5.9630915354330707
21
-4.7850974015748031
0
LINE
8
BLACK
6
CONTINUOUS
10
5.9630915354330707
20
-4.7850974015748031
11
5.9670983858267714
21
-4.7881719685039368
0
LINE
8
BLACK
6
CONTINUOUS
10
5.9670983858267714
20
-4.7881719685039368
11
5.9676518503937004
21
-4.7885966535433067
0
LINE
8
BLACK
6
CONTINUOUS
10
5.9676518503937004
20
-4.7885966535433067
11
5.9729624409448814
21
-4.7907963779527556
0
LINE
8
BLACK
6
CONTINUOUS
10
5.9729624409448814
20
-4.7907963779527556
11
5.9786614173228347
21
-4.7915466535433069
0
LINE
8
BLACK
6
CONTINUOUS
10
5.9786614173228347
20
-4.7915466535433069
11
5.9843603937007872
21
-4.7907963779527556
0
LINE
8
BLACK
6
CONTINUOUS
10
5.9843603937007872
20
-4.7907963779527556
11
5.9896709842519682
21
-4.7885966535433067
0
LINE
8
BLACK
6
CONTINUOUS
10
5.9896709842519682
20
-4.7885966535433067
11
5.9942312598425191
21
-4.7850974015748031
0
LINE
8
BLACK
6
CONTINUOUS
10
5.9942312598425191
20
-4.7850974015748031
11
5.9977305118110236
21
-4.7805371259842522
0
LINE
8
BLACK
6
CONTINUOUS
10
5.9977305118110236
20
-4.7805371259842522
11
5.9999302362204725
21
-4.7752265354330712
0
LINE
8
BLACK
6
CONTINUOUS
10
5.9999302362204725
20
-4.7752265354330712
11
6.0006805118110238
21
-4.7695275590551178
0
LINE
8
BLACK
6
CONTINUOUS
10
6.0006805118110238
20
-4.7695275590551178
11
5.9999302362204725
21
-4.7638285826771654
0
LINE
8
BLACK
6
CONTINUOUS
10
5.9999302362204725
20
-4.7638285826771654
11
5.9977305118110236
21
-4.7585180314960631
0
LINE
8
BLACK
6
CONTINUOUS
10
5.9977305118110236
20
-4.7585180314960631
11
5.9942312598425191
21
-4.7539577165354325
0
LINE
8
BLACK
6
CONTINUOUS
10
5.9942312598425191
20
-4.7539577165354325
11
5.9942311811023616
21
-4.7539576377952759
0
LINE
8
BLACK
6
CONTINUOUS
10
5.9942311811023616
20
-4.7539576377952759
11
5.9942311417322829
21
-4.7539575984251972
0
LINE
8
BLACK
6
CONTINUOUS
10
5.9942311417322829
20
-4.7539575984251972
11
5.9896712204724407
21
-4.750458622047244
0
LINE
8
BLACK
6
CONTINUOUS
10
5.9896712204724407
20
-4.750458622047244
11
5.9896709055118107
21
-4.7504584251968502
0
LINE
8
BLACK
6
CONTINUOUS
10
5.9896709055118107
20
-4.7504584251968502
11
5.9843603149606297
21
-4.7482587007874013
0
LINE
8
BLACK
6
CONTINUOUS
10
5.9843603149606297
20
-4.7482587007874013
11
5.9793065748031493
21
-4.7475933858267716
0
LINE
8
BLACK
6
CONTINUOUS
10
5.9793065748031493
20
-4.7475933858267716
11
5.9767503937007875
21
-4.7464625590551179
0
LINE
8
BLACK
6
CONTINUOUS
10
5.9767503937007875
20
-4.7464625590551179
11
5.9764464173228342
21
-4.7461828740157479
0
LINE
8
BLACK
6
CONTINUOUS
10
5.9764464173228342
20
-4.7461828740157479
11
5.9655277559055113
21
-4.735264212598425
0
LINE
8
BLACK
6
CONTINUOUS
10
5.9655277559055113
20
-4.735264212598425
11
5.9641881496062989
21
-4.7328109842519686
0
LINE
8
BLACK
6
CONTINUOUS
10
5.9641881496062989
20
-4.7328109842519686
11
5.9640748031496065
21
-4.7317565354330711
0
LINE
8
BLACK
6
CONTINUOUS
10
5.9640748031496065
20
-4.7317565354330711
11
5.9640748031496065
21
-4.7091232677165351
0
LINE
8
BLACK
6
CONTINUOUS
10
5.9640748031496065
20
-4.7091232677165351
11
5.9648622834645666
21
-4.7064413385826773
0
LINE
8
BLACK
6
CONTINUOUS
10
5.9648622834645666
20
-4.7064413385826773
11
5.9669747244094484
21
-4.704610905511811
0
LINE
8
BLACK
6
CONTINUOUS
10
5.9669747244094484
20
-4.704610905511811
11
5.9697414173228349
21
-4.7042131102362204
0
LINE
8
BLACK
6
CONTINUOUS
10
5.9697414173228349
20
-4.7042131102362204
11
5.972283937007874
21
-4.7053742913385825
0
LINE
8
BLACK
6
CONTINUOUS
10
5.972283937007874
20
-4.7053742913385825
11
5.9725424803149609
21
-4.7056149606299211
0
LINE
8
BLACK
6
CONTINUOUS
10
5.9725424803149609
20
-4.7056149606299211
11
6.021853307086614
21
-4.7549258267716539
0
LINE
8
BLACK
6
CONTINUOUS
10
6.021853307086614
20
-4.7549258267716539
11
6.0223924015748027
21
-4.755410078740157
0
LINE
8
BLACK
6
CONTINUOUS
10
6.0223924015748027
20
-4.755410078740157
11
6.0228107480314961
21
-4.755785866141732
0
LINE
8
BLACK
6
CONTINUOUS
10
6.0228107480314961
20
-4.755785866141732
11
6.0228113779527561
21
-4.7557864173228346
0
LINE
8
BLACK
6
CONTINUOUS
10
6.0228113779527561
20
-4.7557864173228346
11
6.0236357480314959
21
-4.7564507874015751
0
LINE
8
BLACK
6
CONTINUOUS
10
6.0236357480314959
20
-4.7564507874015751
11
6.0236366141732285
21
-4.756451456692913
0
LINE
8
BLACK
6
CONTINUOUS
10
6.0236366141732285
20
-4.756451456692913
11
6.0238552362204727
21
-4.7566235433070867
0
LINE
8
BLACK
6
CONTINUOUS
10
6.0238552362204727
20
-4.7566235433070867
11
6.0277952755905506
21
-4.7586268897637796
0
LINE
8
BLACK
6
CONTINUOUS
10
6.0277952755905506
20
-4.7586268897637796
11
6.0304772047244093
21
-4.7594143700787397
0
LINE
8
BLACK
6
CONTINUOUS
10
6.0304772047244093
20
-4.7594143700787397
11
6.0304775590551181
21
-4.7594144094488184
0
LINE
8
BLACK
6
CONTINUOUS
10
6.0304775590551181
20
-4.7594144094488184
11
6.0304776771653543
21
-4.7594144488188972
0
LINE
8
BLACK
6
CONTINUOUS
10
6.0304776771653543
20
-4.7594144488188972
11
6.0338654724409446
21
-4.7599015354330705
0
LINE
8
BLACK
6
CONTINUOUS
10
6.0338654724409446
20
-4.7599015354330705
11
6.0338656692913384
21
-4.7599015748031492
0
LINE
8
BLACK
6
CONTINUOUS
10
6.0338656692913384
20
-4.7599015748031492
11
6.0338657480314959
21
-4.7599015748031492
0
LINE
8
BLACK
6
CONTINUOUS
10
6.0338657480314959
20
-4.7599015748031492
11
6.0513870078740153
21
-4.7599015748031492
0
LINE
8
BLACK
6
CONTINUOUS
10
6.0513870078740153
20
-4.7599015748031492
11
6.0513875590551178
21
-4.7599015748031492
0
LINE
8
BLACK
6
CONTINUOUS
10
6.0513875590551178
20
-4.7599015748031492
11
6.0521258661417319
21
-4.7598788976377948
0
LINE
8
BLACK
6
CONTINUOUS
10
6.0521258661417319
20
-4.7598788976377948
11
6.0527333858267713
21
-4.759841535433071
0
LINE
8
BLACK
6
CONTINUOUS
10
6.0527333858267713
20
-4.759841535433071
11
6.0567713779527557
21
-4.7588751574803148
0
LINE
8
BLACK
6
CONTINUOUS
10
6.0567713779527557
20
-4.7588751574803148
11
6.0590559842519687
21
-4.7578866141732279
0
LINE
8
BLACK
6
CONTINUOUS
10
6.0590559842519687
20
-4.7578866141732279
11
6.059451456692913
21
-4.7577155118110239
0
LINE
8
BLACK
6
CONTINUOUS
10
6.059451456692913
20
-4.7577155118110239
11
6.0594708267716531
21
-4.7577603149606302
0
LINE
8
BLACK
6
CONTINUOUS
10
6.0594708267716531
20
-4.7577603149606302
11
6.0614303937007872
21
-4.7573031496062992
0
LINE
8
BLACK
6
CONTINUOUS
10
6.0614303937007872
20
-4.7573031496062992
11
6.1189835433070865
21
-4.7573031496062992
0
LINE
8
BLACK
6
CONTINUOUS
10
6.1189835433070865
20
-4.7573031496062992
11
6.1216654724409452
21
-4.7580906299212593
0
LINE
8
BLACK
6
CONTINUOUS
10
6.1216654724409452
20
-4.7580906299212593
11
6.1234959055118106
21
-4.760203070866142
0
LINE
8
BLACK
6
CONTINUOUS
10
6.1234959055118106
20
-4.760203070866142
11
6.1238937007874013
21
-4.7629697637795276
0
LINE
8
BLACK
6
CONTINUOUS
10
6.1238937007874013
20
-4.7629697637795276
11
6.1227325196850391
21
-4.7655122834645667
0
LINE
8
BLACK
6
CONTINUOUS
10
6.1227325196850391
20
-4.7655122834645667
11
6.1216275590551179
21
-4.766402716535433
0
LINE
8
BLACK
6
CONTINUOUS
10
6.1216275590551179
20
-4.766402716535433
11
6.1216338188976378
21
-4.7664110629921259
0
LINE
8
BLACK
6
CONTINUOUS
10
6.1216338188976378
20
-4.7664110629921259
11
6.1214007086614171
21
-4.7665855118110239
0
LINE
8
BLACK
6
CONTINUOUS
10
6.1214007086614171
20
-4.7665855118110239
11
6.1213608661417318
21
-4.7666176771653541
0
LINE
8
BLACK
6
CONTINUOUS
10
6.1213608661417318
20
-4.7666176771653541
11
6.1213495669291333
21
-4.7666238188976378
0
LINE
8
BLACK
6
CONTINUOUS
10
6.1213495669291333
20
-4.7666238188976378
11
6.116890748031496
21
-4.7699616141732282
0
LINE
8
BLACK
6
CONTINUOUS
10
6.116890748031496
20
-4.7699616141732282
11
6.1135529133858268
21
-4.7744205118110239
0
LINE
8
BLACK
6
CONTINUOUS
10
6.1135529133858268
20
-4.7744205118110239
11
6.1135527952755906
21
-4.7744206692913389
0
LINE
8
BLACK
6
CONTINUOUS
10
6.1135527952755906
20
-4.7744206692913389
11
6.1116062992125979
21
-4.7796393307086609
0
LINE
8
BLACK
6
CONTINUOUS
10
6.1116062992125979
20
-4.7796393307086609
11
6.1116062204724404
21
-4.7796396456692909
0
LINE
8
BLACK
6
CONTINUOUS
10
6.1116062204724404
20
-4.7796396456692909
11
6.1113582677165352
21
-4.7819461023622045
0
LINE
8
BLACK
6
CONTINUOUS
10
6.1113582677165352
20
-4.7819461023622045
11
6.1113582677165352
21
-4.8043522834645671
0
LINE
8
BLACK
6
CONTINUOUS
10
6.1113582677165352
20
-4.8043522834645671
11
6.1113583464566927
21
-4.8043532283464563
0
LINE
8
BLACK
6
CONTINUOUS
10
6.1113583464566927
20
-4.8043532283464563
11
6.1116062204724404
21
-4.8066594881889761
0
LINE
8
BLACK
6
CONTINUOUS
10
6.1116062204724404
20
-4.8066594881889761
11
6.1116062598425192
21
-4.8066596850393699
0
LINE
8
BLACK
6
CONTINUOUS
10
6.1116062598425192
20
-4.8066596850393699
11
6.1116062992125979
21
-4.8066597244094487
0
LINE
8
BLACK
6
CONTINUOUS
10
6.1116062992125979
20
-4.8066597244094487
11
6.1135528346456693
21
-4.8118785433070865
0
LINE
8
BLACK
6
CONTINUOUS
10
6.1135528346456693
20
-4.8118785433070865
11
6.1135528740157481
21
-4.8118785826771653
0
LINE
8
BLACK
6
CONTINUOUS
10
6.1135528740157481
20
-4.8118785826771653
11
6.1135529133858268
21
-4.8118787007874015
0
LINE
8
BLACK
6
CONTINUOUS
10
6.1135529133858268
20
-4.8118787007874015
11
6.116890748031496
21
-4.8163375196850389
0
LINE
8
BLACK
6
CONTINUOUS
10
6.116890748031496
20
-4.8163375196850389
11
6.1168907874015748
21
-4.8163375590551176
0
LINE
8
BLACK
6
CONTINUOUS
10
6.1168907874015748
20
-4.8163375590551176
11
6.1201972047244091
21
-4.8188126771653543
0
LINE
8
BLACK
6
CONTINUOUS
10
6.1201972047244091
20
-4.8188126771653543
11
6.1218722440944884
21
-4.8210502755905509
0
LINE
8
BLACK
6
CONTINUOUS
10
6.1218722440944884
20
-4.8210502755905509
11
6.1221850393700787
21
-4.8227838582677167
0
LINE
8
BLACK
6
CONTINUOUS
10
6.1221850393700787
20
-4.8227838582677167
11
6.1221850393700787
21
-4.8304444094488188
0
LINE
8
BLACK
6
CONTINUOUS
10
6.1221850393700787
20
-4.8304444094488188
11
6.1213975590551177
21
-4.8331263385826775
0
LINE
8
BLACK
6
CONTINUOUS
10
6.1213975590551177
20
-4.8331263385826775
11
6.1201972440944878
21
-4.8344155905511812
0
LINE
8
BLACK
6
CONTINUOUS
10
6.1201972440944878
20
-4.8344155905511812
11
6.1168907086614173
21
-4.8368908267716533
0
LINE
8
BLACK
6
CONTINUOUS
10
6.1168907086614173
20
-4.8368908267716533
11
6.1135529133858268
21
-4.8413496456692915
0
LINE
8
BLACK
6
CONTINUOUS
10
6.1135529133858268
20
-4.8413496456692915
11
6.1135527952755906
21
-4.8413498031496065
0
LINE
8
BLACK
6
CONTINUOUS
10
6.1135527952755906
20
-4.8413498031496065
11
6.1116062992125979
21
-4.8465684645669294
0
LINE
8
BLACK
6
CONTINUOUS
10
6.1116062992125979
20
-4.8465684645669294
11
6.1116062204724404
21
-4.8465687795275594
0
LINE
8
BLACK
6
CONTINUOUS
10
6.1116062204724404
20
-4.8465687795275594
11
6.1113582677165352
21
-4.8488752362204721
0
LINE
8
BLACK
6
CONTINUOUS
10
6.1113582677165352
20
-4.8488752362204721
11
6.1113582677165352
21
-4.8712814173228347
0
LINE
8
BLACK
6
CONTINUOUS
10
6.1113582677165352
20
-4.8712814173228347
11
6.1113583464566927
21
-4.8712823622047239
0
LINE
8
BLACK
6
CONTINUOUS
10
6.1113583464566927
20
-4.8712823622047239
11
6.1116062204724404
21
-4.8735886220472437
0
LINE
8
BLACK
6
CONTINUOUS
10
6.1116062204724404
20
-4.8735886220472437
11
6.1116062598425192
21
-4.8735888188976375
0
LINE
8
BLACK
6
CONTINUOUS
10
6.1116062598425192
20
-4.8735888188976375
11
6.1116062992125979
21
-4.8735888582677163
0
LINE
8
BLACK
6
CONTINUOUS
10
6.1116062992125979
20
-4.8735888582677163
11
6.1135528346456693
21
-4.8788076771653541
0
LINE
8
BLACK
6
CONTINUOUS
10
6.1135528346456693
20
-4.8788076771653541
11
6.1135528740157481
21
-4.8788077165354329
0
LINE
8
BLACK
6
CONTINUOUS
10
6.1135528740157481
20
-4.8788077165354329
11
6.1135529133858268
21
-4.8788078346456691
0
LINE
8
BLACK
6
CONTINUOUS
10
6.1135529133858268
20
-4.8788078346456691
11
6.116890748031496
21
-4.8832666929133861
0
LINE
8
BLACK
6
CONTINUOUS
10
6.116890748031496
20
-4.8832666929133861
11
6.1213496456692909
21
-4.8866045275590553
0
LINE
8
BLACK
6
CONTINUOUS
10
6.1213496456692909
20
-4.8866045275590553
11
6.1213498031496059
21
-4.8866046456692915
0
LINE
8
BLACK
6
CONTINUOUS
10
6.1213498031496059
20
-4.8866046456692915
11
6.1265684645669287
21
-4.8885511417322833
0
LINE
8
BLACK
6
CONTINUOUS
10
6.1265684645669287
20
-4.8885511417322833
11
6.1265687795275587
21
-4.8885512204724408
0
LINE
8
BLACK
6
CONTINUOUS
10
6.1265687795275587
20
-4.8885512204724408
11
6.1277221653543306
21
-4.8886751968503939
0
LINE
8
BLACK
6
CONTINUOUS
10
6.1277221653543306
20
-4.8886751968503939
11
6.1288757086614174
21
-4.8887992125984248
0
LINE
8
BLACK
6
CONTINUOUS
10
6.1288757086614174
20
-4.8887992125984248
11
6.1552187401574798
21
-4.888799173228346
0
LINE
8
BLACK
6
CONTINUOUS
10
6.1552187401574798
20
-4.888799173228346
11
6.156236535433071
21
-4.888689763779527
0
LINE
8
BLACK
6
CONTINUOUS
10
6.156236535433071
20
-4.888689763779527
11
6.1575256299212597
21
-4.8885512204724408
0
LINE
8
BLACK
6
CONTINUOUS
10
6.1575256299212597
20
-4.8885512204724408
11
6.1575256692913385
21
-4.8885511811023621
0
LINE
8
BLACK
6
CONTINUOUS
10
6.1575256692913385
20
-4.8885511811023621
11
6.1575258661417323
21
-4.8885511811023621
0
LINE
8
BLACK
6
CONTINUOUS
10
6.1575258661417323
20
-4.8885511811023621
11
6.1627446850393701
21
-4.8866046456692915
0
LINE
8
BLACK
6
CONTINUOUS
10
6.1627446850393701
20
-4.8866046456692915
11
6.1672037007874012
21
-4.8832666929133861
0
LINE
8
BLACK
6
CONTINUOUS
10
6.1672037007874012
20
-4.8832666929133861
11
6.1705416535433066
21
-4.8788076771653541
0
LINE
8
BLACK
6
CONTINUOUS
10
6.1705416535433066
20
-4.8788076771653541
11
6.1724881889763781
21
-4.8735888582677163
0
LINE
8
BLACK
6
CONTINUOUS
10
6.1724881889763781
20
-4.8735888582677163
11
6.172736181102362
21
-4.8712823622047239
0
LINE
8
BLACK
6
CONTINUOUS
10
6.172736181102362
20
-4.8712823622047239
11
6.172736181102362
21
-4.8712822047244098
0
LINE
8
BLACK
6
CONTINUOUS
10
6.172736181102362
20
-4.8712822047244098
11
6.172736181102362
21
-4.8712821259842523
0
LINE
8
BLACK
6
CONTINUOUS
10
6.172736181102362
20
-4.8712821259842523
11
6.1727362204724407
21
-4.8712817716535435
0
LINE
8
BLACK
6
CONTINUOUS
10
6.1727362204724407
20
-4.8712817716535435
11
6.172736181102362
21
-4.8488757480314959
0
LINE
8
BLACK
6
CONTINUOUS
10
6.172736181102362
20
-4.8488757480314959
11
6.1724881889763781
21
-4.8465687795275594
0
LINE
8
BLACK
6
CONTINUOUS
10
6.1724881889763781
20
-4.8465687795275594
11
6.1724881889763781
21
-4.8465687401574806
0
LINE
8
BLACK
6
CONTINUOUS
10
6.1724881889763781
20
-4.8465687401574806
11
6.1724881889763781
21
-4.8465686220472444
0
LINE
8
BLACK
6
CONTINUOUS
10
6.1724881889763781
20
-4.8465686220472444
11
6.1705416535433066
21
-4.8413498031496065
0
LINE
8
BLACK
6
CONTINUOUS
10
6.1705416535433066
20
-4.8413498031496065
11
6.1705415354330704
21
-4.8413496456692915
0
LINE
8
BLACK
6
CONTINUOUS
10
6.1705415354330704
20
-4.8413496456692915
11
6.1705415354330704
21
-4.8413496062992127
0
LINE
8
BLACK
6
CONTINUOUS
10
6.1705415354330704
20
-4.8413496062992127
11
6.16720374015748
21
-4.8368908267716533
0
LINE
8
BLACK
6
CONTINUOUS
10
6.16720374015748
20
-4.8368908267716533
11
6.1665047244094486
21
-4.8363675590551178
0
LINE
8
BLACK
6
CONTINUOUS
10
6.1665047244094486
20
-4.8363675590551178
11
6.1664341732283461
21
-4.8363147244094487
0
LINE
8
BLACK
6
CONTINUOUS
10
6.1664341732283461
20
-4.8363147244094487
11
6.1638972440944881
21
-4.8344155905511812
0
LINE
8
BLACK
6
CONTINUOUS
10
6.1638972440944881
20
-4.8344155905511812
11
6.1622222047244097
21
-4.832177952755905
0
LINE
8
BLACK
6
CONTINUOUS
10
6.1622222047244097
20
-4.832177952755905
11
6.1619094488188972
21
-4.8304444094488188
0
LINE
8
BLACK
6
CONTINUOUS
10
6.1619094488188972
20
-4.8304444094488188
11
6.1619094488188972
21
-4.8227838582677167
0
LINE
8
BLACK
6
CONTINUOUS
10
6.1619094488188972
20
-4.8227838582677167
11
6.1626969291338582
21
-4.820101929133858
0
LINE
8
BLACK
6
CONTINUOUS
10
6.1626969291338582
20
-4.820101929133858
11
6.1638972047244094
21
-4.8188127165354331
0
LINE
8
BLACK
6
CONTINUOUS
10
6.1638972047244094
20
-4.8188127165354331
11
6.1672037007874012
21
-4.8163375590551176
0
LINE
8
BLACK
6
CONTINUOUS
10
6.1672037007874012
20
-4.8163375590551176
11
6.1705416535433066
21
-4.8118785433070865
0
LINE
8
BLACK
6
CONTINUOUS
10
6.1705416535433066
20
-4.8118785433070865
11
6.1724881889763781
21
-4.8066597244094487
0
LINE
8
BLACK
6
CONTINUOUS
10
6.1724881889763781
20
-4.8066597244094487
11
6.1725925984251964
21
-4.8056888582677164
0
LINE
8
BLACK
6
CONTINUOUS
10
6.1725925984251964
20
-4.8056888582677164
11
6.172736181102362
21
-4.8043530708661413
0
LINE
8
BLACK
6
CONTINUOUS
10
6.172736181102362
20
-4.8043530708661413
11
6.172736181102362
21
-4.8043529921259838
0
LINE
8
BLACK
6
CONTINUOUS
10
6.172736181102362
20
-4.8043529921259838
11
6.1727362204724407
21
-4.8043526377952759
0
LINE
8
BLACK
6
CONTINUOUS
10
6.1727362204724407
20
-4.8043526377952759
11
6.172736181102362
21
-4.7819466141732283
0
LINE
8
BLACK
6
CONTINUOUS
10
6.172736181102362
20
-4.7819466141732283
11
6.1724881889763781
21
-4.7796394881889759
0
LINE
8
BLACK
6
CONTINUOUS
10
6.1724881889763781
20
-4.7796394881889759
11
6.1720647244094486
21
-4.7785040944881887
0
LINE
8
BLACK
6
CONTINUOUS
10
6.1720647244094486
20
-4.7785040944881887
11
6.171751968503937
21
-4.7767705905511813
0
LINE
8
BLACK
6
CONTINUOUS
10
6.171751968503937
20
-4.7767705905511813
11
6.171751968503937
21
-4.7536473622047239
0
LINE
8
BLACK
6
CONTINUOUS
10
6.171751968503937
20
-4.7536473622047239
11
6.1722925984251971
21
-4.7513953543307084
0
LINE
8
BLACK
6
CONTINUOUS
10
6.1722925984251971
20
-4.7513953543307084
11
6.1739208661417324
21
-4.7481997244094485
0
LINE
8
BLACK
6
CONTINUOUS
10
6.1739208661417324
20
-4.7481997244094485
11
6.174507874015748
21
-4.7444935826771655
0
LINE
8
BLACK
6
CONTINUOUS
10
6.174507874015748
20
-4.7444935826771655
11
6.1745078346456692
21
-4.7303883464566931
0
LINE
8
BLACK
6
CONTINUOUS
10
6.1745078346456692
20
-4.7303883464566931
11
6.1743325196850396
21
-4.7292813779527556
0
LINE
8
BLACK
6
CONTINUOUS
10
6.1743325196850396
20
-4.7292813779527556
11
6.1746907874015751
21
-4.7265093307086614
0
LINE
8
BLACK
6
CONTINUOUS
10
6.1746907874015751
20
-4.7265093307086614
11
6.1764909055118107
21
-4.7243710236220471
0
LINE
8
BLACK
6
CONTINUOUS
10
6.1764909055118107
20
-4.7243710236220471
11
6.1791613385826771
21
-4.7235453543307084
0
LINE
8
BLACK
6
CONTINUOUS
10
6.1791613385826771
20
-4.7235453543307084
11
6.1818542125984255
21
-4.7242944881889759
0
LINE
8
BLACK
6
CONTINUOUS
10
6.1818542125984255
20
-4.7242944881889759
11
6.183714566929134
21
-4.7263805905511811
0
LINE
8
BLACK
6
CONTINUOUS
10
6.183714566929134
20
-4.7263805905511811
11
6.1838796456692915
21
-4.7267711811023618
0
LINE
8
BLACK
6
CONTINUOUS
10
6.1838796456692915
20
-4.7267711811023618
11
6.1844189763779527
21
-4.7282171259842523
0
LINE
8
BLACK
6
CONTINUOUS
10
6.1844189763779527
20
-4.7282171259842523
11
6.1844190157480314
21
-4.728217165354331
0
LINE
8
BLACK
6
CONTINUOUS
10
6.1844190157480314
20
-4.728217165354331
11
6.1844190551181102
21
-4.7282172834645664
0
LINE
8
BLACK
6
CONTINUOUS
10
6.1844190551181102
20
-4.7282172834645664
11
6.1877568897637794
21
-4.7326761417322833
0
LINE
8
BLACK
6
CONTINUOUS
10
6.1877568897637794
20
-4.7326761417322833
11
6.1922157874015751
21
-4.7360139763779525
0
LINE
8
BLACK
6
CONTINUOUS
10
6.1922157874015751
20
-4.7360139763779525
11
6.1922159448818892
21
-4.7360140944881888
0
LINE
8
BLACK
6
CONTINUOUS
10
6.1922159448818892
20
-4.7360140944881888
11
6.1974346062992121
21
-4.7379605905511806
0
LINE
8
BLACK
6
CONTINUOUS
10
6.1974346062992121
20
-4.7379605905511806
11
6.1974349212598421
21
-4.7379606692913381
0
LINE
8
BLACK
6
CONTINUOUS
10
6.1974349212598421
20
-4.7379606692913381
11
6.1985883070866139
21
-4.7380846456692911
0
LINE
8
BLACK
6
CONTINUOUS
10
6.1985883070866139
20
-4.7380846456692911
11
6.1997418503937007
21
-4.7382086614173229
0
LINE
8
BLACK
6
CONTINUOUS
10
6.1997418503937007
20
-4.7382086614173229
11
6.2221478740157483
21
-4.7382086220472441
0
LINE
8
BLACK
6
CONTINUOUS
10
6.2221478740157483
20
-4.7382086220472441
11
6.2231656692913386
21
-4.7380992125984251
0
LINE
8
BLACK
6
CONTINUOUS
10
6.2231656692913386
20
-4.7380992125984251
11
6.2244547637795273
21
-4.7379606692913381
0
LINE
8
BLACK
6
CONTINUOUS
10
6.2244547637795273
20
-4.7379606692913381
11
6.2244548031496061
21
-4.7379606299212593
0
LINE
8
BLACK
6
CONTINUOUS
10
6.2244548031496061
20
-4.7379606299212593
11
6.2244549999999998
21
-4.7379606299212593
0
LINE
8
BLACK
6
CONTINUOUS
10
6.2244549999999998
20
-4.7379606299212593
11
6.2296738188976377
21
-4.7360140944881888
0
LINE
8
BLACK
6
CONTINUOUS
10
6.2296738188976377
20
-4.7360140944881888
11
6.2341328346456688
21
-4.7326761417322833
0
LINE
8
BLACK
6
CONTINUOUS
10
6.2341328346456688
20
-4.7326761417322833
11
6.2344904330708664
21
-4.7321984645669293
0
LINE
8
BLACK
6
CONTINUOUS
10
6.2344904330708664
20
-4.7321984645669293
11
6.2366079921259843
21
-4.729369724409449
0
LINE
8
BLACK
6
CONTINUOUS
10
6.2366079921259843
20
-4.729369724409449
11
6.2388455905511808
21
-4.727694645669291
0
LINE
8
BLACK
6
CONTINUOUS
10
6.2388455905511808
20
-4.727694645669291
11
6.2405791732283467
21
-4.7273818897637794
0
LINE
8
BLACK
6
CONTINUOUS
10
6.2405791732283467
20
-4.7273818897637794
11
6.2455288582677166
21
-4.7273818897637794
0
LINE
8
BLACK
6
CONTINUOUS
10
6.2455288582677166
20
-4.7273818897637794
11
6.2482107874015744
21
-4.7281693700787404
0
LINE
8
BLACK
6
CONTINUOUS
10
6.2482107874015744
20
-4.7281693700787404
11
6.249500039370079
21
-4.729369724409449
0
LINE
8
BLACK
6
CONTINUOUS
10
6.249500039370079
20
-4.729369724409449
11
6.2496873622047246
21
-4.729619960629921
0
LINE
8
BLACK
6
CONTINUOUS
10
6.2496873622047246
20
-4.729619960629921
11
6.2497648031496063
21
-4.7297233858267713
0
LINE
8
BLACK
6
CONTINUOUS
10
6.2497648031496063
20
-4.7297233858267713
11
6.2530712204724406
21
-4.732198503937008
0
LINE
8
BLACK
6
CONTINUOUS
10
6.2530712204724406
20
-4.732198503937008
11
6.2547462598425199
21
-4.7344361023622046
0
LINE
8
BLACK
6
CONTINUOUS
10
6.2547462598425199
20
-4.7344361023622046
11
6.2550590551181102
21
-4.7361696850393704
0
LINE
8
BLACK
6
CONTINUOUS
10
6.2550590551181102
20
-4.7361696850393704
11
6.2550590551181102
21
-4.7607250787401574
0
LINE
8
BLACK
6
CONTINUOUS
10
6.2550590551181102
20
-4.7607250787401574
11
6.2550590157480315
21
-4.7607250787401574
0
LINE
8
BLACK
6
CONTINUOUS
10
6.2550590157480315
20
-4.7607250787401574
11
6.2562097637795278
21
-4.7650196062992123
0
LINE
8
BLACK
6
CONTINUOUS
10
6.2562097637795278
20
-4.7650196062992123
11
6.2564126377952753
21
-4.7657767716535435
0
LINE
8
BLACK
6
CONTINUOUS
10
6.2564126377952753
20
-4.7657767716535435
11
6.2572195669291339
21
-4.7671744094488187
0
LINE
8
BLACK
6
CONTINUOUS
10
6.2572195669291339
20
-4.7671744094488187
11
6.2590275196850396
21
-4.7703059055118109
0
LINE
8
BLACK
6
CONTINUOUS
10
6.2590275196850396
20
-4.7703059055118109
11
6.267212637795275
21
-4.7784910236220473
0
LINE
8
BLACK
6
CONTINUOUS
10
6.267212637795275
20
-4.7784910236220473
11
6.2685521653543308
21
-4.7809441732283462
0
LINE
8
BLACK
6
CONTINUOUS
10
6.2685521653543308
20
-4.7809441732283462
11
6.2686061023622042
21
-4.7813097637795279
0
LINE
8
BLACK
6
CONTINUOUS
10
6.2686061023622042
20
-4.7813097637795279
11
6.2686112992125986
21
-4.7813089763779528
0
LINE
8
BLACK
6
CONTINUOUS
10
6.2686112992125986
20
-4.7813089763779528
11
6.2692287007874015
21
-4.7852075590551184
0
LINE
8
BLACK
6
CONTINUOUS
10
6.2692287007874015
20
-4.7852075590551184
11
6.2715047637795278
21
-4.7896746456692911
0
LINE
8
BLACK
6
CONTINUOUS
10
6.2715047637795278
20
-4.7896746456692911
11
6.275049724409449
21
-4.7932196062992123
0
LINE
8
BLACK
6
CONTINUOUS
10
6.275049724409449
20
-4.7932196062992123
11
6.2750496850393702
21
-4.7932196062992123
0
LINE
8
BLACK
6
CONTINUOUS
10
6.2750496850393702
20
-4.7932196062992123
11
6.2795166535433067
21
-4.7954955905511811
0
LINE
8
BLACK
6
CONTINUOUS
10
6.2795166535433067
20
-4.7954955905511811
11
6.2795168110236217
21
-4.7954956692913386
0
LINE
8
BLACK
6
CONTINUOUS
10
6.2795168110236217
20
-4.7954956692913386
11
6.2832229527559056
21
-4.7960826771653542
0
LINE
8
BLACK
6
CONTINUOUS
10
6.2832229527559056
20
-4.7960826771653542
11
6.2973281889763779
21
-4.7960826377952754
0
LINE
8
BLACK
6
CONTINUOUS
10
6.2973281889763779
20
-4.7960826377952754
11
6.3010343700787397
21
-4.7954956692913386
0
LINE
8
BLACK
6
CONTINUOUS
10
6.3010343700787397
20
-4.7954956692913386
11
6.3055013779527558
21
-4.793219645669291
0
LINE
8
BLACK
6
CONTINUOUS
10
6.3055013779527558
20
-4.793219645669291
11
6.3055014173228345
21
-4.7932196062992123
0
LINE
8
BLACK
6
CONTINUOUS
10
6.3055014173228345
20
-4.7932196062992123
11
6.305862401574803
21
-4.7928586614173225
0
LINE
8
BLACK
6
CONTINUOUS
10
6.305862401574803
20
-4.7928586614173225
11
6.3083156299212595
21
-4.7915190551181102
0
LINE
8
BLACK
6
CONTINUOUS
10
6.3083156299212595
20
-4.7915190551181102
11
6.3111036220472441
21
-4.7917184645669293
0
LINE
8
BLACK
6
CONTINUOUS
10
6.3111036220472441
20
-4.7917184645669293
11
6.3128777559055118
21
-4.7928586614173225
0
LINE
8
BLACK
6
CONTINUOUS
10
6.3128777559055118
20
-4.7928586614173225
11
6.3132387007874016
21
-4.7932196062992123
0
LINE
8
BLACK
6
CONTINUOUS
10
6.3132387007874016
20
-4.7932196062992123
11
6.3132386614173228
21
-4.7932196062992123
0
LINE
8
BLACK
6
CONTINUOUS
10
6.3132386614173228
20
-4.7932196062992123
11
6.3177056299212593
21
-4.7954955905511811
0
LINE
8
BLACK
6
CONTINUOUS
10
6.3177056299212593
20
-4.7954955905511811
11
6.3177057874015743
21
-4.7954956692913386
0
LINE
8
BLACK
6
CONTINUOUS
10
6.3177057874015743
20
-4.7954956692913386
11
6.3214119291338582
21
-4.7960826771653542
0
LINE
8
BLACK
6
CONTINUOUS
10
6.3214119291338582
20
-4.7960826771653542
11
6.3355171653543305
21
-4.7960826377952754
0
LINE
8
BLACK
6
CONTINUOUS
10
6.3355171653543305
20
-4.7960826377952754
11
6.3392233464566932
21
-4.7954956692913386
0
LINE
8
BLACK
6
CONTINUOUS
10
6.3392233464566932
20
-4.7954956692913386
11
6.3436903543307084
21
-4.793219645669291
0
LINE
8
BLACK
6
CONTINUOUS
10
6.3436903543307084
20
-4.793219645669291
11
6.347235393700787
21
-4.7896746062992124
0
LINE
8
BLACK
6
CONTINUOUS
10
6.347235393700787
20
-4.7896746062992124
11
6.3495114173228346
21
-4.7852075984251972
0
LINE
8
BLACK
6
CONTINUOUS
10
6.3495114173228346
20
-4.7852075984251972
11
6.3500984251968502
21
-4.7815014566929133
0
LINE
8
BLACK
6
CONTINUOUS
10
6.3500984251968502
20
-4.7815014566929133
11
6.3500983858267714
21
-4.7815012992125983
0
LINE
8
BLACK
6
CONTINUOUS
10
6.3500983858267714
20
-4.7815012992125983
11
6.350128897637795
21
-4.7813089370078741
0
LINE
8
BLACK
6
CONTINUOUS
10
6.350128897637795
20
-4.7813089370078741
11
6.3502003937007876
21
-4.7813202362204725
0
LINE
8
BLACK
6
CONTINUOUS
10
6.3502003937007876
20
-4.7813202362204725
11
6.3510844488188978
21
-4.7789987007874011
0
LINE
8
BLACK
6
CONTINUOUS
10
6.3510844488188978
20
-4.7789987007874011
11
6.3515272440944877
21
-4.778491220472441
0
LINE
8
BLACK
6
CONTINUOUS
10
6.3515272440944877
20
-4.778491220472441
11
6.3597125984251965
21
-4.7703059055118109
0
LINE
8
BLACK
6
CONTINUOUS
10
6.3597125984251965
20
-4.7703059055118109
11
6.3623275196850395
21
-4.7657767716535435
0
LINE
8
BLACK
6
CONTINUOUS
10
6.3623275196850395
20
-4.7657767716535435
11
6.3626221653543302
21
-4.7646771653543309
0
LINE
8
BLACK
6
CONTINUOUS
10
6.3626221653543302
20
-4.7646771653543309
11
6.3626861811023625
21
-4.7644383070866141
0
LINE
8
BLACK
6
CONTINUOUS
10
6.3626861811023625
20
-4.7644383070866141
11
6.3632795669291333
21
-4.7622237401574798
0
LINE
8
BLACK
6
CONTINUOUS
10
6.3632795669291333
20
-4.7622237401574798
11
6.3636811023622046
21
-4.7607251574803149
0
LINE
8
BLACK
6
CONTINUOUS
10
6.3636811023622046
20
-4.7607251574803149
11
6.3636811023622046
21
-4.7361696850393704
0
LINE
8
BLACK
6
CONTINUOUS
10
6.3636811023622046
20
-4.7361696850393704
11
6.3644685826771656
21
-4.7334877559055117
0
LINE
8
BLACK
6
CONTINUOUS
10
6.3644685826771656
20
-4.7334877559055117
11
6.3656688582677168
21
-4.7321985433070868
0
LINE
8
BLACK
6
CONTINUOUS
10
6.3656688582677168
20
-4.7321985433070868
11
6.3689753543307086
21
-4.7297233858267713
0
LINE
8
BLACK
6
CONTINUOUS
10
6.3689753543307086
20
-4.7297233858267713
11
6.3699768503937007
21
-4.7283854724409444
0
LINE
8
BLACK
6
CONTINUOUS
10
6.3699768503937007
20
-4.7283854724409444
11
6.3722144488188972
21
-4.726710433070866
0
LINE
8
BLACK
6
CONTINUOUS
10
6.3722144488188972
20
-4.726710433070866
11
6.3739480708661418
21
-4.7263976377952757
0
LINE
8
BLACK
6
CONTINUOUS
10
6.3739480708661418
20
-4.7263976377952757
11
6.3822716141732281
21
-4.7263976377952757
0
LINE
8
BLACK
6
CONTINUOUS
10
6.3822716141732281
20
-4.7263976377952757
11
6.3849535433070868
21
-4.7271851181102358
0
LINE
8
BLACK
6
CONTINUOUS
10
6.3849535433070868
20
-4.7271851181102358
11
6.3862427952755905
21
-4.7283854724409444
0
LINE
8
BLACK
6
CONTINUOUS
10
6.3862427952755905
20
-4.7283854724409444
11
6.3866167716535429
21
-4.7288850393700788
0
LINE
8
BLACK
6
CONTINUOUS
10
6.3866167716535429
20
-4.7288850393700788
11
6.3868435433070863
21
-4.7291879527559058
0
LINE
8
BLACK
6
CONTINUOUS
10
6.3868435433070863
20
-4.7291879527559058
11
6.3901499606299215
21
-4.7316630708661416
0
LINE
8
BLACK
6
CONTINUOUS
10
6.3901499606299215
20
-4.7316630708661416
11
6.3918249999999999
21
-4.7339006692913381
0
LINE
8
BLACK
6
CONTINUOUS
10
6.3918249999999999
20
-4.7339006692913381
11
6.3921377952755902
21
-4.735634251968504
0
LINE
8
BLACK
6
CONTINUOUS
10
6.3921377952755902
20
-4.735634251968504
11
6.3921377952755902
21
-4.741915748031496
0
LINE
8
BLACK
6
CONTINUOUS
10
6.3921377952755902
20
-4.741915748031496
11
6.3913503149606301
21
-4.7445976771653546
0
LINE
8
BLACK
6
CONTINUOUS
10
6.3913503149606301
20
-4.7445976771653546
11
6.3893670078740152
21
-4.7463161811023618
0
LINE
8
BLACK
6
CONTINUOUS
10
6.3893670078740152
20
-4.7463161811023618
11
6.3893776377952758
21
-4.7463355905511806
0
LINE
8
BLACK
6
CONTINUOUS
10
6.3893776377952758
20
-4.7463355905511806
11
6.3892884251968498
21
-4.7463842913385825
0
LINE
8
BLACK
6
CONTINUOUS
10
6.3892884251968498
20
-4.7463842913385825
11
6.3892378740157483
21
-4.74642811023622
0
LINE
8
BLACK
6
CONTINUOUS
10
6.3892378740157483
20
-4.74642811023622
11
6.3891148425196853
21
-4.74647905511811
0
LINE
8
BLACK
6
CONTINUOUS
10
6.3891148425196853
20
-4.74647905511811
11
6.3890662992125984
21
-4.7465055511811025
0
LINE
8
BLACK
6
CONTINUOUS
10
6.3890662992125984
20
-4.7465055511811025
11
6.3846072834645664
21
-4.7498435039370079
0
LINE
8
BLACK
6
CONTINUOUS
10
6.3846072834645664
20
-4.7498435039370079
11
6.3812694488188972
21
-4.7543024015748028
0
LINE
8
BLACK
6
CONTINUOUS
10
6.3812694488188972
20
-4.7543024015748028
11
6.381269330708661
21
-4.7543025590551178
0
LINE
8
BLACK
6
CONTINUOUS
10
6.381269330708661
20
-4.7543025590551178
11
6.3793228346456692
21
-4.7595212204724406
0
LINE
8
BLACK
6
CONTINUOUS
10
6.3793228346456692
20
-4.7595212204724406
11
6.3793227559055117
21
-4.7595215354330707
0
LINE
8
BLACK
6
CONTINUOUS
10
6.3793227559055117
20
-4.7595215354330707
11
6.3790748031496065
21
-4.7618279921259843
0
LINE
8
BLACK
6
CONTINUOUS
10
6.3790748031496065
20
-4.7618279921259843
11
6.3790748031496065
21
-4.7881711811023617
0
LINE
8
BLACK
6
CONTINUOUS
10
6.3790748031496065
20
-4.7881711811023617
11
6.379074881889764
21
-4.7881721259842518
0
LINE
8
BLACK
6
CONTINUOUS
10
6.379074881889764
20
-4.7881721259842518
11
6.3793227559055117
21
-4.7904783858267717
0
LINE
8
BLACK
6
CONTINUOUS
10
6.3793227559055117
20
-4.7904783858267717
11
6.3793227952755904
21
-4.7904785826771654
0
LINE
8
BLACK
6
CONTINUOUS
10
6.3793227952755904
20
-4.7904785826771654
11
6.3793228346456692
21
-4.7904786220472442
0
LINE
8
BLACK
6
CONTINUOUS
10
6.3793228346456692
20
-4.7904786220472442
11
6.3812693700787397
21
-4.795697440944882
0
LINE
8
BLACK
6
CONTINUOUS
10
6.3812693700787397
20
-4.795697440944882
11
6.3812694094488185
21
-4.7956974803149608
0
LINE
8
BLACK
6
CONTINUOUS
10
6.3812694094488185
20
-4.7956974803149608
11
6.3812694488188972
21
-4.7956975984251971
0
LINE
8
BLACK
6
CONTINUOUS
10
6.3812694488188972
20
-4.7956975984251971
11
6.3846072834645664
21
-4.8001564566929131
0
LINE
8
BLACK
6
CONTINUOUS
10
6.3846072834645664
20
-4.8001564566929131
11
6.3890661811023621
21
-4.8034942913385823
0
LINE
8
BLACK
6
CONTINUOUS
10
6.3890661811023621
20
-4.8034942913385823
11
6.3890663385826771
21
-4.8034944094488186
0
LINE
8
BLACK
6
CONTINUOUS
10
6.3890663385826771
20
-4.8034944094488186
11
6.394285
21
-4.8054409055118112
0
LINE
8
BLACK
6
CONTINUOUS
10
6.394285
20
-4.8054409055118112
11
6.39428531496063
21
-4.8054409842519688
0
LINE
8
BLACK
6
CONTINUOUS
10
6.39428531496063
20
-4.8054409842519688
11
6.3954387007874018
21
-4.8055649606299209
0
LINE
8
BLACK
6
CONTINUOUS
10
6.3954387007874018
20
-4.8055649606299209
11
6.3965922440944878
21
-4.8056889763779527
0
LINE
8
BLACK
6
CONTINUOUS
10
6.3965922440944878
20
-4.8056889763779527
11
6.4189982677165354
21
-4.8056889370078739
0
LINE
8
BLACK
6
CONTINUOUS
10
6.4189982677165354
20
-4.8056889370078739
11
6.4200160629921257
21
-4.8055795275590549
0
LINE
8
BLACK
6
CONTINUOUS
10
6.4200160629921257
20
-4.8055795275590549
11
6.4213051574803144
21
-4.8054409842519688
0
LINE
8
BLACK
6
CONTINUOUS
10
6.4213051574803144
20
-4.8054409842519688
11
6.4213051968503931
21
-4.80544094488189
0
LINE
8
BLACK
6
CONTINUOUS
10
6.4213051968503931
20
-4.80544094488189
11
6.4213053937007869
21
-4.80544094488189
0
LINE
8
BLACK
6
CONTINUOUS
10
6.4213053937007869
20
-4.80544094488189
11
6.4265242125984248
21
-4.8034944094488186
0
LINE
8
BLACK
6
CONTINUOUS
10
6.4265242125984248
20
-4.8034944094488186
11
6.4309832283464567
21
-4.8001564566929131
0
LINE
8
BLACK
6
CONTINUOUS
10
6.4309832283464567
20
-4.8001564566929131
11
6.4343211811023622
21
-4.795697440944882
0
LINE
8
BLACK
6
CONTINUOUS
10
6.4343211811023622
20
-4.795697440944882
11
6.4362677165354327
21
-4.7904786220472442
0
LINE
8
BLACK
6
CONTINUOUS
10
6.4362677165354327
20
-4.7904786220472442
11
6.436354173228346
21
-4.7896746456692911
0
LINE
8
BLACK
6
CONTINUOUS
10
6.436354173228346
20
-4.7896746456692911
11
6.4365157086614175
21
-4.7881719685039368
0
LINE
8
BLACK
6
CONTINUOUS
10
6.4365157086614175
20
-4.7881719685039368
11
6.4365157086614175
21
-4.7881718897637793
0
LINE
8
BLACK
6
CONTINUOUS
10
6.4365157086614175
20
-4.7881718897637793
11
6.4365157480314963
21
-4.7881715354330705
0
LINE
8
BLACK
6
CONTINUOUS
10
6.4365157480314963
20
-4.7881715354330705
11
6.4365157086614175
21
-4.7618285039370081
0
LINE
8
BLACK
6
CONTINUOUS
10
6.4365157086614175
20
-4.7618285039370081
11
6.4364482283464568
21
-4.761200905511811
0
LINE
8
BLACK
6
CONTINUOUS
10
6.4364482283464568
20
-4.761200905511811
11
6.4362677559055115
21
-4.7595215748031494
0
LINE
8
BLACK
6
CONTINUOUS
10
6.4362677559055115
20
-4.7595215748031494
11
6.4362677165354327
21
-4.7595214960629919
0
LINE
8
BLACK
6
CONTINUOUS
10
6.4362677165354327
20
-4.7595214960629919
11
6.4362677165354327
21
-4.7595213779527556
0
LINE
8
BLACK
6
CONTINUOUS
10
6.4362677165354327
20
-4.7595213779527556
11
6.4343211811023622
21
-4.7543025590551178
0
LINE
8
BLACK
6
CONTINUOUS
10
6.4343211811023622
20
-4.7543025590551178
11
6.4329392125984253
21
-4.7524564566929133
0
LINE
8
BLACK
6
CONTINUOUS
10
6.4329392125984253
20
-4.7524564566929133
11
6.4328516141732281
21
-4.7523394094488189
0
LINE
8
BLACK
6
CONTINUOUS
10
6.4328516141732281
20
-4.7523394094488189
11
6.4318748425196848
21
-4.749720472440945
0
LINE
8
BLACK
6
CONTINUOUS
10
6.4318748425196848
20
-4.749720472440945
11
6.4318622047244096
21
-4.7493666535433068
0
LINE
8
BLACK
6
CONTINUOUS
10
6.4318622047244096
20
-4.7493666535433068
11
6.4318622047244096
21
-4.735634251968504
0
LINE
8
BLACK
6
CONTINUOUS
10
6.4318622047244096
20
-4.735634251968504
11
6.4326496850393697
21
-4.7329523228346453
0
LINE
8
BLACK
6
CONTINUOUS
10
6.4326496850393697
20
-4.7329523228346453
11
6.4338499606299209
21
-4.7316631102362203
0
LINE
8
BLACK
6
CONTINUOUS
10
6.4338499606299209
20
-4.7316631102362203
11
6.4371564566929136
21
-4.7291879527559058
0
LINE
8
BLACK
6
CONTINUOUS
10
6.4371564566929136
20
-4.7291879527559058
11
6.437503858267716
21
-4.7287238188976373
0
LINE
8
BLACK
6
CONTINUOUS
10
6.437503858267716
20
-4.7287238188976373
11
6.4397412992125984
21
-4.7270488582677164
0
LINE
8
BLACK
6
CONTINUOUS
10
6.4397412992125984
20
-4.7270488582677164
11
6.4415603543307087
21
-4.7267367716535436
0
LINE
8
BLACK
6
CONTINUOUS
10
6.4415603543307087
20
-4.7267367716535436
11
6.4516381496062989
21
-4.726910511811024
0
LINE
8
BLACK
6
CONTINUOUS
10
6.4516381496062989
20
-4.726910511811024
11
6.4543061023622048
21
-4.7277440944881892
0
LINE
8
BLACK
6
CONTINUOUS
10
6.4543061023622048
20
-4.7277440944881892
11
6.4555238582677168
21
-4.7288976377952752
0
LINE
8
BLACK
6
CONTINUOUS
10
6.4555238582677168
20
-4.7288976377952752
11
6.4557411811023622
21
-4.7291879527559058
0
LINE
8
BLACK
6
CONTINUOUS
10
6.4557411811023622
20
-4.7291879527559058
11
6.4602000393700783
21
-4.7325257874015749
0
LINE
8
BLACK
6
CONTINUOUS
10
6.4602000393700783
20
-4.7325257874015749
11
6.4602001968503933
21
-4.7325259055118112
0
LINE
8
BLACK
6
CONTINUOUS
10
6.4602001968503933
20
-4.7325259055118112
11
6.4654188582677161
21
-4.734472401574803
0
LINE
8
BLACK
6
CONTINUOUS
10
6.4654188582677161
20
-4.734472401574803
11
6.4654191732283461
21
-4.7344724803149605
0
LINE
8
BLACK
6
CONTINUOUS
10
6.4654191732283461
20
-4.7344724803149605
11
6.466572559055118
21
-4.7345964566929135
0
LINE
8
BLACK
6
CONTINUOUS
10
6.466572559055118
20
-4.7345964566929135
11
6.4677261023622048
21
-4.7347204724409444
0
LINE
8
BLACK
6
CONTINUOUS
10
6.4677261023622048
20
-4.7347204724409444
11
6.4800034645669289
21
-4.7347204330708657
0
LINE
8
BLACK
6
CONTINUOUS
10
6.4800034645669289
20
-4.7347204330708657
11
6.4824837795275592
21
-4.7353850393700787
0
LINE
8
BLACK
6
CONTINUOUS
10
6.4824837795275592
20
-4.7353850393700787
11
6.4835731496062987
21
-4.7360139763779525
0
LINE
8
BLACK
6
CONTINUOUS
10
6.4835731496062987
20
-4.7360139763779525
11
6.4863255905511812
21
-4.7376031102362202
0
LINE
8
BLACK
6
CONTINUOUS
10
6.4863255905511812
20
-4.7376031102362202
11
6.4913772047244089
21
-4.7389566929133853
0
LINE
8
BLACK
6
CONTINUOUS
10
6.4913772047244089
20
-4.7389566929133853
11
6.5287410236220467
21
-4.7389566929133853
0
LINE
8
BLACK
6
CONTINUOUS
10
6.5287410236220467
20
-4.7389566929133853
11
6.5309930314960631
21
-4.7394973228346453
0
LINE
8
BLACK
6
CONTINUOUS
10
6.5309930314960631
20
-4.7394973228346453
11
6.5322569685039369
21
-4.7401413385826769
0
LINE
8
BLACK
6
CONTINUOUS
10
6.5322569685039369
20
-4.7401413385826769
11
6.5359631102362199
21
-4.7407283464566925
0
LINE
8
BLACK
6
CONTINUOUS
10
6.5359631102362199
20
-4.7407283464566925
11
6.5520368503937005
21
-4.7407283070866137
0
LINE
8
BLACK
6
CONTINUOUS
10
6.5520368503937005
20
-4.7407283070866137
11
6.5557430314960632
21
-4.7401413385826769
0
LINE
8
BLACK
6
CONTINUOUS
10
6.5557430314960632
20
-4.7401413385826769
11
6.5602100393700784
21
-4.7378653149606302
0
LINE
8
BLACK
6
CONTINUOUS
10
6.5602100393700784
20
-4.7378653149606302
11
6.5637550787401571
21
-4.7343202755905507
0
LINE
8
BLACK
6
CONTINUOUS
10
6.5637550787401571
20
-4.7343202755905507
11
6.5651145669291333
21
-4.7316520472440944
0
LINE
8
BLACK
6
CONTINUOUS
10
6.5651145669291333
20
-4.7316520472440944
11
6.5670337401574805
21
-4.729619960629921
0
LINE
8
BLACK
6
CONTINUOUS
10
6.5670337401574805
20
-4.729619960629921
11
6.5696199999999996
21
-4.7289442519685041
0
LINE
8
BLACK
6
CONTINUOUS
10
6.5696199999999996
20
-4.7289442519685041
11
6.6357293700787396
21
-4.730083858267716
0
LINE
8
BLACK
6
CONTINUOUS
10
6.6357293700787396
20
-4.730083858267716
11
6.6399999606299209
21
-4.7301574803149604
0
LINE
8
BLACK
6
CONTINUOUS
10
6.6399999606299209
20
-4.7301574803149604
11
6.6399999606299209
21
-4.7301574409448817
0
LINE
8
BLACK
6
CONTINUOUS
10
6.6399999606299209
20
-4.7301574409448817
11
6.6399999999999997
21
-4.7301574803149604
0
LINE
8
BLACK
6
CONTINUOUS
10
6.6399999999999997
20
-4.7301574803149604
11
6.6399999999999997
21
-4.7155771653543308
0
LINE
8
BLACK
6
CONTINUOUS
10
6.6399999999999997
20
-4.7155771653543308
11
6.6407874803149607
21
-4.7128952362204721
0
LINE
8
BLACK
6
CONTINUOUS
10
6.6407874803149607
20
-4.7128952362204721
11
6.6419878740157481
21
-4.7116059448818897
0
LINE
8
BLACK
6
CONTINUOUS
10
6.6419878740157481
20
-4.7116059448818897
11
6.6431879527559055
21
-4.7107076377952755
0
LINE
8
BLACK
6
CONTINUOUS
10
6.6431879527559055
20
-4.7107076377952755
11
6.6465259055118109
21
-4.7062486220472444
0
LINE
8
BLACK
6
CONTINUOUS
10
6.6465259055118109
20
-4.7062486220472444
11
6.6484724409448814
21
-4.7010298031496065
0
LINE
8
BLACK
6
CONTINUOUS
10
6.6484724409448814
20
-4.7010298031496065
11
6.648720472440945
21
-4.6987227165354328
0
LINE
8
BLACK
6
CONTINUOUS
10
6.648720472440945
20
-4.6987227165354328
11
6.6487204330708662
21
-4.6723796850393704
0
LINE
8
BLACK
6
CONTINUOUS
10
6.6487204330708662
20
-4.6723796850393704
11
6.6484724409448814
21
-4.670072559055118
0
LINE
8
BLACK
6
CONTINUOUS
10
6.6484724409448814
20
-4.670072559055118
11
6.6465259055118109
21
-4.6648537401574801
0
LINE
8
BLACK
6
CONTINUOUS
10
6.6465259055118109
20
-4.6648537401574801
11
6.6465257874015746
21
-4.6648535826771651
0
LINE
8
BLACK
6
CONTINUOUS
10
6.6465257874015746
20
-4.6648535826771651
11
6.6465257874015746
21
-4.6648535433070863
0
LINE
8
BLACK
6
CONTINUOUS
10
6.6465257874015746
20
-4.6648535433070863
11
6.6431879527559055
21
-4.6603946850393703
0
LINE
8
BLACK
6
CONTINUOUS
10
6.6431879527559055
20
-4.6603946850393703
11
6.6387290551181097
21
-4.6570568503937011
0
LINE
8
BLACK
6
CONTINUOUS
10
6.6387290551181097
20
-4.6570568503937011
11
6.6387288976377947
21
-4.6570567322834648
0
LINE
8
BLACK
6
CONTINUOUS
10
6.6387288976377947
20
-4.6570567322834648
11
6.6335102362204719
21
-4.6551102362204722
0
LINE
8
BLACK
6
CONTINUOUS
10
6.6335102362204719
20
-4.6551102362204722
11
6.6335099212598427
21
-4.6551101574803146
0
LINE
8
BLACK
6
CONTINUOUS
10
6.6335099212598427
20
-4.6551101574803146
11
6.6312031496062991
21
-4.6548622047244095
0
LINE
8
BLACK
6
CONTINUOUS
10
6.6312031496062991
20
-4.6548622047244095
11
6.6087972834645665
21
-4.6548622047244095
0
LINE
8
BLACK
6
CONTINUOUS
10
6.6087972834645665
20
-4.6548622047244095
11
6.6087963385826773
21
-4.654862283464567
0
LINE
8
BLACK
6
CONTINUOUS
10
6.6087963385826773
20
-4.654862283464567
11
6.6064900787401575
21
-4.6551101574803146
0
LINE
8
BLACK
6
CONTINUOUS
10
6.6064900787401575
20
-4.6551101574803146
11
6.6061697244094484
21
-4.6552296456692916
0
LINE
8
BLACK
6
CONTINUOUS
10
6.6061697244094484
20
-4.6552296456692916
11
6.6027216141732286
21
-4.656515748031496
0
LINE
8
BLACK
6
CONTINUOUS
10
6.6027216141732286
20
-4.656515748031496
11
6.6012708661417321
21
-4.6570568503937011
0
LINE
8
BLACK
6
CONTINUOUS
10
6.6012708661417321
20
-4.6570568503937011
11
6.5972673622047244
21
-4.660053858267716
0
LINE
8
BLACK
6
CONTINUOUS
10
6.5972673622047244
20
-4.660053858267716
11
6.5946484251968505
21
-4.6610306692913381
0
LINE
8
BLACK
6
CONTINUOUS
10
6.5946484251968505
20
-4.6610306692913381
11
6.5942945669291335
21
-4.6610433070866142
0
LINE
8
BLACK
6
CONTINUOUS
10
6.5942945669291335
20
-4.6610433070866142
11
6.5592589763779525
21
-4.6610433070866142
0
LINE
8
BLACK
6
CONTINUOUS
10
6.5592589763779525
20
-4.6610433070866142
11
6.5570069291338582
21
-4.6605026377952754
0
LINE
8
BLACK
6
CONTINUOUS
10
6.5570069291338582
20
-4.6605026377952754
11
6.5561261417322836
21
-4.660053858267716
0
LINE
8
BLACK
6
CONTINUOUS
10
6.5561261417322836
20
-4.660053858267716
11
6.5557430708661419
21
-4.6598586614173225
0
LINE
8
BLACK
6
CONTINUOUS
10
6.5557430708661419
20
-4.6598586614173225
11
6.5548164960629922
21
-4.6597118897637797
0
LINE
8
BLACK
6
CONTINUOUS
10
6.5548164960629922
20
-4.6597118897637797
11
6.5520368897637793
21
-4.659271653543307
0
LINE
8
BLACK
6
CONTINUOUS
10
6.5520368897637793
20
-4.659271653543307
11
6.552036771653543
21
-4.659271653543307
0
LINE
8
BLACK
6
CONTINUOUS
10
6.552036771653543
20
-4.659271653543307
11
6.5505679133858266
21
-4.659271653543307
0
LINE
8
BLACK
6
CONTINUOUS
10
6.5505679133858266
20
-4.659271653543307
11
6.5478859842519688
21
-4.658484173228346
0
LINE
8
BLACK
6
CONTINUOUS
10
6.5478859842519688
20
-4.658484173228346
11
6.5460555511811025
21
-4.6563717322834641
0
LINE
8
BLACK
6
CONTINUOUS
10
6.5460555511811025
20
-4.6563717322834641
11
6.5459849606299212
21
-4.6562095669291335
0
LINE
8
BLACK
6
CONTINUOUS
10
6.5459849606299212
20
-4.6562095669291335
11
6.5439609448818894
21
-4.6513236614173223
0
LINE
8
BLACK
6
CONTINUOUS
10
6.5439609448818894
20
-4.6513236614173223
11
6.5437204724409446
21
-4.6505835826771653
0
LINE
8
BLACK
6
CONTINUOUS
10
6.5437204724409446
20
-4.6505835826771653
11
6.5421834645669286
21
-4.6441822440944884
0
LINE
8
BLACK
6
CONTINUOUS
10
6.5421834645669286
20
-4.6441822440944884
11
6.5420616929133857
21
-4.64341342519685
0
LINE
8
BLACK
6
CONTINUOUS
10
6.5420616929133857
20
-4.64341342519685
11
6.5418627559055116
21
-4.6408866535433067
0
LINE
8
BLACK
6
CONTINUOUS
10
6.5418627559055116
20
-4.6408866535433067
11
6.5415310629921262
21
-4.6366732283464565
0
LINE
8
BLACK
6
CONTINUOUS
10
6.5415310629921262
20
-4.6366732283464565
11
6.5415157480314958
21
-4.6362838976377949
0
LINE
8
BLACK
6
CONTINUOUS
10
6.5415157480314958
20
-4.6362838976377949
11
6.5415157480314958
21
-4.6201280314960629
0
LINE
8
BLACK
6
CONTINUOUS
10
6.5415157480314958
20
-4.6201280314960629
11
6.5423032283464568
21
-4.6174461023622042
0
LINE
8
BLACK
6
CONTINUOUS
10
6.5423032283464568
20
-4.6174461023622042
11
6.5423492125984248
21
-4.6173759055118113
0
LINE
8
BLACK
6
CONTINUOUS
10
6.5423492125984248
20
-4.6173759055118113
11
6.5429029133858263
21
-4.6165472834645671
0
LINE
8
BLACK
6
CONTINUOUS
10
6.5429029133858263
20
-4.6165472834645671
11
6.5434842519685041
21
-4.6136246850393698
0
LINE
8
BLACK
6
CONTINUOUS
10
6.5434842519685041
20
-4.6136246850393698
11
6.5434842125984254
21
-4.5860603937007873
0
LINE
8
BLACK
6
CONTINUOUS
10
6.5434842125984254
20
-4.5860603937007873
11
6.5434841732283466
21
-4.5860601181102361
0
LINE
8
BLACK
6
CONTINUOUS
10
6.5434841732283466
20
-4.5860601181102361
11
6.5434841732283466
21
-4.5860600787401573
0
LINE
8
BLACK
6
CONTINUOUS
10
6.5434841732283466
20
-4.5860600787401573
11
6.5429029133858263
21
-4.5831377559055113
0
LINE
8
BLACK
6
CONTINUOUS
10
6.5429029133858263
20
-4.5831377559055113
11
6.5424710236220474
21
-4.5824913779527554
0
LINE
8
BLACK
6
CONTINUOUS
10
6.5424710236220474
20
-4.5824913779527554
11
6.5406883464566929
21
-4.5798234645669291
0
LINE
8
BLACK
6
CONTINUOUS
10
6.5406883464566929
20
-4.5798234645669291
11
6.5406883070866142
21
-4.5798234251968504
0
LINE
8
BLACK
6
CONTINUOUS
10
6.5406883070866142
20
-4.5798234251968504
11
6.5373740944881886
21
-4.5776088976377949
0
LINE
8
BLACK
6
CONTINUOUS
10
6.5373740944881886
20
-4.5776088976377949
11
6.5344514960629922
21
-4.5770275590551179
0
LINE
8
BLACK
6
CONTINUOUS
10
6.5344514960629922
20
-4.5770275590551179
11
6.5167297637795274
21
-4.5770275590551179
0
LINE
8
BLACK
6
CONTINUOUS
10
6.5167297637795274
20
-4.5770275590551179
11
6.5167293700787399
21
-4.5770275984251967
0
LINE
8
BLACK
6
CONTINUOUS
10
6.5167293700787399
20
-4.5770275984251967
11
6.5138070472440948
21
-4.5776088582677161
0
LINE
8
BLACK
6
CONTINUOUS
10
6.5138070472440948
20
-4.5776088582677161
11
6.5104927165354329
21
-4.5798234645669291
0
LINE
8
BLACK
6
CONTINUOUS
10
6.5104927165354329
20
-4.5798234645669291
11
6.5082781889763774
21
-4.5831376771653538
0
LINE
8
BLACK
6
CONTINUOUS
10
6.5082781889763774
20
-4.5831376771653538
11
6.5076968503937005
21
-4.5860602362204723
0
LINE
8
BLACK
6
CONTINUOUS
10
6.5076968503937005
20
-4.5860602362204723
11
6.5076968503937005
21
-4.5870472440944878
0
LINE
8
BLACK
6
CONTINUOUS
10
6.5076968503937005
20
-4.5870472440944878
11
6.5078740157480315
21
-4.5870472440944878
0
LINE
8
BLACK
6
CONTINUOUS
10
6.5078740157480315
20
-4.5870472440944878
11
6.5078740157480315
21
-4.6126377952755906
0
LINE
8
BLACK
6
CONTINUOUS
10
6.5078740157480315
20
-4.6126377952755906
11
6.5076968503937005
21
-4.6126377952755906
0
LINE
8
BLACK
6
CONTINUOUS
10
6.5076968503937005
20
-4.6126377952755906
11
6.5076968503937005
21
-4.6136245275590548
0
LINE
8
BLACK
6
CONTINUOUS
10
6.5076968503937005
20
-4.6136245275590548
11
6.5076968897637792
21
-4.6136249212598424
0
LINE
8
BLACK
6
CONTINUOUS
10
6.5076968897637792
20
-4.6136249212598424
11
6.5082781889763774
21
-4.6165472834645671
0
LINE
8
BLACK
6
CONTINUOUS
10
6.5082781889763774
20
-4.6165472834645671
11
6.5082781496062987
21
-4.6165472834645671
0
LINE
8
BLACK
6
CONTINUOUS
10
6.5082781496062987
20
-4.6165472834645671
11
6.5088292519685034
21
-4.6173719685039369
0
LINE
8
BLACK
6
CONTINUOUS
10
6.5088292519685034
20
-4.6173719685039369
11
6.5096645669291338
21
-4.6200393700787403
0
LINE
8
BLACK
6
CONTINUOUS
10
6.5096645669291338
20
-4.6200393700787403
11
6.5096653543307088
21
-4.6201280708661416
0
LINE
8
BLACK
6
CONTINUOUS
10
6.5096653543307088
20
-4.6201280708661416
11
6.5096653543307088
21
-4.6338266535433066
0
LINE
8
BLACK
6
CONTINUOUS
10
6.5096653543307088
20
-4.6338266535433066
11
6.5096652755905513
21
-4.6338278346456692
0
LINE
8
BLACK
6
CONTINUOUS
10
6.5096652755905513
20
-4.6338278346456692
11
6.5096652755905513
21
-4.6344064960629918
0
LINE
8
BLACK
6
CONTINUOUS
10
6.5096652755905513
20
-4.6344064960629918
11
6.5096639763779525
21
-4.6344109055118112
0
LINE
8
BLACK
6
CONTINUOUS
10
6.5096639763779525
20
-4.6344109055118112
11
6.5096640944881887
21
-4.6408866535433067
0
LINE
8
BLACK
6
CONTINUOUS
10
6.5096640944881887
20
-4.6408866535433067
11
6.5106549999999999
21
-4.6496791338582675
0
LINE
8
BLACK
6
CONTINUOUS
10
6.5106549999999999
20
-4.6496791338582675
11
6.5106550787401574
21
-4.6496794488188975
0
LINE
8
BLACK
6
CONTINUOUS
10
6.5106550787401574
20
-4.6496794488188975
11
6.5126242519685036
21
-4.6583057480314958
0
LINE
8
BLACK
6
CONTINUOUS
10
6.5126242519685036
20
-4.6583057480314958
11
6.5155467322834646
21
-4.6666568503937009
0
LINE
8
BLACK
6
CONTINUOUS
10
6.5155467322834646
20
-4.6666568503937009
11
6.5155468110236221
21
-4.6666570078740159
0
LINE
8
BLACK
6
CONTINUOUS
10
6.5155468110236221
20
-4.6666570078740159
11
6.5155468897637796
21
-4.6666572440944885
0
LINE
8
BLACK
6
CONTINUOUS
10
6.5155468897637796
20
-4.6666572440944885
11
6.5155471259842521
21
-4.6666577165354326
0
LINE
8
BLACK
6
CONTINUOUS
10
6.5155471259842521
20
-4.6666577165354326
11
6.5161580708661413
21
-4.6679262598425195
0
LINE
8
BLACK
6
CONTINUOUS
10
6.5161580708661413
20
-4.6679262598425195
11
6.5166123228346455
21
-4.6706842125984247
0
LINE
8
BLACK
6
CONTINUOUS
10
6.5166123228346455
20
-4.6706842125984247
11
6.5155033858267712
21
-4.6732499606299216
0
LINE
8
BLACK
6
CONTINUOUS
10
6.5155033858267712
20
-4.6732499606299216
11
6.5131833070866136
21
-4.6748088582677161
0
LINE
8
BLACK
6
CONTINUOUS
10
6.5131833070866136
20
-4.6748088582677161
11
6.5116887795275593
21
-4.67503937007874
0
LINE
8
BLACK
6
CONTINUOUS
10
6.5116887795275593
20
-4.67503937007874
11
6.0726794488188975
21
-4.67503937007874
0
LINE
8
BLACK
6
CONTINUOUS
10
6.0726794488188975
20
-4.67503937007874
11
6.0699975196850389
21
-4.674251889763779
0
LINE
8
BLACK
6
CONTINUOUS
10
6.0699975196850389
20
-4.674251889763779
11
6.0687441338582673
21
-4.6730988582677169
0
LINE
8
BLACK
6
CONTINUOUS
10
6.0687441338582673
20
-4.6730988582677169
11
6.0686036614173231
21
-4.6729158267716535
0
LINE
8
BLACK
6
CONTINUOUS
10
6.0686036614173231
20
-4.6729158267716535
11
6.0626074803149601
21
-4.6669196456692914
0
LINE
8
BLACK
6
CONTINUOUS
10
6.0626074803149601
20
-4.6669196456692914
11
6.0612678740157477
21
-4.664466417322835
0
LINE
8
BLACK
6
CONTINUOUS
10
6.0612678740157477
20
-4.664466417322835
11
6.0614672834645669
21
-4.6616784251968504
0
LINE
8
BLACK
6
CONTINUOUS
10
6.0614672834645669
20
-4.6616784251968504
11
6.063142362204724
21
-4.6594407874015751
0
LINE
8
BLACK
6
CONTINUOUS
10
6.063142362204724
20
-4.6594407874015751
11
6.0648312204724411
21
-4.6586203937007875
0
LINE
8
BLACK
6
CONTINUOUS
10
6.0648312204724411
20
-4.6586203937007875
11
6.0660037007874017
21
-4.6583062992125983
0
LINE
8
BLACK
6
CONTINUOUS
10
6.0660037007874017
20
-4.6583062992125983
11
6.0660038976377955
21
-4.6583061811023621
0
LINE
8
BLACK
6
CONTINUOUS
10
6.0660038976377955
20
-4.6583061811023621
11
6.0660040157480317
21
-4.6583061811023621
0
LINE
8
BLACK
6
CONTINUOUS
10
6.0660040157480317
20
-4.6583061811023621
11
6.0690206692913389
21
-4.6570567322834648
0
LINE
8
BLACK
6
CONTINUOUS
10
6.0690206692913389
20
-4.6570567322834648
11
6.0734321653543306
21
-4.6552295669291341
0
LINE
8
BLACK
6
CONTINUOUS
10
6.0734321653543306
20
-4.6552295669291341
11
6.0740685039370081
21
-4.6548622047244095
0
LINE
8
BLACK
6
CONTINUOUS
10
6.0740685039370081
20
-4.6548622047244095
11
6.0748406299212601
21
-4.6544164173228344
0
LINE
8
BLACK
6
CONTINUOUS
10
6.0748406299212601
20
-4.6544164173228344
11
6.0803954724409444
21
-4.6512094488188973
0
LINE
8
BLACK
6
CONTINUOUS
10
6.0803954724409444
20
-4.6512094488188973
11
6.0867744881889765
21
-4.6463148425196845
0
LINE
8
BLACK
6
CONTINUOUS
10
6.0867744881889765
20
-4.6463148425196845
11
6.0874116929133857
21
-4.6456775590551178
0
LINE
8
BLACK
6
CONTINUOUS
10
6.0874116929133857
20
-4.6456775590551178
11
6.0874121653543307
21
-4.645677204724409
0
LINE
8
BLACK
6
CONTINUOUS
10
6.0874121653543307
20
-4.645677204724409
11
6.0877682283464569
21
-4.645321102362205
0
LINE
8
BLACK
6
CONTINUOUS
10
6.0877682283464569
20
-4.645321102362205
11
6.0877683070866144
21
-4.645321102362205
0
LINE
8
BLACK
6
CONTINUOUS
10
6.0877683070866144
20
-4.645321102362205
11
6.1059164566929134
21
-4.6271728740157476
0
LINE
8
BLACK
6
CONTINUOUS
10
6.1059164566929134
20
-4.6271728740157476
11
6.1059168503937009
21
-4.6271725984251963
0
LINE
8
BLACK
6
CONTINUOUS
10
6.1059168503937009
20
-4.6271725984251963
11
6.1068685039370081
21
-4.6262209448818901
0
LINE
8
BLACK
6
CONTINUOUS
10
6.1068685039370081
20
-4.6262209448818901
11
6.1076531102362202
21
-4.6254362992125984
0
LINE
8
BLACK
6
CONTINUOUS
10
6.1076531102362202
20
-4.6254362992125984
11
6.1080360629921255
21
-4.6250532677165355
0
LINE
8
BLACK
6
CONTINUOUS
10
6.1080360629921255
20
-4.6250532677165355
11
6.1083207480314963
21
-4.6247900787401575
0
LINE
8
BLACK
6
CONTINUOUS
10
6.1083207480314963
20
-4.6247900787401575
11
6.1132879921259837
21
-4.6205474409448817
0
LINE
8
BLACK
6
CONTINUOUS
10
6.1132879921259837
20
-4.6205474409448817
11
6.1139174015748026
21
-4.6200901181102365
0
LINE
8
BLACK
6
CONTINUOUS
10
6.1139174015748026
20
-4.6200901181102365
11
6.1193194881889763
21
-4.6167796062992128
0
LINE
8
BLACK
6
CONTINUOUS
10
6.1193194881889763
20
-4.6167796062992128
11
6.1200126377952753
21
-4.6164264173228347
0
LINE
8
BLACK
6
CONTINUOUS
10
6.1200126377952753
20
-4.6164264173228347
11
6.1258655905511814
21
-4.6140019291338579
0
LINE
8
BLACK
6
CONTINUOUS
10
6.1258655905511814
20
-4.6140019291338579
11
6.1266055118110234
21
-4.613761456692913
0
LINE
8
BLACK
6
CONTINUOUS
10
6.1266055118110234
20
-4.613761456692913
11
6.1288880314960625
21
-4.6132134251968502
0
LINE
8
BLACK
6
CONTINUOUS
10
6.1288880314960625
20
-4.6132134251968502
11
6.1308218110236217
21
-4.6131374409448815
0
LINE
8
BLACK
6
CONTINUOUS
10
6.1308218110236217
20
-4.6131374409448815
11
6.1325142913385822
21
-4.6134055118110231
0
LINE
8
BLACK
6
CONTINUOUS
10
6.1325142913385822
20
-4.6134055118110231
11
6.1485880314960628
21
-4.6134054724409443
0
LINE
8
BLACK
6
CONTINUOUS
10
6.1485880314960628
20
-4.6134054724409443
11
6.1522942125984255
21
-4.6128185039370075
0
LINE
8
BLACK
6
CONTINUOUS
10
6.1522942125984255
20
-4.6128185039370075
11
6.1535581102362205
21
-4.6121745275590547
0
LINE
8
BLACK
6
CONTINUOUS
10
6.1535581102362205
20
-4.6121745275590547
11
6.1558101574803148
21
-4.6116338582677168
0
LINE
8
BLACK
6
CONTINUOUS
10
6.1558101574803148
20
-4.6116338582677168
11
6.1664627165354329
21
-4.6116338582677168
0
LINE
8
BLACK
6
CONTINUOUS
10
6.1664627165354329
20
-4.6116338582677168
11
6.1668519685039369
21
-4.6116491338582675
0
LINE
8
BLACK
6
CONTINUOUS
10
6.1668519685039369
20
-4.6116491338582675
11
6.1708420078740156
21
-4.6119631889763779
0
LINE
8
BLACK
6
CONTINUOUS
10
6.1708420078740156
20
-4.6119631889763779
11
6.1734538582677168
21
-4.6129587007874013
0
LINE
8
BLACK
6
CONTINUOUS
10
6.1734538582677168
20
-4.6129587007874013
11
6.1751128740157482
21
-4.6152082283464564
0
LINE
8
BLACK
6
CONTINUOUS
10
6.1751128740157482
20
-4.6152082283464564
11
6.1754133858267712
21
-4.6169084645669294
0
LINE
8
BLACK
6
CONTINUOUS
10
6.1754133858267712
20
-4.6169084645669294
11
6.1754133858267712
21
-4.6193128740157476
0
LINE
8
BLACK
6
CONTINUOUS
10
6.1754133858267712
20
-4.6193128740157476
11
6.1754134645669287
21
-4.6193138582677165
0
LINE
8
BLACK
6
CONTINUOUS
10
6.1754134645669287
20
-4.6193138582677165
11
6.1756613385826773
21
-4.6216201181102363
0
LINE
8
BLACK
6
CONTINUOUS
10
6.1756613385826773
20
-4.6216201181102363
11
6.175661377952756
21
-4.6216203149606301
0
LINE
8
BLACK
6
CONTINUOUS
10
6.175661377952756
20
-4.6216203149606301
11
6.1756614173228348
21
-4.6216203543307088
0
LINE
8
BLACK
6
CONTINUOUS
10
6.1756614173228348
20
-4.6216203543307088
11
6.1776079527559054
21
-4.6268391732283467
0
LINE
8
BLACK
6
CONTINUOUS
10
6.1776079527559054
20
-4.6268391732283467
11
6.1776079921259841
21
-4.6268392125984255
0
LINE
8
BLACK
6
CONTINUOUS
10
6.1776079921259841
20
-4.6268392125984255
11
6.1776080314960629
21
-4.6268393307086617
0
LINE
8
BLACK
6
CONTINUOUS
10
6.1776080314960629
20
-4.6268393307086617
11
6.180945866141732
21
-4.6312981889763778
0
LINE
8
BLACK
6
CONTINUOUS
10
6.180945866141732
20
-4.6312981889763778
11
6.1854047637795277
21
-4.634636023622047
0
LINE
8
BLACK
6
CONTINUOUS
10
6.1854047637795277
20
-4.634636023622047
11
6.1854049212598428
21
-4.6346361417322832
0
LINE
8
BLACK
6
CONTINUOUS
10
6.1854049212598428
20
-4.6346361417322832
11
6.1906235826771656
21
-4.6365826377952759
0
LINE
8
BLACK
6
CONTINUOUS
10
6.1906235826771656
20
-4.6365826377952759
11
6.1906238976377947
21
-4.6365827165354325
0
LINE
8
BLACK
6
CONTINUOUS
10
6.1906238976377947
20
-4.6365827165354325
11
6.1917772834645666
21
-4.6367066929133856
0
LINE
8
BLACK
6
CONTINUOUS
10
6.1917772834645666
20
-4.6367066929133856
11
6.1929308267716534
21
-4.6368307086614173
0
LINE
8
BLACK
6
CONTINUOUS
10
6.1929308267716534
20
-4.6368307086614173
11
6.2192738582677167
21
-4.6368306692913386
0
LINE
8
BLACK
6
CONTINUOUS
10
6.2192738582677167
20
-4.6368306692913386
11
6.220291653543307
21
-4.6367212598425196
0
LINE
8
BLACK
6
CONTINUOUS
10
6.220291653543307
20
-4.6367212598425196
11
6.2215807480314957
21
-4.6365827165354325
0
LINE
8
BLACK
6
CONTINUOUS
10
6.2215807480314957
20
-4.6365827165354325
11
6.2215807874015745
21
-4.6365826771653547
0
LINE
8
BLACK
6
CONTINUOUS
10
6.2215807874015745
20
-4.6365826771653547
11
6.2215809842519683
21
-4.6365826771653547
0
LINE
8
BLACK
6
CONTINUOUS
10
6.2215809842519683
20
-4.6365826771653547
11
6.2267998031496061
21
-4.6346361417322832
0
LINE
8
BLACK
6
CONTINUOUS
10
6.2267998031496061
20
-4.6346361417322832
11
6.2312588188976372
21
-4.6312981889763778
0
LINE
8
BLACK
6
CONTINUOUS
10
6.2312588188976372
20
-4.6312981889763778
11
6.2345967716535435
21
-4.6268391732283467
0
LINE
8
BLACK
6
CONTINUOUS
10
6.2345967716535435
20
-4.6268391732283467
11
6.2359033464566931
21
-4.6233360236220475
0
LINE
8
BLACK
6
CONTINUOUS
10
6.2359033464566931
20
-4.6233360236220475
11
6.2375783858267715
21
-4.6210985433070864
0
LINE
8
BLACK
6
CONTINUOUS
10
6.2375783858267715
20
-4.6210985433070864
11
6.2401973228346455
21
-4.6201217322834642
0
LINE
8
BLACK
6
CONTINUOUS
10
6.2401973228346455
20
-4.6201217322834642
11
6.2429285826771652
21
-4.620715905511811
0
LINE
8
BLACK
6
CONTINUOUS
10
6.2429285826771652
20
-4.620715905511811
11
6.2449050393700789
21
-4.6226923622047247
0
LINE
8
BLACK
6
CONTINUOUS
10
6.2449050393700789
20
-4.6226923622047247
11
6.2451988188976379
21
-4.6233356692913388
0
LINE
8
BLACK
6
CONTINUOUS
10
6.2451988188976379
20
-4.6233356692913388
11
6.2465055905511813
21
-4.6268391732283467
0
LINE
8
BLACK
6
CONTINUOUS
10
6.2465055905511813
20
-4.6268391732283467
11
6.24650562992126
21
-4.6268392125984255
0
LINE
8
BLACK
6
CONTINUOUS
10
6.24650562992126
20
-4.6268392125984255
11
6.2465056692913388
21
-4.6268393307086617
0
LINE
8
BLACK
6
CONTINUOUS
10
6.2465056692913388
20
-4.6268393307086617
11
6.2498435039370079
21
-4.6312981889763778
0
LINE
8
BLACK
6
CONTINUOUS
10
6.2498435039370079
20
-4.6312981889763778
11
6.2543024015748028
21
-4.634636023622047
0
LINE
8
BLACK
6
CONTINUOUS
10
6.2543024015748028
20
-4.634636023622047
11
6.2543025590551178
21
-4.6346361417322832
0
LINE
8
BLACK
6
CONTINUOUS
10
6.2543025590551178
20
-4.6346361417322832
11
6.2595212204724406
21
-4.6365826377952759
0
LINE
8
BLACK
6
CONTINUOUS
10
6.2595212204724406
20
-4.6365826377952759
11
6.2595215354330707
21
-4.6365827165354325
0
LINE
8
BLACK
6
CONTINUOUS
10
6.2595215354330707
20
-4.6365827165354325
11
6.2606749212598425
21
-4.6367066929133856
0
LINE
8
BLACK
6
CONTINUOUS
10
6.2606749212598425
20
-4.6367066929133856
11
6.2618284645669293
21
-4.6368307086614173
0
LINE
8
BLACK
6
CONTINUOUS
10
6.2618284645669293
20
-4.6368307086614173
11
6.2881714960629917
21
-4.6368306692913386
0
LINE
8
BLACK
6
CONTINUOUS
10
6.2881714960629917
20
-4.6368306692913386
11
6.289189291338583
21
-4.6367212598425196
0
LINE
8
BLACK
6
CONTINUOUS
10
6.289189291338583
20
-4.6367212598425196
11
6.2904783858267717
21
-4.6365827165354325
0
LINE
8
BLACK
6
CONTINUOUS
10
6.2904783858267717
20
-4.6365827165354325
11
6.2904784251968504
21
-4.6365826771653547
0
LINE
8
BLACK
6
CONTINUOUS
10
6.2904784251968504
20
-4.6365826771653547
11
6.2904786220472442
21
-4.6365826771653547
0
LINE
8
BLACK
6
CONTINUOUS
10
6.2904786220472442
20
-4.6365826771653547
11
6.295697440944882
21
-4.6346361417322832
0
LINE
8
BLACK
6
CONTINUOUS
10
6.295697440944882
20
-4.6346361417322832
11
6.3001564566929131
21
-4.6312981889763778
0
LINE
8
BLACK
6
CONTINUOUS
10
6.3001564566929131
20
-4.6312981889763778
11
6.3034944094488186
21
-4.6268391732283467
0
LINE
8
BLACK
6
CONTINUOUS
10
6.3034944094488186
20
-4.6268391732283467
11
6.3040120078740154
21
-4.6254513385826774
0
LINE
8
BLACK
6
CONTINUOUS
10
6.3040120078740154
20
-4.6254513385826774
11
6.3056870472440947
21
-4.6232138582677162
0
LINE
8
BLACK
6
CONTINUOUS
10
6.3056870472440947
20
-4.6232138582677162
11
6.3083059842519686
21
-4.6222370472440941
0
LINE
8
BLACK
6
CONTINUOUS
10
6.3083059842519686
20
-4.6222370472440941
11
6.3086598425196847
21
-4.622224409448819
0
LINE
8
BLACK
6
CONTINUOUS
10
6.3086598425196847
20
-4.622224409448819
11
6.3284927165354325
21
-4.622224409448819
0
LINE
8
BLACK
6
CONTINUOUS
10
6.3284927165354325
20
-4.622224409448819
11
6.3311746456692912
21
-4.6230118897637791
0
LINE
8
BLACK
6
CONTINUOUS
10
6.3311746456692912
20
-4.6230118897637791
11
6.3330050787401575
21
-4.6251243307086609
0
LINE
8
BLACK
6
CONTINUOUS
10
6.3330050787401575
20
-4.6251243307086609
11
6.3331405511811019
21
-4.6254514566929137
0
LINE
8
BLACK
6
CONTINUOUS
10
6.3331405511811019
20
-4.6254514566929137
11
6.3340252362204721
21
-4.6278233464566929
0
LINE
8
BLACK
6
CONTINUOUS
10
6.3340252362204721
20
-4.6278233464566929
11
6.3340253543307083
21
-4.6278235433070867
0
LINE
8
BLACK
6
CONTINUOUS
10
6.3340253543307083
20
-4.6278235433070867
11
6.3373631889763775
21
-4.6322824409448815
0
LINE
8
BLACK
6
CONTINUOUS
10
6.3373631889763775
20
-4.6322824409448815
11
6.3418220866141732
21
-4.6356202755905507
0
LINE
8
BLACK
6
CONTINUOUS
10
6.3418220866141732
20
-4.6356202755905507
11
6.3418222440944882
21
-4.6356203937007869
0
LINE
8
BLACK
6
CONTINUOUS
10
6.3418222440944882
20
-4.6356203937007869
11
6.3470409055118111
21
-4.6375668897637796
0
LINE
8
BLACK
6
CONTINUOUS
10
6.3470409055118111
20
-4.6375668897637796
11
6.3470412204724411
21
-4.6375669685039371
0
LINE
8
BLACK
6
CONTINUOUS
10
6.3470412204724411
20
-4.6375669685039371
11
6.3481946062992121
21
-4.6376909448818893
0
LINE
8
BLACK
6
CONTINUOUS
10
6.3481946062992121
20
-4.6376909448818893
11
6.3493481496062989
21
-4.637814960629921
0
LINE
8
BLACK
6
CONTINUOUS
10
6.3493481496062989
20
-4.637814960629921
11
6.3717541732283465
21
-4.6378149212598423
0
LINE
8
BLACK
6
CONTINUOUS
10
6.3717541732283465
20
-4.6378149212598423
11
6.3727719685039368
21
-4.6377055118110233
0
LINE
8
BLACK
6
CONTINUOUS
10
6.3727719685039368
20
-4.6377055118110233
11
6.3740610629921255
21
-4.6375669685039371
0
LINE
8
BLACK
6
CONTINUOUS
10
6.3740610629921255
20
-4.6375669685039371
11
6.3740611023622042
21
-4.6375669291338584
0
LINE
8
BLACK
6
CONTINUOUS
10
6.3740611023622042
20
-4.6375669291338584
11
6.374061299212598
21
-4.6375669291338584
0
LINE
8
BLACK
6
CONTINUOUS
10
6.374061299212598
20
-4.6375669291338584
11
6.3792801181102359
21
-4.6356203937007869
0
LINE
8
BLACK
6
CONTINUOUS
10
6.3792801181102359
20
-4.6356203937007869
11
6.3837391338582679
21
-4.6322824409448815
0
LINE
8
BLACK
6
CONTINUOUS
10
6.3837391338582679
20
-4.6322824409448815
11
6.3870770866141733
21
-4.6278234251968504
0
LINE
8
BLACK
6
CONTINUOUS
10
6.3870770866141733
20
-4.6278234251968504
11
6.3882088188976374
21
-4.6247891732283462
0
LINE
8
BLACK
6
CONTINUOUS
10
6.3882088188976374
20
-4.6247891732283462
11
6.3889016141732284
21
-4.6229317716535432
0
LINE
8
BLACK
6
CONTINUOUS
10
6.3889016141732284
20
-4.6229317716535432
11
6.3905766929133856
21
-4.6206941338582679
0
LINE
8
BLACK
6
CONTINUOUS
10
6.3905766929133856
20
-4.6206941338582679
11
6.3931955905511808
21
-4.6197173622047245
0
LINE
8
BLACK
6
CONTINUOUS
10
6.3931955905511808
20
-4.6197173622047245
11
6.3935494488188978
21
-4.6197047244094485
0
LINE
8
BLACK
6
CONTINUOUS
10
6.3935494488188978
20
-4.6197047244094485
11
6.4575720866141735
21
-4.6197047244094485
0
LINE
8
BLACK
6
CONTINUOUS
10
6.4575720866141735
20
-4.6197047244094485
11
6.4602540157480313
21
-4.6204922047244095
0
LINE
8
BLACK
6
CONTINUOUS
10
6.4602540157480313
20
-4.6204922047244095
11
6.4603273228346456
21
-4.6205402362204726
0
LINE
8
BLACK
6
CONTINUOUS
10
6.4603273228346456
20
-4.6205402362204726
11
6.4626259448818892
21
-4.6220761417322835
0
LINE
8
BLACK
6
CONTINUOUS
10
6.4626259448818892
20
-4.6220761417322835
11
6.4655485433070865
21
-4.6226574803149605
0
LINE
8
BLACK
6
CONTINUOUS
10
6.4655485433070865
20
-4.6226574803149605
11
6.4832703149606301
21
-4.6226574409448817
0
LINE
8
BLACK
6
CONTINUOUS
10
6.4832703149606301
20
-4.6226574409448817
11
6.4832704330708664
21
-4.622657401574803
0
LINE
8
BLACK
6
CONTINUOUS
10
6.4832704330708664
20
-4.622657401574803
11
6.4832705905511814
21
-4.622657401574803
0
LINE
8
BLACK
6
CONTINUOUS
10
6.4832705905511814
20
-4.622657401574803
11
6.4852096850393703
21
-4.6222716929133858
0
LINE
8
BLACK
6
CONTINUOUS
10
6.4852096850393703
20
-4.6222716929133858
11
6.4861929527559052
21
-4.6220761417322835
0
LINE
8
BLACK
6
CONTINUOUS
10
6.4861929527559052
20
-4.6220761417322835
11
6.4895072440944883
21
-4.6198615748031493
0
LINE
8
BLACK
6
CONTINUOUS
10
6.4895072440944883
20
-4.6198615748031493
11
6.4917218110236217
21
-4.6165472834645671
0
LINE
8
BLACK
6
CONTINUOUS
10
6.4917218110236217
20
-4.6165472834645671
11
6.4923031496062995
21
-4.6136246850393698
0
LINE
8
BLACK
6
CONTINUOUS
10
6.4923031496062995
20
-4.6136246850393698
11
6.4923031496062995
21
-4.6126377952755906
0
LINE
8
BLACK
6
CONTINUOUS
10
6.4923031496062995
20
-4.6126377952755906
11
6.4921259842519685
21
-4.6126377952755906
0
LINE
8
BLACK
6
CONTINUOUS
10
6.4921259842519685
20
-4.6126377952755906
11
6.4921259842519685
21
-4.5870472440944878
0
LINE
8
BLACK
6
CONTINUOUS
10
6.4921259842519685
20
-4.5870472440944878
11
6.4923031102362208
21
-4.5870472440944878
0
LINE
8
BLACK
6
CONTINUOUS
10
6.4923031102362208
20
-4.5870472440944878
11
6.4923031102362208
21
-4.5860604724409448
0
LINE
8
BLACK
6
CONTINUOUS
10
6.4923031102362208
20
-4.5860604724409448
11
6.492303070866142
21
-4.5860601181102361
0
LINE
8
BLACK
6
CONTINUOUS
10
6.492303070866142
20
-4.5860601181102361
11
6.4917218110236217
21
-4.5831377559055113
0
LINE
8
BLACK
6
CONTINUOUS
10
6.4917218110236217
20
-4.5831377559055113
11
6.4912899212598427
21
-4.5824913779527554
0
LINE
8
BLACK
6
CONTINUOUS
10
6.4912899212598427
20
-4.5824913779527554
11
6.4895072440944883
21
-4.5798234645669291
0
LINE
8
BLACK
6
CONTINUOUS
10
6.4895072440944883
20
-4.5798234645669291
11
6.4895072047244096
21
-4.5798234251968504
0
LINE
8
BLACK
6
CONTINUOUS
10
6.4895072047244096
20
-4.5798234251968504
11
6.486192992125984
21
-4.5776088976377949
0
LINE
8
BLACK
6
CONTINUOUS
10
6.486192992125984
20
-4.5776088976377949
11
6.4832703937007876
21
-4.5770275590551179
0
LINE
8
BLACK
6
CONTINUOUS
10
6.4832703937007876
20
-4.5770275590551179
11
6.4655486614173228
21
-4.5770275590551179
0
LINE
8
BLACK
6
CONTINUOUS
10
6.4655486614173228
20
-4.5770275590551179
11
6.4655482677165352
21
-4.5770275984251967
0
LINE
8
BLACK
6
CONTINUOUS
10
6.4655482677165352
20
-4.5770275984251967
11
6.462625984251968
21
-4.5776088582677161
0
LINE
8
BLACK
6
CONTINUOUS
10
6.462625984251968
20
-4.5776088582677161
11
6.4626259448818892
21
-4.5776088976377949
0
LINE
8
BLACK
6
CONTINUOUS
10
6.4626259448818892
20
-4.5776088976377949
11
6.4603280314960632
21
-4.5791442913385829
0
LINE
8
BLACK
6
CONTINUOUS
10
6.4603280314960632
20
-4.5791442913385829
11
6.4576607086614173
21
-4.5799795275590549
0
LINE
8
BLACK
6
CONTINUOUS
10
6.4576607086614173
20
-4.5799795275590549
11
6.4575721259842522
21
-4.57998031496063
0
LINE
8
BLACK
6
CONTINUOUS
10
6.4575721259842522
20
-4.57998031496063
11
6.3827328740157476
21
-4.57998031496063
0
LINE
8
BLACK
6
CONTINUOUS
10
6.3827328740157476
20
-4.57998031496063
11
6.3800509448818898
21
-4.579192834645669
0
LINE
8
BLACK
6
CONTINUOUS
10
6.3800509448818898
20
-4.579192834645669
11
6.3797601181102364
21
-4.5789909055118105
0
LINE
8
BLACK
6
CONTINUOUS
10
6.3797601181102364
20
-4.5789909055118105
11
6.3792801181102359
21
-4.5786315748031496
0
LINE
8
BLACK
6
CONTINUOUS
10
6.3792801181102359
20
-4.5786315748031496
11
6.3792800393700784
21
-4.5786315354330709
0
LINE
8
BLACK
6
CONTINUOUS
10
6.3792800393700784
20
-4.5786315354330709
11
6.3792800787401571
21
-4.5786315354330709
0
LINE
8
BLACK
6
CONTINUOUS
10
6.3792800787401571
20
-4.5786315354330709
11
6.3740614173228343
21
-4.5766850393700782
0
LINE
8
BLACK
6
CONTINUOUS
10
6.3740614173228343
20
-4.5766850393700782
11
6.3740611023622042
21
-4.5766849606299216
0
LINE
8
BLACK
6
CONTINUOUS
10
6.3740611023622042
20
-4.5766849606299216
11
6.3717543307086615
21
-4.5764370078740155
0
LINE
8
BLACK
6
CONTINUOUS
10
6.3717543307086615
20
-4.5764370078740155
11
6.3493484645669289
21
-4.5764370078740155
0
LINE
8
BLACK
6
CONTINUOUS
10
6.3493484645669289
20
-4.5764370078740155
11
6.3493475196850389
21
-4.576437086614173
0
LINE
8
BLACK
6
CONTINUOUS
10
6.3493475196850389
20
-4.576437086614173
11
6.3470412598425199
21
-4.5766849606299216
0
LINE
8
BLACK
6
CONTINUOUS
10
6.3470412598425199
20
-4.5766849606299216
11
6.3461226377952755
21
-4.5770275984251967
0
LINE
8
BLACK
6
CONTINUOUS
10
6.3461226377952755
20
-4.5770275984251967
11
6.3419157874015744
21
-4.5785966929133854
0
LINE
8
BLACK
6
CONTINUOUS
10
6.3419157874015744
20
-4.5785966929133854
11
6.3418220472440945
21
-4.5786316535433071
0
LINE
8
BLACK
6
CONTINUOUS
10
6.3418220472440945
20
-4.5786316535433071
11
6.3379763385826768
21
-4.5815105511811023
0
LINE
8
BLACK
6
CONTINUOUS
10
6.3379763385826768
20
-4.5815105511811023
11
6.3353574409448816
21
-4.5824873622047244
0
LINE
8
BLACK
6
CONTINUOUS
10
6.3353574409448816
20
-4.5824873622047244
11
6.3350035433070868
21
-4.5824999999999996
0
LINE
8
BLACK
6
CONTINUOUS
10
6.3350035433070868
20
-4.5824999999999996
11
6.2985716929133853
21
-4.5824999999999996
0
LINE
8
BLACK
6
CONTINUOUS
10
6.2985716929133853
20
-4.5824999999999996
11
6.2960122440944879
21
-4.5817484645669291
0
LINE
8
BLACK
6
CONTINUOUS
10
6.2960122440944879
20
-4.5817484645669291
11
6.2960090157480311
21
-4.5817544488188977
0
LINE
8
BLACK
6
CONTINUOUS
10
6.2960090157480311
20
-4.5817544488188977
11
6.2959816141732281
21
-4.5817394881889761
0
LINE
8
BLACK
6
CONTINUOUS
10
6.2959816141732281
20
-4.5817394881889761
11
6.2958897637795275
21
-4.5817125196850395
0
LINE
8
BLACK
6
CONTINUOUS
10
6.2958897637795275
20
-4.5817125196850395
11
6.2957335826771654
21
-4.5816040551181105
0
LINE
8
BLACK
6
CONTINUOUS
10
6.2957335826771654
20
-4.5816040551181105
11
6.2956974015748033
21
-4.5815842913385829
0
LINE
8
BLACK
6
CONTINUOUS
10
6.2956974015748033
20
-4.5815842913385829
11
6.2904787401574804
21
-4.5796377952755902
0
LINE
8
BLACK
6
CONTINUOUS
10
6.2904787401574804
20
-4.5796377952755902
11
6.2904784251968504
21
-4.5796377165354327
0
LINE
8
BLACK
6
CONTINUOUS
10
6.2904784251968504
20
-4.5796377165354327
11
6.2881716535433068
21
-4.5793897637795276
0
LINE
8
BLACK
6
CONTINUOUS
10
6.2881716535433068
20
-4.5793897637795276
11
6.2618287795275593
21
-4.5793897637795276
0
LINE
8
BLACK
6
CONTINUOUS
10
6.2618287795275593
20
-4.5793897637795276
11
6.2618278346456693
21
-4.5793898425196851
0
LINE
8
BLACK
6
CONTINUOUS
10
6.2618278346456693
20
-4.5793898425196851
11
6.2595215748031494
21
-4.5796377165354327
0
LINE
8
BLACK
6
CONTINUOUS
10
6.2595215748031494
20
-4.5796377165354327
11
6.2582328740157482
21
-4.5801183858267711
0
LINE
8
BLACK
6
CONTINUOUS
10
6.2582328740157482
20
-4.5801183858267711
11
6.2545003937007877
21
-4.5815105511811023
0
LINE
8
BLACK
6
CONTINUOUS
10
6.2545003937007877
20
-4.5815105511811023
11
6.254302362204724
21
-4.5815844094488192
0
LINE
8
BLACK
6
CONTINUOUS
10
6.254302362204724
20
-4.5815844094488192
11
6.2498435039370079
21
-4.5849222440944883
0
LINE
8
BLACK
6
CONTINUOUS
10
6.2498435039370079
20
-4.5849222440944883
11
6.2465056692913388
21
-4.5893811417322832
0
LINE
8
BLACK
6
CONTINUOUS
10
6.2465056692913388
20
-4.5893811417322832
11
6.2465055905511813
21
-4.5893812598425194
0
LINE
8
BLACK
6
CONTINUOUS
10
6.2465055905511813
20
-4.5893812598425194
11
6.245198976377953
21
-4.5928843307086611
0
LINE
8
BLACK
6
CONTINUOUS
10
6.245198976377953
20
-4.5928843307086611
11
6.2435238976377949
21
-4.5951219291338585
0
LINE
8
BLACK
6
CONTINUOUS
10
6.2435238976377949
20
-4.5951219291338585
11
6.240904960629921
21
-4.5960987007874019
0
LINE
8
BLACK
6
CONTINUOUS
10
6.240904960629921
20
-4.5960987007874019
11
6.2381737007874012
21
-4.5955045275590551
0
LINE
8
BLACK
6
CONTINUOUS
10
6.2381737007874012
20
-4.5955045275590551
11
6.2361972834645671
21
-4.5935280314960627
0
LINE
8
BLACK
6
CONTINUOUS
10
6.2361972834645671
20
-4.5935280314960627
11
6.2359035039370081
21
-4.5928848031496061
0
LINE
8
BLACK
6
CONTINUOUS
10
6.2359035039370081
20
-4.5928848031496061
11
6.2345967716535435
21
-4.5893812992125982
0
LINE
8
BLACK
6
CONTINUOUS
10
6.2345967716535435
20
-4.5893812992125982
11
6.234596692913386
21
-4.5893812204724407
0
LINE
8
BLACK
6
CONTINUOUS
10
6.234596692913386
20
-4.5893812204724407
11
6.234596692913386
21
-4.5893811417322832
0
LINE
8
BLACK
6
CONTINUOUS
10
6.234596692913386
20
-4.5893811417322832
11
6.2312588188976372
21
-4.5849222440944883
0
LINE
8
BLACK
6
CONTINUOUS
10
6.2312588188976372
20
-4.5849222440944883
11
6.2267999212598424
21
-4.5815844094488192
0
LINE
8
BLACK
6
CONTINUOUS
10
6.2267999212598424
20
-4.5815844094488192
11
6.2267997637795274
21
-4.5815842913385829
0
LINE
8
BLACK
6
CONTINUOUS
10
6.2267997637795274
20
-4.5815842913385829
11
6.2215811023622045
21
-4.5796377952755902
0
LINE
8
BLACK
6
CONTINUOUS
10
6.2215811023622045
20
-4.5796377952755902
11
6.2215807874015745
21
-4.5796377165354327
0
LINE
8
BLACK
6
CONTINUOUS
10
6.2215807874015745
20
-4.5796377165354327
11
6.2192743307086609
21
-4.5793897637795276
0
LINE
8
BLACK
6
CONTINUOUS
10
6.2192743307086609
20
-4.5793897637795276
11
6.2192738976377955
21
-4.5793897637795276
0
LINE
8
BLACK
6
CONTINUOUS
10
6.2192738976377955
20
-4.5793897637795276
11
6.200750196850394
21
-4.5793897637795276
0
LINE
8
BLACK
6
CONTINUOUS
10
6.200750196850394
20
-4.5793897637795276
11
6.1988517322834644
21
-4.579012125984252
0
LINE
8
BLACK
6
CONTINUOUS
10
6.1988517322834644
20
-4.579012125984252
11
6.1977666535433071
21
-4.5785626377952751
0
LINE
8
BLACK
6
CONTINUOUS
10
6.1977666535433071
20
-4.5785626377952751
11
6.1955902755905514
21
-4.5768087007874012
0
LINE
8
BLACK
6
CONTINUOUS
10
6.1955902755905514
20
-4.5768087007874012
11
6.1947076377952754
21
-4.5741565748031494
0
LINE
8
BLACK
6
CONTINUOUS
10
6.1947076377952754
20
-4.5741565748031494
11
6.1953989763779527
21
-4.5714482677165353
0
LINE
8
BLACK
6
CONTINUOUS
10
6.1953989763779527
20
-4.5714482677165353
11
6.1974447637795276
21
-4.569543661417323
0
LINE
8
BLACK
6
CONTINUOUS
10
6.1974447637795276
20
-4.569543661417323
11
6.1977662598425196
21
-4.5693968503937006
0
LINE
8
BLACK
6
CONTINUOUS
10
6.1977662598425196
20
-4.5693968503937006
11
6.1982790944881891
21
-4.5691844094488188
0
LINE
8
BLACK
6
CONTINUOUS
10
6.1982790944881891
20
-4.5691844094488188
11
6.1984879527559054
21
-4.5690979527559055
0
LINE
8
BLACK
6
CONTINUOUS
10
6.1984879527559054
20
-4.5690979527559055
11
6.2003860629921261
21
-4.5687204330708662
0
LINE
8
BLACK
6
CONTINUOUS
10
6.2003860629921261
20
-4.5687204330708662
11
6.2192735826771655
21
-4.5687204330708662
0
LINE
8
BLACK
6
CONTINUOUS
10
6.2192735826771655
20
-4.5687204330708662
11
6.2192738582677167
21
-4.5687204330708662
0
LINE
8
BLACK
6
CONTINUOUS
10
6.2192738582677167
20
-4.5687204330708662
11
6.220291653543307
21
-4.5686110236220472
0
LINE
8
BLACK
6
CONTINUOUS
10
6.220291653543307
20
-4.5686110236220472
11
6.2215807480314957
21
-4.5684724803149601
0
LINE
8
BLACK
6
CONTINUOUS
10
6.2215807480314957
20
-4.5684724803149601
11
6.2215807874015745
21
-4.5684724409448814
0
LINE
8
BLACK
6
CONTINUOUS
10
6.2215807874015745
20
-4.5684724409448814
11
6.2215809842519683
21
-4.5684724409448814
0
LINE
8
BLACK
6
CONTINUOUS
10
6.2215809842519683
20
-4.5684724409448814
11
6.2267998031496061
21
-4.5665259055118108
0
LINE
8
BLACK
6
CONTINUOUS
10
6.2267998031496061
20
-4.5665259055118108
11
6.2312588188976372
21
-4.5631879527559054
0
LINE
8
BLACK
6
CONTINUOUS
10
6.2312588188976372
20
-4.5631879527559054
11
6.2345967716535435
21
-4.5587289370078743
0
LINE
8
BLACK
6
CONTINUOUS
10
6.2345967716535435
20
-4.5587289370078743
11
6.2364507480314959
21
-4.5537582677165354
0
LINE
8
BLACK
6
CONTINUOUS
10
6.2364507480314959
20
-4.5537582677165354
11
6.2365432677165353
21
-4.5535102362204727
0
LINE
8
BLACK
6
CONTINUOUS
10
6.2365432677165353
20
-4.5535102362204727
11
6.2365433464566928
21
-4.5535099212598427
0
LINE
8
BLACK
6
CONTINUOUS
10
6.2365433464566928
20
-4.5535099212598427
11
6.236791299212598
21
-4.551203464566929
0
LINE
8
BLACK
6
CONTINUOUS
10
6.236791299212598
20
-4.551203464566929
11
6.236791299212598
21
-4.5512033858267715
0
LINE
8
BLACK
6
CONTINUOUS
10
6.236791299212598
20
-4.5512033858267715
11
6.2367913385826768
21
-4.5512030314960628
0
LINE
8
BLACK
6
CONTINUOUS
10
6.2367913385826768
20
-4.5512030314960628
11
6.236791299212598
21
-4.5287970078740161
0
LINE
8
BLACK
6
CONTINUOUS
10
6.236791299212598
20
-4.5287970078740161
11
6.2365953543307082
21
-4.5269739763779526
0
LINE
8
BLACK
6
CONTINUOUS
10
6.2365953543307082
20
-4.5269739763779526
11
6.2365433464566928
21
-4.5264900787401574
0
LINE
8
BLACK
6
CONTINUOUS
10
6.2365433464566928
20
-4.5264900787401574
11
6.2365433070866141
21
-4.5264899999999999
0
LINE
8
BLACK
6
CONTINUOUS
10
6.2365433070866141
20
-4.5264899999999999
11
6.2365433070866141
21
-4.5264898818897636
0
LINE
8
BLACK
6
CONTINUOUS
10
6.2365433070866141
20
-4.5264898818897636
11
6.2359875984251971
21
-4.5249999606299207
0
LINE
8
BLACK
6
CONTINUOUS
10
6.2359875984251971
20
-4.5249999606299207
11
6.2345967716535435
21
-4.5212710629921258
0
LINE
8
BLACK
6
CONTINUOUS
10
6.2345967716535435
20
-4.5212710629921258
11
6.2345966535433073
21
-4.5212709055118108
0
LINE
8
BLACK
6
CONTINUOUS
10
6.2345966535433073
20
-4.5212709055118108
11
6.2345966535433073
21
-4.521270866141732
0
LINE
8
BLACK
6
CONTINUOUS
10
6.2345966535433073
20
-4.521270866141732
11
6.2312588188976372
21
-4.5168120078740159
0
LINE
8
BLACK
6
CONTINUOUS
10
6.2312588188976372
20
-4.5168120078740159
11
6.2267999212598424
21
-4.5134741732283468
0
LINE
8
BLACK
6
CONTINUOUS
10
6.2267999212598424
20
-4.5134741732283468
11
6.2267997637795274
21
-4.5134740551181105
0
LINE
8
BLACK
6
CONTINUOUS
10
6.2267997637795274
20
-4.5134740551181105
11
6.2215811023622045
21
-4.5115275590551178
0
LINE
8
BLACK
6
CONTINUOUS
10
6.2215811023622045
20
-4.5115275590551178
11
6.2215807874015745
21
-4.5115274803149603
0
LINE
8
BLACK
6
CONTINUOUS
10
6.2215807874015745
20
-4.5115274803149603
11
6.2192740157480317
21
-4.5112795275590551
0
LINE
8
BLACK
6
CONTINUOUS
10
6.2192740157480317
20
-4.5112795275590551
11
6.1929311417322834
21
-4.5112795275590551
0
LINE
8
BLACK
6
CONTINUOUS
10
6.1929311417322834
20
-4.5112795275590551
11
6.1929301968503934
21
-4.5112796062992127
0
LINE
8
BLACK
6
CONTINUOUS
10
5.8067154330708659
20
-4.6661811023622048
11
5.8066307874015743
21
-4.6662205511811026
0
LINE
8
BLACK
6
CONTINUOUS
10
5.8066307874015743
20
-4.6662205511811026
11
5.8066067322834645
21
-4.6662360629921258
0
LINE
8
BLACK
6
CONTINUOUS
10
5.8066067322834645
20
-4.6662360629921258
11
5.8065973228346452
21
-4.6662388188976376
0
LINE
8
BLACK
6
CONTINUOUS
10
5.8065973228346452
20
-4.6662388188976376
11
5.8065823228346458
21
-4.6662431496062995
0
LINE
8
BLACK
6
CONTINUOUS
10
5.8065823228346458
20
-4.6662431496062995
11
5.8025932283464563
21
-4.6681033070866143
0
LINE
8
BLACK
6
CONTINUOUS
10
5.8025932283464563
20
-4.6681033070866143
11
5.7994812598425192
21
-4.6712152755905514
0
LINE
8
BLACK
6
CONTINUOUS
10
5.7994812598425192
20
-4.6712152755905514
11
5.7976211417322832
21
-4.6752043307086613
0
LINE
8
BLACK
6
CONTINUOUS
10
5.7976211417322832
20
-4.6752043307086613
11
5.7973818897637797
21
-4.6770216929133861
0
LINE
8
BLACK
6
CONTINUOUS
10
5.7973818897637797
20
-4.6770216929133861
11
5.7973818897637797
21
-4.6840202755905507
0
LINE
8
BLACK
6
CONTINUOUS
10
5.7973818897637797
20
-4.6840202755905507
11
5.7965944094488187
21
-4.6867022047244093
0
LINE
8
BLACK
6
CONTINUOUS
10
5.7965944094488187
20
-4.6867022047244093
11
5.7959289370078739
21
-4.6875279527559055
0
LINE
8
BLACK
6
CONTINUOUS
10
5.7959289370078739
20
-4.6875279527559055
11
5.7509925590551179
21
-4.7324643700787403
0
LINE
8
BLACK
6
CONTINUOUS
10
5.7509925590551179
20
-4.7324643700787403
11
5.7485393307086614
21
-4.7338039370078739
0
LINE
8
BLACK
6
CONTINUOUS
10
5.7485393307086614
20
-4.7338039370078739
11
5.7474848818897639
21
-4.7339173228346452
0
LINE
8
BLACK
6
CONTINUOUS
10
5.7474848818897639
20
-4.7339173228346452
11
5.7430620866141728
21
-4.7339173228346452
0
LINE
8
BLACK
6
CONTINUOUS
10
5.7430620866141728
20
-4.7339173228346452
11
5.740380157480315
21
-4.733129842519685
0
LINE
8
BLACK
6
CONTINUOUS
10
5.740380157480315
20
-4.733129842519685
11
5.7385497244094488
21
-4.7310174015748032
0
LINE
8
BLACK
6
CONTINUOUS
10
5.7385497244094488
20
-4.7310174015748032
11
5.7384142519685035
21
-4.7306902755905513
0
LINE
8
BLACK
6
CONTINUOUS
10
5.7384142519685035
20
-4.7306902755905513
11
5.737680826771653
21
-4.7287239763779523
0
LINE
8
BLACK
6
CONTINUOUS
10
5.737680826771653
20
-4.7287239763779523
11
5.7374707874015742
21
-4.7281608267716537
0
LINE
8
BLACK
6
CONTINUOUS
10
5.7374707874015742
20
-4.7281608267716537
11
5.7365661811023623
21
-4.7269524015748035
0
LINE
8
BLACK
6
CONTINUOUS
10
5.7365661811023623
20
-4.7269524015748035
11
5.7341328346456688
21
-4.723701771653543
0
LINE
8
BLACK
6
CONTINUOUS
10
5.7341328346456688
20
-4.723701771653543
11
5.729673937007874
21
-4.7203639370078738
0
LINE
8
BLACK
6
CONTINUOUS
10
5.729673937007874
20
-4.7203639370078738
11
5.729673779527559
21
-4.7203638188976376
0
LINE
8
BLACK
6
CONTINUOUS
10
5.729673779527559
20
-4.7203638188976376
11
5.7244551181102361
21
-4.7184173228346458
0
LINE
8
BLACK
6
CONTINUOUS
10
5.7244551181102361
20
-4.7184173228346458
11
5.7244548031496061
21
-4.7184172440944883
0
LINE
8
BLACK
6
CONTINUOUS
10
5.7244548031496061
20
-4.7184172440944883
11
5.7221480314960624
21
-4.7181692913385822
0
LINE
8
BLACK
6
CONTINUOUS
10
5.7221480314960624
20
-4.7181692913385822
11
5.6997421653543308
21
-4.7181692913385822
0
LINE
8
BLACK
6
CONTINUOUS
10
5.6997421653543308
20
-4.7181692913385822
11
5.6997412204724407
21
-4.7181693700787397
0
LINE
8
BLACK
6
CONTINUOUS
10
5.6997412204724407
20
-4.7181693700787397
11
5.6974349606299208
21
-4.7184172440944883
0
LINE
8
BLACK
6
CONTINUOUS
10
5.6974349606299208
20
-4.7184172440944883
11
5.6956231496062992
21
-4.7190929921259839
0
LINE
8
BLACK
6
CONTINUOUS
10
5.6956231496062992
20
-4.7190929921259839
11
5.6922159448818892
21
-4.7203638582677163
0
LINE
8
BLACK
6
CONTINUOUS
10
5.6922159448818892
20
-4.7203638582677163
11
5.6922159055118113
21
-4.7203638582677163
0
LINE
8
BLACK
6
CONTINUOUS
10
5.6922159055118113
20
-4.7203638582677163
11
5.6922158661417326
21
-4.7203638976377951
0
LINE
8
BLACK
6
CONTINUOUS
10
5.6922158661417326
20
-4.7203638976377951
11
5.6922158267716538
21
-4.7203639370078738
0
LINE
8
BLACK
6
CONTINUOUS
10
5.6922158267716538
20
-4.7203639370078738
11
5.6907962204724409
21
-4.7214266535433067
0
LINE
8
BLACK
6
CONTINUOUS
10
5.6907962204724409
20
-4.7214266535433067
11
5.6906051968503935
21
-4.721569645669291
0
LINE
8
BLACK
6
CONTINUOUS
10
5.6906051968503935
20
-4.721569645669291
11
5.6879862992125982
21
-4.7225464173228344
0
LINE
8
BLACK
6
CONTINUOUS
10
5.6879862992125982
20
-4.7225464173228344
11
5.6876324409448822
21
-4.7225590551181105
0
LINE
8
BLACK
6
CONTINUOUS
10
5.6876324409448822
20
-4.7225590551181105
11
5.67843779527559
21
-4.7225590551181105
0
LINE
8
BLACK
6
CONTINUOUS
10
5.67843779527559
20
-4.7225590551181105
11
5.6757558661417322
21
-4.7217715748031495
0
LINE
8
BLACK
6
CONTINUOUS
10
5.6757558661417322
20
-4.7217715748031495
11
5.6739254330708659
21
-4.7196591338582676
0
LINE
8
BLACK
6
CONTINUOUS
10
5.6739254330708659
20
-4.7196591338582676
11
5.6735724803149603
21
-4.7185661417322837
0
LINE
8
BLACK
6
CONTINUOUS
10
5.6735724803149603
20
-4.7185661417322837
11
5.6730800787401572
21
-4.7160905118110232
0
LINE
8
BLACK
6
CONTINUOUS
10
5.6730800787401572
20
-4.7160905118110232
11
5.6730800393700784
21
-4.7160904330708657
0
LINE
8
BLACK
6
CONTINUOUS
10
5.6730800393700784
20
-4.7160904330708657
11
5.6708655118110238
21
-4.712776220472441
0
LINE
8
BLACK
6
CONTINUOUS
10
5.6708655118110238
20
-4.712776220472441
11
5.6708654724409451
21
-4.7127761811023623
0
LINE
8
BLACK
6
CONTINUOUS
10
5.6708654724409451
20
-4.7127761811023623
11
5.6675512598425195
21
-4.7105616535433068
0
LINE
8
BLACK
6
CONTINUOUS
10
5.6675512598425195
20
-4.7105616535433068
11
5.6646286220472444
21
-4.7099803149606299
0
LINE
8
BLACK
6
CONTINUOUS
10
5.6646286220472444
20
-4.7099803149606299
11
5.6076549606299215
21
-4.7099803149606299
0
LINE
8
BLACK
6
CONTINUOUS
10
5.6076549606299215
20
-4.7099803149606299
11
5.607654566929134
21
-4.7099803543307086
0
LINE
8
BLACK
6
CONTINUOUS
10
5.607654566929134
20
-4.7099803543307086
11
5.604732244094488
21
-4.7105616141732281
0
LINE
8
BLACK
6
CONTINUOUS
10
5.604732244094488
20
-4.7105616141732281
11
5.6014179133858271
21
-4.712776220472441
0
LINE
8
BLACK
6
CONTINUOUS
10
5.6014179133858271
20
-4.712776220472441
11
5.5992033858267716
21
-4.7160904330708657
0
LINE
8
BLACK
6
CONTINUOUS
10
5.5992033858267716
20
-4.7160904330708657
11
5.5986220472440946
21
-4.7190129921259842
0
LINE
8
BLACK
6
CONTINUOUS
10
5.5986220472440946
20
-4.7190129921259842
11
5.5986220472440946
21
-4.7559867322834641
0
LINE
8
BLACK
6
CONTINUOUS
10
5.5986220472440946
20
-4.7559867322834641
11
5.5986220866141734
21
-4.7559871259842517
0
LINE
8
BLACK
6
CONTINUOUS
10
5.5986220866141734
20
-4.7559871259842517
11
5.5992033464566928
21
-4.7589094488188977
0
LINE
8
BLACK
6
CONTINUOUS
10
5.5992033464566928
20
-4.7589094488188977
11
5.6014179527559058
21
-4.7622237795275586
0
LINE
8
BLACK
6
CONTINUOUS
10
5.6014179527559058
20
-4.7622237795275586
11
5.6047321653543305
21
-4.7644383070866141
0
LINE
8
BLACK
6
CONTINUOUS
10
5.6047321653543305
20
-4.7644383070866141
11
5.604732244094488
21
-4.7644383464566928
0
LINE
8
BLACK
6
CONTINUOUS
10
5.604732244094488
20
-4.7644383464566928
11
5.6076548425196853
21
-4.7650196850393698
0
LINE
8
BLACK
6
CONTINUOUS
10
5.6076548425196853
20
-4.7650196850393698
11
5.6646285826771656
21
-4.765019645669291
0
LINE
8
BLACK
6
CONTINUOUS
10
5.6646285826771656
20
-4.765019645669291
11
5.6646287007874019
21
-4.7650196062992123
0
LINE
8
BLACK
6
CONTINUOUS
10
5.6646287007874019
20
-4.7650196062992123
11
5.664628858267716
21
-4.7650196062992123
0
LINE
8
BLACK
6
CONTINUOUS
10
5.664628858267716
20
-4.7650196062992123
11
5.666567952755905
21
-4.7646338976377951
0
LINE
8
BLACK
6
CONTINUOUS
10
5.666567952755905
20
-4.7646338976377951
11
5.6675512204724408
21
-4.7644383464566928
0
LINE
8
BLACK
6
CONTINUOUS
10
5.6675512204724408
20
-4.7644383464566928
11
5.6708655118110238
21
-4.7622237795275586
0
LINE
8
BLACK
6
CONTINUOUS
10
5.6708655118110238
20
-4.7622237795275586
11
5.6718669291338584
21
-4.7607250787401574
0
LINE
8
BLACK
6
CONTINUOUS
10
5.6718669291338584
20
-4.7607250787401574
11
5.6731392519685038
21
-4.758820984251968
0
LINE
8
BLACK
6
CONTINUOUS
10
5.6731392519685038
20
-4.758820984251968
11
5.6752840157480318
21
-4.7570285826771652
0
LINE
8
BLACK
6
CONTINUOUS
10
5.6752840157480318
20
-4.7570285826771652
11
5.6780573622047239
21
-4.7566802755905515
0
LINE
8
BLACK
6
CONTINUOUS
10
5.6780573622047239
20
-4.7566802755905515
11
5.6805787795275586
21
-4.7578866141732279
0
LINE
8
BLACK
6
CONTINUOUS
10
5.6805787795275586
20
-4.7578866141732279
11
5.6820477165354326
21
-4.7602646456692916
0
LINE
8
BLACK
6
CONTINUOUS
10
5.6820477165354326
20
-4.7602646456692916
11
5.6822244488188973
21
-4.7615770078740161
0
LINE
8
BLACK
6
CONTINUOUS
10
5.6822244488188973
20
-4.7615770078740161
11
5.6822244488188973
21
-4.7620294488188977
0
LINE
8
BLACK
6
CONTINUOUS
10
5.6822244488188973
20
-4.7620294488188977
11
5.6822244881889761
21
-4.7620303937007877
0
LINE
8
BLACK
6
CONTINUOUS
10
5.6822244881889761
20
-4.7620303937007877
11
5.6824723622047246
21
-4.7643366535433067
0
LINE
8
BLACK
6
CONTINUOUS
10
5.6824723622047246
20
-4.7643366535433067
11
5.6824724015748034
21
-4.7643368503937005
0
LINE
8
BLACK
6
CONTINUOUS
10
5.6824724015748034
20
-4.7643368503937005
11
5.6824724409448821
21
-4.7643368897637792
0
LINE
8
BLACK
6
CONTINUOUS
10
5.6824724409448821
20
-4.7643368897637792
11
5.6844189763779527
21
-4.7695557086614171
0
LINE
8
BLACK
6
CONTINUOUS
10
5.6844189763779527
20
-4.7695557086614171
11
5.6844190157480314
21
-4.7695557480314958
0
LINE
8
BLACK
6
CONTINUOUS
10
5.6844190157480314
20
-4.7695557480314958
11
5.6844190551181102
21
-4.7695558661417321
0
LINE
8
BLACK
6
CONTINUOUS
10
5.6844190551181102
20
-4.7695558661417321
11
5.6877568897637794
21
-4.7740147244094491
0
LINE
8
BLACK
6
CONTINUOUS
10
5.6877568897637794
20
-4.7740147244094491
11
5.6922157874015751
21
-4.7773525590551182
0
LINE
8
BLACK
6
CONTINUOUS
10
5.6922157874015751
20
-4.7773525590551182
11
5.6922159448818892
21
-4.7773526771653545
0
LINE
8
BLACK
6
CONTINUOUS
10
5.6922159448818892
20
-4.7773526771653545
11
5.6974346062992121
21
-4.7792991732283463
0
LINE
8
BLACK
6
CONTINUOUS
10
5.6974346062992121
20
-4.7792991732283463
11
5.6974349212598421
21
-4.7792992519685038
0
LINE
8
BLACK
6
CONTINUOUS
10
5.6974349212598421
20
-4.7792992519685038
11
5.6985883070866139
21
-4.7794232283464568
0
LINE
8
BLACK
6
CONTINUOUS
10
5.6985883070866139
20
-4.7794232283464568
11
5.6997418503937007
21
-4.7795472440944877
0
LINE
8
BLACK
6
CONTINUOUS
10
5.6997418503937007
20
-4.7795472440944877
11
5.7221478740157483
21
-4.779547204724409
0
LINE
8
BLACK
6
CONTINUOUS
10
5.7221478740157483
20
-4.779547204724409
11
5.7231656692913386
21
-4.7794377952755909
0
LINE
8
BLACK
6
CONTINUOUS
10
5.7231656692913386
20
-4.7794377952755909
11
5.7244547637795273
21
-4.7792992519685038
0
LINE
8
BLACK
6
CONTINUOUS
10
5.7244547637795273
20
-4.7792992519685038
11
5.7244548031496061
21
-4.7792992125984251
0
LINE
8
BLACK
6
CONTINUOUS
10
5.7244548031496061
20
-4.7792992125984251
11
5.7244549999999998
21
-4.7792992125984251
0
LINE
8
BLACK
6
CONTINUOUS
10
5.7244549999999998
20
-4.7792992125984251
11
5.7296738188976377
21
-4.7773526771653545
0
LINE
8
BLACK
6
CONTINUOUS
10
5.7296738188976377
20
-4.7773526771653545
11
5.7341328346456688
21
-4.7740147244094491
0
LINE
8
BLACK
6
CONTINUOUS
10
5.7341328346456688
20
-4.7740147244094491
11
5.7374707874015742
21
-4.7695557086614171
0
LINE
8
BLACK
6
CONTINUOUS
10
5.7374707874015742
20
-4.7695557086614171
11
5.7381940551181101
21
-4.7676166141732281
0
LINE
8
BLACK
6
CONTINUOUS
10
5.7381940551181101
20
-4.7676166141732281
11
5.7384142519685035
21
-4.7670262598425195
0
LINE
8
BLACK
6
CONTINUOUS
10
5.7384142519685035
20
-4.7670262598425195
11
5.7400893307086616
21
-4.7647886220472442
0
LINE
8
BLACK
6
CONTINUOUS
10
5.7400893307086616
20
-4.7647886220472442
11
5.7427082283464568
21
-4.7638118503937008
0
LINE
8
BLACK
6
CONTINUOUS
10
5.7427082283464568
20
-4.7638118503937008
11
5.7430620866141728
21
-4.7637992125984248
0
LINE
8
BLACK
6
CONTINUOUS
10
5.7430620866141728
20
-4.7637992125984248
11
5.7534568503937003
21
-4.7637992125984248
0
LINE
8
BLACK
6
CONTINUOUS
10
5.7534568503937003
20
-4.7637992125984248
11
5.7534574803149603
21
-4.7637992519685035
0
LINE
8
BLACK
6
CONTINUOUS
10
5.7534574803149603
20
-4.7637992519685035
11
5.7537613385826774
21
-4.7637992519685035
0
LINE
8
BLACK
6
CONTINUOUS
10
5.7537613385826774
20
-4.7637992519685035
11
5.75769531496063
21
-4.7637992519685035
0
LINE
8
BLACK
6
CONTINUOUS
10
5.75769531496063
20
-4.7637992519685035
11
5.7576953543307088
21
-4.7637992519685035
0
LINE
8
BLACK
6
CONTINUOUS
10
5.7576953543307088
20
-4.7637992519685035
11
5.7606921259842521
21
-4.7629962204724405
0
LINE
8
BLACK
6
CONTINUOUS
10
5.7606921259842521
20
-4.7629962204724405
11
5.7606922047244096
21
-4.7629962204724405
0
LINE
8
BLACK
6
CONTINUOUS
10
5.7606922047244096
20
-4.7629962204724405
11
5.7609861417322836
21
-4.7629174015748035
0
LINE
8
BLACK
6
CONTINUOUS
10
5.7609861417322836
20
-4.7629174015748035
11
5.7614953543307088
21
-4.7627810236220469
0
LINE
8
BLACK
6
CONTINUOUS
10
5.7614953543307088
20
-4.7627810236220469
11
5.7649023228346454
21
-4.7608140157480312
0
LINE
8
BLACK
6
CONTINUOUS
10
5.7649023228346454
20
-4.7608140157480312
11
5.7676840944881889
21
-4.7580322440944878
0
LINE
8
BLACK
6
CONTINUOUS
10
5.7676840944881889
20
-4.7580322440944878
11
5.768092244094488
21
-4.7576240944881887
0
LINE
8
BLACK
6
CONTINUOUS
10
5.768092244094488
20
-4.7576240944881887
11
5.7680925196850392
21
-4.7576237007874012
0
LINE
8
BLACK
6
CONTINUOUS
10
5.7680925196850392
20
-4.7576237007874012
11
5.8272994881889764
21
-4.6984167716535428
0
LINE
8
BLACK
6
CONTINUOUS
10
5.8272994881889764
20
-4.6984167716535428
11
5.8297526377952753
21
-4.6970772440944879
0
LINE
8
BLACK
6
CONTINUOUS
10
5.8297526377952753
20
-4.6970772440944879
11
5.8325406692913386
21
-4.697276653543307
0
LINE
8
BLACK
6
CONTINUOUS
10
5.8325406692913386
20
-4.697276653543307
11
5.8347782677165352
21
-4.6989517322834642
0
LINE
8
BLACK
6
CONTINUOUS
10
5.8347782677165352
20
-4.6989517322834642
11
5.8357550787401573
21
-4.7015706299212594
0
LINE
8
BLACK
6
CONTINUOUS
10
5.8357550787401573
20
-4.7015706299212594
11
5.8357677165354334
21
-4.7019245275590551
0
LINE
8
BLACK
6
CONTINUOUS
10
5.8357677165354334
20
-4.7019245275590551
11
5.8357677165354334
21
-4.7334698818897634
0
LINE
8
BLACK
6
CONTINUOUS
10
5.8357677165354334
20
-4.7334698818897634
11
5.8349802362204723
21
-4.736151811023622
0
LINE
8
BLACK
6
CONTINUOUS
10
5.8349802362204723
20
-4.736151811023622
11
5.8343149212598426
21
-4.7369773622047244
0
LINE
8
BLACK
6
CONTINUOUS
10
5.8343149212598426
20
-4.7369773622047244
11
5.8299027952755909
21
-4.741389527559055
0
LINE
8
BLACK
6
CONTINUOUS
10
5.8299027952755909
20
-4.741389527559055
11
5.8255314960629923
21
-4.7457608267716536
0
LINE
8
BLACK
6
CONTINUOUS
10
5.8255314960629923
20
-4.7457608267716536
11
5.8255313385826772
21
-4.7457609842519686
0
LINE
8
BLACK
6
CONTINUOUS
10
5.8255313385826772
20
-4.7457609842519686
11
5.8251092125984254
21
-4.7461830708661417
0
LINE
8
BLACK
6
CONTINUOUS
10
5.8251092125984254
20
-4.7461830708661417
11
5.8226559055118106
21
-4.747522519685039
0
LINE
8
BLACK
6
CONTINUOUS
10
5.8226559055118106
20
-4.747522519685039
11
5.8222492125984253
21
-4.7475933858267716
0
LINE
8
BLACK
6
CONTINUOUS
10
5.8222492125984253
20
-4.7475933858267716
11
5.8171955118110237
21
-4.7482587007874013
0
LINE
8
BLACK
6
CONTINUOUS
10
5.8171955118110237
20
-4.7482587007874013
11
5.814986299212598
21
-4.7491738188976376
0
LINE
8
BLACK
6
CONTINUOUS
10
5.814986299212598
20
-4.7491738188976376
11
5.8118849212598427
21
-4.750458464566929
0
LINE
8
BLACK
6
CONTINUOUS
10
5.8118849212598427
20
-4.750458464566929
11
5.8118848818897639
21
-4.7504585039370077
0
LINE
8
BLACK
6
CONTINUOUS
10
5.8118848818897639
20
-4.7504585039370077
11
5.8118848425196852
21
-4.7504585039370077
0
LINE
8
BLACK
6
CONTINUOUS
10
5.8118848425196852
20
-4.7504585039370077
11
5.8073246062992121
21
-4.7539577165354325
0
LINE
8
BLACK
6
CONTINUOUS
10
5.8073246062992121
20
-4.7539577165354325
11
5.8038253937007873
21
-4.7585179527559056
0
LINE
8
BLACK
6
CONTINUOUS
10
5.8038253937007873
20
-4.7585179527559056
11
5.8038253543307086
21
-4.7585180314960631
0
LINE
8
BLACK
6
CONTINUOUS
10
5.8038253543307086
20
-4.7585180314960631
11
5.8031018897637798
21
-4.7602646456692916
0
LINE
8
BLACK
6
CONTINUOUS
10
5.8031018897637798
20
-4.7602646456692916
11
5.8016255905511809
21
-4.7638286220472441
0
LINE
8
BLACK
6
CONTINUOUS
10
5.8016255905511809
20
-4.7638286220472441
11
5.8008753543307083
21
-4.7695275196850391
0
LINE
8
BLACK
6
CONTINUOUS
10
5.8008753543307083
20
-4.7695275196850391
11
5.8008753543307083
21
-4.7695275590551178
0
LINE
8
BLACK
6
CONTINUOUS
10
5.8008753543307083
20
-4.7695275590551178
11
5.8016255905511809
21
-4.7752264566929137
0
LINE
8
BLACK
6
CONTINUOUS
10
5.8016255905511809
20
-4.7752264566929137
11
5.8038253149606298
21
-4.7805370472440947
0
LINE
8
BLACK
6
CONTINUOUS
10
5.8038253149606298
20
-4.7805370472440947
11
5.8038255118110236
21
-4.7805373622047247
0
LINE
8
BLACK
6
CONTINUOUS
10
5.8038255118110236
20
-4.7805373622047247
11
5.8073245669291333
21
-4.7850974015748031
0
LINE
8
BLACK
6
CONTINUOUS
10
5.8073245669291333
20
-4.7850974015748031
11
5.8113314173228341
21
-4.7881719685039368
0
LINE
8
BLACK
6
CONTINUOUS
10
5.8113314173228341
20
-4.7881719685039368
11
5.8118848818897639
21
-4.7885966535433067
0
LINE
8
BLACK
6
CONTINUOUS
10
5.8118848818897639
20
-4.7885966535433067
11
5.8171954724409449
21
-4.7907963779527556
0
LINE
8
BLACK
6
CONTINUOUS
10
5.8171954724409449
20
-4.7907963779527556
11
5.8228944488188974
21
-4.7915466535433069
0
LINE
8
BLACK
6
CONTINUOUS
10
5.8228944488188974
20
-4.7915466535433069
11
5.8285934251968499
21
-4.7907963779527556
0
LINE
8
BLACK
6
CONTINUOUS
10
5.8285934251968499
20
-4.7907963779527556
11
5.8339040157480317
21
-4.7885966535433067
0
LINE
8
BLACK
6
CONTINUOUS
10
5.8339040157480317
20
-4.7885966535433067
11
5.8384642913385827
21
-4.7850974015748031
0
LINE
8
BLACK
6
CONTINUOUS
10
5.8384642913385827
20
-4.7850974015748031
11
5.8419635433070862
21
-4.7805371259842522
0
LINE
8
BLACK
6
CONTINUOUS
10
5.8419635433070862
20
-4.7805371259842522
11
5.8441632677165352
21
-4.7752265354330712
0
LINE
8
BLACK
6
CONTINUOUS
10
5.8441632677165352
20
-4.7752265354330712
11
5.8448285826771649
21
-4.7701727165354333
0
LINE
8
BLACK
6
CONTINUOUS
10
5.8448285826771649
20
-4.7701727165354333
11
5.8459593700787398
21
-4.7676166141732281
0
LINE
8
BLACK
6
CONTINUOUS
10
5.8459593700787398
20
-4.7676166141732281
11
5.8462388976377948
21
-4.767312755905512
0
LINE
8
BLACK
6
CONTINUOUS
10
5.8462388976377948
20
-4.767312755905512
11
5.8466611811023617
21
-4.7668905118110239
0
LINE
8
BLACK
6
CONTINUOUS
10
5.8466611811023617
20
-4.7668905118110239
11
5.8594741338582672
21
-4.7540774803149608
0
LINE
8
BLACK
6
CONTINUOUS
10
5.8594741338582672
20
-4.7540774803149608
11
5.8594745275590547
21
-4.7540772047244095
0
LINE
8
BLACK
6
CONTINUOUS
10
5.8594745275590547
20
-4.7540772047244095
11
5.862664173228346
21
-4.7508875590551183
0
LINE
8
BLACK
6
CONTINUOUS
10
5.862664173228346
20
-4.7508875590551183
11
5.8626644094488185
21
-4.7508873228346458
0
LINE
8
BLACK
6
CONTINUOUS
10
5.8626644094488185
20
-4.7508873228346458
11
5.8645554724409443
21
-4.7476119291338579
0
LINE
8
BLACK
6
CONTINUOUS
10
5.8645554724409443
20
-4.7476119291338579
11
5.8646313385826767
21
-4.7474805118110233
0
LINE
8
BLACK
6
CONTINUOUS
10
5.8646313385826767
20
-4.7474805118110233
11
5.8646313385826767
21
-4.7474804724409445
0
LINE
8
BLACK
6
CONTINUOUS
10
5.8646313385826767
20
-4.7474804724409445
11
5.8646314173228342
21
-4.7474803543307083
0
LINE
8
BLACK
6
CONTINUOUS
10
5.8646314173228342
20
-4.7474803543307083
11
5.8653855905511811
21
-4.7446656692913383
0
LINE
8
BLACK
6
CONTINUOUS
10
5.8653855905511811
20
-4.7446656692913383
11
5.865472440944882
21
-4.744523149606299
0
LINE
8
BLACK
6
CONTINUOUS
10
5.865472440944882
20
-4.744523149606299
11
5.865472440944882
21
-4.7080118110236215
0
LINE
8
BLACK
6
CONTINUOUS
10
5.865472440944882
20
-4.7080118110236215
11
5.865472440944882
21
-4.6942322834645669
0
LINE
8
BLACK
6
CONTINUOUS
10
5.865472440944882
20
-4.6942322834645669
11
5.865472440944882
21
-4.6914241338582672
0
LINE
8
BLACK
6
CONTINUOUS
10
5.865472440944882
20
-4.6914241338582672
11
5.8654103149606298
21
-4.6909523622047242
0
LINE
8
BLACK
6
CONTINUOUS
10
5.8654103149606298
20
-4.6909523622047242
11
5.8654103149606298
21
-4.6909523228346455
0
LINE
8
BLACK
6
CONTINUOUS
10
5.8654103149606298
20
-4.6909523228346455
11
5.8635502755905513
21
-4.6869634251968506
0
LINE
8
BLACK
6
CONTINUOUS
10
5.8635502755905513
20
-4.6869634251968506
11
5.8635501968503938
21
-4.6869633464566931
0
LINE
8
BLACK
6
CONTINUOUS
10
5.8635501968503938
20
-4.6869633464566931
11
5.8635501968503938
21
-4.6869633070866143
0
LINE
8
BLACK
6
CONTINUOUS
10
5.8635501968503938
20
-4.6869633070866143
11
5.8604382283464567
21
-4.6838513385826772
0
LINE
8
BLACK
6
CONTINUOUS
10
5.8604382283464567
20
-4.6838513385826772
11
5.8583107874015745
21
-4.6828592913385823
0
LINE
8
BLACK
6
CONTINUOUS
10
5.8583107874015745
20
-4.6828592913385823
11
5.8548161023622045
21
-4.6821641732283465
0
LINE
8
BLACK
6
CONTINUOUS
10
5.8548161023622045
20
-4.6821641732283465
11
5.8537725196850392
21
-4.6814668897637794
0
LINE
8
BLACK
6
CONTINUOUS
10
5.8537725196850392
20
-4.6814668897637794
11
5.8519083464566926
21
-4.6807839370078739
0
LINE
8
BLACK
6
CONTINUOUS
10
5.8519083464566926
20
-4.6807839370078739
11
5.8502202755905515
21
-4.6785560629921257
0
LINE
8
BLACK
6
CONTINUOUS
10
5.8502202755905515
20
-4.6785560629921257
11
5.8500188582677168
21
-4.6776299212598422
0
LINE
8
BLACK
6
CONTINUOUS
10
5.8500188582677168
20
-4.6776299212598422
11
5.8494893700787403
21
-4.6768374409448814
0
LINE
8
BLACK
6
CONTINUOUS
10
5.8494893700787403
20
-4.6768374409448814
11
5.8487942125984249
21
-4.6733427165354327
0
LINE
8
BLACK
6
CONTINUOUS
10
5.8487942125984249
20
-4.6733427165354327
11
5.8478022440944883
21
-4.6712153937007876
0
LINE
8
BLACK
6
CONTINUOUS
10
5.8478022440944883
20
-4.6712153937007876
11
5.8478021653543308
21
-4.6712153149606301
0
LINE
8
BLACK
6
CONTINUOUS
10
5.8478021653543308
20
-4.6712153149606301
11
5.8478021653543308
21
-4.6712152755905514
0
LINE
8
BLACK
6
CONTINUOUS
10
5.8478021653543308
20
-4.6712152755905514
11
5.8446901968503937
21
-4.6681033070866143
0
LINE
8
BLACK
6
CONTINUOUS
10
5.8446901968503937
20
-4.6681033070866143
11
5.8407011417322829
21
-4.6662431889763782
0
LINE
8
BLACK
6
CONTINUOUS
10
5.8407011417322829
20
-4.6662431889763782
11
5.8402294094488187
21
-4.6661811023622048
0
LINE
8
BLACK
6
CONTINUOUS
10
5.8402294094488187
20
-4.6661811023622048
11
5.8236417322834644
21
-4.6661811023622048
0
LINE
8
BLACK
6
CONTINUOUS
10
5.8236417322834644
20
-4.6661811023622048
11
5.8098622047244097
21
-4.6661811023622048
0
LINE
8
BLACK
6
CONTINUOUS
10
5.8098622047244097
20
-4.6661811023622048
11
5.8067154330708659
21
-4.6661811023622048
0
LINE
8
BLACK
6
CONTINUOUS
10
5.3799999999999999
20
-4.6899999999999995
11
5.3799999999999999
21
-4.7119132677165352
0
LINE
8
BLACK
6
CONTINUOUS
10
5.3799999999999999
20
-4.7119132677165352
11
5.3802561023622042
21
-4.7142949999999999
0
LINE
8
BLACK
6
CONTINUOUS
10
5.3802561023622042
20
-4.7142949999999999
11
5.3822659448818895
21
-4.7196836220472438
0
LINE
8
BLACK
6
CONTINUOUS
10
5.3822659448818895
20
-4.7196836220472438
11
5.3822659448818895
21
-4.7196836614173225
0
LINE
8
BLACK
6
CONTINUOUS
10
5.3822659448818895
20
-4.7196836614173225
11
5.3857124015748035
21
-4.7242875590551181
0
LINE
8
BLACK
6
CONTINUOUS
10
5.3857124015748035
20
-4.7242875590551181
11
5.3903162992125981
21
-4.7277340157480312
0
LINE
8
BLACK
6
CONTINUOUS
10
5.3903162992125981
20
-4.7277340157480312
11
5.3957049606299208
21
-4.7297438582677165
0
LINE
8
BLACK
6
CONTINUOUS
10
5.3957049606299208
20
-4.7297438582677165
11
5.3980866929133855
21
-4.7299999606299208
0
LINE
8
BLACK
6
CONTINUOUS
10
5.3980866929133855
20
-4.7299999606299208
11
5.3980872047244093
21
-4.7299999999999995
0
LINE
8
BLACK
6
CONTINUOUS
10
5.3980872047244093
20
-4.7299999999999995
11
5.4199999999999999
21
-4.7299999999999995
0
LINE
8
BLACK
6
CONTINUOUS
10
5.4199999999999999
20
-4.7299999999999995
11
5.4199999999999999
21
-4.71
0
LINE
8
BLACK
6
CONTINUOUS
10
5.4199999999999999
20
-4.71
11
5.3999999999999995
21
-4.71
0
LINE
8
BLACK
6
CONTINUOUS
10
5.3999999999999995
20
-4.71
11
5.3999999999999995
21
-4.6899999999999995
0
LINE
8
BLACK
6
CONTINUOUS
10
5.3999999999999995
20
-4.6899999999999995
11
5.3799999999999999
21
-4.6899999999999995
0
LINE
8
BLACK
6
CONTINUOUS
10
5.46
20
-4.6899999999999995
11
5.46
21
-4.71
0
LINE
8
BLACK
6
CONTINUOUS
10
5.46
20
-4.71
11
5.4399999999999995
21
-4.71
0
LINE
8
BLACK
6
CONTINUOUS
10
5.4399999999999995
20
-4.71
11
5.4399999999999995
21
-4.7299999999999995
0
LINE
8
BLACK
6
CONTINUOUS
10
5.4399999999999995
20
-4.7299999999999995
11
5.4619127952755901
21
-4.7299999999999995
0
LINE
8
BLACK
6
CONTINUOUS
10
5.4619127952755901
20
-4.7299999999999995
11
5.4619132677165352
21
-4.7299999606299208
0
LINE
8
BLACK
6
CONTINUOUS
10
5.4619132677165352
20
-4.7299999606299208
11
5.4642949999999999
21
-4.7297438582677165
0
LINE
8
BLACK
6
CONTINUOUS
10
5.4642949999999999
20
-4.7297438582677165
11
5.4696836220472438
21
-4.7277340157480312
0
LINE
8
BLACK
6
CONTINUOUS
10
5.4696836220472438
20
-4.7277340157480312
11
5.4696836614173225
21
-4.7277340157480312
0
LINE
8
BLACK
6
CONTINUOUS
10
5.4696836614173225
20
-4.7277340157480312
11
5.4742875590551181
21
-4.7242875590551181
0
LINE
8
BLACK
6
CONTINUOUS
10
5.4742875590551181
20
-4.7242875590551181
11
5.476028818897638
21
-4.7219615354330706
0
LINE
8
BLACK
6
CONTINUOUS
10
5.476028818897638
20
-4.7219615354330706
11
5.4782664566929133
21
-4.7202864566929135
0
LINE
8
BLACK
6
CONTINUOUS
10
5.4782664566929133
20
-4.7202864566929135
11
5.4810544488188979
21
-4.7200870866141731
0
LINE
8
BLACK
6
CONTINUOUS
10
5.4810544488188979
20
-4.7200870866141731
11
5.4835077165354331
21
-4.7214266535433067
0
LINE
8
BLACK
6
CONTINUOUS
10
5.4835077165354331
20
-4.7214266535433067
11
5.4839711811023619
21
-4.7219615354330706
0
LINE
8
BLACK
6
CONTINUOUS
10
5.4839711811023619
20
-4.7219615354330706
11
5.4857124015748031
21
-4.7242875590551181
0
LINE
8
BLACK
6
CONTINUOUS
10
5.4857124015748031
20
-4.7242875590551181
11
5.4903162992125987
21
-4.7277340157480312
0
LINE
8
BLACK
6
CONTINUOUS
10
5.4903162992125987
20
-4.7277340157480312
11
5.4957049606299213
21
-4.7297438582677165
0
LINE
8
BLACK
6
CONTINUOUS
10
5.4957049606299213
20
-4.7297438582677165
11
5.498086692913386
21
-4.7299999606299208
0
LINE
8
BLACK
6
CONTINUOUS
10
5.498086692913386
20
-4.7299999606299208
11
5.4980872047244089
21
-4.7299999999999995
0
LINE
8
BLACK
6
CONTINUOUS
10
5.4980872047244089
20
-4.7299999999999995
11
5.5199999999999996
21
-4.7299999999999995
0
LINE
8
BLACK
6
CONTINUOUS
10
5.5199999999999996
20
-4.7299999999999995
11
5.5199999999999996
21
-4.71
0
LINE
8
BLACK
6
CONTINUOUS
10
5.5199999999999996
20
-4.71
11
5.5
21
-4.71
0
LINE
8
BLACK
6
CONTINUOUS
10
5.5
20
-4.71
11
5.5
21
-4.6899999999999995
0
LINE
8
BLACK
6
CONTINUOUS
10
5.5
20
-4.6899999999999995
11
5.46
21
-4.6899999999999995
0
LINE
8
BLACK
6
CONTINUOUS
10
5.5599999999999996
20
-4.71
11
5.54
21
-4.71
0
LINE
8
BLACK
6
CONTINUOUS
10
5.54
20
-4.71
11
5.54
21
-4.7299999999999995
0
LINE
8
BLACK
6
CONTINUOUS
10
5.54
20
-4.7299999999999995
11
5.5619127952755907
21
-4.7299999999999995
0
LINE
8
BLACK
6
CONTINUOUS
10
5.5619127952755907
20
-4.7299999999999995
11
5.5619132677165357
21
-4.7299999606299208
0
LINE
8
BLACK
6
CONTINUOUS
10
5.5619132677165357
20
-4.7299999606299208
11
5.5642949999999995
21
-4.7297438582677165
0
LINE
8
BLACK
6
CONTINUOUS
10
5.5642949999999995
20
-4.7297438582677165
11
5.5696836220472443
21
-4.7277340157480312
0
LINE
8
BLACK
6
CONTINUOUS
10
5.5696836220472443
20
-4.7277340157480312
11
5.5696836614173231
21
-4.7277340157480312
0
LINE
8
BLACK
6
CONTINUOUS
10
5.5696836614173231
20
-4.7277340157480312
11
5.5742875590551177
21
-4.7242875590551181
0
LINE
8
BLACK
6
CONTINUOUS
10
5.5742875590551177
20
-4.7242875590551181
11
5.5777340157480317
21
-4.7196836614173225
0
LINE
8
BLACK
6
CONTINUOUS
10
5.5777340157480317
20
-4.7196836614173225
11
5.5777340157480317
21
-4.7196836220472438
0
LINE
8
BLACK
6
CONTINUOUS
10
5.5777340157480317
20
-4.7196836220472438
11
5.5797438582677161
21
-4.7142949999999999
0
LINE
8
BLACK
6
CONTINUOUS
10
5.5797438582677161
20
-4.7142949999999999
11
5.5799999606299213
21
-4.7119132677165352
0
LINE
8
BLACK
6
CONTINUOUS
10
5.5799999606299213
20
-4.7119132677165352
11
5.5800000000000001
21
-4.7119127952755901
0
LINE
8
BLACK
6
CONTINUOUS
10
5.5800000000000001
20
-4.7119127952755901
11
5.5800000000000001
21
-4.6899999999999995
0
LINE
8
BLACK
6
CONTINUOUS
10
5.5800000000000001
20
-4.6899999999999995
11
5.5599999999999996
21
-4.6899999999999995
0
LINE
8
BLACK
6
CONTINUOUS
10
5.5599999999999996
20
-4.6899999999999995
11
5.5599999999999996
21
-4.71
0
LINE
8
BLACK
6
CONTINUOUS
10
5.3405274409448822
20
-4.5640690944881888
11
5.3414678346456688
21
-4.5675787401574803
0
LINE
8
BLACK
6
CONTINUOUS
10
5.3414678346456688
20
-4.5675787401574803
11
5.3414914173228345
21
-4.5676666535433066
0
LINE
8
BLACK
6
CONTINUOUS
10
5.3414914173228345
20
-4.5676666535433066
11
5.3420998031496065
21
-4.5687203543307087
0
LINE
8
BLACK
6
CONTINUOUS
10
5.3420998031496065
20
-4.5687203543307087
11
5.3420998425196853
21
-4.5687204330708662
0
LINE
8
BLACK
6
CONTINUOUS
10
5.3420998425196853
20
-4.5687204330708662
11
5.3441061417322837
21
-4.5721955118110236
0
LINE
8
BLACK
6
CONTINUOUS
10
5.3441061417322837
20
-4.5721955118110236
11
5.3441062204724412
21
-4.5721955905511811
0
LINE
8
BLACK
6
CONTINUOUS
10
5.3441062204724412
20
-4.5721955905511811
11
5.34410625984252
21
-4.5721956692913386
0
LINE
8
BLACK
6
CONTINUOUS
10
5.34410625984252
20
-4.5721956692913386
11
5.3641062992125983
21
-4.5921956692913382
0
LINE
8
BLACK
6
CONTINUOUS
10
5.3641062992125983
20
-4.5921956692913382
11
5.3678043307086609
21
-4.5958937007874017
0
LINE
8
BLACK
6
CONTINUOUS
10
5.3678043307086609
20
-4.5958937007874017
11
5.3678043700787397
21
-4.5958937401574804
0
LINE
8
BLACK
6
CONTINUOUS
10
5.3678043700787397
20
-4.5958937401574804
11
5.3678044488188972
21
-4.5958937795275592
0
LINE
8
BLACK
6
CONTINUOUS
10
5.3678044488188972
20
-4.5958937795275592
11
5.3687923228346452
21
-4.5964641338582677
0
LINE
8
BLACK
6
CONTINUOUS
10
5.3687923228346452
20
-4.5964641338582677
11
5.3723334645669292
21
-4.5985086220472438
0
LINE
8
BLACK
6
CONTINUOUS
10
5.3723334645669292
20
-4.5985086220472438
11
5.3773850787401569
21
-4.5998622047244098
0
LINE
8
BLACK
6
CONTINUOUS
10
5.3773850787401569
20
-4.5998622047244098
11
5.3850197244094486
21
-4.5998622047244098
0
LINE
8
BLACK
6
CONTINUOUS
10
5.3850197244094486
20
-4.5998622047244098
11
5.3877016535433073
21
-4.6006496850393699
0
LINE
8
BLACK
6
CONTINUOUS
10
5.3877016535433073
20
-4.6006496850393699
11
5.3895320866141727
21
-4.6027621259842517
0
LINE
8
BLACK
6
CONTINUOUS
10
5.3895320866141727
20
-4.6027621259842517
11
5.3899803543307083
21
-4.6048228346456694
0
LINE
8
BLACK
6
CONTINUOUS
10
5.3899803543307083
20
-4.6048228346456694
11
5.3899803543307083
21
-4.6109870866141733
0
LINE
8
BLACK
6
CONTINUOUS
10
5.3899803543307083
20
-4.6109870866141733
11
5.3905616141732287
21
-4.6139094488188972
0
LINE
8
BLACK
6
CONTINUOUS
10
5.3905616141732287
20
-4.6139094488188972
11
5.3927762204724408
21
-4.617223779527559
0
LINE
8
BLACK
6
CONTINUOUS
10
5.3927762204724408
20
-4.617223779527559
11
5.3960904330708663
21
-4.6194383070866136
0
LINE
8
BLACK
6
CONTINUOUS
10
5.3960904330708663
20
-4.6194383070866136
11
5.3960905118110238
21
-4.6194383464566924
0
LINE
8
BLACK
6
CONTINUOUS
10
5.3960905118110238
20
-4.6194383464566924
11
5.3990131102362202
21
-4.6200196850393702
0
LINE
8
BLACK
6
CONTINUOUS
10
5.3990131102362202
20
-4.6200196850393702
11
5.4609868503937005
21
-4.6200196456692915
0
LINE
8
BLACK
6
CONTINUOUS
10
5.4609868503937005
20
-4.6200196456692915
11
5.4609869685039367
21
-4.6200196062992127
0
LINE
8
BLACK
6
CONTINUOUS
10
5.4609869685039367
20
-4.6200196062992127
11
5.4609871259842517
21
-4.6200196062992127
0
LINE
8
BLACK
6
CONTINUOUS
10
5.4609871259842517
20
-4.6200196062992127
11
5.4629262204724407
21
-4.6196338976377955
0
LINE
8
BLACK
6
CONTINUOUS
10
5.4629262204724407
20
-4.6196338976377955
11
5.4639094881889765
21
-4.6194383464566924
0
LINE
8
BLACK
6
CONTINUOUS
10
5.4639094881889765
20
-4.6194383464566924
11
5.4672237795275587
21
-4.617223779527559
0
LINE
8
BLACK
6
CONTINUOUS
10
5.4672237795275587
20
-4.617223779527559
11
5.4694383464566929
21
-4.6139094881889759
0
LINE
8
BLACK
6
CONTINUOUS
10
5.4694383464566929
20
-4.6139094881889759
11
5.4700196850393699
21
-4.6109868897637796
0
LINE
8
BLACK
6
CONTINUOUS
10
5.4700196850393699
20
-4.6109868897637796
11
5.4700196850393699
21
-4.6048228346456694
0
LINE
8
BLACK
6
CONTINUOUS
10
5.4700196850393699
20
-4.6048228346456694
11
5.4708071653543309
21
-4.6021409055118108
0
LINE
8
BLACK
6
CONTINUOUS
10
5.4708071653543309
20
-4.6021409055118108
11
5.4729196062992127
21
-4.6003104724409445
0
LINE
8
BLACK
6
CONTINUOUS
10
5.4729196062992127
20
-4.6003104724409445
11
5.4749803149606295
21
-4.5998622047244098
0
LINE
8
BLACK
6
CONTINUOUS
10
5.4749803149606295
20
-4.5998622047244098
11
5.4850197244094483
21
-4.5998622047244098
0
LINE
8
BLACK
6
CONTINUOUS
10
5.4850197244094483
20
-4.5998622047244098
11
5.487701653543307
21
-4.6006496850393699
0
LINE
8
BLACK
6
CONTINUOUS
10
5.487701653543307
20
-4.6006496850393699
11
5.4895320866141732
21
-4.6027621259842517
0
LINE
8
BLACK
6
CONTINUOUS
10
5.4895320866141732
20
-4.6027621259842517
11
5.4899803543307089
21
-4.6048228346456694
0
LINE
8
BLACK
6
CONTINUOUS
10
5.4899803543307089
20
-4.6048228346456694
11
5.4899803543307089
21
-4.6109870866141733
0
LINE
8
BLACK
6
CONTINUOUS
10
5.4899803543307089
20
-4.6109870866141733
11
5.4905616141732283
21
-4.6139094488188972
0
LINE
8
BLACK
6
CONTINUOUS
10
5.4905616141732283
20
-4.6139094488188972
11
5.4927762204724404
21
-4.617223779527559
0
LINE
8
BLACK
6
CONTINUOUS
10
5.4927762204724404
20
-4.617223779527559
11
5.496090433070866
21
-4.6194383070866136
0
LINE
8
BLACK
6
CONTINUOUS
10
5.496090433070866
20
-4.6194383070866136
11
5.4960905118110235
21
-4.6194383464566924
0
LINE
8
BLACK
6
CONTINUOUS
10
5.4960905118110235
20
-4.6194383464566924
11
5.4990131102362207
21
-4.6200196850393702
0
LINE
8
BLACK
6
CONTINUOUS
10
5.4990131102362207
20
-4.6200196850393702
11
5.5412869291338582
21
-4.6200196456692915
0
LINE
8
BLACK
6
CONTINUOUS
10
5.5412869291338582
20
-4.6200196456692915
11
5.5437667716535435
21
-4.6206839763779524
0
LINE
8
BLACK
6
CONTINUOUS
10
5.5437667716535435
20
-4.6206839763779524
11
5.5438641732283465
21
-4.6207401968503934
0
LINE
8
BLACK
6
CONTINUOUS
10
5.5438641732283465
20
-4.6207401968503934
11
5.543871141732283
21
-4.6207442125984253
0
LINE
8
BLACK
6
CONTINUOUS
10
5.543871141732283
20
-4.6207442125984253
11
5.543876102362205
21
-4.6207470866141733
0
LINE
8
BLACK
6
CONTINUOUS
10
5.543876102362205
20
-4.6207470866141733
11
5.5458018897637791
21
-4.6227729527559056
0
LINE
8
BLACK
6
CONTINUOUS
10
5.5458018897637791
20
-4.6227729527559056
11
5.5463267322834646
21
-4.6255183464566931
0
LINE
8
BLACK
6
CONTINUOUS
10
5.5463267322834646
20
-4.6255183464566931
11
5.5452839763779522
21
-4.6281116929133859
0
LINE
8
BLACK
6
CONTINUOUS
10
5.5452839763779522
20
-4.6281116929133859
11
5.5430046850393699
21
-4.6297296062992128
0
LINE
8
BLACK
6
CONTINUOUS
10
5.5430046850393699
20
-4.6297296062992128
11
5.5413892913385823
21
-4.6299999999999999
0
LINE
8
BLACK
6
CONTINUOUS
10
5.5413892913385823
20
-4.6299999999999999
11
5.54
21
-4.6299999999999999
0
LINE
8
BLACK
6
CONTINUOUS
10
5.54
20
-4.6299999999999999
11
5.54
21
-4.6499999999999995
0
LINE
8
BLACK
6
CONTINUOUS
10
5.54
20
-4.6499999999999995
11
5.5599999999999996
21
-4.6499999999999995
0
LINE
8
BLACK
6
CONTINUOUS
10
5.5599999999999996
20
-4.6499999999999995
11
5.5599999999999996
21
-4.6699999999999999
0
LINE
8
BLACK
6
CONTINUOUS
10
5.5599999999999996
20
-4.6699999999999999
11
5.5800000000000001
21
-4.6699999999999999
0
LINE
8
BLACK
6
CONTINUOUS
10
5.5800000000000001
20
-4.6699999999999999
11
5.5800000000000001
21
-4.6480871653543305
0
LINE
8
BLACK
6
CONTINUOUS
10
5.5800000000000001
20
-4.6480871653543305
11
5.5799999606299213
21
-4.6480866929133855
0
LINE
8
BLACK
6
CONTINUOUS
10
5.5799999606299213
20
-4.6480866929133855
11
5.5797438582677161
21
-4.6457049606299208
0
LINE
8
BLACK
6
CONTINUOUS
10
5.5797438582677161
20
-4.6457049606299208
11
5.5777340157480317
21
-4.6403163385826769
0
LINE
8
BLACK
6
CONTINUOUS
10
5.5777340157480317
20
-4.6403163385826769
11
5.5777340157480317
21
-4.6403162992125981
0
LINE
8
BLACK
6
CONTINUOUS
10
5.5777340157480317
20
-4.6403162992125981
11
5.5742875590551177
21
-4.6357124015748035
0
LINE
8
BLACK
6
CONTINUOUS
10
5.5742875590551177
20
-4.6357124015748035
11
5.5693995275590549
21
-4.6320532677165351
0
LINE
8
BLACK
6
CONTINUOUS
10
5.5693995275590549
20
-4.6320532677165351
11
5.5694655905511814
21
-4.6319650000000001
0
LINE
8
BLACK
6
CONTINUOUS
10
5.5694655905511814
20
-4.6319650000000001
11
5.5678898031496065
21
-4.6303892125984252
0
LINE
8
BLACK
6
CONTINUOUS
10
5.5678898031496065
20
-4.6303892125984252
11
5.5672956299212597
21
-4.6276579527559054
0
LINE
8
BLACK
6
CONTINUOUS
10
5.5672956299212597
20
-4.6276579527559054
11
5.5682724409448818
21
-4.6250390157480314
0
LINE
8
BLACK
6
CONTINUOUS
10
5.5682724409448818
20
-4.6250390157480314
11
5.5705100393700784
21
-4.6233639370078743
0
LINE
8
BLACK
6
CONTINUOUS
10
5.5705100393700784
20
-4.6233639370078743
11
5.5722436220472442
21
-4.6230511811023618
0
LINE
8
BLACK
6
CONTINUOUS
10
5.5722436220472442
20
-4.6230511811023618
11
5.6136500787401573
21
-4.6230511811023618
0
LINE
8
BLACK
6
CONTINUOUS
10
5.6136500787401573
20
-4.6230511811023618
11
5.616332007874016
21
-4.6238386614173228
0
LINE
8
BLACK
6
CONTINUOUS
10
5.616332007874016
20
-4.6238386614173228
11
5.6181624409448814
21
-4.6259511023622046
0
LINE
8
BLACK
6
CONTINUOUS
10
5.6181624409448814
20
-4.6259511023622046
11
5.6184338976377948
21
-4.6266992519685042
0
LINE
8
BLACK
6
CONTINUOUS
10
5.6184338976377948
20
-4.6266992519685042
11
5.618604291338583
21
-4.6273202755905514
0
LINE
8
BLACK
6
CONTINUOUS
10
5.618604291338583
20
-4.6273202755905514
11
5.618743661417323
21
-4.6275650393700785
0
LINE
8
BLACK
6
CONTINUOUS
10
5.618743661417323
20
-4.6275650393700785
11
5.6193864173228345
21
-4.630285275590551
0
LINE
8
BLACK
6
CONTINUOUS
10
5.6193864173228345
20
-4.630285275590551
11
5.6184564960629917
21
-4.6329211811023621
0
LINE
8
BLACK
6
CONTINUOUS
10
5.6184564960629917
20
-4.6329211811023621
11
5.6162490944881887
21
-4.634635866141732
0
LINE
8
BLACK
6
CONTINUOUS
10
5.6162490944881887
20
-4.634635866141732
11
5.6144329527559051
21
-4.6349803149606297
0
LINE
8
BLACK
6
CONTINUOUS
10
5.6144329527559051
20
-4.6349803149606297
11
5.6076549606299215
21
-4.6349803149606297
0
LINE
8
BLACK
6
CONTINUOUS
10
5.6076549606299215
20
-4.6349803149606297
11
5.607654566929134
21
-4.6349803543307084
0
LINE
8
BLACK
6
CONTINUOUS
10
5.607654566929134
20
-4.6349803543307084
11
5.604732244094488
21
-4.6355616141732279
0
LINE
8
BLACK
6
CONTINUOUS
10
5.604732244094488
20
-4.6355616141732279
11
5.6014179133858271
21
-4.6377762204724409
0
LINE
8
BLACK
6
CONTINUOUS
10
5.6014179133858271
20
-4.6377762204724409
11
5.5992033858267716
21
-4.6410904330708664
0
LINE
8
BLACK
6
CONTINUOUS
10
5.5992033858267716
20
-4.6410904330708664
11
5.5986220472440946
21
-4.6440129921259841
0
LINE
8
BLACK
6
CONTINUOUS
10
5.5986220472440946
20
-4.6440129921259841
11
5.5986220472440946
21
-4.6809867322834648
0
LINE
8
BLACK
6
CONTINUOUS
10
5.5986220472440946
20
-4.6809867322834648
11
5.5986220866141734
21
-4.6809871259842515
0
LINE
8
BLACK
6
CONTINUOUS
10
5.5986220866141734
20
-4.6809871259842515
11
5.5992033464566928
21
-4.6839094488188975
0
LINE
8
BLACK
6
CONTINUOUS
10
5.5992033464566928
20
-4.6839094488188975
11
5.6014179527559058
21
-4.6872237795275593
0
LINE
8
BLACK
6
CONTINUOUS
10
5.6014179527559058
20
-4.6872237795275593
11
5.6047321653543305
21
-4.6894383070866139
0
LINE
8
BLACK
6
CONTINUOUS
10
5.6047321653543305
20
-4.6894383070866139
11
5.604732244094488
21
-4.6894383464566927
0
LINE
8
BLACK
6
CONTINUOUS
10
5.604732244094488
20
-4.6894383464566927
11
5.6076548425196853
21
-4.6900196850393696
0
LINE
8
BLACK
6
CONTINUOUS
10
5.6076548425196853
20
-4.6900196850393696
11
5.6646285826771656
21
-4.6900196456692909
0
LINE
8
BLACK
6
CONTINUOUS
10
5.6646285826771656
20
-4.6900196456692909
11
5.6646287007874019
21
-4.6900196062992121
0
LINE
8
BLACK
6
CONTINUOUS
10
5.6646287007874019
20
-4.6900196062992121
11
5.664628858267716
21
-4.6900196062992121
0
LINE
8
BLACK
6
CONTINUOUS
10
5.664628858267716
20
-4.6900196062992121
11
5.666567952755905
21
-4.6896338976377949
0
LINE
8
BLACK
6
CONTINUOUS
10
5.666567952755905
20
-4.6896338976377949
11
5.6675512204724408
21
-4.6894383464566927
0
LINE
8
BLACK
6
CONTINUOUS
10
5.6675512204724408
20
-4.6894383464566927
11
5.6708655118110238
21
-4.6872237795275593
0
LINE
8
BLACK
6
CONTINUOUS
10
5.6708655118110238
20
-4.6872237795275593
11
5.6730800787401572
21
-4.6839094881889762
0
LINE
8
BLACK
6
CONTINUOUS
10
5.6730800787401572
20
-4.6839094881889762
11
5.6736614173228341
21
-4.6809868897637799
0
LINE
8
BLACK
6
CONTINUOUS
10
5.6736614173228341
20
-4.6809868897637799
11
5.6736613779527554
21
-4.661476338582677
0
LINE
8
BLACK
6
CONTINUOUS
10
5.6736613779527554
20
-4.661476338582677
11
5.6744488582677164
21
-4.6587944488188979
0
LINE
8
BLACK
6
CONTINUOUS
10
5.6744488582677164
20
-4.6587944488188979
11
5.6765612598425195
21
-4.6569640157480316
0
LINE
8
BLACK
6
CONTINUOUS
10
5.6765612598425195
20
-4.6569640157480316
11
5.6786220078740159
21
-4.656515748031496
0
LINE
8
BLACK
6
CONTINUOUS
10
5.6786220078740159
20
-4.656515748031496
11
5.7708089763779524
21
-4.656515748031496
0
LINE
8
BLACK
6
CONTINUOUS
10
5.7708089763779524
20
-4.656515748031496
11
5.7710083858267716
21
-4.6564331496062987
0
LINE
8
BLACK
6
CONTINUOUS
10
5.7710083858267716
20
-4.6564331496062987
11
5.7710084251968503
21
-4.6564331496062987
0
LINE
8
BLACK
6
CONTINUOUS
10
5.7710084251968503
20
-4.6564331496062987
11
5.7719685039370079
21
-4.656338582677165
0
LINE
8
BLACK
6
CONTINUOUS
10
5.7719685039370079
20
-4.656338582677165
11
5.8236417322834644
21
-4.656338582677165
0
LINE
8
BLACK
6
CONTINUOUS
10
5.8236417322834644
20
-4.656338582677165
11
5.8374212598425199
21
-4.656338582677165
0
LINE
8
BLACK
6
CONTINUOUS
10
5.8374212598425199
20
-4.656338582677165
11
5.84022937007874
21
-4.656338582677165
0
LINE
8
BLACK
6
CONTINUOUS
10
5.84022937007874
20
-4.656338582677165
11
5.8404238188976381
21
-4.6563129527559051
0
LINE
8
BLACK
6
CONTINUOUS
10
5.8404238188976381
20
-4.6563129527559051
11
5.8407012204724404
21
-4.6562764566929129
0
LINE
8
BLACK
6
CONTINUOUS
10
5.8407012204724404
20
-4.6562764566929129
11
5.8446901181102362
21
-4.6544164173228344
0
LINE
8
BLACK
6
CONTINUOUS
10
5.8446901181102362
20
-4.6544164173228344
11
5.8478022440944883
21
-4.6513042913385823
0
LINE
8
BLACK
6
CONTINUOUS
10
5.8478022440944883
20
-4.6513042913385823
11
5.8487401574803144
21
-4.6492929133858265
0
LINE
8
BLACK
6
CONTINUOUS
10
5.8487401574803144
20
-4.6492929133858265
11
5.8487401574803144
21
-4.633856692913386
0
LINE
8
BLACK
6
CONTINUOUS
10
5.8487401574803144
20
-4.633856692913386
11
5.848727086614173
21
-4.6338287007874017
0
LINE
8
BLACK
6
CONTINUOUS
10
5.848727086614173
20
-4.6338287007874017
11
5.8483073622047241
21
-4.6310653149606296
0
LINE
8
BLACK
6
CONTINUOUS
10
5.8483073622047241
20
-4.6310653149606296
11
5.8487271259842517
21
-4.6296357874015746
0
LINE
8
BLACK
6
CONTINUOUS
10
5.8487271259842517
20
-4.6296357874015746
11
5.8487401574803144
21
-4.6296078346456691
0
LINE
8
BLACK
6
CONTINUOUS
10
5.8487401574803144
20
-4.6296078346456691
11
5.8487401574803144
21
-4.5944866141732286
0
LINE
8
BLACK
6
CONTINUOUS
10
5.8487401574803144
20
-4.5944866141732286
11
5.848727086614173
21
-4.5944586220472443
0
LINE
8
BLACK
6
CONTINUOUS
10
5.848727086614173
20
-4.5944586220472443
11
5.8483073622047241
21
-4.5916952362204722
0
LINE
8
BLACK
6
CONTINUOUS
10
5.8483073622047241
20
-4.5916952362204722
11
5.8487271259842517
21
-4.5902657086614171
0
LINE
8
BLACK
6
CONTINUOUS
10
5.8487271259842517
20
-4.5902657086614171
11
5.8487942125984249
21
-4.5901217322834649
0
LINE
8
BLACK
6
CONTINUOUS
10
5.8487942125984249
20
-4.5901217322834649
11
5.8494893700787403
21
-4.5866271259842515
0
LINE
8
BLACK
6
CONTINUOUS
10
5.8494893700787403
20
-4.5866271259842515
11
5.8501866929133861
21
-4.5855834645669287
0
LINE
8
BLACK
6
CONTINUOUS
10
5.8501866929133861
20
-4.5855834645669287
11
5.8508691338582679
21
-4.5837199606299208
0
LINE
8
BLACK
6
CONTINUOUS
10
5.8508691338582679
20
-4.5837199606299208
11
5.8530967322834648
21
-4.5820315748031497
0
LINE
8
BLACK
6
CONTINUOUS
10
5.8530967322834648
20
-4.5820315748031497
11
5.8540235039370074
21
-4.5818299606299213
0
LINE
8
BLACK
6
CONTINUOUS
10
5.8540235039370074
20
-4.5818299606299213
11
5.8548161023622045
21
-4.5813003937007872
0
LINE
8
BLACK
6
CONTINUOUS
10
5.8548161023622045
20
-4.5813003937007872
11
5.8583106299212595
21
-4.5806052755905506
0
LINE
8
BLACK
6
CONTINUOUS
10
5.8583106299212595
20
-4.5806052755905506
11
5.8584547244094489
21
-4.5805381102362199
0
LINE
8
BLACK
6
CONTINUOUS
10
5.8584547244094489
20
-4.5805381102362199
11
5.8612181496062989
21
-4.5801183858267711
0
LINE
8
BLACK
6
CONTINUOUS
10
5.8612181496062989
20
-4.5801183858267711
11
5.8626475590551177
21
-4.5805381102362199
0
LINE
8
BLACK
6
CONTINUOUS
10
5.8626475590551177
20
-4.5805381102362199
11
5.8626755905511807
21
-4.5805511811023623
0
LINE
8
BLACK
6
CONTINUOUS
10
5.8626755905511807
20
-4.5805511811023623
11
5.8781117322834646
21
-4.5805511811023623
0
LINE
8
BLACK
6
CONTINUOUS
10
5.8781117322834646
20
-4.5805511811023623
11
5.8781397637795276
21
-4.5805381102362199
0
LINE
8
BLACK
6
CONTINUOUS
10
5.8781397637795276
20
-4.5805381102362199
11
5.8809031889763776
21
-4.5801183858267711
0
LINE
8
BLACK
6
CONTINUOUS
10
5.8809031889763776
20
-4.5801183858267711
11
5.8823325984251964
21
-4.5805381102362199
0
LINE
8
BLACK
6
CONTINUOUS
10
5.8823325984251964
20
-4.5805381102362199
11
5.8823606299212594
21
-4.5805511811023623
0
LINE
8
BLACK
6
CONTINUOUS
10
5.8823606299212594
20
-4.5805511811023623
11
5.8977967716535433
21
-4.5805511811023623
0
LINE
8
BLACK
6
CONTINUOUS
10
5.8977967716535433
20
-4.5805511811023623
11
5.8978248031496063
21
-4.5805381102362199
0
LINE
8
BLACK
6
CONTINUOUS
10
5.8978248031496063
20
-4.5805381102362199
11
5.9005882283464564
21
-4.5801183858267711
0
LINE
8
BLACK
6
CONTINUOUS
10
5.9005882283464564
20
-4.5801183858267711
11
5.9020176377952751
21
-4.5805381102362199
0
LINE
8
BLACK
6
CONTINUOUS
10
5.9020176377952751
20
-4.5805381102362199
11
5.9020456692913381
21
-4.5805511811023623
0
LINE
8
BLACK
6
CONTINUOUS
10
5.9020456692913381
20
-4.5805511811023623
11
5.917481811023622
21
-4.5805511811023623
0
LINE
8
BLACK
6
CONTINUOUS
10
5.917481811023622
20
-4.5805511811023623
11
5.917509842519685
21
-4.5805381102362199
0
LINE
8
BLACK
6
CONTINUOUS
10
5.917509842519685
20
-4.5805381102362199
11
5.9202732677165351
21
-4.5801183858267711
0
LINE
8
BLACK
6
CONTINUOUS
10
5.9202732677165351
20
-4.5801183858267711
11
5.9217026771653538
21
-4.5805381102362199
0
LINE
8
BLACK
6
CONTINUOUS
10
5.9217026771653538
20
-4.5805381102362199
11
5.9217307086614168
21
-4.5805511811023623
0
LINE
8
BLACK
6
CONTINUOUS
10
5.9217307086614168
20
-4.5805511811023623
11
5.9371668503937007
21
-4.5805511811023623
0
LINE
8
BLACK
6
CONTINUOUS
10
5.9371668503937007
20
-4.5805511811023623
11
5.9371948818897637
21
-4.5805381102362199
0
LINE
8
BLACK
6
CONTINUOUS
10
5.9371948818897637
20
-4.5805381102362199
11
5.9399583070866138
21
-4.5801183858267711
0
LINE
8
BLACK
6
CONTINUOUS
10
5.9399583070866138
20
-4.5801183858267711
11
5.9413877165354325
21
-4.5805381102362199
0
LINE
8
BLACK
6
CONTINUOUS
10
5.9413877165354325
20
-4.5805381102362199
11
5.9415316929133857
21
-4.5806052362204728
0
LINE
8
BLACK
6
CONTINUOUS
10
5.9415316929133857
20
-4.5806052362204728
11
5.9450264173228344
21
-4.5813003937007872
0
LINE
8
BLACK
6
CONTINUOUS
10
5.9450264173228344
20
-4.5813003937007872
11
5.946070118110236
21
-4.5819977559055118
0
LINE
8
BLACK
6
CONTINUOUS
10
5.946070118110236
20
-4.5819977559055118
11
5.9479335826771651
21
-4.5826801968503936
0
LINE
8
BLACK
6
CONTINUOUS
10
5.9479335826771651
20
-4.5826801968503936
11
5.9496219291338583
21
-4.5849077952755906
0
LINE
8
BLACK
6
CONTINUOUS
10
5.9496219291338583
20
-4.5849077952755906
11
5.9498236220472442
21
-4.5858346062992128
0
LINE
8
BLACK
6
CONTINUOUS
10
5.9498236220472442
20
-4.5858346062992128
11
5.9503531496062987
21
-4.5866271259842515
0
LINE
8
BLACK
6
CONTINUOUS
10
5.9503531496062987
20
-4.5866271259842515
11
5.9510482677165353
21
-4.5901218110236224
0
LINE
8
BLACK
6
CONTINUOUS
10
5.9510482677165353
20
-4.5901218110236224
11
5.9520403149606294
21
-4.5922492519685036
0
LINE
8
BLACK
6
CONTINUOUS
10
5.9520403149606294
20
-4.5922492519685036
11
5.9551522834645665
21
-4.5953612204724408
0
LINE
8
BLACK
6
CONTINUOUS
10
5.9551522834645665
20
-4.5953612204724408
11
5.9551523228346452
21
-4.5953612204724408
0
LINE
8
BLACK
6
CONTINUOUS
10
5.9551523228346452
20
-4.5953612204724408
11
5.9551524015748027
21
-4.5953612992125983
0
LINE
8
BLACK
6
CONTINUOUS
10
5.9551524015748027
20
-4.5953612992125983
11
5.9591412992125985
21
-4.5972213385826768
0
LINE
8
BLACK
6
CONTINUOUS
10
5.9591412992125985
20
-4.5972213385826768
11
5.959313267716535
21
-4.5972439763779525
0
LINE
8
BLACK
6
CONTINUOUS
10
5.959313267716535
20
-4.5972439763779525
11
5.959613149606299
21
-4.5972834645669289
0
LINE
8
BLACK
6
CONTINUOUS
10
5.959613149606299
20
-4.5972834645669289
11
5.9762007874015746
21
-4.5972834645669289
0
LINE
8
BLACK
6
CONTINUOUS
10
5.9762007874015746
20
-4.5972834645669289
11
5.9899803149606301
21
-4.5972834645669289
0
LINE
8
BLACK
6
CONTINUOUS
10
5.9899803149606301
20
-4.5972834645669289
11
5.9909219685039368
21
-4.5974707874015746
0
LINE
8
BLACK
6
CONTINUOUS
10
5.9909219685039368
20
-4.5974707874015746
11
5.9917202362204725
21
-4.5980041732283468
0
LINE
8
BLACK
6
CONTINUOUS
10
5.9917202362204725
20
-4.5980041732283468
11
5.9918129133858269
21
-4.5981428740157479
0
LINE
8
BLACK
6
CONTINUOUS
10
5.9918129133858269
20
-4.5981428740157479
11
5.9929349606299214
21
-4.5974218110236222
0
LINE
8
BLACK
6
CONTINUOUS
10
5.9929349606299214
20
-4.5974218110236222
11
5.9929162992125979
21
-4.5973817322834645
0
LINE
8
BLACK
6
CONTINUOUS
10
5.9929162992125979
20
-4.5973817322834645
11
5.9932116929133858
21
-4.5972439763779525
0
LINE
8
BLACK
6
CONTINUOUS
10
5.9932116929133858
20
-4.5972439763779525
11
5.9932357874015745
21
-4.597228503937008
0
LINE
8
BLACK
6
CONTINUOUS
10
5.9932357874015745
20
-4.597228503937008
11
5.9932451968503937
21
-4.5972257480314962
0
LINE
8
BLACK
6
CONTINUOUS
10
5.9932451968503937
20
-4.5972257480314962
11
5.9932601574803153
21
-4.5972213779527555
0
LINE
8
BLACK
6
CONTINUOUS
10
5.9932601574803153
20
-4.5972213779527555
11
5.9932601968503931
21
-4.5972213385826768
0
LINE
8
BLACK
6
CONTINUOUS
10
5.9932601968503931
20
-4.5972213385826768
11
5.9932602755905506
21
-4.5972213385826768
0
LINE
8
BLACK
6
CONTINUOUS
10
5.9932602755905506
20
-4.5972213385826768
11
5.9972491732283464
21
-4.5953612992125983
0
LINE
8
BLACK
6
CONTINUOUS
10
5.9972491732283464
20
-4.5953612992125983
11
6.0003612992125985
21
-4.5922491732283461
0
LINE
8
BLACK
6
CONTINUOUS
10
6.0003612992125985
20
-4.5922491732283461
11
6.002221338582677
21
-4.5882602755905513
0
LINE
8
BLACK
6
CONTINUOUS
10
6.002221338582677
20
-4.5882602755905513
11
6.0024606299212593
21
-4.5864426771653539
0
LINE
8
BLACK
6
CONTINUOUS
10
6.0024606299212593
20
-4.5864426771653539
11
6.0024606299212593
21
-4.5785966929133854
0
LINE
8
BLACK
6
CONTINUOUS
10
6.0024606299212593
20
-4.5785966929133854
11
6.002221338582677
21
-4.576779094488189
0
LINE
8
BLACK
6
CONTINUOUS
10
6.002221338582677
20
-4.576779094488189
11
6.0003612992125985
21
-4.5727901968503932
0
LINE
8
BLACK
6
CONTINUOUS
10
6.0003612992125985
20
-4.5727901968503932
11
6.000361220472441
21
-4.5727901181102357
0
LINE
8
BLACK
6
CONTINUOUS
10
6.000361220472441
20
-4.5727901181102357
11
6.000361220472441
21
-4.572790078740157
0
LINE
8
BLACK
6
CONTINUOUS
10
6.000361220472441
20
-4.572790078740157
11
5.9972492913385826
21
-4.5696781496062995
0
LINE
8
BLACK
6
CONTINUOUS
10
5.9972492913385826
20
-4.5696781496062995
11
5.9972491732283464
21
-4.569678070866142
0
LINE
8
BLACK
6
CONTINUOUS
10
5.9972491732283464
20
-4.569678070866142
11
5.9940058661417321
21
-4.5681656692913384
0
LINE
8
BLACK
6
CONTINUOUS
10
5.9940058661417321
20
-4.5681656692913384
11
5.9919080708661419
21
-4.5663185433070863
0
LINE
8
BLACK
6
CONTINUOUS
10
5.9919080708661419
20
-4.5663185433070863
11
5.9911417322834648
21
-4.5636698425196851
0
LINE
8
BLACK
6
CONTINUOUS
10
5.9911417322834648
20
-4.5636698425196851
11
5.9911417322834648
21
-4.5440111811023618
0
LINE
8
BLACK
6
CONTINUOUS
10
5.9911417322834648
20
-4.5440111811023618
11
5.9919292125984249
21
-4.541329251968504
0
LINE
8
BLACK
6
CONTINUOUS
10
5.9919292125984249
20
-4.541329251968504
11
5.9925946850393697
21
-4.5405035039370079
0
LINE
8
BLACK
6
CONTINUOUS
10
5.9925946850393697
20
-4.5405035039370079
11
5.9943551574803147
21
-4.5387430314960628
0
LINE
8
BLACK
6
CONTINUOUS
10
5.9943551574803147
20
-4.5387430314960628
11
5.9968083858267711
21
-4.5374034251968505
0
LINE
8
BLACK
6
CONTINUOUS
10
5.9968083858267711
20
-4.5374034251968505
11
5.9978628346456695
21
-4.5372900787401571
0
LINE
8
BLACK
6
CONTINUOUS
10
5.9978628346456695
20
-4.5372900787401571
11
6.0788993700787399
21
-4.5372900787401571
0
LINE
8
BLACK
6
CONTINUOUS
10
6.0788993700787399
20
-4.5372900787401571
11
6.0789
21
-4.5372901181102359
0
LINE
8
BLACK
6
CONTINUOUS
10
6.0789
20
-4.5372901181102359
11
6.0792038582677161
21
-4.5372901181102359
0
LINE
8
BLACK
6
CONTINUOUS
10
6.0792038582677161
20
-4.5372901181102359
11
6.0831378346456688
21
-4.5372901181102359
0
LINE
8
BLACK
6
CONTINUOUS
10
6.0831378346456688
20
-4.5372901181102359
11
6.0831378740157476
21
-4.5372901181102359
0
LINE
8
BLACK
6
CONTINUOUS
10
6.0831378740157476
20
-4.5372901181102359
11
6.0861346456692909
21
-4.5364870866141729
0
LINE
8
BLACK
6
CONTINUOUS
10
6.0861346456692909
20
-4.5364870866141729
11
6.0861347244094484
21
-4.5364870866141729
0
LINE
8
BLACK
6
CONTINUOUS
10
6.0861347244094484
20
-4.5364870866141729
11
6.0864286614173224
21
-4.5364082677165349
0
LINE
8
BLACK
6
CONTINUOUS
10
6.0864286614173224
20
-4.5364082677165349
11
6.0869378740157476
21
-4.5362718897637793
0
LINE
8
BLACK
6
CONTINUOUS
10
6.0869378740157476
20
-4.5362718897637793
11
6.0903448425196851
21
-4.5343048818897635
0
LINE
8
BLACK
6
CONTINUOUS
10
6.0903448425196851
20
-4.5343048818897635
11
6.0931266141732285
21
-4.5315231102362201
0
LINE
8
BLACK
6
CONTINUOUS
10
6.0931266141732285
20
-4.5315231102362201
11
6.0935347637795276
21
-4.531114960629921
0
LINE
8
BLACK
6
CONTINUOUS
10
6.0935347637795276
20
-4.531114960629921
11
6.0935350393700789
21
-4.5311145669291335
0
LINE
8
BLACK
6
CONTINUOUS
10
6.0935350393700789
20
-4.5311145669291335
11
6.2688841338582675
21
-4.3557655511811024
0
LINE
8
BLACK
6
CONTINUOUS
10
6.2688841338582675
20
-4.3557655511811024
11
6.2713373622047239
21
-4.3544259448818901
0
LINE
8
BLACK
6
CONTINUOUS
10
6.2713373622047239
20
-4.3544259448818901
11
6.2723918110236223
21
-4.3543125984251967
0
LINE
8
BLACK
6
CONTINUOUS
10
6.2723918110236223
20
-4.3543125984251967
11
6.287950551181102
21
-4.3543125984251967
0
LINE
8
BLACK
6
CONTINUOUS
10
6.287950551181102
20
-4.3543125984251967
11
6.2879511811023621
21
-4.3543126377952754
0
LINE
8
BLACK
6
CONTINUOUS
10
6.2879511811023621
20
-4.3543126377952754
11
6.2882550393700782
21
-4.3543126377952754
0
LINE
8
BLACK
6
CONTINUOUS
10
6.2882550393700782
20
-4.3543126377952754
11
6.2921890157480309
21
-4.3543126377952754
0
LINE
8
BLACK
6
CONTINUOUS
10
6.2921890157480309
20
-4.3543126377952754
11
6.2921890551181097
21
-4.3543126377952754
0
LINE
8
BLACK
6
CONTINUOUS
10
6.2921890551181097
20
-4.3543126377952754
11
6.2951858267716538
21
-4.3535096062992125
0
LINE
8
BLACK
6
CONTINUOUS
10
6.2951858267716538
20
-4.3535096062992125
11
6.2951859055118105
21
-4.3535096062992125
0
LINE
8
BLACK
6
CONTINUOUS
10
6.2951859055118105
20
-4.3535096062992125
11
6.2954798425196845
21
-4.3534307874015745
0
LINE
8
BLACK
6
CONTINUOUS
10
6.2954798425196845
20
-4.3534307874015745
11
6.2959890551181097
21
-4.3532944094488188
0
LINE
8
BLACK
6
CONTINUOUS
10
6.2959890551181097
20
-4.3532944094488188
11
6.2993960236220472
21
-4.3513274015748031
0
LINE
8
BLACK
6
CONTINUOUS
10
6.2993960236220472
20
-4.3513274015748031
11
6.3021777952755906
21
-4.3485456299212597
0
LINE
8
BLACK
6
CONTINUOUS
10
6.3021777952755906
20
-4.3485456299212597
11
6.3025859448818897
21
-4.3481374803149606
0
LINE
8
BLACK
6
CONTINUOUS
10
6.3025859448818897
20
-4.3481374803149606
11
6.302586220472441
21
-4.3481370866141731
0
LINE
8
BLACK
6
CONTINUOUS
10
6.302586220472441
20
-4.3481370866141731
11
6.3322105118110237
21
-4.3185127952755904
0
LINE
8
BLACK
6
CONTINUOUS
10
6.3322105118110237
20
-4.3185127952755904
11
6.3346636614173226
21
-4.3171732677165355
0
LINE
8
BLACK
6
CONTINUOUS
10
6.3346636614173226
20
-4.3171732677165355
11
6.3374516535433072
21
-4.3173726771653547
0
LINE
8
BLACK
6
CONTINUOUS
10
6.3374516535433072
20
-4.3173726771653547
11
6.3396892913385825
21
-4.3190477559055118
0
LINE
8
BLACK
6
CONTINUOUS
10
6.3396892913385825
20
-4.3190477559055118
11
6.3403010236220467
21
-4.3201220472440944
0
LINE
8
BLACK
6
CONTINUOUS
10
6.3403010236220467
20
-4.3201220472440944
11
6.3407049999999998
21
-4.3210972834645665
0
LINE
8
BLACK
6
CONTINUOUS
10
6.3407049999999998
20
-4.3210972834645665
11
6.3409308661417318
21
-4.3216425590551184
0
LINE
8
BLACK
6
CONTINUOUS
10
6.3409308661417318
20
-4.3216425590551184
11
6.3409310629921256
21
-4.3216428740157475
0
LINE
8
BLACK
6
CONTINUOUS
10
6.3409310629921256
20
-4.3216428740157475
11
6.3444301181102363
21
-4.3262029133858269
0
LINE
8
BLACK
6
CONTINUOUS
10
6.3444301181102363
20
-4.3262029133858269
11
6.3489017716535434
21
-4.329634133858268
0
LINE
8
BLACK
6
CONTINUOUS
10
6.3489017716535434
20
-4.329634133858268
11
6.348990433070866
21
-4.3297021653543304
0
LINE
8
BLACK
6
CONTINUOUS
10
6.348990433070866
20
-4.3297021653543304
11
6.354301023622047
21
-4.3319018897637793
0
LINE
8
BLACK
6
CONTINUOUS
10
6.354301023622047
20
-4.3319018897637793
11
6.3599999999999994
21
-4.3326521653543306
0
LINE
8
BLACK
6
CONTINUOUS
10
6.3599999999999994
20
-4.3326521653543306
11
6.3601398425196853
21
-4.3326337401574806
0
LINE
8
BLACK
6
CONTINUOUS
10
6.3601398425196853
20
-4.3326337401574806
11
6.3602579133858264
21
-4.3326521653543306
0
LINE
8
BLACK
6
CONTINUOUS
10
6.3602579133858264
20
-4.3326521653543306
11
6.3603251968503933
21
-4.3326521653543306
0
LINE
8
BLACK
6
CONTINUOUS
10
6.3603251968503933
20
-4.3326521653543306
11
6.3603251968503933
21
-4.3326626377952753
0
LINE
8
BLACK
6
CONTINUOUS
10
6.3603251968503933
20
-4.3326626377952753
11
6.3629015354330711
21
-4.3330643700787403
0
LINE
8
BLACK
6
CONTINUOUS
10
6.3629015354330711
20
-4.3330643700787403
11
6.3649920866141727
21
-4.3349197244094491
0
LINE
8
BLACK
6
CONTINUOUS
10
6.3649920866141727
20
-4.3349197244094491
11
6.3657480314960626
21
-4.3375519291338582
0
LINE
8
BLACK
6
CONTINUOUS
10
6.3657480314960626
20
-4.3375519291338582
11
6.3657480314960626
21
-4.3518713779527562
0
LINE
8
BLACK
6
CONTINUOUS
10
6.3657480314960626
20
-4.3518713779527562
11
6.3659864960629919
21
-4.3540896062992127
0
LINE
8
BLACK
6
CONTINUOUS
10
6.3659864960629919
20
-4.3540896062992127
11
6.3659865748031494
21
-4.3540899212598427
0
LINE
8
BLACK
6
CONTINUOUS
10
6.3659865748031494
20
-4.3540899212598427
11
6.3678588976377952
21
-4.3591096456692915
0
LINE
8
BLACK
6
CONTINUOUS
10
6.3678588976377952
20
-4.3591096456692915
11
6.3678590157480315
21
-4.3591098425196853
0
LINE
8
BLACK
6
CONTINUOUS
10
6.3678590157480315
20
-4.3591098425196853
11
6.3710696456692908
21
-4.3633988188976378
0
LINE
8
BLACK
6
CONTINUOUS
10
6.3710696456692908
20
-4.3633988188976378
11
6.3744798031496064
21
-4.3659515748031499
0
LINE
8
BLACK
6
CONTINUOUS
10
6.3744798031496064
20
-4.3659515748031499
11
6.3753587795275592
21
-4.3666095669291334
0
LINE
8
BLACK
6
CONTINUOUS
10
6.3753587795275592
20
-4.3666095669291334
11
6.3769503149606299
21
-4.3672031889763776
0
LINE
8
BLACK
6
CONTINUOUS
10
6.3769503149606299
20
-4.3672031889763776
11
6.3803785433070868
21
-4.3684818897637792
0
LINE
8
BLACK
6
CONTINUOUS
10
6.3803785433070868
20
-4.3684818897637792
11
6.3803788582677168
21
-4.3684819685039367
0
LINE
8
BLACK
6
CONTINUOUS
10
6.3803788582677168
20
-4.3684819685039367
11
6.3825970866141732
21
-4.368720433070866
0
LINE
8
BLACK
6
CONTINUOUS
10
6.3825970866141732
20
-4.368720433070866
11
6.382597283464567
21
-4.368720433070866
0
LINE
8
BLACK
6
CONTINUOUS
10
6.382597283464567
20
-4.368720433070866
11
6.3825975590551183
21
-4.3687204724409447
0
LINE
8
BLACK
6
CONTINUOUS
10
6.3825975590551183
20
-4.3687204724409447
11
6.3825977952755908
21
-4.3687204724409447
0
LINE
8
BLACK
6
CONTINUOUS
10
6.3825977952755908
20
-4.3687204724409447
11
6.3924181102362203
21
-4.3687204724409447
0
LINE
8
BLACK
6
CONTINUOUS
10
6.3924181102362203
20
-4.3687204724409447
11
6.395100039370079
21
-4.3695079527559058
0
LINE
8
BLACK
6
CONTINUOUS
10
6.395100039370079
20
-4.3695079527559058
11
6.3969304724409444
21
-4.3716203937007876
0
LINE
8
BLACK
6
CONTINUOUS
10
6.3969304724409444
20
-4.3716203937007876
11
6.3973282677165351
21
-4.3743870866141732
0
LINE
8
BLACK
6
CONTINUOUS
10
6.3973282677165351
20
-4.3743870866141732
11
6.3967141338582678
21
-4.3761614566929135
0
LINE
8
BLACK
6
CONTINUOUS
10
6.3967141338582678
20
-4.3761614566929135
11
6.3964640944881888
21
-4.376594527559055
0
LINE
8
BLACK
6
CONTINUOUS
10
6.3964640944881888
20
-4.376594527559055
11
6.3944411023622045
21
-4.3785233858267718
0
LINE
8
BLACK
6
CONTINUOUS
10
6.3944411023622045
20
-4.3785233858267718
11
6.3921680708661412
21
-4.3790748031496065
0
LINE
8
BLACK
6
CONTINUOUS
10
6.3921680708661412
20
-4.3790748031496065
11
6.3829034251968499
21
-4.3790748031496065
0
LINE
8
BLACK
6
CONTINUOUS
10
6.3829034251968499
20
-4.3790748031496065
11
6.3799649606299207
21
-4.3798621653543304
0
LINE
8
BLACK
6
CONTINUOUS
10
6.3799649606299207
20
-4.3798621653543304
11
6.3799648818897641
21
-4.3798621653543304
0
LINE
8
BLACK
6
CONTINUOUS
10
6.3799648818897641
20
-4.3798621653543304
11
6.3788532677165355
21
-4.3801599606299213
0
LINE
8
BLACK
6
CONTINUOUS
10
6.3788532677165355
20
-4.3801599606299213
11
6.378853031496063
21
-4.3801600787401576
0
LINE
8
BLACK
6
CONTINUOUS
10
6.378853031496063
20
-4.3801600787401576
11
6.3752217322834648
21
-4.3822566141732286
0
LINE
8
BLACK
6
CONTINUOUS
10
6.3752217322834648
20
-4.3822566141732286
11
6.3726517322834644
21
-4.3848266141732282
0
LINE
8
BLACK
6
CONTINUOUS
10
6.3726517322834644
20
-4.3848266141732282
11
6.3701984645669292
21
-4.3861661811023618
0
LINE
8
BLACK
6
CONTINUOUS
10
6.3701984645669292
20
-4.3861661811023618
11
6.3691440551181104
21
-4.3862795275590551
0
LINE
8
BLACK
6
CONTINUOUS
10
6.3691440551181104
20
-4.3862795275590551
11
6.3518287795275592
21
-4.3862795275590551
0
LINE
8
BLACK
6
CONTINUOUS
10
6.3518287795275592
20
-4.3862795275590551
11
6.3518278346456691
21
-4.3862796062992127
0
LINE
8
BLACK
6
CONTINUOUS
10
6.3518278346456691
20
-4.3862796062992127
11
6.3495215748031493
21
-4.3865274803149603
0
LINE
8
BLACK
6
CONTINUOUS
10
6.3495215748031493
20
-4.3865274803149603
11
6.3443023622047239
21
-4.3884741732283468
0
LINE
8
BLACK
6
CONTINUOUS
10
6.3443023622047239
20
-4.3884741732283468
11
6.3398435039370078
21
-4.3918120078740159
0
LINE
8
BLACK
6
CONTINUOUS
10
6.3398435039370078
20
-4.3918120078740159
11
6.3365056692913386
21
-4.3962709055118108
0
LINE
8
BLACK
6
CONTINUOUS
10
6.3365056692913386
20
-4.3962709055118108
11
6.3365055511811024
21
-4.3962710629921258
0
LINE
8
BLACK
6
CONTINUOUS
10
6.3365055511811024
20
-4.3962710629921258
11
6.3345590551181097
21
-4.4014897244094486
0
LINE
8
BLACK
6
CONTINUOUS
10
6.3345590551181097
20
-4.4014897244094486
11
6.3345589763779522
21
-4.4014900393700787
0
LINE
8
BLACK
6
CONTINUOUS
10
6.3345589763779522
20
-4.4014900393700787
11
6.334311023622047
21
-4.4037964960629923
0
LINE
8
BLACK
6
CONTINUOUS
10
6.334311023622047
20
-4.4037964960629923
11
6.334311023622047
21
-4.426202677165354
0
LINE
8
BLACK
6
CONTINUOUS
10
6.334311023622047
20
-4.426202677165354
11
6.3343111023622045
21
-4.426203622047244
0
LINE
8
BLACK
6
CONTINUOUS
10
6.3343111023622045
20
-4.426203622047244
11
6.3345589763779522
21
-4.4285098818897639
0
LINE
8
BLACK
6
CONTINUOUS
10
6.3345589763779522
20
-4.4285098818897639
11
6.3345590157480309
21
-4.4285100787401577
0
LINE
8
BLACK
6
CONTINUOUS
10
6.3345590157480309
20
-4.4285100787401577
11
6.3345590551181097
21
-4.4285101181102364
0
LINE
8
BLACK
6
CONTINUOUS
10
6.3345590551181097
20
-4.4285101181102364
11
6.3365055905511811
21
-4.4337289370078743
0
LINE
8
BLACK
6
CONTINUOUS
10
6.3365055905511811
20
-4.4337289370078743
11
6.3365056299212599
21
-4.433728976377953
0
LINE
8
BLACK
6
CONTINUOUS
10
6.3365056299212599
20
-4.433728976377953
11
6.3365056692913386
21
-4.4337290944881893
0
LINE
8
BLACK
6
CONTINUOUS
10
6.3365056692913386
20
-4.4337290944881893
11
6.3398435039370078
21
-4.4381879527559054
0
LINE
8
BLACK
6
CONTINUOUS
10
6.3398435039370078
20
-4.4381879527559054
11
6.3443024015748026
21
-4.4415257874015746
0
LINE
8
BLACK
6
CONTINUOUS
10
6.3443024015748026
20
-4.4415257874015746
11
6.3443025590551176
21
-4.4415259055118108
0
LINE
8
BLACK
6
CONTINUOUS
10
6.3443025590551176
20
-4.4415259055118108
11
6.3495212204724405
21
-4.4434724015748026
0
LINE
8
BLACK
6
CONTINUOUS
10
6.3495212204724405
20
-4.4434724015748026
11
6.3495215354330705
21
-4.4434724803149601
0
LINE
8
BLACK
6
CONTINUOUS
10
6.3495215354330705
20
-4.4434724803149601
11
6.3506749212598423
21
-4.4435964566929131
0
LINE
8
BLACK
6
CONTINUOUS
10
6.3506749212598423
20
-4.4435964566929131
11
6.3518284645669292
21
-4.4437204724409449
0
LINE
8
BLACK
6
CONTINUOUS
10
6.3518284645669292
20
-4.4437204724409449
11
6.3781714960629916
21
-4.4437204330708662
0
LINE
8
BLACK
6
CONTINUOUS
10
6.3781714960629916
20
-4.4437204330708662
11
6.3791892913385828
21
-4.4436110236220472
0
LINE
8
BLACK
6
CONTINUOUS
10
6.3791892913385828
20
-4.4436110236220472
11
6.3804783858267715
21
-4.4434724803149601
0
LINE
8
BLACK
6
CONTINUOUS
10
6.3804783858267715
20
-4.4434724803149601
11
6.3804784251968503
21
-4.4434724409448814
0
LINE
8
BLACK
6
CONTINUOUS
10
6.3804784251968503
20
-4.4434724409448814
11
6.380478622047244
21
-4.4434724409448814
0
LINE
8
BLACK
6
CONTINUOUS
10
6.380478622047244
20
-4.4434724409448814
11
6.3856974409448819
21
-4.4415259055118108
0
LINE
8
BLACK
6
CONTINUOUS
10
6.3856974409448819
20
-4.4415259055118108
11
6.390156456692913
21
-4.4381879527559054
0
LINE
8
BLACK
6
CONTINUOUS
10
6.390156456692913
20
-4.4381879527559054
11
6.3934944094488184
21
-4.4337289370078743
0
LINE
8
BLACK
6
CONTINUOUS
10
6.3934944094488184
20
-4.4337289370078743
11
6.3952028740157481
21
-4.4291483858267719
0
LINE
8
BLACK
6
CONTINUOUS
10
6.3952028740157481
20
-4.4291483858267719
11
6.3954409055118111
21
-4.4285102362204727
0
LINE
8
BLACK
6
CONTINUOUS
10
6.3954409055118111
20
-4.4285102362204727
11
6.3954409842519686
21
-4.4285099212598427
0
LINE
8
BLACK
6
CONTINUOUS
10
6.3954409842519686
20
-4.4285099212598427
11
6.3956889370078738
21
-4.426203464566929
0
LINE
8
BLACK
6
CONTINUOUS
10
6.3956889370078738
20
-4.426203464566929
11
6.3956889370078738
21
-4.4262033858267715
0
LINE
8
BLACK
6
CONTINUOUS
10
6.3956889370078738
20
-4.4262033858267715
11
6.3956889763779525
21
-4.4262030314960628
0
LINE
8
BLACK
6
CONTINUOUS
10
6.3956889763779525
20
-4.4262030314960628
11
6.3956889370078738
21
-4.4201256299212597
0
LINE
8
BLACK
6
CONTINUOUS
10
6.3956889370078738
20
-4.4201256299212597
11
6.3964764173228348
21
-4.4174437795275585
0
LINE
8
BLACK
6
CONTINUOUS
10
6.3964764173228348
20
-4.4174437795275585
11
6.3985888188976379
21
-4.4156133464566931
0
LINE
8
BLACK
6
CONTINUOUS
10
6.3985888188976379
20
-4.4156133464566931
11
6.4013555118110235
21
-4.4152155118110237
0
LINE
8
BLACK
6
CONTINUOUS
10
6.4013555118110235
20
-4.4152155118110237
11
6.4025477559055117
21
-4.4155425984251968
0
LINE
8
BLACK
6
CONTINUOUS
10
6.4025477559055117
20
-4.4155425984251968
11
6.4043010236220468
21
-4.4162688188976373
0
LINE
8
BLACK
6
CONTINUOUS
10
6.4043010236220468
20
-4.4162688188976373
11
6.4100000000000001
21
-4.4170190944881886
0
LINE
8
BLACK
6
CONTINUOUS
10
6.4100000000000001
20
-4.4170190944881886
11
6.4156989763779526
21
-4.4162688188976373
0
LINE
8
BLACK
6
CONTINUOUS
10
6.4156989763779526
20
-4.4162688188976373
11
6.4210095669291336
21
-4.4140690944881893
0
LINE
8
BLACK
6
CONTINUOUS
10
6.4210095669291336
20
-4.4140690944881893
11
6.4255698425196845
21
-4.4105698425196849
0
LINE
8
BLACK
6
CONTINUOUS
10
6.4255698425196845
20
-4.4105698425196849
11
6.429069094488189
21
-4.4060095669291339
0
LINE
8
BLACK
6
CONTINUOUS
10
6.429069094488189
20
-4.4060095669291339
11
6.4312688188976379
21
-4.4006989763779529
0
LINE
8
BLACK
6
CONTINUOUS
10
6.4312688188976379
20
-4.4006989763779529
11
6.4320190944881892
21
-4.3949999999999996
0
LINE
8
BLACK
6
CONTINUOUS
10
6.4320190944881892
20
-4.3949999999999996
11
6.4312688188976379
21
-4.3893010236220471
0
LINE
8
BLACK
6
CONTINUOUS
10
6.4312688188976379
20
-4.3893010236220471
11
6.4312687401574804
21
-4.3893008661417321
0
LINE
8
BLACK
6
CONTINUOUS
10
6.4312687401574804
20
-4.3893008661417321
11
6.4312334645669287
21
-4.3890327952755905
0
LINE
8
BLACK
6
CONTINUOUS
10
6.4312334645669287
20
-4.3890327952755905
11
6.4316641338582672
21
-4.3862710236220472
0
LINE
8
BLACK
6
CONTINUOUS
10
6.4316641338582672
20
-4.3862710236220472
11
6.4326438582677161
21
-4.3848776771653544
0
LINE
8
BLACK
6
CONTINUOUS
10
6.4326438582677161
20
-4.3848776771653544
11
6.4473482283464563
21
-4.3701733858267717
0
LINE
8
BLACK
6
CONTINUOUS
10
6.4473482283464563
20
-4.3701733858267717
11
6.4498014566929136
21
-4.3688338188976381
0
LINE
8
BLACK
6
CONTINUOUS
10
6.4498014566929136
20
-4.3688338188976381
11
6.4508559055118111
21
-4.3687204724409447
0
LINE
8
BLACK
6
CONTINUOUS
10
6.4508559055118111
20
-4.3687204724409447
11
6.4653943307086612
21
-4.3687204724409447
0
LINE
8
BLACK
6
CONTINUOUS
10
6.4653943307086612
20
-4.3687204724409447
11
6.4653945669291337
21
-4.3687204724409447
0
LINE
8
BLACK
6
CONTINUOUS
10
6.4653945669291337
20
-4.3687204724409447
11
6.465394842519685
21
-4.368720433070866
0
LINE
8
BLACK
6
CONTINUOUS
10
6.465394842519685
20
-4.368720433070866
11
6.465395
21
-4.368720433070866
0
LINE
8
BLACK
6
CONTINUOUS
10
6.465395
20
-4.368720433070866
11
6.4676132283464565
21
-4.3684819685039367
0
LINE
8
BLACK
6
CONTINUOUS
10
6.4676132283464565
20
-4.3684819685039367
11
6.4676133464566927
21
-4.3684819291338579
0
LINE
8
BLACK
6
CONTINUOUS
10
6.4676133464566927
20
-4.3684819291338579
11
6.4676134251968502
21
-4.3684819291338579
0
LINE
8
BLACK
6
CONTINUOUS
10
6.4676134251968502
20
-4.3684819291338579
11
6.4726333464566927
21
-4.3666095669291334
0
LINE
8
BLACK
6
CONTINUOUS
10
6.4726333464566927
20
-4.3666095669291334
11
6.4769224409448816
21
-4.3633988188976378
0
LINE
8
BLACK
6
CONTINUOUS
10
6.4769224409448816
20
-4.3633988188976378
11
6.480133188976378
21
-4.359109724409449
0
LINE
8
BLACK
6
CONTINUOUS
10
6.480133188976378
20
-4.359109724409449
11
6.4817479921259844
21
-4.3547802755905511
0
LINE
8
BLACK
6
CONTINUOUS
10
6.4817479921259844
20
-4.3547802755905511
11
6.4820055118110238
21
-4.3540899212598427
0
LINE
8
BLACK
6
CONTINUOUS
10
6.4820055118110238
20
-4.3540899212598427
11
6.4820055118110238
21
-4.354089881889764
0
LINE
8
BLACK
6
CONTINUOUS
10
6.4820055118110238
20
-4.354089881889764
11
6.4820055511811026
21
-4.3540898031496065
0
LINE
8
BLACK
6
CONTINUOUS
10
6.4820055511811026
20
-4.3540898031496065
11
6.4820683070866139
21
-4.3535060236220469
0
LINE
8
BLACK
6
CONTINUOUS
10
6.4820683070866139
20
-4.3535060236220469
11
6.4831377952755904
21
-4.3509237007874013
0
LINE
8
BLACK
6
CONTINUOUS
10
6.4831377952755904
20
-4.3509237007874013
11
6.485433700787401
21
-4.3493294488188976
0
LINE
8
BLACK
6
CONTINUOUS
10
6.485433700787401
20
-4.3493294488188976
11
6.4882270472440942
21
-4.3492295275590553
0
LINE
8
BLACK
6
CONTINUOUS
10
6.4882270472440942
20
-4.3492295275590553
11
6.4906309842519683
21
-4.3506557086614173
0
LINE
8
BLACK
6
CONTINUOUS
10
6.4906309842519683
20
-4.3506557086614173
11
6.490936023622047
21
-4.3510162598425195
0
LINE
8
BLACK
6
CONTINUOUS
10
6.490936023622047
20
-4.3510162598425195
11
6.4944301968503932
21
-4.3555698818897639
0
LINE
8
BLACK
6
CONTINUOUS
10
6.4944301968503932
20
-4.3555698818897639
11
6.4986732283464566
21
-4.3588257086614171
0
LINE
8
BLACK
6
CONTINUOUS
10
6.4986732283464566
20
-4.3588257086614171
11
6.4989904330708663
21
-4.3590690944881887
0
LINE
8
BLACK
6
CONTINUOUS
10
6.4989904330708663
20
-4.3590690944881887
11
6.5043010236220473
21
-4.3612688188976376
0
LINE
8
BLACK
6
CONTINUOUS
10
6.5043010236220473
20
-4.3612688188976376
11
6.5099999999999998
21
-4.3620190944881889
0
LINE
8
BLACK
6
CONTINUOUS
10
6.5099999999999998
20
-4.3620190944881889
11
6.5156989763779523
21
-4.3612688188976376
0
LINE
8
BLACK
6
CONTINUOUS
10
6.5156989763779523
20
-4.3612688188976376
11
6.5181832283464569
21
-4.3602397637795276
0
LINE
8
BLACK
6
CONTINUOUS
10
6.5181832283464569
20
-4.3602397637795276
11
6.5200815748031493
21
-4.3598622047244096
0
LINE
8
BLACK
6
CONTINUOUS
10
6.5200815748031493
20
-4.3598622047244096
11
6.525939094488189
21
-4.3598622047244096
0
LINE
8
BLACK
6
CONTINUOUS
10
6.525939094488189
20
-4.3598622047244096
11
6.5286210236220468
21
-4.3606496850393697
0
LINE
8
BLACK
6
CONTINUOUS
10
6.5286210236220468
20
-4.3606496850393697
11
6.5299102755905514
21
-4.3618500393700783
0
LINE
8
BLACK
6
CONTINUOUS
10
6.5299102755905514
20
-4.3618500393700783
11
6.5310696456692909
21
-4.3633988188976378
0
LINE
8
BLACK
6
CONTINUOUS
10
6.5310696456692909
20
-4.3633988188976378
11
6.5344798031496065
21
-4.3659515748031499
0
LINE
8
BLACK
6
CONTINUOUS
10
6.5344798031496065
20
-4.3659515748031499
11
6.5353587795275585
21
-4.3666095669291334
0
LINE
8
BLACK
6
CONTINUOUS
10
6.5353587795275585
20
-4.3666095669291334
11
6.5369503149606301
21
-4.3672031889763776
0
LINE
8
BLACK
6
CONTINUOUS
10
6.5369503149606301
20
-4.3672031889763776
11
6.5403785433070869
21
-4.3684818897637792
0
LINE
8
BLACK
6
CONTINUOUS
10
6.5403785433070869
20
-4.3684818897637792
11
6.540378858267716
21
-4.3684819685039367
0
LINE
8
BLACK
6
CONTINUOUS
10
6.540378858267716
20
-4.3684819685039367
11
6.5425970866141734
21
-4.368720433070866
0
LINE
8
BLACK
6
CONTINUOUS
10
6.5425970866141734
20
-4.368720433070866
11
6.5425972834645671
21
-4.368720433070866
0
LINE
8
BLACK
6
CONTINUOUS
10
6.5425972834645671
20
-4.368720433070866
11
6.5425975590551175
21
-4.3687204724409447
0
LINE
8
BLACK
6
CONTINUOUS
10
6.5425975590551175
20
-4.3687204724409447
11
6.54259779527559
21
-4.3687204724409447
0
LINE
8
BLACK
6
CONTINUOUS
10
6.54259779527559
20
-4.3687204724409447
11
6.5633864566929132
21
-4.3687204724409447
0
LINE
8
BLACK
6
CONTINUOUS
10
6.5633864566929132
20
-4.3687204724409447
11
6.5633866929133857
21
-4.3687204724409447
0
LINE
8
BLACK
6
CONTINUOUS
10
6.5633866929133857
20
-4.3687204724409447
11
6.563386968503937
21
-4.368720433070866
0
LINE
8
BLACK
6
CONTINUOUS
10
6.563386968503937
20
-4.368720433070866
11
6.563387125984252
21
-4.368720433070866
0
LINE
8
BLACK
6
CONTINUOUS
10
6.563387125984252
20
-4.368720433070866
11
6.5656053543307085
21
-4.3684819685039367
0
LINE
8
BLACK
6
CONTINUOUS
10
6.5656053543307085
20
-4.3684819685039367
11
6.5656054724409447
21
-4.3684819291338579
0
LINE
8
BLACK
6
CONTINUOUS
10
6.5656054724409447
20
-4.3684819291338579
11
6.5656055511811022
21
-4.3684819291338579
0
LINE
8
BLACK
6
CONTINUOUS
10
6.5656055511811022
20
-4.3684819291338579
11
6.5706254724409447
21
-4.3666095669291334
0
LINE
8
BLACK
6
CONTINUOUS
10
6.5706254724409447
20
-4.3666095669291334
11
6.5749145669291336
21
-4.3633988188976378
0
LINE
8
BLACK
6
CONTINUOUS
10
6.5749145669291336
20
-4.3633988188976378
11
6.57812531496063
21
-4.359109724409449
0
LINE
8
BLACK
6
CONTINUOUS
10
6.57812531496063
20
-4.359109724409449
11
6.5793481496062993
21
-4.3558312204724405
0
LINE
8
BLACK
6
CONTINUOUS
10
6.5793481496062993
20
-4.3558312204724405
11
6.5793482283464568
21
-4.3558310236220468
0
LINE
8
BLACK
6
CONTINUOUS
10
6.5793482283464568
20
-4.3558310236220468
11
6.5810232677165352
21
-4.3535933858267715
0
LINE
8
BLACK
6
CONTINUOUS
10
6.5810232677165352
20
-4.3535933858267715
11
6.5836422047244092
21
-4.3526166141732281
0
LINE
8
BLACK
6
CONTINUOUS
10
6.5836422047244092
20
-4.3526166141732281
11
6.586373464566929
21
-4.3532107874015749
0
LINE
8
BLACK
6
CONTINUOUS
10
6.586373464566929
20
-4.3532107874015749
11
6.5883499212598426
21
-4.3551872440944877
0
LINE
8
BLACK
6
CONTINUOUS
10
6.5883499212598426
20
-4.3551872440944877
11
6.5886438976377955
21
-4.3558310236220468
0
LINE
8
BLACK
6
CONTINUOUS
10
6.5886438976377955
20
-4.3558310236220468
11
6.5898667716535435
21
-4.3591096850393702
0
LINE
8
BLACK
6
CONTINUOUS
10
6.5898667716535435
20
-4.3591096850393702
11
6.5898668897637798
21
-4.3591098425196853
0
LINE
8
BLACK
6
CONTINUOUS
10
6.5898668897637798
20
-4.3591098425196853
11
6.5930775196850391
21
-4.3633988188976378
0
LINE
8
BLACK
6
CONTINUOUS
10
6.5930775196850391
20
-4.3633988188976378
11
6.5964876771653538
21
-4.3659515748031499
0
LINE
8
BLACK
6
CONTINUOUS
10
6.5964876771653538
20
-4.3659515748031499
11
6.5973666535433066
21
-4.3666095669291334
0
LINE
8
BLACK
6
CONTINUOUS
10
6.5973666535433066
20
-4.3666095669291334
11
6.5989581889763782
21
-4.3672031889763776
0
LINE
8
BLACK
6
CONTINUOUS
10
6.5989581889763782
20
-4.3672031889763776
11
6.6023864173228342
21
-4.3684818897637792
0
LINE
8
BLACK
6
CONTINUOUS
10
6.6023864173228342
20
-4.3684818897637792
11
6.6023867322834642
21
-4.3684819685039367
0
LINE
8
BLACK
6
CONTINUOUS
10
6.6023867322834642
20
-4.3684819685039367
11
6.6046049606299215
21
-4.368720433070866
0
LINE
8
BLACK
6
CONTINUOUS
10
6.6046049606299215
20
-4.368720433070866
11
6.6046051574803144
21
-4.368720433070866
0
LINE
8
BLACK
6
CONTINUOUS
10
6.6046051574803144
20
-4.368720433070866
11
6.6046054330708657
21
-4.3687204724409447
0
LINE
8
BLACK
6
CONTINUOUS
10
6.6046054330708657
20
-4.3687204724409447
11
6.6046056692913382
21
-4.3687204724409447
0
LINE
8
BLACK
6
CONTINUOUS
10
6.6046056692913382
20
-4.3687204724409447
11
6.6253943307086614
21
-4.3687204724409447
0
LINE
8
BLACK
6
CONTINUOUS
10
6.6253943307086614
20
-4.3687204724409447
11
6.6253945669291339
21
-4.3687204724409447
0
LINE
8
BLACK
6
CONTINUOUS
10
6.6253945669291339
20
-4.3687204724409447
11
6.6253948425196851
21
-4.368720433070866
0
LINE
8
BLACK
6
CONTINUOUS
10
6.6253948425196851
20
-4.368720433070866
11
6.6253950000000001
21
-4.368720433070866
0
LINE
8
BLACK
6
CONTINUOUS
10
6.6253950000000001
20
-4.368720433070866
11
6.6276132283464566
21
-4.3684819685039367
0
LINE
8
BLACK
6
CONTINUOUS
10
6.6276132283464566
20
-4.3684819685039367
11
6.6276133464566929
21
-4.3684819291338579
0
LINE
8
BLACK
6
CONTINUOUS
10
6.6276133464566929
20
-4.3684819291338579
11
6.6276134251968504
21
-4.3684819291338579
0
LINE
8
BLACK
6
CONTINUOUS
10
6.6276134251968504
20
-4.3684819291338579
11
6.6326333464566929
21
-4.3666095669291334
0
LINE
8
BLACK
6
CONTINUOUS
10
6.6326333464566929
20
-4.3666095669291334
11
6.6369224409448817
21
-4.3633988188976378
0
LINE
8
BLACK
6
CONTINUOUS
10
6.6369224409448817
20
-4.3633988188976378
11
6.6382259055118107
21
-4.3616575984251966
0
LINE
8
BLACK
6
CONTINUOUS
10
6.6382259055118107
20
-4.3616575984251966
11
6.6403458267716537
21
-4.3588257086614171
0
LINE
8
BLACK
6
CONTINUOUS
10
6.6403458267716537
20
-4.3588257086614171
11
6.6404562992125982
21
-4.3589083858267719
0
LINE
8
BLACK
6
CONTINUOUS
10
6.6404562992125982
20
-4.3589083858267719
11
6.6419615354330706
21
-4.3574016535433069
0
LINE
8
BLACK
6
CONTINUOUS
10
6.6419615354330706
20
-4.3574016535433069
11
6.6446924803149603
21
-4.3568060629921259
0
LINE
8
BLACK
6
CONTINUOUS
10
6.6446924803149603
20
-4.3568060629921259
11
6.6473118897637793
21
-4.3577815354330705
0
LINE
8
BLACK
6
CONTINUOUS
10
6.6473118897637793
20
-4.3577815354330705
11
6.6473567716535431
21
-4.3578155118110233
0
LINE
8
BLACK
6
CONTINUOUS
10
6.6473567716535431
20
-4.3578155118110233
11
6.6489904330708658
21
-4.3590690944881887
0
LINE
8
BLACK
6
CONTINUOUS
10
6.6489904330708658
20
-4.3590690944881887
11
6.6543010236220468
21
-4.3612688188976376
0
LINE
8
BLACK
6
CONTINUOUS
10
6.6543010236220468
20
-4.3612688188976376
11
6.6600000000000001
21
-4.3620190944881889
0
LINE
8
BLACK
6
CONTINUOUS
10
6.6600000000000001
20
-4.3620190944881889
11
6.6656989763779526
21
-4.3612688188976376
0
LINE
8
BLACK
6
CONTINUOUS
10
6.6656989763779526
20
-4.3612688188976376
11
6.6710095669291336
21
-4.3590690944881887
0
LINE
8
BLACK
6
CONTINUOUS
10
6.6710095669291336
20
-4.3590690944881887
11
6.6755698425196845
21
-4.3555698425196852
0
LINE
8
BLACK
6
CONTINUOUS
10
6.6755698425196845
20
-4.3555698425196852
11
6.679069094488189
21
-4.3510095669291333
0
LINE
8
BLACK
6
CONTINUOUS
10
6.679069094488189
20
-4.3510095669291333
11
6.6812688188976379
21
-4.3456989763779523
0
LINE
8
BLACK
6
CONTINUOUS
10
6.6812688188976379
20
-4.3456989763779523
11
6.6820190944881892
21
-4.3399999999999999
0
LINE
8
BLACK
6
CONTINUOUS
10
6.6820190944881892
20
-4.3399999999999999
11
6.6819182283464569
21
-4.3392339763779528
0
LINE
8
BLACK
6
CONTINUOUS
10
6.6819182283464569
20
-4.3392339763779528
11
6.6813502755905514
21
-4.3349197244094491
0
LINE
8
BLACK
6
CONTINUOUS
10
6.6813502755905514
20
-4.3349197244094491
11
6.6812688188976379
21
-4.3343010236220474
0
LINE
8
BLACK
6
CONTINUOUS
10
6.6812688188976379
20
-4.3343010236220474
11
6.679069094488189
21
-4.3289904724409451
0
LINE
8
BLACK
6
CONTINUOUS
10
6.679069094488189
20
-4.3289904724409451
11
6.6755698425196845
21
-4.3244301574803146
0
LINE
8
BLACK
6
CONTINUOUS
10
6.6755698425196845
20
-4.3244301574803146
11
6.675569763779527
21
-4.3244300787401571
0
LINE
8
BLACK
6
CONTINUOUS
10
6.675569763779527
20
-4.3244300787401571
11
6.6755697244094483
21
-4.3244300393700783
0
LINE
8
BLACK
6
CONTINUOUS
10
6.6755697244094483
20
-4.3244300393700783
11
6.6710098031496061
21
-4.320931062992126
0
LINE
8
BLACK
6
CONTINUOUS
10
6.6710098031496061
20
-4.320931062992126
11
6.6710094881889761
21
-4.3209308661417323
0
LINE
8
BLACK
6
CONTINUOUS
10
6.6710094881889761
20
-4.3209308661417323
11
6.6656988976377951
21
-4.3187311417322833
0
LINE
8
BLACK
6
CONTINUOUS
10
6.6656988976377951
20
-4.3187311417322833
11
6.6600000000000001
21
-4.3179809055118108
0
LINE
8
BLACK
6
CONTINUOUS
10
6.6600000000000001
20
-4.3179809055118108
11
6.6543010629921255
21
-4.3187311417322833
0
LINE
8
BLACK
6
CONTINUOUS
10
6.6543010629921255
20
-4.3187311417322833
11
6.6521499999999998
21
-4.319622165354331
0
LINE
8
BLACK
6
CONTINUOUS
10
6.6521499999999998
20
-4.319622165354331
11
6.6489904724409445
21
-4.320930905511811
0
LINE
8
BLACK
6
CONTINUOUS
10
6.6489904724409445
20
-4.320930905511811
11
6.6489904330708658
21
-4.3209309448818898
0
LINE
8
BLACK
6
CONTINUOUS
10
6.6489904330708658
20
-4.3209309448818898
11
6.6489901968503933
21
-4.320931062992126
0
LINE
8
BLACK
6
CONTINUOUS
10
6.6489901968503933
20
-4.320931062992126
11
6.64736094488189
21
-4.3221812598425196
0
LINE
8
BLACK
6
CONTINUOUS
10
6.64736094488189
20
-4.3221812598425196
11
6.6447538582677161
21
-4.3231891338582678
0
LINE
8
BLACK
6
CONTINUOUS
10
6.6447538582677161
20
-4.3231891338582678
11
6.6420157086614173
21
-4.3226275196850397
0
LINE
8
BLACK
6
CONTINUOUS
10
6.6420157086614173
20
-4.3226275196850397
11
6.6404486614173228
21
-4.3210972834645665
0
LINE
8
BLACK
6
CONTINUOUS
10
6.6404486614173228
20
-4.3210972834645665
11
6.6403458267716537
21
-4.3211742913385827
0
LINE
8
BLACK
6
CONTINUOUS
10
6.6403458267716537
20
-4.3211742913385827
11
6.6369224409448817
21
-4.3166011417322832
0
LINE
8
BLACK
6
CONTINUOUS
10
6.6369224409448817
20
-4.3166011417322832
11
6.6326334645669291
21
-4.3133905118110238
0
LINE
8
BLACK
6
CONTINUOUS
10
6.6326334645669291
20
-4.3133905118110238
11
6.6326332677165354
21
-4.3133903937007876
0
LINE
8
BLACK
6
CONTINUOUS
10
6.6326332677165354
20
-4.3133903937007876
11
6.6276135433070866
21
-4.3115180708661418
0
LINE
8
BLACK
6
CONTINUOUS
10
6.6276135433070866
20
-4.3115180708661418
11
6.6276132283464566
21
-4.3115179921259843
0
LINE
8
BLACK
6
CONTINUOUS
10
6.6276132283464566
20
-4.3115179921259843
11
6.6253950000000001
21
-4.311279527559055
0
LINE
8
BLACK
6
CONTINUOUS
10
6.6253950000000001
20
-4.311279527559055
11
6.6253945669291339
21
-4.311279527559055
0
LINE
8
BLACK
6
CONTINUOUS
10
6.6253945669291339
20
-4.311279527559055
11
6.6046054330708657
21
-4.311279527559055
0
LINE
8
BLACK
6
CONTINUOUS
10
6.6046054330708657
20
-4.311279527559055
11
6.6046049606299215
21
-4.311279527559055
0
LINE
8
BLACK
6
CONTINUOUS
10
6.6046049606299215
20
-4.311279527559055
11
6.6023867322834642
21
-4.3115179921259843
0
LINE
8
BLACK
6
CONTINUOUS
10
6.6023867322834642
20
-4.3115179921259843
11
6.6023864173228342
21
-4.3115180708661418
0
LINE
8
BLACK
6
CONTINUOUS
10
6.6023864173228342
20
-4.3115180708661418
11
6.5973666929133854
21
-4.3133903937007876
0
LINE
8
BLACK
6
CONTINUOUS
10
6.5973666929133854
20
-4.3133903937007876
11
6.5973664960629916
21
-4.3133905118110238
0
LINE
8
BLACK
6
CONTINUOUS
10
6.5973664960629916
20
-4.3133905118110238
11
6.5930775196850391
21
-4.3166011417322832
0
LINE
8
BLACK
6
CONTINUOUS
10
6.5930775196850391
20
-4.3166011417322832
11
6.5898668897637798
21
-4.3208901181102357
0
LINE
8
BLACK
6
CONTINUOUS
10
6.5898668897637798
20
-4.3208901181102357
11
6.5898667716535435
21
-4.3208903149606295
0
LINE
8
BLACK
6
CONTINUOUS
10
6.5898667716535435
20
-4.3208903149606295
11
6.5886438976377955
21
-4.3241689370078742
0
LINE
8
BLACK
6
CONTINUOUS
10
6.5886438976377955
20
-4.3241689370078742
11
6.5869688188976374
21
-4.3264065748031495
0
LINE
8
BLACK
6
CONTINUOUS
10
6.5869688188976374
20
-4.3264065748031495
11
6.5843499212598422
21
-4.3273833464566929
0
LINE
8
BLACK
6
CONTINUOUS
10
6.5843499212598422
20
-4.3273833464566929
11
6.5816186614173224
21
-4.3267891732283461
0
LINE
8
BLACK
6
CONTINUOUS
10
6.5816186614173224
20
-4.3267891732283461
11
6.5796422047244096
21
-4.3248126771653546
0
LINE
8
BLACK
6
CONTINUOUS
10
6.5796422047244096
20
-4.3248126771653546
11
6.5793482283464568
21
-4.3241689370078742
0
LINE
8
BLACK
6
CONTINUOUS
10
6.5793482283464568
20
-4.3241689370078742
11
6.5784059055118105
21
-4.3216425590551184
0
LINE
8
BLACK
6
CONTINUOUS
10
6.5784059055118105
20
-4.3216425590551184
11
6.57812531496063
21
-4.3208902755905507
0
LINE
8
BLACK
6
CONTINUOUS
10
6.57812531496063
20
-4.3208902755905507
11
6.5772337007874011
21
-4.319699212598425
0
LINE
8
BLACK
6
CONTINUOUS
10
6.5772337007874011
20
-4.319699212598425
11
6.5749145669291336
21
-4.3166011417322832
0
LINE
8
BLACK
6
CONTINUOUS
10
6.5749145669291336
20
-4.3166011417322832
11
6.570625590551181
21
-4.3133905118110238
0
LINE
8
BLACK
6
CONTINUOUS
10
6.570625590551181
20
-4.3133905118110238
11
6.5706253937007872
21
-4.3133903937007876
0
LINE
8
BLACK
6
CONTINUOUS
10
6.5706253937007872
20
-4.3133903937007876
11
6.5656056692913385
21
-4.3115180708661418
0
LINE
8
BLACK
6
CONTINUOUS
10
6.5656056692913385
20
-4.3115180708661418
11
6.5656053543307085
21
-4.3115179921259843
0
LINE
8
BLACK
6
CONTINUOUS
10
6.5656053543307085
20
-4.3115179921259843
11
6.563387125984252
21
-4.311279527559055
0
LINE
8
BLACK
6
CONTINUOUS
10
6.563387125984252
20
-4.311279527559055
11
6.5633866929133857
21
-4.311279527559055
0
LINE
8
BLACK
6
CONTINUOUS
10
6.5633866929133857
20
-4.311279527559055
11
6.5425975590551175
21
-4.311279527559055
0
LINE
8
BLACK
6
CONTINUOUS
10
6.5425975590551175
20
-4.311279527559055
11
6.5425970866141734
21
-4.311279527559055
0
LINE
8
BLACK
6
CONTINUOUS
10
6.5425970866141734
20
-4.311279527559055
11
6.540378858267716
21
-4.3115179921259843
0
LINE
8
BLACK
6
CONTINUOUS
10
6.540378858267716
20
-4.3115179921259843
11
6.5403785433070869
21
-4.3115180708661418
0
LINE
8
BLACK
6
CONTINUOUS
10
6.5403785433070869
20
-4.3115180708661418
11
6.5353588188976373
21
-4.3133903937007876
0
LINE
8
BLACK
6
CONTINUOUS
10
6.5353588188976373
20
-4.3133903937007876
11
6.5353586220472444
21
-4.3133905118110238
0
LINE
8
BLACK
6
CONTINUOUS
10
6.5353586220472444
20
-4.3133905118110238
11
6.5310696456692909
21
-4.3166011417322832
0
LINE
8
BLACK
6
CONTINUOUS
10
6.5310696456692909
20
-4.3166011417322832
11
6.5299102755905514
21
-4.3181499606299214
0
LINE
8
BLACK
6
CONTINUOUS
10
6.5299102755905514
20
-4.3181499606299214
11
6.5276726771653539
21
-4.3198250393700786
0
LINE
8
BLACK
6
CONTINUOUS
10
6.5276726771653539
20
-4.3198250393700786
11
6.525939094488189
21
-4.3201377952755902
0
LINE
8
BLACK
6
CONTINUOUS
10
6.525939094488189
20
-4.3201377952755902
11
6.5200815748031493
21
-4.3201377952755902
0
LINE
8
BLACK
6
CONTINUOUS
10
6.5200815748031493
20
-4.3201377952755902
11
6.5181832283464569
21
-4.3197601968503934
0
LINE
8
BLACK
6
CONTINUOUS
10
6.5181832283464569
20
-4.3197601968503934
11
6.5180359842519682
21
-4.319699212598425
0
LINE
8
BLACK
6
CONTINUOUS
10
6.5180359842519682
20
-4.319699212598425
11
6.5156989763779523
21
-4.3187311811023621
0
LINE
8
BLACK
6
CONTINUOUS
10
6.5156989763779523
20
-4.3187311811023621
11
6.5156988976377948
21
-4.3187311417322833
0
LINE
8
BLACK
6
CONTINUOUS
10
6.5156988976377948
20
-4.3187311417322833
11
6.5099999999999998
21
-4.3179809055118108
0
LINE
8
BLACK
6
CONTINUOUS
10
6.5099999999999998
20
-4.3179809055118108
11
6.5043010629921261
21
-4.3187311417322833
0
LINE
8
BLACK
6
CONTINUOUS
10
6.5043010629921261
20
-4.3187311417322833
11
6.5021499999999994
21
-4.319622165354331
0
LINE
8
BLACK
6
CONTINUOUS
10
6.5021499999999994
20
-4.319622165354331
11
6.4989904724409451
21
-4.320930905511811
0
LINE
8
BLACK
6
CONTINUOUS
10
6.4989904724409451
20
-4.320930905511811
11
6.4989904330708663
21
-4.3209309448818898
0
LINE
8
BLACK
6
CONTINUOUS
10
6.4989904330708663
20
-4.3209309448818898
11
6.4989903937007876
21
-4.3209309448818898
0
LINE
8
BLACK
6
CONTINUOUS
10
6.4989903937007876
20
-4.3209309448818898
11
6.4944300393700782
21
-4.3244302362204721
0
LINE
8
BLACK
6
CONTINUOUS
10
6.4944300393700782
20
-4.3244302362204721
11
6.4909360629921258
21
-4.3289837007874015
0
LINE
8
BLACK
6
CONTINUOUS
10
6.4909360629921258
20
-4.3289837007874015
11
6.4886786614173229
21
-4.3306320078740157
0
LINE
8
BLACK
6
CONTINUOUS
10
6.4886786614173229
20
-4.3306320078740157
11
6.485888464566929
21
-4.330798228346457
0
LINE
8
BLACK
6
CONTINUOUS
10
6.485888464566929
20
-4.330798228346457
11
6.4834513385826771
21
-4.3294295669291341
0
LINE
8
BLACK
6
CONTINUOUS
10
6.4834513385826771
20
-4.3294295669291341
11
6.4821410629921257
21
-4.3269605511811022
0
LINE
8
BLACK
6
CONTINUOUS
10
6.4821410629921257
20
-4.3269605511811022
11
6.4820683464566926
21
-4.3264940944881891
0
LINE
8
BLACK
6
CONTINUOUS
10
6.4820683464566926
20
-4.3264940944881891
11
6.4820055905511813
21
-4.3259103543307083
0
LINE
8
BLACK
6
CONTINUOUS
10
6.4820055905511813
20
-4.3259103543307083
11
6.4820055118110238
21
-4.3259100393700782
0
LINE
8
BLACK
6
CONTINUOUS
10
6.4820055118110238
20
-4.3259100393700782
11
6.4806155118110231
21
-4.3221833858267713
0
LINE
8
BLACK
6
CONTINUOUS
10
6.4806155118110231
20
-4.3221833858267713
11
6.480133188976378
21
-4.3208902755905507
0
LINE
8
BLACK
6
CONTINUOUS
10
6.480133188976378
20
-4.3208902755905507
11
6.4792415748031491
21
-4.319699212598425
0
LINE
8
BLACK
6
CONTINUOUS
10
6.4792415748031491
20
-4.319699212598425
11
6.4769224409448816
21
-4.3166011417322832
0
LINE
8
BLACK
6
CONTINUOUS
10
6.4769224409448816
20
-4.3166011417322832
11
6.472633464566929
21
-4.3133905118110238
0
LINE
8
BLACK
6
CONTINUOUS
10
6.472633464566929
20
-4.3133905118110238
11
6.4726332677165352
21
-4.3133903937007876
0
LINE
8
BLACK
6
CONTINUOUS
10
6.4726332677165352
20
-4.3133903937007876
11
6.4676135433070865
21
-4.3115180708661418
0
LINE
8
BLACK
6
CONTINUOUS
10
6.4676135433070865
20
-4.3115180708661418
11
6.4676132283464565
21
-4.3115179921259843
0
LINE
8
BLACK
6
CONTINUOUS
10
6.4676132283464565
20
-4.3115179921259843
11
6.465395
21
-4.311279527559055
0
LINE
8
BLACK
6
CONTINUOUS
10
6.465395
20
-4.311279527559055
11
6.4653945669291337
21
-4.311279527559055
0
LINE
8
BLACK
6
CONTINUOUS
10
6.4653945669291337
20
-4.311279527559055
11
6.4446054330708664
21
-4.311279527559055
0
LINE
8
BLACK
6
CONTINUOUS
10
6.4446054330708664
20
-4.311279527559055
11
6.4446049606299214
21
-4.311279527559055
0
LINE
8
BLACK
6
CONTINUOUS
10
6.4446049606299214
20
-4.311279527559055
11
6.442386732283464
21
-4.3115179921259843
0
LINE
8
BLACK
6
CONTINUOUS
10
6.442386732283464
20
-4.3115179921259843
11
6.4423864173228349
21
-4.3115180708661418
0
LINE
8
BLACK
6
CONTINUOUS
10
6.4423864173228349
20
-4.3115180708661418
11
6.4373666929133853
21
-4.3133903937007876
0
LINE
8
BLACK
6
CONTINUOUS
10
6.4373666929133853
20
-4.3133903937007876
11
6.4373664960629924
21
-4.3133905118110238
0
LINE
8
BLACK
6
CONTINUOUS
10
6.4373664960629924
20
-4.3133905118110238
11
6.4330775196850389
21
-4.3166011417322832
0
LINE
8
BLACK
6
CONTINUOUS
10
6.4330775196850389
20
-4.3166011417322832
11
6.4298668897637796
21
-4.3208901181102357
0
LINE
8
BLACK
6
CONTINUOUS
10
6.4298668897637796
20
-4.3208901181102357
11
6.4298667716535434
21
-4.3208903149606295
0
LINE
8
BLACK
6
CONTINUOUS
10
6.4298667716535434
20
-4.3208903149606295
11
6.4286438976377953
21
-4.3241689370078742
0
LINE
8
BLACK
6
CONTINUOUS
10
6.4286438976377953
20
-4.3241689370078742
11
6.4269688188976373
21
-4.3264065748031495
0
LINE
8
BLACK
6
CONTINUOUS
10
6.4269688188976373
20
-4.3264065748031495
11
6.4243499212598421
21
-4.3273833464566929
0
LINE
8
BLACK
6
CONTINUOUS
10
6.4243499212598421
20
-4.3273833464566929
11
6.4216186614173223
21
-4.3267891732283461
0
LINE
8
BLACK
6
CONTINUOUS
10
6.4216186614173223
20
-4.3267891732283461
11
6.4196422047244095
21
-4.3248126771653546
0
LINE
8
BLACK
6
CONTINUOUS
10
6.4196422047244095
20
-4.3248126771653546
11
6.4193482283464567
21
-4.3241689370078742
0
LINE
8
BLACK
6
CONTINUOUS
10
6.4193482283464567
20
-4.3241689370078742
11
6.4184059055118112
21
-4.3216425590551184
0
LINE
8
BLACK
6
CONTINUOUS
10
6.4184059055118112
20
-4.3216425590551184
11
6.4181253149606299
21
-4.3208902755905507
0
LINE
8
BLACK
6
CONTINUOUS
10
6.4181253149606299
20
-4.3208902755905507
11
6.4172337007874019
21
-4.319699212598425
0
LINE
8
BLACK
6
CONTINUOUS
10
6.4172337007874019
20
-4.319699212598425
11
6.4149145669291334
21
-4.3166011417322832
0
LINE
8
BLACK
6
CONTINUOUS
10
6.4149145669291334
20
-4.3166011417322832
11
6.4106255905511809
21
-4.3133905118110238
0
LINE
8
BLACK
6
CONTINUOUS
10
6.4106255905511809
20
-4.3133905118110238
11
6.4106253937007871
21
-4.3133903937007876
0
LINE
8
BLACK
6
CONTINUOUS
10
6.4106253937007871
20
-4.3133903937007876
11
6.4056056692913383
21
-4.3115180708661418
0
LINE
8
BLACK
6
CONTINUOUS
10
6.4056056692913383
20
-4.3115180708661418
11
6.4056053543307083
21
-4.3115179921259843
0
LINE
8
BLACK
6
CONTINUOUS
10
6.4056053543307083
20
-4.3115179921259843
11
6.4033871259842519
21
-4.311279527559055
0
LINE
8
BLACK
6
CONTINUOUS
10
6.4033871259842519
20
-4.311279527559055
11
6.4033866929133856
21
-4.311279527559055
0
LINE
8
BLACK
6
CONTINUOUS
10
6.4033866929133856
20
-4.311279527559055
11
6.3888479921259842
21
-4.311279527559055
0
LINE
8
BLACK
6
CONTINUOUS
10
6.3888479921259842
20
-4.311279527559055
11
6.3861660629921255
21
-4.310492047244094
0
LINE
8
BLACK
6
CONTINUOUS
10
6.3861660629921255
20
-4.310492047244094
11
6.3853403149606294
21
-4.3098265748031492
0
LINE
8
BLACK
6
CONTINUOUS
10
6.3853403149606294
20
-4.3098265748031492
11
6.38298125984252
21
-4.3074675196850389
0
LINE
8
BLACK
6
CONTINUOUS
10
6.38298125984252
20
-4.3074675196850389
11
6.3816416535433067
21
-4.3050142913385825
0
LINE
8
BLACK
6
CONTINUOUS
10
6.3816416535433067
20
-4.3050142913385825
11
6.3818410629921258
21
-4.3022262992125979
0
LINE
8
BLACK
6
CONTINUOUS
10
6.3818410629921258
20
-4.3022262992125979
11
6.383516141732283
21
-4.2999886614173226
0
LINE
8
BLACK
6
CONTINUOUS
10
6.383516141732283
20
-4.2999886614173226
11
6.3861350393700782
21
-4.2990118503937005
0
LINE
8
BLACK
6
CONTINUOUS
10
6.3861350393700782
20
-4.2990118503937005
11
6.3864889370078739
21
-4.2989992125984253
0
LINE
8
BLACK
6
CONTINUOUS
10
6.3864889370078739
20
-4.2989992125984253
11
6.4462031496062995
21
-4.2989992125984253
0
LINE
8
BLACK
6
CONTINUOUS
10
6.4462031496062995
20
-4.2989992125984253
11
6.4474870078740159
21
-4.2991682283464563
0
LINE
8
BLACK
6
CONTINUOUS
10
6.4474870078740159
20
-4.2991682283464563
11
6.4477160236220472
21
-4.2992295669291334
0
LINE
8
BLACK
6
CONTINUOUS
10
6.4477160236220472
20
-4.2992295669291334
11
6.4484637007874017
21
-4.2994299212598426
0
LINE
8
BLACK
6
CONTINUOUS
10
6.4484637007874017
20
-4.2994299212598426
11
6.4523977165354331
21
-4.2994299212598426
0
LINE
8
BLACK
6
CONTINUOUS
10
6.4523977165354331
20
-4.2994299212598426
11
6.7432395275590551
21
-4.2994299212598426
0
LINE
8
BLACK
6
CONTINUOUS
10
6.7432395275590551
20
-4.2994299212598426
11
6.7432401574803151
21
-4.2994299606299213
0
LINE
8
BLACK
6
CONTINUOUS
10
6.7432401574803151
20
-4.2994299606299213
11
6.7435440157480313
21
-4.2994299606299213
0
LINE
8
BLACK
6
CONTINUOUS
10
6.7435440157480313
20
-4.2994299606299213
11
6.747477992125984
21
-4.2994299606299213
0
LINE
8
BLACK
6
CONTINUOUS
10
6.747477992125984
20
-4.2994299606299213
11
6.7474780314960627
21
-4.2994299606299213
0
LINE
8
BLACK
6
CONTINUOUS
10
6.7474780314960627
20
-4.2994299606299213
11
6.7509164173228342
21
-4.2985086220472439
0
LINE
8
BLACK
6
CONTINUOUS
10
6.7509164173228342
20
-4.2985086220472439
11
6.7509164960629917
21
-4.2985086220472439
0
LINE
8
BLACK
6
CONTINUOUS
10
6.7509164960629917
20
-4.2985086220472439
11
6.7509164960629917
21
-4.2985085826771652
0
LINE
8
BLACK
6
CONTINUOUS
10
6.7509164960629917
20
-4.2985085826771652
11
6.7512780314960628
21
-4.2984117322834647
0
LINE
8
BLACK
6
CONTINUOUS
10
6.7512780314960628
20
-4.2984117322834647
11
6.7546850000000003
21
-4.296444724409449
0
LINE
8
BLACK
6
CONTINUOUS
10
6.7546850000000003
20
-4.296444724409449
11
6.7574667716535428
21
-4.2936629527559056
0
LINE
8
BLACK
6
CONTINUOUS
10
6.7574667716535428
20
-4.2936629527559056
11
6.7578749212598428
21
-4.2932548031496065
0
LINE
8
BLACK
6
CONTINUOUS
10
6.7578749212598428
20
-4.2932548031496065
11
6.7578751968503932
21
-4.293254409448819
0
LINE
8
BLACK
6
CONTINUOUS
10
6.7578751968503932
20
-4.293254409448819
11
6.8596570472440943
21
-4.1914725984251966
0
LINE
8
BLACK
6
CONTINUOUS
10
6.8596570472440943
20
-4.1914725984251966
11
6.8621102755905508
21
-4.1901329921259842
0
LINE
8
BLACK
6
CONTINUOUS
10
6.8621102755905508
20
-4.1901329921259842
11
6.8631647244094482
21
-4.1900196456692909
0
LINE
8
BLACK
6
CONTINUOUS
10
6.8631647244094482
20
-4.1900196456692909
11
6.9109867716535431
21
-4.1900196456692909
0
LINE
8
BLACK
6
CONTINUOUS
10
6.9109867716535431
20
-4.1900196456692909
11
6.9109868503937006
21
-4.1900196456692909
0
LINE
8
BLACK
6
CONTINUOUS
10
6.9109868503937006
20
-4.1900196456692909
11
6.9109869685039369
21
-4.1900196062992121
0
LINE
8
BLACK
6
CONTINUOUS
10
6.9109869685039369
20
-4.1900196062992121
11
6.9109870866141732
21
-4.1900196062992121
0
LINE
8
BLACK
6
CONTINUOUS
10
6.9109870866141732
20
-4.1900196062992121
11
6.9131644094488189
21
-4.1895865354330706
0
LINE
8
BLACK
6
CONTINUOUS
10
6.9131644094488189
20
-4.1895865354330706
11
6.9139094881889767
21
-4.1894383464566927
0
LINE
8
BLACK
6
CONTINUOUS
10
6.9139094881889767
20
-4.1894383464566927
11
6.9172237795275588
21
-4.1872237795275593
0
LINE
8
BLACK
6
CONTINUOUS
10
6.9172237795275588
20
-4.1872237795275593
11
6.9194383464566931
21
-4.1839094881889762
0
LINE
8
BLACK
6
CONTINUOUS
10
6.9194383464566931
20
-4.1839094881889762
11
6.92001968503937
21
-4.1809868897637799
0
LINE
8
BLACK
6
CONTINUOUS
10
6.92001968503937
20
-4.1809868897637799
11
6.9200196456692913
21
-4.1190131496062987
0
LINE
8
BLACK
6
CONTINUOUS
10
6.9200196456692913
20
-4.1190131496062987
11
6.9200196062992125
21
-4.1190129921259846
0
LINE
8
BLACK
6
CONTINUOUS
10
6.9200196062992125
20
-4.1190129921259846
11
6.9200196062992125
21
-4.1190128346456696
0
LINE
8
BLACK
6
CONTINUOUS
10
6.9200196062992125
20
-4.1190128346456696
11
6.9194383464566931
21
-4.1160905118110236
0
LINE
8
BLACK
6
CONTINUOUS
10
6.9194383464566931
20
-4.1160905118110236
11
6.9172237401574801
21
-4.1127761811023618
0
LINE
8
BLACK
6
CONTINUOUS
10
6.9172237401574801
20
-4.1127761811023618
11
6.9139095275590545
21
-4.1105616535433072
0
LINE
8
BLACK
6
CONTINUOUS
10
6.9139095275590545
20
-4.1105616535433072
11
6.9109869685039369
21
-4.1099803149606302
0
LINE
8
BLACK
6
CONTINUOUS
10
6.9109869685039369
20
-4.1099803149606302
11
6.9109868897637794
21
-4.1099803149606302
0
LINE
8
BLACK
6
CONTINUOUS
10
6.9109868897637794
20
-4.1099803149606302
11
6.8999015748031498
21
-4.1099803149606302
0
LINE
8
BLACK
6
CONTINUOUS
10
6.8999015748031498
20
-4.1099803149606302
11
6.8972196456692911
21
-4.1091928346456692
0
LINE
8
BLACK
6
CONTINUOUS
10
6.8972196456692911
20
-4.1091928346456692
11
6.8953892125984249
21
-4.1070803937007874
0
LINE
8
BLACK
6
CONTINUOUS
10
6.8953892125984249
20
-4.1070803937007874
11
6.8949409448818892
21
-4.1050196850393696
0
LINE
8
BLACK
6
CONTINUOUS
10
6.8949409448818892
20
-4.1050196850393696
11
6.8949409448818892
21
-4.0949802755905509
0
LINE
8
BLACK
6
CONTINUOUS
10
6.8949409448818892
20
-4.0949802755905509
11
6.8957284251968503
21
-4.0922983464566931
0
LINE
8
BLACK
6
CONTINUOUS
10
6.8957284251968503
20
-4.0922983464566931
11
6.8978408661417321
21
-4.0904679133858268
0
LINE
8
BLACK
6
CONTINUOUS
10
6.8978408661417321
20
-4.0904679133858268
11
6.8999015748031498
21
-4.0900196456692912
0
LINE
8
BLACK
6
CONTINUOUS
10
6.8999015748031498
20
-4.0900196456692912
11
6.9109867716535431
21
-4.0900196456692912
0
LINE
8
BLACK
6
CONTINUOUS
10
6.9109867716535431
20
-4.0900196456692912
11
6.9109868503937006
21
-4.0900196456692912
0
LINE
8
BLACK
6
CONTINUOUS
10
6.9109868503937006
20
-4.0900196456692912
11
6.9109869685039369
21
-4.0900196062992125
0
LINE
8
BLACK
6
CONTINUOUS
10
6.9109869685039369
20
-4.0900196062992125
11
6.9109870866141732
21
-4.0900196062992125
0
LINE
8
BLACK
6
CONTINUOUS
10
6.9109870866141732
20
-4.0900196062992125
11
6.9126762992125981
21
-4.0896836220472439
0
LINE
8
BLACK
6
CONTINUOUS
10
6.9126762992125981
20
-4.0896836220472439
11
6.9139094881889767
21
-4.089438346456693
0
LINE
8
BLACK
6
CONTINUOUS
10
6.9139094881889767
20
-4.089438346456693
11
6.9172237795275588
21
-4.0872237795275588
0
LINE
8
BLACK
6
CONTINUOUS
10
6.9172237795275588
20
-4.0872237795275588
11
6.9194383464566931
21
-4.0839094881889766
0
LINE
8
BLACK
6
CONTINUOUS
10
6.9194383464566931
20
-4.0839094881889766
11
6.92001968503937
21
-4.0809868897637793
0
LINE
8
BLACK
6
CONTINUOUS
10
6.92001968503937
20
-4.0809868897637793
11
6.9200196456692913
21
-4.0190131496062991
0
LINE
8
BLACK
6
CONTINUOUS
10
6.9200196456692913
20
-4.0190131496062991
11
6.9200196062992125
21
-4.0190129921259841
0
LINE
8
BLACK
6
CONTINUOUS
10
6.9200196062992125
20
-4.0190129921259841
11
6.9200196062992125
21
-4.0190128346456691
0
LINE
8
BLACK
6
CONTINUOUS
10
6.9200196062992125
20
-4.0190128346456691
11
6.9194383464566931
21
-4.0160905118110239
0
LINE
8
BLACK
6
CONTINUOUS
10
6.9194383464566931
20
-4.0160905118110239
11
6.9172237401574801
21
-4.0127761811023621
0
LINE
8
BLACK
6
CONTINUOUS
10
6.9172237401574801
20
-4.0127761811023621
11
6.9139095275590545
21
-4.0105616535433066
0
LINE
8
BLACK
6
CONTINUOUS
10
6.9139095275590545
20
-4.0105616535433066
11
6.9109868897637794
21
-4.0099803149606297
0
LINE
8
BLACK
6
CONTINUOUS
10
6.9109868897637794
20
-4.0099803149606297
11
6.8490132283464566
21
-4.0099803149606297
0
LINE
8
BLACK
6
CONTINUOUS
10
6.8490132283464566
20
-4.0099803149606297
11
6.8490128346456691
21
-4.0099803543307084
0
LINE
8
BLACK
6
CONTINUOUS
10
6.8490128346456691
20
-4.0099803543307084
11
6.8460905118110231
21
-4.0105616141732279
0
LINE
8
BLACK
6
CONTINUOUS
10
6.8460905118110231
20
-4.0105616141732279
11
6.8427761811023622
21
-4.0127762204724409
0
LINE
8
BLACK
6
CONTINUOUS
10
6.8427761811023622
20
-4.0127762204724409
11
6.8405616535433067
21
-4.0160904330708664
0
LINE
8
BLACK
6
CONTINUOUS
10
6.8405616535433067
20
-4.0160904330708664
11
6.8399803149606297
21
-4.0190129921259841
0
LINE
8
BLACK
6
CONTINUOUS
10
6.8399803149606297
20
-4.0190129921259841
11
6.8399803149606297
21
-4.0809867322834643
0
LINE
8
BLACK
6
CONTINUOUS
10
6.8399803149606297
20
-4.0809867322834643
11
6.8399803543307085
21
-4.0809871259842518
0
LINE
8
BLACK
6
CONTINUOUS
10
6.8399803543307085
20
-4.0809871259842518
11
6.8405616141732279
21
-4.0839094488188978
0
LINE
8
BLACK
6
CONTINUOUS
10
6.8405616141732279
20
-4.0839094488188978
11
6.8427762204724409
21
-4.0872237795275588
0
LINE
8
BLACK
6
CONTINUOUS
10
6.8427762204724409
20
-4.0872237795275588
11
6.8460904330708656
21
-4.0894383070866143
0
LINE
8
BLACK
6
CONTINUOUS
10
6.8460904330708656
20
-4.0894383070866143
11
6.8460905118110231
21
-4.089438346456693
0
LINE
8
BLACK
6
CONTINUOUS
10
6.8460905118110231
20
-4.089438346456693
11
6.8490131102362204
21
-4.09001968503937
0
LINE
8
BLACK
6
CONTINUOUS
10
6.8490131102362204
20
-4.09001968503937
11
6.8600984645669287
21
-4.0900196456692912
0
LINE
8
BLACK
6
CONTINUOUS
10
6.8600984645669287
20
-4.0900196456692912
11
6.8627803149606299
21
-4.0908071259842522
0
LINE
8
BLACK
6
CONTINUOUS
10
6.8627803149606299
20
-4.0908071259842522
11
6.8646107480314962
21
-4.0929195275590553
0
LINE
8
BLACK
6
CONTINUOUS
10
6.8646107480314962
20
-4.0929195275590553
11
6.8650590551181097
21
-4.0949802755905509
0
LINE
8
BLACK
6
CONTINUOUS
10
6.8650590551181097
20
-4.0949802755905509
11
6.8650590551181097
21
-4.1050196850393696
0
LINE
8
BLACK
6
CONTINUOUS
10
6.8650590551181097
20
-4.1050196850393696
11
6.8642715748031495
21
-4.1077016141732283
0
LINE
8
BLACK
6
CONTINUOUS
10
6.8642715748031495
20
-4.1077016141732283
11
6.8621591338582677
21
-4.1095320472440946
0
LINE
8
BLACK
6
CONTINUOUS
10
6.8621591338582677
20
-4.1095320472440946
11
6.86009842519685
21
-4.1099803149606302
0
LINE
8
BLACK
6
CONTINUOUS
10
6.86009842519685
20
-4.1099803149606302
11
6.8490132283464566
21
-4.1099803149606302
0
LINE
8
BLACK
6
CONTINUOUS
10
6.8490132283464566
20
-4.1099803149606302
11
6.8490128346456691
21
-4.109980354330709
0
LINE
8
BLACK
6
CONTINUOUS
10
6.8490128346456691
20
-4.109980354330709
11
6.8460905118110231
21
-4.1105616141732284
0
LINE
8
BLACK
6
CONTINUOUS
10
6.8460905118110231
20
-4.1105616141732284
11
6.8427761811023622
21
-4.1127762204724405
0
LINE
8
BLACK
6
CONTINUOUS
10
6.8427761811023622
20
-4.1127762204724405
11
6.8405616535433067
21
-4.1160904330708661
0
LINE
8
BLACK
6
CONTINUOUS
10
6.8405616535433067
20
-4.1160904330708661
11
6.8399803149606297
21
-4.1190129921259846
0
LINE
8
BLACK
6
CONTINUOUS
10
6.8399803149606297
20
-4.1190129921259846
11
6.8399803149606297
21
-4.1668352362204724
0
LINE
8
BLACK
6
CONTINUOUS
10
6.8399803149606297
20
-4.1668352362204724
11
6.8391928346456687
21
-4.169517165354331
0
LINE
8
BLACK
6
CONTINUOUS
10
6.8391928346456687
20
-4.169517165354331
11
6.838527519685039
21
-4.1703427165354325
0
LINE
8
BLACK
6
CONTINUOUS
10
6.838527519685039
20
-4.1703427165354325
11
6.8316019685039366
21
-4.1772683070866137
0
LINE
8
BLACK
6
CONTINUOUS
10
6.8316019685039366
20
-4.1772683070866137
11
6.8280942519685039
21
-4.1807760236220473
0
LINE
8
BLACK
6
CONTINUOUS
10
6.8280942519685039
20
-4.1807760236220473
11
6.8256410236220475
21
-4.1821155905511809
0
LINE
8
BLACK
6
CONTINUOUS
10
6.8256410236220475
20
-4.1821155905511809
11
6.8228529921259842
21
-4.1819161811023617
0
LINE
8
BLACK
6
CONTINUOUS
10
6.8228529921259842
20
-4.1819161811023617
11
6.8206153937007876
21
-4.1802411023622046
0
LINE
8
BLACK
6
CONTINUOUS
10
6.8206153937007876
20
-4.1802411023622046
11
6.8196385826771655
21
-4.1776221653543306
0
LINE
8
BLACK
6
CONTINUOUS
10
6.8196385826771655
20
-4.1776221653543306
11
6.8196259448818894
21
-4.1772693307086612
0
LINE
8
BLACK
6
CONTINUOUS
10
6.8196259448818894
20
-4.1772693307086612
11
6.8196259448818894
21
-4.1190131496062987
0
LINE
8
BLACK
6
CONTINUOUS
10
6.8196259448818894
20
-4.1190131496062987
11
6.8196259055118107
21
-4.1190129921259846
0
LINE
8
BLACK
6
CONTINUOUS
10
6.8196259055118107
20
-4.1190129921259846
11
6.8196259055118107
21
-4.1190128346456696
0
LINE
8
BLACK
6
CONTINUOUS
10
6.8196259055118107
20
-4.1190128346456696
11
6.8190446456692912
21
-4.1160905118110236
0
LINE
8
BLACK
6
CONTINUOUS
10
6.8190446456692912
20
-4.1160905118110236
11
6.8168300393700783
21
-4.1127761811023618
0
LINE
8
BLACK
6
CONTINUOUS
10
6.8168300393700783
20
-4.1127761811023618
11
6.8135158267716536
21
-4.1105616535433072
0
LINE
8
BLACK
6
CONTINUOUS
10
6.8135158267716536
20
-4.1105616535433072
11
6.8105932677165351
21
-4.1099803149606302
0
LINE
8
BLACK
6
CONTINUOUS
10
6.8105932677165351
20
-4.1099803149606302
11
6.8105931889763776
21
-4.1099803149606302
0
LINE
8
BLACK
6
CONTINUOUS
10
6.8105931889763776
20
-4.1099803149606302
11
6.799507874015748
21
-4.1099803149606302
0
LINE
8
BLACK
6
CONTINUOUS
10
6.799507874015748
20
-4.1099803149606302
11
6.7968259448818893
21
-4.1091928346456692
0
LINE
8
BLACK
6
CONTINUOUS
10
6.7968259448818893
20
-4.1091928346456692
11
6.7949955118110239
21
-4.1070803937007874
0
LINE
8
BLACK
6
CONTINUOUS
10
6.7949955118110239
20
-4.1070803937007874
11
6.7945472440944883
21
-4.1050196850393696
0
LINE
8
BLACK
6
CONTINUOUS
10
6.7945472440944883
20
-4.1050196850393696
11
6.7945472440944883
21
-4.0949802755905509
0
LINE
8
BLACK
6
CONTINUOUS
10
6.7945472440944883
20
-4.0949802755905509
11
6.7953347244094484
21
-4.0922983464566931
0
LINE
8
BLACK
6
CONTINUOUS
10
6.7953347244094484
20
-4.0922983464566931
11
6.7974471653543302
21
-4.0904679133858268
0
LINE
8
BLACK
6
CONTINUOUS
10
6.7974471653543302
20
-4.0904679133858268
11
6.799507874015748
21
-4.0900196456692912
0
LINE
8
BLACK
6
CONTINUOUS
10
6.799507874015748
20
-4.0900196456692912
11
6.8105930708661413
21
-4.0900196456692912
0
LINE
8
BLACK
6
CONTINUOUS
10
6.8105930708661413
20
-4.0900196456692912
11
6.8105931496062988
21
-4.0900196456692912
0
LINE
8
BLACK
6
CONTINUOUS
10
6.8105931496062988
20
-4.0900196456692912
11
6.8105932677165351
21
-4.0900196062992125
0
LINE
8
BLACK
6
CONTINUOUS
10
6.8105932677165351
20
-4.0900196062992125
11
6.8105933858267713
21
-4.0900196062992125
0
LINE
8
BLACK
6
CONTINUOUS
10
6.8105933858267713
20
-4.0900196062992125
11
6.8122825984251971
21
-4.0896836220472439
0
LINE
8
BLACK
6
CONTINUOUS
10
6.8122825984251971
20
-4.0896836220472439
11
6.8135157874015748
21
-4.089438346456693
0
LINE
8
BLACK
6
CONTINUOUS
10
6.8135157874015748
20
-4.089438346456693
11
6.816830078740157
21
-4.0872237795275588
0
LINE
8
BLACK
6
CONTINUOUS
10
6.816830078740157
20
-4.0872237795275588
11
6.8190446456692912
21
-4.0839094881889766
0
LINE
8
BLACK
6
CONTINUOUS
10
6.8190446456692912
20
-4.0839094881889766
11
6.8196259842519682
21
-4.0809868897637793
0
LINE
8
BLACK
6
CONTINUOUS
10
6.8196259842519682
20
-4.0809868897637793
11
6.8196259448818894
21
-4.0190131496062991
0
LINE
8
BLACK
6
CONTINUOUS
10
6.8196259448818894
20
-4.0190131496062991
11
6.8196259055118107
21
-4.0190129921259841
0
LINE
8
BLACK
6
CONTINUOUS
10
6.8196259055118107
20
-4.0190129921259841
11
6.8196259055118107
21
-4.0190128346456691
0
LINE
8
BLACK
6
CONTINUOUS
10
6.8196259055118107
20
-4.0190128346456691
11
6.8190446456692912
21
-4.0160905118110239
0
LINE
8
BLACK
6
CONTINUOUS
10
6.8190446456692912
20
-4.0160905118110239
11
6.8168300393700783
21
-4.0127761811023621
0
LINE
8
BLACK
6
CONTINUOUS
10
6.8168300393700783
20
-4.0127761811023621
11
6.8135158267716536
21
-4.0105616535433066
0
LINE
8
BLACK
6
CONTINUOUS
10
6.8135158267716536
20
-4.0105616535433066
11
6.8105931889763776
21
-4.0099803149606297
0
LINE
8
BLACK
6
CONTINUOUS
10
6.8105931889763776
20
-4.0099803149606297
11
6.7486195275590548
21
-4.0099803149606297
0
LINE
8
BLACK
6
CONTINUOUS
10
6.7486195275590548
20
-4.0099803149606297
11
6.7486191338582673
21
-4.0099803543307084
0
LINE
8
BLACK
6
CONTINUOUS
10
6.7486191338582673
20
-4.0099803543307084
11
6.7456968110236222
21
-4.0105616141732279
0
LINE
8
BLACK
6
CONTINUOUS
10
6.7456968110236222
20
-4.0105616141732279
11
6.7423824803149603
21
-4.0127762204724409
0
LINE
8
BLACK
6
CONTINUOUS
10
6.7423824803149603
20
-4.0127762204724409
11
6.7401679527559057
21
-4.0160904330708664
0
LINE
8
BLACK
6
CONTINUOUS
10
6.7401679527559057
20
-4.0160904330708664
11
6.7395866141732279
21
-4.0190129921259841
0
LINE
8
BLACK
6
CONTINUOUS
10
6.7395866141732279
20
-4.0190129921259841
11
6.7395866141732279
21
-4.0809867322834643
0
LINE
8
BLACK
6
CONTINUOUS
10
6.7395866141732279
20
-4.0809867322834643
11
6.7395866535433067
21
-4.0809871259842518
0
LINE
8
BLACK
6
CONTINUOUS
10
6.7395866535433067
20
-4.0809871259842518
11
6.740167913385827
21
-4.0839094488188978
0
LINE
8
BLACK
6
CONTINUOUS
10
6.740167913385827
20
-4.0839094488188978
11
6.7423825196850391
21
-4.0872237795275588
0
LINE
8
BLACK
6
CONTINUOUS
10
6.7423825196850391
20
-4.0872237795275588
11
6.7456967322834647
21
-4.0894383070866143
0
LINE
8
BLACK
6
CONTINUOUS
10
6.7456967322834647
20
-4.0894383070866143
11
6.7456968110236222
21
-4.089438346456693
0
LINE
8
BLACK
6
CONTINUOUS
10
6.7456968110236222
20
-4.089438346456693
11
6.7486194094488186
21
-4.09001968503937
0
LINE
8
BLACK
6
CONTINUOUS
10
6.7486194094488186
20
-4.09001968503937
11
6.7597047637795278
21
-4.0900196456692912
0
LINE
8
BLACK
6
CONTINUOUS
10
6.7597047637795278
20
-4.0900196456692912
11
6.7623866141732281
21
-4.0908071259842522
0
LINE
8
BLACK
6
CONTINUOUS
10
6.7623866141732281
20
-4.0908071259842522
11
6.7642170472440943
21
-4.0929195275590553
0
LINE
8
BLACK
6
CONTINUOUS
10
6.7642170472440943
20
-4.0929195275590553
11
6.7646653543307087
21
-4.0949802755905509
0
LINE
8
BLACK
6
CONTINUOUS
10
6.7646653543307087
20
-4.0949802755905509
11
6.7646653543307087
21
-4.1050196850393696
0
LINE
8
BLACK
6
CONTINUOUS
10
6.7646653543307087
20
-4.1050196850393696
11
6.7638778740157477
21
-4.1077016141732283
0
LINE
8
BLACK
6
CONTINUOUS
10
6.7638778740157477
20
-4.1077016141732283
11
6.7617654330708659
21
-4.1095320472440946
0
LINE
8
BLACK
6
CONTINUOUS
10
6.7617654330708659
20
-4.1095320472440946
11
6.759704724409449
21
-4.1099803149606302
0
LINE
8
BLACK
6
CONTINUOUS
10
6.759704724409449
20
-4.1099803149606302
11
6.7486195275590548
21
-4.1099803149606302
0
LINE
8
BLACK
6
CONTINUOUS
10
6.7486195275590548
20
-4.1099803149606302
11
6.7486191338582673
21
-4.109980354330709
0
LINE
8
BLACK
6
CONTINUOUS
10
6.7486191338582673
20
-4.109980354330709
11
6.7456968110236222
21
-4.1105616141732284
0
LINE
8
BLACK
6
CONTINUOUS
10
6.7456968110236222
20
-4.1105616141732284
11
6.7423824803149603
21
-4.1127762204724405
0
LINE
8
BLACK
6
CONTINUOUS
10
6.7423824803149603
20
-4.1127762204724405
11
6.7401679527559057
21
-4.1160904330708661
0
LINE
8
BLACK
6
CONTINUOUS
10
6.7401679527559057
20
-4.1160904330708661
11
6.7395866141732279
21
-4.1190129921259846
0
LINE
8
BLACK
6
CONTINUOUS
10
6.7395866141732279
20
-4.1190129921259846
11
6.7395866141732279
21
-4.1668352362204724
0
LINE
8
BLACK
6
CONTINUOUS
10
6.7395866141732279
20
-4.1668352362204724
11
6.7387991338582678
21
-4.169517165354331
0
LINE
8
BLACK
6
CONTINUOUS
10
6.7387991338582678
20
-4.169517165354331
11
6.7381338188976381
21
-4.1703427165354325
0
LINE
8
BLACK
6
CONTINUOUS
10
6.7381338188976381
20
-4.1703427165354325
11
6.7312082677165357
21
-4.1772683070866137
0
LINE
8
BLACK
6
CONTINUOUS
10
6.7312082677165357
20
-4.1772683070866137
11
6.7277005511811021
21
-4.1807760236220473
0
LINE
8
BLACK
6
CONTINUOUS
10
6.7277005511811021
20
-4.1807760236220473
11
6.7252473228346457
21
-4.1821155905511809
0
LINE
8
BLACK
6
CONTINUOUS
10
6.7252473228346457
20
-4.1821155905511809
11
6.7224592913385823
21
-4.1819161811023617
0
LINE
8
BLACK
6
CONTINUOUS
10
6.7224592913385823
20
-4.1819161811023617
11
6.7202216929133858
21
-4.1802411023622046
0
LINE
8
BLACK
6
CONTINUOUS
10
6.7202216929133858
20
-4.1802411023622046
11
6.7192448818897637
21
-4.1776221653543306
0
LINE
8
BLACK
6
CONTINUOUS
10
6.7192448818897637
20
-4.1776221653543306
11
6.7192322440944876
21
-4.1772693307086612
0
LINE
8
BLACK
6
CONTINUOUS
10
6.7192322440944876
20
-4.1772693307086612
11
6.7192322440944876
21
-4.1190131496062987
0
LINE
8
BLACK
6
CONTINUOUS
10
6.7192322440944876
20
-4.1190131496062987
11
6.7192322047244089
21
-4.1190129921259846
0
LINE
8
BLACK
6
CONTINUOUS
10
6.7192322047244089
20
-4.1190129921259846
11
6.7192322047244089
21
-4.1190128346456696
0
LINE
8
BLACK
6
CONTINUOUS
10
6.7192322047244089
20
-4.1190128346456696
11
6.7186509448818894
21
-4.1160905118110236
0
LINE
8
BLACK
6
CONTINUOUS
10
6.7186509448818894
20
-4.1160905118110236
11
6.7164363385826773
21
-4.1127761811023618
0
LINE
8
BLACK
6
CONTINUOUS
10
6.7164363385826773
20
-4.1127761811023618
11
6.7131221259842517
21
-4.1105616535433072
0
LINE
8
BLACK
6
CONTINUOUS
10
6.7131221259842517
20
-4.1105616535433072
11
6.7101995669291341
21
-4.1099803149606302
0
LINE
8
BLACK
6
CONTINUOUS
10
6.7101995669291341
20
-4.1099803149606302
11
6.7101994881889766
21
-4.1099803149606302
0
LINE
8
BLACK
6
CONTINUOUS
10
6.7101994881889766
20
-4.1099803149606302
11
6.6991141732283461
21
-4.1099803149606302
0
LINE
8
BLACK
6
CONTINUOUS
10
6.6991141732283461
20
-4.1099803149606302
11
6.6964322440944883
21
-4.1091928346456692
0
LINE
8
BLACK
6
CONTINUOUS
10
6.6964322440944883
20
-4.1091928346456692
11
6.6946018110236221
21
-4.1070803937007874
0
LINE
8
BLACK
6
CONTINUOUS
10
6.6946018110236221
20
-4.1070803937007874
11
6.6941535433070865
21
-4.1050196850393696
0
LINE
8
BLACK
6
CONTINUOUS
10
6.6941535433070865
20
-4.1050196850393696
11
6.6941535433070865
21
-4.0949802755905509
0
LINE
8
BLACK
6
CONTINUOUS
10
6.6941535433070865
20
-4.0949802755905509
11
6.6949410236220475
21
-4.0922983464566931
0
LINE
8
BLACK
6
CONTINUOUS
10
6.6949410236220475
20
-4.0922983464566931
11
6.6970534645669293
21
-4.0904679133858268
0
LINE
8
BLACK
6
CONTINUOUS
10
6.6970534645669293
20
-4.0904679133858268
11
6.6991141732283461
21
-4.0900196456692912
0
LINE
8
BLACK
6
CONTINUOUS
10
6.6991141732283461
20
-4.0900196456692912
11
6.7101993700787403
21
-4.0900196456692912
0
LINE
8
BLACK
6
CONTINUOUS
10
6.7101993700787403
20
-4.0900196456692912
11
6.7101994488188978
21
-4.0900196456692912
0
LINE
8
BLACK
6
CONTINUOUS
10
6.7101994488188978
20
-4.0900196456692912
11
6.7101995669291341
21
-4.0900196062992125
0
LINE
8
BLACK
6
CONTINUOUS
10
6.7101995669291341
20
-4.0900196062992125
11
6.7101996850393704
21
-4.0900196062992125
0
LINE
8
BLACK
6
CONTINUOUS
10
6.7101996850393704
20
-4.0900196062992125
11
6.7118888976377953
21
-4.0896836220472439
0
LINE
8
BLACK
6
CONTINUOUS
10
6.7118888976377953
20
-4.0896836220472439
11
6.713122086614173
21
-4.089438346456693
0
LINE
8
BLACK
6
CONTINUOUS
10
6.713122086614173
20
-4.089438346456693
11
6.7164363779527561
21
-4.0872237795275588
0
LINE
8
BLACK
6
CONTINUOUS
10
6.7164363779527561
20
-4.0872237795275588
11
6.7186509448818894
21
-4.0839094881889766
0
LINE
8
BLACK
6
CONTINUOUS
10
6.7186509448818894
20
-4.0839094881889766
11
6.7192322834645664
21
-4.0809868897637793
0
LINE
8
BLACK
6
CONTINUOUS
10
6.7192322834645664
20
-4.0809868897637793
11
6.7192322440944876
21
-4.0190131496062991
0
LINE
8
BLACK
6
CONTINUOUS
10
6.7192322440944876
20
-4.0190131496062991
11
6.7192322047244089
21
-4.0190129921259841
0
LINE
8
BLACK
6
CONTINUOUS
10
6.7192322047244089
20
-4.0190129921259841
11
6.7192322047244089
21
-4.0190128346456691
0
LINE
8
BLACK
6
CONTINUOUS
10
6.7192322047244089
20
-4.0190128346456691
11
6.7186509448818894
21
-4.0160905118110239
0
LINE
8
BLACK
6
CONTINUOUS
10
6.7186509448818894
20
-4.0160905118110239
11
6.7164363385826773
21
-4.0127761811023621
0
LINE
8
BLACK
6
CONTINUOUS
10
6.7164363385826773
20
-4.0127761811023621
11
6.7131221259842517
21
-4.0105616535433066
0
LINE
8
BLACK
6
CONTINUOUS
10
6.7131221259842517
20
-4.0105616535433066
11
6.7101994881889766
21
-4.0099803149606297
0
LINE
8
BLACK
6
CONTINUOUS
10
6.7101994881889766
20
-4.0099803149606297
11
6.648225826771653
21
-4.0099803149606297
0
LINE
8
BLACK
6
CONTINUOUS
10
6.648225826771653
20
-4.0099803149606297
11
6.6482254330708663
21
-4.0099803543307084
0
LINE
8
BLACK
6
CONTINUOUS
10
6.6482254330708663
20
-4.0099803543307084
11
6.6453031102362203
21
-4.0105616141732279
0
LINE
8
BLACK
6
CONTINUOUS
10
6.6453031102362203
20
-4.0105616141732279
11
6.6419887795275585
21
-4.0127762204724409
0
LINE
8
BLACK
6
CONTINUOUS
10
6.6419887795275585
20
-4.0127762204724409
11
6.6397742519685039
21
-4.0160904330708664
0
LINE
8
BLACK
6
CONTINUOUS
10
6.6397742519685039
20
-4.0160904330708664
11
6.639192913385827
21
-4.0190129921259841
0
LINE
8
BLACK
6
CONTINUOUS
10
6.639192913385827
20
-4.0190129921259841
11
6.639192913385827
21
-4.0809867322834643
0
LINE
8
BLACK
6
CONTINUOUS
10
6.639192913385827
20
-4.0809867322834643
11
6.6391929527559057
21
-4.0809871259842518
0
LINE
8
BLACK
6
CONTINUOUS
10
6.6391929527559057
20
-4.0809871259842518
11
6.6397742125984252
21
-4.0839094488188978
0
LINE
8
BLACK
6
CONTINUOUS
10
6.6397742125984252
20
-4.0839094488188978
11
6.6419888188976373
21
-4.0872237795275588
0
LINE
8
BLACK
6
CONTINUOUS
10
6.6419888188976373
20
-4.0872237795275588
11
6.6453030314960628
21
-4.0894383070866143
0
LINE
8
BLACK
6
CONTINUOUS
10
6.6453030314960628
20
-4.0894383070866143
11
6.6453031102362203
21
-4.089438346456693
0
LINE
8
BLACK
6
CONTINUOUS
10
6.6453031102362203
20
-4.089438346456693
11
6.6482257086614176
21
-4.09001968503937
0
LINE
8
BLACK
6
CONTINUOUS
10
6.6482257086614176
20
-4.09001968503937
11
6.6593110629921259
21
-4.0900196456692912
0
LINE
8
BLACK
6
CONTINUOUS
10
6.6593110629921259
20
-4.0900196456692912
11
6.6619929133858262
21
-4.0908071259842522
0
LINE
8
BLACK
6
CONTINUOUS
10
6.6619929133858262
20
-4.0908071259842522
11
6.6638233464566925
21
-4.0929195275590553
0
LINE
8
BLACK
6
CONTINUOUS
10
6.6638233464566925
20
-4.0929195275590553
11
6.6642716535433069
21
-4.0949802755905509
0
LINE
8
BLACK
6
CONTINUOUS
10
6.6642716535433069
20
-4.0949802755905509
11
6.6642716535433069
21
-4.1050196850393696
0
LINE
8
BLACK
6
CONTINUOUS
10
6.6642716535433069
20
-4.1050196850393696
11
6.6634841732283467
21
-4.1077016141732283
0
LINE
8
BLACK
6
CONTINUOUS
10
6.6634841732283467
20
-4.1077016141732283
11
6.661371732283464
21
-4.1095320472440946
0
LINE
8
BLACK
6
CONTINUOUS
10
6.661371732283464
20
-4.1095320472440946
11
6.6593110236220472
21
-4.1099803149606302
0
LINE
8
BLACK
6
CONTINUOUS
10
6.6593110236220472
20
-4.1099803149606302
11
6.648225826771653
21
-4.1099803149606302
0
LINE
8
BLACK
6
CONTINUOUS
10
6.648225826771653
20
-4.1099803149606302
11
6.6482254330708663
21
-4.109980354330709
0
LINE
8
BLACK
6
CONTINUOUS
10
6.6482254330708663
20
-4.109980354330709
11
6.6453031102362203
21
-4.1105616141732284
0
LINE
8
BLACK
6
CONTINUOUS
10
6.6453031102362203
20
-4.1105616141732284
11
6.6419887795275585
21
-4.1127762204724405
0
LINE
8
BLACK
6
CONTINUOUS
10
6.6419887795275585
20
-4.1127762204724405
11
6.6397742519685039
21
-4.1160904330708661
0
LINE
8
BLACK
6
CONTINUOUS
10
6.6397742519685039
20
-4.1160904330708661
11
6.639192913385827
21
-4.1190129921259846
0
LINE
8
BLACK
6
CONTINUOUS
10
6.639192913385827
20
-4.1190129921259846
11
6.639192913385827
21
-4.1676226377952759
0
LINE
8
BLACK
6
CONTINUOUS
10
6.639192913385827
20
-4.1676226377952759
11
6.6384054330708659
21
-4.1703045669291336
0
LINE
8
BLACK
6
CONTINUOUS
10
6.6384054330708659
20
-4.1703045669291336
11
6.6377401181102362
21
-4.171130118110236
0
LINE
8
BLACK
6
CONTINUOUS
10
6.6377401181102362
20
-4.171130118110236
11
6.6316019685039365
21
-4.1772683070866137
0
LINE
8
BLACK
6
CONTINUOUS
10
6.6316019685039365
20
-4.1772683070866137
11
6.6273068503937003
21
-4.1815634251968499
0
LINE
8
BLACK
6
CONTINUOUS
10
6.6273068503937003
20
-4.1815634251968499
11
6.6248536220472438
21
-4.1829029921259844
0
LINE
8
BLACK
6
CONTINUOUS
10
6.6248536220472438
20
-4.1829029921259844
11
6.6220655905511814
21
-4.1827035826771652
0
LINE
8
BLACK
6
CONTINUOUS
10
6.6220655905511814
20
-4.1827035826771652
11
6.6198279921259839
21
-4.1810285039370081
0
LINE
8
BLACK
6
CONTINUOUS
10
6.6198279921259839
20
-4.1810285039370081
11
6.6188511811023618
21
-4.1784095669291341
0
LINE
8
BLACK
6
CONTINUOUS
10
6.6188511811023618
20
-4.1784095669291341
11
6.6188385433070867
21
-4.1780567322834647
0
LINE
8
BLACK
6
CONTINUOUS
10
6.6188385433070867
20
-4.1780567322834647
11
6.6188385433070867
21
-4.1190131496062987
0
LINE
8
BLACK
6
CONTINUOUS
10
6.6188385433070867
20
-4.1190131496062987
11
6.6188385039370079
21
-4.1190129921259846
0
LINE
8
BLACK
6
CONTINUOUS
10
6.6188385039370079
20
-4.1190129921259846
11
6.6188385039370079
21
-4.1190128346456696
0
LINE
8
BLACK
6
CONTINUOUS
10
6.6188385039370079
20
-4.1190128346456696
11
6.6182572440944885
21
-4.1160905118110236
0
LINE
8
BLACK
6
CONTINUOUS
10
6.6182572440944885
20
-4.1160905118110236
11
6.6160426377952755
21
-4.1127761811023618
0
LINE
8
BLACK
6
CONTINUOUS
10
6.6160426377952755
20
-4.1127761811023618
11
6.6127284251968499
21
-4.1105616535433072
0
LINE
8
BLACK
6
CONTINUOUS
10
6.6127284251968499
20
-4.1105616535433072
11
6.6098058661417323
21
-4.1099803149606302
0
LINE
8
BLACK
6
CONTINUOUS
10
6.6098058661417323
20
-4.1099803149606302
11
6.6098057874015748
21
-4.1099803149606302
0
LINE
8
BLACK
6
CONTINUOUS
10
6.6098057874015748
20
-4.1099803149606302
11
6.5987204724409452
21
-4.1099803149606302
0
LINE
8
BLACK
6
CONTINUOUS
10
6.5987204724409452
20
-4.1099803149606302
11
6.5960385433070865
21
-4.1091928346456692
0
LINE
8
BLACK
6
CONTINUOUS
10
6.5960385433070865
20
-4.1091928346456692
11
6.5942081102362202
21
-4.1070803937007874
0
LINE
8
BLACK
6
CONTINUOUS
10
6.5942081102362202
20
-4.1070803937007874
11
6.5937598425196846
21
-4.1050196850393696
0
LINE
8
BLACK
6
CONTINUOUS
10
6.5937598425196846
20
-4.1050196850393696
11
6.5937598425196846
21
-4.0949802755905509
0
LINE
8
BLACK
6
CONTINUOUS
10
6.5937598425196846
20
-4.0949802755905509
11
6.5945473228346456
21
-4.0922983464566931
0
LINE
8
BLACK
6
CONTINUOUS
10
6.5945473228346456
20
-4.0922983464566931
11
6.5966597637795275
21
-4.0904679133858268
0
LINE
8
BLACK
6
CONTINUOUS
10
6.5966597637795275
20
-4.0904679133858268
11
6.5987204724409452
21
-4.0900196456692912
0
LINE
8
BLACK
6
CONTINUOUS
10
6.5987204724409452
20
-4.0900196456692912
11
6.6098056692913385
21
-4.0900196456692912
0
LINE
8
BLACK
6
CONTINUOUS
10
6.6098056692913385
20
-4.0900196456692912
11
6.609805748031496
21
-4.0900196456692912
0
LINE
8
BLACK
6
CONTINUOUS
10
6.609805748031496
20
-4.0900196456692912
11
6.6098058661417323
21
-4.0900196062992125
0
LINE
8
BLACK
6
CONTINUOUS
10
6.6098058661417323
20
-4.0900196062992125
11
6.6098059842519685
21
-4.0900196062992125
0
LINE
8
BLACK
6
CONTINUOUS
10
6.6098059842519685
20
-4.0900196062992125
11
6.6114951968503934
21
-4.0896836220472439
0
LINE
8
BLACK
6
CONTINUOUS
10
6.6114951968503934
20
-4.0896836220472439
11
6.6127283858267711
21
-4.089438346456693
0
LINE
8
BLACK
6
CONTINUOUS
10
6.6127283858267711
20
-4.089438346456693
11
6.6160426771653542
21
-4.0872237795275588
0
LINE
8
BLACK
6
CONTINUOUS
10
6.6160426771653542
20
-4.0872237795275588
11
6.6182572440944885
21
-4.0839094881889766
0
LINE
8
BLACK
6
CONTINUOUS
10
6.6182572440944885
20
-4.0839094881889766
11
6.6188385826771654
21
-4.0809868897637793
0
LINE
8
BLACK
6
CONTINUOUS
10
6.6188385826771654
20
-4.0809868897637793
11
6.6188385433070867
21
-4.0190131496062991
0
LINE
8
BLACK
6
CONTINUOUS
10
6.6188385433070867
20
-4.0190131496062991
11
6.6188385039370079
21
-4.0190129921259841
0
LINE
8
BLACK
6
CONTINUOUS
10
6.6188385039370079
20
-4.0190129921259841
11
6.6188385039370079
21
-4.0190128346456691
0
LINE
8
BLACK
6
CONTINUOUS
10
6.6188385039370079
20
-4.0190128346456691
11
6.6182572440944885
21
-4.0160905118110239
0
LINE
8
BLACK
6
CONTINUOUS
10
6.6182572440944885
20
-4.0160905118110239
11
6.6160426377952755
21
-4.0127761811023621
0
LINE
8
BLACK
6
CONTINUOUS
10
6.6160426377952755
20
-4.0127761811023621
11
6.6127284251968499
21
-4.0105616535433066
0
LINE
8
BLACK
6
CONTINUOUS
10
6.6127284251968499
20
-4.0105616535433066
11
6.6098057874015748
21
-4.0099803149606297
0
LINE
8
BLACK
6
CONTINUOUS
10
6.6098057874015748
20
-4.0099803149606297
11
6.547832125984252
21
-4.0099803149606297
0
LINE
8
BLACK
6
CONTINUOUS
10
6.547832125984252
20
-4.0099803149606297
11
6.5478317322834645
21
-4.0099803543307084
0
LINE
8
BLACK
6
CONTINUOUS
10
6.5478317322834645
20
-4.0099803543307084
11
6.5449094094488185
21
-4.0105616141732279
0
LINE
8
BLACK
6
CONTINUOUS
10
6.5449094094488185
20
-4.0105616141732279
11
6.5415950787401576
21
-4.0127762204724409
0
LINE
8
BLACK
6
CONTINUOUS
10
6.5415950787401576
20
-4.0127762204724409
11
6.5393805511811021
21
-4.0160904330708664
0
LINE
8
BLACK
6
CONTINUOUS
10
6.5393805511811021
20
-4.0160904330708664
11
6.5387992125984251
21
-4.0190129921259841
0
LINE
8
BLACK
6
CONTINUOUS
10
6.5387992125984251
20
-4.0190129921259841
11
6.5387992125984251
21
-4.0809867322834643
0
LINE
8
BLACK
6
CONTINUOUS
10
6.5387992125984251
20
-4.0809867322834643
11
6.5387992519685039
21
-4.0809871259842518
0
LINE
8
BLACK
6
CONTINUOUS
10
6.5387992519685039
20
-4.0809871259842518
11
6.5393805118110233
21
-4.0839094488188978
0
LINE
8
BLACK
6
CONTINUOUS
10
6.5393805118110233
20
-4.0839094488188978
11
6.5415951181102363
21
-4.0872237795275588
0
LINE
8
BLACK
6
CONTINUOUS
10
6.5415951181102363
20
-4.0872237795275588
11
6.544909330708661
21
-4.0894383070866143
0
LINE
8
BLACK
6
CONTINUOUS
10
6.544909330708661
20
-4.0894383070866143
11
6.5449094094488185
21
-4.089438346456693
0
LINE
8
BLACK
6
CONTINUOUS
10
6.5449094094488185
20
-4.089438346456693
11
6.5478320078740158
21
-4.09001968503937
0
LINE
8
BLACK
6
CONTINUOUS
10
6.5478320078740158
20
-4.09001968503937
11
6.5589173622047241
21
-4.0900196456692912
0
LINE
8
BLACK
6
CONTINUOUS
10
6.5589173622047241
20
-4.0900196456692912
11
6.5615992125984253
21
-4.0908071259842522
0
LINE
8
BLACK
6
CONTINUOUS
10
6.5615992125984253
20
-4.0908071259842522
11
6.5634296456692915
21
-4.0929195275590553
0
LINE
8
BLACK
6
CONTINUOUS
10
6.5634296456692915
20
-4.0929195275590553
11
6.563877952755905
21
-4.0949802755905509
0
LINE
8
BLACK
6
CONTINUOUS
10
6.563877952755905
20
-4.0949802755905509
11
6.563877952755905
21
-4.1050196850393696
0
LINE
8
BLACK
6
CONTINUOUS
10
6.563877952755905
20
-4.1050196850393696
11
6.5630904724409449
21
-4.1077016141732283
0
LINE
8
BLACK
6
CONTINUOUS
10
6.5630904724409449
20
-4.1077016141732283
11
6.5609780314960631
21
-4.1095320472440946
0
LINE
8
BLACK
6
CONTINUOUS
10
6.5609780314960631
20
-4.1095320472440946
11
6.5589173228346453
21
-4.1099803149606302
0
LINE
8
BLACK
6
CONTINUOUS
10
6.5589173228346453
20
-4.1099803149606302
11
6.547832125984252
21
-4.1099803149606302
0
LINE
8
BLACK
6
CONTINUOUS
10
6.547832125984252
20
-4.1099803149606302
11
6.5478317322834645
21
-4.109980354330709
0
LINE
8
BLACK
6
CONTINUOUS
10
6.5478317322834645
20
-4.109980354330709
11
6.5449094094488185
21
-4.1105616141732284
0
LINE
8
BLACK
6
CONTINUOUS
10
6.5449094094488185
20
-4.1105616141732284
11
6.5415950787401576
21
-4.1127762204724405
0
LINE
8
BLACK
6
CONTINUOUS
10
6.5415950787401576
20
-4.1127762204724405
11
6.5393805511811021
21
-4.1160904330708661
0
LINE
8
BLACK
6
CONTINUOUS
10
6.5393805511811021
20
-4.1160904330708661
11
6.5387992125984251
21
-4.1190129921259846
0
LINE
8
BLACK
6
CONTINUOUS
10
6.5387992125984251
20
-4.1190129921259846
11
6.5387992125984251
21
-4.1680163385826772
0
LINE
8
BLACK
6
CONTINUOUS
10
6.5387992125984251
20
-4.1680163385826772
11
6.5380117322834641
21
-4.170698267716535
0
LINE
8
BLACK
6
CONTINUOUS
10
6.5380117322834641
20
-4.170698267716535
11
6.5373464173228344
21
-4.1715238188976373
0
LINE
8
BLACK
6
CONTINUOUS
10
6.5373464173228344
20
-4.1715238188976373
11
6.500263346456693
21
-4.2086069291338584
0
LINE
8
BLACK
6
CONTINUOUS
10
6.500263346456693
20
-4.2086069291338584
11
6.4978101968503932
21
-4.2099464566929132
0
LINE
8
BLACK
6
CONTINUOUS
10
6.4978101968503932
20
-4.2099464566929132
11
6.4967557480314957
21
-4.2100598425196853
0
LINE
8
BLACK
6
CONTINUOUS
10
6.4967557480314957
20
-4.2100598425196853
11
6.4536758267716534
21
-4.2100598425196853
0
LINE
8
BLACK
6
CONTINUOUS
10
6.4536758267716534
20
-4.2100598425196853
11
6.4509938976377947
21
-4.2092723622047243
0
LINE
8
BLACK
6
CONTINUOUS
10
6.4509938976377947
20
-4.2092723622047243
11
6.4491634645669293
21
-4.2071599212598425
0
LINE
8
BLACK
6
CONTINUOUS
10
6.4491634645669293
20
-4.2071599212598425
11
6.4487656692913387
21
-4.2043932283464569
0
LINE
8
BLACK
6
CONTINUOUS
10
6.4487656692913387
20
-4.2043932283464569
11
6.4499268503937008
21
-4.201850708661417
0
LINE
8
BLACK
6
CONTINUOUS
10
6.4499268503937008
20
-4.201850708661417
11
6.4501681496062995
21
-4.2015915354330708
0
LINE
8
BLACK
6
CONTINUOUS
10
6.4501681496062995
20
-4.2015915354330708
11
6.4527429133858263
21
-4.1990167322834644
0
LINE
8
BLACK
6
CONTINUOUS
10
6.4527429133858263
20
-4.1990167322834644
11
6.4527429133858263
21
-4.1990166929133856
0
LINE
8
BLACK
6
CONTINUOUS
10
6.4527429133858263
20
-4.1990166929133856
11
6.4527431496062988
21
-4.1990164960629919
0
LINE
8
BLACK
6
CONTINUOUS
10
6.4527431496062988
20
-4.1990164960629919
11
6.454403307086614
21
-4.1961409842519686
0
LINE
8
BLACK
6
CONTINUOUS
10
6.454403307086614
20
-4.1961409842519686
11
6.4547101574803145
21
-4.1956095275590553
0
LINE
8
BLACK
6
CONTINUOUS
10
6.4547101574803145
20
-4.1956095275590553
11
6.4548829527559057
21
-4.1949646456692911
0
LINE
8
BLACK
6
CONTINUOUS
10
6.4548829527559057
20
-4.1949646456692911
11
6.4549253543307081
21
-4.194806377952756
0
LINE
8
BLACK
6
CONTINUOUS
10
6.4549253543307081
20
-4.194806377952756
11
6.4549253543307081
21
-4.1948062992125985
0
LINE
8
BLACK
6
CONTINUOUS
10
6.4549253543307081
20
-4.1948062992125985
11
6.4552228740157478
21
-4.1936960629921263
0
LINE
8
BLACK
6
CONTINUOUS
10
6.4552228740157478
20
-4.1936960629921263
11
6.456677677165354
21
-4.1913095275590546
0
LINE
8
BLACK
6
CONTINUOUS
10
6.456677677165354
20
-4.1913095275590546
11
6.4591918897637797
21
-4.1900883070866142
0
LINE
8
BLACK
6
CONTINUOUS
10
6.4591918897637797
20
-4.1900883070866142
11
6.4600143700787402
21
-4.1900196456692909
0
LINE
8
BLACK
6
CONTINUOUS
10
6.4600143700787402
20
-4.1900196456692909
11
6.4717741732283462
21
-4.1900196456692909
0
LINE
8
BLACK
6
CONTINUOUS
10
6.4717741732283462
20
-4.1900196456692909
11
6.4717742519685038
21
-4.1900196456692909
0
LINE
8
BLACK
6
CONTINUOUS
10
6.4717742519685038
20
-4.1900196456692909
11
6.47177437007874
21
-4.1900196062992121
0
LINE
8
BLACK
6
CONTINUOUS
10
6.47177437007874
20
-4.1900196062992121
11
6.4717744881889763
21
-4.1900196062992121
0
LINE
8
BLACK
6
CONTINUOUS
10
6.4717744881889763
20
-4.1900196062992121
11
6.473951811023622
21
-4.1895865354330706
0
LINE
8
BLACK
6
CONTINUOUS
10
6.473951811023622
20
-4.1895865354330706
11
6.4746968897637798
21
-4.1894383464566927
0
LINE
8
BLACK
6
CONTINUOUS
10
6.4746968897637798
20
-4.1894383464566927
11
6.478011181102362
21
-4.1872237795275593
0
LINE
8
BLACK
6
CONTINUOUS
10
6.478011181102362
20
-4.1872237795275593
11
6.4802257480314962
21
-4.1839094881889762
0
LINE
8
BLACK
6
CONTINUOUS
10
6.4802257480314962
20
-4.1839094881889762
11
6.4808070866141732
21
-4.1809868897637799
0
LINE
8
BLACK
6
CONTINUOUS
10
6.4808070866141732
20
-4.1809868897637799
11
6.4808070472440944
21
-4.1190131496062987
0
LINE
8
BLACK
6
CONTINUOUS
10
6.4808070472440944
20
-4.1190131496062987
11
6.4808070078740156
21
-4.1190129921259846
0
LINE
8
BLACK
6
CONTINUOUS
10
6.4808070078740156
20
-4.1190129921259846
11
6.4808070078740156
21
-4.1190128346456696
0
LINE
8
BLACK
6
CONTINUOUS
10
6.4808070078740156
20
-4.1190128346456696
11
6.4802257480314962
21
-4.1160905118110236
0
LINE
8
BLACK
6
CONTINUOUS
10
6.4802257480314962
20
-4.1160905118110236
11
6.4780111417322832
21
-4.1127761811023618
0
LINE
8
BLACK
6
CONTINUOUS
10
6.4780111417322832
20
-4.1127761811023618
11
6.4746969291338585
21
-4.1105616535433072
0
LINE
8
BLACK
6
CONTINUOUS
10
6.4746969291338585
20
-4.1105616535433072
11
6.47177437007874
21
-4.1099803149606302
0
LINE
8
BLACK
6
CONTINUOUS
10
6.47177437007874
20
-4.1099803149606302
11
6.4717742913385825
21
-4.1099803149606302
0
LINE
8
BLACK
6
CONTINUOUS
10
6.4717742913385825
20
-4.1099803149606302
11
6.4606889763779529
21
-4.1099803149606302
0
LINE
8
BLACK
6
CONTINUOUS
10
6.4606889763779529
20
-4.1099803149606302
11
6.4580070472440942
21
-4.1091928346456692
0
LINE
8
BLACK
6
CONTINUOUS
10
6.4580070472440942
20
-4.1091928346456692
11
6.456176614173228
21
-4.1070803937007874
0
LINE
8
BLACK
6
CONTINUOUS
10
6.456176614173228
20
-4.1070803937007874
11
6.4557283464566924
21
-4.1050196850393696
0
LINE
8
BLACK
6
CONTINUOUS
10
6.4557283464566924
20
-4.1050196850393696
11
6.4557283464566924
21
-4.0949802755905509
0
LINE
8
BLACK
6
CONTINUOUS
10
6.4557283464566924
20
-4.0949802755905509
11
6.4565158267716534
21
-4.0922983464566931
0
LINE
8
BLACK
6
CONTINUOUS
10
6.4565158267716534
20
-4.0922983464566931
11
6.4586282677165352
21
-4.0904679133858268
0
LINE
8
BLACK
6
CONTINUOUS
10
6.4586282677165352
20
-4.0904679133858268
11
6.4606889763779529
21
-4.0900196456692912
0
LINE
8
BLACK
6
CONTINUOUS
10
6.4606889763779529
20
-4.0900196456692912
11
6.4717741732283462
21
-4.0900196456692912
0
LINE
8
BLACK
6
CONTINUOUS
10
6.4717741732283462
20
-4.0900196456692912
11
6.4717742519685038
21
-4.0900196456692912
0
LINE
8
BLACK
6
CONTINUOUS
10
6.4717742519685038
20
-4.0900196456692912
11
6.47177437007874
21
-4.0900196062992125
0
LINE
8
BLACK
6
CONTINUOUS
10
6.47177437007874
20
-4.0900196062992125
11
6.4717744881889763
21
-4.0900196062992125
0
LINE
8
BLACK
6
CONTINUOUS
10
6.4717744881889763
20
-4.0900196062992125
11
6.4734637007874012
21
-4.0896836220472439
0
LINE
8
BLACK
6
CONTINUOUS
10
6.4734637007874012
20
-4.0896836220472439
11
6.4746968897637798
21
-4.089438346456693
0
LINE
8
BLACK
6
CONTINUOUS
10
6.4746968897637798
20
-4.089438346456693
11
6.478011181102362
21
-4.0872237795275588
0
LINE
8
BLACK
6
CONTINUOUS
10
6.478011181102362
20
-4.0872237795275588
11
6.4802257480314962
21
-4.0839094881889766
0
LINE
8
BLACK
6
CONTINUOUS
10
6.4802257480314962
20
-4.0839094881889766
11
6.4808070866141732
21
-4.0809868897637793
0
LINE
8
BLACK
6
CONTINUOUS
10
6.4808070866141732
20
-4.0809868897637793
11
6.4808070472440944
21
-4.0190131496062991
0
LINE
8
BLACK
6
CONTINUOUS
10
6.4808070472440944
20
-4.0190131496062991
11
6.4808070078740156
21
-4.0190129921259841
0
LINE
8
BLACK
6
CONTINUOUS
10
6.4808070078740156
20
-4.0190129921259841
11
6.4808070078740156
21
-4.0190128346456691
0
LINE
8
BLACK
6
CONTINUOUS
10
6.4808070078740156
20
-4.0190128346456691
11
6.4802257480314962
21
-4.0160905118110239
0
LINE
8
BLACK
6
CONTINUOUS
10
6.4802257480314962
20
-4.0160905118110239
11
6.4780111417322832
21
-4.0127761811023621
0
LINE
8
BLACK
6
CONTINUOUS
10
6.4780111417322832
20
-4.0127761811023621
11
6.4746969291338585
21
-4.0105616535433066
0
LINE
8
BLACK
6
CONTINUOUS
10
6.4746969291338585
20
-4.0105616535433066
11
6.4717742913385825
21
-4.0099803149606297
0
LINE
8
BLACK
6
CONTINUOUS
10
6.4717742913385825
20
-4.0099803149606297
11
6.4098006299212598
21
-4.0099803149606297
0
LINE
8
BLACK
6
CONTINUOUS
10
6.4098006299212598
20
-4.0099803149606297
11
6.4098002362204722
21
-4.0099803543307084
0
LINE
8
BLACK
6
CONTINUOUS
10
6.4098002362204722
20
-4.0099803543307084
11
6.4068779133858262
21
-4.0105616141732279
0
LINE
8
BLACK
6
CONTINUOUS
10
6.4068779133858262
20
-4.0105616141732279
11
6.4035635826771653
21
-4.0127762204724409
0
LINE
8
BLACK
6
CONTINUOUS
10
6.4035635826771653
20
-4.0127762204724409
11
6.4013490551181098
21
-4.0160904330708664
0
LINE
8
BLACK
6
CONTINUOUS
10
6.4013490551181098
20
-4.0160904330708664
11
6.4007677165354329
21
-4.0190129921259841
0
LINE
8
BLACK
6
CONTINUOUS
10
6.4007677165354329
20
-4.0190129921259841
11
6.4007677165354329
21
-4.0809867322834643
0
LINE
8
BLACK
6
CONTINUOUS
10
6.4007677165354329
20
-4.0809867322834643
11
6.4007677559055116
21
-4.0809871259842518
0
LINE
8
BLACK
6
CONTINUOUS
10
6.4007677559055116
20
-4.0809871259842518
11
6.4013490157480311
21
-4.0839094488188978
0
LINE
8
BLACK
6
CONTINUOUS
10
6.4013490157480311
20
-4.0839094488188978
11
6.4035636220472441
21
-4.0872237795275588
0
LINE
8
BLACK
6
CONTINUOUS
10
6.4035636220472441
20
-4.0872237795275588
11
6.4068778346456687
21
-4.0894383070866143
0
LINE
8
BLACK
6
CONTINUOUS
10
6.4068778346456687
20
-4.0894383070866143
11
6.4068779133858262
21
-4.089438346456693
0
LINE
8
BLACK
6
CONTINUOUS
10
6.4068779133858262
20
-4.089438346456693
11
6.4098005118110235
21
-4.09001968503937
0
LINE
8
BLACK
6
CONTINUOUS
10
6.4098005118110235
20
-4.09001968503937
11
6.4208858661417318
21
-4.0900196456692912
0
LINE
8
BLACK
6
CONTINUOUS
10
6.4208858661417318
20
-4.0900196456692912
11
6.423567716535433
21
-4.0908071259842522
0
LINE
8
BLACK
6
CONTINUOUS
10
6.423567716535433
20
-4.0908071259842522
11
6.4253981496062993
21
-4.0929195275590553
0
LINE
8
BLACK
6
CONTINUOUS
10
6.4253981496062993
20
-4.0929195275590553
11
6.4258464566929137
21
-4.0949802755905509
0
LINE
8
BLACK
6
CONTINUOUS
10
6.4258464566929137
20
-4.0949802755905509
11
6.4258464566929137
21
-4.1050196850393696
0
LINE
8
BLACK
6
CONTINUOUS
10
6.4258464566929137
20
-4.1050196850393696
11
6.4250589763779526
21
-4.1077016141732283
0
LINE
8
BLACK
6
CONTINUOUS
10
6.4250589763779526
20
-4.1077016141732283
11
6.4229465354330708
21
-4.1095320472440946
0
LINE
8
BLACK
6
CONTINUOUS
10
6.4229465354330708
20
-4.1095320472440946
11
6.4208858267716531
21
-4.1099803149606302
0
LINE
8
BLACK
6
CONTINUOUS
10
6.4208858267716531
20
-4.1099803149606302
11
6.4098006299212598
21
-4.1099803149606302
0
LINE
8
BLACK
6
CONTINUOUS
10
6.4098006299212598
20
-4.1099803149606302
11
6.4098002362204722
21
-4.109980354330709
0
LINE
8
BLACK
6
CONTINUOUS
10
6.4098002362204722
20
-4.109980354330709
11
6.4068779133858262
21
-4.1105616141732284
0
LINE
8
BLACK
6
CONTINUOUS
10
6.4068779133858262
20
-4.1105616141732284
11
6.4035635826771653
21
-4.1127762204724405
0
LINE
8
BLACK
6
CONTINUOUS
10
6.4035635826771653
20
-4.1127762204724405
11
6.4013490551181098
21
-4.1160904330708661
0
LINE
8
BLACK
6
CONTINUOUS
10
6.4013490551181098
20
-4.1160904330708661
11
6.4007677165354329
21
-4.1190129921259846
0
LINE
8
BLACK
6
CONTINUOUS
10
6.4007677165354329
20
-4.1190129921259846
11
6.4007677165354329
21
-4.1809867322834648
0
LINE
8
BLACK
6
CONTINUOUS
10
6.4007677165354329
20
-4.1809867322834648
11
6.4007677559055116
21
-4.1809871259842515
0
LINE
8
BLACK
6
CONTINUOUS
10
6.4007677559055116
20
-4.1809871259842515
11
6.4014443700787398
21
-4.1843887007874017
0
LINE
8
BLACK
6
CONTINUOUS
10
6.4014443700787398
20
-4.1843887007874017
11
6.4012831102362204
21
-4.1844207480314957
0
LINE
8
BLACK
6
CONTINUOUS
10
6.4012831102362204
20
-4.1844207480314957
11
6.4014842519685038
21
-4.1862952362204719
0
LINE
8
BLACK
6
CONTINUOUS
10
6.4014842519685038
20
-4.1862952362204719
11
6.4002325590551177
21
-4.1887944488188973
0
LINE
8
BLACK
6
CONTINUOUS
10
6.4002325590551177
20
-4.1887944488188973
11
6.3978283858267719
21
-4.1902201968503938
0
LINE
8
BLACK
6
CONTINUOUS
10
6.3978283858267719
20
-4.1902201968503938
11
6.3966026377952758
21
-4.1903740157480316
0
LINE
8
BLACK
6
CONTINUOUS
10
6.3966026377952758
20
-4.1903740157480316
11
6.3845784645669292
21
-4.1903740157480316
0
LINE
8
BLACK
6
CONTINUOUS
10
6.3845784645669292
20
-4.1903740157480316
11
6.3818965354330706
21
-4.1895865354330706
0
LINE
8
BLACK
6
CONTINUOUS
10
6.3818965354330706
20
-4.1895865354330706
11
6.3800661023622043
21
-4.1874740944881887
0
LINE
8
BLACK
6
CONTINUOUS
10
6.3800661023622043
20
-4.1874740944881887
11
6.3796683070866136
21
-4.1847074015748031
0
LINE
8
BLACK
6
CONTINUOUS
10
6.3796683070866136
20
-4.1847074015748031
11
6.3797547637795278
21
-4.1843922440944885
0
LINE
8
BLACK
6
CONTINUOUS
10
6.3797547637795278
20
-4.1843922440944885
11
6.3797367322834644
21
-4.1843886614173229
0
LINE
8
BLACK
6
CONTINUOUS
10
6.3797367322834644
20
-4.1843886614173229
11
6.3800322440944877
21
-4.1829029921259844
0
LINE
8
BLACK
6
CONTINUOUS
10
6.3800322440944877
20
-4.1829029921259844
11
6.3804133858267713
21
-4.1809868897637799
0
LINE
8
BLACK
6
CONTINUOUS
10
6.3804133858267713
20
-4.1809868897637799
11
6.3804133464566926
21
-4.1190131496062987
0
LINE
8
BLACK
6
CONTINUOUS
10
6.3804133464566926
20
-4.1190131496062987
11
6.3804133070866138
21
-4.1190129921259846
0
LINE
8
BLACK
6
CONTINUOUS
10
6.3804133070866138
20
-4.1190129921259846
11
6.3804133070866138
21
-4.1190128346456696
0
LINE
8
BLACK
6
CONTINUOUS
10
6.3804133070866138
20
-4.1190128346456696
11
6.3798320472440944
21
-4.1160905118110236
0
LINE
8
BLACK
6
CONTINUOUS
10
6.3798320472440944
20
-4.1160905118110236
11
6.3776174409448814
21
-4.1127761811023618
0
LINE
8
BLACK
6
CONTINUOUS
10
6.3776174409448814
20
-4.1127761811023618
11
6.3743032283464567
21
-4.1105616535433072
0
LINE
8
BLACK
6
CONTINUOUS
10
6.3743032283464567
20
-4.1105616535433072
11
6.3713806692913382
21
-4.1099803149606302
0
LINE
8
BLACK
6
CONTINUOUS
10
6.3713806692913382
20
-4.1099803149606302
11
6.3713805905511807
21
-4.1099803149606302
0
LINE
8
BLACK
6
CONTINUOUS
10
6.3713805905511807
20
-4.1099803149606302
11
6.3602952755905511
21
-4.1099803149606302
0
LINE
8
BLACK
6
CONTINUOUS
10
6.3602952755905511
20
-4.1099803149606302
11
6.3576133464566924
21
-4.1091928346456692
0
LINE
8
BLACK
6
CONTINUOUS
10
6.3576133464566924
20
-4.1091928346456692
11
6.355782913385827
21
-4.1070803937007874
0
LINE
8
BLACK
6
CONTINUOUS
10
6.355782913385827
20
-4.1070803937007874
11
6.3553346456692914
21
-4.1050196850393696
0
LINE
8
BLACK
6
CONTINUOUS
10
6.3553346456692914
20
-4.1050196850393696
11
6.3553346456692914
21
-4.0949802755905509
0
LINE
8
BLACK
6
CONTINUOUS
10
6.3553346456692914
20
-4.0949802755905509
11
6.3561221259842515
21
-4.0922983464566931
0
LINE
8
BLACK
6
CONTINUOUS
10
6.3561221259842515
20
-4.0922983464566931
11
6.3582345669291334
21
-4.0904679133858268
0
LINE
8
BLACK
6
CONTINUOUS
10
6.3582345669291334
20
-4.0904679133858268
11
6.3602952755905511
21
-4.0900196456692912
0
LINE
8
BLACK
6
CONTINUOUS
10
6.3602952755905511
20
-4.0900196456692912
11
6.3713804724409444
21
-4.0900196456692912
0
LINE
8
BLACK
6
CONTINUOUS
10
6.3713804724409444
20
-4.0900196456692912
11
6.3713805511811019
21
-4.0900196456692912
0
LINE
8
BLACK
6
CONTINUOUS
10
6.3713805511811019
20
-4.0900196456692912
11
6.3713806692913382
21
-4.0900196062992125
0
LINE
8
BLACK
6
CONTINUOUS
10
6.3713806692913382
20
-4.0900196062992125
11
6.3713807874015744
21
-4.0900196062992125
0
LINE
8
BLACK
6
CONTINUOUS
10
6.3713807874015744
20
-4.0900196062992125
11
6.3730700000000002
21
-4.0896836220472439
0
LINE
8
BLACK
6
CONTINUOUS
10
6.3730700000000002
20
-4.0896836220472439
11
6.3743031889763779
21
-4.089438346456693
0
LINE
8
BLACK
6
CONTINUOUS
10
6.3743031889763779
20
-4.089438346456693
11
6.3776174803149601
21
-4.0872237795275588
0
LINE
8
BLACK
6
CONTINUOUS
10
6.3776174803149601
20
-4.0872237795275588
11
6.3798320472440944
21
-4.0839094881889766
0
LINE
8
BLACK
6
CONTINUOUS
10
6.3798320472440944
20
-4.0839094881889766
11
6.3804133858267713
21
-4.0809868897637793
0
LINE
8
BLACK
6
CONTINUOUS
10
6.3804133858267713
20
-4.0809868897637793
11
6.3804133464566926
21
-4.0190131496062991
0
LINE
8
BLACK
6
CONTINUOUS
10
6.3804133464566926
20
-4.0190131496062991
11
6.3804133070866138
21
-4.0190129921259841
0
LINE
8
BLACK
6
CONTINUOUS
10
6.3804133070866138
20
-4.0190129921259841
11
6.3804133070866138
21
-4.0190128346456691
0
LINE
8
BLACK
6
CONTINUOUS
10
6.3804133070866138
20
-4.0190128346456691
11
6.3798320472440944
21
-4.0160905118110239
0
LINE
8
BLACK
6
CONTINUOUS
10
6.3798320472440944
20
-4.0160905118110239
11
6.3776174409448814
21
-4.0127761811023621
0
LINE
8
BLACK
6
CONTINUOUS
10
6.3776174409448814
20
-4.0127761811023621
11
6.3743032283464567
21
-4.0105616535433066
0
LINE
8
BLACK
6
CONTINUOUS
10
6.3743032283464567
20
-4.0105616535433066
11
6.3713805905511807
21
-4.0099803149606297
0
LINE
8
BLACK
6
CONTINUOUS
10
6.3713805905511807
20
-4.0099803149606297
11
6.3094069291338579
21
-4.0099803149606297
0
LINE
8
BLACK
6
CONTINUOUS
10
6.3094069291338579
20
-4.0099803149606297
11
6.3094065354330704
21
-4.0099803543307084
0
LINE
8
BLACK
6
CONTINUOUS
10
6.3094065354330704
20
-4.0099803543307084
11
6.3064842125984253
21
-4.0105616141732279
0
LINE
8
BLACK
6
CONTINUOUS
10
6.3064842125984253
20
-4.0105616141732279
11
6.3031698818897635
21
-4.0127762204724409
0
LINE
8
BLACK
6
CONTINUOUS
10
6.3031698818897635
20
-4.0127762204724409
11
6.3009553543307089
21
-4.0160904330708664
0
LINE
8
BLACK
6
CONTINUOUS
10
6.3009553543307089
20
-4.0160904330708664
11
6.300374015748031
21
-4.0190129921259841
0
LINE
8
BLACK
6
CONTINUOUS
10
6.300374015748031
20
-4.0190129921259841
11
6.300374015748031
21
-4.0809867322834643
0
LINE
8
BLACK
6
CONTINUOUS
10
6.300374015748031
20
-4.0809867322834643
11
6.3003740551181098
21
-4.0809871259842518
0
LINE
8
BLACK
6
CONTINUOUS
10
6.3003740551181098
20
-4.0809871259842518
11
6.3009553149606301
21
-4.0839094488188978
0
LINE
8
BLACK
6
CONTINUOUS
10
6.3009553149606301
20
-4.0839094488188978
11
6.3031699212598422
21
-4.0872237795275588
0
LINE
8
BLACK
6
CONTINUOUS
10
6.3031699212598422
20
-4.0872237795275588
11
6.3064841338582678
21
-4.0894383070866143
0
LINE
8
BLACK
6
CONTINUOUS
10
6.3064841338582678
20
-4.0894383070866143
11
6.3064842125984253
21
-4.089438346456693
0
LINE
8
BLACK
6
CONTINUOUS
10
6.3064842125984253
20
-4.089438346456693
11
6.3094068110236217
21
-4.09001968503937
0
LINE
8
BLACK
6
CONTINUOUS
10
6.3094068110236217
20
-4.09001968503937
11
6.3204921653543309
21
-4.0900196456692912
0
LINE
8
BLACK
6
CONTINUOUS
10
6.3204921653543309
20
-4.0900196456692912
11
6.3231740157480312
21
-4.0908071259842522
0
LINE
8
BLACK
6
CONTINUOUS
10
6.3231740157480312
20
-4.0908071259842522
11
6.3250044488188975
21
-4.0929195275590553
0
LINE
8
BLACK
6
CONTINUOUS
10
6.3250044488188975
20
-4.0929195275590553
11
6.3254527559055118
21
-4.0949802755905509
0
LINE
8
BLACK
6
CONTINUOUS
10
6.3254527559055118
20
-4.0949802755905509
11
6.3254527559055118
21
-4.1050196850393696
0
LINE
8
BLACK
6
CONTINUOUS
10
6.3254527559055118
20
-4.1050196850393696
11
6.3246652755905508
21
-4.1077016141732283
0
LINE
8
BLACK
6
CONTINUOUS
10
6.3246652755905508
20
-4.1077016141732283
11
6.322552834645669
21
-4.1095320472440946
0
LINE
8
BLACK
6
CONTINUOUS
10
6.322552834645669
20
-4.1095320472440946
11
6.3204921259842521
21
-4.1099803149606302
0
LINE
8
BLACK
6
CONTINUOUS
10
6.3204921259842521
20
-4.1099803149606302
11
6.3094069291338579
21
-4.1099803149606302
0
LINE
8
BLACK
6
CONTINUOUS
10
6.3094069291338579
20
-4.1099803149606302
11
6.3094065354330704
21
-4.109980354330709
0
LINE
8
BLACK
6
CONTINUOUS
10
6.3094065354330704
20
-4.109980354330709
11
6.3064842125984253
21
-4.1105616141732284
0
LINE
8
BLACK
6
CONTINUOUS
10
6.3064842125984253
20
-4.1105616141732284
11
6.3031698818897635
21
-4.1127762204724405
0
LINE
8
BLACK
6
CONTINUOUS
10
6.3031698818897635
20
-4.1127762204724405
11
6.3009553543307089
21
-4.1160904330708661
0
LINE
8
BLACK
6
CONTINUOUS
10
6.3009553543307089
20
-4.1160904330708661
11
6.300374015748031
21
-4.1190129921259846
0
LINE
8
BLACK
6
CONTINUOUS
10
6.300374015748031
20
-4.1190129921259846
11
6.300374015748031
21
-4.1668352362204724
0
LINE
8
BLACK
6
CONTINUOUS
10
6.300374015748031
20
-4.1668352362204724
11
6.2995865354330709
21
-4.169517165354331
0
LINE
8
BLACK
6
CONTINUOUS
10
6.2995865354330709
20
-4.169517165354331
11
6.2989212204724412
21
-4.1703427165354325
0
LINE
8
BLACK
6
CONTINUOUS
10
6.2989212204724412
20
-4.1703427165354325
11
6.2919956692913388
21
-4.1772683070866137
0
LINE
8
BLACK
6
CONTINUOUS
10
6.2919956692913388
20
-4.1772683070866137
11
6.2884879527559052
21
-4.1807760236220473
0
LINE
8
BLACK
6
CONTINUOUS
10
6.2884879527559052
20
-4.1807760236220473
11
6.2860347244094488
21
-4.1821155905511809
0
LINE
8
BLACK
6
CONTINUOUS
10
6.2860347244094488
20
-4.1821155905511809
11
6.2832466929133854
21
-4.1819161811023617
0
LINE
8
BLACK
6
CONTINUOUS
10
6.2832466929133854
20
-4.1819161811023617
11
6.2810090944881889
21
-4.1802411023622046
0
LINE
8
BLACK
6
CONTINUOUS
10
6.2810090944881889
20
-4.1802411023622046
11
6.2800322834645668
21
-4.1776221653543306
0
LINE
8
BLACK
6
CONTINUOUS
10
6.2800322834645668
20
-4.1776221653543306
11
6.2800196456692916
21
-4.1772693307086612
0
LINE
8
BLACK
6
CONTINUOUS
10
6.2800196456692916
20
-4.1772693307086612
11
6.2800196456692916
21
-4.1190131496062987
0
LINE
8
BLACK
6
CONTINUOUS
10
6.2800196456692916
20
-4.1190131496062987
11
6.2800196062992129
21
-4.1190129921259846
0
LINE
8
BLACK
6
CONTINUOUS
10
6.2800196062992129
20
-4.1190129921259846
11
6.2800196062992129
21
-4.1190128346456696
0
LINE
8
BLACK
6
CONTINUOUS
10
6.2800196062992129
20
-4.1190128346456696
11
6.2794383464566925
21
-4.1160905118110236
0
LINE
8
BLACK
6
CONTINUOUS
10
6.2794383464566925
20
-4.1160905118110236
11
6.2772237401574804
21
-4.1127761811023618
0
LINE
8
BLACK
6
CONTINUOUS
10
6.2772237401574804
20
-4.1127761811023618
11
6.2739095275590548
21
-4.1105616535433072
0
LINE
8
BLACK
6
CONTINUOUS
10
6.2739095275590548
20
-4.1105616535433072
11
6.2709869685039372
21
-4.1099803149606302
0
LINE
8
BLACK
6
CONTINUOUS
10
6.2709869685039372
20
-4.1099803149606302
11
6.2709868897637797
21
-4.1099803149606302
0
LINE
8
BLACK
6
CONTINUOUS
10
6.2709868897637797
20
-4.1099803149606302
11
6.2599015748031492
21
-4.1099803149606302
0
LINE
8
BLACK
6
CONTINUOUS
10
6.2599015748031492
20
-4.1099803149606302
11
6.2572196456692915
21
-4.1091928346456692
0
LINE
8
BLACK
6
CONTINUOUS
10
6.2572196456692915
20
-4.1091928346456692
11
6.2553892125984252
21
-4.1070803937007874
0
LINE
8
BLACK
6
CONTINUOUS
10
6.2553892125984252
20
-4.1070803937007874
11
6.2549409448818896
21
-4.1050196850393696
0
LINE
8
BLACK
6
CONTINUOUS
10
6.2549409448818896
20
-4.1050196850393696
11
6.2549409448818896
21
-4.0949802755905509
0
LINE
8
BLACK
6
CONTINUOUS
10
6.2549409448818896
20
-4.0949802755905509
11
6.2557284251968506
21
-4.0922983464566931
0
LINE
8
BLACK
6
CONTINUOUS
10
6.2557284251968506
20
-4.0922983464566931
11
6.2578408661417324
21
-4.0904679133858268
0
LINE
8
BLACK
6
CONTINUOUS
10
6.2578408661417324
20
-4.0904679133858268
11
6.2599015748031492
21
-4.0900196456692912
0
LINE
8
BLACK
6
CONTINUOUS
10
6.2599015748031492
20
-4.0900196456692912
11
6.2709867716535435
21
-4.0900196456692912
0
LINE
8
BLACK
6
CONTINUOUS
10
6.2709867716535435
20
-4.0900196456692912
11
6.270986850393701
21
-4.0900196456692912
0
LINE
8
BLACK
6
CONTINUOUS
10
6.270986850393701
20
-4.0900196456692912
11
6.2709869685039372
21
-4.0900196062992125
0
LINE
8
BLACK
6
CONTINUOUS
10
6.2709869685039372
20
-4.0900196062992125
11
6.2709870866141735
21
-4.0900196062992125
0
LINE
8
BLACK
6
CONTINUOUS
10
6.2709870866141735
20
-4.0900196062992125
11
6.2726762992125984
21
-4.0896836220472439
0
LINE
8
BLACK
6
CONTINUOUS
10
6.2726762992125984
20
-4.0896836220472439
11
6.2739094881889761
21
-4.089438346456693
0
LINE
8
BLACK
6
CONTINUOUS
10
6.2739094881889761
20
-4.089438346456693
11
6.2772237795275592
21
-4.0872237795275588
0
LINE
8
BLACK
6
CONTINUOUS
10
6.2772237795275592
20
-4.0872237795275588
11
6.2794383464566925
21
-4.0839094881889766
0
LINE
8
BLACK
6
CONTINUOUS
10
6.2794383464566925
20
-4.0839094881889766
11
6.2800196850393704
21
-4.0809868897637793
0
LINE
8
BLACK
6
CONTINUOUS
10
6.2800196850393704
20
-4.0809868897637793
11
6.2800196456692916
21
-4.0190131496062991
0
LINE
8
BLACK
6
CONTINUOUS
10
6.2800196456692916
20
-4.0190131496062991
11
6.2800196062992129
21
-4.0190129921259841
0
LINE
8
BLACK
6
CONTINUOUS
10
6.2800196062992129
20
-4.0190129921259841
11
6.2800196062992129
21
-4.0190128346456691
0
LINE
8
BLACK
6
CONTINUOUS
10
6.2800196062992129
20
-4.0190128346456691
11
6.2794383464566925
21
-4.0160905118110239
0
LINE
8
BLACK
6
CONTINUOUS
10
6.2794383464566925
20
-4.0160905118110239
11
6.2772237401574804
21
-4.0127761811023621
0
LINE
8
BLACK
6
CONTINUOUS
10
6.2772237401574804
20
-4.0127761811023621
11
6.2739095275590548
21
-4.0105616535433066
0
LINE
8
BLACK
6
CONTINUOUS
10
6.2739095275590548
20
-4.0105616535433066
11
6.2709868897637797
21
-4.0099803149606297
0
LINE
8
BLACK
6
CONTINUOUS
10
6.2709868897637797
20
-4.0099803149606297
11
6.209013228346457
21
-4.0099803149606297
0
LINE
8
BLACK
6
CONTINUOUS
10
6.209013228346457
20
-4.0099803149606297
11
6.2090128346456694
21
-4.0099803543307084
0
LINE
8
BLACK
6
CONTINUOUS
10
6.2090128346456694
20
-4.0099803543307084
11
6.2060905118110234
21
-4.0105616141732279
0
LINE
8
BLACK
6
CONTINUOUS
10
6.2060905118110234
20
-4.0105616141732279
11
6.2027761811023625
21
-4.0127762204724409
0
LINE
8
BLACK
6
CONTINUOUS
10
6.2027761811023625
20
-4.0127762204724409
11
6.200561653543307
21
-4.0160904330708664
0
LINE
8
BLACK
6
CONTINUOUS
10
6.200561653543307
20
-4.0160904330708664
11
6.1999803149606301
21
-4.0190129921259841
0
LINE
8
BLACK
6
CONTINUOUS
10
6.1999803149606301
20
-4.0190129921259841
11
6.1999803149606301
21
-4.0809867322834643
0
LINE
8
BLACK
6
CONTINUOUS
10
6.1999803149606301
20
-4.0809867322834643
11
6.1999803543307088
21
-4.0809871259842518
0
LINE
8
BLACK
6
CONTINUOUS
10
6.1999803543307088
20
-4.0809871259842518
11
6.2005616141732283
21
-4.0839094488188978
0
LINE
8
BLACK
6
CONTINUOUS
10
6.2005616141732283
20
-4.0839094488188978
11
6.2027762204724404
21
-4.0872237795275588
0
LINE
8
BLACK
6
CONTINUOUS
10
6.2027762204724404
20
-4.0872237795275588
11
6.2060904330708659
21
-4.0894383070866143
0
LINE
8
BLACK
6
CONTINUOUS
10
6.2060904330708659
20
-4.0894383070866143
11
6.2060905118110234
21
-4.089438346456693
0
LINE
8
BLACK
6
CONTINUOUS
10
6.2060905118110234
20
-4.089438346456693
11
6.2090131102362207
21
-4.09001968503937
0
LINE
8
BLACK
6
CONTINUOUS
10
6.2090131102362207
20
-4.09001968503937
11
6.2200984645669291
21
-4.0900196456692912
0
LINE
8
BLACK
6
CONTINUOUS
10
6.2200984645669291
20
-4.0900196456692912
11
6.2227803149606302
21
-4.0908071259842522
0
LINE
8
BLACK
6
CONTINUOUS
10
6.2227803149606302
20
-4.0908071259842522
11
6.2246107480314956
21
-4.0929195275590553
0
LINE
8
BLACK
6
CONTINUOUS
10
6.2246107480314956
20
-4.0929195275590553
11
6.22505905511811
21
-4.0949802755905509
0
LINE
8
BLACK
6
CONTINUOUS
10
6.22505905511811
20
-4.0949802755905509
11
6.22505905511811
21
-4.1050196850393696
0
LINE
8
BLACK
6
CONTINUOUS
10
6.22505905511811
20
-4.1050196850393696
11
6.2242715748031499
21
-4.1077016141732283
0
LINE
8
BLACK
6
CONTINUOUS
10
6.2242715748031499
20
-4.1077016141732283
11
6.2221591338582671
21
-4.1095320472440946
0
LINE
8
BLACK
6
CONTINUOUS
10
6.2221591338582671
20
-4.1095320472440946
11
6.2200984251968503
21
-4.1099803149606302
0
LINE
8
BLACK
6
CONTINUOUS
10
6.2200984251968503
20
-4.1099803149606302
11
6.209013228346457
21
-4.1099803149606302
0
LINE
8
BLACK
6
CONTINUOUS
10
6.209013228346457
20
-4.1099803149606302
11
6.2090128346456694
21
-4.109980354330709
0
LINE
8
BLACK
6
CONTINUOUS
10
6.2090128346456694
20
-4.109980354330709
11
6.2060905118110234
21
-4.1105616141732284
0
LINE
8
BLACK
6
CONTINUOUS
10
6.2060905118110234
20
-4.1105616141732284
11
6.2027761811023625
21
-4.1127762204724405
0
LINE
8
BLACK
6
CONTINUOUS
10
6.2027761811023625
20
-4.1127762204724405
11
6.200561653543307
21
-4.1160904330708661
0
LINE
8
BLACK
6
CONTINUOUS
10
6.200561653543307
20
-4.1160904330708661
11
6.1999803149606301
21
-4.1190129921259846
0
LINE
8
BLACK
6
CONTINUOUS
10
6.1999803149606301
20
-4.1190129921259846
11
6.1999803149606301
21
-4.1809867322834648
0
LINE
8
BLACK
6
CONTINUOUS
10
6.1999803149606301
20
-4.1809867322834648
11
6.1999803543307088
21
-4.1809871259842515
0
LINE
8
BLACK
6
CONTINUOUS
10
6.1999803543307088
20
-4.1809871259842515
11
6.2005616141732283
21
-4.1839094488188975
0
LINE
8
BLACK
6
CONTINUOUS
10
6.2005616141732283
20
-4.1839094488188975
11
6.2027762204724404
21
-4.1872237795275593
0
LINE
8
BLACK
6
CONTINUOUS
10
6.2027762204724404
20
-4.1872237795275593
11
6.2060904330708659
21
-4.1894383070866139
0
LINE
8
BLACK
6
CONTINUOUS
10
6.2060904330708659
20
-4.1894383070866139
11
6.2060905118110234
21
-4.1894383464566927
0
LINE
8
BLACK
6
CONTINUOUS
10
6.2060905118110234
20
-4.1894383464566927
11
6.2074467322834641
21
-4.1897081102362206
0
LINE
8
BLACK
6
CONTINUOUS
10
6.2074467322834641
20
-4.1897081102362206
11
6.2099234645669288
21
-4.1910036614173229
0
LINE
8
BLACK
6
CONTINUOUS
10
6.2099234645669288
20
-4.1910036614173229
11
6.211306653543307
21
-4.193432598425197
0
LINE
8
BLACK
6
CONTINUOUS
10
6.211306653543307
20
-4.193432598425197
11
6.211157047244094
21
-4.19622374015748
0
LINE
8
BLACK
6
CONTINUOUS
10
6.211157047244094
20
-4.19622374015748
11
6.2099866535433073
21
-4.1980811023622042
0
LINE
8
BLACK
6
CONTINUOUS
10
6.2099866535433073
20
-4.1980811023622042
11
6.1630155511811022
21
-4.245052244094488
0
LINE
8
BLACK
6
CONTINUOUS
10
6.1630155511811022
20
-4.245052244094488
11
6.1605623228346458
21
-4.2463918110236216
0
LINE
8
BLACK
6
CONTINUOUS
10
6.1605623228346458
20
-4.2463918110236216
11
6.1577743307086612
21
-4.2461924409448821
0
LINE
8
BLACK
6
CONTINUOUS
10
6.1577743307086612
20
-4.2461924409448821
11
6.1555366929133859
21
-4.2445173622047241
0
LINE
8
BLACK
6
CONTINUOUS
10
6.1555366929133859
20
-4.2445173622047241
11
6.1545598818897638
21
-4.2418984645669289
0
LINE
8
BLACK
6
CONTINUOUS
10
6.1545598818897638
20
-4.2418984645669289
11
6.1545472440944877
21
-4.2415445669291341
0
LINE
8
BLACK
6
CONTINUOUS
10
6.1545472440944877
20
-4.2415445669291341
11
6.1545472440944877
21
-4.1949802755905514
0
LINE
8
BLACK
6
CONTINUOUS
10
6.1545472440944877
20
-4.1949802755905514
11
6.1553347244094487
21
-4.1922983464566927
0
LINE
8
BLACK
6
CONTINUOUS
10
6.1553347244094487
20
-4.1922983464566927
11
6.1574471653543306
21
-4.1904679133858265
0
LINE
8
BLACK
6
CONTINUOUS
10
6.1574471653543306
20
-4.1904679133858265
11
6.1595078740157483
21
-4.1900196456692909
0
LINE
8
BLACK
6
CONTINUOUS
10
6.1595078740157483
20
-4.1900196456692909
11
6.1705930708661416
21
-4.1900196456692909
0
LINE
8
BLACK
6
CONTINUOUS
10
6.1705930708661416
20
-4.1900196456692909
11
6.1705931496062991
21
-4.1900196456692909
0
LINE
8
BLACK
6
CONTINUOUS
10
6.1705931496062991
20
-4.1900196456692909
11
6.1705932677165354
21
-4.1900196062992121
0
LINE
8
BLACK
6
CONTINUOUS
10
6.1705932677165354
20
-4.1900196062992121
11
6.1705933858267716
21
-4.1900196062992121
0
LINE
8
BLACK
6
CONTINUOUS
10
6.1705933858267716
20
-4.1900196062992121
11
6.1727707086614174
21
-4.1895865354330706
0
LINE
8
BLACK
6
CONTINUOUS
10
6.1727707086614174
20
-4.1895865354330706
11
6.1735157874015743
21
-4.1894383464566927
0
LINE
8
BLACK
6
CONTINUOUS
10
6.1735157874015743
20
-4.1894383464566927
11
6.1768300787401573
21
-4.1872237795275593
0
LINE
8
BLACK
6
CONTINUOUS
10
6.1768300787401573
20
-4.1872237795275593
11
6.1790446456692916
21
-4.1839094881889762
0
LINE
8
BLACK
6
CONTINUOUS
10
6.1790446456692916
20
-4.1839094881889762
11
6.1796259842519685
21
-4.1809868897637799
0
LINE
8
BLACK
6
CONTINUOUS
10
6.1796259842519685
20
-4.1809868897637799
11
6.1796259448818898
21
-4.1190131496062987
0
LINE
8
BLACK
6
CONTINUOUS
10
6.1796259448818898
20
-4.1190131496062987
11
6.179625905511811
21
-4.1190129921259846
0
LINE
8
BLACK
6
CONTINUOUS
10
6.179625905511811
20
-4.1190129921259846
11
6.179625905511811
21
-4.1190128346456696
0
LINE
8
BLACK
6
CONTINUOUS
10
6.179625905511811
20
-4.1190128346456696
11
6.1790446456692916
21
-4.1160905118110236
0
LINE
8
BLACK
6
CONTINUOUS
10
6.1790446456692916
20
-4.1160905118110236
11
6.1768300393700786
21
-4.1127761811023618
0
LINE
8
BLACK
6
CONTINUOUS
10
6.1768300393700786
20
-4.1127761811023618
11
6.173515826771653
21
-4.1105616535433072
0
LINE
8
BLACK
6
CONTINUOUS
10
6.173515826771653
20
-4.1105616535433072
11
6.1705932677165354
21
-4.1099803149606302
0
LINE
8
BLACK
6
CONTINUOUS
10
6.1705932677165354
20
-4.1099803149606302
11
6.1705931889763779
21
-4.1099803149606302
0
LINE
8
BLACK
6
CONTINUOUS
10
6.1705931889763779
20
-4.1099803149606302
11
6.1595078740157483
21
-4.1099803149606302
0
LINE
8
BLACK
6
CONTINUOUS
10
6.1595078740157483
20
-4.1099803149606302
11
6.1568259448818896
21
-4.1091928346456692
0
LINE
8
BLACK
6
CONTINUOUS
10
6.1568259448818896
20
-4.1091928346456692
11
6.1549955118110233
21
-4.1070803937007874
0
LINE
8
BLACK
6
CONTINUOUS
10
6.1549955118110233
20
-4.1070803937007874
11
6.1545472440944877
21
-4.1050196850393696
0
LINE
8
BLACK
6
CONTINUOUS
10
6.1545472440944877
20
-4.1050196850393696
11
6.1545472440944877
21
-4.0949802755905509
0
LINE
8
BLACK
6
CONTINUOUS
10
6.1545472440944877
20
-4.0949802755905509
11
6.1553347244094487
21
-4.0922983464566931
0
LINE
8
BLACK
6
CONTINUOUS
10
6.1553347244094487
20
-4.0922983464566931
11
6.1574471653543306
21
-4.0904679133858268
0
LINE
8
BLACK
6
CONTINUOUS
10
6.1574471653543306
20
-4.0904679133858268
11
6.1595078740157483
21
-4.0900196456692912
0
LINE
8
BLACK
6
CONTINUOUS
10
6.1595078740157483
20
-4.0900196456692912
11
6.1705930708661416
21
-4.0900196456692912
0
LINE
8
BLACK
6
CONTINUOUS
10
6.1705930708661416
20
-4.0900196456692912
11
6.1705931496062991
21
-4.0900196456692912
0
LINE
8
BLACK
6
CONTINUOUS
10
6.1705931496062991
20
-4.0900196456692912
11
6.1705932677165354
21
-4.0900196062992125
0
LINE
8
BLACK
6
CONTINUOUS
10
6.1705932677165354
20
-4.0900196062992125
11
6.1705933858267716
21
-4.0900196062992125
0
LINE
8
BLACK
6
CONTINUOUS
10
6.1705933858267716
20
-4.0900196062992125
11
6.1722825984251966
21
-4.0896836220472439
0
LINE
8
BLACK
6
CONTINUOUS
10
6.1722825984251966
20
-4.0896836220472439
11
6.1735157874015743
21
-4.089438346456693
0
LINE
8
BLACK
6
CONTINUOUS
10
6.1735157874015743
20
-4.089438346456693
11
6.1768300787401573
21
-4.0872237795275588
0
LINE
8
BLACK
6
CONTINUOUS
10
6.1768300787401573
20
-4.0872237795275588
11
6.1790446456692916
21
-4.0839094881889766
0
LINE
8
BLACK
6
CONTINUOUS
10
6.1790446456692916
20
-4.0839094881889766
11
6.1796259842519685
21
-4.0809868897637793
0
LINE
8
BLACK
6
CONTINUOUS
10
6.1796259842519685
20
-4.0809868897637793
11
6.1796259448818898
21
-4.0190131496062991
0
LINE
8
BLACK
6
CONTINUOUS
10
6.1796259448818898
20
-4.0190131496062991
11
6.179625905511811
21
-4.0190129921259841
0
LINE
8
BLACK
6
CONTINUOUS
10
6.179625905511811
20
-4.0190129921259841
11
6.179625905511811
21
-4.0190128346456691
0
LINE
8
BLACK
6
CONTINUOUS
10
6.179625905511811
20
-4.0190128346456691
11
6.1790446456692916
21
-4.0160905118110239
0
LINE
8
BLACK
6
CONTINUOUS
10
6.1790446456692916
20
-4.0160905118110239
11
6.1768300393700786
21
-4.0127761811023621
0
LINE
8
BLACK
6
CONTINUOUS
10
6.1768300393700786
20
-4.0127761811023621
11
6.173515826771653
21
-4.0105616535433066
0
LINE
8
BLACK
6
CONTINUOUS
10
6.173515826771653
20
-4.0105616535433066
11
6.1705931889763779
21
-4.0099803149606297
0
LINE
8
BLACK
6
CONTINUOUS
10
6.1705931889763779
20
-4.0099803149606297
11
6.1086195275590551
21
-4.0099803149606297
0
LINE
8
BLACK
6
CONTINUOUS
10
6.1086195275590551
20
-4.0099803149606297
11
6.1086191338582676
21
-4.0099803543307084
0
LINE
8
BLACK
6
CONTINUOUS
10
6.1086191338582676
20
-4.0099803543307084
11
6.1056968110236216
21
-4.0105616141732279
0
LINE
8
BLACK
6
CONTINUOUS
10
6.1056968110236216
20
-4.0105616141732279
11
6.1023824803149607
21
-4.0127762204724409
0
LINE
8
BLACK
6
CONTINUOUS
10
6.1023824803149607
20
-4.0127762204724409
11
6.1001679527559052
21
-4.0160904330708664
0
LINE
8
BLACK
6
CONTINUOUS
10
6.1001679527559052
20
-4.0160904330708664
11
6.0995866141732282
21
-4.0190129921259841
0
LINE
8
BLACK
6
CONTINUOUS
10
6.0995866141732282
20
-4.0190129921259841
11
6.0995866141732282
21
-4.0809867322834643
0
LINE
8
BLACK
6
CONTINUOUS
10
6.0995866141732282
20
-4.0809867322834643
11
6.099586653543307
21
-4.0809871259842518
0
LINE
8
BLACK
6
CONTINUOUS
10
6.099586653543307
20
-4.0809871259842518
11
6.1001679133858264
21
-4.0839094488188978
0
LINE
8
BLACK
6
CONTINUOUS
10
6.1001679133858264
20
-4.0839094488188978
11
6.1023825196850394
21
-4.0872237795275588
0
LINE
8
BLACK
6
CONTINUOUS
10
6.1023825196850394
20
-4.0872237795275588
11
6.1056967322834641
21
-4.0894383070866143
0
LINE
8
BLACK
6
CONTINUOUS
10
6.1056967322834641
20
-4.0894383070866143
11
6.1056968110236216
21
-4.089438346456693
0
LINE
8
BLACK
6
CONTINUOUS
10
6.1056968110236216
20
-4.089438346456693
11
6.1086194094488189
21
-4.09001968503937
0
LINE
8
BLACK
6
CONTINUOUS
10
6.1086194094488189
20
-4.09001968503937
11
6.1197047637795272
21
-4.0900196456692912
0
LINE
8
BLACK
6
CONTINUOUS
10
6.1197047637795272
20
-4.0900196456692912
11
6.1223866141732284
21
-4.0908071259842522
0
LINE
8
BLACK
6
CONTINUOUS
10
6.1223866141732284
20
-4.0908071259842522
11
6.1242170472440947
21
-4.0929195275590553
0
LINE
8
BLACK
6
CONTINUOUS
10
6.1242170472440947
20
-4.0929195275590553
11
6.1246653543307081
21
-4.0949802755905509
0
LINE
8
BLACK
6
CONTINUOUS
10
6.1246653543307081
20
-4.0949802755905509
11
6.1246653543307081
21
-4.1050196850393696
0
LINE
8
BLACK
6
CONTINUOUS
10
6.1246653543307081
20
-4.1050196850393696
11
6.123877874015748
21
-4.1077016141732283
0
LINE
8
BLACK
6
CONTINUOUS
10
6.123877874015748
20
-4.1077016141732283
11
6.1217654330708662
21
-4.1095320472440946
0
LINE
8
BLACK
6
CONTINUOUS
10
6.1217654330708662
20
-4.1095320472440946
11
6.1197047244094485
21
-4.1099803149606302
0
LINE
8
BLACK
6
CONTINUOUS
10
6.1197047244094485
20
-4.1099803149606302
11
6.1086195275590551
21
-4.1099803149606302
0
LINE
8
BLACK
6
CONTINUOUS
10
6.1086195275590551
20
-4.1099803149606302
11
6.1086191338582676
21
-4.109980354330709
0
LINE
8
BLACK
6
CONTINUOUS
10
6.1086191338582676
20
-4.109980354330709
11
6.1056968110236216
21
-4.1105616141732284
0
LINE
8
BLACK
6
CONTINUOUS
10
6.1056968110236216
20
-4.1105616141732284
11
6.1023824803149607
21
-4.1127762204724405
0
LINE
8
BLACK
6
CONTINUOUS
10
6.1023824803149607
20
-4.1127762204724405
11
6.1001679527559052
21
-4.1160904330708661
0
LINE
8
BLACK
6
CONTINUOUS
10
6.1001679527559052
20
-4.1160904330708661
11
6.0995866141732282
21
-4.1190129921259846
0
LINE
8
BLACK
6
CONTINUOUS
10
6.0995866141732282
20
-4.1190129921259846
11
6.0995866141732282
21
-4.1809867322834648
0
LINE
8
BLACK
6
CONTINUOUS
10
6.0995866141732282
20
-4.1809867322834648
11
6.099586653543307
21
-4.1809871259842515
0
LINE
8
BLACK
6
CONTINUOUS
10
6.099586653543307
20
-4.1809871259842515
11
6.1001679133858264
21
-4.1839094488188975
0
LINE
8
BLACK
6
CONTINUOUS
10
6.1001679133858264
20
-4.1839094488188975
11
6.1023825196850394
21
-4.1872237795275593
0
LINE
8
BLACK
6
CONTINUOUS
10
6.1023825196850394
20
-4.1872237795275593
11
6.1056967322834641
21
-4.1894383070866139
0
LINE
8
BLACK
6
CONTINUOUS
10
6.1056967322834641
20
-4.1894383070866139
11
6.1056968110236216
21
-4.1894383464566927
0
LINE
8
BLACK
6
CONTINUOUS
10
6.1056968110236216
20
-4.1894383464566927
11
6.1086194094488189
21
-4.1900196850393696
0
LINE
8
BLACK
6
CONTINUOUS
10
6.1086194094488189
20
-4.1900196850393696
11
6.1197047637795272
21
-4.1900196456692909
0
LINE
8
BLACK
6
CONTINUOUS
10
6.1197047637795272
20
-4.1900196456692909
11
6.1223866141732284
21
-4.1908071259842519
0
LINE
8
BLACK
6
CONTINUOUS
10
6.1223866141732284
20
-4.1908071259842519
11
6.1242170472440947
21
-4.1929195275590549
0
LINE
8
BLACK
6
CONTINUOUS
10
6.1242170472440947
20
-4.1929195275590549
11
6.1246653543307081
21
-4.1949802755905514
0
LINE
8
BLACK
6
CONTINUOUS
10
6.1246653543307081
20
-4.1949802755905514
11
6.1246653543307081
21
-4.2535077952755902
0
LINE
8
BLACK
6
CONTINUOUS
10
6.1246653543307081
20
-4.2535077952755902
11
6.123877874015748
21
-4.2561897244094489
0
LINE
8
BLACK
6
CONTINUOUS
10
6.123877874015748
20
-4.2561897244094489
11
6.1232124015748033
21
-4.257015472440945
0
LINE
8
BLACK
6
CONTINUOUS
10
6.1232124015748033
20
-4.257015472440945
11
6.0634092519685039
21
-4.3168186220472444
0
LINE
8
BLACK
6
CONTINUOUS
10
6.0634092519685039
20
-4.3168186220472444
11
6.0609560236220474
21
-4.3181582283464568
0
LINE
8
BLACK
6
CONTINUOUS
10
6.0609560236220474
20
-4.3181582283464568
11
6.0581680314960629
21
-4.3179588188976377
0
LINE
8
BLACK
6
CONTINUOUS
10
6.0581680314960629
20
-4.3179588188976377
11
6.0559303937007876
21
-4.3162837401574805
0
LINE
8
BLACK
6
CONTINUOUS
10
6.0559303937007876
20
-4.3162837401574805
11
6.0549535826771654
21
-4.3136648425196853
0
LINE
8
BLACK
6
CONTINUOUS
10
6.0549535826771654
20
-4.3136648425196853
11
6.0549409448818894
21
-4.3133109448818896
0
LINE
8
BLACK
6
CONTINUOUS
10
6.0549409448818894
20
-4.3133109448818896
11
6.0549409448818894
21
-4.1949802755905514
0
LINE
8
BLACK
6
CONTINUOUS
10
6.0549409448818894
20
-4.1949802755905514
11
6.0557284251968504
21
-4.1922983464566927
0
LINE
8
BLACK
6
CONTINUOUS
10
6.0557284251968504
20
-4.1922983464566927
11
6.0578408661417322
21
-4.1904679133858265
0
LINE
8
BLACK
6
CONTINUOUS
10
6.0578408661417322
20
-4.1904679133858265
11
6.0599015748031491
21
-4.1900196456692909
0
LINE
8
BLACK
6
CONTINUOUS
10
6.0599015748031491
20
-4.1900196456692909
11
6.0701993700787398
21
-4.1900196456692909
0
LINE
8
BLACK
6
CONTINUOUS
10
6.0701993700787398
20
-4.1900196456692909
11
6.0701994488188973
21
-4.1900196456692909
0
LINE
8
BLACK
6
CONTINUOUS
10
6.0701994488188973
20
-4.1900196456692909
11
6.0701995669291335
21
-4.1900196062992121
0
LINE
8
BLACK
6
CONTINUOUS
10
6.0701995669291335
20
-4.1900196062992121
11
6.0701996850393698
21
-4.1900196062992121
0
LINE
8
BLACK
6
CONTINUOUS
10
6.0701996850393698
20
-4.1900196062992121
11
6.0723770078740156
21
-4.1895865354330706
0
LINE
8
BLACK
6
CONTINUOUS
10
6.0723770078740156
20
-4.1895865354330706
11
6.0731220866141733
21
-4.1894383464566927
0
LINE
8
BLACK
6
CONTINUOUS
10
6.0731220866141733
20
-4.1894383464566927
11
6.0764363779527555
21
-4.1872237795275593
0
LINE
8
BLACK
6
CONTINUOUS
10
6.0764363779527555
20
-4.1872237795275593
11
6.0786509448818897
21
-4.1839094881889762
0
LINE
8
BLACK
6
CONTINUOUS
10
6.0786509448818897
20
-4.1839094881889762
11
6.0792322834645667
21
-4.1809868897637799
0
LINE
8
BLACK
6
CONTINUOUS
10
6.0792322834645667
20
-4.1809868897637799
11
6.0792322440944879
21
-4.1190131496062987
0
LINE
8
BLACK
6
CONTINUOUS
10
6.0792322440944879
20
-4.1190131496062987
11
6.0792322047244092
21
-4.1190129921259846
0
LINE
8
BLACK
6
CONTINUOUS
10
6.0792322047244092
20
-4.1190129921259846
11
6.0792322047244092
21
-4.1190128346456696
0
LINE
8
BLACK
6
CONTINUOUS
10
6.0792322047244092
20
-4.1190128346456696
11
6.0786509448818897
21
-4.1160905118110236
0
LINE
8
BLACK
6
CONTINUOUS
10
6.0786509448818897
20
-4.1160905118110236
11
6.0764363385826767
21
-4.1127761811023618
0
LINE
8
BLACK
6
CONTINUOUS
10
6.0764363385826767
20
-4.1127761811023618
11
6.0731221259842521
21
-4.1105616535433072
0
LINE
8
BLACK
6
CONTINUOUS
10
6.0731221259842521
20
-4.1105616535433072
11
6.0701995669291335
21
-4.1099803149606302
0
LINE
8
BLACK
6
CONTINUOUS
10
6.0701995669291335
20
-4.1099803149606302
11
6.070199488188976
21
-4.1099803149606302
0
LINE
8
BLACK
6
CONTINUOUS
10
6.070199488188976
20
-4.1099803149606302
11
6.0591141732283464
21
-4.1099803149606302
0
LINE
8
BLACK
6
CONTINUOUS
10
6.0591141732283464
20
-4.1099803149606302
11
6.0564322440944878
21
-4.1091928346456692
0
LINE
8
BLACK
6
CONTINUOUS
10
6.0564322440944878
20
-4.1091928346456692
11
6.0546018110236215
21
-4.1070803937007874
0
LINE
8
BLACK
6
CONTINUOUS
10
6.0546018110236215
20
-4.1070803937007874
11
6.0541535433070868
21
-4.1050196850393696
0
LINE
8
BLACK
6
CONTINUOUS
10
6.0541535433070868
20
-4.1050196850393696
11
6.0541535433070868
21
-4.0949802755905509
0
LINE
8
BLACK
6
CONTINUOUS
10
6.0541535433070868
20
-4.0949802755905509
11
6.0549410236220469
21
-4.0922983464566931
0
LINE
8
BLACK
6
CONTINUOUS
10
6.0549410236220469
20
-4.0922983464566931
11
6.0570534645669287
21
-4.0904679133858268
0
LINE
8
BLACK
6
CONTINUOUS
10
6.0570534645669287
20
-4.0904679133858268
11
6.0591141732283464
21
-4.0900196456692912
0
LINE
8
BLACK
6
CONTINUOUS
10
6.0591141732283464
20
-4.0900196456692912
11
6.0701993700787398
21
-4.0900196456692912
0
LINE
8
BLACK
6
CONTINUOUS
10
6.0701993700787398
20
-4.0900196456692912
11
6.0701994488188973
21
-4.0900196456692912
0
LINE
8
BLACK
6
CONTINUOUS
10
6.0701994488188973
20
-4.0900196456692912
11
6.0701995669291335
21
-4.0900196062992125
0
LINE
8
BLACK
6
CONTINUOUS
10
6.0701995669291335
20
-4.0900196062992125
11
6.0701996850393698
21
-4.0900196062992125
0
LINE
8
BLACK
6
CONTINUOUS
10
6.0701996850393698
20
-4.0900196062992125
11
6.0718888976377947
21
-4.0896836220472439
0
LINE
8
BLACK
6
CONTINUOUS
10
6.0718888976377947
20
-4.0896836220472439
11
6.0731220866141733
21
-4.089438346456693
0
LINE
8
BLACK
6
CONTINUOUS
10
6.0731220866141733
20
-4.089438346456693
11
6.0764363779527555
21
-4.0872237795275588
0
LINE
8
BLACK
6
CONTINUOUS
10
6.0764363779527555
20
-4.0872237795275588
11
6.0786509448818897
21
-4.0839094881889766
0
LINE
8
BLACK
6
CONTINUOUS
10
6.0786509448818897
20
-4.0839094881889766
11
6.0792322834645667
21
-4.0809868897637793
0
LINE
8
BLACK
6
CONTINUOUS
10
6.0792322834645667
20
-4.0809868897637793
11
6.0792322440944879
21
-4.0190131496062991
0
LINE
8
BLACK
6
CONTINUOUS
10
6.0792322440944879
20
-4.0190131496062991
11
6.0792322047244092
21
-4.0190129921259841
0
LINE
8
BLACK
6
CONTINUOUS
10
6.0792322047244092
20
-4.0190129921259841
11
6.0792322047244092
21
-4.0190128346456691
0
LINE
8
BLACK
6
CONTINUOUS
10
6.0792322047244092
20
-4.0190128346456691
11
6.0786509448818897
21
-4.0160905118110239
0
LINE
8
BLACK
6
CONTINUOUS
10
6.0786509448818897
20
-4.0160905118110239
11
6.0764363385826767
21
-4.0127761811023621
0
LINE
8
BLACK
6
CONTINUOUS
10
6.0764363385826767
20
-4.0127761811023621
11
6.0731221259842521
21
-4.0105616535433066
0
LINE
8
BLACK
6
CONTINUOUS
10
6.0731221259842521
20
-4.0105616535433066
11
6.070199488188976
21
-4.0099803149606297
0
LINE
8
BLACK
6
CONTINUOUS
10
6.070199488188976
20
-4.0099803149606297
11
6.0082258267716533
21
-4.0099803149606297
0
LINE
8
BLACK
6
CONTINUOUS
10
6.0082258267716533
20
-4.0099803149606297
11
6.0082254330708658
21
-4.0099803543307084
0
LINE
8
BLACK
6
CONTINUOUS
10
6.0082254330708658
20
-4.0099803543307084
11
6.0053031102362207
21
-4.0105616141732279
0
LINE
8
BLACK
6
CONTINUOUS
10
6.0053031102362207
20
-4.0105616141732279
11
6.0019887795275588
21
-4.0127762204724409
0
LINE
8
BLACK
6
CONTINUOUS
10
6.0019887795275588
20
-4.0127762204724409
11
5.9997742519685042
21
-4.0160904330708664
0
LINE
8
BLACK
6
CONTINUOUS
10
5.9997742519685042
20
-4.0160904330708664
11
5.9991929133858264
21
-4.0190129921259841
0
LINE
8
BLACK
6
CONTINUOUS
10
5.9991929133858264
20
-4.0190129921259841
11
5.9991929133858264
21
-4.0809867322834643
0
LINE
8
BLACK
6
CONTINUOUS
10
5.9991929133858264
20
-4.0809867322834643
11
5.9991929527559051
21
-4.0809871259842518
0
LINE
8
BLACK
6
CONTINUOUS
10
5.9991929527559051
20
-4.0809871259842518
11
5.9997742125984255
21
-4.0839094488188978
0
LINE
8
BLACK
6
CONTINUOUS
10
5.9997742125984255
20
-4.0839094488188978
11
6.0019888188976376
21
-4.0872237795275588
0
LINE
8
BLACK
6
CONTINUOUS
10
6.0019888188976376
20
-4.0872237795275588
11
6.0053030314960631
21
-4.0894383070866143
0
LINE
8
BLACK
6
CONTINUOUS
10
6.0053030314960631
20
-4.0894383070866143
11
6.0053031102362207
21
-4.089438346456693
0
LINE
8
BLACK
6
CONTINUOUS
10
6.0053031102362207
20
-4.089438346456693
11
6.008225708661417
21
-4.09001968503937
0
LINE
8
BLACK
6
CONTINUOUS
10
6.008225708661417
20
-4.09001968503937
11
6.0193110629921263
21
-4.0900196456692912
0
LINE
8
BLACK
6
CONTINUOUS
10
6.0193110629921263
20
-4.0900196456692912
11
6.0219929133858265
21
-4.0908071259842522
0
LINE
8
BLACK
6
CONTINUOUS
10
6.0219929133858265
20
-4.0908071259842522
11
6.0238233464566928
21
-4.0929195275590553
0
LINE
8
BLACK
6
CONTINUOUS
10
6.0238233464566928
20
-4.0929195275590553
11
6.0242716535433072
21
-4.0949802755905509
0
LINE
8
BLACK
6
CONTINUOUS
10
6.0242716535433072
20
-4.0949802755905509
11
6.0242716535433072
21
-4.1050196850393696
0
LINE
8
BLACK
6
CONTINUOUS
10
6.0242716535433072
20
-4.1050196850393696
11
6.0234841732283462
21
-4.1077016141732283
0
LINE
8
BLACK
6
CONTINUOUS
10
6.0234841732283462
20
-4.1077016141732283
11
6.0213717322834643
21
-4.1095320472440946
0
LINE
8
BLACK
6
CONTINUOUS
10
6.0213717322834643
20
-4.1095320472440946
11
6.0193110236220475
21
-4.1099803149606302
0
LINE
8
BLACK
6
CONTINUOUS
10
6.0193110236220475
20
-4.1099803149606302
11
6.0082258267716533
21
-4.1099803149606302
0
LINE
8
BLACK
6
CONTINUOUS
10
6.0082258267716533
20
-4.1099803149606302
11
6.0082254330708658
21
-4.109980354330709
0
LINE
8
BLACK
6
CONTINUOUS
10
6.0082254330708658
20
-4.109980354330709
11
6.0053031102362207
21
-4.1105616141732284
0
LINE
8
BLACK
6
CONTINUOUS
10
6.0053031102362207
20
-4.1105616141732284
11
6.0019887795275588
21
-4.1127762204724405
0
LINE
8
BLACK
6
CONTINUOUS
10
6.0019887795275588
20
-4.1127762204724405
11
5.9997742519685042
21
-4.1160904330708661
0
LINE
8
BLACK
6
CONTINUOUS
10
5.9997742519685042
20
-4.1160904330708661
11
5.9991929133858264
21
-4.1190129921259846
0
LINE
8
BLACK
6
CONTINUOUS
10
5.9991929133858264
20
-4.1190129921259846
11
5.9991929133858264
21
-4.1809867322834648
0
LINE
8
BLACK
6
CONTINUOUS
10
5.9991929133858264
20
-4.1809867322834648
11
5.9991929527559051
21
-4.1809871259842515
0
LINE
8
BLACK
6
CONTINUOUS
10
5.9991929527559051
20
-4.1809871259842515
11
5.9997742125984255
21
-4.1839094488188975
0
LINE
8
BLACK
6
CONTINUOUS
10
5.9997742125984255
20
-4.1839094488188975
11
6.0019888188976376
21
-4.1872237795275593
0
LINE
8
BLACK
6
CONTINUOUS
10
6.0019888188976376
20
-4.1872237795275593
11
6.0053030314960631
21
-4.1894383070866139
0
LINE
8
BLACK
6
CONTINUOUS
10
6.0053030314960631
20
-4.1894383070866139
11
6.0053031102362207
21
-4.1894383464566927
0
LINE
8
BLACK
6
CONTINUOUS
10
6.0053031102362207
20
-4.1894383464566927
11
6.008225708661417
21
-4.1900196850393696
0
LINE
8
BLACK
6
CONTINUOUS
10
6.008225708661417
20
-4.1900196850393696
11
6.0200984645669289
21
-4.1900196456692909
0
LINE
8
BLACK
6
CONTINUOUS
10
6.0200984645669289
20
-4.1900196456692909
11
6.02278031496063
21
-4.1908071259842519
0
LINE
8
BLACK
6
CONTINUOUS
10
6.02278031496063
20
-4.1908071259842519
11
6.0246107480314963
21
-4.1929195275590549
0
LINE
8
BLACK
6
CONTINUOUS
10
6.0246107480314963
20
-4.1929195275590549
11
6.0250590551181098
21
-4.1949802755905514
0
LINE
8
BLACK
6
CONTINUOUS
10
6.0250590551181098
20
-4.1949802755905514
11
6.0250590551181098
21
-4.3252740944881891
0
LINE
8
BLACK
6
CONTINUOUS
10
6.0250590551181098
20
-4.3252740944881891
11
6.0242715748031497
21
-4.3279560236220469
0
LINE
8
BLACK
6
CONTINUOUS
10
6.0242715748031497
20
-4.3279560236220469
11
6.023606102362205
21
-4.3287817716535431
0
LINE
8
BLACK
6
CONTINUOUS
10
6.023606102362205
20
-4.3287817716535431
11
6.0087817716535428
21
-4.3436061023622043
0
LINE
8
BLACK
6
CONTINUOUS
10
6.0087817716535428
20
-4.3436061023622043
11
6.0063285433070863
21
-4.3449457086614176
0
LINE
8
BLACK
6
CONTINUOUS
10
6.0063285433070863
20
-4.3449457086614176
11
6.0052740944881888
21
-4.3450590551181101
0
LINE
8
BLACK
6
CONTINUOUS
10
6.0052740944881888
20
-4.3450590551181101
11
5.9222714960629919
21
-4.3450590551181101
0
LINE
8
BLACK
6
CONTINUOUS
10
5.9222714960629919
20
-4.3450590551181101
11
5.9222708661417318
21
-4.3450590157480313
0
LINE
8
BLACK
6
CONTINUOUS
10
5.9222708661417318
20
-4.3450590157480313
11
5.9219670078740156
21
-4.3450590157480313
0
LINE
8
BLACK
6
CONTINUOUS
10
5.9219670078740156
20
-4.3450590157480313
11
5.9180329921259842
21
-4.3450590157480313
0
LINE
8
BLACK
6
CONTINUOUS
10
5.9180329921259842
20
-4.3450590157480313
11
5.9180328346456692
21
-4.3450590157480313
0
LINE
8
BLACK
6
CONTINUOUS
10
5.9180328346456692
20
-4.3450590157480313
11
5.9142330708661417
21
-4.3460771653543304
0
LINE
8
BLACK
6
CONTINUOUS
10
5.9142330708661417
20
-4.3460771653543304
11
5.9112415748031495
21
-4.3478043307086613
0
LINE
8
BLACK
6
CONTINUOUS
10
5.9112415748031495
20
-4.3478043307086613
11
5.9110345669291338
21
-4.3479238582677162
0
LINE
8
BLACK
6
CONTINUOUS
10
5.9110345669291338
20
-4.3479238582677162
11
5.9108260629921254
21
-4.3480442125984249
0
LINE
8
BLACK
6
CONTINUOUS
10
5.9108260629921254
20
-4.3480442125984249
11
5.9108259055118113
21
-4.3480443307086611
0
LINE
8
BLACK
6
CONTINUOUS
10
5.9108259055118113
20
-4.3480443307086611
11
5.9036830314960627
21
-4.3551872440944877
0
LINE
8
BLACK
6
CONTINUOUS
10
5.9036830314960627
20
-4.3551872440944877
11
5.8688527952755907
21
-4.3900175196850393
0
LINE
8
BLACK
6
CONTINUOUS
10
5.8688527952755907
20
-4.3900175196850393
11
5.7970734251968503
21
-4.4617968897637796
0
LINE
8
BLACK
6
CONTINUOUS
10
5.7970734251968503
20
-4.4617968897637796
11
5.7946201968503939
21
-4.463136496062992
0
LINE
8
BLACK
6
CONTINUOUS
10
5.7946201968503939
20
-4.463136496062992
11
5.7935657480314955
21
-4.4632498425196854
0
LINE
8
BLACK
6
CONTINUOUS
10
5.7935657480314955
20
-4.4632498425196854
11
5.7683883070866138
21
-4.4632498425196854
0
LINE
8
BLACK
6
CONTINUOUS
10
5.7683883070866138
20
-4.4632498425196854
11
5.765706377952756
21
-4.4624623622047244
0
LINE
8
BLACK
6
CONTINUOUS
10
5.765706377952756
20
-4.4624623622047244
11
5.7653684645669294
21
-4.4622247244094488
0
LINE
8
BLACK
6
CONTINUOUS
10
5.7653684645669294
20
-4.4622247244094488
11
5.7613247637795277
21
-4.4591218503937009
0
LINE
8
BLACK
6
CONTINUOUS
10
5.7613247637795277
20
-4.4591218503937009
11
5.7613244488188977
21
-4.4591216535433071
0
LINE
8
BLACK
6
CONTINUOUS
10
5.7613244488188977
20
-4.4591216535433071
11
5.7560138582677167
21
-4.4569219291338582
0
LINE
8
BLACK
6
CONTINUOUS
10
5.7560138582677167
20
-4.4569219291338582
11
5.7503149606299209
21
-4.4561716929133857
0
LINE
8
BLACK
6
CONTINUOUS
10
5.7503149606299209
20
-4.4561716929133857
11
5.7446160236220472
21
-4.4569219291338582
0
LINE
8
BLACK
6
CONTINUOUS
10
5.7446160236220472
20
-4.4569219291338582
11
5.7420449606299213
21
-4.4579869291338579
0
LINE
8
BLACK
6
CONTINUOUS
10
5.7420449606299213
20
-4.4579869291338579
11
5.7393054330708662
21
-4.4591216929133859
0
LINE
8
BLACK
6
CONTINUOUS
10
5.7393054330708662
20
-4.4591216929133859
11
5.7393053937007874
21
-4.4591217322834646
0
LINE
8
BLACK
6
CONTINUOUS
10
5.7393053937007874
20
-4.4591217322834646
11
5.7393053543307087
21
-4.4591217322834646
0
LINE
8
BLACK
6
CONTINUOUS
10
5.7393053543307087
20
-4.4591217322834646
11
5.7347451181102365
21
-4.4626209448818894
0
LINE
8
BLACK
6
CONTINUOUS
10
5.7347451181102365
20
-4.4626209448818894
11
5.7312459055118108
21
-4.4671811811023625
0
LINE
8
BLACK
6
CONTINUOUS
10
5.7312459055118108
20
-4.4671811811023625
11
5.731245866141732
21
-4.46718125984252
0
LINE
8
BLACK
6
CONTINUOUS
10
5.731245866141732
20
-4.46718125984252
11
5.7302403543307081
21
-4.469608779527559
0
LINE
8
BLACK
6
CONTINUOUS
10
5.7302403543307081
20
-4.469608779527559
11
5.7290461023622044
21
-4.472491850393701
0
LINE
8
BLACK
6
CONTINUOUS
10
5.7290461023622044
20
-4.472491850393701
11
5.7282958661417318
21
-4.478190748031496
0
LINE
8
BLACK
6
CONTINUOUS
10
5.7282958661417318
20
-4.478190748031496
11
5.7282958661417318
21
-4.4781907874015747
0
LINE
8
BLACK
6
CONTINUOUS
10
5.7282958661417318
20
-4.4781907874015747
11
5.7290461023622044
21
-4.4838896850393697
0
LINE
8
BLACK
6
CONTINUOUS
10
5.7290461023622044
20
-4.4838896850393697
11
5.7312458267716533
21
-4.4892002755905507
0
LINE
8
BLACK
6
CONTINUOUS
10
5.7312458267716533
20
-4.4892002755905507
11
5.731246023622047
21
-4.4892005905511807
0
LINE
8
BLACK
6
CONTINUOUS
10
5.731246023622047
20
-4.4892005905511807
11
5.7347450787401577
21
-4.49376062992126
0
LINE
8
BLACK
6
CONTINUOUS
10
5.7347450787401577
20
-4.49376062992126
11
5.7380640944881884
21
-4.4963074015748035
0
LINE
8
BLACK
6
CONTINUOUS
10
5.7380640944881884
20
-4.4963074015748035
11
5.7393053937007874
21
-4.4972598818897636
0
LINE
8
BLACK
6
CONTINUOUS
10
5.7393053937007874
20
-4.4972598818897636
11
5.7446159842519684
21
-4.4994596062992125
0
LINE
8
BLACK
6
CONTINUOUS
10
5.7446159842519684
20
-4.4994596062992125
11
5.7503149606299209
21
-4.5002098818897638
0
LINE
8
BLACK
6
CONTINUOUS
10
5.7503149606299209
20
-4.5002098818897638
11
5.7560139370078742
21
-4.4994596062992125
0
LINE
8
BLACK
6
CONTINUOUS
10
5.7560139370078742
20
-4.4994596062992125
11
5.7613245275590552
21
-4.4972598818897636
0
LINE
8
BLACK
6
CONTINUOUS
10
5.7613245275590552
20
-4.4972598818897636
11
5.7644020078740157
21
-4.4948984251968502
0
LINE
8
BLACK
6
CONTINUOUS
10
5.7644020078740157
20
-4.4948984251968502
11
5.7653684645669294
21
-4.4941568503937006
0
LINE
8
BLACK
6
CONTINUOUS
10
5.7653684645669294
20
-4.4941568503937006
11
5.7679755511811024
21
-4.4931489370078737
0
LINE
8
BLACK
6
CONTINUOUS
10
5.7679755511811024
20
-4.4931489370078737
11
5.7683883070866138
21
-4.4931317322834641
0
LINE
8
BLACK
6
CONTINUOUS
10
5.7683883070866138
20
-4.4931317322834641
11
5.7995377165354327
21
-4.4931317322834641
0
LINE
8
BLACK
6
CONTINUOUS
10
5.7995377165354327
20
-4.4931317322834641
11
5.7995383464566928
21
-4.4931317716535428
0
LINE
8
BLACK
6
CONTINUOUS
10
5.7995383464566928
20
-4.4931317716535428
11
5.8037401574803145
21
-4.4931317716535428
0
LINE
8
BLACK
6
CONTINUOUS
10
5.8037401574803145
20
-4.4931317716535428
11
5.8064220866141731
21
-4.4939192519685038
0
LINE
8
BLACK
6
CONTINUOUS
10
5.8064220866141731
20
-4.4939192519685038
11
5.8082525196850394
21
-4.4960316929133857
0
LINE
8
BLACK
6
CONTINUOUS
10
5.8082525196850394
20
-4.4960316929133857
11
5.808700787401575
21
-4.4980924015748034
0
LINE
8
BLACK
6
CONTINUOUS
10
5.808700787401575
20
-4.4980924015748034
11
5.808700787401575
21
-4.5636698425196851
0
LINE
8
BLACK
6
CONTINUOUS
10
5.808700787401575
20
-4.5636698425196851
11
5.807913307086614
21
-4.5663517716535429
0
LINE
8
BLACK
6
CONTINUOUS
10
5.807913307086614
20
-4.5663517716535429
11
5.8058366535433068
21
-4.5681656692913384
0
LINE
8
BLACK
6
CONTINUOUS
10
5.8058366535433068
20
-4.5681656692913384
11
5.8025933070866138
21
-4.569678070866142
0
LINE
8
BLACK
6
CONTINUOUS
10
5.8025933070866138
20
-4.569678070866142
11
5.8025931889763775
21
-4.5696781496062995
0
LINE
8
BLACK
6
CONTINUOUS
10
5.8025931889763775
20
-4.5696781496062995
11
5.7994812598425192
21
-4.572790078740157
0
LINE
8
BLACK
6
CONTINUOUS
10
5.7994812598425192
20
-4.572790078740157
11
5.7976211417322832
21
-4.5767791338582677
0
LINE
8
BLACK
6
CONTINUOUS
10
5.7976211417322832
20
-4.5767791338582677
11
5.7973818897637797
21
-4.5785964960629917
0
LINE
8
BLACK
6
CONTINUOUS
10
5.7973818897637797
20
-4.5785964960629917
11
5.7973818897637797
21
-4.5816732283464567
0
LINE
8
BLACK
6
CONTINUOUS
10
5.7973818897637797
20
-4.5816732283464567
11
5.7965944094488187
21
-4.5843551574803145
0
LINE
8
BLACK
6
CONTINUOUS
10
5.7965944094488187
20
-4.5843551574803145
11
5.7944819685039368
21
-4.5861855905511808
0
LINE
8
BLACK
6
CONTINUOUS
10
5.7944819685039368
20
-4.5861855905511808
11
5.79242125984252
21
-4.5866338582677164
0
LINE
8
BLACK
6
CONTINUOUS
10
5.79242125984252
20
-4.5866338582677164
11
5.7424599999999995
21
-4.5866338582677164
0
LINE
8
BLACK
6
CONTINUOUS
10
5.7424599999999995
20
-4.5866338582677164
11
5.7397780708661417
21
-4.5858463779527554
0
LINE
8
BLACK
6
CONTINUOUS
10
5.7397780708661417
20
-4.5858463779527554
11
5.7379476377952754
21
-4.5837339370078736
0
LINE
8
BLACK
6
CONTINUOUS
10
5.7379476377952754
20
-4.5837339370078736
11
5.7378124409448814
21
-4.5834075984251967
0
LINE
8
BLACK
6
CONTINUOUS
10
5.7378124409448814
20
-4.5834075984251967
11
5.7374707874015742
21
-4.5824915354330704
0
LINE
8
BLACK
6
CONTINUOUS
10
5.7374707874015742
20
-4.5824915354330704
11
5.7374707086614176
21
-4.5824914566929129
0
LINE
8
BLACK
6
CONTINUOUS
10
5.7374707086614176
20
-4.5824914566929129
11
5.7374707086614176
21
-4.5824913779527554
0
LINE
8
BLACK
6
CONTINUOUS
10
5.7374707086614176
20
-4.5824913779527554
11
5.7341328346456688
21
-4.5780324803149606
0
LINE
8
BLACK
6
CONTINUOUS
10
5.7341328346456688
20
-4.5780324803149606
11
5.729673937007874
21
-4.5746946456692914
0
LINE
8
BLACK
6
CONTINUOUS
10
5.729673937007874
20
-4.5746946456692914
11
5.729673779527559
21
-4.5746945275590551
0
LINE
8
BLACK
6
CONTINUOUS
10
5.729673779527559
20
-4.5746945275590551
11
5.7244551181102361
21
-4.5727480314960625
0
LINE
8
BLACK
6
CONTINUOUS
10
5.7244551181102361
20
-4.5727480314960625
11
5.7244548031496061
21
-4.5727479527559058
0
LINE
8
BLACK
6
CONTINUOUS
10
5.7244548031496061
20
-4.5727479527559058
11
5.7221480314960624
21
-4.5724999999999998
0
LINE
8
BLACK
6
CONTINUOUS
10
5.7221480314960624
20
-4.5724999999999998
11
5.6997421653543308
21
-4.5724999999999998
0
LINE
8
BLACK
6
CONTINUOUS
10
5.6997421653543308
20
-4.5724999999999998
11
5.6997412204724407
21
-4.5725000787401573
0
LINE
8
BLACK
6
CONTINUOUS
10
5.6997412204724407
20
-4.5725000787401573
11
5.6974349606299208
21
-4.5727479527559058
0
LINE
8
BLACK
6
CONTINUOUS
10
5.6974349606299208
20
-4.5727479527559058
11
5.6922157480314963
21
-4.5746946456692914
0
LINE
8
BLACK
6
CONTINUOUS
10
5.6922157480314963
20
-4.5746946456692914
11
5.6877568897637794
21
-4.5780324803149606
0
LINE
8
BLACK
6
CONTINUOUS
10
5.6877568897637794
20
-4.5780324803149606
11
5.6844190551181102
21
-4.5824913779527554
0
LINE
8
BLACK
6
CONTINUOUS
10
5.6844190551181102
20
-4.5824913779527554
11
5.6844189763779527
21
-4.5824914960629917
0
LINE
8
BLACK
6
CONTINUOUS
10
5.6844189763779527
20
-4.5824914960629917
11
5.6840966535433068
21
-4.5833557086614176
0
LINE
8
BLACK
6
CONTINUOUS
10
5.6840966535433068
20
-4.5833557086614176
11
5.6824215748031497
21
-4.5855933070866142
0
LINE
8
BLACK
6
CONTINUOUS
10
5.6824215748031497
20
-4.5855933070866142
11
5.6798026377952757
21
-4.5865700787401575
0
LINE
8
BLACK
6
CONTINUOUS
10
5.6798026377952757
20
-4.5865700787401575
11
5.677071377952756
21
-4.5859759055118108
0
LINE
8
BLACK
6
CONTINUOUS
10
5.677071377952756
20
-4.5859759055118108
11
5.675094960629921
21
-4.5839994094488192
0
LINE
8
BLACK
6
CONTINUOUS
10
5.675094960629921
20
-4.5839994094488192
11
5.6748009842519682
21
-4.5833557086614176
0
LINE
8
BLACK
6
CONTINUOUS
10
5.6748009842519682
20
-4.5833557086614176
11
5.6744818110236217
21
-4.5824999999999996
0
LINE
8
BLACK
6
CONTINUOUS
10
5.6744818110236217
20
-4.5824999999999996
11
5.6744786614173224
21
-4.5824915354330704
0
LINE
8
BLACK
6
CONTINUOUS
10
5.6744786614173224
20
-4.5824915354330704
11
5.6738955511811024
21
-4.581712598425197
0
LINE
8
BLACK
6
CONTINUOUS
10
5.6738955511811024
20
-4.581712598425197
11
5.671140708661417
21
-4.5780324803149606
0
LINE
8
BLACK
6
CONTINUOUS
10
5.671140708661417
20
-4.5780324803149606
11
5.6666818110236221
21
-4.5746946456692914
0
LINE
8
BLACK
6
CONTINUOUS
10
5.6666818110236221
20
-4.5746946456692914
11
5.6666816535433071
21
-4.5746945275590551
0
LINE
8
BLACK
6
CONTINUOUS
10
5.6666816535433071
20
-4.5746945275590551
11
5.6614629921259843
21
-4.5727480314960625
0
LINE
8
BLACK
6
CONTINUOUS
10
5.6614629921259843
20
-4.5727480314960625
11
5.6614626771653542
21
-4.5727479527559058
0
LINE
8
BLACK
6
CONTINUOUS
10
5.6614626771653542
20
-4.5727479527559058
11
5.6591559055118106
21
-4.5724999999999998
0
LINE
8
BLACK
6
CONTINUOUS
10
5.6591559055118106
20
-4.5724999999999998
11
5.6367500393700789
21
-4.5724999999999998
0
LINE
8
BLACK
6
CONTINUOUS
10
5.6367500393700789
20
-4.5724999999999998
11
5.6367490944881888
21
-4.5725000787401573
0
LINE
8
BLACK
6
CONTINUOUS
10
5.6367490944881888
20
-4.5725000787401573
11
5.634442834645669
21
-4.5727479527559058
0
LINE
8
BLACK
6
CONTINUOUS
10
5.634442834645669
20
-4.5727479527559058
11
5.6292236220472436
21
-4.5746946456692914
0
LINE
8
BLACK
6
CONTINUOUS
10
5.6292236220472436
20
-4.5746946456692914
11
5.6247647637795275
21
-4.5780324803149606
0
LINE
8
BLACK
6
CONTINUOUS
10
5.6247647637795275
20
-4.5780324803149606
11
5.6222896456692908
21
-4.5813389370078736
0
LINE
8
BLACK
6
CONTINUOUS
10
5.6222896456692908
20
-4.5813389370078736
11
5.6200520472440942
21
-4.5830140157480317
0
LINE
8
BLACK
6
CONTINUOUS
10
5.6200520472440942
20
-4.5830140157480317
11
5.6183184645669293
21
-4.5833267716535433
0
LINE
8
BLACK
6
CONTINUOUS
10
5.6183184645669293
20
-4.5833267716535433
11
5.5749803149606301
21
-4.5833267716535433
0
LINE
8
BLACK
6
CONTINUOUS
10
5.5749803149606301
20
-4.5833267716535433
11
5.5722983858267714
21
-4.5825392913385823
0
LINE
8
BLACK
6
CONTINUOUS
10
5.5722983858267714
20
-4.5825392913385823
11
5.5704679527559051
21
-4.5804268503937005
0
LINE
8
BLACK
6
CONTINUOUS
10
5.5704679527559051
20
-4.5804268503937005
11
5.5700196850393704
21
-4.5783661417322836
0
LINE
8
BLACK
6
CONTINUOUS
10
5.5700196850393704
20
-4.5783661417322836
11
5.5700196456692916
21
-4.5490132283464568
0
LINE
8
BLACK
6
CONTINUOUS
10
5.5700196456692916
20
-4.5490132283464568
11
5.5700196062992129
21
-4.5490128346456693
0
LINE
8
BLACK
6
CONTINUOUS
10
5.5700196062992129
20
-4.5490128346456693
11
5.5694383464566926
21
-4.5460905118110233
0
LINE
8
BLACK
6
CONTINUOUS
10
5.5694383464566926
20
-4.5460905118110233
11
5.5689601181102359
21
-4.5453748031496062
0
LINE
8
BLACK
6
CONTINUOUS
10
5.5689601181102359
20
-4.5453748031496062
11
5.5672237795275592
21
-4.5427762204724411
0
LINE
8
BLACK
6
CONTINUOUS
10
5.5672237795275592
20
-4.5427762204724411
11
5.5666869685039373
21
-4.5424175196850394
0
LINE
8
BLACK
6
CONTINUOUS
10
5.5666869685039373
20
-4.5424175196850394
11
5.5639095275590549
21
-4.5405616535433069
0
LINE
8
BLACK
6
CONTINUOUS
10
5.5639095275590549
20
-4.5405616535433069
11
5.5609868897637798
21
-4.5399803149606299
0
LINE
8
BLACK
6
CONTINUOUS
10
5.5609868897637798
20
-4.5399803149606299
11
5.499013228346457
21
-4.5399803149606299
0
LINE
8
BLACK
6
CONTINUOUS
10
5.499013228346457
20
-4.5399803149606299
11
5.4990128346456695
21
-4.5399803543307087
0
LINE
8
BLACK
6
CONTINUOUS
10
5.4990128346456695
20
-4.5399803543307087
11
5.4960905118110235
21
-4.5405616141732281
0
LINE
8
BLACK
6
CONTINUOUS
10
5.4960905118110235
20
-4.5405616141732281
11
5.4927761811023617
21
-4.5427762204724411
0
LINE
8
BLACK
6
CONTINUOUS
10
5.4927761811023617
20
-4.5427762204724411
11
5.4905616535433071
21
-4.5460904330708658
0
LINE
8
BLACK
6
CONTINUOUS
10
5.4905616535433071
20
-4.5460904330708658
11
5.4899803149606301
21
-4.5490129921259843
0
LINE
8
BLACK
6
CONTINUOUS
10
5.4899803149606301
20
-4.5490129921259843
11
5.4899803149606301
21
-4.5551771653543307
0
LINE
8
BLACK
6
CONTINUOUS
10
5.4899803149606301
20
-4.5551771653543307
11
5.4891928346456691
21
-4.5578590944881885
0
LINE
8
BLACK
6
CONTINUOUS
10
5.4891928346456691
20
-4.5578590944881885
11
5.4870803937007873
21
-4.5596895275590548
0
LINE
8
BLACK
6
CONTINUOUS
10
5.4870803937007873
20
-4.5596895275590548
11
5.4850196850393695
21
-4.5601377952755904
0
LINE
8
BLACK
6
CONTINUOUS
10
5.4850196850393695
20
-4.5601377952755904
11
5.4749802755905508
21
-4.5601377952755904
0
LINE
8
BLACK
6
CONTINUOUS
10
5.4749802755905508
20
-4.5601377952755904
11
5.472298346456693
21
-4.5593503149606303
0
LINE
8
BLACK
6
CONTINUOUS
10
5.472298346456693
20
-4.5593503149606303
11
5.4704679133858267
21
-4.5572378740157475
0
LINE
8
BLACK
6
CONTINUOUS
10
5.4704679133858267
20
-4.5572378740157475
11
5.4700196456692911
21
-4.5551771653543307
0
LINE
8
BLACK
6
CONTINUOUS
10
5.4700196456692911
20
-4.5551771653543307
11
5.4700196456692911
21
-4.5490132283464568
0
LINE
8
BLACK
6
CONTINUOUS
10
5.4700196456692911
20
-4.5490132283464568
11
5.4700196062992124
21
-4.5490128740157481
0
LINE
8
BLACK
6
CONTINUOUS
10
5.4700196062992124
20
-4.5490128740157481
11
5.4694383464566929
21
-4.5460905118110233
0
LINE
8
BLACK
6
CONTINUOUS
10
5.4694383464566929
20
-4.5460905118110233
11
5.4689601181102363
21
-4.5453748031496062
0
LINE
8
BLACK
6
CONTINUOUS
10
5.4689601181102363
20
-4.5453748031496062
11
5.4672237795275587
21
-4.5427762204724411
0
LINE
8
BLACK
6
CONTINUOUS
10
5.4672237795275587
20
-4.5427762204724411
11
5.4666869685039368
21
-4.5424175196850394
0
LINE
8
BLACK
6
CONTINUOUS
10
5.4666869685039368
20
-4.5424175196850394
11
5.4639095275590552
21
-4.5405616535433069
0
LINE
8
BLACK
6
CONTINUOUS
10
5.4639095275590552
20
-4.5405616535433069
11
5.4609868897637792
21
-4.5399803149606299
0
LINE
8
BLACK
6
CONTINUOUS
10
5.4609868897637792
20
-4.5399803149606299
11
5.3990132283464565
21
-4.5399803149606299
0
LINE
8
BLACK
6
CONTINUOUS
10
5.3990132283464565
20
-4.5399803149606299
11
5.3990128346456689
21
-4.5399803543307087
0
LINE
8
BLACK
6
CONTINUOUS
10
5.3990128346456689
20
-4.5399803543307087
11
5.3960905118110238
21
-4.5405616141732281
0
LINE
8
BLACK
6
CONTINUOUS
10
5.3960905118110238
20
-4.5405616141732281
11
5.392776181102362
21
-4.5427762204724411
0
LINE
8
BLACK
6
CONTINUOUS
10
5.392776181102362
20
-4.5427762204724411
11
5.3905616535433074
21
-4.5460904330708658
0
LINE
8
BLACK
6
CONTINUOUS
10
5.3905616535433074
20
-4.5460904330708658
11
5.3899803149606296
21
-4.5490129921259843
0
LINE
8
BLACK
6
CONTINUOUS
10
5.3899803149606296
20
-4.5490129921259843
11
5.3899803149606296
21
-4.5499148818897641
0
LINE
8
BLACK
6
CONTINUOUS
10
5.3899803149606296
20
-4.5499148818897641
11
5.3891928346456694
21
-4.5525968110236219
0
LINE
8
BLACK
6
CONTINUOUS
10
5.3891928346456694
20
-4.5525968110236219
11
5.3870803937007876
21
-4.5544272440944882
0
LINE
8
BLACK
6
CONTINUOUS
10
5.3870803937007876
20
-4.5544272440944882
11
5.3843137007874011
21
-4.5548250393700789
0
LINE
8
BLACK
6
CONTINUOUS
10
5.3843137007874011
20
-4.5548250393700789
11
5.3817711811023621
21
-4.5536638582677167
0
LINE
8
BLACK
6
CONTINUOUS
10
5.3817711811023621
20
-4.5536638582677167
11
5.381512007874016
21
-4.5534225590551181
0
LINE
8
BLACK
6
CONTINUOUS
10
5.381512007874016
20
-4.5534225590551181
11
5.3813151574803149
21
-4.553225708661417
0
LINE
8
BLACK
6
CONTINUOUS
10
5.3813151574803149
20
-4.553225708661417
11
5.3799755511811025
21
-4.5507724803149605
0
LINE
8
BLACK
6
CONTINUOUS
10
5.3799755511811025
20
-4.5507724803149605
11
5.3798622047244091
21
-4.549718031496063
0
LINE
8
BLACK
6
CONTINUOUS
10
5.3798622047244091
20
-4.549718031496063
11
5.3798622047244091
21
-4.5298181889763782
0
LINE
8
BLACK
6
CONTINUOUS
10
5.3798622047244091
20
-4.5298181889763782
11
5.3806496850393701
21
-4.5271362598425196
0
LINE
8
BLACK
6
CONTINUOUS
10
5.3806496850393701
20
-4.5271362598425196
11
5.382762125984252
21
-4.5253058267716533
0
LINE
8
BLACK
6
CONTINUOUS
10
5.382762125984252
20
-4.5253058267716533
11
5.3855288188976376
21
-4.5249080314960626
0
LINE
8
BLACK
6
CONTINUOUS
10
5.3855288188976376
20
-4.5249080314960626
11
5.3877956692913385
21
-4.5258470472440946
0
LINE
8
BLACK
6
CONTINUOUS
10
5.3877956692913385
20
-4.5258470472440946
11
5.3903162598425194
21
-4.5277339763779523
0
LINE
8
BLACK
6
CONTINUOUS
10
5.3903162598425194
20
-4.5277339763779523
11
5.3903163385826769
21
-4.527734015748031
0
LINE
8
BLACK
6
CONTINUOUS
10
5.3903163385826769
20
-4.527734015748031
11
5.3957049606299208
21
-4.5297438582677163
0
LINE
8
BLACK
6
CONTINUOUS
10
5.3957049606299208
20
-4.5297438582677163
11
5.3980866929133855
21
-4.5299999606299215
0
LINE
8
BLACK
6
CONTINUOUS
10
5.3980866929133855
20
-4.5299999606299215
11
5.3980872047244093
21
-4.5300000000000002
0
LINE
8
BLACK
6
CONTINUOUS
10
5.3980872047244093
20
-4.5300000000000002
11
5.4199999999999999
21
-4.5300000000000002
0
LINE
8
BLACK
6
CONTINUOUS
10
5.4199999999999999
20
-4.5300000000000002
11
5.4199999999999999
21
-4.5099999999999998
0
LINE
8
BLACK
6
CONTINUOUS
10
5.4199999999999999
20
-4.5099999999999998
11
5.3999999999999995
21
-4.5099999999999998
0
LINE
8
BLACK
6
CONTINUOUS
10
5.3999999999999995
20
-4.5099999999999998
11
5.3999999999999995
21
-4.4500000000000002
0
LINE
8
BLACK
6
CONTINUOUS
10
5.3999999999999995
20
-4.4500000000000002
11
5.4199999999999999
21
-4.4500000000000002
0
LINE
8
BLACK
6
CONTINUOUS
10
5.4199999999999999
20
-4.4500000000000002
11
5.4199999999999999
21
-4.4299999999999997
0
LINE
8
BLACK
6
CONTINUOUS
10
5.4199999999999999
20
-4.4299999999999997
11
5.3980866929133855
21
-4.4299999999999997
0
LINE
8
BLACK
6
CONTINUOUS
10
5.3980866929133855
20
-4.4299999999999997
11
5.3957049606299208
21
-4.4302561023622049
0
LINE
8
BLACK
6
CONTINUOUS
10
5.3957049606299208
20
-4.4302561023622049
11
5.3903163385826769
21
-4.4322659448818893
0
LINE
8
BLACK
6
CONTINUOUS
10
5.3903163385826769
20
-4.4322659448818893
11
5.3903162992125981
21
-4.4322659448818893
0
LINE
8
BLACK
6
CONTINUOUS
10
5.3903162992125981
20
-4.4322659448818893
11
5.3877956299212597
21
-4.4341529527559054
0
LINE
8
BLACK
6
CONTINUOUS
10
5.3877956299212597
20
-4.4341529527559054
11
5.3851767322834645
21
-4.4351297637795275
0
LINE
8
BLACK
6
CONTINUOUS
10
5.3851767322834645
20
-4.4351297637795275
11
5.3824454724409447
21
-4.4345356299212595
0
LINE
8
BLACK
6
CONTINUOUS
10
5.3824454724409447
20
-4.4345356299212595
11
5.380469015748031
21
-4.4325591732283467
0
LINE
8
BLACK
6
CONTINUOUS
10
5.380469015748031
20
-4.4325591732283467
11
5.3798622047244091
21
-4.430181771653543
0
LINE
8
BLACK
6
CONTINUOUS
10
5.3798622047244091
20
-4.430181771653543
11
5.3798622047244091
21
-4.3924802755905512
0
LINE
8
BLACK
6
CONTINUOUS
10
5.3798622047244091
20
-4.3924802755905512
11
5.3806496850393701
21
-4.3897983464566925
0
LINE
8
BLACK
6
CONTINUOUS
10
5.3806496850393701
20
-4.3897983464566925
11
5.382762125984252
21
-4.3879679133858263
0
LINE
8
BLACK
6
CONTINUOUS
10
5.382762125984252
20
-4.3879679133858263
11
5.3848228346456688
21
-4.3875196456692915
0
LINE
8
BLACK
6
CONTINUOUS
10
5.3848228346456688
20
-4.3875196456692915
11
5.4084867716535427
21
-4.3875196456692915
0
LINE
8
BLACK
6
CONTINUOUS
10
5.4084867716535427
20
-4.3875196456692915
11
5.4084868503937003
21
-4.3875196456692915
0
LINE
8
BLACK
6
CONTINUOUS
10
5.4084868503937003
20
-4.3875196456692915
11
5.4084869685039365
21
-4.3875196062992128
0
LINE
8
BLACK
6
CONTINUOUS
10
5.4084869685039365
20
-4.3875196062992128
11
5.4084870866141728
21
-4.3875196062992128
0
LINE
8
BLACK
6
CONTINUOUS
10
5.4084870866141728
20
-4.3875196062992128
11
5.4108981889763781
21
-4.3870400393700786
0
LINE
8
BLACK
6
CONTINUOUS
10
5.4108981889763781
20
-4.3870400393700786
11
5.4114094881889763
21
-4.3869383464566925
0
LINE
8
BLACK
6
CONTINUOUS
10
5.4114094881889763
20
-4.3869383464566925
11
5.4147237795275593
21
-4.3847237795275591
0
LINE
8
BLACK
6
CONTINUOUS
10
5.4147237795275593
20
-4.3847237795275591
11
5.4169383464566927
21
-4.381409488188976
0
LINE
8
BLACK
6
CONTINUOUS
10
5.4169383464566927
20
-4.381409488188976
11
5.4175196850393696
21
-4.3784868897637796
0
LINE
8
BLACK
6
CONTINUOUS
10
5.4175196850393696
20
-4.3784868897637796
11
5.4175196456692909
21
-4.3740416929133854
0
LINE
8
BLACK
6
CONTINUOUS
10
5.4175196456692909
20
-4.3740416929133854
11
5.4183070866141732
21
-4.3713598425196851
0
LINE
8
BLACK
6
CONTINUOUS
10
5.4183070866141732
20
-4.3713598425196851
11
5.4189724015748029
21
-4.370534251968504
0
LINE
8
BLACK
6
CONTINUOUS
10
5.4189724015748029
20
-4.370534251968504
11
5.4267089370078736
21
-4.3627977165354332
0
LINE
8
BLACK
6
CONTINUOUS
10
5.4267089370078736
20
-4.3627977165354332
11
5.4291620866141734
21
-4.3614581889763775
0
LINE
8
BLACK
6
CONTINUOUS
10
5.4291620866141734
20
-4.3614581889763775
11
5.4319500787401571
21
-4.3616575984251966
0
LINE
8
BLACK
6
CONTINUOUS
10
5.4319500787401571
20
-4.3616575984251966
11
5.4341877165354333
21
-4.3633326771653547
0
LINE
8
BLACK
6
CONTINUOUS
10
5.4341877165354333
20
-4.3633326771653547
11
5.4351645275590554
21
-4.3659515748031499
0
LINE
8
BLACK
6
CONTINUOUS
10
5.4351645275590554
20
-4.3659515748031499
11
5.4351771653543306
21
-4.3663054724409447
0
LINE
8
BLACK
6
CONTINUOUS
10
5.4351771653543306
20
-4.3663054724409447
11
5.4351771653543306
21
-4.3839394881889762
0
LINE
8
BLACK
6
CONTINUOUS
10
5.4351771653543306
20
-4.3839394881889762
11
5.4351772047244093
21
-4.3839398818897637
0
LINE
8
BLACK
6
CONTINUOUS
10
5.4351772047244093
20
-4.3839398818897637
11
5.4357584645669288
21
-4.3868622047244097
0
LINE
8
BLACK
6
CONTINUOUS
10
5.4357584645669288
20
-4.3868622047244097
11
5.4379730708661418
21
-4.3901765354330706
0
LINE
8
BLACK
6
CONTINUOUS
10
5.4379730708661418
20
-4.3901765354330706
11
5.4412872834645665
21
-4.3923910629921261
0
LINE
8
BLACK
6
CONTINUOUS
10
5.4412872834645665
20
-4.3923910629921261
11
5.441287362204724
21
-4.3923911023622049
0
LINE
8
BLACK
6
CONTINUOUS
10
5.441287362204724
20
-4.3923911023622049
11
5.4442099606299212
21
-4.3929724409448818
0
LINE
8
BLACK
6
CONTINUOUS
10
5.4442099606299212
20
-4.3929724409448818
11
5.487915984251968
21
-4.3929724015748031
0
LINE
8
BLACK
6
CONTINUOUS
10
5.487915984251968
20
-4.3929724015748031
11
5.4879161023622043
21
-4.3929723622047243
0
LINE
8
BLACK
6
CONTINUOUS
10
5.4879161023622043
20
-4.3929723622047243
11
5.4879162598425193
21
-4.3929723622047243
0
LINE
8
BLACK
6
CONTINUOUS
10
5.4879162598425193
20
-4.3929723622047243
11
5.4903902755905509
21
-4.3924802755905512
0
LINE
8
BLACK
6
CONTINUOUS
10
5.4903902755905509
20
-4.3924802755905512
11
5.490838622047244
21
-4.3923911023622049
0
LINE
8
BLACK
6
CONTINUOUS
10
5.490838622047244
20
-4.3923911023622049
11
5.4941529133858262
21
-4.3901765354330706
0
LINE
8
BLACK
6
CONTINUOUS
10
5.4941529133858262
20
-4.3901765354330706
11
5.4963674803149605
21
-4.3868622440944884
0
LINE
8
BLACK
6
CONTINUOUS
10
5.4963674803149605
20
-4.3868622440944884
11
5.4969488188976374
21
-4.3839396456692912
0
LINE
8
BLACK
6
CONTINUOUS
10
5.4969488188976374
20
-4.3839396456692912
11
5.4969487795275587
21
-4.3782434251968505
0
LINE
8
BLACK
6
CONTINUOUS
10
5.4969487795275587
20
-4.3782434251968505
11
5.4977362598425197
21
-4.3755616141732281
0
LINE
8
BLACK
6
CONTINUOUS
10
5.4977362598425197
20
-4.3755616141732281
11
5.4998486614173228
21
-4.3737311811023618
0
LINE
8
BLACK
6
CONTINUOUS
10
5.4998486614173228
20
-4.3737311811023618
11
5.5026153543307084
21
-4.3733333464566932
0
LINE
8
BLACK
6
CONTINUOUS
10
5.5026153543307084
20
-4.3733333464566932
11
5.5051579133858271
21
-4.3744944881889767
0
LINE
8
BLACK
6
CONTINUOUS
10
5.5051579133858271
20
-4.3744944881889767
11
5.5054170866141732
21
-4.3747358267716532
0
LINE
8
BLACK
6
CONTINUOUS
10
5.5054170866141732
20
-4.3747358267716532
11
5.508155708661417
21
-4.3774744488188979
0
LINE
8
BLACK
6
CONTINUOUS
10
5.508155708661417
20
-4.3774744488188979
11
5.5081562598425196
21
-4.3774749212598421
0
LINE
8
BLACK
6
CONTINUOUS
10
5.5081562598425196
20
-4.3774749212598421
11
5.5098390944881892
21
-4.3791577559055117
0
LINE
8
BLACK
6
CONTINUOUS
10
5.5098390944881892
20
-4.3791577559055117
11
5.5098399212598421
21
-4.379158661417323
0
LINE
8
BLACK
6
CONTINUOUS
10
5.5098399212598421
20
-4.379158661417323
11
5.5127942519685043
21
-4.3821129921259843
0
LINE
8
BLACK
6
CONTINUOUS
10
5.5127942519685043
20
-4.3821129921259843
11
5.5127944488188971
21
-4.3821131496062993
0
LINE
8
BLACK
6
CONTINUOUS
10
5.5127944488188971
20
-4.3821131496062993
11
5.5127945275590546
21
-4.3821132283464568
0
LINE
8
BLACK
6
CONTINUOUS
10
5.5127945275590546
20
-4.3821132283464568
11
5.5127945669291334
21
-4.3821132677165355
0
LINE
8
BLACK
6
CONTINUOUS
10
5.5127945669291334
20
-4.3821132677165355
11
5.5127946456692909
21
-4.3821133070866143
0
LINE
8
BLACK
6
CONTINUOUS
10
5.5127946456692909
20
-4.3821133070866143
11
5.5162013385826771
21
-4.384080157480315
0
LINE
8
BLACK
6
CONTINUOUS
10
5.5162013385826771
20
-4.384080157480315
11
5.5162014960629921
21
-4.3840802362204725
0
LINE
8
BLACK
6
CONTINUOUS
10
5.5162014960629921
20
-4.3840802362204725
11
5.5170042519685039
21
-4.3842953149606299
0
LINE
8
BLACK
6
CONTINUOUS
10
5.5170042519685039
20
-4.3842953149606299
11
5.5170044488188976
21
-4.3842954330708661
0
LINE
8
BLACK
6
CONTINUOUS
10
5.5170044488188976
20
-4.3842954330708661
11
5.5170044488188976
21
-4.3842953543307086
0
LINE
8
BLACK
6
CONTINUOUS
10
5.5170044488188976
20
-4.3842953543307086
11
5.5170045275590551
21
-4.3842953937007874
0
LINE
8
BLACK
6
CONTINUOUS
10
5.5170045275590551
20
-4.3842953937007874
11
5.5196509448818896
21
-4.3850045275590555
0
LINE
8
BLACK
6
CONTINUOUS
10
5.5196509448818896
20
-4.3850045275590555
11
5.5220375196850391
21
-4.3864592519685042
0
LINE
8
BLACK
6
CONTINUOUS
10
5.5220375196850391
20
-4.3864592519685042
11
5.522491338582677
21
-4.3870398425196848
0
LINE
8
BLACK
6
CONTINUOUS
10
5.522491338582677
20
-4.3870398425196848
11
5.5245872440944881
21
-4.3901765354330706
0
LINE
8
BLACK
6
CONTINUOUS
10
5.5245872440944881
20
-4.3901765354330706
11
5.5245872834645668
21
-4.3901765748031494
0
LINE
8
BLACK
6
CONTINUOUS
10
5.5245872834645668
20
-4.3901765748031494
11
5.5279014566929137
21
-4.3923910629921261
0
LINE
8
BLACK
6
CONTINUOUS
10
5.5279014566929137
20
-4.3923910629921261
11
5.5279015354330712
21
-4.3923911023622049
0
LINE
8
BLACK
6
CONTINUOUS
10
5.5279015354330712
20
-4.3923911023622049
11
5.5308241338582675
21
-4.3929724409448818
0
LINE
8
BLACK
6
CONTINUOUS
10
5.5308241338582675
20
-4.3929724409448818
11
5.5745301574803152
21
-4.3929724015748031
0
LINE
8
BLACK
6
CONTINUOUS
10
5.5745301574803152
20
-4.3929724015748031
11
5.5745302755905515
21
-4.3929723622047243
0
LINE
8
BLACK
6
CONTINUOUS
10
5.5745302755905515
20
-4.3929723622047243
11
5.5745304330708656
21
-4.3929723622047243
0
LINE
8
BLACK
6
CONTINUOUS
10
5.5745304330708656
20
-4.3929723622047243
11
5.5770044488188972
21
-4.3924802755905512
0
LINE
8
BLACK
6
CONTINUOUS
10
5.5770044488188972
20
-4.3924802755905512
11
5.5774527952755903
21
-4.3923911023622049
0
LINE
8
BLACK
6
CONTINUOUS
10
5.5774527952755903
20
-4.3923911023622049
11
5.5807670866141734
21
-4.3901765354330706
0
LINE
8
BLACK
6
CONTINUOUS
10
5.5807670866141734
20
-4.3901765354330706
11
5.5829816535433068
21
-4.3868622440944884
0
LINE
8
BLACK
6
CONTINUOUS
10
5.5829816535433068
20
-4.3868622440944884
11
5.5835629921259837
21
-4.3839396456692912
0
LINE
8
BLACK
6
CONTINUOUS
10
5.5835629921259837
20
-4.3839396456692912
11
5.583562952755905
21
-4.3563753543307087
0
LINE
8
BLACK
6
CONTINUOUS
10
5.583562952755905
20
-4.3563753543307087
11
5.5835629133858262
21
-4.3563752362204724
0
LINE
8
BLACK
6
CONTINUOUS
10
5.5835629133858262
20
-4.3563752362204724
11
5.5835629133858262
21
-4.3563750393700786
0
LINE
8
BLACK
6
CONTINUOUS
10
5.5835629133858262
20
-4.3563750393700786
11
5.5829816535433068
21
-4.3534527165354326
0
LINE
8
BLACK
6
CONTINUOUS
10
5.5829816535433068
20
-4.3534527165354326
11
5.5820772440944877
21
-4.352099212598425
0
LINE
8
BLACK
6
CONTINUOUS
10
5.5820772440944877
20
-4.352099212598425
11
5.5807670866141734
21
-4.3501384251968505
0
LINE
8
BLACK
6
CONTINUOUS
10
5.5807670866141734
20
-4.3501384251968505
11
5.5807670472440947
21
-4.3501383858267717
0
LINE
8
BLACK
6
CONTINUOUS
10
5.5807670472440947
20
-4.3501383858267717
11
5.5774528346456691
21
-4.3479238582677162
0
LINE
8
BLACK
6
CONTINUOUS
10
5.5774528346456691
20
-4.3479238582677162
11
5.5745302755905515
21
-4.3473425196850393
0
LINE
8
BLACK
6
CONTINUOUS
10
5.5745302755905515
20
-4.3473425196850393
11
5.574530196850394
21
-4.3473425196850393
0
LINE
8
BLACK
6
CONTINUOUS
10
5.574530196850394
20
-4.3473425196850393
11
5.5369487795275587
21
-4.3473425196850393
0
LINE
8
BLACK
6
CONTINUOUS
10
5.5369487795275587
20
-4.3473425196850393
11
5.5342668503937009
21
-4.3465550393700783
0
LINE
8
BLACK
6
CONTINUOUS
10
5.5342668503937009
20
-4.3465550393700783
11
5.533397007874016
21
-4.3455511811023619
0
LINE
8
BLACK
6
CONTINUOUS
10
5.533397007874016
20
-4.3455511811023619
11
5.5318110236220468
21
-4.3455511811023619
0
LINE
8
BLACK
6
CONTINUOUS
10
5.5318110236220468
20
-4.3455511811023619
11
5.5318110236220468
21
-4.3199606299212601
0
LINE
8
BLACK
6
CONTINUOUS
10
5.5318110236220468
20
-4.3199606299212601
11
5.5333380314960632
21
-4.3199606299212601
0
LINE
8
BLACK
6
CONTINUOUS
10
5.5333380314960632
20
-4.3199606299212601
11
5.5348880708661419
21
-4.3186175196850396
0
LINE
8
BLACK
6
CONTINUOUS
10
5.5348880708661419
20
-4.3186175196850396
11
5.5369487795275587
21
-4.318169251968504
0
LINE
8
BLACK
6
CONTINUOUS
10
5.5369487795275587
20
-4.318169251968504
11
5.5745300787401577
21
-4.318169251968504
0
LINE
8
BLACK
6
CONTINUOUS
10
5.5745300787401577
20
-4.318169251968504
11
5.5745301574803152
21
-4.318169251968504
0
LINE
8
BLACK
6
CONTINUOUS
10
5.5745301574803152
20
-4.318169251968504
11
5.5745302755905515
21
-4.3181692125984252
0
LINE
8
BLACK
6
CONTINUOUS
10
5.5745302755905515
20
-4.3181692125984252
11
5.5745303937007868
21
-4.3181692125984252
0
LINE
8
BLACK
6
CONTINUOUS
10
5.5745303937007868
20
-4.3181692125984252
11
5.5755881496062987
21
-4.3179588188976377
0
LINE
8
BLACK
6
CONTINUOUS
10
5.5755881496062987
20
-4.3179588188976377
11
5.5774527952755903
21
-4.3175879527559058
0
LINE
8
BLACK
6
CONTINUOUS
10
5.5774527952755903
20
-4.3175879527559058
11
5.5797506692913386
21
-4.316052519685039
0
LINE
8
BLACK
6
CONTINUOUS
10
5.5797506692913386
20
-4.316052519685039
11
5.5824180314960632
21
-4.3152173228346458
0
LINE
8
BLACK
6
CONTINUOUS
10
5.5824180314960632
20
-4.3152173228346458
11
5.5825066141732282
21
-4.3152165354330707
0
LINE
8
BLACK
6
CONTINUOUS
10
5.5825066141732282
20
-4.3152165354330707
11
5.5908593700787401
21
-4.3152165354330707
0
LINE
8
BLACK
6
CONTINUOUS
10
5.5908593700787401
20
-4.3152165354330707
11
5.5935412992125979
21
-4.3160040157480317
0
LINE
8
BLACK
6
CONTINUOUS
10
5.5935412992125979
20
-4.3160040157480317
11
5.5949838976377952
21
-4.3174210629921257
0
LINE
8
BLACK
6
CONTINUOUS
10
5.5949838976377952
20
-4.3174210629921257
11
5.5966935433070866
21
-4.3199796850393701
0
LINE
8
BLACK
6
CONTINUOUS
10
5.5966935433070866
20
-4.3199796850393701
11
5.5966935826771653
21
-4.3199797244094489
0
LINE
8
BLACK
6
CONTINUOUS
10
5.5966935826771653
20
-4.3199797244094489
11
5.6000077559055113
21
-4.3221942125984247
0
LINE
8
BLACK
6
CONTINUOUS
10
5.6000077559055113
20
-4.3221942125984247
11
5.6000078346456688
21
-4.3221942519685035
0
LINE
8
BLACK
6
CONTINUOUS
10
5.6000078346456688
20
-4.3221942519685035
11
5.602930433070866
21
-4.3227755905511813
0
LINE
8
BLACK
6
CONTINUOUS
10
5.602930433070866
20
-4.3227755905511813
11
5.6287927952755901
21
-4.3227755511811026
0
LINE
8
BLACK
6
CONTINUOUS
10
5.6287927952755901
20
-4.3227755511811026
11
5.6314747244094487
21
-4.3235630314960627
0
LINE
8
BLACK
6
CONTINUOUS
10
5.6314747244094487
20
-4.3235630314960627
11
5.6323004724409449
21
-4.3242285039370074
0
LINE
8
BLACK
6
CONTINUOUS
10
5.6323004724409449
20
-4.3242285039370074
11
5.6389654724409448
21
-4.3308935039370073
0
LINE
8
BLACK
6
CONTINUOUS
10
5.6389654724409448
20
-4.3308935039370073
11
5.6389656299212598
21
-4.3308936220472436
0
LINE
8
BLACK
6
CONTINUOUS
10
5.6389656299212598
20
-4.3308936220472436
11
5.6389657480314961
21
-4.3308937401574799
0
LINE
8
BLACK
6
CONTINUOUS
10
5.6389657480314961
20
-4.3308937401574799
11
5.6420114566929129
21
-4.3326521653543306
0
LINE
8
BLACK
6
CONTINUOUS
10
5.6420114566929129
20
-4.3326521653543306
11
5.6434948818897634
21
-4.3335086220472441
0
LINE
8
BLACK
6
CONTINUOUS
10
5.6434948818897634
20
-4.3335086220472441
11
5.6485464960629921
21
-4.3348622047244092
0
LINE
8
BLACK
6
CONTINUOUS
10
5.6485464960629921
20
-4.3348622047244092
11
5.6793762598425195
21
-4.3348622047244092
0
LINE
8
BLACK
6
CONTINUOUS
10
5.6793762598425195
20
-4.3348622047244092
11
5.6820581889763782
21
-4.3356496850393702
0
LINE
8
BLACK
6
CONTINUOUS
10
5.6820581889763782
20
-4.3356496850393702
11
5.6835008267716534
21
-4.3370668110236217
0
LINE
8
BLACK
6
CONTINUOUS
10
5.6835008267716534
20
-4.3370668110236217
11
5.6852761811023624
21
-4.3397237795275592
0
LINE
8
BLACK
6
CONTINUOUS
10
5.6852761811023624
20
-4.3397237795275592
11
5.6885904330708659
21
-4.3419383070866138
0
LINE
8
BLACK
6
CONTINUOUS
10
5.6885904330708659
20
-4.3419383070866138
11
5.6885905118110234
21
-4.3419383464566925
0
LINE
8
BLACK
6
CONTINUOUS
10
5.6885905118110234
20
-4.3419383464566925
11
5.6915131102362206
21
-4.3425196850393704
0
LINE
8
BLACK
6
CONTINUOUS
10
5.6915131102362206
20
-4.3425196850393704
11
5.6941929133858267
21
-4.3425196456692916
0
LINE
8
BLACK
6
CONTINUOUS
10
5.6941929133858267
20
-4.3425196456692916
11
5.6968747637795278
21
-4.343307086614173
0
LINE
8
BLACK
6
CONTINUOUS
10
5.6968747637795278
20
-4.343307086614173
11
5.698705236220472
21
-4.3454194881889761
0
LINE
8
BLACK
6
CONTINUOUS
10
5.698705236220472
20
-4.3454194881889761
11
5.6991535433070863
21
-4.3474802755905513
0
LINE
8
BLACK
6
CONTINUOUS
10
5.6991535433070863
20
-4.3474802755905513
11
5.6991535433070863
21
-4.3503656692913388
0
LINE
8
BLACK
6
CONTINUOUS
10
5.6991535433070863
20
-4.3503656692913388
11
5.6983660629921262
21
-4.3530475984251966
0
LINE
8
BLACK
6
CONTINUOUS
10
5.6983660629921262
20
-4.3530475984251966
11
5.6971657480314963
21
-4.3543368503937003
0
LINE
8
BLACK
6
CONTINUOUS
10
5.6971657480314963
20
-4.3543368503937003
11
5.6938592125984249
21
-4.3568120866141733
0
LINE
8
BLACK
6
CONTINUOUS
10
5.6938592125984249
20
-4.3568120866141733
11
5.6905214173228345
21
-4.3612709055118106
0
LINE
8
BLACK
6
CONTINUOUS
10
5.6905214173228345
20
-4.3612709055118106
11
5.6905212992125982
21
-4.3612710629921256
0
LINE
8
BLACK
6
CONTINUOUS
10
5.6905212992125982
20
-4.3612710629921256
11
5.6885748031496064
21
-4.3664897244094485
0
LINE
8
BLACK
6
CONTINUOUS
10
5.6885748031496064
20
-4.3664897244094485
11
5.6885747244094489
21
-4.3664900393700785
0
LINE
8
BLACK
6
CONTINUOUS
10
5.6885747244094489
20
-4.3664900393700785
11
5.6883267716535428
21
-4.3687964960629921
0
LINE
8
BLACK
6
CONTINUOUS
10
5.6883267716535428
20
-4.3687964960629921
11
5.6883267716535428
21
-4.3912026771653538
0
LINE
8
BLACK
6
CONTINUOUS
10
5.6883267716535428
20
-4.3912026771653538
11
5.6883268503937003
21
-4.3912036220472439
0
LINE
8
BLACK
6
CONTINUOUS
10
5.6883268503937003
20
-4.3912036220472439
11
5.6885747244094489
21
-4.3935098818897638
0
LINE
8
BLACK
6
CONTINUOUS
10
5.6885747244094489
20
-4.3935098818897638
11
5.6885747637795276
21
-4.3935100787401575
0
LINE
8
BLACK
6
CONTINUOUS
10
5.6885747637795276
20
-4.3935100787401575
11
5.6885748031496064
21
-4.3935101181102363
0
LINE
8
BLACK
6
CONTINUOUS
10
5.6885748031496064
20
-4.3935101181102363
11
5.6905213385826769
21
-4.3987289370078742
0
LINE
8
BLACK
6
CONTINUOUS
10
5.6905213385826769
20
-4.3987289370078742
11
5.6905213779527557
21
-4.3987289763779529
0
LINE
8
BLACK
6
CONTINUOUS
10
5.6905213779527557
20
-4.3987289763779529
11
5.6905214173228345
21
-4.3987290944881892
0
LINE
8
BLACK
6
CONTINUOUS
10
5.6905214173228345
20
-4.3987290944881892
11
5.6938592519685036
21
-4.4031879527559052
0
LINE
8
BLACK
6
CONTINUOUS
10
5.6938592519685036
20
-4.4031879527559052
11
5.6983181496062993
21
-4.4065257874015744
0
LINE
8
BLACK
6
CONTINUOUS
10
5.6983181496062993
20
-4.4065257874015744
11
5.6983183070866144
21
-4.4065259055118107
0
LINE
8
BLACK
6
CONTINUOUS
10
5.6983183070866144
20
-4.4065259055118107
11
5.7035369685039372
21
-4.4084724015748034
0
LINE
8
BLACK
6
CONTINUOUS
10
5.7035369685039372
20
-4.4084724015748034
11
5.7035372834645672
21
-4.4084724803149609
0
LINE
8
BLACK
6
CONTINUOUS
10
5.7035372834645672
20
-4.4084724803149609
11
5.7046906692913382
21
-4.408596456692913
0
LINE
8
BLACK
6
CONTINUOUS
10
5.7046906692913382
20
-4.408596456692913
11
5.705844212598425
21
-4.4087204724409448
0
LINE
8
BLACK
6
CONTINUOUS
10
5.705844212598425
20
-4.4087204724409448
11
5.7321872440944883
21
-4.408720433070866
0
LINE
8
BLACK
6
CONTINUOUS
10
5.7321872440944883
20
-4.408720433070866
11
5.7332050393700786
21
-4.408611023622047
0
LINE
8
BLACK
6
CONTINUOUS
10
5.7332050393700786
20
-4.408611023622047
11
5.7344941338582673
21
-4.4084724803149609
0
LINE
8
BLACK
6
CONTINUOUS
10
5.7344941338582673
20
-4.4084724803149609
11
5.7344941732283461
21
-4.4084724409448821
0
LINE
8
BLACK
6
CONTINUOUS
10
5.7344941732283461
20
-4.4084724409448821
11
5.7344943700787399
21
-4.4084724409448821
0
LINE
8
BLACK
6
CONTINUOUS
10
5.7344943700787399
20
-4.4084724409448821
11
5.7397131889763777
21
-4.4065259055118107
0
LINE
8
BLACK
6
CONTINUOUS
10
5.7397131889763777
20
-4.4065259055118107
11
5.7441722047244097
21
-4.4031879527559052
0
LINE
8
BLACK
6
CONTINUOUS
10
5.7441722047244097
20
-4.4031879527559052
11
5.7475101574803151
21
-4.3987289370078742
0
LINE
8
BLACK
6
CONTINUOUS
10
5.7475101574803151
20
-4.3987289370078742
11
5.7494566929133857
21
-4.3935101181102363
0
LINE
8
BLACK
6
CONTINUOUS
10
5.7494566929133857
20
-4.3935101181102363
11
5.7495145275590547
21
-4.3929724409448818
0
LINE
8
BLACK
6
CONTINUOUS
10
5.7495145275590547
20
-4.3929724409448818
11
5.7497046850393696
21
-4.3912034645669289
0
LINE
8
BLACK
6
CONTINUOUS
10
5.7497046850393696
20
-4.3912034645669289
11
5.7497046850393696
21
-4.3912033858267714
0
LINE
8
BLACK
6
CONTINUOUS
10
5.7497046850393696
20
-4.3912033858267714
11
5.7497047244094484
21
-4.3912030314960626
0
LINE
8
BLACK
6
CONTINUOUS
10
5.7497047244094484
20
-4.3912030314960626
11
5.7497046850393696
21
-4.3687970078740159
0
LINE
8
BLACK
6
CONTINUOUS
10
5.7497046850393696
20
-4.3687970078740159
11
5.749599842519685
21
-4.367821456692913
0
LINE
8
BLACK
6
CONTINUOUS
10
5.749599842519685
20
-4.367821456692913
11
5.7494567322834644
21
-4.3664900787401573
0
LINE
8
BLACK
6
CONTINUOUS
10
5.7494567322834644
20
-4.3664900787401573
11
5.7494566929133857
21
-4.3664899999999998
0
LINE
8
BLACK
6
CONTINUOUS
10
5.7494566929133857
20
-4.3664899999999998
11
5.7494566929133857
21
-4.3664898818897635
0
LINE
8
BLACK
6
CONTINUOUS
10
5.7494566929133857
20
-4.3664898818897635
11
5.7475101574803151
21
-4.3612710629921256
0
LINE
8
BLACK
6
CONTINUOUS
10
5.7475101574803151
20
-4.3612710629921256
11
5.7475100393700789
21
-4.3612709055118106
0
LINE
8
BLACK
6
CONTINUOUS
10
5.7475100393700789
20
-4.3612709055118106
11
5.7475100393700789
21
-4.3612708661417319
0
LINE
8
BLACK
6
CONTINUOUS
10
5.7475100393700789
20
-4.3612708661417319
11
5.7441722440944885
21
-4.3568120866141733
0
LINE
8
BLACK
6
CONTINUOUS
10
5.7441722440944885
20
-4.3568120866141733
11
5.7408657480314957
21
-4.3543368503937003
0
LINE
8
BLACK
6
CONTINUOUS
10
5.7408657480314957
20
-4.3543368503937003
11
5.7391907086614173
21
-4.352099212598425
0
LINE
8
BLACK
6
CONTINUOUS
10
5.7391907086614173
20
-4.352099212598425
11
5.7388779527559057
21
-4.3503656692913388
0
LINE
8
BLACK
6
CONTINUOUS
10
5.7388779527559057
20
-4.3503656692913388
11
5.7388779527559057
21
-4.3474802755905513
0
LINE
8
BLACK
6
CONTINUOUS
10
5.7388779527559057
20
-4.3474802755905513
11
5.7396654330708659
21
-4.3447983464566926
0
LINE
8
BLACK
6
CONTINUOUS
10
5.7396654330708659
20
-4.3447983464566926
11
5.7417778740157477
21
-4.3429679133858263
0
LINE
8
BLACK
6
CONTINUOUS
10
5.7417778740157477
20
-4.3429679133858263
11
5.7438385826771654
21
-4.3425196456692916
0
LINE
8
BLACK
6
CONTINUOUS
10
5.7438385826771654
20
-4.3425196456692916
11
5.7484867716535435
21
-4.3425196456692916
0
LINE
8
BLACK
6
CONTINUOUS
10
5.7484867716535435
20
-4.3425196456692916
11
5.748486850393701
21
-4.3425196456692916
0
LINE
8
BLACK
6
CONTINUOUS
10
5.748486850393701
20
-4.3425196456692916
11
5.7484869685039373
21
-4.3425196062992129
0
LINE
8
BLACK
6
CONTINUOUS
10
5.7484869685039373
20
-4.3425196062992129
11
5.7484870866141735
21
-4.3425196062992129
0
LINE
8
BLACK
6
CONTINUOUS
10
5.7484870866141735
20
-4.3425196062992129
11
5.7499276771653545
21
-4.3422330314960629
0
LINE
8
BLACK
6
CONTINUOUS
10
5.7499276771653545
20
-4.3422330314960629
11
5.7514094881889761
21
-4.3419383464566925
0
LINE
8
BLACK
6
CONTINUOUS
10
5.7514094881889761
20
-4.3419383464566925
11
5.7547237795275592
21
-4.3397237795275592
0
LINE
8
BLACK
6
CONTINUOUS
10
5.7547237795275592
20
-4.3397237795275592
11
5.7554810629921258
21
-4.3385904330708662
0
LINE
8
BLACK
6
CONTINUOUS
10
5.7554810629921258
20
-4.3385904330708662
11
5.7564991732283461
21
-4.3370668110236217
0
LINE
8
BLACK
6
CONTINUOUS
10
5.7564991732283461
20
-4.3370668110236217
11
5.7586439370078741
21
-4.3352744094488189
0
LINE
8
BLACK
6
CONTINUOUS
10
5.7586439370078741
20
-4.3352744094488189
11
5.76062374015748
21
-4.3348622047244092
0
LINE
8
BLACK
6
CONTINUOUS
10
5.76062374015748
20
-4.3348622047244092
11
5.7898195669291335
21
-4.3348622047244092
0
LINE
8
BLACK
6
CONTINUOUS
10
5.7898195669291335
20
-4.3348622047244092
11
5.789819645669291
21
-4.3348622047244092
0
LINE
8
BLACK
6
CONTINUOUS
10
5.789819645669291
20
-4.3348622047244092
11
5.7948712598425196
21
-4.3335086220472441
0
LINE
8
BLACK
6
CONTINUOUS
10
5.7948712598425196
20
-4.3335086220472441
11
5.7966523228346452
21
-4.3324803149606295
0
LINE
8
BLACK
6
CONTINUOUS
10
5.7966523228346452
20
-4.3324803149606295
11
5.799400393700787
21
-4.3308937401574799
0
LINE
8
BLACK
6
CONTINUOUS
10
5.799400393700787
20
-4.3308937401574799
11
5.8053569291338585
21
-4.3249371259842517
0
LINE
8
BLACK
6
CONTINUOUS
10
5.8053569291338585
20
-4.3249371259842517
11
5.8078101574803149
21
-4.3235975984251969
0
LINE
8
BLACK
6
CONTINUOUS
10
5.8078101574803149
20
-4.3235975984251969
11
5.8088646456692912
21
-4.3234842125984247
0
LINE
8
BLACK
6
CONTINUOUS
10
5.8088646456692912
20
-4.3234842125984247
11
5.8487820472440948
21
-4.3234842125984247
0
LINE
8
BLACK
6
CONTINUOUS
10
5.8487820472440948
20
-4.3234842125984247
11
5.8487821259842514
21
-4.3234842125984247
0
LINE
8
BLACK
6
CONTINUOUS
10
5.8487821259842514
20
-4.3234842125984247
11
5.8487822440944877
21
-4.323484173228346
0
LINE
8
BLACK
6
CONTINUOUS
10
5.8487822440944877
20
-4.323484173228346
11
5.8487823622047239
21
-4.323484173228346
0
LINE
8
BLACK
6
CONTINUOUS
10
5.8487823622047239
20
-4.323484173228346
11
5.8505636220472441
21
-4.3231298818897637
0
LINE
8
BLACK
6
CONTINUOUS
10
5.8505636220472441
20
-4.3231298818897637
11
5.8517047637795274
21
-4.3229029133858266
0
LINE
8
BLACK
6
CONTINUOUS
10
5.8517047637795274
20
-4.3229029133858266
11
5.8550190551181105
21
-4.3206883464566932
0
LINE
8
BLACK
6
CONTINUOUS
10
5.8550190551181105
20
-4.3206883464566932
11
5.8572336220472438
21
-4.3173740551181101
0
LINE
8
BLACK
6
CONTINUOUS
10
5.8572336220472438
20
-4.3173740551181101
11
5.8578149606299208
21
-4.3144514566929129
0
LINE
8
BLACK
6
CONTINUOUS
10
5.8578149606299208
20
-4.3144514566929129
11
5.857814921259842
21
-4.2455485826771655
0
LINE
8
BLACK
6
CONTINUOUS
10
5.857814921259842
20
-4.2455485826771655
11
5.8578148818897633
21
-4.2455484251968505
0
LINE
8
BLACK
6
CONTINUOUS
10
5.8578148818897633
20
-4.2455484251968505
11
5.8578148818897633
21
-4.2455482677165355
0
LINE
8
BLACK
6
CONTINUOUS
10
5.8578148818897633
20
-4.2455482677165355
11
5.8572336220472438
21
-4.2426259448818895
0
LINE
8
BLACK
6
CONTINUOUS
10
5.8572336220472438
20
-4.2426259448818895
11
5.8550190157480317
21
-4.2393116141732285
0
LINE
8
BLACK
6
CONTINUOUS
10
5.8550190157480317
20
-4.2393116141732285
11
5.8517048031496062
21
-4.2370970866141731
0
LINE
8
BLACK
6
CONTINUOUS
10
5.8517048031496062
20
-4.2370970866141731
11
5.8487822440944877
21
-4.2365157480314961
0
LINE
8
BLACK
6
CONTINUOUS
10
5.8487822440944877
20
-4.2365157480314961
11
5.8487821653543302
21
-4.2365157480314961
0
LINE
8
BLACK
6
CONTINUOUS
10
5.8487821653543302
20
-4.2365157480314961
11
5.8448228346456688
21
-4.2365157480314961
0
LINE
8
BLACK
6
CONTINUOUS
10
5.8448228346456688
20
-4.2365157480314961
11
5.842140905511811
21
-4.2357282677165351
0
LINE
8
BLACK
6
CONTINUOUS
10
5.842140905511811
20
-4.2357282677165351
11
5.8403104724409447
21
-4.2336158267716533
0
LINE
8
BLACK
6
CONTINUOUS
10
5.8403104724409447
20
-4.2336158267716533
11
5.8398622047244091
21
-4.2315551181102364
0
LINE
8
BLACK
6
CONTINUOUS
10
5.8398622047244091
20
-4.2315551181102364
11
5.8398622047244091
21
-4.1949802755905514
0
LINE
8
BLACK
6
CONTINUOUS
10
5.8398622047244091
20
-4.1949802755905514
11
5.8406496850393701
21
-4.1922983464566927
0
LINE
8
BLACK
6
CONTINUOUS
10
5.8406496850393701
20
-4.1922983464566927
11
5.8427621259842519
21
-4.1904679133858265
0
LINE
8
BLACK
6
CONTINUOUS
10
5.8427621259842519
20
-4.1904679133858265
11
5.8448228346456688
21
-4.1900196456692909
0
LINE
8
BLACK
6
CONTINUOUS
10
5.8448228346456688
20
-4.1900196456692909
11
5.8509867716535435
21
-4.1900196456692909
0
LINE
8
BLACK
6
CONTINUOUS
10
5.8509867716535435
20
-4.1900196456692909
11
5.850986850393701
21
-4.1900196456692909
0
LINE
8
BLACK
6
CONTINUOUS
10
5.850986850393701
20
-4.1900196456692909
11
5.8509869685039373
21
-4.1900196062992121
0
LINE
8
BLACK
6
CONTINUOUS
10
5.8509869685039373
20
-4.1900196062992121
11
5.8509870866141727
21
-4.1900196062992121
0
LINE
8
BLACK
6
CONTINUOUS
10
5.8509870866141727
20
-4.1900196062992121
11
5.8531644094488184
21
-4.1895865354330706
0
LINE
8
BLACK
6
CONTINUOUS
10
5.8531644094488184
20
-4.1895865354330706
11
5.8539094881889762
21
-4.1894383464566927
0
LINE
8
BLACK
6
CONTINUOUS
10
5.8539094881889762
20
-4.1894383464566927
11
5.8572237795275592
21
-4.1872237795275593
0
LINE
8
BLACK
6
CONTINUOUS
10
5.8572237795275592
20
-4.1872237795275593
11
5.8594383464566926
21
-4.1839094881889762
0
LINE
8
BLACK
6
CONTINUOUS
10
5.8594383464566926
20
-4.1839094881889762
11
5.8600196850393695
21
-4.1809868897637799
0
LINE
8
BLACK
6
CONTINUOUS
10
5.8600196850393695
20
-4.1809868897637799
11
5.8600196456692908
21
-4.1190131496062987
0
LINE
8
BLACK
6
CONTINUOUS
10
5.8600196456692908
20
-4.1190131496062987
11
5.860019606299212
21
-4.1190129921259846
0
LINE
8
BLACK
6
CONTINUOUS
10
5.860019606299212
20
-4.1190129921259846
11
5.860019606299212
21
-4.1190128346456696
0
LINE
8
BLACK
6
CONTINUOUS
10
5.860019606299212
20
-4.1190128346456696
11
5.8594383464566926
21
-4.1160905118110236
0
LINE
8
BLACK
6
CONTINUOUS
10
5.8594383464566926
20
-4.1160905118110236
11
5.8572237401574805
21
-4.1127761811023618
0
LINE
8
BLACK
6
CONTINUOUS
10
5.8572237401574805
20
-4.1127761811023618
11
5.8539095275590549
21
-4.1105616535433072
0
LINE
8
BLACK
6
CONTINUOUS
10
5.8539095275590549
20
-4.1105616535433072
11
5.8509869685039373
21
-4.1099803149606302
0
LINE
8
BLACK
6
CONTINUOUS
10
5.8509869685039373
20
-4.1099803149606302
11
5.8509868897637798
21
-4.1099803149606302
0
LINE
8
BLACK
6
CONTINUOUS
10
5.8509868897637798
20
-4.1099803149606302
11
5.8448228346456688
21
-4.1099803149606302
0
LINE
8
BLACK
6
CONTINUOUS
10
5.8448228346456688
20
-4.1099803149606302
11
5.842140905511811
21
-4.1091928346456692
0
LINE
8
BLACK
6
CONTINUOUS
10
5.842140905511811
20
-4.1091928346456692
11
5.8403104724409447
21
-4.1070803937007874
0
LINE
8
BLACK
6
CONTINUOUS
10
5.8403104724409447
20
-4.1070803937007874
11
5.8398622047244091
21
-4.1050196850393696
0
LINE
8
BLACK
6
CONTINUOUS
10
5.8398622047244091
20
-4.1050196850393696
11
5.8398622047244091
21
-4.0949802755905509
0
LINE
8
BLACK
6
CONTINUOUS
10
5.8398622047244091
20
-4.0949802755905509
11
5.8406496850393701
21
-4.0922983464566931
0
LINE
8
BLACK
6
CONTINUOUS
10
5.8406496850393701
20
-4.0922983464566931
11
5.8427621259842519
21
-4.0904679133858268
0
LINE
8
BLACK
6
CONTINUOUS
10
5.8427621259842519
20
-4.0904679133858268
11
5.8448228346456688
21
-4.0900196456692912
0
LINE
8
BLACK
6
CONTINUOUS
10
5.8448228346456688
20
-4.0900196456692912
11
5.8509867716535435
21
-4.0900196456692912
0
LINE
8
BLACK
6
CONTINUOUS
10
5.8509867716535435
20
-4.0900196456692912
11
5.850986850393701
21
-4.0900196456692912
0
LINE
8
BLACK
6
CONTINUOUS
10
5.850986850393701
20
-4.0900196456692912
11
5.8509869685039373
21
-4.0900196062992125
0
LINE
8
BLACK
6
CONTINUOUS
10
5.8509869685039373
20
-4.0900196062992125
11
5.8509870866141727
21
-4.0900196062992125
0
LINE
8
BLACK
6
CONTINUOUS
10
5.8509870866141727
20
-4.0900196062992125
11
5.8526762992125985
21
-4.0896836220472439
0
LINE
8
BLACK
6
CONTINUOUS
10
5.8526762992125985
20
-4.0896836220472439
11
5.8539094881889762
21
-4.089438346456693
0
LINE
8
BLACK
6
CONTINUOUS
10
5.8539094881889762
20
-4.089438346456693
11
5.8572237795275592
21
-4.0872237795275588
0
LINE
8
BLACK
6
CONTINUOUS
10
5.8572237795275592
20
-4.0872237795275588
11
5.8594383464566926
21
-4.0839094881889766
0
LINE
8
BLACK
6
CONTINUOUS
10
5.8594383464566926
20
-4.0839094881889766
11
5.8600196850393695
21
-4.0809868897637793
0
LINE
8
BLACK
6
CONTINUOUS
10
5.8600196850393695
20
-4.0809868897637793
11
5.8600196456692908
21
-4.0190131496062991
0
LINE
8
BLACK
6
CONTINUOUS
10
5.8600196456692908
20
-4.0190131496062991
11
5.860019606299212
21
-4.0190129921259841
0
LINE
8
BLACK
6
CONTINUOUS
10
5.860019606299212
20
-4.0190129921259841
11
5.860019606299212
21
-4.0190128346456691
0
LINE
8
BLACK
6
CONTINUOUS
10
5.860019606299212
20
-4.0190128346456691
11
5.859835393700787
21
-4.0180866929133856
0
LINE
8
BLACK
6
CONTINUOUS
10
5.859835393700787
20
-4.0180866929133856
11
5.8594383464566926
21
-4.0160905118110239
0
LINE
8
BLACK
6
CONTINUOUS
10
5.8594383464566926
20
-4.0160905118110239
11
5.8572237401574805
21
-4.0127761811023621
0
LINE
8
BLACK
6
CONTINUOUS
10
5.8572237401574805
20
-4.0127761811023621
11
5.8539095275590549
21
-4.0105616535433066
0
LINE
8
BLACK
6
CONTINUOUS
10
5.8539095275590549
20
-4.0105616535433066
11
5.8509868897637798
21
-4.0099803149606297
0
LINE
8
BLACK
6
CONTINUOUS
10
5.8509868897637798
20
-4.0099803149606297
11
5.7890132283464562
21
-4.0099803149606297
0
LINE
8
BLACK
6
CONTINUOUS
10
5.7890132283464562
20
-4.0099803149606297
11
5.7890128346456695
21
-4.0099803543307084
0
LINE
8
BLACK
6
CONTINUOUS
10
5.7890128346456695
20
-4.0099803543307084
11
5.7860905118110235
21
-4.0105616141732279
0
LINE
8
BLACK
6
CONTINUOUS
10
5.7860905118110235
20
-4.0105616141732279
11
5.7827761811023617
21
-4.0127762204724409
0
LINE
8
BLACK
6
CONTINUOUS
10
5.7827761811023617
20
-4.0127762204724409
11
5.7805616535433071
21
-4.0160904330708664
0
LINE
8
BLACK
6
CONTINUOUS
10
5.7805616535433071
20
-4.0160904330708664
11
5.7799803149606301
21
-4.0190129921259841
0
LINE
8
BLACK
6
CONTINUOUS
10
5.7799803149606301
20
-4.0190129921259841
11
5.7799803149606301
21
-4.0809867322834643
0
LINE
8
BLACK
6
CONTINUOUS
10
5.7799803149606301
20
-4.0809867322834643
11
5.7799803543307089
21
-4.0809871259842518
0
LINE
8
BLACK
6
CONTINUOUS
10
5.7799803543307089
20
-4.0809871259842518
11
5.7805616141732283
21
-4.0839094488188978
0
LINE
8
BLACK
6
CONTINUOUS
10
5.7805616141732283
20
-4.0839094488188978
11
5.7827762204724404
21
-4.0872237795275588
0
LINE
8
BLACK
6
CONTINUOUS
10
5.7827762204724404
20
-4.0872237795275588
11
5.786090433070866
21
-4.0894383070866143
0
LINE
8
BLACK
6
CONTINUOUS
10
5.786090433070866
20
-4.0894383070866143
11
5.7860905118110235
21
-4.089438346456693
0
LINE
8
BLACK
6
CONTINUOUS
10
5.7860905118110235
20
-4.089438346456693
11
5.7890131102362208
21
-4.09001968503937
0
LINE
8
BLACK
6
CONTINUOUS
10
5.7890131102362208
20
-4.09001968503937
11
5.7951771653543309
21
-4.0900196456692912
0
LINE
8
BLACK
6
CONTINUOUS
10
5.7951771653543309
20
-4.0900196456692912
11
5.7978590551181099
21
-4.0908071259842522
0
LINE
8
BLACK
6
CONTINUOUS
10
5.7978590551181099
20
-4.0908071259842522
11
5.7996894881889762
21
-4.0929195275590553
0
LINE
8
BLACK
6
CONTINUOUS
10
5.7996894881889762
20
-4.0929195275590553
11
5.8001377952755906
21
-4.0949802755905509
0
LINE
8
BLACK
6
CONTINUOUS
10
5.8001377952755906
20
-4.0949802755905509
11
5.8001377952755906
21
-4.1050196850393696
0
LINE
8
BLACK
6
CONTINUOUS
10
5.8001377952755906
20
-4.1050196850393696
11
5.7993503149606296
21
-4.1077016141732283
0
LINE
8
BLACK
6
CONTINUOUS
10
5.7993503149606296
20
-4.1077016141732283
11
5.7972378740157477
21
-4.1095320472440946
0
LINE
8
BLACK
6
CONTINUOUS
10
5.7972378740157477
20
-4.1095320472440946
11
5.7951772047244097
21
-4.1099803149606302
0
LINE
8
BLACK
6
CONTINUOUS
10
5.7951772047244097
20
-4.1099803149606302
11
5.7890132283464562
21
-4.1099803149606302
0
LINE
8
BLACK
6
CONTINUOUS
10
5.7890132283464562
20
-4.1099803149606302
11
5.7890128346456695
21
-4.109980354330709
0
LINE
8
BLACK
6
CONTINUOUS
10
5.7890128346456695
20
-4.109980354330709
11
5.7860905118110235
21
-4.1105616141732284
0
LINE
8
BLACK
6
CONTINUOUS
10
5.7860905118110235
20
-4.1105616141732284
11
5.7827761811023617
21
-4.1127762204724405
0
LINE
8
BLACK
6
CONTINUOUS
10
5.7827761811023617
20
-4.1127762204724405
11
5.7805616535433071
21
-4.1160904330708661
0
LINE
8
BLACK
6
CONTINUOUS
10
5.7805616535433071
20
-4.1160904330708661
11
5.7799803149606301
21
-4.1190129921259846
0
LINE
8
BLACK
6
CONTINUOUS
10
5.7799803149606301
20
-4.1190129921259846
11
5.7799803149606301
21
-4.1809867322834648
0
LINE
8
BLACK
6
CONTINUOUS
10
5.7799803149606301
20
-4.1809867322834648
11
5.7799803543307089
21
-4.1809871259842515
0
LINE
8
BLACK
6
CONTINUOUS
10
5.7799803543307089
20
-4.1809871259842515
11
5.7805616141732283
21
-4.1839094488188975
0
LINE
8
BLACK
6
CONTINUOUS
10
5.7805616141732283
20
-4.1839094488188975
11
5.7827762204724404
21
-4.1872237795275593
0
LINE
8
BLACK
6
CONTINUOUS
10
5.7827762204724404
20
-4.1872237795275593
11
5.786090433070866
21
-4.1894383070866139
0
LINE
8
BLACK
6
CONTINUOUS
10
5.786090433070866
20
-4.1894383070866139
11
5.7860905118110235
21
-4.1894383464566927
0
LINE
8
BLACK
6
CONTINUOUS
10
5.7860905118110235
20
-4.1894383464566927
11
5.7890131102362208
21
-4.1900196850393696
0
LINE
8
BLACK
6
CONTINUOUS
10
5.7890131102362208
20
-4.1900196850393696
11
5.7951771653543309
21
-4.1900196456692909
0
LINE
8
BLACK
6
CONTINUOUS
10
5.7951771653543309
20
-4.1900196456692909
11
5.7978590551181099
21
-4.1908071259842519
0
LINE
8
BLACK
6
CONTINUOUS
10
5.7978590551181099
20
-4.1908071259842519
11
5.7996894881889762
21
-4.1929195275590549
0
LINE
8
BLACK
6
CONTINUOUS
10
5.7996894881889762
20
-4.1929195275590549
11
5.8001377952755906
21
-4.1949802755905514
0
LINE
8
BLACK
6
CONTINUOUS
10
5.8001377952755906
20
-4.1949802755905514
11
5.8001377952755906
21
-4.2315754724409445
0
LINE
8
BLACK
6
CONTINUOUS
10
5.8001377952755906
20
-4.2315754724409445
11
5.7993503149606296
21
-4.2342574015748031
0
LINE
8
BLACK
6
CONTINUOUS
10
5.7993503149606296
20
-4.2342574015748031
11
5.7972378740157477
21
-4.2360878346456694
0
LINE
8
BLACK
6
CONTINUOUS
10
5.7972378740157477
20
-4.2360878346456694
11
5.7958642913385825
21
-4.2364580708661412
0
LINE
8
BLACK
6
CONTINUOUS
10
5.7958642913385825
20
-4.2364580708661412
11
5.7958663385826767
21
-4.2364682283464568
0
LINE
8
BLACK
6
CONTINUOUS
10
5.7958663385826767
20
-4.2364682283464568
11
5.7957148818897632
21
-4.236498307086614
0
LINE
8
BLACK
6
CONTINUOUS
10
5.7957148818897632
20
-4.236498307086614
11
5.7956635039370079
21
-4.2365122047244093
0
LINE
8
BLACK
6
CONTINUOUS
10
5.7956635039370079
20
-4.2365122047244093
11
5.795627283464567
21
-4.2365157480314961
0
LINE
8
BLACK
6
CONTINUOUS
10
5.795627283464567
20
-4.2365157480314961
11
5.7927046850393697
21
-4.2370970472440943
0
LINE
8
BLACK
6
CONTINUOUS
10
5.7927046850393697
20
-4.2370970472440943
11
5.7893903543307088
21
-4.2393116535433073
0
LINE
8
BLACK
6
CONTINUOUS
10
5.7893903543307088
20
-4.2393116535433073
11
5.7871758267716533
21
-4.242625866141732
0
LINE
8
BLACK
6
CONTINUOUS
10
5.7871758267716533
20
-4.242625866141732
11
5.7865944881889764
21
-4.2455484251968505
0
LINE
8
BLACK
6
CONTINUOUS
10
5.7865944881889764
20
-4.2455484251968505
11
5.7865944881889764
21
-4.285466023622047
0
LINE
8
BLACK
6
CONTINUOUS
10
5.7865944881889764
20
-4.285466023622047
11
5.7858070078740154
21
-4.2881479527559057
0
LINE
8
BLACK
6
CONTINUOUS
10
5.7858070078740154
20
-4.2881479527559057
11
5.7851415748031494
21
-4.2889737007874018
0
LINE
8
BLACK
6
CONTINUOUS
10
5.7851415748031494
20
-4.2889737007874018
11
5.780430472440945
21
-4.293684842519685
0
LINE
8
BLACK
6
CONTINUOUS
10
5.780430472440945
20
-4.293684842519685
11
5.7779772440944877
21
-4.2950244094488186
0
LINE
8
BLACK
6
CONTINUOUS
10
5.7779772440944877
20
-4.2950244094488186
11
5.7769227559055114
21
-4.2951377952755907
0
LINE
8
BLACK
6
CONTINUOUS
10
5.7769227559055114
20
-4.2951377952755907
11
5.76062374015748
21
-4.2951377952755907
0
LINE
8
BLACK
6
CONTINUOUS
10
5.76062374015748
20
-4.2951377952755907
11
5.7579418110236222
21
-4.2943503149606297
0
LINE
8
BLACK
6
CONTINUOUS
10
5.7579418110236222
20
-4.2943503149606297
11
5.7564991732283461
21
-4.2929331889763782
0
LINE
8
BLACK
6
CONTINUOUS
10
5.7564991732283461
20
-4.2929331889763782
11
5.7547237795275592
21
-4.290276181102362
0
LINE
8
BLACK
6
CONTINUOUS
10
5.7547237795275592
20
-4.290276181102362
11
5.7514095275590549
21
-4.2880616535433074
0
LINE
8
BLACK
6
CONTINUOUS
10
5.7514095275590549
20
-4.2880616535433074
11
5.7484868897637798
21
-4.2874803149606295
0
LINE
8
BLACK
6
CONTINUOUS
10
5.7484868897637798
20
-4.2874803149606295
11
5.6915132283464569
21
-4.2874803149606295
0
LINE
8
BLACK
6
CONTINUOUS
10
5.6915132283464569
20
-4.2874803149606295
11
5.6915128346456694
21
-4.2874803543307083
0
LINE
8
BLACK
6
CONTINUOUS
10
5.6915128346456694
20
-4.2874803543307083
11
5.6885905118110234
21
-4.2880616141732286
0
LINE
8
BLACK
6
CONTINUOUS
10
5.6885905118110234
20
-4.2880616141732286
11
5.6852761811023624
21
-4.2902762204724407
0
LINE
8
BLACK
6
CONTINUOUS
10
5.6852761811023624
20
-4.2902762204724407
11
5.6835008267716534
21
-4.2929331889763782
0
LINE
8
BLACK
6
CONTINUOUS
10
5.6835008267716534
20
-4.2929331889763782
11
5.6813560629921263
21
-4.294725590551181
0
LINE
8
BLACK
6
CONTINUOUS
10
5.6813560629921263
20
-4.294725590551181
11
5.6793762598425195
21
-4.2951377952755907
0
LINE
8
BLACK
6
CONTINUOUS
10
5.6793762598425195
20
-4.2951377952755907
11
5.6738975984251967
21
-4.2951377952755907
0
LINE
8
BLACK
6
CONTINUOUS
10
5.6738975984251967
20
-4.2951377952755907
11
5.671215669291338
21
-4.2943503149606297
0
LINE
8
BLACK
6
CONTINUOUS
10
5.671215669291338
20
-4.2943503149606297
11
5.6693852362204726
21
-4.2922378740157479
0
LINE
8
BLACK
6
CONTINUOUS
10
5.6693852362204726
20
-4.2922378740157479
11
5.668936968503937
21
-4.290177165354331
0
LINE
8
BLACK
6
CONTINUOUS
10
5.668936968503937
20
-4.290177165354331
11
5.668936968503937
21
-4.2767691338582674
0
LINE
8
BLACK
6
CONTINUOUS
10
5.668936968503937
20
-4.2767691338582674
11
5.6689369291338583
21
-4.2767687795275586
0
LINE
8
BLACK
6
CONTINUOUS
10
5.6689369291338583
20
-4.2767687795275586
11
5.6683556692913388
21
-4.2738464173228348
0
LINE
8
BLACK
6
CONTINUOUS
10
5.6683556692913388
20
-4.2738464173228348
11
5.667870748031496
21
-4.2731206692913384
0
LINE
8
BLACK
6
CONTINUOUS
10
5.667870748031496
20
-4.2731206692913384
11
5.6661411023622046
21
-4.2705321259842517
0
LINE
8
BLACK
6
CONTINUOUS
10
5.6661411023622046
20
-4.2705321259842517
11
5.6661410629921258
21
-4.2705320866141729
0
LINE
8
BLACK
6
CONTINUOUS
10
5.6661410629921258
20
-4.2705320866141729
11
5.6628268503937003
21
-4.2683175590551183
0
LINE
8
BLACK
6
CONTINUOUS
10
5.6628268503937003
20
-4.2683175590551183
11
5.6599042125984251
21
-4.2677362204724405
0
LINE
8
BLACK
6
CONTINUOUS
10
5.6599042125984251
20
-4.2677362204724405
11
5.6029305511811023
21
-4.2677362204724405
0
LINE
8
BLACK
6
CONTINUOUS
10
5.6029305511811023
20
-4.2677362204724405
11
5.6029301574803148
21
-4.2677362598425193
0
LINE
8
BLACK
6
CONTINUOUS
10
5.6029301574803148
20
-4.2677362598425193
11
5.6000078346456688
21
-4.2683175196850396
0
LINE
8
BLACK
6
CONTINUOUS
10
5.6000078346456688
20
-4.2683175196850396
11
5.5966935433070866
21
-4.2705320866141729
0
LINE
8
BLACK
6
CONTINUOUS
10
5.5966935433070866
20
-4.2705320866141729
11
5.5958241732283467
21
-4.2718331889763776
0
LINE
8
BLACK
6
CONTINUOUS
10
5.5958241732283467
20
-4.2718331889763776
11
5.5948524015748031
21
-4.2732875196850388
0
LINE
8
BLACK
6
CONTINUOUS
10
5.5948524015748031
20
-4.2732875196850388
11
5.5927077165354326
21
-4.2750799212598425
0
LINE
8
BLACK
6
CONTINUOUS
10
5.5927077165354326
20
-4.2750799212598425
11
5.590727874015748
21
-4.2754921259842522
0
LINE
8
BLACK
6
CONTINUOUS
10
5.590727874015748
20
-4.2754921259842522
11
5.582506653543307
21
-4.2754921259842522
0
LINE
8
BLACK
6
CONTINUOUS
10
5.582506653543307
20
-4.2754921259842522
11
5.5798247244094483
21
-4.2747046456692912
0
LINE
8
BLACK
6
CONTINUOUS
10
5.5798247244094483
20
-4.2747046456692912
11
5.5797506299212598
21
-4.2746561023622043
0
LINE
8
BLACK
6
CONTINUOUS
10
5.5797506299212598
20
-4.2746561023622043
11
5.5774527559055116
21
-4.2731206692913384
0
LINE
8
BLACK
6
CONTINUOUS
10
5.5774527559055116
20
-4.2731206692913384
11
5.574530196850394
21
-4.2725393700787402
0
LINE
8
BLACK
6
CONTINUOUS
10
5.574530196850394
20
-4.2725393700787402
11
5.5308242519685038
21
-4.2725393700787402
0
LINE
8
BLACK
6
CONTINUOUS
10
5.5308242519685038
20
-4.2725393700787402
11
5.5308238582677163
21
-4.2725394094488189
0
LINE
8
BLACK
6
CONTINUOUS
10
5.5308238582677163
20
-4.2725394094488189
11
5.5279015354330712
21
-4.2731206692913384
0
LINE
8
BLACK
6
CONTINUOUS
10
5.5279015354330712
20
-4.2731206692913384
11
5.5245872047244093
21
-4.2753352755905514
0
LINE
8
BLACK
6
CONTINUOUS
10
5.5245872047244093
20
-4.2753352755905514
11
5.5224914566929133
21
-4.2784717322834647
0
LINE
8
BLACK
6
CONTINUOUS
10
5.5224914566929133
20
-4.2784717322834647
11
5.5203466929133853
21
-4.2802641338582674
0
LINE
8
BLACK
6
CONTINUOUS
10
5.5203466929133853
20
-4.2802641338582674
11
5.5196509842519683
21
-4.2805072440944878
0
LINE
8
BLACK
6
CONTINUOUS
10
5.5196509842519683
20
-4.2805072440944878
11
5.5170045275590551
21
-4.2812163779527559
0
LINE
8
BLACK
6
CONTINUOUS
10
5.5170045275590551
20
-4.2812163779527559
11
5.5170044488188976
21
-4.2812163779527559
0
LINE
8
BLACK
6
CONTINUOUS
10
5.5170044488188976
20
-4.2812163779527559
11
5.5164164566929133
21
-4.2813739370078743
0
LINE
8
BLACK
6
CONTINUOUS
10
5.5164164566929133
20
-4.2813739370078743
11
5.5162014960629921
21
-4.2814315748031495
0
LINE
8
BLACK
6
CONTINUOUS
10
5.5162014960629921
20
-4.2814315748031495
11
5.5162014566929134
21
-4.2814315748031495
0
LINE
8
BLACK
6
CONTINUOUS
10
5.5162014566929134
20
-4.2814315748031495
11
5.5162013779527559
21
-4.2814316141732283
0
LINE
8
BLACK
6
CONTINUOUS
10
5.5162013779527559
20
-4.2814316141732283
11
5.5162013385826771
21
-4.2814316141732283
0
LINE
8
BLACK
6
CONTINUOUS
10
5.5162013385826771
20
-4.2814316141732283
11
5.5127946456692909
21
-4.283398464566929
0
LINE
8
BLACK
6
CONTINUOUS
10
5.5127946456692909
20
-4.283398464566929
11
5.5127944488188971
21
-4.283398622047244
0
LINE
8
BLACK
6
CONTINUOUS
10
5.5127944488188971
20
-4.283398622047244
11
5.5114036220472435
21
-4.2847894881889763
0
LINE
8
BLACK
6
CONTINUOUS
10
5.5114036220472435
20
-4.2847894881889763
11
5.5100127559055121
21
-4.2861803543307087
0
LINE
8
BLACK
6
CONTINUOUS
10
5.5100127559055121
20
-4.2861803543307087
11
5.5100126771653546
21
-4.2861804330708662
0
LINE
8
BLACK
6
CONTINUOUS
10
5.5100126771653546
20
-4.2861804330708662
11
5.5078733070866139
21
-4.2883198031496059
0
LINE
8
BLACK
6
CONTINUOUS
10
5.5078733070866139
20
-4.2883198031496059
11
5.5078732283464564
21
-4.2883198818897634
0
LINE
8
BLACK
6
CONTINUOUS
10
5.5078732283464564
20
-4.2883198818897634
11
5.5072194094488189
21
-4.2889737007874018
0
LINE
8
BLACK
6
CONTINUOUS
10
5.5072194094488189
20
-4.2889737007874018
11
5.5054170472440944
21
-4.2907760236220476
0
LINE
8
BLACK
6
CONTINUOUS
10
5.5054170472440944
20
-4.2907760236220476
11
5.5029637795275592
21
-4.2921155511811024
0
LINE
8
BLACK
6
CONTINUOUS
10
5.5029637795275592
20
-4.2921155511811024
11
5.5001757874015746
21
-4.2919161023622046
0
LINE
8
BLACK
6
CONTINUOUS
10
5.5001757874015746
20
-4.2919161023622046
11
5.4979381889763781
21
-4.2902409842519686
0
LINE
8
BLACK
6
CONTINUOUS
10
5.4979381889763781
20
-4.2902409842519686
11
5.4969614173228347
21
-4.2876220866141734
0
LINE
8
BLACK
6
CONTINUOUS
10
5.4969614173228347
20
-4.2876220866141734
11
5.4969487795275587
21
-4.2872682677165352
0
LINE
8
BLACK
6
CONTINUOUS
10
5.4969487795275587
20
-4.2872682677165352
11
5.4969487795275587
21
-4.2815722834645671
0
LINE
8
BLACK
6
CONTINUOUS
10
5.4969487795275587
20
-4.2815722834645671
11
5.4969487401574799
21
-4.2815718897637796
0
LINE
8
BLACK
6
CONTINUOUS
10
5.4969487401574799
20
-4.2815718897637796
11
5.4963674803149605
21
-4.2786495669291336
0
LINE
8
BLACK
6
CONTINUOUS
10
5.4963674803149605
20
-4.2786495669291336
11
5.4941528740157475
21
-4.2753352362204726
0
LINE
8
BLACK
6
CONTINUOUS
10
5.4941528740157475
20
-4.2753352362204726
11
5.4908386614173228
21
-4.2731207086614171
0
LINE
8
BLACK
6
CONTINUOUS
10
5.4908386614173228
20
-4.2731207086614171
11
5.4879160236220468
21
-4.2725393700787402
0
LINE
8
BLACK
6
CONTINUOUS
10
5.4879160236220468
20
-4.2725393700787402
11
5.4442100787401575
21
-4.2725393700787402
0
LINE
8
BLACK
6
CONTINUOUS
10
5.4442100787401575
20
-4.2725393700787402
11
5.44420968503937
21
-4.2725394094488189
0
LINE
8
BLACK
6
CONTINUOUS
10
5.44420968503937
20
-4.2725394094488189
11
5.441287362204724
21
-4.2731206692913384
0
LINE
8
BLACK
6
CONTINUOUS
10
5.441287362204724
20
-4.2731206692913384
11
5.437973031496063
21
-4.2753352755905514
0
LINE
8
BLACK
6
CONTINUOUS
10
5.437973031496063
20
-4.2753352755905514
11
5.4357585039370075
21
-4.2786494881889761
0
LINE
8
BLACK
6
CONTINUOUS
10
5.4357585039370075
20
-4.2786494881889761
11
5.4351771653543306
21
-4.2815720472440946
0
LINE
8
BLACK
6
CONTINUOUS
10
5.4351771653543306
20
-4.2815720472440946
11
5.4351771653543306
21
-4.2960959842519681
0
LINE
8
BLACK
6
CONTINUOUS
10
5.4351771653543306
20
-4.2960959842519681
11
5.4343896850393696
21
-4.2987779133858268
0
LINE
8
BLACK
6
CONTINUOUS
10
5.4343896850393696
20
-4.2987779133858268
11
5.4337243700787399
21
-4.2996034645669292
0
LINE
8
BLACK
6
CONTINUOUS
10
5.4337243700787399
20
-4.2996034645669292
11
5.4283937795275587
21
-4.3049340944881891
0
LINE
8
BLACK
6
CONTINUOUS
10
5.4283937795275587
20
-4.3049340944881891
11
5.4237926377952759
21
-4.309535236220472
0
LINE
8
BLACK
6
CONTINUOUS
10
5.4237926377952759
20
-4.309535236220472
11
5.4221833858267718
21
-4.3106105118110234
0
LINE
8
BLACK
6
CONTINUOUS
10
5.4221833858267718
20
-4.3106105118110234
11
5.4196992125984247
21
-4.3116394881889759
0
LINE
8
BLACK
6
CONTINUOUS
10
5.4196992125984247
20
-4.3116394881889759
11
5.4196991732283459
21
-4.3116395275590547
0
LINE
8
BLACK
6
CONTINUOUS
10
5.4196991732283459
20
-4.3116395275590547
11
5.4151388188976375
21
-4.3151388188976378
0
LINE
8
BLACK
6
CONTINUOUS
10
5.4151388188976375
20
-4.3151388188976378
11
5.4116395275590552
21
-4.3196991732283463
0
LINE
8
BLACK
6
CONTINUOUS
10
5.4116395275590552
20
-4.3196991732283463
11
5.4116394881889764
21
-4.319699212598425
0
LINE
8
BLACK
6
CONTINUOUS
10
5.4116394881889764
20
-4.319699212598425
11
5.4106105118110239
21
-4.3221833858267713
0
LINE
8
BLACK
6
CONTINUOUS
10
5.4106105118110239
20
-4.3221833858267713
11
5.4095351968503937
21
-4.3237926377952753
0
LINE
8
BLACK
6
CONTINUOUS
10
5.4095351968503937
20
-4.3237926377952753
11
5.4023004724409445
21
-4.3310273622047246
0
LINE
8
BLACK
6
CONTINUOUS
10
5.4023004724409445
20
-4.3310273622047246
11
5.399847244094488
21
-4.332366968503937
0
LINE
8
BLACK
6
CONTINUOUS
10
5.399847244094488
20
-4.332366968503937
11
5.3987927952755905
21
-4.3324803149606295
0
LINE
8
BLACK
6
CONTINUOUS
10
5.3987927952755905
20
-4.3324803149606295
11
5.3515132283464562
21
-4.3324803149606295
0
LINE
8
BLACK
6
CONTINUOUS
10
5.3515132283464562
20
-4.3324803149606295
11
5.3515128346456695
21
-4.3324803543307082
0
LINE
8
BLACK
6
CONTINUOUS
10
5.3515128346456695
20
-4.3324803543307082
11
5.3485905118110235
21
-4.3330616141732285
0
LINE
8
BLACK
6
CONTINUOUS
10
5.3485905118110235
20
-4.3330616141732285
11
5.3452761811023617
21
-4.3352762204724407
0
LINE
8
BLACK
6
CONTINUOUS
10
5.3452761811023617
20
-4.3352762204724407
11
5.3430616535433071
21
-4.3385904330708662
0
LINE
8
BLACK
6
CONTINUOUS
10
5.3430616535433071
20
-4.3385904330708662
11
5.3424803149606301
21
-4.3415129921259838
0
LINE
8
BLACK
6
CONTINUOUS
10
5.3424803149606301
20
-4.3415129921259838
11
5.3424803149606301
21
-4.369291338582677
0
LINE
8
BLACK
6
CONTINUOUS
10
5.3424803149606301
20
-4.369291338582677
11
5.3418157480314958
21
-4.3717715748031498
0
LINE
8
BLACK
6
CONTINUOUS
10
5.3418157480314958
20
-4.3717715748031498
11
5.3414914173228345
21
-4.3723333070866142
0
LINE
8
BLACK
6
CONTINUOUS
10
5.3414914173228345
20
-4.3723333070866142
11
5.3414913779527557
21
-4.3723334645669292
0
LINE
8
BLACK
6
CONTINUOUS
10
5.3414913779527557
20
-4.3723334645669292
11
5.3401895669291335
21
-4.3771919685039373
0
LINE
8
BLACK
6
CONTINUOUS
10
5.3401895669291335
20
-4.3771919685039373
11
5.3401377952755906
21
-4.3773851181102366
0
LINE
8
BLACK
6
CONTINUOUS
10
5.3401377952755906
20
-4.3773851181102366
11
5.3401377952755906
21
-4.5626148425196851
0
LINE
8
BLACK
6
CONTINUOUS
10
5.3401377952755906
20
-4.5626148425196851
11
5.3401377559055119
21
-4.5626148425196851
0
LINE
8
BLACK
6
CONTINUOUS
10
5.3401377559055119
20
-4.5626148425196851
11
5.3405274409448822
21
-4.5640690944881888
0
LINE
8
BLACK
6
CONTINUOUS
10
6.9885748031496062
20
-4.6460288976377955
11
6.9801782283464568
21
-4.6499442913385822
0
LINE
8
BLACK
6
CONTINUOUS
10
6.9801782283464568
20
-4.6499442913385822
11
6.9712293307086615
21
-4.6523421259842515
0
LINE
8
BLACK
6
CONTINUOUS
10
6.9712293307086615
20
-4.6523421259842515
11
6.9619999999999997
21
-4.6531496062992126
0
LINE
8
BLACK
6
CONTINUOUS
10
6.9619999999999997
20
-4.6531496062992126
11
6.952770669291338
21
-4.6523421259842515
0
LINE
8
BLACK
6
CONTINUOUS
10
6.952770669291338
20
-4.6523421259842515
11
6.9438217716535435
21
-4.6499442913385822
0
LINE
8
BLACK
6
CONTINUOUS
10
6.9438217716535435
20
-4.6499442913385822
11
6.9354251968503933
21
-4.6460288976377955
0
LINE
8
BLACK
6
CONTINUOUS
10
6.9354251968503933
20
-4.6460288976377955
11
6.9323007874015747
21
-4.6438411811023617
0
LINE
8
BLACK
6
CONTINUOUS
10
6.9323007874015747
20
-4.6438411811023617
11
6.9178311811023621
21
-4.6583108267716531
0
LINE
8
BLACK
6
CONTINUOUS
10
6.9178311811023621
20
-4.6583108267716531
11
6.9178312204724408
21
-4.6583108661417318
0
LINE
8
BLACK
6
CONTINUOUS
10
6.9178312204724408
20
-4.6583108661417318
11
6.9223511417322836
21
-4.6616944488188974
0
LINE
8
BLACK
6
CONTINUOUS
10
6.9223511417322836
20
-4.6616944488188974
11
6.9315348425196852
21
-4.6667091338582676
0
LINE
8
BLACK
6
CONTINUOUS
10
6.9315348425196852
20
-4.6667091338582676
11
6.9413388188976377
21
-4.6703658267716532
0
LINE
8
BLACK
6
CONTINUOUS
10
6.9413388188976377
20
-4.6703658267716532
11
6.9515632677165353
21
-4.6725899999999996
0
LINE
8
BLACK
6
CONTINUOUS
10
6.9515632677165353
20
-4.6725899999999996
11
6.9619999999999997
21
-4.6733364173228349
0
LINE
8
BLACK
6
CONTINUOUS
10
6.9619999999999997
20
-4.6733364173228349
11
6.9724366929133854
21
-4.6725899999999996
0
LINE
8
BLACK
6
CONTINUOUS
10
6.9724366929133854
20
-4.6725899999999996
11
6.982661141732283
21
-4.6703658267716532
0
LINE
8
BLACK
6
CONTINUOUS
10
6.982661141732283
20
-4.6703658267716532
11
6.9924651181102364
21
-4.6667091338582676
0
LINE
8
BLACK
6
CONTINUOUS
10
6.9924651181102364
20
-4.6667091338582676
11
7.001648661417323
21
-4.6616945669291336
0
LINE
8
BLACK
6
CONTINUOUS
10
7.001648661417323
20
-4.6616945669291336
11
7.0061687007874012
21
-4.6583108267716531
0
LINE
8
BLACK
6
CONTINUOUS
10
7.0061687007874012
20
-4.6583108267716531
11
7.0061687401574799
21
-4.6583108267716531
0
LINE
8
BLACK
6
CONTINUOUS
10
7.0061687401574799
20
-4.6583108267716531
11
6.9916990944881885
21
-4.6438411811023617
0
LINE
8
BLACK
6
CONTINUOUS
10
6.9916990944881885
20
-4.6438411811023617
11
6.9885748031496062
21
-4.6460288976377955
0
LINE
8
BLACK
6
CONTINUOUS
10
7.1885748031496064
20
-4.6460288976377955
11
7.1801782283464561
21
-4.6499442913385822
0
LINE
8
BLACK
6
CONTINUOUS
10
7.1801782283464561
20
-4.6499442913385822
11
7.1712293307086616
21
-4.6523421259842515
0
LINE
8
BLACK
6
CONTINUOUS
10
7.1712293307086616
20
-4.6523421259842515
11
7.1619999999999999
21
-4.6531496062992126
0
LINE
8
BLACK
6
CONTINUOUS
10
7.1619999999999999
20
-4.6531496062992126
11
7.1527706692913382
21
-4.6523421259842515
0
LINE
8
BLACK
6
CONTINUOUS
10
7.1527706692913382
20
-4.6523421259842515
11
7.1438217716535428
21
-4.6499442913385822
0
LINE
8
BLACK
6
CONTINUOUS
10
7.1438217716535428
20
-4.6499442913385822
11
7.1354251968503934
21
-4.6460288976377955
0
LINE
8
BLACK
6
CONTINUOUS
10
7.1354251968503934
20
-4.6460288976377955
11
7.1323007874015749
21
-4.6438411811023617
0
LINE
8
BLACK
6
CONTINUOUS
10
7.1323007874015749
20
-4.6438411811023617
11
7.1178311811023622
21
-4.6583108267716531
0
LINE
8
BLACK
6
CONTINUOUS
10
7.1178311811023622
20
-4.6583108267716531
11
7.117831220472441
21
-4.6583108661417318
0
LINE
8
BLACK
6
CONTINUOUS
10
7.117831220472441
20
-4.6583108661417318
11
7.1223511417322829
21
-4.6616944488188974
0
LINE
8
BLACK
6
CONTINUOUS
10
7.1223511417322829
20
-4.6616944488188974
11
7.1315348425196845
21
-4.6667091338582676
0
LINE
8
BLACK
6
CONTINUOUS
10
7.1315348425196845
20
-4.6667091338582676
11
7.1413388188976379
21
-4.6703658267716532
0
LINE
8
BLACK
6
CONTINUOUS
10
7.1413388188976379
20
-4.6703658267716532
11
7.1515632677165355
21
-4.6725899999999996
0
LINE
8
BLACK
6
CONTINUOUS
10
7.1515632677165355
20
-4.6725899999999996
11
7.1619999999999999
21
-4.6733364173228349
0
LINE
8
BLACK
6
CONTINUOUS
10
7.1619999999999999
20
-4.6733364173228349
11
7.1724366929133856
21
-4.6725899999999996
0
LINE
8
BLACK
6
CONTINUOUS
10
7.1724366929133856
20
-4.6725899999999996
11
7.1826611417322832
21
-4.6703658267716532
0
LINE
8
BLACK
6
CONTINUOUS
10
7.1826611417322832
20
-4.6703658267716532
11
7.1924651181102357
21
-4.6667091338582676
0
LINE
8
BLACK
6
CONTINUOUS
10
7.1924651181102357
20
-4.6667091338582676
11
7.2016486614173223
21
-4.6616945669291336
0
LINE
8
BLACK
6
CONTINUOUS
10
7.2016486614173223
20
-4.6616945669291336
11
7.2061687007874013
21
-4.6583108267716531
0
LINE
8
BLACK
6
CONTINUOUS
10
7.2061687007874013
20
-4.6583108267716531
11
7.2061687401574801
21
-4.6583108267716531
0
LINE
8
BLACK
6
CONTINUOUS
10
7.2061687401574801
20
-4.6583108267716531
11
7.1916990944881887
21
-4.6438411811023617
0
LINE
8
BLACK
6
CONTINUOUS
10
7.1916990944881887
20
-4.6438411811023617
11
7.1885748031496064
21
-4.6460288976377955
0
LINE
8
BLACK
6
CONTINUOUS
10
5.4399999999999995
20
-4.6499999999999995
11
5.46
21
-4.6499999999999995
0
LINE
8
BLACK
6
CONTINUOUS
10
5.46
20
-4.6499999999999995
11
5.46
21
-4.6699999999999999
0
LINE
8
BLACK
6
CONTINUOUS
10
5.46
20
-4.6699999999999999
11
5.5
21
-4.6699999999999999
0
LINE
8
BLACK
6
CONTINUOUS
10
5.5
20
-4.6699999999999999
11
5.5
21
-4.6499999999999995
0
LINE
8
BLACK
6
CONTINUOUS
10
5.5
20
-4.6499999999999995
11
5.5199999999999996
21
-4.6499999999999995
0
LINE
8
BLACK
6
CONTINUOUS
10
5.5199999999999996
20
-4.6499999999999995
11
5.5199999999999996
21
-4.6299999999999999
0
LINE
8
BLACK
6
CONTINUOUS
10
5.5199999999999996
20
-4.6299999999999999
11
5.498086692913386
21
-4.6299999999999999
0
LINE
8
BLACK
6
CONTINUOUS
10
5.498086692913386
20
-4.6299999999999999
11
5.4957049606299213
21
-4.6302561023622042
0
LINE
8
BLACK
6
CONTINUOUS
10
5.4957049606299213
20
-4.6302561023622042
11
5.4903163385826774
21
-4.6322659448818895
0
LINE
8
BLACK
6
CONTINUOUS
10
5.4903163385826774
20
-4.6322659448818895
11
5.4903162992125987
21
-4.6322659448818895
0
LINE
8
BLACK
6
CONTINUOUS
10
5.4903162992125987
20
-4.6322659448818895
11
5.4857124803149606
21
-4.6357123622047247
0
LINE
8
BLACK
6
CONTINUOUS
10
5.4857124803149606
20
-4.6357123622047247
11
5.4839711811023619
21
-4.6380384645669288
0
LINE
8
BLACK
6
CONTINUOUS
10
5.4839711811023619
20
-4.6380384645669288
11
5.4817335039370079
21
-4.6397135039370081
0
LINE
8
BLACK
6
CONTINUOUS
10
5.4817335039370079
20
-4.6397135039370081
11
5.4789455118110233
21
-4.6399128740157476
0
LINE
8
BLACK
6
CONTINUOUS
10
5.4789455118110233
20
-4.6399128740157476
11
5.4764922834645668
21
-4.638573307086614
0
LINE
8
BLACK
6
CONTINUOUS
10
5.4764922834645668
20
-4.638573307086614
11
5.476028818897638
21
-4.6380384645669288
0
LINE
8
BLACK
6
CONTINUOUS
10
5.476028818897638
20
-4.6380384645669288
11
5.4742874803149606
21
-4.6357123622047247
0
LINE
8
BLACK
6
CONTINUOUS
10
5.4742874803149606
20
-4.6357123622047247
11
5.4696836614173225
21
-4.6322659448818895
0
LINE
8
BLACK
6
CONTINUOUS
10
5.4696836614173225
20
-4.6322659448818895
11
5.4642949999999999
21
-4.6302561023622042
0
LINE
8
BLACK
6
CONTINUOUS
10
5.4642949999999999
20
-4.6302561023622042
11
5.4619132677165352
21
-4.6299999999999999
0
LINE
8
BLACK
6
CONTINUOUS
10
5.4619132677165352
20
-4.6299999999999999
11
5.4399999999999995
21
-4.6299999999999999
0
LINE
8
BLACK
6
CONTINUOUS
10
5.4399999999999995
20
-4.6299999999999999
11
5.4399999999999995
21
-4.6499999999999995
0
LINE
8
BLACK
6
CONTINUOUS
10
5.3957049606299208
20
-4.6302561023622042
11
5.3903163385826769
21
-4.6322659448818895
0
LINE
8
BLACK
6
CONTINUOUS
10
5.3903163385826769
20
-4.6322659448818895
11
5.3903162992125981
21
-4.6322659448818895
0
LINE
8
BLACK
6
CONTINUOUS
10
5.3903162992125981
20
-4.6322659448818895
11
5.3857124015748035
21
-4.6357124015748035
0
LINE
8
BLACK
6
CONTINUOUS
10
5.3857124015748035
20
-4.6357124015748035
11
5.3822659448818895
21
-4.6403162992125981
0
LINE
8
BLACK
6
CONTINUOUS
10
5.3822659448818895
20
-4.6403162992125981
11
5.3822659448818895
21
-4.6403163385826769
0
LINE
8
BLACK
6
CONTINUOUS
10
5.3822659448818895
20
-4.6403163385826769
11
5.3802561023622042
21
-4.6457049606299208
0
LINE
8
BLACK
6
CONTINUOUS
10
5.3802561023622042
20
-4.6457049606299208
11
5.3799999999999999
21
-4.6480866929133855
0
LINE
8
BLACK
6
CONTINUOUS
10
5.3799999999999999
20
-4.6480866929133855
11
5.3799999999999999
21
-4.6699999999999999
0
LINE
8
BLACK
6
CONTINUOUS
10
5.3799999999999999
20
-4.6699999999999999
11
5.3999999999999995
21
-4.6699999999999999
0
LINE
8
BLACK
6
CONTINUOUS
10
5.3999999999999995
20
-4.6699999999999999
11
5.3999999999999995
21
-4.6499999999999995
0
LINE
8
BLACK
6
CONTINUOUS
10
5.3999999999999995
20
-4.6499999999999995
11
5.4199999999999999
21
-4.6499999999999995
0
LINE
8
BLACK
6
CONTINUOUS
10
5.4199999999999999
20
-4.6499999999999995
11
5.4199999999999999
21
-4.6299999999999999
0
LINE
8
BLACK
6
CONTINUOUS
10
5.4199999999999999
20
-4.6299999999999999
11
5.3980866929133855
21
-4.6299999999999999
0
LINE
8
BLACK
6
CONTINUOUS
10
5.3980866929133855
20
-4.6299999999999999
11
5.3957049606299208
21
-4.6302561023622042
0
LINE
8
BLACK
6
CONTINUOUS
10
6.90368905511811
20
-4.5558312204724407
11
6.900305393700787
21
-4.5603513385826773
0
LINE
8
BLACK
6
CONTINUOUS
10
6.900305393700787
20
-4.5603513385826773
11
6.8952908267716531
21
-4.5695348425196851
0
LINE
8
BLACK
6
CONTINUOUS
10
6.8952908267716531
20
-4.5695348425196851
11
6.8916341338582674
21
-4.5793388188976376
0
LINE
8
BLACK
6
CONTINUOUS
10
6.8916341338582674
20
-4.5793388188976376
11
6.8894099606299211
21
-4.5895632677165352
0
LINE
8
BLACK
6
CONTINUOUS
10
6.8894099606299211
20
-4.5895632677165352
11
6.8886635433070866
21
-4.5999999999999996
0
LINE
8
BLACK
6
CONTINUOUS
10
6.8886635433070866
20
-4.5999999999999996
11
6.8894099606299211
21
-4.6104366929133853
0
LINE
8
BLACK
6
CONTINUOUS
10
6.8894099606299211
20
-4.6104366929133853
11
6.8916341338582674
21
-4.6206611417322829
0
LINE
8
BLACK
6
CONTINUOUS
10
6.8916341338582674
20
-4.6206611417322829
11
6.8952908267716531
21
-4.6304651181102363
0
LINE
8
BLACK
6
CONTINUOUS
10
6.8952908267716531
20
-4.6304651181102363
11
6.9003054330708657
21
-4.6396486614173229
0
LINE
8
BLACK
6
CONTINUOUS
10
6.9003054330708657
20
-4.6396486614173229
11
6.9036890944881888
21
-4.6441687007874011
0
LINE
8
BLACK
6
CONTINUOUS
10
6.9036890944881888
20
-4.6441687007874011
11
6.9036890944881888
21
-4.6441687401574798
0
LINE
8
BLACK
6
CONTINUOUS
10
6.9036890944881888
20
-4.6441687401574798
11
6.9181587401574802
21
-4.6296990551181105
0
LINE
8
BLACK
6
CONTINUOUS
10
6.9181587401574802
20
-4.6296990551181105
11
6.9159711023622048
21
-4.6265748031496061
0
LINE
8
BLACK
6
CONTINUOUS
10
6.9159711023622048
20
-4.6265748031496061
11
6.9120557086614172
21
-4.6181782283464567
0
LINE
8
BLACK
6
CONTINUOUS
10
6.9120557086614172
20
-4.6181782283464567
11
6.9096578740157479
21
-4.6092293307086614
0
LINE
8
BLACK
6
CONTINUOUS
10
6.9096578740157479
20
-4.6092293307086614
11
6.9088503937007877
21
-4.5999999999999996
0
LINE
8
BLACK
6
CONTINUOUS
10
6.9088503937007877
20
-4.5999999999999996
11
6.9096578740157479
21
-4.5907706692913388
0
LINE
8
BLACK
6
CONTINUOUS
10
6.9096578740157479
20
-4.5907706692913388
11
6.9120557086614172
21
-4.5818217716535434
0
LINE
8
BLACK
6
CONTINUOUS
10
6.9120557086614172
20
-4.5818217716535434
11
6.9159711023622048
21
-4.5734251968503932
0
LINE
8
BLACK
6
CONTINUOUS
10
6.9159711023622048
20
-4.5734251968503932
11
6.918158779527559
21
-4.5703008661417321
0
LINE
8
BLACK
6
CONTINUOUS
10
6.918158779527559
20
-4.5703008661417321
11
6.9036890944881888
21
-4.555831181102362
0
LINE
8
BLACK
6
CONTINUOUS
10
6.9036890944881888
20
-4.555831181102362
11
6.90368905511811
21
-4.5558312204724407
0
LINE
8
BLACK
6
CONTINUOUS
10
7.1036890551181102
20
-4.3558312204724405
11
7.1003053937007872
21
-4.3603513385826771
0
LINE
8
BLACK
6
CONTINUOUS
10
7.1003053937007872
20
-4.3603513385826771
11
7.0952908267716532
21
-4.3695348425196849
0
LINE
8
BLACK
6
CONTINUOUS
10
7.0952908267716532
20
-4.3695348425196849
11
7.0916341338582676
21
-4.3793388188976374
0
LINE
8
BLACK
6
CONTINUOUS
10
7.0916341338582676
20
-4.3793388188976374
11
7.0894099606299212
21
-4.389563267716535
0
LINE
8
BLACK
6
CONTINUOUS
10
7.0894099606299212
20
-4.389563267716535
11
7.0886635433070868
21
-4.3999999999999995
0
LINE
8
BLACK
6
CONTINUOUS
10
7.0886635433070868
20
-4.3999999999999995
11
7.0894099606299212
21
-4.410436692913386
0
LINE
8
BLACK
6
CONTINUOUS
10
7.0894099606299212
20
-4.410436692913386
11
7.0916341338582676
21
-4.4206611417322836
0
LINE
8
BLACK
6
CONTINUOUS
10
7.0916341338582676
20
-4.4206611417322836
11
7.0952908267716532
21
-4.4304651181102361
0
LINE
8
BLACK
6
CONTINUOUS
10
7.0952908267716532
20
-4.4304651181102361
11
7.1003055118110234
21
-4.4396488188976377
0
LINE
8
BLACK
6
CONTINUOUS
10
7.1003055118110234
20
-4.4396488188976377
11
7.1050453149606296
21
-4.4459804330708659
0
LINE
8
BLACK
6
CONTINUOUS
10
7.1050453149606296
20
-4.4459804330708659
11
7.1060221259842518
21
-4.4485993307086611
0
LINE
8
BLACK
6
CONTINUOUS
10
7.1060221259842518
20
-4.4485993307086611
11
7.1054279921259837
21
-4.4513305905511809
0
LINE
8
BLACK
6
CONTINUOUS
10
7.1054279921259837
20
-4.4513305905511809
11
7.103451535433071
21
-4.4533070472440945
0
LINE
8
BLACK
6
CONTINUOUS
10
7.103451535433071
20
-4.4533070472440945
11
7.1007202755905512
21
-4.4539012204724404
0
LINE
8
BLACK
6
CONTINUOUS
10
7.1007202755905512
20
-4.4539012204724404
11
7.0981013385826772
21
-4.4529244094488192
0
LINE
8
BLACK
6
CONTINUOUS
10
7.0981013385826772
20
-4.4529244094488192
11
7.0978531889763774
21
-4.4527259055118114
0
LINE
8
BLACK
6
CONTINUOUS
10
7.0978531889763774
20
-4.4527259055118114
11
7.096923503937008
21
-4.4519318897637792
0
LINE
8
BLACK
6
CONTINUOUS
10
7.096923503937008
20
-4.4519318897637792
11
7.0889740551181104
21
-4.4470604724409446
0
LINE
8
BLACK
6
CONTINUOUS
10
7.0889740551181104
20
-4.4470604724409446
11
7.0869969685039367
21
-4.4462415354330709
0
LINE
8
BLACK
6
CONTINUOUS
10
7.0869969685039367
20
-4.4462415354330709
11
7.0803603937007873
21
-4.4434925590551178
0
LINE
8
BLACK
6
CONTINUOUS
10
7.0803603937007873
20
-4.4434925590551178
11
7.0802764173228345
21
-4.4434724015748026
0
LINE
8
BLACK
6
CONTINUOUS
10
7.0802764173228345
20
-4.4434724015748026
11
7.0712946062992126
21
-4.4413160629921258
0
LINE
8
BLACK
6
CONTINUOUS
10
7.0712946062992126
20
-4.4413160629921258
11
7.0620000000000003
21
-4.4405845669291342
0
LINE
8
BLACK
6
CONTINUOUS
10
7.0620000000000003
20
-4.4405845669291342
11
7.0527053937007871
21
-4.4413160629921258
0
LINE
8
BLACK
6
CONTINUOUS
10
7.0527053937007871
20
-4.4413160629921258
11
7.0436395669291336
21
-4.4434925590551178
0
LINE
8
BLACK
6
CONTINUOUS
10
7.0436395669291336
20
-4.4434925590551178
11
7.035025984251968
21
-4.4470604330708658
0
LINE
8
BLACK
6
CONTINUOUS
10
7.035025984251968
20
-4.4470604330708658
11
7.0270764173228342
21
-4.4519319291338579
0
LINE
8
BLACK
6
CONTINUOUS
10
7.0270764173228342
20
-4.4519319291338579
11
7.0270763779527554
21
-4.4519319685039367
0
LINE
8
BLACK
6
CONTINUOUS
10
7.0270763779527554
20
-4.4519319685039367
11
7.0261474409448814
21
-4.4527253543307088
0
LINE
8
BLACK
6
CONTINUOUS
10
7.0261474409448814
20
-4.4527253543307088
11
7.023596653543307
21
-4.4538683070866139
0
LINE
8
BLACK
6
CONTINUOUS
10
7.023596653543307
20
-4.4538683070866139
11
7.0208328740157482
21
-4.4534507086614168
0
LINE
8
BLACK
6
CONTINUOUS
10
7.0208328740157482
20
-4.4534507086614168
11
7.018733622047244
21
-4.4516052362204723
0
LINE
8
BLACK
6
CONTINUOUS
10
7.018733622047244
20
-4.4516052362204723
11
7.0179653149606294
21
-4.4489177559055113
0
LINE
8
BLACK
6
CONTINUOUS
10
7.0179653149606294
20
-4.4489177559055113
11
7.0187719685039367
21
-4.4462415354330709
0
LINE
8
BLACK
6
CONTINUOUS
10
7.0187719685039367
20
-4.4462415354330709
11
7.0189546456692913
21
-4.4459803937007871
0
LINE
8
BLACK
6
CONTINUOUS
10
7.0189546456692913
20
-4.4459803937007871
11
7.0236945669291337
21
-4.4396486614173227
0
LINE
8
BLACK
6
CONTINUOUS
10
7.0236945669291337
20
-4.4396486614173227
11
7.0287091338582677
21
-4.4304651181102361
0
LINE
8
BLACK
6
CONTINUOUS
10
7.0287091338582677
20
-4.4304651181102361
11
7.0323658267716533
21
-4.4206611417322836
0
LINE
8
BLACK
6
CONTINUOUS
10
7.0323658267716533
20
-4.4206611417322836
11
7.0345899999999997
21
-4.410436692913386
0
LINE
8
BLACK
6
CONTINUOUS
10
7.0345899999999997
20
-4.410436692913386
11
7.0353364173228341
21
-4.3999999999999995
0
LINE
8
BLACK
6
CONTINUOUS
10
7.0353364173228341
20
-4.3999999999999995
11
7.0345899999999997
21
-4.389563267716535
0
LINE
8
BLACK
6
CONTINUOUS
10
7.0345899999999997
20
-4.389563267716535
11
7.0323658267716533
21
-4.3793388188976374
0
LINE
8
BLACK
6
CONTINUOUS
10
7.0323658267716533
20
-4.3793388188976374
11
7.0287091338582677
21
-4.3695348425196849
0
LINE
8
BLACK
6
CONTINUOUS
10
7.0287091338582677
20
-4.3695348425196849
11
7.0236944488188975
21
-4.3603511417322833
0
LINE
8
BLACK
6
CONTINUOUS
10
7.0236944488188975
20
-4.3603511417322833
11
7.0203108661417319
21
-4.3558312204724405
0
LINE
8
BLACK
6
CONTINUOUS
10
7.0203108661417319
20
-4.3558312204724405
11
7.0058411811023618
21
-4.370300866141732
0
LINE
8
BLACK
6
CONTINUOUS
10
7.0058411811023618
20
-4.370300866141732
11
7.0080288976377947
21
-4.3734251968503939
0
LINE
8
BLACK
6
CONTINUOUS
10
7.0080288976377947
20
-4.3734251968503939
11
7.0119442913385823
21
-4.3818217716535433
0
LINE
8
BLACK
6
CONTINUOUS
10
7.0119442913385823
20
-4.3818217716535433
11
7.0143421259842516
21
-4.3907706692913386
0
LINE
8
BLACK
6
CONTINUOUS
10
7.0143421259842516
20
-4.3907706692913386
11
7.0151496062992127
21
-4.3999999999999995
0
LINE
8
BLACK
6
CONTINUOUS
10
7.0151496062992127
20
-4.3999999999999995
11
7.0143421259842516
21
-4.4092293307086612
0
LINE
8
BLACK
6
CONTINUOUS
10
7.0143421259842516
20
-4.4092293307086612
11
7.0119442913385823
21
-4.4181782283464566
0
LINE
8
BLACK
6
CONTINUOUS
10
7.0119442913385823
20
-4.4181782283464566
11
7.0080288976377947
21
-4.4265748031496059
0
LINE
8
BLACK
6
CONTINUOUS
10
7.0080288976377947
20
-4.4265748031496059
11
7.0027149606299215
21
-4.4341638976377951
0
LINE
8
BLACK
6
CONTINUOUS
10
7.0027149606299215
20
-4.4341638976377951
11
6.9961638976377953
21
-4.4407149606299212
0
LINE
8
BLACK
6
CONTINUOUS
10
6.9961638976377953
20
-4.4407149606299212
11
6.9885748031496062
21
-4.4460288976377953
0
LINE
8
BLACK
6
CONTINUOUS
10
6.9885748031496062
20
-4.4460288976377953
11
6.9801782283464568
21
-4.4499442913385829
0
LINE
8
BLACK
6
CONTINUOUS
10
6.9801782283464568
20
-4.4499442913385829
11
6.9712293307086615
21
-4.4523421259842522
0
LINE
8
BLACK
6
CONTINUOUS
10
6.9712293307086615
20
-4.4523421259842522
11
6.9619999999999997
21
-4.4531496062992124
0
LINE
8
BLACK
6
CONTINUOUS
10
6.9619999999999997
20
-4.4531496062992124
11
6.952770669291338
21
-4.4523421259842522
0
LINE
8
BLACK
6
CONTINUOUS
10
6.952770669291338
20
-4.4523421259842522
11
6.9438217716535435
21
-4.4499442913385829
0
LINE
8
BLACK
6
CONTINUOUS
10
6.9438217716535435
20
-4.4499442913385829
11
6.9354251968503933
21
-4.4460288976377953
0
LINE
8
BLACK
6
CONTINUOUS
10
6.9354251968503933
20
-4.4460288976377953
11
6.9323008661417322
21
-4.4438411811023624
0
LINE
8
BLACK
6
CONTINUOUS
10
6.9323008661417322
20
-4.4438411811023624
11
6.9178312204724408
21
-4.4583108661417326
0
LINE
8
BLACK
6
CONTINUOUS
10
6.9178312204724408
20
-4.4583108661417326
11
6.9223511417322836
21
-4.4616944488188972
0
LINE
8
BLACK
6
CONTINUOUS
10
6.9223511417322836
20
-4.4616944488188972
11
6.9315348425196852
21
-4.4667091338582674
0
LINE
8
BLACK
6
CONTINUOUS
10
6.9315348425196852
20
-4.4667091338582674
11
6.9413392125984252
21
-4.4703659448818893
0
LINE
8
BLACK
6
CONTINUOUS
10
6.9413392125984252
20
-4.4703659448818893
11
6.9415088582677162
21
-4.4704157874015751
0
LINE
8
BLACK
6
CONTINUOUS
10
6.9415088582677162
20
-4.4704157874015751
11
6.9414843307086613
21
-4.4704992519685041
0
LINE
8
BLACK
6
CONTINUOUS
10
6.9414843307086613
20
-4.4704992519685041
11
6.9436277952755905
21
-4.4716704330708659
0
LINE
8
BLACK
6
CONTINUOUS
10
6.9436277952755905
20
-4.4716704330708659
11
6.9449666929133853
21
-4.4741240157480311
0
LINE
8
BLACK
6
CONTINUOUS
10
6.9449666929133853
20
-4.4741240157480311
11
6.9447665354330708
21
-4.4769120078740157
0
LINE
8
BLACK
6
CONTINUOUS
10
6.9447665354330708
20
-4.4769120078740157
11
6.9430908661417323
21
-4.4791491732283459
0
LINE
8
BLACK
6
CONTINUOUS
10
6.9430908661417323
20
-4.4791491732283459
11
6.9404716929133858
21
-4.4801252362204727
0
LINE
8
BLACK
6
CONTINUOUS
10
6.9404716929133858
20
-4.4801252362204727
11
6.9401191338582677
21
-4.4801377952755903
0
LINE
8
BLACK
6
CONTINUOUS
10
6.9401191338582677
20
-4.4801377952755903
11
6.935534330708661
21
-4.4801377952755903
0
LINE
8
BLACK
6
CONTINUOUS
10
6.935534330708661
20
-4.4801377952755903
11
6.9355337007874018
21
-4.4801377559055116
0
LINE
8
BLACK
6
CONTINUOUS
10
6.9355337007874018
20
-4.4801377559055116
11
6.9327770866141734
21
-4.4801377559055116
0
LINE
8
BLACK
6
CONTINUOUS
10
6.9327770866141734
20
-4.4801377559055116
11
6.9324527165354333
21
-4.4801271259842519
0
LINE
8
BLACK
6
CONTINUOUS
10
6.9324527165354333
20
-4.4801271259842519
11
6.9252542519685036
21
-4.4796554330708664
0
LINE
8
BLACK
6
CONTINUOUS
10
6.9252542519685036
20
-4.4796554330708664
11
6.9246109055118108
21
-4.4795707480314961
0
LINE
8
BLACK
6
CONTINUOUS
10
6.9246109055118108
20
-4.4795707480314961
11
6.9176951574803152
21
-4.4781951968503932
0
LINE
8
BLACK
6
CONTINUOUS
10
6.9176951574803152
20
-4.4781951968503932
11
6.9170684251968506
21
-4.4780272834645665
0
LINE
8
BLACK
6
CONTINUOUS
10
6.9170684251968506
20
-4.4780272834645665
11
6.9103908267716534
21
-4.4757606692913381
0
LINE
8
BLACK
6
CONTINUOUS
10
6.9103908267716534
20
-4.4757606692913381
11
6.9097915354330706
21
-4.4755124409448817
0
LINE
8
BLACK
6
CONTINUOUS
10
6.9097915354330706
20
-4.4755124409448817
11
6.9034673228346453
21
-4.4723937401574805
0
LINE
8
BLACK
6
CONTINUOUS
10
6.9034673228346453
20
-4.4723937401574805
11
6.9029055905511809
21
-4.4720694488188979
0
LINE
8
BLACK
6
CONTINUOUS
10
6.9029055905511809
20
-4.4720694488188979
11
6.8970422834645664
21
-4.4681517716535435
0
LINE
8
BLACK
6
CONTINUOUS
10
6.8970422834645664
20
-4.4681517716535435
11
6.8965275196850389
21
-4.4677567716535433
0
LINE
8
BLACK
6
CONTINUOUS
10
6.8965275196850389
20
-4.4677567716535433
11
6.8918930708661419
21
-4.4636925984251965
0
LINE
8
BLACK
6
CONTINUOUS
10
6.8918930708661419
20
-4.4636925984251965
11
6.8911277165354328
21
-4.4630214173228344
0
LINE
8
BLACK
6
CONTINUOUS
10
6.8911277165354328
20
-4.4630214173228344
11
6.890890905511811
21
-4.4627996062992121
0
LINE
8
BLACK
6
CONTINUOUS
10
6.890890905511811
20
-4.4627996062992121
11
6.8865708267716537
21
-4.4584797244094485
0
LINE
8
BLACK
6
CONTINUOUS
10
6.8865708267716537
20
-4.4584797244094485
11
6.8865703543307086
21
-4.4584792519685035
0
LINE
8
BLACK
6
CONTINUOUS
10
6.8865703543307086
20
-4.4584792519685035
11
6.8865699999999999
21
-4.4584789763779531
0
LINE
8
BLACK
6
CONTINUOUS
10
6.8865699999999999
20
-4.4584789763779531
11
6.8865697637795273
21
-4.4584787401574806
0
LINE
8
BLACK
6
CONTINUOUS
10
6.8865697637795273
20
-4.4584787401574806
11
6.8769233464566923
21
-4.4505623622047246
0
LINE
8
BLACK
6
CONTINUOUS
10
6.8769233464566923
20
-4.4505623622047246
11
6.8769222440944882
21
-4.4505615748031495
0
LINE
8
BLACK
6
CONTINUOUS
10
6.8769222440944882
20
-4.4505615748031495
11
6.866545708661417
21
-4.4436284251968505
0
LINE
8
BLACK
6
CONTINUOUS
10
6.866545708661417
20
-4.4436284251968505
11
6.8665455905511807
21
-4.443628346456693
0
LINE
8
BLACK
6
CONTINUOUS
10
6.8665455905511807
20
-4.443628346456693
11
6.8555385826771653
21
-4.4377452362204721
0
LINE
8
BLACK
6
CONTINUOUS
10
6.8555385826771653
20
-4.4377452362204721
11
6.8440084645669286
21
-4.4329694881889763
0
LINE
8
BLACK
6
CONTINUOUS
10
6.8440084645669286
20
-4.4329694881889763
11
6.8440082677165357
21
-4.4329694094488188
0
LINE
8
BLACK
6
CONTINUOUS
10
6.8440082677165357
20
-4.4329694094488188
11
6.8320654724409451
21
-4.4293468110236223
0
LINE
8
BLACK
6
CONTINUOUS
10
6.8320654724409451
20
-4.4293468110236223
11
6.8320653149606301
21
-4.4293467716535435
0
LINE
8
BLACK
6
CONTINUOUS
10
6.8320653149606301
20
-4.4293467716535435
11
6.8320651968503938
21
-4.4293467322834648
0
LINE
8
BLACK
6
CONTINUOUS
10
6.8320651968503938
20
-4.4293467322834648
11
6.8320651181102363
21
-4.429346692913386
0
LINE
8
BLACK
6
CONTINUOUS
10
6.8320651181102363
20
-4.429346692913386
11
6.8320648818897638
21
-4.4293466535433073
0
LINE
8
BLACK
6
CONTINUOUS
10
6.8320648818897638
20
-4.4293466535433073
11
6.8306053543307081
21
-4.4290563385826767
0
LINE
8
BLACK
6
CONTINUOUS
10
6.8306053543307081
20
-4.4290563385826767
11
6.8281286220472444
21
-4.4277607480314956
0
LINE
8
BLACK
6
CONTINUOUS
10
6.8281286220472444
20
-4.4277607480314956
11
6.8269253149606302
21
-4.4259246456692916
0
LINE
8
BLACK
6
CONTINUOUS
10
6.8269253149606302
20
-4.4259246456692916
11
6.8265259055118106
21
-4.4248537401574799
0
LINE
8
BLACK
6
CONTINUOUS
10
6.8265259055118106
20
-4.4248537401574799
11
6.8265258267716531
21
-4.4248536614173224
0
LINE
8
BLACK
6
CONTINUOUS
10
6.8265258267716531
20
-4.4248536614173224
11
6.8265258267716531
21
-4.4248535826771649
0
LINE
8
BLACK
6
CONTINUOUS
10
6.8265258267716531
20
-4.4248535826771649
11
6.8231879527559052
21
-4.4203946850393701
0
LINE
8
BLACK
6
CONTINUOUS
10
6.8231879527559052
20
-4.4203946850393701
11
6.8187290551181103
21
-4.4170568503937009
0
LINE
8
BLACK
6
CONTINUOUS
10
6.8187290551181103
20
-4.4170568503937009
11
6.8187288976377953
21
-4.4170567322834646
0
LINE
8
BLACK
6
CONTINUOUS
10
6.8187288976377953
20
-4.4170567322834646
11
6.8135102362204725
21
-4.4151102362204719
0
LINE
8
BLACK
6
CONTINUOUS
10
6.8135102362204725
20
-4.4151102362204719
11
6.8135099212598425
21
-4.4151101574803144
0
LINE
8
BLACK
6
CONTINUOUS
10
6.8135099212598425
20
-4.4151101574803144
11
6.8112031496062988
21
-4.4148622047244093
0
LINE
8
BLACK
6
CONTINUOUS
10
6.8112031496062988
20
-4.4148622047244093
11
6.7887972834645671
21
-4.4148622047244093
0
LINE
8
BLACK
6
CONTINUOUS
10
6.7887972834645671
20
-4.4148622047244093
11
6.7887963385826771
21
-4.4148622834645668
0
LINE
8
BLACK
6
CONTINUOUS
10
6.7887963385826771
20
-4.4148622834645668
11
6.7864900787401572
21
-4.4151101574803144
0
LINE
8
BLACK
6
CONTINUOUS
10
6.7864900787401572
20
-4.4151101574803144
11
6.7812708661417318
21
-4.4170568503937009
0
LINE
8
BLACK
6
CONTINUOUS
10
6.7812708661417318
20
-4.4170568503937009
11
6.7768120078740157
21
-4.4203946850393701
0
LINE
8
BLACK
6
CONTINUOUS
10
6.7768120078740157
20
-4.4203946850393701
11
6.7734741732283466
21
-4.4248535826771649
0
LINE
8
BLACK
6
CONTINUOUS
10
6.7734741732283466
20
-4.4248535826771649
11
6.7734740551181103
21
-4.4248537795275587
0
LINE
8
BLACK
6
CONTINUOUS
10
6.7734740551181103
20
-4.4248537795275587
11
6.7727068503937007
21
-4.4269107480314958
0
LINE
8
BLACK
6
CONTINUOUS
10
6.7727068503937007
20
-4.4269107480314958
11
6.7710317716535435
21
-4.4291483858267719
0
LINE
8
BLACK
6
CONTINUOUS
10
6.7710317716535435
20
-4.4291483858267719
11
6.7684128740157483
21
-4.4301251574803144
0
LINE
8
BLACK
6
CONTINUOUS
10
6.7684128740157483
20
-4.4301251574803144
11
6.7680590157480314
21
-4.4301377952755905
0
LINE
8
BLACK
6
CONTINUOUS
10
6.7680590157480314
20
-4.4301377952755905
11
6.7656001574803151
21
-4.4301377952755905
0
LINE
8
BLACK
6
CONTINUOUS
10
6.7656001574803151
20
-4.4301377952755905
11
6.7633481102362207
21
-4.4295971259842517
0
LINE
8
BLACK
6
CONTINUOUS
10
6.7633481102362207
20
-4.4295971259842517
11
6.7601525984251971
21
-4.4279689370078739
0
LINE
8
BLACK
6
CONTINUOUS
10
6.7601525984251971
20
-4.4279689370078739
11
6.7601525196850396
21
-4.4279688976377951
0
LINE
8
BLACK
6
CONTINUOUS
10
6.7601525196850396
20
-4.4279688976377951
11
6.7601524803149609
21
-4.4279688976377951
0
LINE
8
BLACK
6
CONTINUOUS
10
6.7601524803149609
20
-4.4279688976377951
11
6.756446338582677
21
-4.4273818897637796
0
LINE
8
BLACK
6
CONTINUOUS
10
6.756446338582677
20
-4.4273818897637796
11
6.7564461811023619
21
-4.4273818897637796
0
LINE
8
BLACK
6
CONTINUOUS
10
6.7564461811023619
20
-4.4273818897637796
11
6.7423411417322834
21
-4.4273818897637796
0
LINE
8
BLACK
6
CONTINUOUS
10
6.7423411417322834
20
-4.4273818897637796
11
6.738634921259842
21
-4.4279688582677164
0
LINE
8
BLACK
6
CONTINUOUS
10
6.738634921259842
20
-4.4279688582677164
11
6.7341678346456693
21
-4.4302449212598427
0
LINE
8
BLACK
6
CONTINUOUS
10
6.7341678346456693
20
-4.4302449212598427
11
6.7338068897637795
21
-4.4306059055118112
0
LINE
8
BLACK
6
CONTINUOUS
10
6.7338068897637795
20
-4.4306059055118112
11
6.7313536614173231
21
-4.4319455118110236
0
LINE
8
BLACK
6
CONTINUOUS
10
6.7313536614173231
20
-4.4319455118110236
11
6.7285656692913385
21
-4.4317461023622045
0
LINE
8
BLACK
6
CONTINUOUS
10
6.7285656692913385
20
-4.4317461023622045
11
6.7267915354330707
21
-4.4306059055118112
0
LINE
8
BLACK
6
CONTINUOUS
10
6.7267915354330707
20
-4.4306059055118112
11
6.7264305511811022
21
-4.4302449212598427
0
LINE
8
BLACK
6
CONTINUOUS
10
6.7264305511811022
20
-4.4302449212598427
11
6.726430590551181
21
-4.4302449212598427
0
LINE
8
BLACK
6
CONTINUOUS
10
6.726430590551181
20
-4.4302449212598427
11
6.7219636220472436
21
-4.4279689370078739
0
LINE
8
BLACK
6
CONTINUOUS
10
6.7219636220472436
20
-4.4279689370078739
11
6.7219635433070861
21
-4.4279688976377951
0
LINE
8
BLACK
6
CONTINUOUS
10
6.7219635433070861
20
-4.4279688976377951
11
6.7219635039370074
21
-4.4279688976377951
0
LINE
8
BLACK
6
CONTINUOUS
10
6.7219635039370074
20
-4.4279688976377951
11
6.7182573622047244
21
-4.4273818897637796
0
LINE
8
BLACK
6
CONTINUOUS
10
6.7182573622047244
20
-4.4273818897637796
11
6.7182572047244093
21
-4.4273818897637796
0
LINE
8
BLACK
6
CONTINUOUS
10
6.7182572047244093
20
-4.4273818897637796
11
6.7041521653543308
21
-4.4273818897637796
0
LINE
8
BLACK
6
CONTINUOUS
10
6.7041521653543308
20
-4.4273818897637796
11
6.7004459448818894
21
-4.4279688582677164
0
LINE
8
BLACK
6
CONTINUOUS
10
6.7004459448818894
20
-4.4279688582677164
11
6.6956310629921258
21
-4.4304221653543303
0
LINE
8
BLACK
6
CONTINUOUS
10
6.6956310629921258
20
-4.4304221653543303
11
6.6955927165354332
21
-4.430346929133858
0
LINE
8
BLACK
6
CONTINUOUS
10
6.6955927165354332
20
-4.430346929133858
11
6.6934431102362204
21
-4.4311139370078738
0
LINE
8
BLACK
6
CONTINUOUS
10
6.6934431102362204
20
-4.4311139370078738
11
6.6931598818897635
21
-4.4311220472440942
0
LINE
8
BLACK
6
CONTINUOUS
10
6.6931598818897635
20
-4.4311220472440942
11
6.681193346456693
21
-4.4311220472440942
0
LINE
8
BLACK
6
CONTINUOUS
10
6.681193346456693
20
-4.4311220472440942
11
6.6785114173228344
21
-4.4303345669291341
0
LINE
8
BLACK
6
CONTINUOUS
10
6.6785114173228344
20
-4.4303345669291341
11
6.6772221653543307
21
-4.4291342125984254
0
LINE
8
BLACK
6
CONTINUOUS
10
6.6772221653543307
20
-4.4291342125984254
11
6.6747470078740152
21
-4.4258277559055115
0
LINE
8
BLACK
6
CONTINUOUS
10
6.6747470078740152
20
-4.4258277559055115
11
6.6702881102362204
21
-4.4224899212598423
0
LINE
8
BLACK
6
CONTINUOUS
10
6.6702881102362204
20
-4.4224899212598423
11
6.6702879527559054
21
-4.422489803149606
0
LINE
8
BLACK
6
CONTINUOUS
10
6.6702879527559054
20
-4.422489803149606
11
6.6650692913385825
21
-4.4205433070866142
0
LINE
8
BLACK
6
CONTINUOUS
10
6.6650692913385825
20
-4.4205433070866142
11
6.6650689763779525
21
-4.4205432283464567
0
LINE
8
BLACK
6
CONTINUOUS
10
6.6650689763779525
20
-4.4205432283464567
11
6.6627622047244097
21
-4.4202952755905507
0
LINE
8
BLACK
6
CONTINUOUS
10
6.6627622047244097
20
-4.4202952755905507
11
6.6403563385826772
21
-4.4202952755905507
0
LINE
8
BLACK
6
CONTINUOUS
10
6.6403563385826772
20
-4.4202952755905507
11
6.6403553937007871
21
-4.4202953543307082
0
LINE
8
BLACK
6
CONTINUOUS
10
6.6403553937007871
20
-4.4202953543307082
11
6.6380491338582672
21
-4.4205432283464567
0
LINE
8
BLACK
6
CONTINUOUS
10
6.6380491338582672
20
-4.4205432283464567
11
6.6328299212598427
21
-4.4224899212598423
0
LINE
8
BLACK
6
CONTINUOUS
10
6.6328299212598427
20
-4.4224899212598423
11
6.628371181102362
21
-4.4258277165354327
0
LINE
8
BLACK
6
CONTINUOUS
10
6.628371181102362
20
-4.4258277165354327
11
6.6283711417322833
21
-4.4258277559055115
0
LINE
8
BLACK
6
CONTINUOUS
10
6.6283711417322833
20
-4.4258277559055115
11
6.6283711023622045
21
-4.4258277952755902
0
LINE
8
BLACK
6
CONTINUOUS
10
6.6283711023622045
20
-4.4258277952755902
11
6.6266326771653539
21
-4.4281499999999996
0
LINE
8
BLACK
6
CONTINUOUS
10
6.6266326771653539
20
-4.4281499999999996
11
6.6243951574803148
21
-4.4298250000000001
0
LINE
8
BLACK
6
CONTINUOUS
10
6.6243951574803148
20
-4.4298250000000001
11
6.6226615748031499
21
-4.4301377952755905
0
LINE
8
BLACK
6
CONTINUOUS
10
6.6226615748031499
20
-4.4301377952755905
11
6.6041291732283467
21
-4.4301377952755905
0
LINE
8
BLACK
6
CONTINUOUS
10
6.6041291732283467
20
-4.4301377952755905
11
6.601447244094488
21
-4.4293503149606295
0
LINE
8
BLACK
6
CONTINUOUS
10
6.601447244094488
20
-4.4293503149606295
11
6.6001579527559056
21
-4.4281499212598421
0
LINE
8
BLACK
6
CONTINUOUS
10
6.6001579527559056
20
-4.4281499212598421
11
6.6000224015748028
21
-4.4279688582677164
0
LINE
8
BLACK
6
CONTINUOUS
10
6.6000224015748028
20
-4.4279688582677164
11
6.5991564566929135
21
-4.4268120472440948
0
LINE
8
BLACK
6
CONTINUOUS
10
6.5991564566929135
20
-4.4268120472440948
11
6.5983434645669288
21
-4.426203464566929
0
LINE
8
BLACK
6
CONTINUOUS
10
6.5983434645669288
20
-4.426203464566929
11
6.5946975590551178
21
-4.423474173228346
0
LINE
8
BLACK
6
CONTINUOUS
10
6.5946975590551178
20
-4.423474173228346
11
6.5946974015748028
21
-4.4234740551181098
0
LINE
8
BLACK
6
CONTINUOUS
10
6.5946974015748028
20
-4.4234740551181098
11
6.5894787401574799
21
-4.421527559055118
0
LINE
8
BLACK
6
CONTINUOUS
10
6.5894787401574799
20
-4.421527559055118
11
6.5894784251968499
21
-4.4215274803149605
0
LINE
8
BLACK
6
CONTINUOUS
10
6.5894784251968499
20
-4.4215274803149605
11
6.5871716535433071
21
-4.4212795275590553
0
LINE
8
BLACK
6
CONTINUOUS
10
6.5871716535433071
20
-4.4212795275590553
11
6.5608287795275588
21
-4.4212795275590553
0
LINE
8
BLACK
6
CONTINUOUS
10
6.5608287795275588
20
-4.4212795275590553
11
6.5608278346456688
21
-4.4212796062992128
0
LINE
8
BLACK
6
CONTINUOUS
10
6.5608278346456688
20
-4.4212796062992128
11
6.5585215748031498
21
-4.4215274803149605
0
LINE
8
BLACK
6
CONTINUOUS
10
6.5585215748031498
20
-4.4215274803149605
11
6.5533023622047244
21
-4.423474173228346
0
LINE
8
BLACK
6
CONTINUOUS
10
6.5533023622047244
20
-4.423474173228346
11
6.5488435039370074
21
-4.4268120078740161
0
LINE
8
BLACK
6
CONTINUOUS
10
6.5488435039370074
20
-4.4268120078740161
11
6.5455056692913383
21
-4.4312709055118109
0
LINE
8
BLACK
6
CONTINUOUS
10
6.5455056692913383
20
-4.4312709055118109
11
6.5455055905511808
21
-4.4312710236220472
0
LINE
8
BLACK
6
CONTINUOUS
10
6.5455055905511808
20
-4.4312710236220472
11
6.5441989763779524
21
-4.4347740944881888
0
LINE
8
BLACK
6
CONTINUOUS
10
6.5441989763779524
20
-4.4347740944881888
11
6.5425238976377953
21
-4.4370116929133854
0
LINE
8
BLACK
6
CONTINUOUS
10
6.5425238976377953
20
-4.4370116929133854
11
6.5399049606299213
21
-4.4379884645669287
0
LINE
8
BLACK
6
CONTINUOUS
10
6.5399049606299213
20
-4.4379884645669287
11
6.5371737007874016
21
-4.4373942913385829
0
LINE
8
BLACK
6
CONTINUOUS
10
6.5371737007874016
20
-4.4373942913385829
11
6.5351972834645666
21
-4.4354177952755904
0
LINE
8
BLACK
6
CONTINUOUS
10
6.5351972834645666
20
-4.4354177952755904
11
6.5349035039370076
21
-4.4347745669291339
0
LINE
8
BLACK
6
CONTINUOUS
10
6.5349035039370076
20
-4.4347745669291339
11
6.533596771653543
21
-4.4312710629921259
0
LINE
8
BLACK
6
CONTINUOUS
10
6.533596771653543
20
-4.4312710629921259
11
6.5335966929133855
21
-4.4312709842519684
0
LINE
8
BLACK
6
CONTINUOUS
10
6.5335966929133855
20
-4.4312709842519684
11
6.5335966929133855
21
-4.4312709055118109
0
LINE
8
BLACK
6
CONTINUOUS
10
6.5335966929133855
20
-4.4312709055118109
11
6.5302588188976376
21
-4.4268120078740161
0
LINE
8
BLACK
6
CONTINUOUS
10
6.5302588188976376
20
-4.4268120078740161
11
6.5257999212598428
21
-4.423474173228346
0
LINE
8
BLACK
6
CONTINUOUS
10
6.5257999212598428
20
-4.423474173228346
11
6.5257997637795278
21
-4.4234740551181098
0
LINE
8
BLACK
6
CONTINUOUS
10
6.5257997637795278
20
-4.4234740551181098
11
6.5205811023622049
21
-4.421527559055118
0
LINE
8
BLACK
6
CONTINUOUS
10
6.5205811023622049
20
-4.421527559055118
11
6.5205807874015749
21
-4.4215274803149605
0
LINE
8
BLACK
6
CONTINUOUS
10
6.5205807874015749
20
-4.4215274803149605
11
6.5182740157480312
21
-4.4212795275590553
0
LINE
8
BLACK
6
CONTINUOUS
10
6.5182740157480312
20
-4.4212795275590553
11
6.4919311417322829
21
-4.4212795275590553
0
LINE
8
BLACK
6
CONTINUOUS
10
6.4919311417322829
20
-4.4212795275590553
11
6.4919301968503937
21
-4.4212796062992128
0
LINE
8
BLACK
6
CONTINUOUS
10
6.4919301968503937
20
-4.4212796062992128
11
6.4896239370078739
21
-4.4215274803149605
0
LINE
8
BLACK
6
CONTINUOUS
10
6.4896239370078739
20
-4.4215274803149605
11
6.4844047244094485
21
-4.423474173228346
0
LINE
8
BLACK
6
CONTINUOUS
10
6.4844047244094485
20
-4.423474173228346
11
6.4799458661417324
21
-4.4268120078740161
0
LINE
8
BLACK
6
CONTINUOUS
10
6.4799458661417324
20
-4.4268120078740161
11
6.4766080314960632
21
-4.4312709055118109
0
LINE
8
BLACK
6
CONTINUOUS
10
6.4766080314960632
20
-4.4312709055118109
11
6.476607913385827
21
-4.4312710629921259
0
LINE
8
BLACK
6
CONTINUOUS
10
6.476607913385827
20
-4.4312710629921259
11
6.4746614173228343
21
-4.4364897244094488
0
LINE
8
BLACK
6
CONTINUOUS
10
6.4746614173228343
20
-4.4364897244094488
11
6.4746613385826768
21
-4.4364900393700788
0
LINE
8
BLACK
6
CONTINUOUS
10
6.4746613385826768
20
-4.4364900393700788
11
6.4744133858267716
21
-4.4387964960629924
0
LINE
8
BLACK
6
CONTINUOUS
10
6.4744133858267716
20
-4.4387964960629924
11
6.4744133858267716
21
-4.4612026771653541
0
LINE
8
BLACK
6
CONTINUOUS
10
6.4744133858267716
20
-4.4612026771653541
11
6.4744134645669291
21
-4.4612036220472442
0
LINE
8
BLACK
6
CONTINUOUS
10
6.4744134645669291
20
-4.4612036220472442
11
6.4746613385826768
21
-4.4635098818897641
0
LINE
8
BLACK
6
CONTINUOUS
10
6.4746613385826768
20
-4.4635098818897641
11
6.4746613779527555
21
-4.4635100787401578
0
LINE
8
BLACK
6
CONTINUOUS
10
6.4746613779527555
20
-4.4635100787401578
11
6.4746614173228343
21
-4.4635101181102357
0
LINE
8
BLACK
6
CONTINUOUS
10
6.4746614173228343
20
-4.4635101181102357
11
6.4766079527559057
21
-4.4687289370078735
0
LINE
8
BLACK
6
CONTINUOUS
10
6.4766079527559057
20
-4.4687289370078735
11
6.4766079921259845
21
-4.4687289763779523
0
LINE
8
BLACK
6
CONTINUOUS
10
6.4766079921259845
20
-4.4687289763779523
11
6.4766080314960632
21
-4.4687290944881886
0
LINE
8
BLACK
6
CONTINUOUS
10
6.4766080314960632
20
-4.4687290944881886
11
6.4799457874015749
21
-4.4731877952755905
0
LINE
8
BLACK
6
CONTINUOUS
10
6.4799457874015749
20
-4.4731877952755905
11
6.4799458267716536
21
-4.473187874015748
0
LINE
8
BLACK
6
CONTINUOUS
10
6.4799458267716536
20
-4.473187874015748
11
6.4799458661417324
21
-4.473187874015748
0
LINE
8
BLACK
6
CONTINUOUS
10
6.4799458661417324
20
-4.473187874015748
11
6.4799459055118112
21
-4.4731879527559055
0
LINE
8
BLACK
6
CONTINUOUS
10
6.4799459055118112
20
-4.4731879527559055
11
6.4801183464566927
21
-4.4733170472440946
0
LINE
8
BLACK
6
CONTINUOUS
10
6.4801183464566927
20
-4.4733170472440946
11
6.4817934645669286
21
-4.4755545275590549
0
LINE
8
BLACK
6
CONTINUOUS
10
6.4817934645669286
20
-4.4755545275590549
11
6.4821062992125986
21
-4.4772882677165358
0
LINE
8
BLACK
6
CONTINUOUS
10
6.4821062992125986
20
-4.4772882677165358
11
6.4821062992125986
21
-4.4972637795275592
0
LINE
8
BLACK
6
CONTINUOUS
10
6.4821062992125986
20
-4.4972637795275592
11
6.4813188188976376
21
-4.499945708661417
0
LINE
8
BLACK
6
CONTINUOUS
10
6.4813188188976376
20
-4.499945708661417
11
6.4792063779527558
21
-4.5017761417322832
0
LINE
8
BLACK
6
CONTINUOUS
10
6.4792063779527558
20
-4.5017761417322832
11
6.4771456692913381
21
-4.5022244094488189
0
LINE
8
BLACK
6
CONTINUOUS
10
6.4771456692913381
20
-4.5022244094488189
11
6.4655486614173228
21
-4.5022244094488189
0
LINE
8
BLACK
6
CONTINUOUS
10
6.4655486614173228
20
-4.5022244094488189
11
6.4655482677165352
21
-4.5022244488188976
0
LINE
8
BLACK
6
CONTINUOUS
10
6.4655482677165352
20
-4.5022244488188976
11
6.4626259055118105
21
-4.5028057480314958
0
LINE
8
BLACK
6
CONTINUOUS
10
6.4626259055118105
20
-4.5028057480314958
11
6.4594113385826768
21
-4.5049536614173231
0
LINE
8
BLACK
6
CONTINUOUS
10
6.4594113385826768
20
-4.5049536614173231
11
6.4567438976377955
21
-4.5057888976377951
0
LINE
8
BLACK
6
CONTINUOUS
10
6.4567438976377955
20
-4.5057888976377951
11
6.4547570472440947
21
-4.5054120866141734
0
LINE
8
BLACK
6
CONTINUOUS
10
6.4547570472440947
20
-4.5054120866141734
11
6.4506989763779528
21
-4.5037311811023617
0
LINE
8
BLACK
6
CONTINUOUS
10
6.4506989763779528
20
-4.5037311811023617
11
6.4506988976377952
21
-4.5037311417322829
0
LINE
8
BLACK
6
CONTINUOUS
10
6.4506988976377952
20
-4.5037311417322829
11
6.4450000000000003
21
-4.5029809055118113
0
LINE
8
BLACK
6
CONTINUOUS
10
6.4450000000000003
20
-4.5029809055118113
11
6.4393010629921257
21
-4.5037311417322829
0
LINE
8
BLACK
6
CONTINUOUS
10
6.4393010629921257
20
-4.5037311417322829
11
6.4366457480314958
21
-4.5048310236220468
0
LINE
8
BLACK
6
CONTINUOUS
10
6.4366457480314958
20
-4.5048310236220468
11
6.4339904724409447
21
-4.5059309055118106
0
LINE
8
BLACK
6
CONTINUOUS
10
6.4339904724409447
20
-4.5059309055118106
11
6.4339904330708659
21
-4.5059309448818894
0
LINE
8
BLACK
6
CONTINUOUS
10
6.4339904330708659
20
-4.5059309448818894
11
6.4339903937007872
21
-4.5059309448818894
0
LINE
8
BLACK
6
CONTINUOUS
10
6.4339903937007872
20
-4.5059309448818894
11
6.429430157480315
21
-4.5094301574803151
0
LINE
8
BLACK
6
CONTINUOUS
10
6.429430157480315
20
-4.5094301574803151
11
6.4259309448818893
21
-4.5139903937007873
0
LINE
8
BLACK
6
CONTINUOUS
10
6.4259309448818893
20
-4.5139903937007873
11
6.4259309055118106
21
-4.5139904724409448
0
LINE
8
BLACK
6
CONTINUOUS
10
6.4259309055118106
20
-4.5139904724409448
11
6.4250329921259839
21
-4.5161581889763776
0
LINE
8
BLACK
6
CONTINUOUS
10
6.4250329921259839
20
-4.5161581889763776
11
6.4237311417322829
21
-4.5193010629921258
0
LINE
8
BLACK
6
CONTINUOUS
10
6.4237311417322829
20
-4.5193010629921258
11
6.4229809055118112
21
-4.5249999606299207
0
LINE
8
BLACK
6
CONTINUOUS
10
6.4229809055118112
20
-4.5249999606299207
11
6.4229809055118112
21
-4.5249999999999995
0
LINE
8
BLACK
6
CONTINUOUS
10
6.4229809055118112
20
-4.5249999999999995
11
6.4237311417322829
21
-4.5306988976377953
0
LINE
8
BLACK
6
CONTINUOUS
10
6.4237311417322829
20
-4.5306988976377953
11
6.4259308661417318
21
-4.5360094881889763
0
LINE
8
BLACK
6
CONTINUOUS
10
6.4259308661417318
20
-4.5360094881889763
11
6.4259310629921256
21
-4.5360098031496063
0
LINE
8
BLACK
6
CONTINUOUS
10
6.4259310629921256
20
-4.5360098031496063
11
6.4294301181102362
21
-4.5405698425196848
0
LINE
8
BLACK
6
CONTINUOUS
10
6.4294301181102362
20
-4.5405698425196848
11
6.4339901574803147
21
-4.5440688976377954
0
LINE
8
BLACK
6
CONTINUOUS
10
6.4339901574803147
20
-4.5440688976377954
11
6.4339904330708659
21
-4.5440690944881892
0
LINE
8
BLACK
6
CONTINUOUS
10
6.4339904330708659
20
-4.5440690944881892
11
6.4393010236220469
21
-4.5462688188976381
0
LINE
8
BLACK
6
CONTINUOUS
10
6.4393010236220469
20
-4.5462688188976381
11
6.4450000000000003
21
-4.5470190944881885
0
LINE
8
BLACK
6
CONTINUOUS
10
6.4450000000000003
20
-4.5470190944881885
11
6.4506989763779528
21
-4.5462688188976381
0
LINE
8
BLACK
6
CONTINUOUS
10
6.4506989763779528
20
-4.5462688188976381
11
6.4546843307086617
21
-4.5446179921259837
0
LINE
8
BLACK
6
CONTINUOUS
10
6.4546843307086617
20
-4.5446179921259837
11
6.4574633070866136
21
-4.5443192125984249
0
LINE
8
BLACK
6
CONTINUOUS
10
6.4574633070866136
20
-4.5443192125984249
11
6.4593386220472437
21
-4.5450764566929136
0
LINE
8
BLACK
6
CONTINUOUS
10
6.4593386220472437
20
-4.5450764566929136
11
6.4626258661417317
21
-4.5472729527559057
0
LINE
8
BLACK
6
CONTINUOUS
10
6.4626258661417317
20
-4.5472729527559057
11
6.4626259448818892
21
-4.5472729921259845
0
LINE
8
BLACK
6
CONTINUOUS
10
6.4626259448818892
20
-4.5472729921259845
11
6.4655485433070865
21
-4.5478543307086614
0
LINE
8
BLACK
6
CONTINUOUS
10
6.4655485433070865
20
-4.5478543307086614
11
6.4832703149606301
21
-4.5478542913385827
0
LINE
8
BLACK
6
CONTINUOUS
10
6.4832703149606301
20
-4.5478542913385827
11
6.4861929527559052
21
-4.5472729921259845
0
LINE
8
BLACK
6
CONTINUOUS
10
6.4861929527559052
20
-4.5472729921259845
11
6.486192992125984
21
-4.547272913385827
0
LINE
8
BLACK
6
CONTINUOUS
10
6.486192992125984
20
-4.547272913385827
11
6.4862369291338577
21
-4.5472642125984253
0
LINE
8
BLACK
6
CONTINUOUS
10
6.4862369291338577
20
-4.5472642125984253
11
6.4881724803149607
21
-4.5472642125984253
0
LINE
8
BLACK
6
CONTINUOUS
10
6.4881724803149607
20
-4.5472642125984253
11
6.4882164173228345
21
-4.5472729527559057
0
LINE
8
BLACK
6
CONTINUOUS
10
6.4882164173228345
20
-4.5472729527559057
11
6.488216496062992
21
-4.5472729921259845
0
LINE
8
BLACK
6
CONTINUOUS
10
6.488216496062992
20
-4.5472729921259845
11
6.4911390944881893
21
-4.5478543307086614
0
LINE
8
BLACK
6
CONTINUOUS
10
6.4911390944881893
20
-4.5478543307086614
11
6.508860866141732
21
-4.5478542913385827
0
LINE
8
BLACK
6
CONTINUOUS
10
6.508860866141732
20
-4.5478542913385827
11
6.511783503937008
21
-4.5472729921259845
0
LINE
8
BLACK
6
CONTINUOUS
10
6.511783503937008
20
-4.5472729921259845
11
6.5117835433070868
21
-4.547272913385827
0
LINE
8
BLACK
6
CONTINUOUS
10
6.5117835433070868
20
-4.547272913385827
11
6.5118274803149605
21
-4.5472642125984253
0
LINE
8
BLACK
6
CONTINUOUS
10
6.5118274803149605
20
-4.5472642125984253
11
6.5137630314960626
21
-4.5472642125984253
0
LINE
8
BLACK
6
CONTINUOUS
10
6.5137630314960626
20
-4.5472642125984253
11
6.5138069685039373
21
-4.5472729527559057
0
LINE
8
BLACK
6
CONTINUOUS
10
6.5138069685039373
20
-4.5472729527559057
11
6.5138070472440948
21
-4.5472729921259845
0
LINE
8
BLACK
6
CONTINUOUS
10
6.5138070472440948
20
-4.5472729921259845
11
6.5167296456692911
21
-4.5478543307086614
0
LINE
8
BLACK
6
CONTINUOUS
10
6.5167296456692911
20
-4.5478543307086614
11
6.5344514173228347
21
-4.5478542913385827
0
LINE
8
BLACK
6
CONTINUOUS
10
6.5344514173228347
20
-4.5478542913385827
11
6.534451535433071
21
-4.5478542519685039
0
LINE
8
BLACK
6
CONTINUOUS
10
6.534451535433071
20
-4.5478542519685039
11
6.534451692913386
21
-4.5478542519685039
0
LINE
8
BLACK
6
CONTINUOUS
10
6.534451692913386
20
-4.5478542519685039
11
6.536390787401575
21
-4.5474685433070867
0
LINE
8
BLACK
6
CONTINUOUS
10
6.536390787401575
20
-4.5474685433070867
11
6.5373740551181099
21
-4.5472729921259845
0
LINE
8
BLACK
6
CONTINUOUS
10
6.5373740551181099
20
-4.5472729921259845
11
6.5406883464566929
21
-4.5450584251968502
0
LINE
8
BLACK
6
CONTINUOUS
10
6.5406883464566929
20
-4.5450584251968502
11
6.5419507086614175
21
-4.5431691338582674
0
LINE
8
BLACK
6
CONTINUOUS
10
6.5419507086614175
20
-4.5431691338582674
11
6.5440954330708658
21
-4.5413767716535434
0
LINE
8
BLACK
6
CONTINUOUS
10
6.5440954330708658
20
-4.5413767716535434
11
6.5460752755905514
21
-4.5409645669291336
0
LINE
8
BLACK
6
CONTINUOUS
10
6.5460752755905514
20
-4.5409645669291336
11
6.5463882283464567
21
-4.5409645669291336
0
LINE
8
BLACK
6
CONTINUOUS
10
6.5463882283464567
20
-4.5409645669291336
11
6.5490701574803145
21
-4.5417520472440946
0
LINE
8
BLACK
6
CONTINUOUS
10
6.5490701574803145
20
-4.5417520472440946
11
6.5498959055118107
21
-4.5424175196850394
0
LINE
8
BLACK
6
CONTINUOUS
10
6.5498959055118107
20
-4.5424175196850394
11
6.551866338582677
21
-4.5443879527559057
0
LINE
8
BLACK
6
CONTINUOUS
10
6.551866338582677
20
-4.5443879527559057
11
6.5532059448818893
21
-4.5468411811023621
0
LINE
8
BLACK
6
CONTINUOUS
10
6.5532059448818893
20
-4.5468411811023621
11
6.5532768503937007
21
-4.5472481102362208
0
LINE
8
BLACK
6
CONTINUOUS
10
6.5532768503937007
20
-4.5472481102362208
11
6.5537311417322837
21
-4.5506988976377949
0
LINE
8
BLACK
6
CONTINUOUS
10
6.5537311417322837
20
-4.5506988976377949
11
6.5559308661417317
21
-4.5560094881889759
0
LINE
8
BLACK
6
CONTINUOUS
10
6.5559308661417317
20
-4.5560094881889759
11
6.5559310629921255
21
-4.5560098031496059
0
LINE
8
BLACK
6
CONTINUOUS
10
6.5559310629921255
20
-4.5560098031496059
11
6.5594301181102361
21
-4.5605698425196852
0
LINE
8
BLACK
6
CONTINUOUS
10
6.5594301181102361
20
-4.5605698425196852
11
6.563470118110236
21
-4.5636698425196851
0
LINE
8
BLACK
6
CONTINUOUS
10
6.563470118110236
20
-4.5636698425196851
11
6.5639904330708658
21
-4.5640690944881888
0
LINE
8
BLACK
6
CONTINUOUS
10
6.5639904330708658
20
-4.5640690944881888
11
6.5693010236220468
21
-4.5662688188976377
0
LINE
8
BLACK
6
CONTINUOUS
10
6.5693010236220468
20
-4.5662688188976377
11
6.5750000000000002
21
-4.567019094488189
0
LINE
8
BLACK
6
CONTINUOUS
10
6.5750000000000002
20
-4.567019094488189
11
6.5806989763779526
21
-4.5662688188976377
0
LINE
8
BLACK
6
CONTINUOUS
10
6.5806989763779526
20
-4.5662688188976377
11
6.5860095669291336
21
-4.5640690944881888
0
LINE
8
BLACK
6
CONTINUOUS
10
6.5860095669291336
20
-4.5640690944881888
11
6.5905698425196846
21
-4.5605698425196852
0
LINE
8
BLACK
6
CONTINUOUS
10
6.5905698425196846
20
-4.5605698425196852
11
6.594069094488189
21
-4.5560095669291334
0
LINE
8
BLACK
6
CONTINUOUS
10
6.594069094488189
20
-4.5560095669291334
11
6.5962688188976379
21
-4.5506989763779524
0
LINE
8
BLACK
6
CONTINUOUS
10
6.5962688188976379
20
-4.5506989763779524
11
6.5970190944881892
21
-4.5449999999999999
0
LINE
8
BLACK
6
CONTINUOUS
10
6.5970190944881892
20
-4.5449999999999999
11
6.5969294488188979
21
-4.5443192125984249
0
LINE
8
BLACK
6
CONTINUOUS
10
6.5969294488188979
20
-4.5443192125984249
11
6.5964878346456688
21
-4.5409645669291336
0
LINE
8
BLACK
6
CONTINUOUS
10
6.5964878346456688
20
-4.5409645669291336
11
6.5962688188976379
21
-4.5393010236220475
0
LINE
8
BLACK
6
CONTINUOUS
10
6.5962688188976379
20
-4.5393010236220475
11
6.594069094488189
21
-4.5339904724409452
0
LINE
8
BLACK
6
CONTINUOUS
10
6.594069094488189
20
-4.5339904724409452
11
6.5905698425196846
21
-4.5294301574803146
0
LINE
8
BLACK
6
CONTINUOUS
10
6.5905698425196846
20
-4.5294301574803146
11
6.5905697637795271
21
-4.5294300787401571
0
LINE
8
BLACK
6
CONTINUOUS
10
6.5905697637795271
20
-4.5294300787401571
11
6.5905697244094483
21
-4.5294300393700784
0
LINE
8
BLACK
6
CONTINUOUS
10
6.5905697244094483
20
-4.5294300393700784
11
6.5860098031496062
21
-4.5259310629921261
0
LINE
8
BLACK
6
CONTINUOUS
10
6.5860098031496062
20
-4.5259310629921261
11
6.5860094881889761
21
-4.5259308661417323
0
LINE
8
BLACK
6
CONTINUOUS
10
6.5860094881889761
20
-4.5259308661417323
11
6.5806988976377951
21
-4.5237311417322834
0
LINE
8
BLACK
6
CONTINUOUS
10
6.5806988976377951
20
-4.5237311417322834
11
6.5772481102362201
21
-4.5232768503937004
0
LINE
8
BLACK
6
CONTINUOUS
10
6.5772481102362201
20
-4.5232768503937004
11
6.5746919291338584
21
-4.5221460236220468
0
LINE
8
BLACK
6
CONTINUOUS
10
6.5746919291338584
20
-4.5221460236220468
11
6.5743883858267713
21
-4.521866771653543
0
LINE
8
BLACK
6
CONTINUOUS
10
6.5743883858267713
20
-4.521866771653543
11
6.5648176771653546
21
-4.5122960629921263
0
LINE
8
BLACK
6
CONTINUOUS
10
6.5648176771653546
20
-4.5122960629921263
11
6.5648175984251971
21
-4.5122960236220475
0
LINE
8
BLACK
6
CONTINUOUS
10
6.5648175984251971
20
-4.5122960236220475
11
6.5648175196850396
21
-4.51229594488189
0
LINE
8
BLACK
6
CONTINUOUS
10
6.5648175196850396
20
-4.51229594488189
11
6.5611864173228343
21
-4.5101995275590552
0
LINE
8
BLACK
6
CONTINUOUS
10
6.5611864173228343
20
-4.5101995275590552
11
6.561186299212598
21
-4.5101994881889764
0
LINE
8
BLACK
6
CONTINUOUS
10
6.561186299212598
20
-4.5101994881889764
11
6.5611862598425192
21
-4.5101994488188977
0
LINE
8
BLACK
6
CONTINUOUS
10
6.5611862598425192
20
-4.5101994488188977
11
6.5611861811023617
21
-4.5101994094488189
0
LINE
8
BLACK
6
CONTINUOUS
10
6.5611861811023617
20
-4.5101994094488189
11
6.561186141732283
21
-4.5101994094488189
0
LINE
8
BLACK
6
CONTINUOUS
10
6.561186141732283
20
-4.5101994094488189
11
6.5601008267716532
21
-4.5099085826771654
0
LINE
8
BLACK
6
CONTINUOUS
10
6.5601008267716532
20
-4.5099085826771654
11
6.5571359448818898
21
-4.5091141732283466
0
LINE
8
BLACK
6
CONTINUOUS
10
6.5571359448818898
20
-4.5091141732283466
11
6.5571358661417323
21
-4.5091141732283466
0
LINE
8
BLACK
6
CONTINUOUS
10
6.5571358661417323
20
-4.5091141732283466
11
6.5460753149606301
21
-4.5091141732283466
0
LINE
8
BLACK
6
CONTINUOUS
10
6.5460753149606301
20
-4.5091141732283466
11
6.5433933858267714
21
-4.5083266929133856
0
LINE
8
BLACK
6
CONTINUOUS
10
6.5433933858267714
20
-4.5083266929133856
11
6.5419507480314962
21
-4.5069095669291341
0
LINE
8
BLACK
6
CONTINUOUS
10
6.5419507480314962
20
-4.5069095669291341
11
6.5406883464566929
21
-4.5050202755905513
0
LINE
8
BLACK
6
CONTINUOUS
10
6.5406883464566929
20
-4.5050202755905513
11
6.5373740944881886
21
-4.5028057480314958
0
LINE
8
BLACK
6
CONTINUOUS
10
6.5373740944881886
20
-4.5028057480314958
11
6.534451535433071
21
-4.5022244094488189
0
LINE
8
BLACK
6
CONTINUOUS
10
6.534451535433071
20
-4.5022244094488189
11
6.5344514566929135
21
-4.5022244094488189
0
LINE
8
BLACK
6
CONTINUOUS
10
6.5344514566929135
20
-4.5022244094488189
11
6.5228543307086611
21
-4.5022244094488189
0
LINE
8
BLACK
6
CONTINUOUS
10
6.5228543307086611
20
-4.5022244094488189
11
6.5201724015748033
21
-4.5014369291338578
0
LINE
8
BLACK
6
CONTINUOUS
10
6.5201724015748033
20
-4.5014369291338578
11
6.518341968503937
21
-4.499324488188976
0
LINE
8
BLACK
6
CONTINUOUS
10
6.518341968503937
20
-4.499324488188976
11
6.5178937007874014
21
-4.4972637795275592
0
LINE
8
BLACK
6
CONTINUOUS
10
6.5178937007874014
20
-4.4972637795275592
11
6.5178937007874014
21
-4.4829189370078737
0
LINE
8
BLACK
6
CONTINUOUS
10
6.5178937007874014
20
-4.4829189370078737
11
6.5186811811023624
21
-4.4802370078740159
0
LINE
8
BLACK
6
CONTINUOUS
10
6.5186811811023624
20
-4.4802370078740159
11
6.5207936220472442
21
-4.4784065748031496
0
LINE
8
BLACK
6
CONTINUOUS
10
6.5207936220472442
20
-4.4784065748031496
11
6.521119803149606
21
-4.4782714566929132
0
LINE
8
BLACK
6
CONTINUOUS
10
6.521119803149606
20
-4.4782714566929132
11
6.5257998031496065
21
-4.476525905511811
0
LINE
8
BLACK
6
CONTINUOUS
10
6.5257998031496065
20
-4.476525905511811
11
6.5302588188976376
21
-4.4731879527559055
0
LINE
8
BLACK
6
CONTINUOUS
10
6.5302588188976376
20
-4.4731879527559055
11
6.533596771653543
21
-4.4687289370078735
0
LINE
8
BLACK
6
CONTINUOUS
10
6.533596771653543
20
-4.4687289370078735
11
6.5349033464566926
21
-4.4652257874015744
0
LINE
8
BLACK
6
CONTINUOUS
10
6.5349033464566926
20
-4.4652257874015744
11
6.5365783858267719
21
-4.4629883070866141
0
LINE
8
BLACK
6
CONTINUOUS
10
6.5365783858267719
20
-4.4629883070866141
11
6.5391973228346458
21
-4.462011496062992
0
LINE
8
BLACK
6
CONTINUOUS
10
6.5391973228346458
20
-4.462011496062992
11
6.5419285826771656
21
-4.4626056692913387
0
LINE
8
BLACK
6
CONTINUOUS
10
6.5419285826771656
20
-4.4626056692913387
11
6.5439050393700784
21
-4.4645821259842515
0
LINE
8
BLACK
6
CONTINUOUS
10
6.5439050393700784
20
-4.4645821259842515
11
6.5441988188976374
21
-4.4652254330708656
0
LINE
8
BLACK
6
CONTINUOUS
10
6.5441988188976374
20
-4.4652254330708656
11
6.5455055905511808
21
-4.4687289370078735
0
LINE
8
BLACK
6
CONTINUOUS
10
6.5455055905511808
20
-4.4687289370078735
11
6.5455056299212595
21
-4.4687289763779523
0
LINE
8
BLACK
6
CONTINUOUS
10
6.5455056299212595
20
-4.4687289763779523
11
6.5455056692913383
21
-4.4687290944881886
0
LINE
8
BLACK
6
CONTINUOUS
10
6.5455056692913383
20
-4.4687290944881886
11
6.5488435039370074
21
-4.4731879527559055
0
LINE
8
BLACK
6
CONTINUOUS
10
6.5488435039370074
20
-4.4731879527559055
11
6.5533024015748031
21
-4.4765257874015747
0
LINE
8
BLACK
6
CONTINUOUS
10
6.5533024015748031
20
-4.4765257874015747
11
6.5533025590551182
21
-4.476525905511811
0
LINE
8
BLACK
6
CONTINUOUS
10
6.5533025590551182
20
-4.476525905511811
11
6.558521220472441
21
-4.4784724015748028
0
LINE
8
BLACK
6
CONTINUOUS
10
6.558521220472441
20
-4.4784724015748028
11
6.558521535433071
21
-4.4784724803149603
0
LINE
8
BLACK
6
CONTINUOUS
10
6.558521535433071
20
-4.4784724803149603
11
6.559674921259842
21
-4.4785964566929133
0
LINE
8
BLACK
6
CONTINUOUS
10
6.559674921259842
20
-4.4785964566929133
11
6.5608284645669288
21
-4.4787204724409451
0
LINE
8
BLACK
6
CONTINUOUS
10
6.5608284645669288
20
-4.4787204724409451
11
6.5871714960629921
21
-4.4787204330708663
0
LINE
8
BLACK
6
CONTINUOUS
10
6.5871714960629921
20
-4.4787204330708663
11
6.5881892913385824
21
-4.4786110236220473
0
LINE
8
BLACK
6
CONTINUOUS
10
6.5881892913385824
20
-4.4786110236220473
11
6.5894783858267711
21
-4.4784724803149603
0
LINE
8
BLACK
6
CONTINUOUS
10
6.5894783858267711
20
-4.4784724803149603
11
6.5894784251968499
21
-4.4784724409448815
0
LINE
8
BLACK
6
CONTINUOUS
10
6.5894784251968499
20
-4.4784724409448815
11
6.5894786220472437
21
-4.4784724409448815
0
LINE
8
BLACK
6
CONTINUOUS
10
6.5894786220472437
20
-4.4784724409448815
11
6.5946974409448815
21
-4.476525905511811
0
LINE
8
BLACK
6
CONTINUOUS
10
6.5946974409448815
20
-4.476525905511811
11
6.5991564566929135
21
-4.4731879527559055
0
LINE
8
BLACK
6
CONTINUOUS
10
6.5991564566929135
20
-4.4731879527559055
11
6.6001579527559056
21
-4.4718500393700786
0
LINE
8
BLACK
6
CONTINUOUS
10
6.6001579527559056
20
-4.4718500393700786
11
6.6023955511811021
21
-4.4701750000000002
0
LINE
8
BLACK
6
CONTINUOUS
10
6.6023955511811021
20
-4.4701750000000002
11
6.6041291732283467
21
-4.469862204724409
0
LINE
8
BLACK
6
CONTINUOUS
10
6.6041291732283467
20
-4.469862204724409
11
6.621187992125984
21
-4.469862204724409
0
LINE
8
BLACK
6
CONTINUOUS
10
6.621187992125984
20
-4.469862204724409
11
6.6238699212598426
21
-4.47064968503937
0
LINE
8
BLACK
6
CONTINUOUS
10
6.6238699212598426
20
-4.47064968503937
11
6.6251591732283464
21
-4.4718500393700786
0
LINE
8
BLACK
6
CONTINUOUS
10
6.6251591732283464
20
-4.4718500393700786
11
6.6269130314960627
21
-4.4741929527559057
0
LINE
8
BLACK
6
CONTINUOUS
10
6.6269130314960627
20
-4.4741929527559057
11
6.6283711023622045
21
-4.4761407086614176
0
LINE
8
BLACK
6
CONTINUOUS
10
6.6283711023622045
20
-4.4761407086614176
11
6.6328299606299215
21
-4.4794785433070867
0
LINE
8
BLACK
6
CONTINUOUS
10
6.6328299606299215
20
-4.4794785433070867
11
6.6328301181102365
21
-4.479478661417323
0
LINE
8
BLACK
6
CONTINUOUS
10
6.6328301181102365
20
-4.479478661417323
11
6.6380487795275593
21
-4.4814251574803148
0
LINE
8
BLACK
6
CONTINUOUS
10
6.6380487795275593
20
-4.4814251574803148
11
6.6380490944881885
21
-4.4814252362204723
0
LINE
8
BLACK
6
CONTINUOUS
10
6.6380490944881885
20
-4.4814252362204723
11
6.6392024803149603
21
-4.4815492125984253
0
LINE
8
BLACK
6
CONTINUOUS
10
6.6392024803149603
20
-4.4815492125984253
11
6.6403560236220471
21
-4.4816732283464562
0
LINE
8
BLACK
6
CONTINUOUS
10
6.6403560236220471
20
-4.4816732283464562
11
6.6627620472440947
21
-4.4816731889763775
0
LINE
8
BLACK
6
CONTINUOUS
10
6.6627620472440947
20
-4.4816731889763775
11
6.663779842519685
21
-4.4815637795275594
0
LINE
8
BLACK
6
CONTINUOUS
10
6.663779842519685
20
-4.4815637795275594
11
6.6650689370078737
21
-4.4814252362204723
0
LINE
8
BLACK
6
CONTINUOUS
10
6.6650689370078737
20
-4.4814252362204723
11
6.6650689763779525
21
-4.4814251968503935
0
LINE
8
BLACK
6
CONTINUOUS
10
6.6650689763779525
20
-4.4814251968503935
11
6.6650691732283462
21
-4.4814251968503935
0
LINE
8
BLACK
6
CONTINUOUS
10
6.6650691732283462
20
-4.4814251968503935
11
6.6702879921259841
21
-4.479478661417323
0
LINE
8
BLACK
6
CONTINUOUS
10
6.6702879921259841
20
-4.479478661417323
11
6.6747470078740152
21
-4.4761407086614176
0
LINE
8
BLACK
6
CONTINUOUS
10
6.6747470078740152
20
-4.4761407086614176
11
6.675746771653543
21
-4.4748051574803149
0
LINE
8
BLACK
6
CONTINUOUS
10
6.675746771653543
20
-4.4748051574803149
11
6.6772221653543307
21
-4.4728342913385823
0
LINE
8
BLACK
6
CONTINUOUS
10
6.6772221653543307
20
-4.4728342913385823
11
6.6794597637795272
21
-4.4711592125984252
0
LINE
8
BLACK
6
CONTINUOUS
10
6.6794597637795272
20
-4.4711592125984252
11
6.681193346456693
21
-4.4708464566929136
0
LINE
8
BLACK
6
CONTINUOUS
10
6.681193346456693
20
-4.4708464566929136
11
6.69693
21
-4.4708464566929136
0
LINE
8
BLACK
6
CONTINUOUS
10
6.69693
20
-4.4708464566929136
11
6.6991820078740156
21
-4.4713870866141727
0
LINE
8
BLACK
6
CONTINUOUS
10
6.6991820078740156
20
-4.4713870866141727
11
6.7004459448818894
21
-4.4720311023622044
0
LINE
8
BLACK
6
CONTINUOUS
10
6.7004459448818894
20
-4.4720311023622044
11
6.7041520866141733
21
-4.4726181102362208
0
LINE
8
BLACK
6
CONTINUOUS
10
6.7041520866141733
20
-4.4726181102362208
11
6.7182573228346456
21
-4.472618070866142
0
LINE
8
BLACK
6
CONTINUOUS
10
6.7182573228346456
20
-4.472618070866142
11
6.7219635039370074
21
-4.4720311023622044
0
LINE
8
BLACK
6
CONTINUOUS
10
6.7219635039370074
20
-4.4720311023622044
11
6.7264305118110235
21
-4.4697550787401576
0
LINE
8
BLACK
6
CONTINUOUS
10
6.7264305118110235
20
-4.4697550787401576
11
6.7265768110236221
21
-4.469608779527559
0
LINE
8
BLACK
6
CONTINUOUS
10
6.7265768110236221
20
-4.469608779527559
11
6.7267915354330707
21
-4.4693940944881891
0
LINE
8
BLACK
6
CONTINUOUS
10
6.7267915354330707
20
-4.4693940944881891
11
6.7292447637795272
21
-4.4680544881889759
0
LINE
8
BLACK
6
CONTINUOUS
10
6.7292447637795272
20
-4.4680544881889759
11
6.7320327559055118
21
-4.468253897637795
0
LINE
8
BLACK
6
CONTINUOUS
10
6.7320327559055118
20
-4.468253897637795
11
6.7338068897637795
21
-4.4693940944881891
0
LINE
8
BLACK
6
CONTINUOUS
10
6.7338068897637795
20
-4.4693940944881891
11
6.7341678346456693
21
-4.4697550393700789
0
LINE
8
BLACK
6
CONTINUOUS
10
6.7341678346456693
20
-4.4697550393700789
11
6.7341677952755905
21
-4.4697550393700789
0
LINE
8
BLACK
6
CONTINUOUS
10
6.7341677952755905
20
-4.4697550393700789
11
6.7382796456692908
21
-4.4718500787401574
0
LINE
8
BLACK
6
CONTINUOUS
10
6.7382796456692908
20
-4.4718500787401574
11
6.738634921259842
21
-4.4720311023622044
0
LINE
8
BLACK
6
CONTINUOUS
10
6.738634921259842
20
-4.4720311023622044
11
6.7423410629921259
21
-4.4726181102362208
0
LINE
8
BLACK
6
CONTINUOUS
10
6.7423410629921259
20
-4.4726181102362208
11
6.7564462992125982
21
-4.472618070866142
0
LINE
8
BLACK
6
CONTINUOUS
10
6.7564462992125982
20
-4.472618070866142
11
6.7601524803149609
21
-4.4720311023622044
0
LINE
8
BLACK
6
CONTINUOUS
10
6.7601524803149609
20
-4.4720311023622044
11
6.7633481102362207
21
-4.470402834645669
0
LINE
8
BLACK
6
CONTINUOUS
10
6.7633481102362207
20
-4.470402834645669
11
6.7656001574803151
21
-4.469862204724409
0
LINE
8
BLACK
6
CONTINUOUS
10
6.7656001574803151
20
-4.469862204724409
11
6.7740316141732286
21
-4.469862204724409
0
LINE
8
BLACK
6
CONTINUOUS
10
6.7740316141732286
20
-4.469862204724409
11
6.7767135433070864
21
-4.47064968503937
0
LINE
8
BLACK
6
CONTINUOUS
10
6.7767135433070864
20
-4.47064968503937
11
6.7770044094488187
21
-4.4708516535433072
0
LINE
8
BLACK
6
CONTINUOUS
10
6.7770044094488187
20
-4.4708516535433072
11
6.7812709055118106
21
-4.4740454724409444
0
LINE
8
BLACK
6
CONTINUOUS
10
6.7812709055118106
20
-4.4740454724409444
11
6.7812710629921256
21
-4.4740455905511807
0
LINE
8
BLACK
6
CONTINUOUS
10
6.7812710629921256
20
-4.4740455905511807
11
6.7864897244094484
21
-4.4759920866141734
0
LINE
8
BLACK
6
CONTINUOUS
10
6.7864897244094484
20
-4.4759920866141734
11
6.7864900393700784
21
-4.4759921653543309
0
LINE
8
BLACK
6
CONTINUOUS
10
6.7864900393700784
20
-4.4759921653543309
11
6.7876434251968503
21
-4.476116141732283
0
LINE
8
BLACK
6
CONTINUOUS
10
6.7876434251968503
20
-4.476116141732283
11
6.7887969685039371
21
-4.4762401574803148
0
LINE
8
BLACK
6
CONTINUOUS
10
6.7887969685039371
20
-4.4762401574803148
11
6.8112029921259838
21
-4.476240118110236
0
LINE
8
BLACK
6
CONTINUOUS
10
6.8112029921259838
20
-4.476240118110236
11
6.812220787401575
21
-4.476130708661417
0
LINE
8
BLACK
6
CONTINUOUS
10
6.812220787401575
20
-4.476130708661417
11
6.8135098818897637
21
-4.4759921653543309
0
LINE
8
BLACK
6
CONTINUOUS
10
6.8135098818897637
20
-4.4759921653543309
11
6.8135099212598425
21
-4.4759921259842521
0
LINE
8
BLACK
6
CONTINUOUS
10
6.8135099212598425
20
-4.4759921259842521
11
6.8135101181102362
21
-4.4759921259842521
0
LINE
8
BLACK
6
CONTINUOUS
10
6.8135101181102362
20
-4.4759921259842521
11
6.8187289370078741
21
-4.4740455905511807
0
LINE
8
BLACK
6
CONTINUOUS
10
6.8187289370078741
20
-4.4740455905511807
11
6.8203470472440939
21
-4.4728342913385823
0
LINE
8
BLACK
6
CONTINUOUS
10
6.8203470472440939
20
-4.4728342913385823
11
6.8234719685039371
21
-4.4704950393700784
0
LINE
8
BLACK
6
CONTINUOUS
10
6.8234719685039371
20
-4.4704950393700784
11
6.8235608267716534
21
-4.4706137795275591
0
LINE
8
BLACK
6
CONTINUOUS
10
6.8235608267716534
20
-4.4706137795275591
11
6.8253941732283465
21
-4.469608779527559
0
LINE
8
BLACK
6
CONTINUOUS
10
6.8253941732283465
20
-4.469608779527559
11
6.8278298031496059
21
-4.4696874803149607
0
LINE
8
BLACK
6
CONTINUOUS
10
6.8278298031496059
20
-4.4696874803149607
11
6.8297296062992121
21
-4.470234803149606
0
LINE
8
BLACK
6
CONTINUOUS
10
6.8297296062992121
20
-4.470234803149606
11
6.8302546062992127
21
-4.4704185039370081
0
LINE
8
BLACK
6
CONTINUOUS
10
6.8302546062992127
20
-4.4704185039370081
11
6.8387846062992121
21
-4.4739516141732283
0
LINE
8
BLACK
6
CONTINUOUS
10
6.8387846062992121
20
-4.4739516141732283
11
6.8392857874015744
21
-4.4741929527559057
0
LINE
8
BLACK
6
CONTINUOUS
10
6.8392857874015744
20
-4.4741929527559057
11
6.8417494488188977
21
-4.4755545275590549
0
LINE
8
BLACK
6
CONTINUOUS
10
6.8417494488188977
20
-4.4755545275590549
11
6.8470291732283464
21
-4.4784724409448815
0
LINE
8
BLACK
6
CONTINUOUS
10
6.8470291732283464
20
-4.4784724409448815
11
6.8473662204724404
21
-4.4786587007874017
0
LINE
8
BLACK
6
CONTINUOUS
10
6.8473662204724404
20
-4.4786587007874017
11
6.8478371259842516
21
-4.4789545669291337
0
LINE
8
BLACK
6
CONTINUOUS
10
6.8478371259842516
20
-4.4789545669291337
11
6.8498424803149609
21
-4.4803774015748035
0
LINE
8
BLACK
6
CONTINUOUS
10
6.8498424803149609
20
-4.4803774015748035
11
6.8553672440944879
21
-4.4842972834645671
0
LINE
8
BLACK
6
CONTINUOUS
10
6.8553672440944879
20
-4.4842972834645671
11
6.8558019685039371
21
-4.4846439370078741
0
LINE
8
BLACK
6
CONTINUOUS
10
6.8558019685039371
20
-4.4846439370078741
11
6.8627634645669291
21
-4.4908648818897641
0
LINE
8
BLACK
6
CONTINUOUS
10
6.8627634645669291
20
-4.4908648818897641
11
6.8629648031496062
21
-4.4910552362204728
0
LINE
8
BLACK
6
CONTINUOUS
10
6.8629648031496062
20
-4.4910552362204728
11
6.8668080708661412
21
-4.4948984251968502
0
LINE
8
BLACK
6
CONTINUOUS
10
6.8668080708661412
20
-4.4948984251968502
11
6.8750072047244091
21
-4.5014369291338578
0
LINE
8
BLACK
6
CONTINUOUS
10
6.8750072047244091
20
-4.5014369291338578
11
6.8754667716535431
21
-4.5018033858267712
0
LINE
8
BLACK
6
CONTINUOUS
10
6.8754667716535431
20
-4.5018033858267712
11
6.8848441732283465
21
-4.5076954330708663
0
LINE
8
BLACK
6
CONTINUOUS
10
6.8848441732283465
20
-4.5076954330708663
11
6.8948222834645669
21
-4.512500511811024
0
LINE
8
BLACK
6
CONTINUOUS
10
6.8948222834645669
20
-4.512500511811024
11
6.9052757086614172
21
-4.5161581889763776
0
LINE
8
BLACK
6
CONTINUOUS
10
6.9052757086614172
20
-4.5161581889763776
11
6.9052758661417322
21
-4.5161581889763776
0
LINE
8
BLACK
6
CONTINUOUS
10
6.9052758661417322
20
-4.5161581889763776
11
6.9052761023622047
21
-4.5161583070866138
0
LINE
8
BLACK
6
CONTINUOUS
10
6.9052761023622047
20
-4.5161583070866138
11
6.9160724803149609
21
-4.5186223622047246
0
LINE
8
BLACK
6
CONTINUOUS
10
6.9160724803149609
20
-4.5186223622047246
11
6.9160725984251963
21
-4.5186223622047246
0
LINE
8
BLACK
6
CONTINUOUS
10
6.9160725984251963
20
-4.5186223622047246
11
6.9160728740157476
21
-4.5186224409448821
0
LINE
8
BLACK
6
CONTINUOUS
10
6.9160728740157476
20
-4.5186224409448821
11
6.9270780708661412
21
-4.5198622834645672
0
LINE
8
BLACK
6
CONTINUOUS
10
6.9270780708661412
20
-4.5198622834645672
11
6.9326155118110231
21
-4.5198622047244097
0
LINE
8
BLACK
6
CONTINUOUS
10
6.9326155118110231
20
-4.5198622047244097
11
6.9401191338582677
21
-4.5198622047244097
0
LINE
8
BLACK
6
CONTINUOUS
10
6.9401191338582677
20
-4.5198622047244097
11
6.9428010629921255
21
-4.5206496850393698
0
LINE
8
BLACK
6
CONTINUOUS
10
6.9428010629921255
20
-4.5206496850393698
11
6.9446314960629918
21
-4.5227621259842516
0
LINE
8
BLACK
6
CONTINUOUS
10
6.9446314960629918
20
-4.5227621259842516
11
6.9450292913385825
21
-4.5255288188976373
0
LINE
8
BLACK
6
CONTINUOUS
10
6.9450292913385825
20
-4.5255288188976373
11
6.9438681102362203
21
-4.5280713385826772
0
LINE
8
BLACK
6
CONTINUOUS
10
6.9438681102362203
20
-4.5280713385826772
11
6.9415166929133854
21
-4.5295825196850394
0
LINE
8
BLACK
6
CONTINUOUS
10
6.9415166929133854
20
-4.5295825196850394
11
6.9415007874015746
21
-4.5295865748031492
0
LINE
8
BLACK
6
CONTINUOUS
10
6.9415007874015746
20
-4.5295865748031492
11
6.9413392125984252
21
-4.529634015748031
0
LINE
8
BLACK
6
CONTINUOUS
10
6.9413392125984252
20
-4.529634015748031
11
6.9315348425196852
21
-4.5332908267716538
0
LINE
8
BLACK
6
CONTINUOUS
10
6.9315348425196852
20
-4.5332908267716538
11
6.9223513385826774
21
-4.5383053937007869
0
LINE
8
BLACK
6
CONTINUOUS
10
6.9223513385826774
20
-4.5383053937007869
11
6.9178312204724408
21
-4.5416890551181099
0
LINE
8
BLACK
6
CONTINUOUS
10
6.9178312204724408
20
-4.5416890551181099
11
6.9178311811023621
21
-4.5416890944881887
0
LINE
8
BLACK
6
CONTINUOUS
10
6.9178311811023621
20
-4.5416890944881887
11
6.9323008661417322
21
-4.5561587795275589
0
LINE
8
BLACK
6
CONTINUOUS
10
6.9323008661417322
20
-4.5561587795275589
11
6.9354251968503933
21
-4.5539711023622047
0
LINE
8
BLACK
6
CONTINUOUS
10
6.9354251968503933
20
-4.5539711023622047
11
6.9438217716535435
21
-4.5500557086614171
0
LINE
8
BLACK
6
CONTINUOUS
10
6.9438217716535435
20
-4.5500557086614171
11
6.952770669291338
21
-4.5476578740157478
0
LINE
8
BLACK
6
CONTINUOUS
10
6.952770669291338
20
-4.5476578740157478
11
6.9619999999999997
21
-4.5468503937007876
0
LINE
8
BLACK
6
CONTINUOUS
10
6.9619999999999997
20
-4.5468503937007876
11
6.9712293307086615
21
-4.5476578740157478
0
LINE
8
BLACK
6
CONTINUOUS
10
6.9712293307086615
20
-4.5476578740157478
11
6.9801782283464568
21
-4.5500557086614171
0
LINE
8
BLACK
6
CONTINUOUS
10
6.9801782283464568
20
-4.5500557086614171
11
6.9885748031496062
21
-4.5539711023622047
0
LINE
8
BLACK
6
CONTINUOUS
10
6.9885748031496062
20
-4.5539711023622047
11
6.9961638976377953
21
-4.5592850393700788
0
LINE
8
BLACK
6
CONTINUOUS
10
6.9961638976377953
20
-4.5592850393700788
11
7.0027149606299215
21
-4.5658361023622049
0
LINE
8
BLACK
6
CONTINUOUS
10
7.0027149606299215
20
-4.5658361023622049
11
7.0080288976377947
21
-4.5734251968503932
0
LINE
8
BLACK
6
CONTINUOUS
10
7.0080288976377947
20
-4.5734251968503932
11
7.0119442913385823
21
-4.5818217716535434
0
LINE
8
BLACK
6
CONTINUOUS
10
7.0119442913385823
20
-4.5818217716535434
11
7.0143421259842516
21
-4.5907706692913388
0
LINE
8
BLACK
6
CONTINUOUS
10
7.0143421259842516
20
-4.5907706692913388
11
7.0151496062992127
21
-4.5999999999999996
0
LINE
8
BLACK
6
CONTINUOUS
10
7.0151496062992127
20
-4.5999999999999996
11
7.0143421259842516
21
-4.6092293307086614
0
LINE
8
BLACK
6
CONTINUOUS
10
7.0143421259842516
20
-4.6092293307086614
11
7.0119442913385823
21
-4.6181782283464567
0
LINE
8
BLACK
6
CONTINUOUS
10
7.0119442913385823
20
-4.6181782283464567
11
7.0080288976377947
21
-4.6265748031496061
0
LINE
8
BLACK
6
CONTINUOUS
10
7.0080288976377947
20
-4.6265748031496061
11
7.0058411811023618
21
-4.6296990944881893
0
LINE
8
BLACK
6
CONTINUOUS
10
7.0058411811023618
20
-4.6296990944881893
11
7.0203108267716532
21
-4.6441687401574798
0
LINE
8
BLACK
6
CONTINUOUS
10
7.0203108267716532
20
-4.6441687401574798
11
7.0203108267716532
21
-4.6441687007874011
0
LINE
8
BLACK
6
CONTINUOUS
10
7.0203108267716532
20
-4.6441687007874011
11
7.0236945669291337
21
-4.6396486614173229
0
LINE
8
BLACK
6
CONTINUOUS
10
7.0236945669291337
20
-4.6396486614173229
11
7.0287091338582677
21
-4.6304651181102363
0
LINE
8
BLACK
6
CONTINUOUS
10
7.0287091338582677
20
-4.6304651181102363
11
7.0323658267716533
21
-4.6206611417322829
0
LINE
8
BLACK
6
CONTINUOUS
10
7.0323658267716533
20
-4.6206611417322829
11
7.0345899999999997
21
-4.6104366929133853
0
LINE
8
BLACK
6
CONTINUOUS
10
7.0345899999999997
20
-4.6104366929133853
11
7.0353364173228341
21
-4.5999999999999996
0
LINE
8
BLACK
6
CONTINUOUS
10
7.0353364173228341
20
-4.5999999999999996
11
7.0345899999999997
21
-4.5895632677165352
0
LINE
8
BLACK
6
CONTINUOUS
10
7.0345899999999997
20
-4.5895632677165352
11
7.0323658267716533
21
-4.5793388188976376
0
LINE
8
BLACK
6
CONTINUOUS
10
7.0323658267716533
20
-4.5793388188976376
11
7.0287091338582677
21
-4.5695348425196851
0
LINE
8
BLACK
6
CONTINUOUS
10
7.0287091338582677
20
-4.5695348425196851
11
7.0236944488188975
21
-4.5603511417322835
0
LINE
8
BLACK
6
CONTINUOUS
10
7.0236944488188975
20
-4.5603511417322835
11
7.0189546456692913
21
-4.5540195275590554
0
LINE
8
BLACK
6
CONTINUOUS
10
7.0189546456692913
20
-4.5540195275590554
11
7.0179778346456692
21
-4.5514006299212602
0
LINE
8
BLACK
6
CONTINUOUS
10
7.0179778346456692
20
-4.5514006299212602
11
7.0185719685039372
21
-4.5486693700787404
0
LINE
8
BLACK
6
CONTINUOUS
10
7.0185719685039372
20
-4.5486693700787404
11
7.02054842519685
21
-4.5466929133858267
0
LINE
8
BLACK
6
CONTINUOUS
10
7.02054842519685
20
-4.5466929133858267
11
7.0232796850393697
21
-4.5460987401574799
0
LINE
8
BLACK
6
CONTINUOUS
10
7.0232796850393697
20
-4.5460987401574799
11
7.0258986220472437
21
-4.5470755511811021
0
LINE
8
BLACK
6
CONTINUOUS
10
7.0258986220472437
20
-4.5470755511811021
11
7.0261473622047239
21
-4.5472745669291337
0
LINE
8
BLACK
6
CONTINUOUS
10
7.0261473622047239
20
-4.5472745669291337
11
7.0270764960629917
21
-4.5480681102362199
0
LINE
8
BLACK
6
CONTINUOUS
10
7.0270764960629917
20
-4.5480681102362199
11
7.0350259448818893
21
-4.5529395275590554
0
LINE
8
BLACK
6
CONTINUOUS
10
7.0350259448818893
20
-4.5529395275590554
11
7.0436396062992124
21
-4.5565074409448814
0
LINE
8
BLACK
6
CONTINUOUS
10
7.0436396062992124
20
-4.5565074409448814
11
7.0527053937007871
21
-4.5586839370078742
0
LINE
8
BLACK
6
CONTINUOUS
10
7.0527053937007871
20
-4.5586839370078742
11
7.0620000000000003
21
-4.5594154330708658
0
LINE
8
BLACK
6
CONTINUOUS
10
7.0620000000000003
20
-4.5594154330708658
11
7.0712946062992126
21
-4.5586839370078742
0
LINE
8
BLACK
6
CONTINUOUS
10
7.0712946062992126
20
-4.5586839370078742
11
7.0803603937007873
21
-4.5565074409448814
0
LINE
8
BLACK
6
CONTINUOUS
10
7.0803603937007873
20
-4.5565074409448814
11
7.0889740551181104
21
-4.5529395275590554
0
LINE
8
BLACK
6
CONTINUOUS
10
7.0889740551181104
20
-4.5529395275590554
11
7.096923503937008
21
-4.5480681102362199
0
LINE
8
BLACK
6
CONTINUOUS
10
7.096923503937008
20
-4.5480681102362199
11
7.0978525196850395
21
-4.5472746456692912
0
LINE
8
BLACK
6
CONTINUOUS
10
7.0978525196850395
20
-4.5472746456692912
11
7.1004031102362202
21
-4.5461316929133861
0
LINE
8
BLACK
6
CONTINUOUS
10
7.1004031102362202
20
-4.5461316929133861
11
7.103166889763779
21
-4.5465491338582673
0
LINE
8
BLACK
6
CONTINUOUS
10
7.103166889763779
20
-4.5465491338582673
11
7.1052662598425194
21
-4.5483945669291339
0
LINE
8
BLACK
6
CONTINUOUS
10
7.1052662598425194
20
-4.5483945669291339
11
7.1060346456692915
21
-4.5510820078740153
0
LINE
8
BLACK
6
CONTINUOUS
10
7.1060346456692915
20
-4.5510820078740153
11
7.1052281102362205
21
-4.5537582677165354
0
LINE
8
BLACK
6
CONTINUOUS
10
7.1052281102362205
20
-4.5537582677165354
11
7.1050453149606296
21
-4.5540195275590554
0
LINE
8
BLACK
6
CONTINUOUS
10
7.1050453149606296
20
-4.5540195275590554
11
7.1003055118110234
21
-4.5603511417322835
0
LINE
8
BLACK
6
CONTINUOUS
10
7.1003055118110234
20
-4.5603511417322835
11
7.0952908267716532
21
-4.5695348425196851
0
LINE
8
BLACK
6
CONTINUOUS
10
7.0952908267716532
20
-4.5695348425196851
11
7.0916341338582676
21
-4.5793388188976376
0
LINE
8
BLACK
6
CONTINUOUS
10
7.0916341338582676
20
-4.5793388188976376
11
7.0894099606299212
21
-4.5895632677165352
0
LINE
8
BLACK
6
CONTINUOUS
10
7.0894099606299212
20
-4.5895632677165352
11
7.0886635433070868
21
-4.5999999999999996
0
LINE
8
BLACK
6
CONTINUOUS
10
7.0886635433070868
20
-4.5999999999999996
11
7.0894099606299212
21
-4.6104366929133853
0
LINE
8
BLACK
6
CONTINUOUS
10
7.0894099606299212
20
-4.6104366929133853
11
7.0916341338582676
21
-4.6206611417322829
0
LINE
8
BLACK
6
CONTINUOUS
10
7.0916341338582676
20
-4.6206611417322829
11
7.0952908267716532
21
-4.6304651181102363
0
LINE
8
BLACK
6
CONTINUOUS
10
7.0952908267716532
20
-4.6304651181102363
11
7.1003054330708659
21
-4.6396486614173229
0
LINE
8
BLACK
6
CONTINUOUS
10
7.1003054330708659
20
-4.6396486614173229
11
7.103689094488189
21
-4.6441687007874011
0
LINE
8
BLACK
6
CONTINUOUS
10
7.103689094488189
20
-4.6441687007874011
11
7.103689094488189
21
-4.6441687401574798
0
LINE
8
BLACK
6
CONTINUOUS
10
7.103689094488189
20
-4.6441687401574798
11
7.1181587007874016
21
-4.6296990551181105
0
LINE
8
BLACK
6
CONTINUOUS
10
7.1181587007874016
20
-4.6296990551181105
11
7.115971102362205
21
-4.6265748031496061
0
LINE
8
BLACK
6
CONTINUOUS
10
7.115971102362205
20
-4.6265748031496061
11
7.1120557086614173
21
-4.6181782283464567
0
LINE
8
BLACK
6
CONTINUOUS
10
7.1120557086614173
20
-4.6181782283464567
11
7.1096578740157481
21
-4.6092293307086614
0
LINE
8
BLACK
6
CONTINUOUS
10
7.1096578740157481
20
-4.6092293307086614
11
7.108850393700787
21
-4.5999999999999996
0
LINE
8
BLACK
6
CONTINUOUS
10
7.108850393700787
20
-4.5999999999999996
11
7.1096578740157481
21
-4.5907706692913388
0
LINE
8
BLACK
6
CONTINUOUS
10
7.1096578740157481
20
-4.5907706692913388
11
7.1120557086614173
21
-4.5818217716535434
0
LINE
8
BLACK
6
CONTINUOUS
10
7.1120557086614173
20
-4.5818217716535434
11
7.115971102362205
21
-4.5734251968503932
0
LINE
8
BLACK
6
CONTINUOUS
10
7.115971102362205
20
-4.5734251968503932
11
7.1212850393700782
21
-4.5658361023622049
0
LINE
8
BLACK
6
CONTINUOUS
10
7.1212850393700782
20
-4.5658361023622049
11
7.1278361023622043
21
-4.5592850393700788
0
LINE
8
BLACK
6
CONTINUOUS
10
7.1278361023622043
20
-4.5592850393700788
11
7.1354251968503934
21
-4.5539711023622047
0
LINE
8
BLACK
6
CONTINUOUS
10
7.1354251968503934
20
-4.5539711023622047
11
7.1438217716535428
21
-4.5500557086614171
0
LINE
8
BLACK
6
CONTINUOUS
10
7.1438217716535428
20
-4.5500557086614171
11
7.1527706692913382
21
-4.5476578740157478
0
LINE
8
BLACK
6
CONTINUOUS
10
7.1527706692913382
20
-4.5476578740157478
11
7.1619999999999999
21
-4.5468503937007876
0
LINE
8
BLACK
6
CONTINUOUS
10
7.1619999999999999
20
-4.5468503937007876
11
7.1712293307086616
21
-4.5476578740157478
0
LINE
8
BLACK
6
CONTINUOUS
10
7.1712293307086616
20
-4.5476578740157478
11
7.1801782283464561
21
-4.5500557086614171
0
LINE
8
BLACK
6
CONTINUOUS
10
7.1801782283464561
20
-4.5500557086614171
11
7.1885748031496064
21
-4.5539711023622047
0
LINE
8
BLACK
6
CONTINUOUS
10
7.1885748031496064
20
-4.5539711023622047
11
7.1916990551181099
21
-4.5561587007874014
0
LINE
8
BLACK
6
CONTINUOUS
10
7.1916990551181099
20
-4.5561587007874014
11
7.2061687401574801
21
-4.5416890944881887
0
LINE
8
BLACK
6
CONTINUOUS
10
7.2061687401574801
20
-4.5416890944881887
11
7.2016486614173223
21
-4.5383054330708656
0
LINE
8
BLACK
6
CONTINUOUS
10
7.2016486614173223
20
-4.5383054330708656
11
7.1924651181102357
21
-4.5332908267716538
0
LINE
8
BLACK
6
CONTINUOUS
10
7.1924651181102357
20
-4.5332908267716538
11
7.1826611417322832
21
-4.5296341338582673
0
LINE
8
BLACK
6
CONTINUOUS
10
7.1826611417322832
20
-4.5296341338582673
11
7.1724366929133856
21
-4.527409960629921
0
LINE
8
BLACK
6
CONTINUOUS
10
7.1724366929133856
20
-4.527409960629921
11
7.1619999999999999
21
-4.5266635433070865
0
LINE
8
BLACK
6
CONTINUOUS
10
7.1619999999999999
20
-4.5266635433070865
11
7.1515632677165355
21
-4.527409960629921
0
LINE
8
BLACK
6
CONTINUOUS
10
7.1515632677165355
20
-4.527409960629921
11
7.1413388188976379
21
-4.5296341338582673
0
LINE
8
BLACK
6
CONTINUOUS
10
7.1413388188976379
20
-4.5296341338582673
11
7.1315348425196845
21
-4.5332908267716538
0
LINE
8
BLACK
6
CONTINUOUS
10
7.1315348425196845
20
-4.5332908267716538
11
7.1223511417322829
21
-4.5383055118110232
0
LINE
8
BLACK
6
CONTINUOUS
10
7.1223511417322829
20
-4.5383055118110232
11
7.1160195275590548
21
-4.5430453149606302
0
LINE
8
BLACK
6
CONTINUOUS
10
7.1160195275590548
20
-4.5430453149606302
11
7.1134006299212595
21
-4.5440221259842515
0
LINE
8
BLACK
6
CONTINUOUS
10
7.1134006299212595
20
-4.5440221259842515
11
7.1106693700787398
21
-4.5434279921259844
0
LINE
8
BLACK
6
CONTINUOUS
10
7.1106693700787398
20
-4.5434279921259844
11
7.1086928740157482
21
-4.5414514960629919
0
LINE
8
BLACK
6
CONTINUOUS
10
7.1086928740157482
20
-4.5414514960629919
11
7.1080987401574802
21
-4.5387202362204722
0
LINE
8
BLACK
6
CONTINUOUS
10
7.1080987401574802
20
-4.5387202362204722
11
7.1090755511811023
21
-4.5361013385826769
0
LINE
8
BLACK
6
CONTINUOUS
10
7.1090755511811023
20
-4.5361013385826769
11
7.1092737007874014
21
-4.5358536220472443
0
LINE
8
BLACK
6
CONTINUOUS
10
7.1092737007874014
20
-4.5358536220472443
11
7.1100681102362202
21
-4.5349235039370077
0
LINE
8
BLACK
6
CONTINUOUS
10
7.1100681102362202
20
-4.5349235039370077
11
7.1149395275590548
21
-4.5269740551181101
0
LINE
8
BLACK
6
CONTINUOUS
10
7.1149395275590548
20
-4.5269740551181101
11
7.1185074409448816
21
-4.518360393700787
0
LINE
8
BLACK
6
CONTINUOUS
10
7.1185074409448816
20
-4.518360393700787
11
7.1206839370078736
21
-4.5092946062992123
0
LINE
8
BLACK
6
CONTINUOUS
10
7.1206839370078736
20
-4.5092946062992123
11
7.1214154330708661
21
-4.5
0
LINE
8
BLACK
6
CONTINUOUS
10
7.1214154330708661
20
-4.5
11
7.1206839370078736
21
-4.4907053937007877
0
LINE
8
BLACK
6
CONTINUOUS
10
7.1206839370078736
20
-4.4907053937007877
11
7.1185074409448816
21
-4.4816396062992121
0
LINE
8
BLACK
6
CONTINUOUS
10
7.1185074409448816
20
-4.4816396062992121
11
7.1149395275590548
21
-4.4730259448818899
0
LINE
8
BLACK
6
CONTINUOUS
10
7.1149395275590548
20
-4.4730259448818899
11
7.1100681102362202
21
-4.4650764960629923
0
LINE
8
BLACK
6
CONTINUOUS
10
7.1100681102362202
20
-4.4650764960629923
11
7.1092746456692915
21
-4.4641474803149608
0
LINE
8
BLACK
6
CONTINUOUS
10
7.1092746456692915
20
-4.4641474803149608
11
7.1081316929133855
21
-4.461596771653543
0
LINE
8
BLACK
6
CONTINUOUS
10
7.1081316929133855
20
-4.461596771653543
11
7.1085491732283463
21
-4.4588329921259842
0
LINE
8
BLACK
6
CONTINUOUS
10
7.1085491732283463
20
-4.4588329921259842
11
7.1103946456692908
21
-4.4567336614173225
0
LINE
8
BLACK
6
CONTINUOUS
10
7.1103946456692908
20
-4.4567336614173225
11
7.1130820866141731
21
-4.45596531496063
0
LINE
8
BLACK
6
CONTINUOUS
10
7.1130820866141731
20
-4.45596531496063
11
7.1157583464566931
21
-4.4567718897637798
0
LINE
8
BLACK
6
CONTINUOUS
10
7.1157583464566931
20
-4.4567718897637798
11
7.1160195275590548
21
-4.456954645669291
0
LINE
8
BLACK
6
CONTINUOUS
10
7.1160195275590548
20
-4.456954645669291
11
7.1223511417322829
21
-4.4616944488188972
0
LINE
8
BLACK
6
CONTINUOUS
10
7.1223511417322829
20
-4.4616944488188972
11
7.1315348425196845
21
-4.4667091338582674
0
LINE
8
BLACK
6
CONTINUOUS
10
7.1315348425196845
20
-4.4667091338582674
11
7.1413388188976379
21
-4.4703658267716531
0
LINE
8
BLACK
6
CONTINUOUS
10
7.1413388188976379
20
-4.4703658267716531
11
7.1515632677165355
21
-4.4725900000000003
0
LINE
8
BLACK
6
CONTINUOUS
10
7.1515632677165355
20
-4.4725900000000003
11
7.1619999999999999
21
-4.4733364173228347
0
LINE
8
BLACK
6
CONTINUOUS
10
7.1619999999999999
20
-4.4733364173228347
11
7.1724366929133856
21
-4.4725900000000003
0
LINE
8
BLACK
6
CONTINUOUS
10
7.1724366929133856
20
-4.4725900000000003
11
7.1826611417322832
21
-4.4703658267716531
0
LINE
8
BLACK
6
CONTINUOUS
10
7.1826611417322832
20
-4.4703658267716531
11
7.1924651181102357
21
-4.4667091338582674
0
LINE
8
BLACK
6
CONTINUOUS
10
7.1924651181102357
20
-4.4667091338582674
11
7.2016486614173223
21
-4.4616945669291335
0
LINE
8
BLACK
6
CONTINUOUS
10
7.2016486614173223
20
-4.4616945669291335
11
7.2061687007874013
21
-4.4583108267716538
0
LINE
8
BLACK
6
CONTINUOUS
10
7.2061687007874013
20
-4.4583108267716538
11
7.2061687401574801
21
-4.4583108267716538
0
LINE
8
BLACK
6
CONTINUOUS
10
7.2061687401574801
20
-4.4583108267716538
11
7.1916990944881887
21
-4.4438411811023624
0
LINE
8
BLACK
6
CONTINUOUS
10
7.1916990944881887
20
-4.4438411811023624
11
7.1885748031496064
21
-4.4460288976377953
0
LINE
8
BLACK
6
CONTINUOUS
10
7.1885748031496064
20
-4.4460288976377953
11
7.1801782283464561
21
-4.4499442913385829
0
LINE
8
BLACK
6
CONTINUOUS
10
7.1801782283464561
20
-4.4499442913385829
11
7.1712293307086616
21
-4.4523421259842522
0
LINE
8
BLACK
6
CONTINUOUS
10
7.1712293307086616
20
-4.4523421259842522
11
7.1619999999999999
21
-4.4531496062992124
0
LINE
8
BLACK
6
CONTINUOUS
10
7.1619999999999999
20
-4.4531496062992124
11
7.1527706692913382
21
-4.4523421259842522
0
LINE
8
BLACK
6
CONTINUOUS
10
7.1527706692913382
20
-4.4523421259842522
11
7.1438217716535428
21
-4.4499442913385829
0
LINE
8
BLACK
6
CONTINUOUS
10
7.1438217716535428
20
-4.4499442913385829
11
7.1354251968503934
21
-4.4460288976377953
0
LINE
8
BLACK
6
CONTINUOUS
10
7.1354251968503934
20
-4.4460288976377953
11
7.1278361023622043
21
-4.4407149606299212
0
LINE
8
BLACK
6
CONTINUOUS
10
7.1278361023622043
20
-4.4407149606299212
11
7.1212850393700782
21
-4.4341638976377951
0
LINE
8
BLACK
6
CONTINUOUS
10
7.1212850393700782
20
-4.4341638976377951
11
7.115971102362205
21
-4.4265748031496059
0
LINE
8
BLACK
6
CONTINUOUS
10
7.115971102362205
20
-4.4265748031496059
11
7.1120557086614173
21
-4.4181782283464566
0
LINE
8
BLACK
6
CONTINUOUS
10
7.1120557086614173
20
-4.4181782283464566
11
7.1096578740157481
21
-4.4092293307086612
0
LINE
8
BLACK
6
CONTINUOUS
10
7.1096578740157481
20
-4.4092293307086612
11
7.108850393700787
21
-4.3999999999999995
0
LINE
8
BLACK
6
CONTINUOUS
10
7.108850393700787
20
-4.3999999999999995
11
7.1096578740157481
21
-4.3907706692913386
0
LINE
8
BLACK
6
CONTINUOUS
10
7.1096578740157481
20
-4.3907706692913386
11
7.1120557086614173
21
-4.3818217716535433
0
LINE
8
BLACK
6
CONTINUOUS
10
7.1120557086614173
20
-4.3818217716535433
11
7.115971102362205
21
-4.3734251968503939
0
LINE
8
BLACK
6
CONTINUOUS
10
7.115971102362205
20
-4.3734251968503939
11
7.1181587795275592
21
-4.370300866141732
0
LINE
8
BLACK
6
CONTINUOUS
10
7.1181587795275592
20
-4.370300866141732
11
7.103689094488189
21
-4.3558311811023618
0
LINE
8
BLACK
6
CONTINUOUS
10
7.103689094488189
20
-4.3558311811023618
11
7.1036890551181102
21
-4.3558312204724405
0
LINE
8
BLACK
6
CONTINUOUS
10
7.2058411811023619
20
-4.5703007874015746
11
7.2080288976377949
21
-4.5734251968503932
0
LINE
8
BLACK
6
CONTINUOUS
10
7.2080288976377949
20
-4.5734251968503932
11
7.2119442913385825
21
-4.5818217716535434
0
LINE
8
BLACK
6
CONTINUOUS
10
7.2119442913385825
20
-4.5818217716535434
11
7.2143421259842517
21
-4.5907706692913388
0
LINE
8
BLACK
6
CONTINUOUS
10
7.2143421259842517
20
-4.5907706692913388
11
7.2151496062992129
21
-4.5999999999999996
0
LINE
8
BLACK
6
CONTINUOUS
10
7.2151496062992129
20
-4.5999999999999996
11
7.2143421259842517
21
-4.6092293307086614
0
LINE
8
BLACK
6
CONTINUOUS
10
7.2143421259842517
20
-4.6092293307086614
11
7.2119442913385825
21
-4.6181782283464567
0
LINE
8
BLACK
6
CONTINUOUS
10
7.2119442913385825
20
-4.6181782283464567
11
7.2080288976377949
21
-4.6265748031496061
0
LINE
8
BLACK
6
CONTINUOUS
10
7.2080288976377949
20
-4.6265748031496061
11
7.2058411811023619
21
-4.6296990944881893
0
LINE
8
BLACK
6
CONTINUOUS
10
7.2058411811023619
20
-4.6296990944881893
11
7.2203108267716534
21
-4.6441687401574798
0
LINE
8
BLACK
6
CONTINUOUS
10
7.2203108267716534
20
-4.6441687401574798
11
7.2203108267716534
21
-4.6441687007874011
0
LINE
8
BLACK
6
CONTINUOUS
10
7.2203108267716534
20
-4.6441687007874011
11
7.2236945669291339
21
-4.6396486614173229
0
LINE
8
BLACK
6
CONTINUOUS
10
7.2236945669291339
20
-4.6396486614173229
11
7.2287091338582679
21
-4.6304651181102363
0
LINE
8
BLACK
6
CONTINUOUS
10
7.2287091338582679
20
-4.6304651181102363
11
7.2323658267716535
21
-4.6206611417322829
0
LINE
8
BLACK
6
CONTINUOUS
10
7.2323658267716535
20
-4.6206611417322829
11
7.2345899999999999
21
-4.6104366929133853
0
LINE
8
BLACK
6
CONTINUOUS
10
7.2345899999999999
20
-4.6104366929133853
11
7.2353364173228343
21
-4.5999999999999996
0
LINE
8
BLACK
6
CONTINUOUS
10
7.2353364173228343
20
-4.5999999999999996
11
7.2345899999999999
21
-4.5895632677165352
0
LINE
8
BLACK
6
CONTINUOUS
10
7.2345899999999999
20
-4.5895632677165352
11
7.2323658267716535
21
-4.5793388188976376
0
LINE
8
BLACK
6
CONTINUOUS
10
7.2323658267716535
20
-4.5793388188976376
11
7.2287091338582679
21
-4.5695348425196851
0
LINE
8
BLACK
6
CONTINUOUS
10
7.2287091338582679
20
-4.5695348425196851
11
7.2236944488188977
21
-4.5603511417322835
0
LINE
8
BLACK
6
CONTINUOUS
10
7.2236944488188977
20
-4.5603511417322835
11
7.2203108661417321
21
-4.5558312204724407
0
LINE
8
BLACK
6
CONTINUOUS
10
7.2203108661417321
20
-4.5558312204724407
11
7.2203108267716534
21
-4.555831181102362
0
LINE
8
BLACK
6
CONTINUOUS
10
7.2203108267716534
20
-4.555831181102362
11
7.2058411811023619
21
-4.5703007874015746
0
LINE
8
BLACK
6
CONTINUOUS
10
5.46
20
-4.4900000000000002
11
5.46
21
-4.5099999999999998
0
LINE
8
BLACK
6
CONTINUOUS
10
5.46
20
-4.5099999999999998
11
5.4399999999999995
21
-4.5099999999999998
0
LINE
8
BLACK
6
CONTINUOUS
10
5.4399999999999995
20
-4.5099999999999998
11
5.4399999999999995
21
-4.5300000000000002
0
LINE
8
BLACK
6
CONTINUOUS
10
5.4399999999999995
20
-4.5300000000000002
11
5.4619127952755901
21
-4.5300000000000002
0
LINE
8
BLACK
6
CONTINUOUS
10
5.4619127952755901
20
-4.5300000000000002
11
5.4619132677165352
21
-4.5299999606299215
0
LINE
8
BLACK
6
CONTINUOUS
10
5.4619132677165352
20
-4.5299999606299215
11
5.4642949999999999
21
-4.5297438582677163
0
LINE
8
BLACK
6
CONTINUOUS
10
5.4642949999999999
20
-4.5297438582677163
11
5.4696836220472438
21
-4.527734015748031
0
LINE
8
BLACK
6
CONTINUOUS
10
5.4696836220472438
20
-4.527734015748031
11
5.4696836614173225
21
-4.527734015748031
0
LINE
8
BLACK
6
CONTINUOUS
10
5.4696836614173225
20
-4.527734015748031
11
5.4742875590551181
21
-4.5242875590551179
0
LINE
8
BLACK
6
CONTINUOUS
10
5.4742875590551181
20
-4.5242875590551179
11
5.476028818897638
21
-4.5219615354330704
0
LINE
8
BLACK
6
CONTINUOUS
10
5.476028818897638
20
-4.5219615354330704
11
5.4782664566929133
21
-4.5202864566929133
0
LINE
8
BLACK
6
CONTINUOUS
10
5.4782664566929133
20
-4.5202864566929133
11
5.4810544488188979
21
-4.5200870866141729
0
LINE
8
BLACK
6
CONTINUOUS
10
5.4810544488188979
20
-4.5200870866141729
11
5.4835077165354331
21
-4.5214266535433074
0
LINE
8
BLACK
6
CONTINUOUS
10
5.4835077165354331
20
-4.5214266535433074
11
5.4839711811023619
21
-4.5219615354330704
0
LINE
8
BLACK
6
CONTINUOUS
10
5.4839711811023619
20
-4.5219615354330704
11
5.4857124015748031
21
-4.5242875590551179
0
LINE
8
BLACK
6
CONTINUOUS
10
5.4857124015748031
20
-4.5242875590551179
11
5.4903162992125987
21
-4.527734015748031
0
LINE
8
BLACK
6
CONTINUOUS
10
5.4903162992125987
20
-4.527734015748031
11
5.4957049606299213
21
-4.5297438582677163
0
LINE
8
BLACK
6
CONTINUOUS
10
5.4957049606299213
20
-4.5297438582677163
11
5.498086692913386
21
-4.5299999606299215
0
LINE
8
BLACK
6
CONTINUOUS
10
5.498086692913386
20
-4.5299999606299215
11
5.4980872047244089
21
-4.5300000000000002
0
LINE
8
BLACK
6
CONTINUOUS
10
5.4980872047244089
20
-4.5300000000000002
11
5.5199999999999996
21
-4.5300000000000002
0
LINE
8
BLACK
6
CONTINUOUS
10
5.5199999999999996
20
-4.5300000000000002
11
5.5199999999999996
21
-4.5099999999999998
0
LINE
8
BLACK
6
CONTINUOUS
10
5.5199999999999996
20
-4.5099999999999998
11
5.5
21
-4.5099999999999998
0
LINE
8
BLACK
6
CONTINUOUS
10
5.5
20
-4.5099999999999998
11
5.5
21
-4.4900000000000002
0
LINE
8
BLACK
6
CONTINUOUS
10
5.5
20
-4.4900000000000002
11
5.46
21
-4.4900000000000002
0
LINE
8
BLACK
6
CONTINUOUS
10
5.5599999999999996
20
-4.5099999999999998
11
5.54
21
-4.5099999999999998
0
LINE
8
BLACK
6
CONTINUOUS
10
5.54
20
-4.5099999999999998
11
5.54
21
-4.5300000000000002
0
LINE
8
BLACK
6
CONTINUOUS
10
5.54
20
-4.5300000000000002
11
5.5619127952755907
21
-4.5300000000000002
0
LINE
8
BLACK
6
CONTINUOUS
10
5.5619127952755907
20
-4.5300000000000002
11
5.5619132677165357
21
-4.5299999606299215
0
LINE
8
BLACK
6
CONTINUOUS
10
5.5619132677165357
20
-4.5299999606299215
11
5.5642949999999995
21
-4.5297438582677163
0
LINE
8
BLACK
6
CONTINUOUS
10
5.5642949999999995
20
-4.5297438582677163
11
5.5696836220472443
21
-4.527734015748031
0
LINE
8
BLACK
6
CONTINUOUS
10
5.5696836220472443
20
-4.527734015748031
11
5.5696836614173231
21
-4.527734015748031
0
LINE
8
BLACK
6
CONTINUOUS
10
5.5696836614173231
20
-4.527734015748031
11
5.5742875590551177
21
-4.5242875590551179
0
LINE
8
BLACK
6
CONTINUOUS
10
5.5742875590551177
20
-4.5242875590551179
11
5.5777340157480317
21
-4.5196836614173224
0
LINE
8
BLACK
6
CONTINUOUS
10
5.5777340157480317
20
-4.5196836614173224
11
5.5777340157480317
21
-4.5196836220472436
0
LINE
8
BLACK
6
CONTINUOUS
10
5.5777340157480317
20
-4.5196836220472436
11
5.5797438582677161
21
-4.5142949999999997
0
LINE
8
BLACK
6
CONTINUOUS
10
5.5797438582677161
20
-4.5142949999999997
11
5.5799999606299213
21
-4.511913267716535
0
LINE
8
BLACK
6
CONTINUOUS
10
5.5799999606299213
20
-4.511913267716535
11
5.5800000000000001
21
-4.5119127952755909
0
LINE
8
BLACK
6
CONTINUOUS
10
5.5800000000000001
20
-4.5119127952755909
11
5.5800000000000001
21
-4.4900000000000002
0
LINE
8
BLACK
6
CONTINUOUS
10
5.5800000000000001
20
-4.4900000000000002
11
5.5599999999999996
21
-4.4900000000000002
0
LINE
8
BLACK
6
CONTINUOUS
10
5.5599999999999996
20
-4.4900000000000002
11
5.5599999999999996
21
-4.5099999999999998
0
LINE
8
BLACK
6
CONTINUOUS
10
5.54
20
-4.4500000000000002
11
5.5599999999999996
21
-4.4500000000000002
0
LINE
8
BLACK
6
CONTINUOUS
10
5.5599999999999996
20
-4.4500000000000002
11
5.5599999999999996
21
-4.4699999999999998
0
LINE
8
BLACK
6
CONTINUOUS
10
5.5599999999999996
20
-4.4699999999999998
11
5.5800000000000001
21
-4.4699999999999998
0
LINE
8
BLACK
6
CONTINUOUS
10
5.5800000000000001
20
-4.4699999999999998
11
5.5800000000000001
21
-4.4480871653543304
0
LINE
8
BLACK
6
CONTINUOUS
10
5.5800000000000001
20
-4.4480871653543304
11
5.5799999606299213
21
-4.4480866929133853
0
LINE
8
BLACK
6
CONTINUOUS
10
5.5799999606299213
20
-4.4480866929133853
11
5.5797438582677161
21
-4.4457049606299215
0
LINE
8
BLACK
6
CONTINUOUS
10
5.5797438582677161
20
-4.4457049606299215
11
5.5777340157480317
21
-4.4403163385826767
0
LINE
8
BLACK
6
CONTINUOUS
10
5.5777340157480317
20
-4.4403163385826767
11
5.5777340157480317
21
-4.440316299212598
0
LINE
8
BLACK
6
CONTINUOUS
10
5.5777340157480317
20
-4.440316299212598
11
5.5742875590551177
21
-4.4357124015748033
0
LINE
8
BLACK
6
CONTINUOUS
10
5.5742875590551177
20
-4.4357124015748033
11
5.5696836614173231
21
-4.4322659448818893
0
LINE
8
BLACK
6
CONTINUOUS
10
5.5696836614173231
20
-4.4322659448818893
11
5.5642949999999995
21
-4.4302561023622049
0
LINE
8
BLACK
6
CONTINUOUS
10
5.5642949999999995
20
-4.4302561023622049
11
5.5619132677165357
21
-4.4299999999999997
0
LINE
8
BLACK
6
CONTINUOUS
10
5.5619132677165357
20
-4.4299999999999997
11
5.54
21
-4.4299999999999997
0
LINE
8
BLACK
6
CONTINUOUS
10
5.54
20
-4.4299999999999997
11
5.54
21
-4.4500000000000002
0
LINE
8
BLACK
6
CONTINUOUS
10
5.4399999999999995
20
-4.4500000000000002
11
5.46
21
-4.4500000000000002
0
LINE
8
BLACK
6
CONTINUOUS
10
5.46
20
-4.4500000000000002
11
5.46
21
-4.4699999999999998
0
LINE
8
BLACK
6
CONTINUOUS
10
5.46
20
-4.4699999999999998
11
5.5
21
-4.4699999999999998
0
LINE
8
BLACK
6
CONTINUOUS
10
5.5
20
-4.4699999999999998
11
5.5
21
-4.4500000000000002
0
LINE
8
BLACK
6
CONTINUOUS
10
5.5
20
-4.4500000000000002
11
5.5199999999999996
21
-4.4500000000000002
0
LINE
8
BLACK
6
CONTINUOUS
10
5.5199999999999996
20
-4.4500000000000002
11
5.5199999999999996
21
-4.4299999999999997
0
LINE
8
BLACK
6
CONTINUOUS
10
5.5199999999999996
20
-4.4299999999999997
11
5.498086692913386
21
-4.4299999999999997
0
LINE
8
BLACK
6
CONTINUOUS
10
5.498086692913386
20
-4.4299999999999997
11
5.4957049606299213
21
-4.4302561023622049
0
LINE
8
BLACK
6
CONTINUOUS
10
5.4957049606299213
20
-4.4302561023622049
11
5.4903163385826774
21
-4.4322659448818893
0
LINE
8
BLACK
6
CONTINUOUS
10
5.4903163385826774
20
-4.4322659448818893
11
5.4903162992125987
21
-4.4322659448818893
0
LINE
8
BLACK
6
CONTINUOUS
10
5.4903162992125987
20
-4.4322659448818893
11
5.4857124803149606
21
-4.4357123622047245
0
LINE
8
BLACK
6
CONTINUOUS
10
5.4857124803149606
20
-4.4357123622047245
11
5.4839711811023619
21
-4.4380384645669286
0
LINE
8
BLACK
6
CONTINUOUS
10
5.4839711811023619
20
-4.4380384645669286
11
5.4817335039370079
21
-4.4397135039370079
0
LINE
8
BLACK
6
CONTINUOUS
10
5.4817335039370079
20
-4.4397135039370079
11
5.4789455118110233
21
-4.4399128740157483
0
LINE
8
BLACK
6
CONTINUOUS
10
5.4789455118110233
20
-4.4399128740157483
11
5.4764922834645668
21
-4.4385733070866138
0
LINE
8
BLACK
6
CONTINUOUS
10
5.4764922834645668
20
-4.4385733070866138
11
5.476028818897638
21
-4.4380384645669286
0
LINE
8
BLACK
6
CONTINUOUS
10
5.476028818897638
20
-4.4380384645669286
11
5.4742874803149606
21
-4.4357123622047245
0
LINE
8
BLACK
6
CONTINUOUS
10
5.4742874803149606
20
-4.4357123622047245
11
5.4696836614173225
21
-4.4322659448818893
0
LINE
8
BLACK
6
CONTINUOUS
10
5.4696836614173225
20
-4.4322659448818893
11
5.4642949999999999
21
-4.4302561023622049
0
LINE
8
BLACK
6
CONTINUOUS
10
5.4642949999999999
20
-4.4302561023622049
11
5.4619132677165352
21
-4.4299999999999997
0
LINE
8
BLACK
6
CONTINUOUS
10
5.4619132677165352
20
-4.4299999999999997
11
5.4399999999999995
21
-4.4299999999999997
0
LINE
8
BLACK
6
CONTINUOUS
10
5.4399999999999995
20
-4.4299999999999997
11
5.4399999999999995
21
-4.4500000000000002
0
LINE
8
BLACK
6
CONTINUOUS
10
6.90368905511811
20
-4.3558312204724405
11
6.900305393700787
21
-4.3603513385826771
0
LINE
8
BLACK
6
CONTINUOUS
10
6.900305393700787
20
-4.3603513385826771
11
6.8952908267716531
21
-4.3695348425196849
0
LINE
8
BLACK
6
CONTINUOUS
10
6.8952908267716531
20
-4.3695348425196849
11
6.8916341338582674
21
-4.3793388188976374
0
LINE
8
BLACK
6
CONTINUOUS
10
6.8916341338582674
20
-4.3793388188976374
11
6.8894099606299211
21
-4.389563267716535
0
LINE
8
BLACK
6
CONTINUOUS
10
6.8894099606299211
20
-4.389563267716535
11
6.8886635433070866
21
-4.3999999999999995
0
LINE
8
BLACK
6
CONTINUOUS
10
6.8886635433070866
20
-4.3999999999999995
11
6.8894099606299211
21
-4.410436692913386
0
LINE
8
BLACK
6
CONTINUOUS
10
6.8894099606299211
20
-4.410436692913386
11
6.8916341338582674
21
-4.4206611417322836
0
LINE
8
BLACK
6
CONTINUOUS
10
6.8916341338582674
20
-4.4206611417322836
11
6.8952908267716531
21
-4.4304651181102361
0
LINE
8
BLACK
6
CONTINUOUS
10
6.8952908267716531
20
-4.4304651181102361
11
6.9003054330708657
21
-4.4396486614173227
0
LINE
8
BLACK
6
CONTINUOUS
10
6.9003054330708657
20
-4.4396486614173227
11
6.9036890944881888
21
-4.4441687007874018
0
LINE
8
BLACK
6
CONTINUOUS
10
6.9036890944881888
20
-4.4441687007874018
11
6.9036890944881888
21
-4.4441687401574805
0
LINE
8
BLACK
6
CONTINUOUS
10
6.9036890944881888
20
-4.4441687401574805
11
6.9181587401574802
21
-4.4296990551181104
0
LINE
8
BLACK
6
CONTINUOUS
10
6.9181587401574802
20
-4.4296990551181104
11
6.9159711023622048
21
-4.4265748031496059
0
LINE
8
BLACK
6
CONTINUOUS
10
6.9159711023622048
20
-4.4265748031496059
11
6.9120557086614172
21
-4.4181782283464566
0
LINE
8
BLACK
6
CONTINUOUS
10
6.9120557086614172
20
-4.4181782283464566
11
6.9096578740157479
21
-4.4092293307086612
0
LINE
8
BLACK
6
CONTINUOUS
10
6.9096578740157479
20
-4.4092293307086612
11
6.9088503937007877
21
-4.3999999999999995
0
LINE
8
BLACK
6
CONTINUOUS
10
6.9088503937007877
20
-4.3999999999999995
11
6.9096578740157479
21
-4.3907706692913386
0
LINE
8
BLACK
6
CONTINUOUS
10
6.9096578740157479
20
-4.3907706692913386
11
6.9120557086614172
21
-4.3818217716535433
0
LINE
8
BLACK
6
CONTINUOUS
10
6.9120557086614172
20
-4.3818217716535433
11
6.9159711023622048
21
-4.3734251968503939
0
LINE
8
BLACK
6
CONTINUOUS
10
6.9159711023622048
20
-4.3734251968503939
11
6.918158779527559
21
-4.370300866141732
0
LINE
8
BLACK
6
CONTINUOUS
10
6.918158779527559
20
-4.370300866141732
11
6.9036890944881888
21
-4.3558311811023618
0
LINE
8
BLACK
6
CONTINUOUS
10
6.9036890944881888
20
-4.3558311811023618
11
6.90368905511811
21
-4.3558312204724405
0
LINE
8
BLACK
6
CONTINUOUS
10
7.2058411811023619
20
-4.3703007874015745
11
7.2080288976377949
21
-4.3734251968503939
0
LINE
8
BLACK
6
CONTINUOUS
10
7.2080288976377949
20
-4.3734251968503939
11
7.2119442913385825
21
-4.3818217716535433
0
LINE
8
BLACK
6
CONTINUOUS
10
7.2119442913385825
20
-4.3818217716535433
11
7.2143421259842517
21
-4.3907706692913386
0
LINE
8
BLACK
6
CONTINUOUS
10
7.2143421259842517
20
-4.3907706692913386
11
7.2151496062992129
21
-4.3999999999999995
0
LINE
8
BLACK
6
CONTINUOUS
10
7.2151496062992129
20
-4.3999999999999995
11
7.2143421259842517
21
-4.4092293307086612
0
LINE
8
BLACK
6
CONTINUOUS
10
7.2143421259842517
20
-4.4092293307086612
11
7.2119442913385825
21
-4.4181782283464566
0
LINE
8
BLACK
6
CONTINUOUS
10
7.2119442913385825
20
-4.4181782283464566
11
7.2080288976377949
21
-4.4265748031496059
0
LINE
8
BLACK
6
CONTINUOUS
10
7.2080288976377949
20
-4.4265748031496059
11
7.2058411811023619
21
-4.4296990944881891
0
LINE
8
BLACK
6
CONTINUOUS
10
7.2058411811023619
20
-4.4296990944881891
11
7.2203108267716534
21
-4.4441687401574805
0
LINE
8
BLACK
6
CONTINUOUS
10
7.2203108267716534
20
-4.4441687401574805
11
7.2203108267716534
21
-4.4441687007874018
0
LINE
8
BLACK
6
CONTINUOUS
10
7.2203108267716534
20
-4.4441687007874018
11
7.2236945669291339
21
-4.4396486614173227
0
LINE
8
BLACK
6
CONTINUOUS
10
7.2236945669291339
20
-4.4396486614173227
11
7.2287091338582679
21
-4.4304651181102361
0
LINE
8
BLACK
6
CONTINUOUS
10
7.2287091338582679
20
-4.4304651181102361
11
7.2323658267716535
21
-4.4206611417322836
0
LINE
8
BLACK
6
CONTINUOUS
10
7.2323658267716535
20
-4.4206611417322836
11
7.2345899999999999
21
-4.410436692913386
0
LINE
8
BLACK
6
CONTINUOUS
10
7.2345899999999999
20
-4.410436692913386
11
7.2353364173228343
21
-4.3999999999999995
0
LINE
8
BLACK
6
CONTINUOUS
10
7.2353364173228343
20
-4.3999999999999995
11
7.2345899999999999
21
-4.389563267716535
0
LINE
8
BLACK
6
CONTINUOUS
10
7.2345899999999999
20
-4.389563267716535
11
7.2323658267716535
21
-4.3793388188976374
0
LINE
8
BLACK
6
CONTINUOUS
10
7.2323658267716535
20
-4.3793388188976374
11
7.2287091338582679
21
-4.3695348425196849
0
LINE
8
BLACK
6
CONTINUOUS
10
7.2287091338582679
20
-4.3695348425196849
11
7.2236944488188977
21
-4.3603511417322833
0
LINE
8
BLACK
6
CONTINUOUS
10
7.2236944488188977
20
-4.3603511417322833
11
7.2203108661417321
21
-4.3558312204724405
0
LINE
8
BLACK
6
CONTINUOUS
10
7.2203108661417321
20
-4.3558312204724405
11
7.2203108267716534
21
-4.3558311811023618
0
LINE
8
BLACK
6
CONTINUOUS
10
7.2203108267716534
20
-4.3558311811023618
11
7.2058411811023619
21
-4.3703007874015745
0
LINE
8
BLACK
6
CONTINUOUS
10
6.9515632677165353
20
-4.3274099606299208
11
6.9413388188976377
21
-4.329634133858268
0
LINE
8
BLACK
6
CONTINUOUS
10
6.9413388188976377
20
-4.329634133858268
11
6.9315348425196852
21
-4.3332908267716537
0
LINE
8
BLACK
6
CONTINUOUS
10
6.9315348425196852
20
-4.3332908267716537
11
6.9223513385826774
21
-4.3383053937007876
0
LINE
8
BLACK
6
CONTINUOUS
10
6.9223513385826774
20
-4.3383053937007876
11
6.9178312204724408
21
-4.3416890551181098
0
LINE
8
BLACK
6
CONTINUOUS
10
6.9178312204724408
20
-4.3416890551181098
11
6.9178311811023621
21
-4.3416890944881885
0
LINE
8
BLACK
6
CONTINUOUS
10
6.9178311811023621
20
-4.3416890944881885
11
6.9323008661417322
21
-4.3561587795275587
0
LINE
8
BLACK
6
CONTINUOUS
10
6.9323008661417322
20
-4.3561587795275587
11
6.9354251968503933
21
-4.3539711023622045
0
LINE
8
BLACK
6
CONTINUOUS
10
6.9354251968503933
20
-4.3539711023622045
11
6.9438217716535435
21
-4.3500557086614169
0
LINE
8
BLACK
6
CONTINUOUS
10
6.9438217716535435
20
-4.3500557086614169
11
6.952770669291338
21
-4.3476578740157477
0
LINE
8
BLACK
6
CONTINUOUS
10
6.952770669291338
20
-4.3476578740157477
11
6.9619999999999997
21
-4.3468503937007874
0
LINE
8
BLACK
6
CONTINUOUS
10
6.9619999999999997
20
-4.3468503937007874
11
6.9712293307086615
21
-4.3476578740157477
0
LINE
8
BLACK
6
CONTINUOUS
10
6.9712293307086615
20
-4.3476578740157477
11
6.9801782283464568
21
-4.3500557086614169
0
LINE
8
BLACK
6
CONTINUOUS
10
6.9801782283464568
20
-4.3500557086614169
11
6.9885748031496062
21
-4.3539711023622045
0
LINE
8
BLACK
6
CONTINUOUS
10
6.9885748031496062
20
-4.3539711023622045
11
6.9916990944881885
21
-4.3561587401574799
0
LINE
8
BLACK
6
CONTINUOUS
10
6.9916990944881885
20
-4.3561587401574799
11
7.0061687401574799
21
-4.3416890944881885
0
LINE
8
BLACK
6
CONTINUOUS
10
7.0061687401574799
20
-4.3416890944881885
11
7.001648661417323
21
-4.3383054330708664
0
LINE
8
BLACK
6
CONTINUOUS
10
7.001648661417323
20
-4.3383054330708664
11
6.9924651181102364
21
-4.3332908267716537
0
LINE
8
BLACK
6
CONTINUOUS
10
6.9924651181102364
20
-4.3332908267716537
11
6.982661141732283
21
-4.329634133858268
0
LINE
8
BLACK
6
CONTINUOUS
10
6.982661141732283
20
-4.329634133858268
11
6.9724366929133854
21
-4.3274099606299208
0
LINE
8
BLACK
6
CONTINUOUS
10
6.9724366929133854
20
-4.3274099606299208
11
6.9619999999999997
21
-4.3266635433070864
0
LINE
8
BLACK
6
CONTINUOUS
10
6.9619999999999997
20
-4.3266635433070864
11
6.9515632677165353
21
-4.3274099606299208
0
LINE
8
BLACK
6
CONTINUOUS
10
7.1515632677165355
20
-4.3274099606299208
11
7.1413388188976379
21
-4.329634133858268
0
LINE
8
BLACK
6
CONTINUOUS
10
7.1413388188976379
20
-4.329634133858268
11
7.1315348425196845
21
-4.3332908267716537
0
LINE
8
BLACK
6
CONTINUOUS
10
7.1315348425196845
20
-4.3332908267716537
11
7.1223513385826767
21
-4.3383053937007876
0
LINE
8
BLACK
6
CONTINUOUS
10
7.1223513385826767
20
-4.3383053937007876
11
7.117831220472441
21
-4.3416890551181098
0
LINE
8
BLACK
6
CONTINUOUS
10
7.117831220472441
20
-4.3416890551181098
11
7.1178311811023622
21
-4.3416890944881885
0
LINE
8
BLACK
6
CONTINUOUS
10
7.1178311811023622
20
-4.3416890944881885
11
7.1323008661417324
21
-4.3561587795275587
0
LINE
8
BLACK
6
CONTINUOUS
10
7.1323008661417324
20
-4.3561587795275587
11
7.1354251968503934
21
-4.3539711023622045
0
LINE
8
BLACK
6
CONTINUOUS
10
7.1354251968503934
20
-4.3539711023622045
11
7.1438217716535428
21
-4.3500557086614169
0
LINE
8
BLACK
6
CONTINUOUS
10
7.1438217716535428
20
-4.3500557086614169
11
7.1527706692913382
21
-4.3476578740157477
0
LINE
8
BLACK
6
CONTINUOUS
10
7.1527706692913382
20
-4.3476578740157477
11
7.1619999999999999
21
-4.3468503937007874
0
LINE
8
BLACK
6
CONTINUOUS
10
7.1619999999999999
20
-4.3468503937007874
11
7.1712293307086616
21
-4.3476578740157477
0
LINE
8
BLACK
6
CONTINUOUS
10
7.1712293307086616
20
-4.3476578740157477
11
7.1801782283464561
21
-4.3500557086614169
0
LINE
8
BLACK
6
CONTINUOUS
10
7.1801782283464561
20
-4.3500557086614169
11
7.1885748031496064
21
-4.3539711023622045
0
LINE
8
BLACK
6
CONTINUOUS
10
7.1885748031496064
20
-4.3539711023622045
11
7.1916990944881887
21
-4.3561587401574799
0
LINE
8
BLACK
6
CONTINUOUS
10
7.1916990944881887
20
-4.3561587401574799
11
7.2061687401574801
21
-4.3416890944881885
0
LINE
8
BLACK
6
CONTINUOUS
10
7.2061687401574801
20
-4.3416890944881885
11
7.2016486614173223
21
-4.3383054330708664
0
LINE
8
BLACK
6
CONTINUOUS
10
7.2016486614173223
20
-4.3383054330708664
11
7.1924651181102357
21
-4.3332908267716537
0
LINE
8
BLACK
6
CONTINUOUS
10
7.1924651181102357
20
-4.3332908267716537
11
7.1826611417322832
21
-4.329634133858268
0
LINE
8
BLACK
6
CONTINUOUS
10
7.1826611417322832
20
-4.329634133858268
11
7.1724366929133856
21
-4.3274099606299208
0
LINE
8
BLACK
6
CONTINUOUS
10
7.1724366929133856
20
-4.3274099606299208
11
7.1619999999999999
21
-4.3266635433070864
0
LINE
8
BLACK
6
CONTINUOUS
10
7.1619999999999999
20
-4.3266635433070864
11
7.1515632677165355
21
-4.3274099606299208
0
LINE
8
BLACK
6
CONTINUOUS
10
5.6699999999999999
20
-4.1600000000000001
11
5.6699999999999999
21
-4.1819132677165349
0
LINE
8
BLACK
6
CONTINUOUS
10
5.6699999999999999
20
-4.1819132677165349
11
5.6702561023622042
21
-4.1842949999999997
0
LINE
8
BLACK
6
CONTINUOUS
10
5.6702561023622042
20
-4.1842949999999997
11
5.6722659448818895
21
-4.1896836220472444
0
LINE
8
BLACK
6
CONTINUOUS
10
5.6722659448818895
20
-4.1896836220472444
11
5.6722659448818895
21
-4.1896836614173232
0
LINE
8
BLACK
6
CONTINUOUS
10
5.6722659448818895
20
-4.1896836614173232
11
5.6757124015748026
21
-4.1942875590551179
0
LINE
8
BLACK
6
CONTINUOUS
10
5.6757124015748026
20
-4.1942875590551179
11
5.6803162992125982
21
-4.1977340157480318
0
LINE
8
BLACK
6
CONTINUOUS
10
5.6803162992125982
20
-4.1977340157480318
11
5.6857049606299208
21
-4.1997438582677162
0
LINE
8
BLACK
6
CONTINUOUS
10
5.6857049606299208
20
-4.1997438582677162
11
5.6880866929133855
21
-4.1999999606299214
0
LINE
8
BLACK
6
CONTINUOUS
10
5.6880866929133855
20
-4.1999999606299214
11
5.6880872047244093
21
-4.2000000000000002
0
LINE
8
BLACK
6
CONTINUOUS
10
5.6880872047244093
20
-4.2000000000000002
11
5.71
21
-4.2000000000000002
0
LINE
8
BLACK
6
CONTINUOUS
10
5.71
20
-4.2000000000000002
11
5.71
21
-4.1799999999999997
0
LINE
8
BLACK
6
CONTINUOUS
10
5.71
20
-4.1799999999999997
11
5.6899999999999995
21
-4.1799999999999997
0
LINE
8
BLACK
6
CONTINUOUS
10
5.6899999999999995
20
-4.1799999999999997
11
5.6899999999999995
21
-4.1600000000000001
0
LINE
8
BLACK
6
CONTINUOUS
10
5.6899999999999995
20
-4.1600000000000001
11
5.6699999999999999
21
-4.1600000000000001
0
LINE
8
BLACK
6
CONTINUOUS
10
5.75
20
-4.1799999999999997
11
5.7299999999999995
21
-4.1799999999999997
0
LINE
8
BLACK
6
CONTINUOUS
10
5.7299999999999995
20
-4.1799999999999997
11
5.7299999999999995
21
-4.2000000000000002
0
LINE
8
BLACK
6
CONTINUOUS
10
5.7299999999999995
20
-4.2000000000000002
11
5.7519127952755902
21
-4.2000000000000002
0
LINE
8
BLACK
6
CONTINUOUS
10
5.7519127952755902
20
-4.2000000000000002
11
5.7519132677165352
21
-4.1999999606299214
0
LINE
8
BLACK
6
CONTINUOUS
10
5.7519132677165352
20
-4.1999999606299214
11
5.7542949999999999
21
-4.1997438582677162
0
LINE
8
BLACK
6
CONTINUOUS
10
5.7542949999999999
20
-4.1997438582677162
11
5.7596836220472438
21
-4.1977340157480318
0
LINE
8
BLACK
6
CONTINUOUS
10
5.7596836220472438
20
-4.1977340157480318
11
5.7596836614173226
21
-4.1977340157480318
0
LINE
8
BLACK
6
CONTINUOUS
10
5.7596836614173226
20
-4.1977340157480318
11
5.7642875590551181
21
-4.1942875590551179
0
LINE
8
BLACK
6
CONTINUOUS
10
5.7642875590551181
20
-4.1942875590551179
11
5.7677340157480312
21
-4.1896836614173232
0
LINE
8
BLACK
6
CONTINUOUS
10
5.7677340157480312
20
-4.1896836614173232
11
5.7677340157480312
21
-4.1896836220472444
0
LINE
8
BLACK
6
CONTINUOUS
10
5.7677340157480312
20
-4.1896836220472444
11
5.7697438582677165
21
-4.1842949999999997
0
LINE
8
BLACK
6
CONTINUOUS
10
5.7697438582677165
20
-4.1842949999999997
11
5.7699999606299208
21
-4.1819132677165349
0
LINE
8
BLACK
6
CONTINUOUS
10
5.7699999606299208
20
-4.1819132677165349
11
5.7699999999999996
21
-4.1819127952755908
0
LINE
8
BLACK
6
CONTINUOUS
10
5.7699999999999996
20
-4.1819127952755908
11
5.7699999999999996
21
-4.1600000000000001
0
LINE
8
BLACK
6
CONTINUOUS
10
5.7699999999999996
20
-4.1600000000000001
11
5.75
21
-4.1600000000000001
0
LINE
8
BLACK
6
CONTINUOUS
10
5.75
20
-4.1600000000000001
11
5.75
21
-4.1799999999999997
0
LINE
8
BLACK
6
CONTINUOUS
10
5.8700000000000001
20
-4.1600000000000001
11
5.8700000000000001
21
-4.1819132677165349
0
LINE
8
BLACK
6
CONTINUOUS
10
5.8700000000000001
20
-4.1819132677165349
11
5.8702561023622044
21
-4.1842949999999997
0
LINE
8
BLACK
6
CONTINUOUS
10
5.8702561023622044
20
-4.1842949999999997
11
5.8722659448818897
21
-4.1896836220472444
0
LINE
8
BLACK
6
CONTINUOUS
10
5.8722659448818897
20
-4.1896836220472444
11
5.8722659448818897
21
-4.1896836614173232
0
LINE
8
BLACK
6
CONTINUOUS
10
5.8722659448818897
20
-4.1896836614173232
11
5.8757124015748028
21
-4.1942875590551179
0
LINE
8
BLACK
6
CONTINUOUS
10
5.8757124015748028
20
-4.1942875590551179
11
5.8803162992125984
21
-4.1977340157480318
0
LINE
8
BLACK
6
CONTINUOUS
10
5.8803162992125984
20
-4.1977340157480318
11
5.885704960629921
21
-4.1997438582677162
0
LINE
8
BLACK
6
CONTINUOUS
10
5.885704960629921
20
-4.1997438582677162
11
5.8880866929133857
21
-4.1999999606299214
0
LINE
8
BLACK
6
CONTINUOUS
10
5.8880866929133857
20
-4.1999999606299214
11
5.8880872047244095
21
-4.2000000000000002
0
LINE
8
BLACK
6
CONTINUOUS
10
5.8880872047244095
20
-4.2000000000000002
11
5.9100000000000001
21
-4.2000000000000002
0
LINE
8
BLACK
6
CONTINUOUS
10
5.9100000000000001
20
-4.2000000000000002
11
5.9100000000000001
21
-4.1799999999999997
0
LINE
8
BLACK
6
CONTINUOUS
10
5.9100000000000001
20
-4.1799999999999997
11
5.8899999999999997
21
-4.1799999999999997
0
LINE
8
BLACK
6
CONTINUOUS
10
5.8899999999999997
20
-4.1799999999999997
11
5.8899999999999997
21
-4.1600000000000001
0
LINE
8
BLACK
6
CONTINUOUS
10
5.8899999999999997
20
-4.1600000000000001
11
5.8700000000000001
21
-4.1600000000000001
0
LINE
8
BLACK
6
CONTINUOUS
10
5.9500000000000002
20
-4.1799999999999997
11
5.9299999999999997
21
-4.1799999999999997
0
LINE
8
BLACK
6
CONTINUOUS
10
5.9299999999999997
20
-4.1799999999999997
11
5.9299999999999997
21
-4.2000000000000002
0
LINE
8
BLACK
6
CONTINUOUS
10
5.9299999999999997
20
-4.2000000000000002
11
5.9519127952755904
21
-4.2000000000000002
0
LINE
8
BLACK
6
CONTINUOUS
10
5.9519127952755904
20
-4.2000000000000002
11
5.9519132677165354
21
-4.1999999606299214
0
LINE
8
BLACK
6
CONTINUOUS
10
5.9519132677165354
20
-4.1999999606299214
11
5.9542950000000001
21
-4.1997438582677162
0
LINE
8
BLACK
6
CONTINUOUS
10
5.9542950000000001
20
-4.1997438582677162
11
5.959683622047244
21
-4.1977340157480318
0
LINE
8
BLACK
6
CONTINUOUS
10
5.959683622047244
20
-4.1977340157480318
11
5.9596836614173228
21
-4.1977340157480318
0
LINE
8
BLACK
6
CONTINUOUS
10
5.9596836614173228
20
-4.1977340157480318
11
5.9642875590551183
21
-4.1942875590551179
0
LINE
8
BLACK
6
CONTINUOUS
10
5.9642875590551183
20
-4.1942875590551179
11
5.9677340157480314
21
-4.1896836614173232
0
LINE
8
BLACK
6
CONTINUOUS
10
5.9677340157480314
20
-4.1896836614173232
11
5.9677340157480314
21
-4.1896836220472444
0
LINE
8
BLACK
6
CONTINUOUS
10
5.9677340157480314
20
-4.1896836220472444
11
5.9697438582677167
21
-4.1842949999999997
0
LINE
8
BLACK
6
CONTINUOUS
10
5.9697438582677167
20
-4.1842949999999997
11
5.969999960629921
21
-4.1819132677165349
0
LINE
8
BLACK
6
CONTINUOUS
10
5.969999960629921
20
-4.1819132677165349
11
5.9699999999999998
21
-4.1819127952755908
0
LINE
8
BLACK
6
CONTINUOUS
10
5.9699999999999998
20
-4.1819127952755908
11
5.9699999999999998
21
-4.1600000000000001
0
LINE
8
BLACK
6
CONTINUOUS
10
5.9699999999999998
20
-4.1600000000000001
11
5.9500000000000002
21
-4.1600000000000001
0
LINE
8
BLACK
6
CONTINUOUS
10
5.9500000000000002
20
-4.1600000000000001
11
5.9500000000000002
21
-4.1799999999999997
0
LINE
8
BLACK
6
CONTINUOUS
10
5.9500000000000002
20
-4.0800000000000001
11
5.9299999999999997
21
-4.0800000000000001
0
LINE
8
BLACK
6
CONTINUOUS
10
5.9299999999999997
20
-4.0800000000000001
11
5.9299999999999997
21
-4.1200000000000001
0
LINE
8
BLACK
6
CONTINUOUS
10
5.9299999999999997
20
-4.1200000000000001
11
5.9500000000000002
21
-4.1200000000000001
0
LINE
8
BLACK
6
CONTINUOUS
10
5.9500000000000002
20
-4.1200000000000001
11
5.9500000000000002
21
-4.1399999999999997
0
LINE
8
BLACK
6
CONTINUOUS
10
5.9500000000000002
20
-4.1399999999999997
11
5.9699999999999998
21
-4.1399999999999997
0
LINE
8
BLACK
6
CONTINUOUS
10
5.9699999999999998
20
-4.1399999999999997
11
5.9699999999999998
21
-4.1180871653543303
0
LINE
8
BLACK
6
CONTINUOUS
10
5.9699999999999998
20
-4.1180871653543303
11
5.969999960629921
21
-4.1180866929133861
0
LINE
8
BLACK
6
CONTINUOUS
10
5.969999960629921
20
-4.1180866929133861
11
5.9697438582677167
21
-4.1157049606299214
0
LINE
8
BLACK
6
CONTINUOUS
10
5.9697438582677167
20
-4.1157049606299214
11
5.9677340157480314
21
-4.1103163385826766
0
LINE
8
BLACK
6
CONTINUOUS
10
5.9677340157480314
20
-4.1103163385826766
11
5.9677340157480314
21
-4.1103162992125979
0
LINE
8
BLACK
6
CONTINUOUS
10
5.9677340157480314
20
-4.1103162992125979
11
5.9642875590551183
21
-4.1057124015748032
0
LINE
8
BLACK
6
CONTINUOUS
10
5.9642875590551183
20
-4.1057124015748032
11
5.9619615354330708
21
-4.103971181102362
0
LINE
8
BLACK
6
CONTINUOUS
10
5.9619615354330708
20
-4.103971181102362
11
5.9602864566929137
21
-4.1017335433070867
0
LINE
8
BLACK
6
CONTINUOUS
10
5.9602864566929137
20
-4.1017335433070867
11
5.9600870866141733
21
-4.0989455511811022
0
LINE
8
BLACK
6
CONTINUOUS
10
5.9600870866141733
20
-4.0989455511811022
11
5.9614266535433069
21
-4.096492283464567
0
LINE
8
BLACK
6
CONTINUOUS
10
5.9614266535433069
20
-4.096492283464567
11
5.9619615354330708
21
-4.0960288188976373
0
LINE
8
BLACK
6
CONTINUOUS
10
5.9619615354330708
20
-4.0960288188976373
11
5.9642875590551183
21
-4.0942875590551182
0
LINE
8
BLACK
6
CONTINUOUS
10
5.9642875590551183
20
-4.0942875590551182
11
5.9677340157480314
21
-4.0896836614173226
0
LINE
8
BLACK
6
CONTINUOUS
10
5.9677340157480314
20
-4.0896836614173226
11
5.9677340157480314
21
-4.0896836220472439
0
LINE
8
BLACK
6
CONTINUOUS
10
5.9677340157480314
20
-4.0896836220472439
11
5.9697438582677167
21
-4.084295
0
LINE
8
BLACK
6
CONTINUOUS
10
5.9697438582677167
20
-4.084295
11
5.969999960629921
21
-4.0819132677165353
0
LINE
8
BLACK
6
CONTINUOUS
10
5.969999960629921
20
-4.0819132677165353
11
5.9699999999999998
21
-4.0819127952755903
0
LINE
8
BLACK
6
CONTINUOUS
10
5.9699999999999998
20
-4.0819127952755903
11
5.9699999999999998
21
-4.0599999999999996
0
LINE
8
BLACK
6
CONTINUOUS
10
5.9699999999999998
20
-4.0599999999999996
11
5.9500000000000002
21
-4.0599999999999996
0
LINE
8
BLACK
6
CONTINUOUS
10
5.9500000000000002
20
-4.0599999999999996
11
5.9500000000000002
21
-4.0800000000000001
0
LINE
8
BLACK
6
CONTINUOUS
10
5.8700000000000001
20
-4.0599999999999996
11
5.8700000000000001
21
-4.0819132677165353
0
LINE
8
BLACK
6
CONTINUOUS
10
5.8700000000000001
20
-4.0819132677165353
11
5.8702561023622044
21
-4.084295
0
LINE
8
BLACK
6
CONTINUOUS
10
5.8702561023622044
20
-4.084295
11
5.8722659448818897
21
-4.0896836220472439
0
LINE
8
BLACK
6
CONTINUOUS
10
5.8722659448818897
20
-4.0896836220472439
11
5.8722659448818897
21
-4.0896836614173226
0
LINE
8
BLACK
6
CONTINUOUS
10
5.8722659448818897
20
-4.0896836614173226
11
5.875712362204724
21
-4.0942874803149607
0
LINE
8
BLACK
6
CONTINUOUS
10
5.875712362204724
20
-4.0942874803149607
11
5.878038464566929
21
-4.0960288188976373
0
LINE
8
BLACK
6
CONTINUOUS
10
5.878038464566929
20
-4.0960288188976373
11
5.8797135039370074
21
-4.0982664960629922
0
LINE
8
BLACK
6
CONTINUOUS
10
5.8797135039370074
20
-4.0982664960629922
11
5.8799128740157478
21
-4.1010544881889759
0
LINE
8
BLACK
6
CONTINUOUS
10
5.8799128740157478
20
-4.1010544881889759
11
5.8785733070866142
21
-4.1035077165354332
0
LINE
8
BLACK
6
CONTINUOUS
10
5.8785733070866142
20
-4.1035077165354332
11
5.878038464566929
21
-4.103971181102362
0
LINE
8
BLACK
6
CONTINUOUS
10
5.878038464566929
20
-4.103971181102362
11
5.875712362204724
21
-4.1057124803149607
0
LINE
8
BLACK
6
CONTINUOUS
10
5.875712362204724
20
-4.1057124803149607
11
5.8722659448818897
21
-4.1103162992125979
0
LINE
8
BLACK
6
CONTINUOUS
10
5.8722659448818897
20
-4.1103162992125979
11
5.8722659448818897
21
-4.1103163385826766
0
LINE
8
BLACK
6
CONTINUOUS
10
5.8722659448818897
20
-4.1103163385826766
11
5.8702561023622044
21
-4.1157049606299214
0
LINE
8
BLACK
6
CONTINUOUS
10
5.8702561023622044
20
-4.1157049606299214
11
5.8700000000000001
21
-4.1180866929133861
0
LINE
8
BLACK
6
CONTINUOUS
10
5.8700000000000001
20
-4.1180866929133861
11
5.8700000000000001
21
-4.1399999999999997
0
LINE
8
BLACK
6
CONTINUOUS
10
5.8700000000000001
20
-4.1399999999999997
11
5.8899999999999997
21
-4.1399999999999997
0
LINE
8
BLACK
6
CONTINUOUS
10
5.8899999999999997
20
-4.1399999999999997
11
5.8899999999999997
21
-4.1200000000000001
0
LINE
8
BLACK
6
CONTINUOUS
10
5.8899999999999997
20
-4.1200000000000001
11
5.9100000000000001
21
-4.1200000000000001
0
LINE
8
BLACK
6
CONTINUOUS
10
5.9100000000000001
20
-4.1200000000000001
11
5.9100000000000001
21
-4.0800000000000001
0
LINE
8
BLACK
6
CONTINUOUS
10
5.9100000000000001
20
-4.0800000000000001
11
5.8899999999999997
21
-4.0800000000000001
0
LINE
8
BLACK
6
CONTINUOUS
10
5.8899999999999997
20
-4.0800000000000001
11
5.8899999999999997
21
-4.0599999999999996
0
LINE
8
BLACK
6
CONTINUOUS
10
5.8899999999999997
20
-4.0599999999999996
11
5.8700000000000001
21
-4.0599999999999996
0
LINE
8
BLACK
6
CONTINUOUS
10
5.75
20
-4.0800000000000001
11
5.7299999999999995
21
-4.0800000000000001
0
LINE
8
BLACK
6
CONTINUOUS
10
5.7299999999999995
20
-4.0800000000000001
11
5.7299999999999995
21
-4.1200000000000001
0
LINE
8
BLACK
6
CONTINUOUS
10
5.7299999999999995
20
-4.1200000000000001
11
5.75
21
-4.1200000000000001
0
LINE
8
BLACK
6
CONTINUOUS
10
5.75
20
-4.1200000000000001
11
5.75
21
-4.1399999999999997
0
LINE
8
BLACK
6
CONTINUOUS
10
5.75
20
-4.1399999999999997
11
5.7699999999999996
21
-4.1399999999999997
0
LINE
8
BLACK
6
CONTINUOUS
10
5.7699999999999996
20
-4.1399999999999997
11
5.7699999999999996
21
-4.1180871653543303
0
LINE
8
BLACK
6
CONTINUOUS
10
5.7699999999999996
20
-4.1180871653543303
11
5.7699999606299208
21
-4.1180866929133861
0
LINE
8
BLACK
6
CONTINUOUS
10
5.7699999606299208
20
-4.1180866929133861
11
5.7697438582677165
21
-4.1157049606299214
0
LINE
8
BLACK
6
CONTINUOUS
10
5.7697438582677165
20
-4.1157049606299214
11
5.7677340157480312
21
-4.1103163385826766
0
LINE
8
BLACK
6
CONTINUOUS
10
5.7677340157480312
20
-4.1103163385826766
11
5.7677340157480312
21
-4.1103162992125979
0
LINE
8
BLACK
6
CONTINUOUS
10
5.7677340157480312
20
-4.1103162992125979
11
5.7642875590551181
21
-4.1057124015748032
0
LINE
8
BLACK
6
CONTINUOUS
10
5.7642875590551181
20
-4.1057124015748032
11
5.7619615354330707
21
-4.103971181102362
0
LINE
8
BLACK
6
CONTINUOUS
10
5.7619615354330707
20
-4.103971181102362
11
5.7602864566929135
21
-4.1017335433070867
0
LINE
8
BLACK
6
CONTINUOUS
10
5.7602864566929135
20
-4.1017335433070867
11
5.7600870866141731
21
-4.0989455511811022
0
LINE
8
BLACK
6
CONTINUOUS
10
5.7600870866141731
20
-4.0989455511811022
11
5.7614266535433067
21
-4.096492283464567
0
LINE
8
BLACK
6
CONTINUOUS
10
5.7614266535433067
20
-4.096492283464567
11
5.7619615354330707
21
-4.0960288188976373
0
LINE
8
BLACK
6
CONTINUOUS
10
5.7619615354330707
20
-4.0960288188976373
11
5.7642875590551181
21
-4.0942875590551182
0
LINE
8
BLACK
6
CONTINUOUS
10
5.7642875590551181
20
-4.0942875590551182
11
5.7677340157480312
21
-4.0896836614173226
0
LINE
8
BLACK
6
CONTINUOUS
10
5.7677340157480312
20
-4.0896836614173226
11
5.7677340157480312
21
-4.0896836220472439
0
LINE
8
BLACK
6
CONTINUOUS
10
5.7677340157480312
20
-4.0896836220472439
11
5.7697438582677165
21
-4.084295
0
LINE
8
BLACK
6
CONTINUOUS
10
5.7697438582677165
20
-4.084295
11
5.7699999606299208
21
-4.0819132677165353
0
LINE
8
BLACK
6
CONTINUOUS
10
5.7699999606299208
20
-4.0819132677165353
11
5.7699999999999996
21
-4.0819127952755903
0
LINE
8
BLACK
6
CONTINUOUS
10
5.7699999999999996
20
-4.0819127952755903
11
5.7699999999999996
21
-4.0599999999999996
0
LINE
8
BLACK
6
CONTINUOUS
10
5.7699999999999996
20
-4.0599999999999996
11
5.75
21
-4.0599999999999996
0
LINE
8
BLACK
6
CONTINUOUS
10
5.75
20
-4.0599999999999996
11
5.75
21
-4.0800000000000001
0
LINE
8
BLACK
6
CONTINUOUS
10
5.6699999999999999
20
-4.0599999999999996
11
5.6699999999999999
21
-4.0819132677165353
0
LINE
8
BLACK
6
CONTINUOUS
10
5.6699999999999999
20
-4.0819132677165353
11
5.6702561023622042
21
-4.084295
0
LINE
8
BLACK
6
CONTINUOUS
10
5.6702561023622042
20
-4.084295
11
5.6722659448818895
21
-4.0896836220472439
0
LINE
8
BLACK
6
CONTINUOUS
10
5.6722659448818895
20
-4.0896836220472439
11
5.6722659448818895
21
-4.0896836614173226
0
LINE
8
BLACK
6
CONTINUOUS
10
5.6722659448818895
20
-4.0896836614173226
11
5.6757123622047239
21
-4.0942874803149607
0
LINE
8
BLACK
6
CONTINUOUS
10
5.6757123622047239
20
-4.0942874803149607
11
5.6780384645669288
21
-4.0960288188976373
0
LINE
8
BLACK
6
CONTINUOUS
10
5.6780384645669288
20
-4.0960288188976373
11
5.6797135039370081
21
-4.0982664960629922
0
LINE
8
BLACK
6
CONTINUOUS
10
5.6797135039370081
20
-4.0982664960629922
11
5.6799128740157476
21
-4.1010544881889759
0
LINE
8
BLACK
6
CONTINUOUS
10
5.6799128740157476
20
-4.1010544881889759
11
5.678573307086614
21
-4.1035077165354332
0
LINE
8
BLACK
6
CONTINUOUS
10
5.678573307086614
20
-4.1035077165354332
11
5.6780384645669288
21
-4.103971181102362
0
LINE
8
BLACK
6
CONTINUOUS
10
5.6780384645669288
20
-4.103971181102362
11
5.6757123622047239
21
-4.1057124803149607
0
LINE
8
BLACK
6
CONTINUOUS
10
5.6757123622047239
20
-4.1057124803149607
11
5.6722659448818895
21
-4.1103162992125979
0
LINE
8
BLACK
6
CONTINUOUS
10
5.6722659448818895
20
-4.1103162992125979
11
5.6722659448818895
21
-4.1103163385826766
0
LINE
8
BLACK
6
CONTINUOUS
10
5.6722659448818895
20
-4.1103163385826766
11
5.6702561023622042
21
-4.1157049606299214
0
LINE
8
BLACK
6
CONTINUOUS
10
5.6702561023622042
20
-4.1157049606299214
11
5.6699999999999999
21
-4.1180866929133861
0
LINE
8
BLACK
6
CONTINUOUS
10
5.6699999999999999
20
-4.1180866929133861
11
5.6699999999999999
21
-4.1399999999999997
0
LINE
8
BLACK
6
CONTINUOUS
10
5.6699999999999999
20
-4.1399999999999997
11
5.6899999999999995
21
-4.1399999999999997
0
LINE
8
BLACK
6
CONTINUOUS
10
5.6899999999999995
20
-4.1399999999999997
11
5.6899999999999995
21
-4.1200000000000001
0
LINE
8
BLACK
6
CONTINUOUS
10
5.6899999999999995
20
-4.1200000000000001
11
5.71
21
-4.1200000000000001
0
LINE
8
BLACK
6
CONTINUOUS
10
5.71
20
-4.1200000000000001
11
5.71
21
-4.0800000000000001
0
LINE
8
BLACK
6
CONTINUOUS
10
5.71
20
-4.0800000000000001
11
5.6899999999999995
21
-4.0800000000000001
0
LINE
8
BLACK
6
CONTINUOUS
10
5.6899999999999995
20
-4.0800000000000001
11
5.6899999999999995
21
-4.0599999999999996
0
LINE
8
BLACK
6
CONTINUOUS
10
5.6899999999999995
20
-4.0599999999999996
11
5.6699999999999999
21
-4.0599999999999996
0
LINE
8
BLACK
6
CONTINUOUS
10
5.9299999999999997
20
-4.0199999999999996
11
5.9500000000000002
21
-4.0199999999999996
0
LINE
8
BLACK
6
CONTINUOUS
10
5.9500000000000002
20
-4.0199999999999996
11
5.9500000000000002
21
-4.04
0
LINE
8
BLACK
6
CONTINUOUS
10
5.9500000000000002
20
-4.04
11
5.9699999999999998
21
-4.04
0
LINE
8
BLACK
6
CONTINUOUS
10
5.9699999999999998
20
-4.04
11
5.9699999999999998
21
-4.0180871653543306
0
LINE
8
BLACK
6
CONTINUOUS
10
5.9699999999999998
20
-4.0180871653543306
11
5.969999960629921
21
-4.0180866929133856
0
LINE
8
BLACK
6
CONTINUOUS
10
5.969999960629921
20
-4.0180866929133856
11
5.9697438582677167
21
-4.0157049606299209
0
LINE
8
BLACK
6
CONTINUOUS
10
5.9697438582677167
20
-4.0157049606299209
11
5.9677340157480314
21
-4.010316338582677
0
LINE
8
BLACK
6
CONTINUOUS
10
5.9677340157480314
20
-4.010316338582677
11
5.9677340157480314
21
-4.0103162992125982
0
LINE
8
BLACK
6
CONTINUOUS
10
5.9677340157480314
20
-4.0103162992125982
11
5.9642875590551183
21
-4.0057124015748027
0
LINE
8
BLACK
6
CONTINUOUS
10
5.9642875590551183
20
-4.0057124015748027
11
5.9596836614173228
21
-4.0022659448818896
0
LINE
8
BLACK
6
CONTINUOUS
10
5.9596836614173228
20
-4.0022659448818896
11
5.9542950000000001
21
-4.0002561023622043
0
LINE
8
BLACK
6
CONTINUOUS
10
5.9542950000000001
20
-4.0002561023622043
11
5.9519132677165354
21
-4.
0
LINE
8
BLACK
6
CONTINUOUS
10
5.9519132677165354
20
-4.
11
5.9299999999999997
21
-4.
0
LINE
8
BLACK
6
CONTINUOUS
10
5.9299999999999997
20
-4.
11
5.9299999999999997
21
-4.0199999999999996
0
LINE
8
BLACK
6
CONTINUOUS
10
5.7299999999999995
20
-4.0199999999999996
11
5.75
21
-4.0199999999999996
0
LINE
8
BLACK
6
CONTINUOUS
10
5.75
20
-4.0199999999999996
11
5.75
21
-4.04
0
LINE
8
BLACK
6
CONTINUOUS
10
5.75
20
-4.04
11
5.7699999999999996
21
-4.04
0
LINE
8
BLACK
6
CONTINUOUS
10
5.7699999999999996
20
-4.04
11
5.7699999999999996
21
-4.0180871653543306
0
LINE
8
BLACK
6
CONTINUOUS
10
5.7699999999999996
20
-4.0180871653543306
11
5.7699999606299208
21
-4.0180866929133856
0
LINE
8
BLACK
6
CONTINUOUS
10
5.7699999606299208
20
-4.0180866929133856
11
5.7697438582677165
21
-4.0157049606299209
0
LINE
8
BLACK
6
CONTINUOUS
10
5.7697438582677165
20
-4.0157049606299209
11
5.7677340157480312
21
-4.010316338582677
0
LINE
8
BLACK
6
CONTINUOUS
10
5.7677340157480312
20
-4.010316338582677
11
5.7677340157480312
21
-4.0103162992125982
0
LINE
8
BLACK
6
CONTINUOUS
10
5.7677340157480312
20
-4.0103162992125982
11
5.7642875590551181
21
-4.0057124015748027
0
LINE
8
BLACK
6
CONTINUOUS
10
5.7642875590551181
20
-4.0057124015748027
11
5.7596836614173226
21
-4.0022659448818896
0
LINE
8
BLACK
6
CONTINUOUS
10
5.7596836614173226
20
-4.0022659448818896
11
5.7542949999999999
21
-4.0002561023622043
0
LINE
8
BLACK
6
CONTINUOUS
10
5.7542949999999999
20
-4.0002561023622043
11
5.7519132677165352
21
-4.
0
LINE
8
BLACK
6
CONTINUOUS
10
5.7519132677165352
20
-4.
11
5.7299999999999995
21
-4.
0
LINE
8
BLACK
6
CONTINUOUS
10
5.7299999999999995
20
-4.
11
5.7299999999999995
21
-4.0199999999999996
0
LINE
8
BLACK
6
CONTINUOUS
10
5.6857049606299208
20
-4.0002561023622043
11
5.6803163385826769
21
-4.0022659448818896
0
LINE
8
BLACK
6
CONTINUOUS
10
5.6803163385826769
20
-4.0022659448818896
11
5.6803162992125982
21
-4.0022659448818896
0
LINE
8
BLACK
6
CONTINUOUS
10
5.6803162992125982
20
-4.0022659448818896
11
5.6757124015748026
21
-4.0057124015748027
0
LINE
8
BLACK
6
CONTINUOUS
10
5.6757124015748026
20
-4.0057124015748027
11
5.6722659448818895
21
-4.0103162992125982
0
LINE
8
BLACK
6
CONTINUOUS
10
5.6722659448818895
20
-4.0103162992125982
11
5.6722659448818895
21
-4.010316338582677
0
LINE
8
BLACK
6
CONTINUOUS
10
5.6722659448818895
20
-4.010316338582677
11
5.6702561023622042
21
-4.0157049606299209
0
LINE
8
BLACK
6
CONTINUOUS
10
5.6702561023622042
20
-4.0157049606299209
11
5.6699999999999999
21
-4.0180866929133856
0
LINE
8
BLACK
6
CONTINUOUS
10
5.6699999999999999
20
-4.0180866929133856
11
5.6699999999999999
21
-4.04
0
LINE
8
BLACK
6
CONTINUOUS
10
5.6699999999999999
20
-4.04
11
5.6899999999999995
21
-4.04
0
LINE
8
BLACK
6
CONTINUOUS
10
5.6899999999999995
20
-4.04
11
5.6899999999999995
21
-4.0199999999999996
0
LINE
8
BLACK
6
CONTINUOUS
10
5.6899999999999995
20
-4.0199999999999996
11
5.71
21
-4.0199999999999996
0
LINE
8
BLACK
6
CONTINUOUS
10
5.71
20
-4.0199999999999996
11
5.71
21
-4.
0
LINE
8
BLACK
6
CONTINUOUS
10
5.71
20
-4.
11
5.6880866929133855
21
-4.
0
LINE
8
BLACK
6
CONTINUOUS
10
5.6880866929133855
20
-4.
11
5.6857049606299208
21
-4.0002561023622043
0
LINE
8
BLACK
6
CONTINUOUS
10
5.8700000000000001
20
-4.04
11
5.8899999999999997
21
-4.04
0
LINE
8
BLACK
6
CONTINUOUS
10
5.8899999999999997
20
-4.04
11
5.8899999999999997
21
-4.0199999999999996
0
LINE
8
BLACK
6
CONTINUOUS
10
5.8899999999999997
20
-4.0199999999999996
11
5.9100000000000001
21
-4.0199999999999996
0
LINE
8
BLACK
6
CONTINUOUS
10
5.9100000000000001
20
-4.0199999999999996
11
5.9100000000000001
21
-4.
0
LINE
8
BLACK
6
CONTINUOUS
10
5.9100000000000001
20
-4.
11
5.8880866929133857
21
-4.
0
LINE
8
BLACK
6
CONTINUOUS
10
5.8880866929133857
20
-4.
11
5.885704960629921
21
-4.0002561023622043
0
LINE
8
BLACK
6
CONTINUOUS
10
5.885704960629921
20
-4.0002561023622043
11
5.8803163385826771
21
-4.0022659448818896
0
LINE
8
BLACK
6
CONTINUOUS
10
5.8803163385826771
20
-4.0022659448818896
11
5.8803162992125984
21
-4.0022659448818896
0
LINE
8
BLACK
6
CONTINUOUS
10
5.8803162992125984
20
-4.0022659448818896
11
5.8757124015748028
21
-4.0057124015748027
0
LINE
8
BLACK
6
CONTINUOUS
10
5.8757124015748028
20
-4.0057124015748027
11
5.8722659448818897
21
-4.0103162992125982
0
LINE
8
BLACK
6
CONTINUOUS
10
5.8722659448818897
20
-4.0103162992125982
11
5.8722659448818897
21
-4.010316338582677
0
LINE
8
BLACK
6
CONTINUOUS
10
5.8722659448818897
20
-4.010316338582677
11
5.8702561023622044
21
-4.0157049606299209
0
LINE
8
BLACK
6
CONTINUOUS
10
5.8702561023622044
20
-4.0157049606299209
11
5.8700000000000001
21
-4.0180866929133856
0
LINE
8
BLACK
6
CONTINUOUS
10
5.8700000000000001
20
-4.0180866929133856
11
5.8700000000000001
21
-4.04
0
CIRCLE
8
BLACK
10
5.5
20
-4.0999999999999996
40
0.0068897637795276
0
CIRCLE
8
BLACK
10
7.0999999999999996
20
-4.8999999999999995
40
0.0068897637795276
0
CIRCLE
8
BLACK
10
5.4299999999999997
20
-4.6799999999999997
40
0.0068897637795276
0
CIRCLE
8
BLACK
10
5.5300000000000002
20
-4.6799999999999997
40
0.0068897637795276
0
CIRCLE
8
BLACK
10
6.5788188976377953
20
-4.1499999999999995
40
0.0068897637795276
0
CIRCLE
8
BLACK
10
6.5788188976377953
20
-4.0499999999999998
40
0.0068897637795276
0
CIRCLE
8
BLACK
10
6.7796062992125981
20
-4.1499999999999995
40
0.0068897637795276
0
CIRCLE
8
BLACK
10
6.7796062992125981
20
-4.0499999999999998
40
0.0068897637795276
0
CIRCLE
8
BLACK
10
6.440787401574803
20
-4.1499999999999995
40
0.0068897637795276
0
CIRCLE
8
BLACK
10
6.440787401574803
20
-4.0499999999999998
40
0.0068897637795276
0
CIRCLE
8
BLACK
10
7.0620000000000003
20
-4.5
40
0.0068897637795276
0
CIRCLE
8
BLACK
10
6.9619999999999997
20
-4.5999999999999996
40
0.0068897637795276
0
CIRCLE
8
BLACK
10
7.1619999999999999
20
-4.5999999999999996
40
0.0068897637795276
0
CIRCLE
8
BLACK
10
6.9619999999999997
20
-4.3999999999999995
40
0.0068897637795276
0
CIRCLE
8
BLACK
10
7.1619999999999999
20
-4.3999999999999995
40
0.0068897637795276
0
CIRCLE
8
BLACK
10
6.0392125984251965
20
-4.1499999999999995
40
0.0068897637795276
0
CIRCLE
8
BLACK
10
6.0392125984251965
20
-4.0499999999999998
40
0.0068897637795276
0
CIRCLE
8
BLACK
10
6.8799999999999999
20
-4.1499999999999995
40
0.0068897637795276
0
CIRCLE
8
BLACK
10
6.8799999999999999
20
-4.0499999999999998
40
0.0068897637795276
0
CIRCLE
8
BLACK
10
6.1396062992125984
20
-4.1499999999999995
40
0.0068897637795276
0
CIRCLE
8
BLACK
10
6.1396062992125984
20
-4.0499999999999998
40
0.0068897637795276
0
CIRCLE
8
BLACK
10
6.2400000000000002
20
-4.1499999999999995
40
0.0068897637795276
0
CIRCLE
8
BLACK
10
6.2400000000000002
20
-4.0499999999999998
40
0.0068897637795276
0
CIRCLE
8
BLACK
10
6.3403937007874012
20
-4.1499999999999995
40
0.0068897637795276
0
CIRCLE
8
BLACK
10
6.3403937007874012
20
-4.0499999999999998
40
0.0068897637795276
0
CIRCLE
8
BLACK
10
6.6792125984251971
20
-4.1499999999999995
40
0.0068897637795276
0
CIRCLE
8
BLACK
10
6.6792125984251971
20
-4.0499999999999998
40
0.0068897637795276
0
CIRCLE
8
BLACK
10
7.0999999999999996
20
-4.0999999999999996
40
0.0068897637795276
0
CIRCLE
8
BLACK
10
5.7199999999999998
20
-4.1499999999999995
40
0.0068897637795276
0
CIRCLE
8
BLACK
10
5.7199999999999998
20
-4.0499999999999998
40
0.0068897637795276
0
CIRCLE
8
BLACK
10
5.8200000000000003
20
-4.1499999999999995
40
0.0068897637795276
0
CIRCLE
8
BLACK
10
5.8200000000000003
20
-4.0499999999999998
40
0.0068897637795276
0
CIRCLE
8
BLACK
10
5.9199999999999999
20
-4.1499999999999995
40
0.0068897637795276
0
CIRCLE
8
BLACK
10
5.9199999999999999
20
-4.0499999999999998
40
0.0068897637795276
0
CIRCLE
8
BLACK
10
5.5
20
-4.8999999999999995
40
0.0068897637795276
0
CIRCLE
8
BLACK
10
5.4299999999999997
20
-4.4799999999999995
40
0.0068897637795276
0
CIRCLE
8
BLACK
10
5.5300000000000002
20
-4.4799999999999995
40
0.0068897637795276
0
CIRCLE
8
BLACK
10
5.4299999999999997
20
-4.5800000000000001
40
0.0068897637795276
0
CIRCLE
8
BLACK
10
5.5300000000000002
20
-4.5800000000000001
40
0.0068897637795276
0
CIRCLE
8
BLACK
10
5.8585826771653542
20
-4.6730708661417326
40
0.0039370078740157
0
CIRCLE
8
BLACK
10
5.8999212598425199
20
-4.6730708661417326
40
0.0039370078740157
0
CIRCLE
8
BLACK
10
5.9412598425196848
20
-4.6730708661417326
40
0.0039370078740157
0
CIRCLE
8
BLACK
10
5.8585826771653542
20
-4.6317322834645669
40
0.0039370078740157
0
CIRCLE
8
BLACK
10
5.8999212598425199
20
-4.6317322834645669
40
0.0039370078740157
0
CIRCLE
8
BLACK
10
5.9412598425196848
20
-4.6317322834645669
40
0.0039370078740157
0
CIRCLE
8
BLACK
10
5.8585826771653542
20
-4.5903937007874012
40
0.0039370078740157
0
CIRCLE
8
BLACK
10
5.8999212598425199
20
-4.5903937007874012
40
0.0039370078740157
0
CIRCLE
8
BLACK
10
5.9412598425196848
20
-4.5903937007874012
40
0.0039370078740157
0
CIRCLE
8
BLACK
10
5.7109448818897635
20
-4.4900000000000002
40
0.0059055118110236
0
CIRCLE
8
BLACK
10
5.6479527559055116
20
-4.4900000000000002
40
0.0059055118110236
0
CIRCLE
8
BLACK
10
5.958976377952756
20
-4.8527559055118106
40
0.0059055118110236
0
CIRCLE
8
BLACK
10
5.8408661417322829
20
-4.8527559055118106
40
0.0059055118110236
0
CIRCLE
8
BLACK
10
5.9274803149606301
20
-4.9039370078740152
40
0.0059055118110236
0
CIRCLE
8
BLACK
10
6.4500000000000002
20
-4.4749999999999996
40
0.0059055118110236
0
CIRCLE
8
BLACK
10
7.25
20
-4.7000000000000002
40
0.0059055118110236
0
CIRCLE
8
BLACK
10
5.8449999999999998
20
-5.0499999999999998
40
0.0059055118110236
0
CIRCLE
8
BLACK
10
6.4500000000000002
20
-3.9499999999999997
40
0.0059055118110236
0
CIRCLE
8
BLACK
10
6.3700000000000001
20
-4.4850000000000003
40
0.0059055118110236
0
CIRCLE
8
BLACK
10
6.7349999999999994
20
-4.3949999999999996
40
0.0059055118110236
0
CIRCLE
8
BLACK
10
7.25
20
-4.6499999999999995
40
0.0059055118110236
0
CIRCLE
8
BLACK
10
6.1951440944881888
20
-4.6591266535433071
40
0.0059055118110236
0
CIRCLE
8
BLACK
10
6.25
20
-4.4850000000000003
40
0.0059055118110236
0
CIRCLE
8
BLACK
10
7.25
20
-4.5
40
0.0059055118110236
0
CIRCLE
8
BLACK
10
5.7149999999999999
20
-4.8149999999999995
40
0.0059055118110236
0
CIRCLE
8
BLACK
10
6.6499999999999995
20
-4.3949999999999996
40
0.0059055118110236
0
CIRCLE
8
BLACK
10
5.5999999999999996
20
-5.0499999999999998
40
0.0059055118110236
0
CIRCLE
8
BLACK
10
7.25
20
-4.3499999999999996
40
0.0059055118110236
0
CIRCLE
8
BLACK
10
6.1799999999999997
20
-4.4850000000000003
40
0.0059055118110236
0
CIRCLE
8
BLACK
10
6.6099999999999994
20
-4.3949999999999996
40
0.0059055118110236
0
CIRCLE
8
BLACK
10
5.6449999999999996
20
-4.2299999999999995
40
0.0059055118110236
0
CIRCLE
8
BLACK
10
5.7149999999999999
20
-4.8549999999999995
40
0.0059055118110236
0
CIRCLE
8
BLACK
10
6.0574015748031496
20
-4.919133858267716
40
0.0059055118110236
0
CIRCLE
8
BLACK
10
5.7599999999999998
20
-5.0499999999999998
40
0.0059055118110236
0
CIRCLE
8
BLACK
10
6.29
20
-4.4850000000000003
40
0.0059055118110236
0
CIRCLE
8
BLACK
10
6.6299999999999999
20
-4.8200000000000003
40
0.0059055118110236
0
CIRCLE
8
BLACK
10
5.6600000000000001
20
-4.4349999999999996
40
0.0059055118110236
0
CIRCLE
8
BLACK
10
6.0499999999999998
20
-3.9499999999999997
40
0.0059055118110236
0
CIRCLE
8
BLACK
10
6.6600000000000001
20
-4.6049999999999995
40
0.0059055118110236
0
CIRCLE
8
BLACK
10
7.
20
-4.2749999999999995
40
0.0059055118110236
0
CIRCLE
8
BLACK
10
6.6950000000000003
20
-4.3949999999999996
40
0.0059055118110236
0
CIRCLE
8
BLACK
10
6.7749999999999995
20
-5.0499999999999998
40
0.0059055118110236
0
CIRCLE
8
BLACK
10
6.4649999999999999
20
-4.79
40
0.0059055118110236
0
CIRCLE
8
BLACK
10
6.3499999999999996
20
-3.9499999999999997
40
0.0059055118110236
0
CIRCLE
8
BLACK
10
6.7800000000000002
20
-4.3899999999999997
40
0.0059055118110236
0
CIRCLE
8
BLACK
10
6.4249999999999998
20
-5.0499999999999998
40
0.0059055118110236
0
CIRCLE
8
BLACK
10
6.3250000000000002
20
-5.0499999999999998
40
0.0059055118110236
0
CIRCLE
8
BLACK
10
6.6049999999999995
20
-4.5
40
0.0059055118110236
0
CIRCLE
8
BLACK
10
6.0999999999999996
20
-3.9499999999999997
40
0.0059055118110236
0
CIRCLE
8
BLACK
10
6.04
20
-4.8600787401574799
40
0.0059055118110236
0
CIRCLE
8
BLACK
10
6.7999999999999998
20
-3.9499999999999997
40
0.0059055118110236
0
CIRCLE
8
BLACK
10
6.2000000000000002
20
-3.9499999999999997
40
0.0059055118110236
0
CIRCLE
8
BLACK
10
6.3999999999999995
20
-4.8999999999999995
40
0.0059055118110236
0
CIRCLE
8
BLACK
10
6.1361417322834644
20
-4.6592913385826771
40
0.0059055118110236
0
CIRCLE
8
BLACK
10
5.9950000000000001
20
-5.0499999999999998
40
0.0059055118110236
0
CIRCLE
8
BLACK
10
6.8549999999999995
20
-4.5249999999999995
40
0.0059055118110236
0
CIRCLE
8
BLACK
10
6.5499999999999998
20
-3.9499999999999997
40
0.0059055118110236
0
CIRCLE
8
BLACK
10
6.3250000000000002
20
-4.4850000000000003
40
0.0059055118110236
0
CIRCLE
8
BLACK
10
5.9399999999999995
20
-4.8149999999999995
40
0.0059055118110236
0
CIRCLE
8
BLACK
10
7.1499999999999995
20
-4.7249999999999996
40
0.0059055118110236
0
CIRCLE
8
BLACK
10
6.29
20
-4.835
40
0.0059055118110236
0
CIRCLE
8
BLACK
10
5.8999212598425199
20
-4.876377952755905
40
0.0059055118110236
0
CIRCLE
8
BLACK
10
5.8899999999999997
20
-4.2299999999999995
40
0.0059055118110236
0
CIRCLE
8
BLACK
10
6.0549999999999997
20
-4.9649999999999999
40
0.0059055118110236
0
CIRCLE
8
BLACK
10
5.9392913385826773
20
-4.7695275590551178
40
0.0059055118110236
0
CIRCLE
8
BLACK
10
6.125
20
-5.0499999999999998
40
0.0059055118110236
0
CIRCLE
8
BLACK
10
5.7149999999999999
20
-5.0499999999999998
40
0.0059055118110236
0
CIRCLE
8
BLACK
10
6.7249999999999996
20
-5.0499999999999998
40
0.0059055118110236
0
CIRCLE
8
BLACK
10
5.6499999999999995
20
-3.9499999999999997
40
0.0059055118110236
0
CIRCLE
8
BLACK
10
5.7000000000000002
20
-3.9499999999999997
40
0.0059055118110236
0
CIRCLE
8
BLACK
10
5.3499999999999996
20
-4.75
40
0.0059055118110236
0
CIRCLE
8
BLACK
10
6.625
20
-5.0499999999999998
40
0.0059055118110236
0
CIRCLE
8
BLACK
10
6.25
20
-3.9499999999999997
40
0.0059055118110236
0
CIRCLE
8
BLACK
10
6.8049999999999997
20
-4.6049999999999995
40
0.0059055118110236
0
CIRCLE
8
BLACK
10
5.75
20
-3.9499999999999997
40
0.0059055118110236
0
CIRCLE
8
BLACK
10
6.8149999999999995
20
-4.3899999999999997
40
0.0059055118110236
0
CIRCLE
8
BLACK
10
6.6749999999999998
20
-4.7599999999999998
40
0.0059055118110236
0
CIRCLE
8
BLACK
10
7.
20
-3.9499999999999997
40
0.0059055118110236
0
CIRCLE
8
BLACK
10
6.8999999999999995
20
-3.9499999999999997
40
0.0059055118110236
0
CIRCLE
8
BLACK
10
6.9500000000000002
20
-4.2749999999999995
40
0.0059055118110236
0
CIRCLE
8
BLACK
10
5.7850000000000001
20
-4.4349999999999996
40
0.0059055118110236
0
CIRCLE
8
BLACK
10
6.2249999999999996
20
-5.0499999999999998
40
0.0059055118110236
0
CIRCLE
8
BLACK
10
6.6200000000000001
20
-4.6049999999999995
40
0.0059055118110236
0
CIRCLE
8
BLACK
10
6.1499999999999995
20
-3.9499999999999997
40
0.0059055118110236
0
CIRCLE
8
BLACK
10
7.1749999999999998
20
-4.2749999999999995
40
0.0059055118110236
0
CIRCLE
8
BLACK
10
5.8999999999999995
20
-3.9499999999999997
40
0.0059055118110236
0
CIRCLE
8
BLACK
10
6.415
20
-4.5549999999999997
40
0.0059055118110236
0
CIRCLE
8
BLACK
10
6.5999999999999996
20
-3.9499999999999997
40
0.0059055118110236
0
CIRCLE
8
BLACK
10
6.8499999999999996
20
-3.9499999999999997
40
0.0059055118110236
0
CIRCLE
8
BLACK
10
7.2249999999999996
20
-4.7249999999999996
40
0.0059055118110236
0
CIRCLE
8
BLACK
10
5.8625201181102362
20
-4.7695268110236215
40
0.0059055118110236
0
CIRCLE
8
BLACK
10
5.8499999999999996
20
-3.9499999999999997
40
0.0059055118110236
0
CIRCLE
8
BLACK
10
6.7000000000000002
20
-3.9499999999999997
40
0.0059055118110236
0
CIRCLE
8
BLACK
10
6.4900000000000002
20
-4.3949999999999996
40
0.0059055118110236
0
CIRCLE
8
BLACK
10
5.3499999999999996
20
-4.7000000000000002
40
0.0059055118110236
0
CIRCLE
8
BLACK
10
6.3881102362204727
20
-4.6592913385826771
40
0.0059055118110236
0
CIRCLE
8
BLACK
10
6.4749999999999996
20
-5.0499999999999998
40
0.0059055118110236
0
CIRCLE
8
BLACK
10
5.75
20
-5.
40
0.0059055118110236
0
CIRCLE
8
BLACK
10
5.3499999999999996
20
-4.5999999999999996
40
0.0059055118110236
0
CIRCLE
8
BLACK
10
7.25
20
-4.5999999999999996
40
0.0059055118110236
0
CIRCLE
8
BLACK
10
6.0999999999999996
20
-4.6592913385826771
40
0.0059055118110236
0
CIRCLE
8
BLACK
10
6.8499999999999996
20
-4.3899999999999997
40
0.0059055118110236
0
CIRCLE
8
BLACK
10
6.8700000000000001
20
-4.4199999999999999
40
0.0059055118110236
0
CIRCLE
8
BLACK
10
6.5249999999999995
20
-5.0499999999999998
40
0.0059055118110236
0
CIRCLE
8
BLACK
10
6.75
20
-3.9499999999999997
40
0.0059055118110236
0
CIRCLE
8
BLACK
10
6.4900000000000002
20
-4.6449999999999996
40
0.0059055118110236
0
CIRCLE
8
BLACK
10
6.7149999999999999
20
-4.6049999999999995
40
0.0059055118110236
0
CIRCLE
8
BLACK
10
6.0750000000000002
20
-5.0499999999999998
40
0.0059055118110236
0
CIRCLE
8
BLACK
10
5.9849999999999994
20
-4.8149999999999995
40
0.0059055118110236
0
CIRCLE
8
BLACK
10
6.0249999999999995
20
-4.5499999999999998
40
0.0059055118110236
0
CIRCLE
8
BLACK
10
6.4511041732283463
20
-4.6592913385826771
40
0.0059055118110236
0
CIRCLE
8
BLACK
10
6.8499999999999996
20
-4.6499999999999995
40
0.0059055118110236
0
CIRCLE
8
BLACK
10
6.375
20
-5.0499999999999998
40
0.0059055118110236
0
CIRCLE
8
BLACK
10
5.7149999999999999
20
-4.9349999999999996
40
0.0059055118110236
0
CIRCLE
8
BLACK
10
6.0298425196850394
20
-4.7931496062992123
40
0.0059055118110236
0
CIRCLE
8
BLACK
10
6.6499999999999995
20
-3.9499999999999997
40
0.0059055118110236
0
CIRCLE
8
BLACK
10
6.9749999999999996
20
-5.0499999999999998
40
0.0059055118110236
0
CIRCLE
8
BLACK
10
6.8250000000000002
20
-5.0499999999999998
40
0.0059055118110236
0
CIRCLE
8
BLACK
10
5.8549999999999995
20
-4.8099999999999996
40
0.0059055118110236
0
CIRCLE
8
BLACK
10
6.3251181102362199
20
-4.6592913385826771
40
0.0059055118110236
0
CIRCLE
8
BLACK
10
5.7149999999999999
20
-4.9850000000000003
40
0.0059055118110236
0
CIRCLE
8
BLACK
10
6.5
20
-3.9499999999999997
40
0.0059055118110236
0
CIRCLE
8
BLACK
10
5.7999999999999998
20
-4.7999999999999998
40
0.0059055118110236
0
CIRCLE
8
BLACK
10
5.7503149606299209
20
-4.6829133858267715
40
0.0059055118110236
0
CIRCLE
8
BLACK
10
6.9249999999999998
20
-4.7249999999999996
40
0.0059055118110236
0
CIRCLE
8
BLACK
10
6.3999999999999995
20
-3.9499999999999997
40
0.0059055118110236
0
CIRCLE
8
BLACK
10
7.25
20
-4.4500000000000002
40
0.0059055118110236
0
CIRCLE
8
BLACK
10
6.3399999999999999
20
-4.835
40
0.0059055118110236
0
CIRCLE
8
BLACK
10
7.25
20
-4.25
40
0.0059055118110236
0
CIRCLE
8
BLACK
10
6.7599999999999998
20
-4.6049999999999995
40
0.0059055118110236
0
CIRCLE
8
BLACK
10
7.0750000000000002
20
-4.6749999999999998
40
0.0059055118110236
0
CIRCLE
8
BLACK
10
7.0499999999999998
20
-4.7249999999999996
40
0.0059055118110236
0
CIRCLE
8
BLACK
10
6.5549999999999997
20
-4.7699999999999996
40
0.0059055118110236
0
CIRCLE
8
BLACK
10
6.2999999999999998
20
-3.9499999999999997
40
0.0059055118110236
0
CIRCLE
8
BLACK
10
6.2000000000000002
20
-4.835
40
0.0059055118110236
0
CIRCLE
8
BLACK
10
5.9500000000000002
20
-3.9499999999999997
40
0.0059055118110236
0
CIRCLE
8
BLACK
10
6.4649999999999999
20
-4.835
40
0.0059055118110236
0
CIRCLE
8
BLACK
10
6.6749999999999998
20
-4.8200000000000003
40
0.0059055118110236
0
CIRCLE
8
BLACK
10
6.5800000000000001
20
-4.6049999999999995
40
0.0059055118110236
0
CIRCLE
8
BLACK
10
7.25
20
-4.5499999999999998
40
0.0059055118110236
0
CIRCLE
8
BLACK
10
6.7450000000000001
20
-4.5
40
0.0059055118110236
0
CIRCLE
8
BLACK
10
5.8762992125984255
20
-4.9039370078740152
40
0.0059055118110236
0
CIRCLE
8
BLACK
10
6.3399999999999999
20
-4.8999999999999995
40
0.0059055118110236
0
CIRCLE
8
BLACK
10
6.6699999999999999
20
-4.6449999999999996
40
0.0059055118110236
0
CIRCLE
8
BLACK
10
5.8049999999999997
20
-5.0499999999999998
40
0.0059055118110236
0
CIRCLE
8
BLACK
10
6.1505511811023617
20
-4.5199999999999996
40
0.0059055118110236
0
CIRCLE
8
BLACK
10
6.7050000000000001
20
-4.5
40
0.0059055118110236
0
CIRCLE
8
BLACK
10
7.25
20
-4.75
40
0.0059055118110236
0
CIRCLE
8
BLACK
10
6.9249999999999998
20
-5.0499999999999998
40
0.0059055118110236
0
CIRCLE
8
BLACK
10
6.6749999999999998
20
-5.0499999999999998
40
0.0059055118110236
0
CIRCLE
8
BLACK
10
6.5049999999999999
20
-4.7699999999999996
40
0.0059055118110236
0
CIRCLE
8
BLACK
10
6.875
20
-4.7249999999999996
40
0.0059055118110236
0
CIRCLE
8
BLACK
10
6.2149999999999999
20
-4.4850000000000003
40
0.0059055118110236
0
CIRCLE
8
BLACK
10
5.8211811023622042
20
-4.9826771653543309
40
0.0059055118110236
0
CIRCLE
8
BLACK
10
6.0249999999999995
20
-5.0049999999999999
40
0.0059055118110236
0
CIRCLE
8
BLACK
10
5.3650000000000002
20
-4.2249999999999996
40
0.0059055118110236
0
CIRCLE
8
BLACK
10
7.25
20
-4.2999999999999998
40
0.0059055118110236
0
CIRCLE
8
BLACK
10
6.
20
-3.9499999999999997
40
0.0059055118110236
0
CIRCLE
8
BLACK
10
5.7149999999999999
20
-4.4349999999999996
40
0.0059055118110236
0
CIRCLE
8
BLACK
10
6.5750000000000002
20
-5.0499999999999998
40
0.0059055118110236
0
CIRCLE
8
BLACK
10
6.2621259842519681
20
-4.6592913385826771
40
0.0059055118110236
0
CIRCLE
8
BLACK
10
6.8549999999999995
20
-4.6049999999999995
40
0.0059055118110236
0
CIRCLE
8
BLACK
10
6.9500000000000002
20
-3.9499999999999997
40
0.0059055118110236
0
CIRCLE
8
BLACK
10
6.2749999999999995
20
-5.0499999999999998
40
0.0059055118110236
0
CIRCLE
8
BLACK
10
5.8899999999999997
20
-5.0499999999999998
40
0.0059055118110236
0
CIRCLE
8
BLACK
10
7.125
20
-4.2749999999999995
40
0.0059055118110236
0
CIRCLE
8
BLACK
10
6.4699999999999998
20
-4.8999999999999995
40
0.0059055118110236
0
CIRCLE
8
BLACK
10
5.6499999999999995
20
-5.0499999999999998
40
0.0059055118110236
0
CIRCLE
8
BLACK
10
5.7999999999999998
20
-3.9499999999999997
40
0.0059055118110236
0
CIRCLE
8
BLACK
10
6.5350000000000001
20
-4.3949999999999996
40
0.0059055118110236
0
CIRCLE
8
BLACK
10
6.8899999999999997
20
-4.5300000000000002
40
0.0059055118110236
0
CIRCLE
8
BLACK
10
5.3499999999999996
20
-4.6499999999999995
40
0.0059055118110236
0
CIRCLE
8
BLACK
10
7.
20
-4.7249999999999996
40
0.0059055118110236
0
CIRCLE
8
BLACK
10
5.585
20
-4.2350000000000003
40
0.0059055118110236
0
CIRCLE
8
BLACK
10
6.4500000000000002
20
-4.3949999999999996
40
0.0059055118110236
0
CIRCLE
8
BLACK
10
5.6550000000000002
20
-4.7999999999999998
40
0.0059055118110236
0
CIRCLE
8
BLACK
10
6.2450000000000001
20
-4.835
40
0.0059055118110236
0
CIRCLE
8
BLACK
10
6.8499999999999996
20
-4.7000000000000002
40
0.0059055118110236
0
CIRCLE
8
BLACK
10
6.54
20
-4.4850000000000003
40
0.0059055118110236
0
CIRCLE
8
BLACK
10
5.7149999999999999
20
-4.8949999999999996
40
0.0059055118110236
0
CIRCLE
8
BLACK
10
6.1749999999999998
20
-5.0499999999999998
40
0.0059055118110236
0
CIRCLE
8
BLACK
10
6.5800000000000001
20
-4.8200000000000003
40
0.0059055118110236
0
CIRCLE
8
BLACK
10
7.0499999999999998
20
-4.3499999999999996
40
0.0059055118110236
0
CIRCLE
8
BLACK
10
5.9399999999999995
20
-5.0499999999999998
40
0.0059055118110236
0
CIRCLE
8
BLACK
10
5.75
20
-4.7999999999999998
40
0.0059055118110236
0
CIRCLE
8
BLACK
10
6.6749999999999998
20
-4.6899999999999995
40
0.0059055118110236
0
CIRCLE
8
BLACK
10
6.4500000000000002
20
-4.4349999999999996
40
0.0059055118110236
0
CIRCLE
8
BLACK
10
5.8899999999999997
20
-4.2800000000000002
40
0.0059055118110236
0
CIRCLE
8
BLACK
10
7.25
20
-4.3999999999999995
40
0.0059055118110236
0
CIRCLE
8
BLACK
10
6.875
20
-5.0499999999999998
40
0.0059055118110236
0
CIRCLE
8
BLACK
10
7.25
20
-4.2000000000000002
40
0.0059055118110236
0
CIRCLE
8
BLACK
10
5.6099999999999994
20
-4.4349999999999996
40
0.0059055118110236
0
CIRCLE
8
BLACK
10
6.5750000000000002
20
-4.5449999999999999
40
0.0059055118110236
0
CIRCLE
8
BLACK
10
6.5099999999999998
20
-4.3399999999999999
40
0.0059055118110236
0
CIRCLE
8
BLACK
10
5.4307086614173228
20
-4.3307086614173231
40
0.0059055118110236
0
CIRCLE
8
BLACK
10
5.9786614173228347
20
-4.7695275590551178
40
0.0059055118110236
0
CIRCLE
8
BLACK
10
5.7818110236220468
20
-4.6120472440944882
40
0.0059055118110236
0
CIRCLE
8
BLACK
10
6.4100000000000001
20
-4.3949999999999996
40
0.0059055118110236
0
CIRCLE
8
BLACK
10
6.4450000000000003
20
-4.5249999999999995
40
0.0059055118110236
0
CIRCLE
8
BLACK
10
6.6600000000000001
20
-4.3399999999999999
40
0.0059055118110236
0
CIRCLE
8
BLACK
10
6.3599999999999994
20
-4.3106330708661416
40
0.0059055118110236
0
CIRCLE
8
BLACK
10
5.7503149606299209
20
-4.4781907874015747
40
0.0059055118110236
0
CIRCLE
8
BLACK
10
5.8228944488188974
20
-4.7695275590551178
40
0.0059055118110236
  0
ENDSEC
  0
EOF
