  0
SECTION
  2
HEADER
  9
$ANGBASE
  50
0.0
  9
$ANGDIR
  70
1
  9
$MEASUREMENT
  70
0
  0
ENDSEC
  0
SECTION
  2
TABLES
  0
TABLE
  2
LTYPE
  70
4
  0
LTYPE
  5
40F
  2
CONTINUOUS
  70
0
  3
Solid line
  72
65
  73
0
  40
0.0
  0
LTYPE
  5
410
  2
DASHDOT
 70
0
  3
Dash Dot ____ _ ____ _
 72
65
 73
4
 40
2.0
 49
1.25
 49
-0.25
 49
0.25
 49
-0.25
  0
LTYPE
  5
411
  2
DASHED
 70
0
  3
Dashed __ __ __ __ __
 72
65
 73
2
 40
0.75
 49
0.5
 49
-0.25
  0
LTYPE
  5
43B
  2
DOTTED
 70
0
  3
Dotted .  .  .  .
 72
65
 73
2
 40
0.2
 49
0.0
 49
-0.2
  0
ENDTAB
  0
TABLE
  2
STYLE
  70
4
  0
STYLE
  2
KICAD
  70
0
  40
0
  41
1
  42
1
  50
0
  71
0
  3
isocp.shx
  0
STYLE
  2
KICADB
  70
0
  40
0
  41
1
  42
1
  50
0
  71
0
  3
isocp.shx
  0
STYLE
  2
KICADI
  70
0
  40
0
  41
1
  42
1
  50
15
  71
0
  3
isocp.shx
  0
STYLE
  2
KICADBI
  70
0
  40
0
  41
1
  42
1
  50
15
  71
0
  3
isocp.shx
  0
ENDTAB
  0
TABLE
  2
LAYER
  70
1
  0
LAYER
  2
BLACK
  70
0
  62
7
  6
CONTINUOUS
  0
ENDTAB
  0
ENDSEC
  0
SECTION
  2
ENTITIES
0
LINE
8
BLACK
6
CONTINUOUS
10
5.310909330708661
20
-5.1093083858267718
11
5.3109842519685042
21
-5.1096850393700786
0
LINE
8
BLACK
6
CONTINUOUS
10
5.3109842519685042
20
-5.1096850393700786
11
5.3109842519685042
21
-5.2483779921259845
0
LINE
8
BLACK
6
CONTINUOUS
10
5.3109842519685042
20
-5.2483779921259845
11
5.3538960629921259
21
-5.2260395275590552
0
LINE
8
BLACK
6
CONTINUOUS
10
5.3538960629921259
20
-5.2260395275590552
11
5.3542647637795273
21
-5.2259320472440942
0
LINE
8
BLACK
6
CONTINUOUS
10
5.3542647637795273
20
-5.2259320472440942
11
5.3549831889763775
21
-5.226158582677165
0
LINE
8
BLACK
6
CONTINUOUS
10
5.3549831889763775
20
-5.226158582677165
11
5.3553310629921258
21
-5.2268267716535428
0
LINE
8
BLACK
6
CONTINUOUS
10
5.3553310629921258
20
-5.2268267716535428
11
5.355104527559055
21
-5.2275452362204726
0
LINE
8
BLACK
6
CONTINUOUS
10
5.355104527559055
20
-5.2275452362204726
11
5.3548049999999998
21
-5.2277855905511812
0
LINE
8
BLACK
6
CONTINUOUS
10
5.3548049999999998
20
-5.2277855905511812
11
5.314022283464567
21
-5.2490157480314963
0
LINE
8
BLACK
6
CONTINUOUS
10
5.314022283464567
20
-5.2490157480314963
11
7.2859777165354327
21
-5.2490157480314963
0
LINE
8
BLACK
6
CONTINUOUS
10
7.2859777165354327
20
-5.2490157480314963
11
7.2451949606299211
21
-5.2277855905511812
0
LINE
8
BLACK
6
CONTINUOUS
10
7.2451949606299211
20
-5.2277855905511812
11
7.2448954724409447
21
-5.2275452362204726
0
LINE
8
BLACK
6
CONTINUOUS
10
7.2448954724409447
20
-5.2275452362204726
11
7.2446689370078738
21
-5.2268267716535428
0
LINE
8
BLACK
6
CONTINUOUS
10
7.2446689370078738
20
-5.2268267716535428
11
7.2450167716535434
21
-5.226158582677165
0
LINE
8
BLACK
6
CONTINUOUS
10
7.2450167716535434
20
-5.226158582677165
11
7.2457352362204723
21
-5.2259320472440942
0
LINE
8
BLACK
6
CONTINUOUS
10
7.2457352362204723
20
-5.2259320472440942
11
7.2461039370078737
21
-5.2260395275590552
0
LINE
8
BLACK
6
CONTINUOUS
10
7.2461039370078737
20
-5.2260395275590552
11
7.2890157480314963
21
-5.2483779921259845
0
LINE
8
BLACK
6
CONTINUOUS
10
7.2890157480314963
20
-5.2483779921259845
11
7.2890157480314963
21
-5.1096850393700786
0
LINE
8
BLACK
6
CONTINUOUS
10
7.2890157480314963
20
-5.1096850393700786
11
7.2890906692913386
21
-5.1093083858267718
0
LINE
8
BLACK
6
CONTINUOUS
10
7.2890906692913386
20
-5.1093083858267718
11
7.2896233464566924
21
-5.1087757086614172
0
LINE
8
BLACK
6
CONTINUOUS
10
7.2896233464566924
20
-5.1087757086614172
11
7.2903766535433068
21
-5.1087757086614172
0
LINE
8
BLACK
6
CONTINUOUS
10
7.2903766535433068
20
-5.1087757086614172
11
7.2909093307086614
21
-5.1093083858267718
0
LINE
8
BLACK
6
CONTINUOUS
10
7.2909093307086614
20
-5.1093083858267718
11
7.2909842519685037
21
-5.1096850393700786
0
LINE
8
BLACK
6
CONTINUOUS
10
7.2909842519685037
20
-5.1096850393700786
11
7.2909842519685037
21
-5.273087401574803
0
LINE
8
BLACK
6
CONTINUOUS
10
7.2909842519685037
20
-5.273087401574803
11
7.2909093307086614
21
-5.2734640551181098
0
LINE
8
BLACK
6
CONTINUOUS
10
7.2909093307086614
20
-5.2734640551181098
11
7.2903766535433068
21
-5.2739967322834644
0
LINE
8
BLACK
6
CONTINUOUS
10
7.2903766535433068
20
-5.2739967322834644
11
7.2896233464566924
21
-5.2739967322834644
0
LINE
8
BLACK
6
CONTINUOUS
10
7.2896233464566924
20
-5.2739967322834644
11
7.2890906692913386
21
-5.2734640551181098
0
LINE
8
BLACK
6
CONTINUOUS
10
7.2890906692913386
20
-5.2734640551181098
11
7.2890157480314963
21
-5.273087401574803
0
LINE
8
BLACK
6
CONTINUOUS
10
7.2890157480314963
20
-5.273087401574803
11
7.2890157480314963
21
-5.2516219685039367
0
LINE
8
BLACK
6
CONTINUOUS
10
7.2890157480314963
20
-5.2516219685039367
11
7.2461039370078737
21
-5.2739604724409448
0
LINE
8
BLACK
6
CONTINUOUS
10
7.2461039370078737
20
-5.2739604724409448
11
7.2457352362204723
21
-5.2740679527559058
0
LINE
8
BLACK
6
CONTINUOUS
10
7.2457352362204723
20
-5.2740679527559058
11
7.2450167716535434
21
-5.273841417322835
0
LINE
8
BLACK
6
CONTINUOUS
10
7.2450167716535434
20
-5.273841417322835
11
7.2446689370078738
21
-5.2731732283464563
0
LINE
8
BLACK
6
CONTINUOUS
10
7.2446689370078738
20
-5.2731732283464563
11
7.2448954724409447
21
-5.2724547637795274
0
LINE
8
BLACK
6
CONTINUOUS
10
7.2448954724409447
20
-5.2724547637795274
11
7.2451949606299211
21
-5.2722144094488188
0
LINE
8
BLACK
6
CONTINUOUS
10
7.2451949606299211
20
-5.2722144094488188
11
7.2859777165354327
21
-5.2509842519685037
0
LINE
8
BLACK
6
CONTINUOUS
10
7.2859777165354327
20
-5.2509842519685037
11
5.314022283464567
21
-5.2509842519685037
0
LINE
8
BLACK
6
CONTINUOUS
10
5.314022283464567
20
-5.2509842519685037
11
5.3548049999999998
21
-5.2722144094488188
0
LINE
8
BLACK
6
CONTINUOUS
10
5.3548049999999998
20
-5.2722144094488188
11
5.355104527559055
21
-5.2724547637795274
0
LINE
8
BLACK
6
CONTINUOUS
10
5.355104527559055
20
-5.2724547637795274
11
5.3553310629921258
21
-5.2731732283464563
0
LINE
8
BLACK
6
CONTINUOUS
10
5.3553310629921258
20
-5.2731732283464563
11
5.3549831889763775
21
-5.273841417322835
0
LINE
8
BLACK
6
CONTINUOUS
10
5.3549831889763775
20
-5.273841417322835
11
5.3542647637795273
21
-5.2740679527559058
0
LINE
8
BLACK
6
CONTINUOUS
10
5.3542647637795273
20
-5.2740679527559058
11
5.3538960629921259
21
-5.2739604724409448
0
LINE
8
BLACK
6
CONTINUOUS
10
5.3538960629921259
20
-5.2739604724409448
11
5.3109842519685042
21
-5.2516219685039367
0
LINE
8
BLACK
6
CONTINUOUS
10
5.3109842519685042
20
-5.2516219685039367
11
5.3109842519685042
21
-5.273087401574803
0
LINE
8
BLACK
6
CONTINUOUS
10
5.3109842519685042
20
-5.273087401574803
11
5.310909330708661
21
-5.2734640551181098
0
LINE
8
BLACK
6
CONTINUOUS
10
5.310909330708661
20
-5.2734640551181098
11
5.3103766535433072
21
-5.2739967322834644
0
LINE
8
BLACK
6
CONTINUOUS
10
5.3103766535433072
20
-5.2739967322834644
11
5.3096233464566929
21
-5.2739967322834644
0
LINE
8
BLACK
6
CONTINUOUS
10
5.3096233464566929
20
-5.2739967322834644
11
5.3090906692913382
21
-5.2734640551181098
0
LINE
8
BLACK
6
CONTINUOUS
10
5.3090906692913382
20
-5.2734640551181098
11
5.3090157480314959
21
-5.273087401574803
0
LINE
8
BLACK
6
CONTINUOUS
10
5.3090157480314959
20
-5.273087401574803
11
5.3090157480314959
21
-5.1096850393700786
0
LINE
8
BLACK
6
CONTINUOUS
10
5.3090157480314959
20
-5.1096850393700786
11
5.3090906692913382
21
-5.1093083858267718
0
LINE
8
BLACK
6
CONTINUOUS
10
5.3090906692913382
20
-5.1093083858267718
11
5.3096233464566929
21
-5.1087757086614172
0
LINE
8
BLACK
6
CONTINUOUS
10
5.3096233464566929
20
-5.1087757086614172
11
5.3103766535433072
21
-5.1087757086614172
0
LINE
8
BLACK
6
CONTINUOUS
10
5.3103766535433072
20
-5.1087757086614172
11
5.310909330708661
21
-5.1093083858267718
0
LINE
8
BLACK
6
CONTINUOUS
10
6.1393462204724409
20
-5.1803645669291338
11
6.1404106299212593
21
-5.1808054724409445
0
LINE
8
BLACK
6
CONTINUOUS
10
6.1404106299212593
20
-5.1808054724409445
11
6.1412252755905508
21
-5.1816201181102359
0
LINE
8
BLACK
6
CONTINUOUS
10
6.1412252755905508
20
-5.1816201181102359
11
6.1416661811023623
21
-5.1826845275590552
0
LINE
8
BLACK
6
CONTINUOUS
10
6.1416661811023623
20
-5.1826845275590552
11
6.1416661811023623
21
-5.1838366535433069
0
LINE
8
BLACK
6
CONTINUOUS
10
6.1416661811023623
20
-5.1838366535433069
11
6.1412252755905508
21
-5.1849010629921262
0
LINE
8
BLACK
6
CONTINUOUS
10
6.1412252755905508
20
-5.1849010629921262
11
6.1404106299212593
21
-5.1857157086614176
0
LINE
8
BLACK
6
CONTINUOUS
10
6.1404106299212593
20
-5.1857157086614176
11
6.1393462204724409
21
-5.1861566141732283
0
LINE
8
BLACK
6
CONTINUOUS
10
6.1393462204724409
20
-5.1861566141732283
11
6.1387701574803151
21
-5.1862133464566931
0
LINE
8
BLACK
6
CONTINUOUS
10
6.1387701574803151
20
-5.1862133464566931
11
6.122694724409449
21
-5.1862133464566931
0
LINE
8
BLACK
6
CONTINUOUS
10
6.122694724409449
20
-5.1862133464566931
11
6.1217175984251968
21
-5.1959846062992128
0
LINE
8
BLACK
6
CONTINUOUS
10
6.1217175984251968
20
-5.1959846062992128
11
6.1224515354330711
21
-5.1956176771653544
0
LINE
8
BLACK
6
CONTINUOUS
10
6.1224515354330711
20
-5.1956176771653544
11
6.1229921259842515
21
-5.1954107874015749
0
LINE
8
BLACK
6
CONTINUOUS
10
6.1229921259842515
20
-5.1954107874015749
11
6.1230979921259845
21
-5.1954032283464562
0
LINE
8
BLACK
6
CONTINUOUS
10
6.1230979921259845
20
-5.1954032283464562
11
6.1231959842519688
21
-5.1953626771653543
0
LINE
8
BLACK
6
CONTINUOUS
10
6.1231959842519688
20
-5.1953626771653543
11
6.1237720472440946
21
-5.1953059448818895
0
LINE
8
BLACK
6
CONTINUOUS
10
6.1237720472440946
20
-5.1953059448818895
11
6.1331458661417324
21
-5.1953059448818895
0
LINE
8
BLACK
6
CONTINUOUS
10
6.1331458661417324
20
-5.1953059448818895
11
6.1337219291338583
21
-5.1953626771653543
0
LINE
8
BLACK
6
CONTINUOUS
10
6.1337219291338583
20
-5.1953626771653543
11
6.1338199212598425
21
-5.1954032677165349
0
LINE
8
BLACK
6
CONTINUOUS
10
6.1338199212598425
20
-5.1954032677165349
11
6.1339257480314959
21
-5.1954107874015749
0
LINE
8
BLACK
6
CONTINUOUS
10
6.1339257480314959
20
-5.1954107874015749
11
6.134466377952756
21
-5.1956176771653544
0
LINE
8
BLACK
6
CONTINUOUS
10
6.134466377952756
20
-5.1956176771653544
11
6.1382159055118111
21
-5.1974924409448819
0
LINE
8
BLACK
6
CONTINUOUS
10
6.1382159055118111
20
-5.1974924409448819
11
6.138463897637795
21
-5.1976485039370077
0
LINE
8
BLACK
6
CONTINUOUS
10
6.138463897637795
20
-5.1976485039370077
11
6.1385358661417317
21
-5.1976783464566925
0
LINE
8
BLACK
6
CONTINUOUS
10
6.1385358661417317
20
-5.1976783464566925
11
6.1386168110236223
21
-5.1977448031496065
0
LINE
8
BLACK
6
CONTINUOUS
10
6.1386168110236223
20
-5.1977448031496065
11
6.1387057874015749
21
-5.197800787401575
0
LINE
8
BLACK
6
CONTINUOUS
10
6.1387057874015749
20
-5.197800787401575
11
6.1387569291338577
21
-5.1978597637795279
0
LINE
8
BLACK
6
CONTINUOUS
10
6.1387569291338577
20
-5.1978597637795279
11
6.1389833070866144
21
-5.1980455511811021
0
LINE
8
BLACK
6
CONTINUOUS
10
6.1389833070866144
20
-5.1980455511811021
11
6.140858070866142
21
-5.1999203149606297
0
LINE
8
BLACK
6
CONTINUOUS
10
6.140858070866142
20
-5.1999203149606297
11
6.1410438188976375
21
-5.2001466535433067
0
LINE
8
BLACK
6
CONTINUOUS
10
6.1410438188976375
20
-5.2001466535433067
11
6.1411028346456691
21
-5.2001978346456692
0
LINE
8
BLACK
6
CONTINUOUS
10
6.1411028346456691
20
-5.2001978346456692
11
6.1411587795275588
21
-5.200286771653543
0
LINE
8
BLACK
6
CONTINUOUS
10
6.1411587795275588
20
-5.200286771653543
11
6.1412252755905508
21
-5.2003677559055115
0
LINE
8
BLACK
6
CONTINUOUS
10
6.1412252755905508
20
-5.2003677559055115
11
6.1412550787401576
21
-5.2004396850393704
0
LINE
8
BLACK
6
CONTINUOUS
10
6.1412550787401576
20
-5.2004396850393704
11
6.1414111811023622
21
-5.200687716535433
0
LINE
8
BLACK
6
CONTINUOUS
10
6.1414111811023622
20
-5.200687716535433
11
6.1432859448818897
21
-5.2044372440944882
0
LINE
8
BLACK
6
CONTINUOUS
10
6.1432859448818897
20
-5.2044372440944882
11
6.1434928346456692
21
-5.2049778346456694
0
LINE
8
BLACK
6
CONTINUOUS
10
6.1434928346456692
20
-5.2049778346456694
11
6.1435003543307083
21
-5.2050837007874016
0
LINE
8
BLACK
6
CONTINUOUS
10
6.1435003543307083
20
-5.2050837007874016
11
6.1435409448818898
21
-5.2051816929133858
0
LINE
8
BLACK
6
CONTINUOUS
10
6.1435409448818898
20
-5.2051816929133858
11
6.1435976771653538
21
-5.2057577559055117
0
LINE
8
BLACK
6
CONTINUOUS
10
6.1435976771653538
20
-5.2057577559055117
11
6.1435976771653538
21
-5.2151315748031495
0
LINE
8
BLACK
6
CONTINUOUS
10
6.1435976771653538
20
-5.2151315748031495
11
6.1435409448818898
21
-5.2157076377952754
0
LINE
8
BLACK
6
CONTINUOUS
10
6.1435409448818898
20
-5.2157076377952754
11
6.1435003543307083
21
-5.2158055905511809
0
LINE
8
BLACK
6
CONTINUOUS
10
6.1435003543307083
20
-5.2158055905511809
11
6.1434928346456692
21
-5.2159114960629918
0
LINE
8
BLACK
6
CONTINUOUS
10
6.1434928346456692
20
-5.2159114960629918
11
6.1432859448818897
21
-5.216452086614173
0
LINE
8
BLACK
6
CONTINUOUS
10
6.1432859448818897
20
-5.216452086614173
11
6.1414111811023622
21
-5.2202016141732281
0
LINE
8
BLACK
6
CONTINUOUS
10
6.1414111811023622
20
-5.2202016141732281
11
6.1412551181102364
21
-5.2204494881889767
0
LINE
8
BLACK
6
CONTINUOUS
10
6.1412551181102364
20
-5.2204494881889767
11
6.1412253149606295
21
-5.220521535433071
0
LINE
8
BLACK
6
CONTINUOUS
10
6.1412253149606295
20
-5.220521535433071
11
6.1411587795275588
21
-5.2206025590551182
0
LINE
8
BLACK
6
CONTINUOUS
10
6.1411587795275588
20
-5.2206025590551182
11
6.1411028346456691
21
-5.220691496062992
0
LINE
8
BLACK
6
CONTINUOUS
10
6.1411028346456691
20
-5.220691496062992
11
6.1410438188976375
21
-5.2207426377952757
0
LINE
8
BLACK
6
CONTINUOUS
10
6.1410438188976375
20
-5.2207426377952757
11
6.140858070866142
21
-5.2209690157480315
0
LINE
8
BLACK
6
CONTINUOUS
10
6.140858070866142
20
-5.2209690157480315
11
6.1389833464566932
21
-5.2228437795275591
0
LINE
8
BLACK
6
CONTINUOUS
10
6.1389833464566932
20
-5.2228437795275591
11
6.1387569685039365
21
-5.2230295275590546
0
LINE
8
BLACK
6
CONTINUOUS
10
6.1387569685039365
20
-5.2230295275590546
11
6.1387057874015749
21
-5.2230885826771649
0
LINE
8
BLACK
6
CONTINUOUS
10
6.1387057874015749
20
-5.2230885826771649
11
6.1386168110236223
21
-5.2231445669291334
0
LINE
8
BLACK
6
CONTINUOUS
10
6.1386168110236223
20
-5.2231445669291334
11
6.1385358661417317
21
-5.2232110236220475
0
LINE
8
BLACK
6
CONTINUOUS
10
6.1385358661417317
20
-5.2232110236220475
11
6.138463897637795
21
-5.2232408267716535
0
LINE
8
BLACK
6
CONTINUOUS
10
6.138463897637795
20
-5.2232408267716535
11
6.1382159055118111
21
-5.223396929133858
0
LINE
8
BLACK
6
CONTINUOUS
10
6.1382159055118111
20
-5.223396929133858
11
6.134466377952756
21
-5.2252716929133856
0
LINE
8
BLACK
6
CONTINUOUS
10
6.134466377952756
20
-5.2252716929133856
11
6.1339257480314959
21
-5.225478582677165
0
LINE
8
BLACK
6
CONTINUOUS
10
6.1339257480314959
20
-5.225478582677165
11
6.1338199212598425
21
-5.2254860629921263
0
LINE
8
BLACK
6
CONTINUOUS
10
6.1338199212598425
20
-5.2254860629921263
11
6.1337219291338583
21
-5.2255266929133857
0
LINE
8
BLACK
6
CONTINUOUS
10
6.1337219291338583
20
-5.2255266929133857
11
6.1331458661417324
21
-5.2255834251968505
0
LINE
8
BLACK
6
CONTINUOUS
10
6.1331458661417324
20
-5.2255834251968505
11
6.1237720472440946
21
-5.2255834251968505
0
LINE
8
BLACK
6
CONTINUOUS
10
6.1237720472440946
20
-5.2255834251968505
11
6.1231959842519688
21
-5.2255266929133857
0
LINE
8
BLACK
6
CONTINUOUS
10
6.1231959842519688
20
-5.2255266929133857
11
6.1230979921259845
21
-5.225486102362205
0
LINE
8
BLACK
6
CONTINUOUS
10
6.1230979921259845
20
-5.225486102362205
11
6.1229921259842515
21
-5.225478582677165
0
LINE
8
BLACK
6
CONTINUOUS
10
6.1229921259842515
20
-5.225478582677165
11
6.1224515354330711
21
-5.2252716929133856
0
LINE
8
BLACK
6
CONTINUOUS
10
6.1224515354330711
20
-5.2252716929133856
11
6.118702007874016
21
-5.223396929133858
0
LINE
8
BLACK
6
CONTINUOUS
10
6.118702007874016
20
-5.223396929133858
11
6.1184539763779524
21
-5.2232408267716535
0
LINE
8
BLACK
6
CONTINUOUS
10
6.1184539763779524
20
-5.2232408267716535
11
6.1183820472440944
21
-5.2232110236220475
0
LINE
8
BLACK
6
CONTINUOUS
10
6.1183820472440944
20
-5.2232110236220475
11
6.1183010629921259
21
-5.2231445669291334
0
LINE
8
BLACK
6
CONTINUOUS
10
6.1183010629921259
20
-5.2231445669291334
11
6.1182121259842521
21
-5.2230885826771649
0
LINE
8
BLACK
6
CONTINUOUS
10
6.1182121259842521
20
-5.2230885826771649
11
6.1181609055118109
21
-5.2230295275590546
0
LINE
8
BLACK
6
CONTINUOUS
10
6.1181609055118109
20
-5.2230295275590546
11
6.1179345669291338
21
-5.2228437795275591
0
LINE
8
BLACK
6
CONTINUOUS
10
6.1179345669291338
20
-5.2228437795275591
11
6.1160598031496063
21
-5.2209689763779528
0
LINE
8
BLACK
6
CONTINUOUS
10
6.1160598031496063
20
-5.2209689763779528
11
6.1156925984251966
21
-5.220521535433071
0
LINE
8
BLACK
6
CONTINUOUS
10
6.1156925984251966
20
-5.220521535433071
11
6.1152517322834647
21
-5.2194571259842517
0
LINE
8
BLACK
6
CONTINUOUS
10
6.1152517322834647
20
-5.2194571259842517
11
6.1152517322834647
21
-5.2183050393700787
0
LINE
8
BLACK
6
CONTINUOUS
10
6.1152517322834647
20
-5.2183050393700787
11
6.1156926377952754
21
-5.2172406299212595
0
LINE
8
BLACK
6
CONTINUOUS
10
6.1156926377952754
20
-5.2172406299212595
11
6.1165073228346456
21
-5.2164259448818893
0
LINE
8
BLACK
6
CONTINUOUS
10
6.1165073228346456
20
-5.2164259448818893
11
6.1175717322834648
21
-5.2159850787401574
0
LINE
8
BLACK
6
CONTINUOUS
10
6.1175717322834648
20
-5.2159850787401574
11
6.1187238188976378
21
-5.2159850787401574
0
LINE
8
BLACK
6
CONTINUOUS
10
6.1187238188976378
20
-5.2159850787401574
11
6.1197882283464562
21
-5.216425984251968
0
LINE
8
BLACK
6
CONTINUOUS
10
6.1197882283464562
20
-5.216425984251968
11
6.1202357086614168
21
-5.2167932283464564
0
LINE
8
BLACK
6
CONTINUOUS
10
6.1202357086614168
20
-5.2167932283464564
11
6.1217716141732286
21
-5.2183291732283461
0
LINE
8
BLACK
6
CONTINUOUS
10
6.1217716141732286
20
-5.2183291732283461
11
6.1244690944881892
21
-5.2196779133858264
0
LINE
8
BLACK
6
CONTINUOUS
10
6.1244690944881892
20
-5.2196779133858264
11
6.1324488188976378
21
-5.2196779133858264
0
LINE
8
BLACK
6
CONTINUOUS
10
6.1324488188976378
20
-5.2196779133858264
11
6.1351462598425197
21
-5.2183291732283461
0
LINE
8
BLACK
6
CONTINUOUS
10
6.1351462598425197
20
-5.2183291732283461
11
6.1363433858267715
21
-5.2171320078740155
0
LINE
8
BLACK
6
CONTINUOUS
10
6.1363433858267715
20
-5.2171320078740155
11
6.1376921653543306
21
-5.2144345275590549
0
LINE
8
BLACK
6
CONTINUOUS
10
6.1376921653543306
20
-5.2144345275590549
11
6.1376921653543306
21
-5.2064548031496063
0
LINE
8
BLACK
6
CONTINUOUS
10
6.1376921653543306
20
-5.2064548031496063
11
6.1363434251968503
21
-5.2037573228346456
0
LINE
8
BLACK
6
CONTINUOUS
10
6.1363434251968503
20
-5.2037573228346456
11
6.1351462992125985
21
-5.2025601968503938
0
LINE
8
BLACK
6
CONTINUOUS
10
6.1351462992125985
20
-5.2025601968503938
11
6.1324488188976378
21
-5.2012114566929135
0
LINE
8
BLACK
6
CONTINUOUS
10
6.1324488188976378
20
-5.2012114566929135
11
6.1244690944881892
21
-5.2012114566929135
0
LINE
8
BLACK
6
CONTINUOUS
10
6.1244690944881892
20
-5.2012114566929135
11
6.1217716141732286
21
-5.2025601968503938
0
LINE
8
BLACK
6
CONTINUOUS
10
6.1217716141732286
20
-5.2025601968503938
11
6.1202356692913389
21
-5.2040961417322835
0
LINE
8
BLACK
6
CONTINUOUS
10
6.1202356692913389
20
-5.2040961417322835
11
6.1197882283464562
21
-5.2044633464566932
0
LINE
8
BLACK
6
CONTINUOUS
10
6.1197882283464562
20
-5.2044633464566932
11
6.1196508661417317
21
-5.2045202362204721
0
LINE
8
BLACK
6
CONTINUOUS
10
6.1196508661417317
20
-5.2045202362204721
11
6.119535787401575
21
-5.2046144094488191
0
LINE
8
BLACK
6
CONTINUOUS
10
6.119535787401575
20
-5.2046144094488191
11
6.1191224015748027
21
-5.2047390944881888
0
LINE
8
BLACK
6
CONTINUOUS
10
6.1191224015748027
20
-5.2047390944881888
11
6.1187237795275591
21
-5.2049042519685038
0
LINE
8
BLACK
6
CONTINUOUS
10
6.1187237795275591
20
-5.2049042519685038
11
6.1185751574803149
21
-5.2049042519685038
0
LINE
8
BLACK
6
CONTINUOUS
10
6.1185751574803149
20
-5.2049042519685038
11
6.1184327952755906
21
-5.2049472047244096
0
LINE
8
BLACK
6
CONTINUOUS
10
6.1184327952755906
20
-5.2049472047244096
11
6.118003267716535
21
-5.2049042519685038
0
LINE
8
BLACK
6
CONTINUOUS
10
6.118003267716535
20
-5.2049042519685038
11
6.1175717322834648
21
-5.2049042519685038
0
LINE
8
BLACK
6
CONTINUOUS
10
6.1175717322834648
20
-5.2049042519685038
11
6.1174343700787404
21
-5.2048473228346452
0
LINE
8
BLACK
6
CONTINUOUS
10
6.1174343700787404
20
-5.2048473228346452
11
6.1172863779527562
21
-5.2048325590551183
0
LINE
8
BLACK
6
CONTINUOUS
10
6.1172863779527562
20
-5.2048325590551183
11
6.116905984251968
21
-5.2046285039370082
0
LINE
8
BLACK
6
CONTINUOUS
10
6.116905984251968
20
-5.2046285039370082
11
6.1165072834645668
21
-5.2044633464566932
0
LINE
8
BLACK
6
CONTINUOUS
10
6.1165072834645668
20
-5.2044633464566932
11
6.1164020866141735
21
-5.2043581496062989
0
LINE
8
BLACK
6
CONTINUOUS
10
6.1164020866141735
20
-5.2043581496062989
11
6.116271141732283
21
-5.2042879133858264
0
LINE
8
BLACK
6
CONTINUOUS
10
6.116271141732283
20
-5.2042879133858264
11
6.1159978740157479
21
-5.2039539370078742
0
LINE
8
BLACK
6
CONTINUOUS
10
6.1159978740157479
20
-5.2039539370078742
11
6.1156926377952754
21
-5.2036487007874017
0
LINE
8
BLACK
6
CONTINUOUS
10
6.1156926377952754
20
-5.2036487007874017
11
6.1156357086614168
21
-5.2035113385826772
0
LINE
8
BLACK
6
CONTINUOUS
10
6.1156357086614168
20
-5.2035113385826772
11
6.1155415748031494
21
-5.2033962598425196
0
LINE
8
BLACK
6
CONTINUOUS
10
6.1155415748031494
20
-5.2033962598425196
11
6.115416850393701
21
-5.2029828740157482
0
LINE
8
BLACK
6
CONTINUOUS
10
6.115416850393701
20
-5.2029828740157482
11
6.1152517322834647
21
-5.2025842519685037
0
LINE
8
BLACK
6
CONTINUOUS
10
6.1152517322834647
20
-5.2025842519685037
11
6.1152517322834647
21
-5.2024355905511808
0
LINE
8
BLACK
6
CONTINUOUS
10
6.1152517322834647
20
-5.2024355905511808
11
6.1152087795275589
21
-5.2022932677165352
0
LINE
8
BLACK
6
CONTINUOUS
10
6.1152087795275589
20
-5.2022932677165352
11
6.1152096456692915
21
-5.2017144094488188
0
LINE
8
BLACK
6
CONTINUOUS
10
6.1152096456692915
20
-5.2017144094488188
11
6.117084409448819
21
-5.1829667716535432
0
LINE
8
BLACK
6
CONTINUOUS
10
6.117084409448819
20
-5.1829667716535432
11
6.1171264960629923
21
-5.182756811023622
0
LINE
8
BLACK
6
CONTINUOUS
10
6.1171264960629923
20
-5.182756811023622
11
6.1171264960629923
21
-5.1826845275590552
0
LINE
8
BLACK
6
CONTINUOUS
10
6.1171264960629923
20
-5.1826845275590552
11
6.1171545669291341
21
-5.1826166929133857
0
LINE
8
BLACK
6
CONTINUOUS
10
6.1171545669291341
20
-5.1826166929133857
11
6.1171981889763778
21
-5.1823992125984253
0
LINE
8
BLACK
6
CONTINUOUS
10
6.1171981889763778
20
-5.1823992125984253
11
6.1174022047244092
21
-5.1820188976377954
0
LINE
8
BLACK
6
CONTINUOUS
10
6.1174022047244092
20
-5.1820188976377954
11
6.1175674015748029
21
-5.1816201181102359
0
LINE
8
BLACK
6
CONTINUOUS
10
6.1175674015748029
20
-5.1816201181102359
11
6.1176725590551175
21
-5.1815149212598426
0
LINE
8
BLACK
6
CONTINUOUS
10
6.1176725590551175
20
-5.1815149212598426
11
6.1177428346456688
21
-5.181383976377953
0
LINE
8
BLACK
6
CONTINUOUS
10
6.1177428346456688
20
-5.181383976377953
11
6.1180767716535431
21
-5.181110708661417
0
LINE
8
BLACK
6
CONTINUOUS
10
6.1180767716535431
20
-5.181110708661417
11
6.1183820472440944
21
-5.1808054724409445
0
LINE
8
BLACK
6
CONTINUOUS
10
6.1183820472440944
20
-5.1808054724409445
11
6.1185193700787401
21
-5.1807485433070868
0
LINE
8
BLACK
6
CONTINUOUS
10
6.1185193700787401
20
-5.1807485433070868
11
6.1186344881889765
21
-5.1806544094488185
0
LINE
8
BLACK
6
CONTINUOUS
10
6.1186344881889765
20
-5.1806544094488185
11
6.1190477559055116
21
-5.1805296850393701
0
LINE
8
BLACK
6
CONTINUOUS
10
6.1190477559055116
20
-5.1805296850393701
11
6.1194464566929136
21
-5.1803645669291338
0
LINE
8
BLACK
6
CONTINUOUS
10
6.1194464566929136
20
-5.1803645669291338
11
6.1196671259842521
21
-5.1803427952755907
0
LINE
8
BLACK
6
CONTINUOUS
10
6.1196671259842521
20
-5.1803427952755907
11
6.1197374803149609
21
-5.180321614173228
0
LINE
8
BLACK
6
CONTINUOUS
10
6.1197374803149609
20
-5.180321614173228
11
6.1198094488188977
21
-5.1803287795275592
0
LINE
8
BLACK
6
CONTINUOUS
10
6.1198094488188977
20
-5.1803287795275592
11
6.1200225196850395
21
-5.180307834645669
0
LINE
8
BLACK
6
CONTINUOUS
10
6.1200225196850395
20
-5.180307834645669
11
6.1387701574803151
21
-5.180307834645669
0
LINE
8
BLACK
6
CONTINUOUS
10
6.1387701574803151
20
-5.180307834645669
11
6.1393462204724409
21
-5.1803645669291338
0
LINE
8
BLACK
6
CONTINUOUS
10
6.1693424803149606
20
-5.1803645669291338
11
6.1694404724409448
21
-5.1804051574803145
0
LINE
8
BLACK
6
CONTINUOUS
10
6.1694404724409448
20
-5.1804051574803145
11
6.1695462992125982
21
-5.1804126771653545
0
LINE
8
BLACK
6
CONTINUOUS
10
6.1695462992125982
20
-5.1804126771653545
11
6.1700869291338583
21
-5.1806195669291339
0
LINE
8
BLACK
6
CONTINUOUS
10
6.1700869291338583
20
-5.1806195669291339
11
6.1738364566929134
21
-5.1824943307086615
0
LINE
8
BLACK
6
CONTINUOUS
10
6.1738364566929134
20
-5.1824943307086615
11
6.1740844488188973
21
-5.1826503937007873
0
LINE
8
BLACK
6
CONTINUOUS
10
6.1740844488188973
20
-5.1826503937007873
11
6.1741564173228349
21
-5.182680236220472
0
LINE
8
BLACK
6
CONTINUOUS
10
6.1741564173228349
20
-5.182680236220472
11
6.1742373622047246
21
-5.1827466929133861
0
LINE
8
BLACK
6
CONTINUOUS
10
6.1742373622047246
20
-5.1827466929133861
11
6.1743263385826772
21
-5.1828026771653546
0
LINE
8
BLACK
6
CONTINUOUS
10
6.1743263385826772
20
-5.1828026771653546
11
6.1743774803149609
21
-5.1828616535433074
0
LINE
8
BLACK
6
CONTINUOUS
10
6.1743774803149609
20
-5.1828616535433074
11
6.1746038582677167
21
-5.1830474409448817
0
LINE
8
BLACK
6
CONTINUOUS
10
6.1746038582677167
20
-5.1830474409448817
11
6.1764786220472443
21
-5.1849222047244092
0
LINE
8
BLACK
6
CONTINUOUS
10
6.1764786220472443
20
-5.1849222047244092
11
6.1766643700787398
21
-5.1851485433070863
0
LINE
8
BLACK
6
CONTINUOUS
10
6.1766643700787398
20
-5.1851485433070863
11
6.1767233858267714
21
-5.1851997244094488
0
LINE
8
BLACK
6
CONTINUOUS
10
6.1767233858267714
20
-5.1851997244094488
11
6.1767793307086611
21
-5.1852886614173226
0
LINE
8
BLACK
6
CONTINUOUS
10
6.1767793307086611
20
-5.1852886614173226
11
6.1768458267716531
21
-5.185369645669291
0
LINE
8
BLACK
6
CONTINUOUS
10
6.1768458267716531
20
-5.185369645669291
11
6.1768756299212599
21
-5.185441574803149
0
LINE
8
BLACK
6
CONTINUOUS
10
6.1768756299212599
20
-5.185441574803149
11
6.1770317322834645
21
-5.1856896062992126
0
LINE
8
BLACK
6
CONTINUOUS
10
6.1770317322834645
20
-5.1856896062992126
11
6.178906496062992
21
-5.1894391338582677
0
LINE
8
BLACK
6
CONTINUOUS
10
6.178906496062992
20
-5.1894391338582677
11
6.1789225984251965
21
-5.189481220472441
0
LINE
8
BLACK
6
CONTINUOUS
10
6.1789225984251965
20
-5.189481220472441
11
6.1789353149606301
21
-5.1894983858267718
0
LINE
8
BLACK
6
CONTINUOUS
10
6.1789353149606301
20
-5.1894983858267718
11
6.1790216141732284
21
-5.1897399606299208
0
LINE
8
BLACK
6
CONTINUOUS
10
6.1790216141732284
20
-5.1897399606299208
11
6.1791133858267715
21
-5.189979724409449
0
LINE
8
BLACK
6
CONTINUOUS
10
6.1791133858267715
20
-5.189979724409449
11
6.1791148818897632
21
-5.1900009842519683
0
LINE
8
BLACK
6
CONTINUOUS
10
6.1791148818897632
20
-5.1900009842519683
11
6.1791300787401573
21
-5.1900435039370079
0
LINE
8
BLACK
6
CONTINUOUS
10
6.1791300787401573
20
-5.1900435039370079
11
6.1810048425196848
21
-5.1975425590551181
0
LINE
8
BLACK
6
CONTINUOUS
10
6.1810048425196848
20
-5.1975425590551181
11
6.1810196062992127
21
-5.1976424015748028
0
LINE
8
BLACK
6
CONTINUOUS
10
6.1810196062992127
20
-5.1976424015748028
11
6.1810362598425197
21
-5.1976826377952756
0
LINE
8
BLACK
6
CONTINUOUS
10
6.1810362598425197
20
-5.1976826377952756
11
6.1810575984251965
21
-5.197899645669291
0
LINE
8
BLACK
6
CONTINUOUS
10
6.1810575984251965
20
-5.197899645669291
11
6.1810894881889764
21
-5.1981151574803146
0
LINE
8
BLACK
6
CONTINUOUS
10
6.1810894881889764
20
-5.1981151574803146
11
6.1810830708661415
21
-5.1981581496062992
0
LINE
8
BLACK
6
CONTINUOUS
10
6.1810830708661415
20
-5.1981581496062992
11
6.1810929921259845
21
-5.1982587007874015
0
LINE
8
BLACK
6
CONTINUOUS
10
6.1810929921259845
20
-5.1982587007874015
11
6.1810929921259845
21
-5.2076325196850393
0
LINE
8
BLACK
6
CONTINUOUS
10
6.1810929921259845
20
-5.2076325196850393
11
6.1810830708661415
21
-5.2077330314960628
0
LINE
8
BLACK
6
CONTINUOUS
10
6.1810830708661415
20
-5.2077330314960628
11
6.1810894881889764
21
-5.2077760629921261
0
LINE
8
BLACK
6
CONTINUOUS
10
6.1810894881889764
20
-5.2077760629921261
11
6.1810575984251965
21
-5.207991535433071
0
LINE
8
BLACK
6
CONTINUOUS
10
6.1810575984251965
20
-5.207991535433071
11
6.1810362598425197
21
-5.2082085826771651
0
LINE
8
BLACK
6
CONTINUOUS
10
6.1810362598425197
20
-5.2082085826771651
11
6.1810196062992127
21
-5.2082487795275592
0
LINE
8
BLACK
6
CONTINUOUS
10
6.1810196062992127
20
-5.2082487795275592
11
6.1810048425196848
21
-5.2083486614173227
0
LINE
8
BLACK
6
CONTINUOUS
10
6.1810048425196848
20
-5.2083486614173227
11
6.1791300787401573
21
-5.2158477165354329
0
LINE
8
BLACK
6
CONTINUOUS
10
6.1791300787401573
20
-5.2158477165354329
11
6.1791148818897632
21
-5.2158901968503937
0
LINE
8
BLACK
6
CONTINUOUS
10
6.1791148818897632
20
-5.2158901968503937
11
6.1791133858267715
21
-5.2159114960629918
0
LINE
8
BLACK
6
CONTINUOUS
10
6.1791133858267715
20
-5.2159114960629918
11
6.1790216141732284
21
-5.2161512204724412
0
LINE
8
BLACK
6
CONTINUOUS
10
6.1790216141732284
20
-5.2161512204724412
11
6.1789353149606301
21
-5.2163928346456689
0
LINE
8
BLACK
6
CONTINUOUS
10
6.1789353149606301
20
-5.2163928346456689
11
6.1789225984251965
21
-5.216409960629921
0
LINE
8
BLACK
6
CONTINUOUS
10
6.1789225984251965
20
-5.216409960629921
11
6.178906496062992
21
-5.216452086614173
0
LINE
8
BLACK
6
CONTINUOUS
10
6.178906496062992
20
-5.216452086614173
11
6.1770317322834645
21
-5.2202016141732281
0
LINE
8
BLACK
6
CONTINUOUS
10
6.1770317322834645
20
-5.2202016141732281
11
6.1768756692913387
21
-5.2204494881889767
0
LINE
8
BLACK
6
CONTINUOUS
10
6.1768756692913387
20
-5.2204494881889767
11
6.1768458661417318
21
-5.220521535433071
0
LINE
8
BLACK
6
CONTINUOUS
10
6.1768458661417318
20
-5.220521535433071
11
6.1767793307086611
21
-5.2206025590551182
0
LINE
8
BLACK
6
CONTINUOUS
10
6.1767793307086611
20
-5.2206025590551182
11
6.1767233858267714
21
-5.220691496062992
0
LINE
8
BLACK
6
CONTINUOUS
10
6.1767233858267714
20
-5.220691496062992
11
6.1766643700787398
21
-5.2207426377952757
0
LINE
8
BLACK
6
CONTINUOUS
10
6.1766643700787398
20
-5.2207426377952757
11
6.1764786220472443
21
-5.2209690157480315
0
LINE
8
BLACK
6
CONTINUOUS
10
6.1764786220472443
20
-5.2209690157480315
11
6.1746038976377955
21
-5.2228437795275591
0
LINE
8
BLACK
6
CONTINUOUS
10
6.1746038976377955
20
-5.2228437795275591
11
6.1743775196850397
21
-5.2230295275590546
0
LINE
8
BLACK
6
CONTINUOUS
10
6.1743775196850397
20
-5.2230295275590546
11
6.1743263385826772
21
-5.2230885826771649
0
LINE
8
BLACK
6
CONTINUOUS
10
6.1743263385826772
20
-5.2230885826771649
11
6.1742373622047246
21
-5.2231445669291334
0
LINE
8
BLACK
6
CONTINUOUS
10
6.1742373622047246
20
-5.2231445669291334
11
6.1741564173228349
21
-5.2232110236220475
0
LINE
8
BLACK
6
CONTINUOUS
10
6.1741564173228349
20
-5.2232110236220475
11
6.1740844488188973
21
-5.2232408267716535
0
LINE
8
BLACK
6
CONTINUOUS
10
6.1740844488188973
20
-5.2232408267716535
11
6.1738364566929134
21
-5.223396929133858
0
LINE
8
BLACK
6
CONTINUOUS
10
6.1738364566929134
20
-5.223396929133858
11
6.1700869291338583
21
-5.2252716929133856
0
LINE
8
BLACK
6
CONTINUOUS
10
6.1700869291338583
20
-5.2252716929133856
11
6.1695462992125982
21
-5.225478582677165
0
LINE
8
BLACK
6
CONTINUOUS
10
6.1695462992125982
20
-5.225478582677165
11
6.1694404724409448
21
-5.2254860629921263
0
LINE
8
BLACK
6
CONTINUOUS
10
6.1694404724409448
20
-5.2254860629921263
11
6.1693424803149606
21
-5.2255266929133857
0
LINE
8
BLACK
6
CONTINUOUS
10
6.1693424803149606
20
-5.2255266929133857
11
6.1687664173228347
21
-5.2255834251968505
0
LINE
8
BLACK
6
CONTINUOUS
10
6.1687664173228347
20
-5.2255834251968505
11
6.1650168897637796
21
-5.2255834251968505
0
LINE
8
BLACK
6
CONTINUOUS
10
6.1650168897637796
20
-5.2255834251968505
11
6.1644408267716537
21
-5.2255266929133857
0
LINE
8
BLACK
6
CONTINUOUS
10
6.1644408267716537
20
-5.2255266929133857
11
6.1643428346456695
21
-5.225486102362205
0
LINE
8
BLACK
6
CONTINUOUS
10
6.1643428346456695
20
-5.225486102362205
11
6.1642369685039364
21
-5.225478582677165
0
LINE
8
BLACK
6
CONTINUOUS
10
6.1642369685039364
20
-5.225478582677165
11
6.163696377952756
21
-5.2252716929133856
0
LINE
8
BLACK
6
CONTINUOUS
10
6.163696377952756
20
-5.2252716929133856
11
6.1599468503937009
21
-5.223396929133858
0
LINE
8
BLACK
6
CONTINUOUS
10
6.1599468503937009
20
-5.223396929133858
11
6.1596988188976374
21
-5.2232408267716535
0
LINE
8
BLACK
6
CONTINUOUS
10
6.1596988188976374
20
-5.2232408267716535
11
6.1596268897637794
21
-5.2232110236220475
0
LINE
8
BLACK
6
CONTINUOUS
10
6.1596268897637794
20
-5.2232110236220475
11
6.1595459055118109
21
-5.2231445669291334
0
LINE
8
BLACK
6
CONTINUOUS
10
6.1595459055118109
20
-5.2231445669291334
11
6.1594569685039371
21
-5.2230885826771649
0
LINE
8
BLACK
6
CONTINUOUS
10
6.1594569685039371
20
-5.2230885826771649
11
6.1594057480314959
21
-5.2230295275590546
0
LINE
8
BLACK
6
CONTINUOUS
10
6.1594057480314959
20
-5.2230295275590546
11
6.1591794094488188
21
-5.2228437795275591
0
LINE
8
BLACK
6
CONTINUOUS
10
6.1591794094488188
20
-5.2228437795275591
11
6.1573046456692913
21
-5.2209689763779528
0
LINE
8
BLACK
6
CONTINUOUS
10
6.1573046456692913
20
-5.2209689763779528
11
6.1571188976377949
21
-5.2207426377952757
0
LINE
8
BLACK
6
CONTINUOUS
10
6.1571188976377949
20
-5.2207426377952757
11
6.157059921259842
21
-5.220691496062992
0
LINE
8
BLACK
6
CONTINUOUS
10
6.157059921259842
20
-5.220691496062992
11
6.1570039370078735
21
-5.2206025590551182
0
LINE
8
BLACK
6
CONTINUOUS
10
6.1570039370078735
20
-5.2206025590551182
11
6.1569374409448816
21
-5.220521535433071
0
LINE
8
BLACK
6
CONTINUOUS
10
6.1569374409448816
20
-5.220521535433071
11
6.1569075984251969
21
-5.2204494881889767
0
LINE
8
BLACK
6
CONTINUOUS
10
6.1569075984251969
20
-5.2204494881889767
11
6.1567515748031498
21
-5.2202016141732281
0
LINE
8
BLACK
6
CONTINUOUS
10
6.1567515748031498
20
-5.2202016141732281
11
6.1548768110236223
21
-5.216452086614173
0
LINE
8
BLACK
6
CONTINUOUS
10
6.1548768110236223
20
-5.216452086614173
11
6.1548606692913381
21
-5.216409960629921
0
LINE
8
BLACK
6
CONTINUOUS
10
6.1548606692913381
20
-5.216409960629921
11
6.1548479921259842
21
-5.2163928346456689
0
LINE
8
BLACK
6
CONTINUOUS
10
6.1548479921259842
20
-5.2163928346456689
11
6.1547615354330709
21
-5.2161508661417324
0
LINE
8
BLACK
6
CONTINUOUS
10
6.1547615354330709
20
-5.2161508661417324
11
6.1546699212598428
21
-5.215911456692913
0
LINE
8
BLACK
6
CONTINUOUS
10
6.1546699212598428
20
-5.215911456692913
11
6.1546683858267714
21
-5.2158901968503937
0
LINE
8
BLACK
6
CONTINUOUS
10
6.1546683858267714
20
-5.2158901968503937
11
6.1546532283464561
21
-5.2158477165354329
0
LINE
8
BLACK
6
CONTINUOUS
10
6.1546532283464561
20
-5.2158477165354329
11
6.1527784645669286
21
-5.2083486614173227
0
LINE
8
BLACK
6
CONTINUOUS
10
6.1527784645669286
20
-5.2083486614173227
11
6.1527636614173229
21
-5.2082487795275592
0
LINE
8
BLACK
6
CONTINUOUS
10
6.1527636614173229
20
-5.2082487795275592
11
6.1527470472440946
21
-5.2082085826771651
0
LINE
8
BLACK
6
CONTINUOUS
10
6.1527470472440946
20
-5.2082085826771651
11
6.1527256692913381
21
-5.207991535433071
0
LINE
8
BLACK
6
CONTINUOUS
10
6.1527256692913381
20
-5.207991535433071
11
6.1526938188976379
21
-5.2077760629921261
0
LINE
8
BLACK
6
CONTINUOUS
10
6.1526938188976379
20
-5.2077760629921261
11
6.1527001968503932
21
-5.2077330314960628
0
LINE
8
BLACK
6
CONTINUOUS
10
6.1527001968503932
20
-5.2077330314960628
11
6.1526903149606298
21
-5.2076325196850393
0
LINE
8
BLACK
6
CONTINUOUS
10
6.1526903149606298
20
-5.2076325196850393
11
6.1526903149606298
21
-5.1982587007874015
0
LINE
8
BLACK
6
CONTINUOUS
10
6.1526903149606298
20
-5.1982587007874015
11
6.1527001968503932
21
-5.1981581496062992
0
LINE
8
BLACK
6
CONTINUOUS
10
6.1527001968503932
20
-5.1981581496062992
11
6.1526938188976379
21
-5.1981151574803146
0
LINE
8
BLACK
6
CONTINUOUS
10
6.1526938188976379
20
-5.1981151574803146
11
6.1527256692913381
21
-5.197899645669291
0
LINE
8
BLACK
6
CONTINUOUS
10
6.1527256692913381
20
-5.197899645669291
11
6.1527470472440946
21
-5.1976826377952756
0
LINE
8
BLACK
6
CONTINUOUS
10
6.1527470472440946
20
-5.1976826377952756
11
6.1527636614173229
21
-5.1976424015748028
0
LINE
8
BLACK
6
CONTINUOUS
10
6.1527636614173229
20
-5.1976424015748028
11
6.1527784645669286
21
-5.1975425590551181
0
LINE
8
BLACK
6
CONTINUOUS
10
6.1527784645669286
20
-5.1975425590551181
11
6.1546532283464561
21
-5.1900435039370079
0
LINE
8
BLACK
6
CONTINUOUS
10
6.1546532283464561
20
-5.1900435039370079
11
6.1546683858267714
21
-5.1900009842519683
0
LINE
8
BLACK
6
CONTINUOUS
10
6.1546683858267714
20
-5.1900009842519683
11
6.1546699212598428
21
-5.1899797637795277
0
LINE
8
BLACK
6
CONTINUOUS
10
6.1546699212598428
20
-5.1899797637795277
11
6.1547615354330709
21
-5.1897403149606296
0
LINE
8
BLACK
6
CONTINUOUS
10
6.1547615354330709
20
-5.1897403149606296
11
6.1548479921259842
21
-5.1894983858267718
0
LINE
8
BLACK
6
CONTINUOUS
10
6.1548479921259842
20
-5.1894983858267718
11
6.1548606692913381
21
-5.189481220472441
0
LINE
8
BLACK
6
CONTINUOUS
10
6.1548606692913381
20
-5.189481220472441
11
6.1548768110236223
21
-5.1894391338582677
0
LINE
8
BLACK
6
CONTINUOUS
10
6.1548768110236223
20
-5.1894391338582677
11
6.1567515748031498
21
-5.1856896062992126
0
LINE
8
BLACK
6
CONTINUOUS
10
6.1567515748031498
20
-5.1856896062992126
11
6.1569076377952756
21
-5.185441574803149
0
LINE
8
BLACK
6
CONTINUOUS
10
6.1569076377952756
20
-5.185441574803149
11
6.1569374803149604
21
-5.185369645669291
0
LINE
8
BLACK
6
CONTINUOUS
10
6.1569374803149604
20
-5.185369645669291
11
6.1570039370078735
21
-5.1852886614173226
0
LINE
8
BLACK
6
CONTINUOUS
10
6.1570039370078735
20
-5.1852886614173226
11
6.157059921259842
21
-5.1851997244094488
0
LINE
8
BLACK
6
CONTINUOUS
10
6.157059921259842
20
-5.1851997244094488
11
6.1571188976377949
21
-5.1851485433070863
0
LINE
8
BLACK
6
CONTINUOUS
10
6.1571188976377949
20
-5.1851485433070863
11
6.15730468503937
21
-5.1849222047244092
0
LINE
8
BLACK
6
CONTINUOUS
10
6.15730468503937
20
-5.1849222047244092
11
6.1591794488188976
21
-5.1830474409448817
0
LINE
8
BLACK
6
CONTINUOUS
10
6.1591794488188976
20
-5.1830474409448817
11
6.1594057874015746
21
-5.1828616535433074
0
LINE
8
BLACK
6
CONTINUOUS
10
6.1594057874015746
20
-5.1828616535433074
11
6.1594569685039371
21
-5.1828026771653546
0
LINE
8
BLACK
6
CONTINUOUS
10
6.1594569685039371
20
-5.1828026771653546
11
6.1595459055118109
21
-5.1827466929133861
0
LINE
8
BLACK
6
CONTINUOUS
10
6.1595459055118109
20
-5.1827466929133861
11
6.1596268897637794
21
-5.182680236220472
0
LINE
8
BLACK
6
CONTINUOUS
10
6.1596268897637794
20
-5.182680236220472
11
6.1596988188976374
21
-5.1826503937007873
0
LINE
8
BLACK
6
CONTINUOUS
10
6.1596988188976374
20
-5.1826503937007873
11
6.1599468503937009
21
-5.1824943307086615
0
LINE
8
BLACK
6
CONTINUOUS
10
6.1599468503937009
20
-5.1824943307086615
11
6.163696377952756
21
-5.1806195669291339
0
LINE
8
BLACK
6
CONTINUOUS
10
6.163696377952756
20
-5.1806195669291339
11
6.1642369685039364
21
-5.1804126771653545
0
LINE
8
BLACK
6
CONTINUOUS
10
6.1642369685039364
20
-5.1804126771653545
11
6.1643428346456695
21
-5.1804051181102357
0
LINE
8
BLACK
6
CONTINUOUS
10
6.1643428346456695
20
-5.1804051181102357
11
6.1644408267716537
21
-5.1803645669291338
0
LINE
8
BLACK
6
CONTINUOUS
10
6.1644408267716537
20
-5.1803645669291338
11
6.1650168897637796
21
-5.180307834645669
0
LINE
8
BLACK
6
CONTINUOUS
10
6.1650168897637796
20
-5.180307834645669
11
6.1687664173228347
21
-5.180307834645669
0
LINE
8
BLACK
6
CONTINUOUS
10
6.1687664173228347
20
-5.180307834645669
11
6.1693424803149606
21
-5.1803645669291338
0
LINE
8
BLACK
6
CONTINUOUS
10
6.1630164566929135
20
-5.1875620866141734
11
6.1618193307086608
21
-5.1887592125984252
0
LINE
8
BLACK
6
CONTINUOUS
10
6.1618193307086608
20
-5.1887592125984252
11
6.1603038188976376
21
-5.1917901968503939
0
LINE
8
BLACK
6
CONTINUOUS
10
6.1603038188976376
20
-5.1917901968503939
11
6.1585958267716538
21
-5.198622244094488
0
LINE
8
BLACK
6
CONTINUOUS
10
6.1585958267716538
20
-5.198622244094488
11
6.1585958267716538
21
-5.2072689763779527
0
LINE
8
BLACK
6
CONTINUOUS
10
6.1585958267716538
20
-5.2072689763779527
11
6.1603038188976376
21
-5.2141010236220469
0
LINE
8
BLACK
6
CONTINUOUS
10
6.1603038188976376
20
-5.2141010236220469
11
6.1618193307086608
21
-5.2171320078740155
0
LINE
8
BLACK
6
CONTINUOUS
10
6.1618193307086608
20
-5.2171320078740155
11
6.1630164566929135
21
-5.2183291732283461
0
LINE
8
BLACK
6
CONTINUOUS
10
6.1630164566929135
20
-5.2183291732283461
11
6.1657139370078742
21
-5.2196779133858264
0
LINE
8
BLACK
6
CONTINUOUS
10
6.1657139370078742
20
-5.2196779133858264
11
6.1680693700787401
21
-5.2196779133858264
0
LINE
8
BLACK
6
CONTINUOUS
10
6.1680693700787401
20
-5.2196779133858264
11
6.170766811023622
21
-5.2183291732283461
0
LINE
8
BLACK
6
CONTINUOUS
10
6.170766811023622
20
-5.2183291732283461
11
6.1719639370078738
21
-5.2171320078740155
0
LINE
8
BLACK
6
CONTINUOUS
10
6.1719639370078738
20
-5.2171320078740155
11
6.1734794488188971
21
-5.2141010236220469
0
LINE
8
BLACK
6
CONTINUOUS
10
6.1734794488188971
20
-5.2141010236220469
11
6.1751874803149605
21
-5.2072689763779527
0
LINE
8
BLACK
6
CONTINUOUS
10
6.1751874803149605
20
-5.2072689763779527
11
6.1751874803149605
21
-5.198622244094488
0
LINE
8
BLACK
6
CONTINUOUS
10
6.1751874803149605
20
-5.198622244094488
11
6.1734794488188971
21
-5.1917901968503939
0
LINE
8
BLACK
6
CONTINUOUS
10
6.1734794488188971
20
-5.1917901968503939
11
6.1719639763779526
21
-5.1887592125984252
0
LINE
8
BLACK
6
CONTINUOUS
10
6.1719639763779526
20
-5.1887592125984252
11
6.1707668503937008
21
-5.1875620866141734
0
LINE
8
BLACK
6
CONTINUOUS
10
6.1707668503937008
20
-5.1875620866141734
11
6.1680693700787401
21
-5.1862133464566931
0
LINE
8
BLACK
6
CONTINUOUS
10
6.1680693700787401
20
-5.1862133464566931
11
6.1657139370078742
21
-5.1862133464566931
0
LINE
8
BLACK
6
CONTINUOUS
10
6.1657139370078742
20
-5.1862133464566931
11
6.1630164566929135
21
-5.1875620866141734
0
LINE
8
BLACK
6
CONTINUOUS
10
6.2274601968503935
20
-5.1803645669291338
11
6.2275581889763778
21
-5.1804051574803145
0
LINE
8
BLACK
6
CONTINUOUS
10
6.2275581889763778
20
-5.1804051574803145
11
6.2276640157480312
21
-5.1804126771653545
0
LINE
8
BLACK
6
CONTINUOUS
10
6.2276640157480312
20
-5.1804126771653545
11
6.2282046456692912
21
-5.1806195669291339
0
LINE
8
BLACK
6
CONTINUOUS
10
6.2282046456692912
20
-5.1806195669291339
11
6.2319541732283463
21
-5.1824943307086615
0
LINE
8
BLACK
6
CONTINUOUS
10
6.2319541732283463
20
-5.1824943307086615
11
6.2322021653543302
21
-5.1826503937007873
0
LINE
8
BLACK
6
CONTINUOUS
10
6.2322021653543302
20
-5.1826503937007873
11
6.2322741338582679
21
-5.182680236220472
0
LINE
8
BLACK
6
CONTINUOUS
10
6.2322741338582679
20
-5.182680236220472
11
6.2323550787401576
21
-5.1827466929133861
0
LINE
8
BLACK
6
CONTINUOUS
10
6.2323550787401576
20
-5.1827466929133861
11
6.2324440551181102
21
-5.1828026771653546
0
LINE
8
BLACK
6
CONTINUOUS
10
6.2324440551181102
20
-5.1828026771653546
11
6.2324951968503939
21
-5.1828616535433074
0
LINE
8
BLACK
6
CONTINUOUS
10
6.2324951968503939
20
-5.1828616535433074
11
6.2327215748031497
21
-5.1830474409448817
0
LINE
8
BLACK
6
CONTINUOUS
10
6.2327215748031497
20
-5.1830474409448817
11
6.2345963385826773
21
-5.1849222047244092
0
LINE
8
BLACK
6
CONTINUOUS
10
6.2345963385826773
20
-5.1849222047244092
11
6.2347820866141728
21
-5.1851485433070863
0
LINE
8
BLACK
6
CONTINUOUS
10
6.2347820866141728
20
-5.1851485433070863
11
6.2348411023622043
21
-5.1851997244094488
0
LINE
8
BLACK
6
CONTINUOUS
10
6.2348411023622043
20
-5.1851997244094488
11
6.2348970472440941
21
-5.1852886614173226
0
LINE
8
BLACK
6
CONTINUOUS
10
6.2348970472440941
20
-5.1852886614173226
11
6.2349635433070869
21
-5.185369645669291
0
LINE
8
BLACK
6
CONTINUOUS
10
6.2349635433070869
20
-5.185369645669291
11
6.2349933464566929
21
-5.185441574803149
0
LINE
8
BLACK
6
CONTINUOUS
10
6.2349933464566929
20
-5.185441574803149
11
6.2351494488188974
21
-5.1856896062992126
0
LINE
8
BLACK
6
CONTINUOUS
10
6.2351494488188974
20
-5.1856896062992126
11
6.237024212598425
21
-5.1894391338582677
0
LINE
8
BLACK
6
CONTINUOUS
10
6.237024212598425
20
-5.1894391338582677
11
6.2372311023622045
21
-5.189979724409449
0
LINE
8
BLACK
6
CONTINUOUS
10
6.2372311023622045
20
-5.189979724409449
11
6.2372386220472436
21
-5.1900855905511811
0
LINE
8
BLACK
6
CONTINUOUS
10
6.2372386220472436
20
-5.1900855905511811
11
6.2372792125984251
21
-5.1901835826771654
0
LINE
8
BLACK
6
CONTINUOUS
10
6.2372792125984251
20
-5.1901835826771654
11
6.2373359448818899
21
-5.1907596456692913
0
LINE
8
BLACK
6
CONTINUOUS
10
6.2373359448818899
20
-5.1907596456692913
11
6.2373359448818899
21
-5.1945091732283464
0
LINE
8
BLACK
6
CONTINUOUS
10
6.2373359448818899
20
-5.1945091732283464
11
6.2373072047244094
21
-5.1948007480314962
0
LINE
8
BLACK
6
CONTINUOUS
10
6.2373072047244094
20
-5.1948007480314962
11
6.2373127559055117
21
-5.1948785039370078
0
LINE
8
BLACK
6
CONTINUOUS
10
6.2373127559055117
20
-5.1948785039370078
11
6.237289488188976
21
-5.1949807480314956
0
LINE
8
BLACK
6
CONTINUOUS
10
6.237289488188976
20
-5.1949807480314956
11
6.2372792125984251
21
-5.1950852362204722
0
LINE
8
BLACK
6
CONTINUOUS
10
6.2372792125984251
20
-5.1950852362204722
11
6.2372493307086616
21
-5.1951572834645665
0
LINE
8
BLACK
6
CONTINUOUS
10
6.2372493307086616
20
-5.1951572834645665
11
6.2371844094488189
21
-5.1954429527559052
0
LINE
8
BLACK
6
CONTINUOUS
10
6.2371844094488189
20
-5.1954429527559052
11
6.2353096456692914
21
-5.2010672047244091
0
LINE
8
BLACK
6
CONTINUOUS
10
6.2353096456692914
20
-5.2010672047244091
11
6.2350736614173226
21
-5.2015957874015744
0
LINE
8
BLACK
6
CONTINUOUS
10
6.2350736614173226
20
-5.2015957874015744
11
6.2350041732283463
21
-5.2016758661417324
0
LINE
8
BLACK
6
CONTINUOUS
10
6.2350041732283463
20
-5.2016758661417324
11
6.2349635826771648
21
-5.2017739370078742
0
LINE
8
BLACK
6
CONTINUOUS
10
6.2349635826771648
20
-5.2017739370078742
11
6.2345963385826773
21
-5.202221377952756
0
LINE
8
BLACK
6
CONTINUOUS
10
6.2345963385826773
20
-5.202221377952756
11
6.2171398425196847
21
-5.2196779133858264
0
LINE
8
BLACK
6
CONTINUOUS
10
6.2171398425196847
20
-5.2196779133858264
11
6.2343831889763779
21
-5.2196779133858264
0
LINE
8
BLACK
6
CONTINUOUS
10
6.2343831889763779
20
-5.2196779133858264
11
6.2349592519685038
21
-5.2197346456692912
0
LINE
8
BLACK
6
CONTINUOUS
10
6.2349592519685038
20
-5.2197346456692912
11
6.236023661417323
21
-5.2201755511811019
0
LINE
8
BLACK
6
CONTINUOUS
10
6.236023661417323
20
-5.2201755511811019
11
6.2368383070866145
21
-5.2209901968503933
0
LINE
8
BLACK
6
CONTINUOUS
10
6.2368383070866145
20
-5.2209901968503933
11
6.2372792125984251
21
-5.2220546062992126
0
LINE
8
BLACK
6
CONTINUOUS
10
6.2372792125984251
20
-5.2220546062992126
11
6.2372792125984251
21
-5.2232067322834643
0
LINE
8
BLACK
6
CONTINUOUS
10
6.2372792125984251
20
-5.2232067322834643
11
6.2368383070866145
21
-5.2242711417322836
0
LINE
8
BLACK
6
CONTINUOUS
10
6.2368383070866145
20
-5.2242711417322836
11
6.236023661417323
21
-5.225085787401575
0
LINE
8
BLACK
6
CONTINUOUS
10
6.236023661417323
20
-5.225085787401575
11
6.2349592519685038
21
-5.2255266929133857
0
LINE
8
BLACK
6
CONTINUOUS
10
6.2349592519685038
20
-5.2255266929133857
11
6.2343831889763779
21
-5.2255834251968505
0
LINE
8
BLACK
6
CONTINUOUS
10
6.2343831889763779
20
-5.2255834251968505
11
6.2100112598425197
21
-5.2255834251968505
0
LINE
8
BLACK
6
CONTINUOUS
10
6.2100112598425197
20
-5.2255834251968505
11
6.2094351968503938
21
-5.2255266929133857
0
LINE
8
BLACK
6
CONTINUOUS
10
6.2094351968503938
20
-5.2255266929133857
11
6.2083707874015746
21
-5.225085787401575
0
LINE
8
BLACK
6
CONTINUOUS
10
6.2083707874015746
20
-5.225085787401575
11
6.2075561417322831
21
-5.2242711417322836
0
LINE
8
BLACK
6
CONTINUOUS
10
6.2075561417322831
20
-5.2242711417322836
11
6.2071152362204725
21
-5.2232067322834643
0
LINE
8
BLACK
6
CONTINUOUS
10
6.2071152362204725
20
-5.2232067322834643
11
6.2071152362204725
21
-5.2220546062992126
0
LINE
8
BLACK
6
CONTINUOUS
10
6.2071152362204725
20
-5.2220546062992126
11
6.2075561417322831
21
-5.2209901968503933
0
LINE
8
BLACK
6
CONTINUOUS
10
6.2075561417322831
20
-5.2209901968503933
11
6.2079233464566927
21
-5.2205427559055115
0
LINE
8
BLACK
6
CONTINUOUS
10
6.2079233464566927
20
-5.2205427559055115
11
6.2299275984251965
21
-5.1985384251968503
0
LINE
8
BLACK
6
CONTINUOUS
10
6.2299275984251965
20
-5.1985384251968503
11
6.2314304330708659
21
-5.1940300393700785
0
LINE
8
BLACK
6
CONTINUOUS
10
6.2314304330708659
20
-5.1940300393700785
11
6.2314304330708659
21
-5.1914566929133859
0
LINE
8
BLACK
6
CONTINUOUS
10
6.2314304330708659
20
-5.1914566929133859
11
6.2300816929133855
21
-5.1887592125984252
0
LINE
8
BLACK
6
CONTINUOUS
10
6.2300816929133855
20
-5.1887592125984252
11
6.2288845669291337
21
-5.1875620866141734
0
LINE
8
BLACK
6
CONTINUOUS
10
6.2288845669291337
20
-5.1875620866141734
11
6.2261870866141731
21
-5.1862133464566931
0
LINE
8
BLACK
6
CONTINUOUS
10
6.2261870866141731
20
-5.1862133464566931
11
6.2182073622047245
21
-5.1862133464566931
0
LINE
8
BLACK
6
CONTINUOUS
10
6.2182073622047245
20
-5.1862133464566931
11
6.2155098818897638
21
-5.1875620866141734
0
LINE
8
BLACK
6
CONTINUOUS
10
6.2155098818897638
20
-5.1875620866141734
11
6.2139739370078741
21
-5.1890980314960631
0
LINE
8
BLACK
6
CONTINUOUS
10
6.2139739370078741
20
-5.1890980314960631
11
6.2135264960629923
21
-5.1894652362204727
0
LINE
8
BLACK
6
CONTINUOUS
10
6.2135264960629923
20
-5.1894652362204727
11
6.2124620472440943
21
-5.1899061417322834
0
LINE
8
BLACK
6
CONTINUOUS
10
6.2124620472440943
20
-5.1899061417322834
11
6.2113100000000001
21
-5.1899061417322834
0
LINE
8
BLACK
6
CONTINUOUS
10
6.2113100000000001
20
-5.1899061417322834
11
6.2102455511811021
21
-5.1894652362204727
0
LINE
8
BLACK
6
CONTINUOUS
10
6.2102455511811021
20
-5.1894652362204727
11
6.2094309055118106
21
-5.1886505905511813
0
LINE
8
BLACK
6
CONTINUOUS
10
6.2094309055118106
20
-5.1886505905511813
11
6.20899
21
-5.1875861417322833
0
LINE
8
BLACK
6
CONTINUOUS
10
6.20899
20
-5.1875861417322833
11
6.20899
21
-5.186434094488189
0
LINE
8
BLACK
6
CONTINUOUS
10
6.20899
20
-5.186434094488189
11
6.2094309055118106
21
-5.185369645669291
0
LINE
8
BLACK
6
CONTINUOUS
10
6.2094309055118106
20
-5.185369645669291
11
6.2097981102362203
21
-5.1849222047244092
0
LINE
8
BLACK
6
CONTINUOUS
10
6.2097981102362203
20
-5.1849222047244092
11
6.2116728740157479
21
-5.1830474409448817
0
LINE
8
BLACK
6
CONTINUOUS
10
6.2116728740157479
20
-5.1830474409448817
11
6.2118992125984249
21
-5.1828616535433074
0
LINE
8
BLACK
6
CONTINUOUS
10
6.2118992125984249
20
-5.1828616535433074
11
6.2119503937007874
21
-5.1828026771653546
0
LINE
8
BLACK
6
CONTINUOUS
10
6.2119503937007874
20
-5.1828026771653546
11
6.2120393307086612
21
-5.1827466929133861
0
LINE
8
BLACK
6
CONTINUOUS
10
6.2120393307086612
20
-5.1827466929133861
11
6.2121203149606297
21
-5.182680236220472
0
LINE
8
BLACK
6
CONTINUOUS
10
6.2121203149606297
20
-5.182680236220472
11
6.2121922440944877
21
-5.1826503937007873
0
LINE
8
BLACK
6
CONTINUOUS
10
6.2121922440944877
20
-5.1826503937007873
11
6.2124402755905512
21
-5.1824943307086615
0
LINE
8
BLACK
6
CONTINUOUS
10
6.2124402755905512
20
-5.1824943307086615
11
6.2161898031496063
21
-5.1806195669291339
0
LINE
8
BLACK
6
CONTINUOUS
10
6.2161898031496063
20
-5.1806195669291339
11
6.2167303937007876
21
-5.1804126771653545
0
LINE
8
BLACK
6
CONTINUOUS
10
6.2167303937007876
20
-5.1804126771653545
11
6.2168362598425198
21
-5.1804051181102357
0
LINE
8
BLACK
6
CONTINUOUS
10
6.2168362598425198
20
-5.1804051181102357
11
6.216934251968504
21
-5.1803645669291338
0
LINE
8
BLACK
6
CONTINUOUS
10
6.216934251968504
20
-5.1803645669291338
11
6.2175103149606299
21
-5.180307834645669
0
LINE
8
BLACK
6
CONTINUOUS
10
6.2175103149606299
20
-5.180307834645669
11
6.2268841338582677
21
-5.180307834645669
0
LINE
8
BLACK
6
CONTINUOUS
10
6.2268841338582677
20
-5.180307834645669
11
6.2274601968503935
21
-5.1803645669291338
0
LINE
8
BLACK
6
CONTINUOUS
10
6.2649555118110234
20
-5.1803645669291338
11
6.2650535039370077
21
-5.1804051574803145
0
LINE
8
BLACK
6
CONTINUOUS
10
6.2650535039370077
20
-5.1804051574803145
11
6.265159330708661
21
-5.1804126771653545
0
LINE
8
BLACK
6
CONTINUOUS
10
6.265159330708661
20
-5.1804126771653545
11
6.2656999606299211
21
-5.1806195669291339
0
LINE
8
BLACK
6
CONTINUOUS
10
6.2656999606299211
20
-5.1806195669291339
11
6.2694494881889762
21
-5.1824943307086615
0
LINE
8
BLACK
6
CONTINUOUS
10
6.2694494881889762
20
-5.1824943307086615
11
6.2696974803149601
21
-5.1826503937007873
0
LINE
8
BLACK
6
CONTINUOUS
10
6.2696974803149601
20
-5.1826503937007873
11
6.2697694488188978
21
-5.182680236220472
0
LINE
8
BLACK
6
CONTINUOUS
10
6.2697694488188978
20
-5.182680236220472
11
6.2698503937007874
21
-5.1827466929133861
0
LINE
8
BLACK
6
CONTINUOUS
10
6.2698503937007874
20
-5.1827466929133861
11
6.26993937007874
21
-5.1828026771653546
0
LINE
8
BLACK
6
CONTINUOUS
10
6.26993937007874
20
-5.1828026771653546
11
6.2699905118110237
21
-5.1828616535433074
0
LINE
8
BLACK
6
CONTINUOUS
10
6.2699905118110237
20
-5.1828616535433074
11
6.2702168897637796
21
-5.1830474409448817
0
LINE
8
BLACK
6
CONTINUOUS
10
6.2702168897637796
20
-5.1830474409448817
11
6.2720916535433071
21
-5.1849222047244092
0
LINE
8
BLACK
6
CONTINUOUS
10
6.2720916535433071
20
-5.1849222047244092
11
6.2722774015748026
21
-5.1851485433070863
0
LINE
8
BLACK
6
CONTINUOUS
10
6.2722774015748026
20
-5.1851485433070863
11
6.2723364173228342
21
-5.1851997244094488
0
LINE
8
BLACK
6
CONTINUOUS
10
6.2723364173228342
20
-5.1851997244094488
11
6.272392362204724
21
-5.1852886614173226
0
LINE
8
BLACK
6
CONTINUOUS
10
6.272392362204724
20
-5.1852886614173226
11
6.2724588582677168
21
-5.185369645669291
0
LINE
8
BLACK
6
CONTINUOUS
10
6.2724588582677168
20
-5.185369645669291
11
6.2724886614173228
21
-5.185441574803149
0
LINE
8
BLACK
6
CONTINUOUS
10
6.2724886614173228
20
-5.185441574803149
11
6.2726447637795273
21
-5.1856896062992126
0
LINE
8
BLACK
6
CONTINUOUS
10
6.2726447637795273
20
-5.1856896062992126
11
6.2745195275590548
21
-5.1894391338582677
0
LINE
8
BLACK
6
CONTINUOUS
10
6.2745195275590548
20
-5.1894391338582677
11
6.2747264173228343
21
-5.189979724409449
0
LINE
8
BLACK
6
CONTINUOUS
10
6.2747264173228343
20
-5.189979724409449
11
6.2747339370078743
21
-5.1900855905511811
0
LINE
8
BLACK
6
CONTINUOUS
10
6.2747339370078743
20
-5.1900855905511811
11
6.274774527559055
21
-5.1901835826771654
0
LINE
8
BLACK
6
CONTINUOUS
10
6.274774527559055
20
-5.1901835826771654
11
6.2748312598425198
21
-5.1907596456692913
0
LINE
8
BLACK
6
CONTINUOUS
10
6.2748312598425198
20
-5.1907596456692913
11
6.2748312598425198
21
-5.2057577559055117
0
LINE
8
BLACK
6
CONTINUOUS
10
6.2748312598425198
20
-5.2057577559055117
11
6.2748213385826768
21
-5.2058582677165353
0
LINE
8
BLACK
6
CONTINUOUS
10
6.2748213385826768
20
-5.2058582677165353
11
6.2748277559055117
21
-5.2059012992125986
0
LINE
8
BLACK
6
CONTINUOUS
10
6.2748277559055117
20
-5.2059012992125986
11
6.2747958661417318
21
-5.2061167716535435
0
LINE
8
BLACK
6
CONTINUOUS
10
6.2747958661417318
20
-5.2061167716535435
11
6.274774527559055
21
-5.2063338188976376
0
LINE
8
BLACK
6
CONTINUOUS
10
6.274774527559055
20
-5.2063338188976376
11
6.2747578740157479
21
-5.2063740157480316
0
LINE
8
BLACK
6
CONTINUOUS
10
6.2747578740157479
20
-5.2063740157480316
11
6.2747431102362201
21
-5.2064738976377951
0
LINE
8
BLACK
6
CONTINUOUS
10
6.2747431102362201
20
-5.2064738976377951
11
6.2728683464566926
21
-5.2139729527559053
0
LINE
8
BLACK
6
CONTINUOUS
10
6.2728683464566926
20
-5.2139729527559053
11
6.272747007874016
21
-5.214312440944882
0
LINE
8
BLACK
6
CONTINUOUS
10
6.272747007874016
20
-5.214312440944882
11
6.2727329133858269
21
-5.214383897637795
0
LINE
8
BLACK
6
CONTINUOUS
10
6.2727329133858269
20
-5.214383897637795
11
6.2726983464566928
21
-5.2144486614173227
0
LINE
8
BLACK
6
CONTINUOUS
10
6.2726983464566928
20
-5.2144486614173227
11
6.2726735826771653
21
-5.2145180708661414
0
LINE
8
BLACK
6
CONTINUOUS
10
6.2726735826771653
20
-5.2145180708661414
11
6.2726300393700782
21
-5.2145767716535429
0
LINE
8
BLACK
6
CONTINUOUS
10
6.2726300393700782
20
-5.2145767716535429
11
6.272460590551181
21
-5.2148946850393703
0
LINE
8
BLACK
6
CONTINUOUS
10
6.272460590551181
20
-5.2148946850393703
11
6.2687110629921259
21
-5.2205190157480317
0
LINE
8
BLACK
6
CONTINUOUS
10
6.2687110629921259
20
-5.2205190157480317
11
6.2687097244094483
21
-5.2205205905511809
0
LINE
8
BLACK
6
CONTINUOUS
10
6.2687097244094483
20
-5.2205205905511809
11
6.2687093700787404
21
-5.220521535433071
0
LINE
8
BLACK
6
CONTINUOUS
10
6.2687093700787404
20
-5.220521535433071
11
6.2685308661417318
21
-5.2207390157480313
0
LINE
8
BLACK
6
CONTINUOUS
10
6.2685308661417318
20
-5.2207390157480313
11
6.2683442913385825
21
-5.220966850393701
0
LINE
8
BLACK
6
CONTINUOUS
10
6.2683442913385825
20
-5.220966850393701
11
6.2683434251968499
21
-5.2209674015748027
0
LINE
8
BLACK
6
CONTINUOUS
10
6.2683434251968499
20
-5.2209674015748027
11
6.268342125984252
21
-5.2209690157480315
0
LINE
8
BLACK
6
CONTINUOUS
10
6.268342125984252
20
-5.2209690157480315
11
6.2664674015748032
21
-5.2228437795275591
0
LINE
8
BLACK
6
CONTINUOUS
10
6.2664674015748032
20
-5.2228437795275591
11
6.2662410236220474
21
-5.2230295275590546
0
LINE
8
BLACK
6
CONTINUOUS
10
6.2662410236220474
20
-5.2230295275590546
11
6.2661898425196849
21
-5.2230885826771649
0
LINE
8
BLACK
6
CONTINUOUS
10
6.2661898425196849
20
-5.2230885826771649
11
6.2661008661417323
21
-5.2231445669291334
0
LINE
8
BLACK
6
CONTINUOUS
10
6.2661008661417323
20
-5.2231445669291334
11
6.2660199212598426
21
-5.2232110236220475
0
LINE
8
BLACK
6
CONTINUOUS
10
6.2660199212598426
20
-5.2232110236220475
11
6.265947952755905
21
-5.2232408267716535
0
LINE
8
BLACK
6
CONTINUOUS
10
6.265947952755905
20
-5.2232408267716535
11
6.2656999606299211
21
-5.223396929133858
0
LINE
8
BLACK
6
CONTINUOUS
10
6.2656999606299211
20
-5.223396929133858
11
6.261950433070866
21
-5.2252716929133856
0
LINE
8
BLACK
6
CONTINUOUS
10
6.261950433070866
20
-5.2252716929133856
11
6.2614098031496059
21
-5.225478582677165
0
LINE
8
BLACK
6
CONTINUOUS
10
6.2614098031496059
20
-5.225478582677165
11
6.2613039763779526
21
-5.2254860629921263
0
LINE
8
BLACK
6
CONTINUOUS
10
6.2613039763779526
20
-5.2254860629921263
11
6.2612059842519683
21
-5.2255266929133857
0
LINE
8
BLACK
6
CONTINUOUS
10
6.2612059842519683
20
-5.2255266929133857
11
6.2606299212598424
21
-5.2255834251968505
0
LINE
8
BLACK
6
CONTINUOUS
10
6.2606299212598424
20
-5.2255834251968505
11
6.2531308661417322
21
-5.2255834251968505
0
LINE
8
BLACK
6
CONTINUOUS
10
6.2531308661417322
20
-5.2255834251968505
11
6.2525548031496063
21
-5.2255266929133857
0
LINE
8
BLACK
6
CONTINUOUS
10
6.2525548031496063
20
-5.2255266929133857
11
6.2514903937007871
21
-5.225085787401575
0
LINE
8
BLACK
6
CONTINUOUS
10
6.2514903937007871
20
-5.225085787401575
11
6.2506757480314956
21
-5.2242711417322836
0
LINE
8
BLACK
6
CONTINUOUS
10
6.2506757480314956
20
-5.2242711417322836
11
6.250234842519685
21
-5.2232067322834643
0
LINE
8
BLACK
6
CONTINUOUS
10
6.250234842519685
20
-5.2232067322834643
11
6.250234842519685
21
-5.2220546062992126
0
LINE
8
BLACK
6
CONTINUOUS
10
6.250234842519685
20
-5.2220546062992126
11
6.2506757480314956
21
-5.2209901968503933
0
LINE
8
BLACK
6
CONTINUOUS
10
6.2506757480314956
20
-5.2209901968503933
11
6.2514903937007871
21
-5.2201755511811019
0
LINE
8
BLACK
6
CONTINUOUS
10
6.2514903937007871
20
-5.2201755511811019
11
6.2525548031496063
21
-5.2197346456692912
0
LINE
8
BLACK
6
CONTINUOUS
10
6.2525548031496063
20
-5.2197346456692912
11
6.2531308661417322
21
-5.2196779133858264
0
LINE
8
BLACK
6
CONTINUOUS
10
6.2531308661417322
20
-5.2196779133858264
11
6.2599328740157478
21
-5.2196779133858264
0
LINE
8
BLACK
6
CONTINUOUS
10
6.2599328740157478
20
-5.2196779133858264
11
6.2626303149606297
21
-5.2183291732283461
0
LINE
8
BLACK
6
CONTINUOUS
10
6.2626303149606297
20
-5.2183291732283461
11
6.2639594488188974
21
-5.2169999999999996
0
LINE
8
BLACK
6
CONTINUOUS
10
6.2639594488188974
20
-5.2169999999999996
11
6.2672631889763775
21
-5.2120444488188973
0
LINE
8
BLACK
6
CONTINUOUS
10
6.2672631889763775
20
-5.2120444488188973
11
6.2679924803149607
21
-5.209127283464567
0
LINE
8
BLACK
6
CONTINUOUS
10
6.2679924803149607
20
-5.209127283464567
11
6.2656999606299211
21
-5.2102735433070864
0
LINE
8
BLACK
6
CONTINUOUS
10
6.2656999606299211
20
-5.2102735433070864
11
6.265159330708661
21
-5.2104804330708658
0
LINE
8
BLACK
6
CONTINUOUS
10
6.265159330708661
20
-5.2104804330708658
11
6.2650535039370077
21
-5.2104879133858271
0
LINE
8
BLACK
6
CONTINUOUS
10
6.2650535039370077
20
-5.2104879133858271
11
6.2649555118110234
21
-5.2105285433070865
0
LINE
8
BLACK
6
CONTINUOUS
10
6.2649555118110234
20
-5.2105285433070865
11
6.2643794488188975
21
-5.2105852755905513
0
LINE
8
BLACK
6
CONTINUOUS
10
6.2643794488188975
20
-5.2105852755905513
11
6.2568803937007873
21
-5.2105852755905513
0
LINE
8
BLACK
6
CONTINUOUS
10
6.2568803937007873
20
-5.2105852755905513
11
6.2563043307086614
21
-5.2105285433070865
0
LINE
8
BLACK
6
CONTINUOUS
10
6.2563043307086614
20
-5.2105285433070865
11
6.2562063385826772
21
-5.2104879527559058
0
LINE
8
BLACK
6
CONTINUOUS
10
6.2562063385826772
20
-5.2104879527559058
11
6.256100472440945
21
-5.2104804330708658
0
LINE
8
BLACK
6
CONTINUOUS
10
6.256100472440945
20
-5.2104804330708658
11
6.2555598818897638
21
-5.2102735433070864
0
LINE
8
BLACK
6
CONTINUOUS
10
6.2555598818897638
20
-5.2102735433070864
11
6.2518103543307086
21
-5.2083987795275588
0
LINE
8
BLACK
6
CONTINUOUS
10
6.2518103543307086
20
-5.2083987795275588
11
6.251562322834646
21
-5.2082426771653543
0
LINE
8
BLACK
6
CONTINUOUS
10
6.251562322834646
20
-5.2082426771653543
11
6.2514903937007871
21
-5.2082128740157483
0
LINE
8
BLACK
6
CONTINUOUS
10
6.2514903937007871
20
-5.2082128740157483
11
6.2514094094488186
21
-5.2081463779527555
0
LINE
8
BLACK
6
CONTINUOUS
10
6.2514094094488186
20
-5.2081463779527555
11
6.2513204724409448
21
-5.2080904330708657
0
LINE
8
BLACK
6
CONTINUOUS
10
6.2513204724409448
20
-5.2080904330708657
11
6.2512692913385823
21
-5.2080314173228341
0
LINE
8
BLACK
6
CONTINUOUS
10
6.2512692913385823
20
-5.2080314173228341
11
6.2510429527559053
21
-5.2078456692913386
0
LINE
8
BLACK
6
CONTINUOUS
10
6.2510429527559053
20
-5.2078456692913386
11
6.2491681889763777
21
-5.2059709055118111
0
LINE
8
BLACK
6
CONTINUOUS
10
6.2491681889763777
20
-5.2059709055118111
11
6.2489824015748034
21
-5.2057445275590553
0
LINE
8
BLACK
6
CONTINUOUS
10
6.2489824015748034
20
-5.2057445275590553
11
6.2489234251968506
21
-5.2056933858267715
0
LINE
8
BLACK
6
CONTINUOUS
10
6.2489234251968506
20
-5.2056933858267715
11
6.2488674409448821
21
-5.205604409448819
0
LINE
8
BLACK
6
CONTINUOUS
10
6.2488674409448821
20
-5.205604409448819
11
6.2488009842519681
21
-5.2055234645669293
0
LINE
8
BLACK
6
CONTINUOUS
10
6.2488009842519681
20
-5.2055234645669293
11
6.2487711417322833
21
-5.2054514960629916
0
LINE
8
BLACK
6
CONTINUOUS
10
6.2487711417322833
20
-5.2054514960629916
11
6.2486150787401575
21
-5.2052035039370077
0
LINE
8
BLACK
6
CONTINUOUS
10
6.2486150787401575
20
-5.2052035039370077
11
6.24674031496063
21
-5.2014539763779526
0
LINE
8
BLACK
6
CONTINUOUS
10
6.24674031496063
20
-5.2014539763779526
11
6.2465334251968505
21
-5.2009133464566926
0
LINE
8
BLACK
6
CONTINUOUS
10
6.2465334251968505
20
-5.2009133464566926
11
6.2465259055118105
21
-5.2008075196850392
0
LINE
8
BLACK
6
CONTINUOUS
10
6.2465259055118105
20
-5.2008075196850392
11
6.2464853149606299
21
-5.2007095275590549
0
LINE
8
BLACK
6
CONTINUOUS
10
6.2464853149606299
20
-5.2007095275590549
11
6.2464285826771651
21
-5.200133464566929
0
LINE
8
BLACK
6
CONTINUOUS
10
6.2464285826771651
20
-5.200133464566929
11
6.2464285826771651
21
-5.1907596456692913
0
LINE
8
BLACK
6
CONTINUOUS
10
6.2464285826771651
20
-5.1907596456692913
11
6.2464853149606299
21
-5.1901835826771654
0
LINE
8
BLACK
6
CONTINUOUS
10
6.2464853149606299
20
-5.1901835826771654
11
6.2465259055118105
21
-5.1900855511811024
0
LINE
8
BLACK
6
CONTINUOUS
10
6.2465259055118105
20
-5.1900855511811024
11
6.2465334251968505
21
-5.1899797637795277
0
LINE
8
BLACK
6
CONTINUOUS
10
6.2465334251968505
20
-5.1899797637795277
11
6.24674031496063
21
-5.1894391338582677
0
LINE
8
BLACK
6
CONTINUOUS
10
6.24674031496063
20
-5.1894391338582677
11
6.2486150787401575
21
-5.1856896062992126
0
LINE
8
BLACK
6
CONTINUOUS
10
6.2486150787401575
20
-5.1856896062992126
11
6.2487711417322833
21
-5.185441574803149
0
LINE
8
BLACK
6
CONTINUOUS
10
6.2487711417322833
20
-5.185441574803149
11
6.2488009842519681
21
-5.185369645669291
0
LINE
8
BLACK
6
CONTINUOUS
10
6.2488009842519681
20
-5.185369645669291
11
6.2488674409448821
21
-5.1852886614173226
0
LINE
8
BLACK
6
CONTINUOUS
10
6.2488674409448821
20
-5.1852886614173226
11
6.2489234251968506
21
-5.1851997244094488
0
LINE
8
BLACK
6
CONTINUOUS
10
6.2489234251968506
20
-5.1851997244094488
11
6.2489824015748034
21
-5.1851485433070863
0
LINE
8
BLACK
6
CONTINUOUS
10
6.2489824015748034
20
-5.1851485433070863
11
6.2491681889763777
21
-5.1849222047244092
0
LINE
8
BLACK
6
CONTINUOUS
10
6.2491681889763777
20
-5.1849222047244092
11
6.2510429527559053
21
-5.1830474409448817
0
LINE
8
BLACK
6
CONTINUOUS
10
6.2510429527559053
20
-5.1830474409448817
11
6.2512692913385823
21
-5.1828616535433074
0
LINE
8
BLACK
6
CONTINUOUS
10
6.2512692913385823
20
-5.1828616535433074
11
6.2513204724409448
21
-5.1828026771653546
0
LINE
8
BLACK
6
CONTINUOUS
10
6.2513204724409448
20
-5.1828026771653546
11
6.2514094094488186
21
-5.1827466929133861
0
LINE
8
BLACK
6
CONTINUOUS
10
6.2514094094488186
20
-5.1827466929133861
11
6.2514903937007871
21
-5.182680236220472
0
LINE
8
BLACK
6
CONTINUOUS
10
6.2514903937007871
20
-5.182680236220472
11
6.251562322834646
21
-5.1826503937007873
0
LINE
8
BLACK
6
CONTINUOUS
10
6.251562322834646
20
-5.1826503937007873
11
6.2518103543307086
21
-5.1824943307086615
0
LINE
8
BLACK
6
CONTINUOUS
10
6.2518103543307086
20
-5.1824943307086615
11
6.2555598818897638
21
-5.1806195669291339
0
LINE
8
BLACK
6
CONTINUOUS
10
6.2555598818897638
20
-5.1806195669291339
11
6.256100472440945
21
-5.1804126771653545
0
LINE
8
BLACK
6
CONTINUOUS
10
6.256100472440945
20
-5.1804126771653545
11
6.2562063385826772
21
-5.1804051181102357
0
LINE
8
BLACK
6
CONTINUOUS
10
6.2562063385826772
20
-5.1804051181102357
11
6.2563043307086614
21
-5.1803645669291338
0
LINE
8
BLACK
6
CONTINUOUS
10
6.2563043307086614
20
-5.1803645669291338
11
6.2568803937007873
21
-5.180307834645669
0
LINE
8
BLACK
6
CONTINUOUS
10
6.2568803937007873
20
-5.180307834645669
11
6.2643794488188975
21
-5.180307834645669
0
LINE
8
BLACK
6
CONTINUOUS
10
6.2643794488188975
20
-5.180307834645669
11
6.2649555118110234
21
-5.1803645669291338
0
LINE
8
BLACK
6
CONTINUOUS
10
6.2548799606299212
20
-5.1875620866141734
11
6.2536828346456694
21
-5.1887592125984252
0
LINE
8
BLACK
6
CONTINUOUS
10
6.2536828346456694
20
-5.1887592125984252
11
6.2523340944881891
21
-5.1914566929133859
0
LINE
8
BLACK
6
CONTINUOUS
10
6.2523340944881891
20
-5.1914566929133859
11
6.2523340944881891
21
-5.1994364173228345
0
LINE
8
BLACK
6
CONTINUOUS
10
6.2523340944881891
20
-5.1994364173228345
11
6.2536828346456694
21
-5.2021338976377951
0
LINE
8
BLACK
6
CONTINUOUS
10
6.2536828346456694
20
-5.2021338976377951
11
6.2548799606299212
21
-5.2033310236220469
0
LINE
8
BLACK
6
CONTINUOUS
10
6.2548799606299212
20
-5.2033310236220469
11
6.2575774409448819
21
-5.2046797637795272
0
LINE
8
BLACK
6
CONTINUOUS
10
6.2575774409448819
20
-5.2046797637795272
11
6.2636824015748029
21
-5.2046797637795272
0
LINE
8
BLACK
6
CONTINUOUS
10
6.2636824015748029
20
-5.2046797637795272
11
6.2663798818897636
21
-5.2033310236220469
0
LINE
8
BLACK
6
CONTINUOUS
10
6.2663798818897636
20
-5.2033310236220469
11
6.2675770078740154
21
-5.2021338976377951
0
LINE
8
BLACK
6
CONTINUOUS
10
6.2675770078740154
20
-5.2021338976377951
11
6.2689257480314957
21
-5.1994364173228345
0
LINE
8
BLACK
6
CONTINUOUS
10
6.2689257480314957
20
-5.1994364173228345
11
6.2689257480314957
21
-5.1914566929133859
0
LINE
8
BLACK
6
CONTINUOUS
10
6.2689257480314957
20
-5.1914566929133859
11
6.2675770078740154
21
-5.1887592125984252
0
LINE
8
BLACK
6
CONTINUOUS
10
6.2675770078740154
20
-5.1887592125984252
11
6.2663798818897636
21
-5.1875620866141734
0
LINE
8
BLACK
6
CONTINUOUS
10
6.2663798818897636
20
-5.1875620866141734
11
6.2636824015748029
21
-5.1862133464566931
0
LINE
8
BLACK
6
CONTINUOUS
10
6.2636824015748029
20
-5.1862133464566931
11
6.2575774409448819
21
-5.1862133464566931
0
LINE
8
BLACK
6
CONTINUOUS
10
6.2575774409448819
20
-5.1862133464566931
11
6.2548799606299212
21
-5.1875620866141734
0
LINE
8
BLACK
6
CONTINUOUS
10
6.3024508267716532
20
-5.1803645669291338
11
6.3025488188976375
21
-5.1804051574803145
0
LINE
8
BLACK
6
CONTINUOUS
10
6.3025488188976375
20
-5.1804051574803145
11
6.3026546456692909
21
-5.1804126771653545
0
LINE
8
BLACK
6
CONTINUOUS
10
6.3026546456692909
20
-5.1804126771653545
11
6.3031952755905509
21
-5.1806195669291339
0
LINE
8
BLACK
6
CONTINUOUS
10
6.3031952755905509
20
-5.1806195669291339
11
6.306944803149606
21
-5.1824943307086615
0
LINE
8
BLACK
6
CONTINUOUS
10
6.306944803149606
20
-5.1824943307086615
11
6.3071927952755908
21
-5.1826503937007873
0
LINE
8
BLACK
6
CONTINUOUS
10
6.3071927952755908
20
-5.1826503937007873
11
6.3072647637795276
21
-5.182680236220472
0
LINE
8
BLACK
6
CONTINUOUS
10
6.3072647637795276
20
-5.182680236220472
11
6.3073457086614173
21
-5.1827466929133861
0
LINE
8
BLACK
6
CONTINUOUS
10
6.3073457086614173
20
-5.1827466929133861
11
6.3074346850393699
21
-5.1828026771653546
0
LINE
8
BLACK
6
CONTINUOUS
10
6.3074346850393699
20
-5.1828026771653546
11
6.3074858267716536
21
-5.1828616535433074
0
LINE
8
BLACK
6
CONTINUOUS
10
6.3074858267716536
20
-5.1828616535433074
11
6.3077122047244094
21
-5.1830474409448817
0
LINE
8
BLACK
6
CONTINUOUS
10
6.3077122047244094
20
-5.1830474409448817
11
6.309586968503937
21
-5.1849222047244092
0
LINE
8
BLACK
6
CONTINUOUS
10
6.309586968503937
20
-5.1849222047244092
11
6.3097727165354334
21
-5.1851485433070863
0
LINE
8
BLACK
6
CONTINUOUS
10
6.3097727165354334
20
-5.1851485433070863
11
6.3098317322834641
21
-5.1851997244094488
0
LINE
8
BLACK
6
CONTINUOUS
10
6.3098317322834641
20
-5.1851997244094488
11
6.3098876771653538
21
-5.1852886614173226
0
LINE
8
BLACK
6
CONTINUOUS
10
6.3098876771653538
20
-5.1852886614173226
11
6.3099541732283466
21
-5.185369645669291
0
LINE
8
BLACK
6
CONTINUOUS
10
6.3099541732283466
20
-5.185369645669291
11
6.3099839763779526
21
-5.185441574803149
0
LINE
8
BLACK
6
CONTINUOUS
10
6.3099839763779526
20
-5.185441574803149
11
6.3101400787401571
21
-5.1856896062992126
0
LINE
8
BLACK
6
CONTINUOUS
10
6.3101400787401571
20
-5.1856896062992126
11
6.3120148425196847
21
-5.1894391338582677
0
LINE
8
BLACK
6
CONTINUOUS
10
6.3120148425196847
20
-5.1894391338582677
11
6.3122217322834642
21
-5.189979724409449
0
LINE
8
BLACK
6
CONTINUOUS
10
6.3122217322834642
20
-5.189979724409449
11
6.3122292519685042
21
-5.1900855905511811
0
LINE
8
BLACK
6
CONTINUOUS
10
6.3122292519685042
20
-5.1900855905511811
11
6.3122698425196848
21
-5.1901835826771654
0
LINE
8
BLACK
6
CONTINUOUS
10
6.3122698425196848
20
-5.1901835826771654
11
6.3123265748031496
21
-5.1907596456692913
0
LINE
8
BLACK
6
CONTINUOUS
10
6.3123265748031496
20
-5.1907596456692913
11
6.3123265748031496
21
-5.1945091732283464
0
LINE
8
BLACK
6
CONTINUOUS
10
6.3123265748031496
20
-5.1945091732283464
11
6.3122978346456691
21
-5.1948007480314962
0
LINE
8
BLACK
6
CONTINUOUS
10
6.3122978346456691
20
-5.1948007480314962
11
6.3123033858267714
21
-5.1948785039370078
0
LINE
8
BLACK
6
CONTINUOUS
10
6.3123033858267714
20
-5.1948785039370078
11
6.3122801181102357
21
-5.1949807480314956
0
LINE
8
BLACK
6
CONTINUOUS
10
6.3122801181102357
20
-5.1949807480314956
11
6.3122698425196848
21
-5.1950852362204722
0
LINE
8
BLACK
6
CONTINUOUS
10
6.3122698425196848
20
-5.1950852362204722
11
6.3122399606299213
21
-5.1951572834645665
0
LINE
8
BLACK
6
CONTINUOUS
10
6.3122399606299213
20
-5.1951572834645665
11
6.3121750393700786
21
-5.1954429527559052
0
LINE
8
BLACK
6
CONTINUOUS
10
6.3121750393700786
20
-5.1954429527559052
11
6.3103002755905511
21
-5.2010672047244091
0
LINE
8
BLACK
6
CONTINUOUS
10
6.3103002755905511
20
-5.2010672047244091
11
6.3100642913385823
21
-5.2015957874015744
0
LINE
8
BLACK
6
CONTINUOUS
10
6.3100642913385823
20
-5.2015957874015744
11
6.309994803149606
21
-5.2016758661417324
0
LINE
8
BLACK
6
CONTINUOUS
10
6.309994803149606
20
-5.2016758661417324
11
6.3099542125984254
21
-5.2017739370078742
0
LINE
8
BLACK
6
CONTINUOUS
10
6.3099542125984254
20
-5.2017739370078742
11
6.309586968503937
21
-5.202221377952756
0
LINE
8
BLACK
6
CONTINUOUS
10
6.309586968503937
20
-5.202221377952756
11
6.2921304724409444
21
-5.2196779133858264
0
LINE
8
BLACK
6
CONTINUOUS
10
6.2921304724409444
20
-5.2196779133858264
11
6.3093738188976376
21
-5.2196779133858264
0
LINE
8
BLACK
6
CONTINUOUS
10
6.3093738188976376
20
-5.2196779133858264
11
6.3099498818897635
21
-5.2197346456692912
0
LINE
8
BLACK
6
CONTINUOUS
10
6.3099498818897635
20
-5.2197346456692912
11
6.3110142913385827
21
-5.2201755511811019
0
LINE
8
BLACK
6
CONTINUOUS
10
6.3110142913385827
20
-5.2201755511811019
11
6.3118289370078742
21
-5.2209901968503933
0
LINE
8
BLACK
6
CONTINUOUS
10
6.3118289370078742
20
-5.2209901968503933
11
6.3122698425196848
21
-5.2220546062992126
0
LINE
8
BLACK
6
CONTINUOUS
10
6.3122698425196848
20
-5.2220546062992126
11
6.3122698425196848
21
-5.2232067322834643
0
LINE
8
BLACK
6
CONTINUOUS
10
6.3122698425196848
20
-5.2232067322834643
11
6.3118289370078742
21
-5.2242711417322836
0
LINE
8
BLACK
6
CONTINUOUS
10
6.3118289370078742
20
-5.2242711417322836
11
6.3110142913385827
21
-5.225085787401575
0
LINE
8
BLACK
6
CONTINUOUS
10
6.3110142913385827
20
-5.225085787401575
11
6.3099498818897635
21
-5.2255266929133857
0
LINE
8
BLACK
6
CONTINUOUS
10
6.3099498818897635
20
-5.2255266929133857
11
6.3093738188976376
21
-5.2255834251968505
0
LINE
8
BLACK
6
CONTINUOUS
10
6.3093738188976376
20
-5.2255834251968505
11
6.2850018897637794
21
-5.2255834251968505
0
LINE
8
BLACK
6
CONTINUOUS
10
6.2850018897637794
20
-5.2255834251968505
11
6.2844258267716535
21
-5.2255266929133857
0
LINE
8
BLACK
6
CONTINUOUS
10
6.2844258267716535
20
-5.2255266929133857
11
6.2833614173228343
21
-5.225085787401575
0
LINE
8
BLACK
6
CONTINUOUS
10
6.2833614173228343
20
-5.225085787401575
11
6.2825467716535428
21
-5.2242711417322836
0
LINE
8
BLACK
6
CONTINUOUS
10
6.2825467716535428
20
-5.2242711417322836
11
6.2821058661417322
21
-5.2232067322834643
0
LINE
8
BLACK
6
CONTINUOUS
10
6.2821058661417322
20
-5.2232067322834643
11
6.2821058661417322
21
-5.2220546062992126
0
LINE
8
BLACK
6
CONTINUOUS
10
6.2821058661417322
20
-5.2220546062992126
11
6.2825467716535428
21
-5.2209901968503933
0
LINE
8
BLACK
6
CONTINUOUS
10
6.2825467716535428
20
-5.2209901968503933
11
6.2829139763779525
21
-5.2205427559055115
0
LINE
8
BLACK
6
CONTINUOUS
10
6.2829139763779525
20
-5.2205427559055115
11
6.3049182283464562
21
-5.1985384251968503
0
LINE
8
BLACK
6
CONTINUOUS
10
6.3049182283464562
20
-5.1985384251968503
11
6.3064210629921256
21
-5.1940300393700785
0
LINE
8
BLACK
6
CONTINUOUS
10
6.3064210629921256
20
-5.1940300393700785
11
6.3064210629921256
21
-5.1914566929133859
0
LINE
8
BLACK
6
CONTINUOUS
10
6.3064210629921256
20
-5.1914566929133859
11
6.3050723228346452
21
-5.1887592125984252
0
LINE
8
BLACK
6
CONTINUOUS
10
6.3050723228346452
20
-5.1887592125984252
11
6.3038751968503934
21
-5.1875620866141734
0
LINE
8
BLACK
6
CONTINUOUS
10
6.3038751968503934
20
-5.1875620866141734
11
6.3011777165354328
21
-5.1862133464566931
0
LINE
8
BLACK
6
CONTINUOUS
10
6.3011777165354328
20
-5.1862133464566931
11
6.2931979921259842
21
-5.1862133464566931
0
LINE
8
BLACK
6
CONTINUOUS
10
6.2931979921259842
20
-5.1862133464566931
11
6.2905005118110235
21
-5.1875620866141734
0
LINE
8
BLACK
6
CONTINUOUS
10
6.2905005118110235
20
-5.1875620866141734
11
6.2889645669291339
21
-5.1890980314960631
0
LINE
8
BLACK
6
CONTINUOUS
10
6.2889645669291339
20
-5.1890980314960631
11
6.2885171259842521
21
-5.1894652362204727
0
LINE
8
BLACK
6
CONTINUOUS
10
6.2885171259842521
20
-5.1894652362204727
11
6.2874526771653541
21
-5.1899061417322834
0
LINE
8
BLACK
6
CONTINUOUS
10
6.2874526771653541
20
-5.1899061417322834
11
6.2863006299212598
21
-5.1899061417322834
0
LINE
8
BLACK
6
CONTINUOUS
10
6.2863006299212598
20
-5.1899061417322834
11
6.2852361811023618
21
-5.1894652362204727
0
LINE
8
BLACK
6
CONTINUOUS
10
6.2852361811023618
20
-5.1894652362204727
11
6.2844215354330704
21
-5.1886505905511813
0
LINE
8
BLACK
6
CONTINUOUS
10
6.2844215354330704
20
-5.1886505905511813
11
6.2839806299212597
21
-5.1875861417322833
0
LINE
8
BLACK
6
CONTINUOUS
10
6.2839806299212597
20
-5.1875861417322833
11
6.2839806299212597
21
-5.186434094488189
0
LINE
8
BLACK
6
CONTINUOUS
10
6.2839806299212597
20
-5.186434094488189
11
6.2844215354330704
21
-5.185369645669291
0
LINE
8
BLACK
6
CONTINUOUS
10
6.2844215354330704
20
-5.185369645669291
11
6.28478874015748
21
-5.1849222047244092
0
LINE
8
BLACK
6
CONTINUOUS
10
6.28478874015748
20
-5.1849222047244092
11
6.2866635039370076
21
-5.1830474409448817
0
LINE
8
BLACK
6
CONTINUOUS
10
6.2866635039370076
20
-5.1830474409448817
11
6.2868898425196846
21
-5.1828616535433074
0
LINE
8
BLACK
6
CONTINUOUS
10
6.2868898425196846
20
-5.1828616535433074
11
6.2869410236220471
21
-5.1828026771653546
0
LINE
8
BLACK
6
CONTINUOUS
10
6.2869410236220471
20
-5.1828026771653546
11
6.2870299606299209
21
-5.1827466929133861
0
LINE
8
BLACK
6
CONTINUOUS
10
6.2870299606299209
20
-5.1827466929133861
11
6.2871109448818894
21
-5.182680236220472
0
LINE
8
BLACK
6
CONTINUOUS
10
6.2871109448818894
20
-5.182680236220472
11
6.2871828740157483
21
-5.1826503937007873
0
LINE
8
BLACK
6
CONTINUOUS
10
6.2871828740157483
20
-5.1826503937007873
11
6.2874309055118109
21
-5.1824943307086615
0
LINE
8
BLACK
6
CONTINUOUS
10
6.2874309055118109
20
-5.1824943307086615
11
6.2911804330708661
21
-5.1806195669291339
0
LINE
8
BLACK
6
CONTINUOUS
10
6.2911804330708661
20
-5.1806195669291339
11
6.2917210236220473
21
-5.1804126771653545
0
LINE
8
BLACK
6
CONTINUOUS
10
6.2917210236220473
20
-5.1804126771653545
11
6.2918268897637795
21
-5.1804051181102357
0
LINE
8
BLACK
6
CONTINUOUS
10
6.2918268897637795
20
-5.1804051181102357
11
6.2919248818897637
21
-5.1803645669291338
0
LINE
8
BLACK
6
CONTINUOUS
10
6.2919248818897637
20
-5.1803645669291338
11
6.2925009448818896
21
-5.180307834645669
0
LINE
8
BLACK
6
CONTINUOUS
10
6.2925009448818896
20
-5.180307834645669
11
6.3018747637795274
21
-5.180307834645669
0
LINE
8
BLACK
6
CONTINUOUS
10
6.3018747637795274
20
-5.180307834645669
11
6.3024508267716532
21
-5.1803645669291338
0
LINE
8
BLACK
6
CONTINUOUS
10
6.3380713779527555
20
-5.1803645669291338
11
6.3381693700787398
21
-5.1804051574803145
0
LINE
8
BLACK
6
CONTINUOUS
10
6.3381693700787398
20
-5.1804051574803145
11
6.3382751968503932
21
-5.1804126771653545
0
LINE
8
BLACK
6
CONTINUOUS
10
6.3382751968503932
20
-5.1804126771653545
11
6.3388158267716532
21
-5.1806195669291339
0
LINE
8
BLACK
6
CONTINUOUS
10
6.3388158267716532
20
-5.1806195669291339
11
6.3425653543307083
21
-5.1824943307086615
0
LINE
8
BLACK
6
CONTINUOUS
10
6.3425653543307083
20
-5.1824943307086615
11
6.3428133464566931
21
-5.1826503937007873
0
LINE
8
BLACK
6
CONTINUOUS
10
6.3428133464566931
20
-5.1826503937007873
11
6.3428853149606299
21
-5.182680236220472
0
LINE
8
BLACK
6
CONTINUOUS
10
6.3428853149606299
20
-5.182680236220472
11
6.3429662598425196
21
-5.1827466929133861
0
LINE
8
BLACK
6
CONTINUOUS
10
6.3429662598425196
20
-5.1827466929133861
11
6.3430552362204722
21
-5.1828026771653546
0
LINE
8
BLACK
6
CONTINUOUS
10
6.3430552362204722
20
-5.1828026771653546
11
6.3431063779527559
21
-5.1828616535433074
0
LINE
8
BLACK
6
CONTINUOUS
10
6.3431063779527559
20
-5.1828616535433074
11
6.3433327559055117
21
-5.1830474409448817
0
LINE
8
BLACK
6
CONTINUOUS
10
6.3433327559055117
20
-5.1830474409448817
11
6.3452075196850393
21
-5.1849222047244092
0
LINE
8
BLACK
6
CONTINUOUS
10
6.3452075196850393
20
-5.1849222047244092
11
6.3453932677165357
21
-5.1851485433070863
0
LINE
8
BLACK
6
CONTINUOUS
10
6.3453932677165357
20
-5.1851485433070863
11
6.3454522834645664
21
-5.1851997244094488
0
LINE
8
BLACK
6
CONTINUOUS
10
6.3454522834645664
20
-5.1851997244094488
11
6.3455082283464561
21
-5.1852886614173226
0
LINE
8
BLACK
6
CONTINUOUS
10
6.3455082283464561
20
-5.1852886614173226
11
6.3455747244094489
21
-5.185369645669291
0
LINE
8
BLACK
6
CONTINUOUS
10
6.3455747244094489
20
-5.185369645669291
11
6.3456045275590549
21
-5.185441574803149
0
LINE
8
BLACK
6
CONTINUOUS
10
6.3456045275590549
20
-5.185441574803149
11
6.3457606299212594
21
-5.1856896062992126
0
LINE
8
BLACK
6
CONTINUOUS
10
6.3457606299212594
20
-5.1856896062992126
11
6.347635393700787
21
-5.1894391338582677
0
LINE
8
BLACK
6
CONTINUOUS
10
6.347635393700787
20
-5.1894391338582677
11
6.3476514960629924
21
-5.189481220472441
0
LINE
8
BLACK
6
CONTINUOUS
10
6.3476514960629924
20
-5.189481220472441
11
6.3476642125984251
21
-5.1894983858267718
0
LINE
8
BLACK
6
CONTINUOUS
10
6.3476642125984251
20
-5.1894983858267718
11
6.3477505118110233
21
-5.1897399606299208
0
LINE
8
BLACK
6
CONTINUOUS
10
6.3477505118110233
20
-5.1897399606299208
11
6.3478422834645665
21
-5.189979724409449
0
LINE
8
BLACK
6
CONTINUOUS
10
6.3478422834645665
20
-5.189979724409449
11
6.3478437795275591
21
-5.1900009842519683
0
LINE
8
BLACK
6
CONTINUOUS
10
6.3478437795275591
20
-5.1900009842519683
11
6.3478589763779523
21
-5.1900435039370079
0
LINE
8
BLACK
6
CONTINUOUS
10
6.3478589763779523
20
-5.1900435039370079
11
6.3497337401574798
21
-5.1975425590551181
0
LINE
8
BLACK
6
CONTINUOUS
10
6.3497337401574798
20
-5.1975425590551181
11
6.3497485039370076
21
-5.1976424015748028
0
LINE
8
BLACK
6
CONTINUOUS
10
6.3497485039370076
20
-5.1976424015748028
11
6.3497651574803147
21
-5.1976826377952756
0
LINE
8
BLACK
6
CONTINUOUS
10
6.3497651574803147
20
-5.1976826377952756
11
6.3497864960629924
21
-5.197899645669291
0
LINE
8
BLACK
6
CONTINUOUS
10
6.3497864960629924
20
-5.197899645669291
11
6.3498183858267714
21
-5.1981151574803146
0
LINE
8
BLACK
6
CONTINUOUS
10
6.3498183858267714
20
-5.1981151574803146
11
6.3498119685039365
21
-5.1981581496062992
0
LINE
8
BLACK
6
CONTINUOUS
10
6.3498119685039365
20
-5.1981581496062992
11
6.3498218897637795
21
-5.1982587007874015
0
LINE
8
BLACK
6
CONTINUOUS
10
6.3498218897637795
20
-5.1982587007874015
11
6.3498218897637795
21
-5.2076325196850393
0
LINE
8
BLACK
6
CONTINUOUS
10
6.3498218897637795
20
-5.2076325196850393
11
6.3498119685039365
21
-5.2077330314960628
0
LINE
8
BLACK
6
CONTINUOUS
10
6.3498119685039365
20
-5.2077330314960628
11
6.3498183858267714
21
-5.2077760629921261
0
LINE
8
BLACK
6
CONTINUOUS
10
6.3498183858267714
20
-5.2077760629921261
11
6.3497864960629924
21
-5.207991535433071
0
LINE
8
BLACK
6
CONTINUOUS
10
6.3497864960629924
20
-5.207991535433071
11
6.3497651574803147
21
-5.2082085826771651
0
LINE
8
BLACK
6
CONTINUOUS
10
6.3497651574803147
20
-5.2082085826771651
11
6.3497485039370076
21
-5.2082487795275592
0
LINE
8
BLACK
6
CONTINUOUS
10
6.3497485039370076
20
-5.2082487795275592
11
6.3497337401574798
21
-5.2083486614173227
0
LINE
8
BLACK
6
CONTINUOUS
10
6.3497337401574798
20
-5.2083486614173227
11
6.3478589763779523
21
-5.2158477165354329
0
LINE
8
BLACK
6
CONTINUOUS
10
6.3478589763779523
20
-5.2158477165354329
11
6.3478437795275591
21
-5.2158901968503937
0
LINE
8
BLACK
6
CONTINUOUS
10
6.3478437795275591
20
-5.2158901968503937
11
6.3478422834645665
21
-5.2159114960629918
0
LINE
8
BLACK
6
CONTINUOUS
10
6.3478422834645665
20
-5.2159114960629918
11
6.3477505118110233
21
-5.2161512204724412
0
LINE
8
BLACK
6
CONTINUOUS
10
6.3477505118110233
20
-5.2161512204724412
11
6.3476642125984251
21
-5.2163928346456689
0
LINE
8
BLACK
6
CONTINUOUS
10
6.3476642125984251
20
-5.2163928346456689
11
6.3476514960629924
21
-5.216409960629921
0
LINE
8
BLACK
6
CONTINUOUS
10
6.3476514960629924
20
-5.216409960629921
11
6.347635393700787
21
-5.216452086614173
0
LINE
8
BLACK
6
CONTINUOUS
10
6.347635393700787
20
-5.216452086614173
11
6.3457606299212594
21
-5.2202016141732281
0
LINE
8
BLACK
6
CONTINUOUS
10
6.3457606299212594
20
-5.2202016141732281
11
6.3456045669291337
21
-5.2204494881889767
0
LINE
8
BLACK
6
CONTINUOUS
10
6.3456045669291337
20
-5.2204494881889767
11
6.3455747637795277
21
-5.220521535433071
0
LINE
8
BLACK
6
CONTINUOUS
10
6.3455747637795277
20
-5.220521535433071
11
6.3455082283464561
21
-5.2206025590551182
0
LINE
8
BLACK
6
CONTINUOUS
10
6.3455082283464561
20
-5.2206025590551182
11
6.3454522834645664
21
-5.220691496062992
0
LINE
8
BLACK
6
CONTINUOUS
10
6.3454522834645664
20
-5.220691496062992
11
6.3453932677165357
21
-5.2207426377952757
0
LINE
8
BLACK
6
CONTINUOUS
10
6.3453932677165357
20
-5.2207426377952757
11
6.3452075196850393
21
-5.2209690157480315
0
LINE
8
BLACK
6
CONTINUOUS
10
6.3452075196850393
20
-5.2209690157480315
11
6.3433327952755905
21
-5.2228437795275591
0
LINE
8
BLACK
6
CONTINUOUS
10
6.3433327952755905
20
-5.2228437795275591
11
6.3431064173228346
21
-5.2230295275590546
0
LINE
8
BLACK
6
CONTINUOUS
10
6.3431064173228346
20
-5.2230295275590546
11
6.3430552362204722
21
-5.2230885826771649
0
LINE
8
BLACK
6
CONTINUOUS
10
6.3430552362204722
20
-5.2230885826771649
11
6.3429662598425196
21
-5.2231445669291334
0
LINE
8
BLACK
6
CONTINUOUS
10
6.3429662598425196
20
-5.2231445669291334
11
6.3428853149606299
21
-5.2232110236220475
0
LINE
8
BLACK
6
CONTINUOUS
10
6.3428853149606299
20
-5.2232110236220475
11
6.3428133464566931
21
-5.2232408267716535
0
LINE
8
BLACK
6
CONTINUOUS
10
6.3428133464566931
20
-5.2232408267716535
11
6.3425653543307083
21
-5.223396929133858
0
LINE
8
BLACK
6
CONTINUOUS
10
6.3425653543307083
20
-5.223396929133858
11
6.3388158267716532
21
-5.2252716929133856
0
LINE
8
BLACK
6
CONTINUOUS
10
6.3388158267716532
20
-5.2252716929133856
11
6.3382751968503932
21
-5.225478582677165
0
LINE
8
BLACK
6
CONTINUOUS
10
6.3382751968503932
20
-5.225478582677165
11
6.3381693700787398
21
-5.2254860629921263
0
LINE
8
BLACK
6
CONTINUOUS
10
6.3381693700787398
20
-5.2254860629921263
11
6.3380713779527555
21
-5.2255266929133857
0
LINE
8
BLACK
6
CONTINUOUS
10
6.3380713779527555
20
-5.2255266929133857
11
6.3374953149606297
21
-5.2255834251968505
0
LINE
8
BLACK
6
CONTINUOUS
10
6.3374953149606297
20
-5.2255834251968505
11
6.3337457874015746
21
-5.2255834251968505
0
LINE
8
BLACK
6
CONTINUOUS
10
6.3337457874015746
20
-5.2255834251968505
11
6.3331697244094487
21
-5.2255266929133857
0
LINE
8
BLACK
6
CONTINUOUS
10
6.3331697244094487
20
-5.2255266929133857
11
6.3330717322834644
21
-5.225486102362205
0
LINE
8
BLACK
6
CONTINUOUS
10
6.3330717322834644
20
-5.225486102362205
11
6.3329658661417323
21
-5.225478582677165
0
LINE
8
BLACK
6
CONTINUOUS
10
6.3329658661417323
20
-5.225478582677165
11
6.332425275590551
21
-5.2252716929133856
0
LINE
8
BLACK
6
CONTINUOUS
10
6.332425275590551
20
-5.2252716929133856
11
6.3286757480314959
21
-5.223396929133858
0
LINE
8
BLACK
6
CONTINUOUS
10
6.3286757480314959
20
-5.223396929133858
11
6.3284277165354332
21
-5.2232408267716535
0
LINE
8
BLACK
6
CONTINUOUS
10
6.3284277165354332
20
-5.2232408267716535
11
6.3283557874015743
21
-5.2232110236220475
0
LINE
8
BLACK
6
CONTINUOUS
10
6.3283557874015743
20
-5.2232110236220475
11
6.3282748031496059
21
-5.2231445669291334
0
LINE
8
BLACK
6
CONTINUOUS
10
6.3282748031496059
20
-5.2231445669291334
11
6.3281858661417321
21
-5.2230885826771649
0
LINE
8
BLACK
6
CONTINUOUS
10
6.3281858661417321
20
-5.2230885826771649
11
6.3281346456692908
21
-5.2230295275590546
0
LINE
8
BLACK
6
CONTINUOUS
10
6.3281346456692908
20
-5.2230295275590546
11
6.3279083070866138
21
-5.2228437795275591
0
LINE
8
BLACK
6
CONTINUOUS
10
6.3279083070866138
20
-5.2228437795275591
11
6.3260335433070862
21
-5.2209689763779528
0
LINE
8
BLACK
6
CONTINUOUS
10
6.3260335433070862
20
-5.2209689763779528
11
6.3258477952755907
21
-5.2207426377952757
0
LINE
8
BLACK
6
CONTINUOUS
10
6.3258477952755907
20
-5.2207426377952757
11
6.3257888188976379
21
-5.220691496062992
0
LINE
8
BLACK
6
CONTINUOUS
10
6.3257888188976379
20
-5.220691496062992
11
6.3257328346456694
21
-5.2206025590551182
0
LINE
8
BLACK
6
CONTINUOUS
10
6.3257328346456694
20
-5.2206025590551182
11
6.3256663385826775
21
-5.220521535433071
0
LINE
8
BLACK
6
CONTINUOUS
10
6.3256663385826775
20
-5.220521535433071
11
6.3256364960629918
21
-5.2204494881889767
0
LINE
8
BLACK
6
CONTINUOUS
10
6.3256364960629918
20
-5.2204494881889767
11
6.3254804724409448
21
-5.2202016141732281
0
LINE
8
BLACK
6
CONTINUOUS
10
6.3254804724409448
20
-5.2202016141732281
11
6.3236057086614172
21
-5.216452086614173
0
LINE
8
BLACK
6
CONTINUOUS
10
6.3236057086614172
20
-5.216452086614173
11
6.323589566929134
21
-5.216409960629921
0
LINE
8
BLACK
6
CONTINUOUS
10
6.323589566929134
20
-5.216409960629921
11
6.3235768897637792
21
-5.2163928346456689
0
LINE
8
BLACK
6
CONTINUOUS
10
6.3235768897637792
20
-5.2163928346456689
11
6.3234904330708659
21
-5.2161508661417324
0
LINE
8
BLACK
6
CONTINUOUS
10
6.3234904330708659
20
-5.2161508661417324
11
6.3233988188976378
21
-5.215911456692913
0
LINE
8
BLACK
6
CONTINUOUS
10
6.3233988188976378
20
-5.215911456692913
11
6.3233972834645664
21
-5.2158901968503937
0
LINE
8
BLACK
6
CONTINUOUS
10
6.3233972834645664
20
-5.2158901968503937
11
6.323382125984252
21
-5.2158477165354329
0
LINE
8
BLACK
6
CONTINUOUS
10
6.323382125984252
20
-5.2158477165354329
11
6.3215073622047244
21
-5.2083486614173227
0
LINE
8
BLACK
6
CONTINUOUS
10
6.3215073622047244
20
-5.2083486614173227
11
6.3214925590551179
21
-5.2082487795275592
0
LINE
8
BLACK
6
CONTINUOUS
10
6.3214925590551179
20
-5.2082487795275592
11
6.3214759448818896
21
-5.2082085826771651
0
LINE
8
BLACK
6
CONTINUOUS
10
6.3214759448818896
20
-5.2082085826771651
11
6.321454566929134
21
-5.207991535433071
0
LINE
8
BLACK
6
CONTINUOUS
10
6.321454566929134
20
-5.207991535433071
11
6.3214227165354329
21
-5.2077760629921261
0
LINE
8
BLACK
6
CONTINUOUS
10
6.3214227165354329
20
-5.2077760629921261
11
6.321429094488189
21
-5.2077330314960628
0
LINE
8
BLACK
6
CONTINUOUS
10
6.321429094488189
20
-5.2077330314960628
11
6.3214192125984248
21
-5.2076325196850393
0
LINE
8
BLACK
6
CONTINUOUS
10
6.3214192125984248
20
-5.2076325196850393
11
6.3214192125984248
21
-5.1982587007874015
0
LINE
8
BLACK
6
CONTINUOUS
10
6.3214192125984248
20
-5.1982587007874015
11
6.321429094488189
21
-5.1981581496062992
0
LINE
8
BLACK
6
CONTINUOUS
10
6.321429094488189
20
-5.1981581496062992
11
6.3214227165354329
21
-5.1981151574803146
0
LINE
8
BLACK
6
CONTINUOUS
10
6.3214227165354329
20
-5.1981151574803146
11
6.321454566929134
21
-5.197899645669291
0
LINE
8
BLACK
6
CONTINUOUS
10
6.321454566929134
20
-5.197899645669291
11
6.3214759448818896
21
-5.1976826377952756
0
LINE
8
BLACK
6
CONTINUOUS
10
6.3214759448818896
20
-5.1976826377952756
11
6.3214925590551179
21
-5.1976424015748028
0
LINE
8
BLACK
6
CONTINUOUS
10
6.3214925590551179
20
-5.1976424015748028
11
6.3215073622047244
21
-5.1975425590551181
0
LINE
8
BLACK
6
CONTINUOUS
10
6.3215073622047244
20
-5.1975425590551181
11
6.323382125984252
21
-5.1900435039370079
0
LINE
8
BLACK
6
CONTINUOUS
10
6.323382125984252
20
-5.1900435039370079
11
6.3233972834645664
21
-5.1900009842519683
0
LINE
8
BLACK
6
CONTINUOUS
10
6.3233972834645664
20
-5.1900009842519683
11
6.3233988188976378
21
-5.1899797637795277
0
LINE
8
BLACK
6
CONTINUOUS
10
6.3233988188976378
20
-5.1899797637795277
11
6.3234904330708659
21
-5.1897403149606296
0
LINE
8
BLACK
6
CONTINUOUS
10
6.3234904330708659
20
-5.1897403149606296
11
6.3235768897637792
21
-5.1894983858267718
0
LINE
8
BLACK
6
CONTINUOUS
10
6.3235768897637792
20
-5.1894983858267718
11
6.323589566929134
21
-5.189481220472441
0
LINE
8
BLACK
6
CONTINUOUS
10
6.323589566929134
20
-5.189481220472441
11
6.3236057086614172
21
-5.1894391338582677
0
LINE
8
BLACK
6
CONTINUOUS
10
6.3236057086614172
20
-5.1894391338582677
11
6.3254804724409448
21
-5.1856896062992126
0
LINE
8
BLACK
6
CONTINUOUS
10
6.3254804724409448
20
-5.1856896062992126
11
6.3256365354330706
21
-5.185441574803149
0
LINE
8
BLACK
6
CONTINUOUS
10
6.3256365354330706
20
-5.185441574803149
11
6.3256663779527553
21
-5.185369645669291
0
LINE
8
BLACK
6
CONTINUOUS
10
6.3256663779527553
20
-5.185369645669291
11
6.3257328346456694
21
-5.1852886614173226
0
LINE
8
BLACK
6
CONTINUOUS
10
6.3257328346456694
20
-5.1852886614173226
11
6.3257888188976379
21
-5.1851997244094488
0
LINE
8
BLACK
6
CONTINUOUS
10
6.3257888188976379
20
-5.1851997244094488
11
6.3258477952755907
21
-5.1851485433070863
0
LINE
8
BLACK
6
CONTINUOUS
10
6.3258477952755907
20
-5.1851485433070863
11
6.326033582677165
21
-5.1849222047244092
0
LINE
8
BLACK
6
CONTINUOUS
10
6.326033582677165
20
-5.1849222047244092
11
6.3279083464566925
21
-5.1830474409448817
0
LINE
8
BLACK
6
CONTINUOUS
10
6.3279083464566925
20
-5.1830474409448817
11
6.3281346850393696
21
-5.1828616535433074
0
LINE
8
BLACK
6
CONTINUOUS
10
6.3281346850393696
20
-5.1828616535433074
11
6.3281858661417321
21
-5.1828026771653546
0
LINE
8
BLACK
6
CONTINUOUS
10
6.3281858661417321
20
-5.1828026771653546
11
6.3282748031496059
21
-5.1827466929133861
0
LINE
8
BLACK
6
CONTINUOUS
10
6.3282748031496059
20
-5.1827466929133861
11
6.3283557874015743
21
-5.182680236220472
0
LINE
8
BLACK
6
CONTINUOUS
10
6.3283557874015743
20
-5.182680236220472
11
6.3284277165354332
21
-5.1826503937007873
0
LINE
8
BLACK
6
CONTINUOUS
10
6.3284277165354332
20
-5.1826503937007873
11
6.3286757480314959
21
-5.1824943307086615
0
LINE
8
BLACK
6
CONTINUOUS
10
6.3286757480314959
20
-5.1824943307086615
11
6.332425275590551
21
-5.1806195669291339
0
LINE
8
BLACK
6
CONTINUOUS
10
6.332425275590551
20
-5.1806195669291339
11
6.3329658661417323
21
-5.1804126771653545
0
LINE
8
BLACK
6
CONTINUOUS
10
6.3329658661417323
20
-5.1804126771653545
11
6.3330717322834644
21
-5.1804051181102357
0
LINE
8
BLACK
6
CONTINUOUS
10
6.3330717322834644
20
-5.1804051181102357
11
6.3331697244094487
21
-5.1803645669291338
0
LINE
8
BLACK
6
CONTINUOUS
10
6.3331697244094487
20
-5.1803645669291338
11
6.3337457874015746
21
-5.180307834645669
0
LINE
8
BLACK
6
CONTINUOUS
10
6.3337457874015746
20
-5.180307834645669
11
6.3374953149606297
21
-5.180307834645669
0
LINE
8
BLACK
6
CONTINUOUS
10
6.3374953149606297
20
-5.180307834645669
11
6.3380713779527555
21
-5.1803645669291338
0
LINE
8
BLACK
6
CONTINUOUS
10
6.3317453543307085
20
-5.1875620866141734
11
6.3305482283464567
21
-5.1887592125984252
0
LINE
8
BLACK
6
CONTINUOUS
10
6.3305482283464567
20
-5.1887592125984252
11
6.3290327165354325
21
-5.1917901968503939
0
LINE
8
BLACK
6
CONTINUOUS
10
6.3290327165354325
20
-5.1917901968503939
11
6.3273247244094488
21
-5.198622244094488
0
LINE
8
BLACK
6
CONTINUOUS
10
6.3273247244094488
20
-5.198622244094488
11
6.3273247244094488
21
-5.2072689763779527
0
LINE
8
BLACK
6
CONTINUOUS
10
6.3273247244094488
20
-5.2072689763779527
11
6.3290327165354325
21
-5.2141010236220469
0
LINE
8
BLACK
6
CONTINUOUS
10
6.3290327165354325
20
-5.2141010236220469
11
6.3305482283464567
21
-5.2171320078740155
0
LINE
8
BLACK
6
CONTINUOUS
10
6.3305482283464567
20
-5.2171320078740155
11
6.3317453543307085
21
-5.2183291732283461
0
LINE
8
BLACK
6
CONTINUOUS
10
6.3317453543307085
20
-5.2183291732283461
11
6.3344428346456692
21
-5.2196779133858264
0
LINE
8
BLACK
6
CONTINUOUS
10
6.3344428346456692
20
-5.2196779133858264
11
6.3367982677165351
21
-5.2196779133858264
0
LINE
8
BLACK
6
CONTINUOUS
10
6.3367982677165351
20
-5.2196779133858264
11
6.339495708661417
21
-5.2183291732283461
0
LINE
8
BLACK
6
CONTINUOUS
10
6.339495708661417
20
-5.2183291732283461
11
6.3406928346456688
21
-5.2171320078740155
0
LINE
8
BLACK
6
CONTINUOUS
10
6.3406928346456688
20
-5.2171320078740155
11
6.342208346456693
21
-5.2141010236220469
0
LINE
8
BLACK
6
CONTINUOUS
10
6.342208346456693
20
-5.2141010236220469
11
6.3439163779527554
21
-5.2072689763779527
0
LINE
8
BLACK
6
CONTINUOUS
10
6.3439163779527554
20
-5.2072689763779527
11
6.3439163779527554
21
-5.198622244094488
0
LINE
8
BLACK
6
CONTINUOUS
10
6.3439163779527554
20
-5.198622244094488
11
6.342208346456693
21
-5.1917901968503939
0
LINE
8
BLACK
6
CONTINUOUS
10
6.342208346456693
20
-5.1917901968503939
11
6.3406928740157475
21
-5.1887592125984252
0
LINE
8
BLACK
6
CONTINUOUS
10
6.3406928740157475
20
-5.1887592125984252
11
6.3394957480314957
21
-5.1875620866141734
0
LINE
8
BLACK
6
CONTINUOUS
10
6.3394957480314957
20
-5.1875620866141734
11
6.3367982677165351
21
-5.1862133464566931
0
LINE
8
BLACK
6
CONTINUOUS
10
6.3367982677165351
20
-5.1862133464566931
11
6.3344428346456692
21
-5.1862133464566931
0
LINE
8
BLACK
6
CONTINUOUS
10
6.3344428346456692
20
-5.1862133464566931
11
6.3317453543307085
21
-5.1875620866141734
0
LINE
8
BLACK
6
CONTINUOUS
10
6.1959332677165353
20
-5.2161275984251967
11
6.1966535826771656
21
-5.2164259448818893
0
LINE
8
BLACK
6
CONTINUOUS
10
6.1966535826771656
20
-5.2164259448818893
11
6.1966536220472443
21
-5.216425984251968
0
LINE
8
BLACK
6
CONTINUOUS
10
6.1966536220472443
20
-5.216425984251968
11
6.1971011023622049
21
-5.2167932283464564
0
LINE
8
BLACK
6
CONTINUOUS
10
6.1971011023622049
20
-5.2167932283464564
11
6.1989758267716537
21
-5.218667992125984
0
LINE
8
BLACK
6
CONTINUOUS
10
6.1989758267716537
20
-5.218667992125984
11
6.1993430708661412
21
-5.2191154724409445
0
LINE
8
BLACK
6
CONTINUOUS
10
6.1993430708661412
20
-5.2191154724409445
11
6.1997151968503932
21
-5.220013897637795
0
LINE
8
BLACK
6
CONTINUOUS
10
6.1997151968503932
20
-5.220013897637795
11
6.199783937007874
21
-5.2201798818897638
0
LINE
8
BLACK
6
CONTINUOUS
10
6.199783937007874
20
-5.2201798818897638
11
6.199783937007874
21
-5.2213319685039368
0
LINE
8
BLACK
6
CONTINUOUS
10
6.199783937007874
20
-5.2213319685039368
11
6.1993430314960625
21
-5.222396377952756
0
LINE
8
BLACK
6
CONTINUOUS
10
6.1993430314960625
20
-5.222396377952756
11
6.1989758267716537
21
-5.2228438188976378
0
LINE
8
BLACK
6
CONTINUOUS
10
6.1989758267716537
20
-5.2228438188976378
11
6.1971010629921262
21
-5.2247185826771654
0
LINE
8
BLACK
6
CONTINUOUS
10
6.1971010629921262
20
-5.2247185826771654
11
6.1966536220472443
21
-5.225085787401575
0
LINE
8
BLACK
6
CONTINUOUS
10
6.1966536220472443
20
-5.225085787401575
11
6.1955892125984251
21
-5.2255266929133857
0
LINE
8
BLACK
6
CONTINUOUS
10
6.1955892125984251
20
-5.2255266929133857
11
6.1955891732283463
21
-5.2255266929133857
0
LINE
8
BLACK
6
CONTINUOUS
10
6.1955891732283463
20
-5.2255266929133857
11
6.1944371259842521
21
-5.2255266929133857
0
LINE
8
BLACK
6
CONTINUOUS
10
6.1944371259842521
20
-5.2255266929133857
11
6.1944370866141734
21
-5.2255266929133857
0
LINE
8
BLACK
6
CONTINUOUS
10
6.1944370866141734
20
-5.2255266929133857
11
6.1933726771653541
21
-5.225085787401575
0
LINE
8
BLACK
6
CONTINUOUS
10
6.1933726771653541
20
-5.225085787401575
11
6.1929252362204723
21
-5.2247185826771654
0
LINE
8
BLACK
6
CONTINUOUS
10
6.1929252362204723
20
-5.2247185826771654
11
6.1910504724409448
21
-5.2228438188976378
0
LINE
8
BLACK
6
CONTINUOUS
10
6.1910504724409448
20
-5.2228438188976378
11
6.1906832677165351
21
-5.222396377952756
0
LINE
8
BLACK
6
CONTINUOUS
10
6.1906832677165351
20
-5.222396377952756
11
6.1904406692913385
21
-5.2218106692913384
0
LINE
8
BLACK
6
CONTINUOUS
10
6.1904406692913385
20
-5.2218106692913384
11
6.1902423622047245
21
-5.2213319685039368
0
LINE
8
BLACK
6
CONTINUOUS
10
6.1902423622047245
20
-5.2213319685039368
11
6.1902423622047245
21
-5.2201798818897638
0
LINE
8
BLACK
6
CONTINUOUS
10
6.1902423622047245
20
-5.2201798818897638
11
6.1906832283464563
21
-5.2191154724409445
0
LINE
8
BLACK
6
CONTINUOUS
10
6.1906832283464563
20
-5.2191154724409445
11
6.191050433070866
21
-5.2186680314960627
0
LINE
8
BLACK
6
CONTINUOUS
10
6.191050433070866
20
-5.2186680314960627
11
6.1929251968503936
21
-5.2167932283464564
0
LINE
8
BLACK
6
CONTINUOUS
10
6.1929251968503936
20
-5.2167932283464564
11
6.1933726771653541
21
-5.216425984251968
0
LINE
8
BLACK
6
CONTINUOUS
10
6.1933726771653541
20
-5.216425984251968
11
6.1933727165354329
21
-5.2164259448818893
0
LINE
8
BLACK
6
CONTINUOUS
10
6.1933727165354329
20
-5.2164259448818893
11
6.1940930314960632
21
-5.2161275984251967
0
LINE
8
BLACK
6
CONTINUOUS
10
6.1940930314960632
20
-5.2161275984251967
11
6.1944370866141734
21
-5.2159850787401574
0
LINE
8
BLACK
6
CONTINUOUS
10
6.1944370866141734
20
-5.2159850787401574
11
6.1955891732283463
21
-5.2159850787401574
0
LINE
8
BLACK
6
CONTINUOUS
10
6.1955891732283463
20
-5.2159850787401574
11
6.1955892125984251
21
-5.2159850787401574
0
LINE
8
BLACK
6
CONTINUOUS
10
6.1955892125984251
20
-5.2159850787401574
11
6.1959332677165353
21
-5.2161275984251967
0
LINE
8
BLACK
6
CONTINUOUS
10
6.405562952755905
20
-5.1934879133858267
11
6.4056609448818893
21
-5.1935285039370074
0
LINE
8
BLACK
6
CONTINUOUS
10
6.4056609448818893
20
-5.1935285039370074
11
6.4057667716535436
21
-5.1935360236220474
0
LINE
8
BLACK
6
CONTINUOUS
10
6.4057667716535436
20
-5.1935360236220474
11
6.4063074015748027
21
-5.1937429133858268
0
LINE
8
BLACK
6
CONTINUOUS
10
6.4063074015748027
20
-5.1937429133858268
11
6.4100569291338578
21
-5.1956176771653544
0
LINE
8
BLACK
6
CONTINUOUS
10
6.4100569291338578
20
-5.1956176771653544
11
6.4101532677165354
21
-5.1956783070866139
0
LINE
8
BLACK
6
CONTINUOUS
10
6.4101532677165354
20
-5.1956783070866139
11
6.4101987007874017
21
-5.1956934645669293
0
LINE
8
BLACK
6
CONTINUOUS
10
6.4101987007874017
20
-5.1956934645669293
11
6.4102552362204719
21
-5.1957424803149603
0
LINE
8
BLACK
6
CONTINUOUS
10
6.4102552362204719
20
-5.1957424803149603
11
6.4105468110236217
21
-5.1959260236220475
0
LINE
8
BLACK
6
CONTINUOUS
10
6.4105468110236217
20
-5.1959260236220475
11
6.4106111811023618
21
-5.1960002362204722
0
LINE
8
BLACK
6
CONTINUOUS
10
6.4106111811023618
20
-5.1960002362204722
11
6.410675551181102
21
-5.1959260236220475
0
LINE
8
BLACK
6
CONTINUOUS
10
6.410675551181102
20
-5.1959260236220475
11
6.410967086614173
21
-5.1957424803149603
0
LINE
8
BLACK
6
CONTINUOUS
10
6.410967086614173
20
-5.1957424803149603
11
6.4110236614173228
21
-5.1956934645669293
0
LINE
8
BLACK
6
CONTINUOUS
10
6.4110236614173228
20
-5.1956934645669293
11
6.4110690551181104
21
-5.1956783070866139
0
LINE
8
BLACK
6
CONTINUOUS
10
6.4110690551181104
20
-5.1956783070866139
11
6.4111654330708658
21
-5.1956176771653544
0
LINE
8
BLACK
6
CONTINUOUS
10
6.4111654330708658
20
-5.1956176771653544
11
6.4149149606299209
21
-5.1937429133858268
0
LINE
8
BLACK
6
CONTINUOUS
10
6.4149149606299209
20
-5.1937429133858268
11
6.4154555511811022
21
-5.1935360236220474
0
LINE
8
BLACK
6
CONTINUOUS
10
6.4154555511811022
20
-5.1935360236220474
11
6.4155614173228344
21
-5.1935284645669286
0
LINE
8
BLACK
6
CONTINUOUS
10
6.4155614173228344
20
-5.1935284645669286
11
6.4156594094488186
21
-5.1934879133858267
0
LINE
8
BLACK
6
CONTINUOUS
10
6.4156594094488186
20
-5.1934879133858267
11
6.4162354724409445
21
-5.1934311811023619
0
LINE
8
BLACK
6
CONTINUOUS
10
6.4162354724409445
20
-5.1934311811023619
11
6.4218597637795272
21
-5.1934311811023619
0
LINE
8
BLACK
6
CONTINUOUS
10
6.4218597637795272
20
-5.1934311811023619
11
6.422435826771653
21
-5.1934879133858267
0
LINE
8
BLACK
6
CONTINUOUS
10
6.422435826771653
20
-5.1934879133858267
11
6.4225338188976373
21
-5.1935285039370074
0
LINE
8
BLACK
6
CONTINUOUS
10
6.4225338188976373
20
-5.1935285039370074
11
6.4226396456692916
21
-5.1935360236220474
0
LINE
8
BLACK
6
CONTINUOUS
10
6.4226396456692916
20
-5.1935360236220474
11
6.4231802755905507
21
-5.1937429133858268
0
LINE
8
BLACK
6
CONTINUOUS
10
6.4231802755905507
20
-5.1937429133858268
11
6.4269298425196846
21
-5.1956176771653544
0
LINE
8
BLACK
6
CONTINUOUS
10
6.4269298425196846
20
-5.1956176771653544
11
6.4270261417322834
21
-5.1956783070866139
0
LINE
8
BLACK
6
CONTINUOUS
10
6.4270261417322834
20
-5.1956783070866139
11
6.4270716141732285
21
-5.1956934645669293
0
LINE
8
BLACK
6
CONTINUOUS
10
6.4270716141732285
20
-5.1956934645669293
11
6.4271281889763774
21
-5.1957425196850391
0
LINE
8
BLACK
6
CONTINUOUS
10
6.4271281889763774
20
-5.1957425196850391
11
6.4274196850393697
21
-5.1959260236220475
0
LINE
8
BLACK
6
CONTINUOUS
10
6.4274196850393697
20
-5.1959260236220475
11
6.4276621653543309
21
-5.19620562992126
0
LINE
8
BLACK
6
CONTINUOUS
10
6.4276621653543309
20
-5.19620562992126
11
6.4279420078740159
21
-5.1964483070866141
0
LINE
8
BLACK
6
CONTINUOUS
10
6.4279420078740159
20
-5.1964483070866141
11
6.4281255118110234
21
-5.1967398425196851
0
LINE
8
BLACK
6
CONTINUOUS
10
6.4281255118110234
20
-5.1967398425196851
11
6.4281745669291341
21
-5.1967964173228349
0
LINE
8
BLACK
6
CONTINUOUS
10
6.4281745669291341
20
-5.1967964173228349
11
6.4281896850393698
21
-5.1968418110236216
0
LINE
8
BLACK
6
CONTINUOUS
10
6.4281896850393698
20
-5.1968418110236216
11
6.4282503543307081
21
-5.1969381889763779
0
LINE
8
BLACK
6
CONTINUOUS
10
6.4282503543307081
20
-5.1969381889763779
11
6.4301251181102357
21
-5.200687716535433
0
LINE
8
BLACK
6
CONTINUOUS
10
6.4301251181102357
20
-5.200687716535433
11
6.430332007874016
21
-5.2012283070866143
0
LINE
8
BLACK
6
CONTINUOUS
10
6.430332007874016
20
-5.2012283070866143
11
6.4303395275590551
21
-5.2013341732283465
0
LINE
8
BLACK
6
CONTINUOUS
10
6.4303395275590551
20
-5.2013341732283465
11
6.4303801181102358
21
-5.2014321653543307
0
LINE
8
BLACK
6
CONTINUOUS
10
6.4303801181102358
20
-5.2014321653543307
11
6.4304368503937006
21
-5.2020082283464566
0
LINE
8
BLACK
6
CONTINUOUS
10
6.4304368503937006
20
-5.2020082283464566
11
6.4304368503937006
21
-5.2226306692913385
0
LINE
8
BLACK
6
CONTINUOUS
10
6.4304368503937006
20
-5.2226306692913385
11
6.4303801181102358
21
-5.2232067322834643
0
LINE
8
BLACK
6
CONTINUOUS
10
6.4303801181102358
20
-5.2232067322834643
11
6.4299392125984252
21
-5.2242711417322836
0
LINE
8
BLACK
6
CONTINUOUS
10
6.4299392125984252
20
-5.2242711417322836
11
6.4291245669291337
21
-5.225085787401575
0
LINE
8
BLACK
6
CONTINUOUS
10
6.4291245669291337
20
-5.225085787401575
11
6.4280601574803145
21
-5.2255266929133857
0
LINE
8
BLACK
6
CONTINUOUS
10
6.4280601574803145
20
-5.2255266929133857
11
6.4269080314960627
21
-5.2255266929133857
0
LINE
8
BLACK
6
CONTINUOUS
10
6.4269080314960627
20
-5.2255266929133857
11
6.4258436220472444
21
-5.225085787401575
0
LINE
8
BLACK
6
CONTINUOUS
10
6.4258436220472444
20
-5.225085787401575
11
6.4250289763779529
21
-5.2242711417322836
0
LINE
8
BLACK
6
CONTINUOUS
10
6.4250289763779529
20
-5.2242711417322836
11
6.4245880708661414
21
-5.2232067322834643
0
LINE
8
BLACK
6
CONTINUOUS
10
6.4245880708661414
20
-5.2232067322834643
11
6.4245313385826774
21
-5.2226306692913385
0
LINE
8
BLACK
6
CONTINUOUS
10
6.4245313385826774
20
-5.2226306692913385
11
6.4245313385826774
21
-5.2027052755905512
0
LINE
8
BLACK
6
CONTINUOUS
10
6.4245313385826774
20
-5.2027052755905512
11
6.4234084645669292
21
-5.2004595275590546
0
LINE
8
BLACK
6
CONTINUOUS
10
6.4234084645669292
20
-5.2004595275590546
11
6.4211627165354326
21
-5.199336692913386
0
LINE
8
BLACK
6
CONTINUOUS
10
6.4211627165354326
20
-5.199336692913386
11
6.4169325196850391
21
-5.199336692913386
0
LINE
8
BLACK
6
CONTINUOUS
10
6.4169325196850391
20
-5.199336692913386
11
6.4146867716535434
21
-5.2004595275590546
0
LINE
8
BLACK
6
CONTINUOUS
10
6.4146867716535434
20
-5.2004595275590546
11
6.4135639370078739
21
-5.2027052755905512
0
LINE
8
BLACK
6
CONTINUOUS
10
6.4135639370078739
20
-5.2027052755905512
11
6.4135639370078739
21
-5.2226306692913385
0
LINE
8
BLACK
6
CONTINUOUS
10
6.4135639370078739
20
-5.2226306692913385
11
6.413507204724409
21
-5.2232067322834643
0
LINE
8
BLACK
6
CONTINUOUS
10
6.413507204724409
20
-5.2232067322834643
11
6.4130662992125984
21
-5.2242711417322836
0
LINE
8
BLACK
6
CONTINUOUS
10
6.4130662992125984
20
-5.2242711417322836
11
6.412251653543307
21
-5.225085787401575
0
LINE
8
BLACK
6
CONTINUOUS
10
6.412251653543307
20
-5.225085787401575
11
6.4111872440944877
21
-5.2255266929133857
0
LINE
8
BLACK
6
CONTINUOUS
10
6.4111872440944877
20
-5.2255266929133857
11
6.410035118110236
21
-5.2255266929133857
0
LINE
8
BLACK
6
CONTINUOUS
10
6.410035118110236
20
-5.2255266929133857
11
6.4089707086614176
21
-5.225085787401575
0
LINE
8
BLACK
6
CONTINUOUS
10
6.4089707086614176
20
-5.225085787401575
11
6.4081560629921261
21
-5.2242711417322836
0
LINE
8
BLACK
6
CONTINUOUS
10
6.4081560629921261
20
-5.2242711417322836
11
6.4077151574803146
21
-5.2232067322834643
0
LINE
8
BLACK
6
CONTINUOUS
10
6.4077151574803146
20
-5.2232067322834643
11
6.4076584251968498
21
-5.2226306692913385
0
LINE
8
BLACK
6
CONTINUOUS
10
6.4076584251968498
20
-5.2226306692913385
11
6.4076584251968498
21
-5.2027052755905512
0
LINE
8
BLACK
6
CONTINUOUS
10
6.4076584251968498
20
-5.2027052755905512
11
6.4065355511811024
21
-5.2004595275590546
0
LINE
8
BLACK
6
CONTINUOUS
10
6.4065355511811024
20
-5.2004595275590546
11
6.4042898425196846
21
-5.199336692913386
0
LINE
8
BLACK
6
CONTINUOUS
10
6.4042898425196846
20
-5.199336692913386
11
6.4000596456692911
21
-5.199336692913386
0
LINE
8
BLACK
6
CONTINUOUS
10
6.4000596456692911
20
-5.199336692913386
11
6.3973621653543304
21
-5.2006854330708663
0
LINE
8
BLACK
6
CONTINUOUS
10
6.3973621653543304
20
-5.2006854330708663
11
6.3966910629921259
21
-5.2013565354330709
0
LINE
8
BLACK
6
CONTINUOUS
10
6.3966910629921259
20
-5.2013565354330709
11
6.3966910629921259
21
-5.2226306692913385
0
LINE
8
BLACK
6
CONTINUOUS
10
6.3966910629921259
20
-5.2226306692913385
11
6.3966343307086611
21
-5.2232067322834643
0
LINE
8
BLACK
6
CONTINUOUS
10
6.3966343307086611
20
-5.2232067322834643
11
6.3961934251968504
21
-5.2242711417322836
0
LINE
8
BLACK
6
CONTINUOUS
10
6.3961934251968504
20
-5.2242711417322836
11
6.395378779527559
21
-5.225085787401575
0
LINE
8
BLACK
6
CONTINUOUS
10
6.395378779527559
20
-5.225085787401575
11
6.3943143700787397
21
-5.2255266929133857
0
LINE
8
BLACK
6
CONTINUOUS
10
6.3943143700787397
20
-5.2255266929133857
11
6.393162244094488
21
-5.2255266929133857
0
LINE
8
BLACK
6
CONTINUOUS
10
6.393162244094488
20
-5.2255266929133857
11
6.3920978346456687
21
-5.225085787401575
0
LINE
8
BLACK
6
CONTINUOUS
10
6.3920978346456687
20
-5.225085787401575
11
6.3912831889763781
21
-5.2242711417322836
0
LINE
8
BLACK
6
CONTINUOUS
10
6.3912831889763781
20
-5.2242711417322836
11
6.3908422834645666
21
-5.2232067322834643
0
LINE
8
BLACK
6
CONTINUOUS
10
6.3908422834645666
20
-5.2232067322834643
11
6.3907855511811018
21
-5.2226306692913385
0
LINE
8
BLACK
6
CONTINUOUS
10
6.3907855511811018
20
-5.2226306692913385
11
6.3907855511811018
21
-5.1963839370078739
0
LINE
8
BLACK
6
CONTINUOUS
10
6.3907855511811018
20
-5.1963839370078739
11
6.3908422834645666
21
-5.1958078740157481
0
LINE
8
BLACK
6
CONTINUOUS
10
6.3908422834645666
20
-5.1958078740157481
11
6.3912831889763781
21
-5.1947434645669288
0
LINE
8
BLACK
6
CONTINUOUS
10
6.3912831889763781
20
-5.1947434645669288
11
6.3920978346456687
21
-5.1939288188976374
0
LINE
8
BLACK
6
CONTINUOUS
10
6.3920978346456687
20
-5.1939288188976374
11
6.393162244094488
21
-5.1934879133858267
0
LINE
8
BLACK
6
CONTINUOUS
10
6.393162244094488
20
-5.1934879133858267
11
6.3943143700787397
21
-5.1934879133858267
0
LINE
8
BLACK
6
CONTINUOUS
10
6.3943143700787397
20
-5.1934879133858267
11
6.395378779527559
21
-5.1939288188976374
0
LINE
8
BLACK
6
CONTINUOUS
10
6.395378779527559
20
-5.1939288188976374
11
6.3961425984251967
21
-5.1946926377952751
0
LINE
8
BLACK
6
CONTINUOUS
10
6.3961425984251967
20
-5.1946926377952751
11
6.398042086614173
21
-5.1937429133858268
0
LINE
8
BLACK
6
CONTINUOUS
10
6.398042086614173
20
-5.1937429133858268
11
6.3985826771653542
21
-5.1935360236220474
0
LINE
8
BLACK
6
CONTINUOUS
10
6.3985826771653542
20
-5.1935360236220474
11
6.3986885433070864
21
-5.1935284645669286
0
LINE
8
BLACK
6
CONTINUOUS
10
6.3986885433070864
20
-5.1935284645669286
11
6.3987865354330706
21
-5.1934879133858267
0
LINE
8
BLACK
6
CONTINUOUS
10
6.3987865354330706
20
-5.1934879133858267
11
6.3993625984251965
21
-5.1934311811023619
0
LINE
8
BLACK
6
CONTINUOUS
10
6.3993625984251965
20
-5.1934311811023619
11
6.4049868897637792
21
-5.1934311811023619
0
LINE
8
BLACK
6
CONTINUOUS
10
6.4049868897637792
20
-5.1934311811023619
11
6.405562952755905
21
-5.1934879133858267
0
LINE
8
BLACK
6
CONTINUOUS
10
6.4580563779527553
20
-5.1934879133858267
11
6.4581543700787396
21
-5.1935285039370074
0
LINE
8
BLACK
6
CONTINUOUS
10
6.4581543700787396
20
-5.1935285039370074
11
6.4582601968503939
21
-5.1935360236220474
0
LINE
8
BLACK
6
CONTINUOUS
10
6.4582601968503939
20
-5.1935360236220474
11
6.458800826771653
21
-5.1937429133858268
0
LINE
8
BLACK
6
CONTINUOUS
10
6.458800826771653
20
-5.1937429133858268
11
6.4625503543307081
21
-5.1956176771653544
0
LINE
8
BLACK
6
CONTINUOUS
10
6.4625503543307081
20
-5.1956176771653544
11
6.4626466929133857
21
-5.1956783070866139
0
LINE
8
BLACK
6
CONTINUOUS
10
6.4626466929133857
20
-5.1956783070866139
11
6.462692125984252
21
-5.1956934645669293
0
LINE
8
BLACK
6
CONTINUOUS
10
6.462692125984252
20
-5.1956934645669293
11
6.4627486614173231
21
-5.1957424803149603
0
LINE
8
BLACK
6
CONTINUOUS
10
6.4627486614173231
20
-5.1957424803149603
11
6.463040236220472
21
-5.1959260236220475
0
LINE
8
BLACK
6
CONTINUOUS
10
6.463040236220472
20
-5.1959260236220475
11
6.4631046062992121
21
-5.1960002362204722
0
LINE
8
BLACK
6
CONTINUOUS
10
6.4631046062992121
20
-5.1960002362204722
11
6.4631689763779523
21
-5.1959260236220475
0
LINE
8
BLACK
6
CONTINUOUS
10
6.4631689763779523
20
-5.1959260236220475
11
6.4634605118110233
21
-5.1957424803149603
0
LINE
8
BLACK
6
CONTINUOUS
10
6.4634605118110233
20
-5.1957424803149603
11
6.4635170866141731
21
-5.1956934645669293
0
LINE
8
BLACK
6
CONTINUOUS
10
6.4635170866141731
20
-5.1956934645669293
11
6.4635624803149607
21
-5.1956783070866139
0
LINE
8
BLACK
6
CONTINUOUS
10
6.4635624803149607
20
-5.1956783070866139
11
6.4636588582677161
21
-5.1956176771653544
0
LINE
8
BLACK
6
CONTINUOUS
10
6.4636588582677161
20
-5.1956176771653544
11
6.4674083858267712
21
-5.1937429133858268
0
LINE
8
BLACK
6
CONTINUOUS
10
6.4674083858267712
20
-5.1937429133858268
11
6.4679489763779525
21
-5.1935360236220474
0
LINE
8
BLACK
6
CONTINUOUS
10
6.4679489763779525
20
-5.1935360236220474
11
6.4680548425196847
21
-5.1935284645669286
0
LINE
8
BLACK
6
CONTINUOUS
10
6.4680548425196847
20
-5.1935284645669286
11
6.4681528346456689
21
-5.1934879133858267
0
LINE
8
BLACK
6
CONTINUOUS
10
6.4681528346456689
20
-5.1934879133858267
11
6.4687288976377948
21
-5.1934311811023619
0
LINE
8
BLACK
6
CONTINUOUS
10
6.4687288976377948
20
-5.1934311811023619
11
6.4743531889763775
21
-5.1934311811023619
0
LINE
8
BLACK
6
CONTINUOUS
10
6.4743531889763775
20
-5.1934311811023619
11
6.4749292519685042
21
-5.1934879133858267
0
LINE
8
BLACK
6
CONTINUOUS
10
6.4749292519685042
20
-5.1934879133858267
11
6.4750272440944876
21
-5.1935285039370074
0
LINE
8
BLACK
6
CONTINUOUS
10
6.4750272440944876
20
-5.1935285039370074
11
6.4751330708661419
21
-5.1935360236220474
0
LINE
8
BLACK
6
CONTINUOUS
10
6.4751330708661419
20
-5.1935360236220474
11
6.475673700787401
21
-5.1937429133858268
0
LINE
8
BLACK
6
CONTINUOUS
10
6.475673700787401
20
-5.1937429133858268
11
6.4794232677165349
21
-5.1956176771653544
0
LINE
8
BLACK
6
CONTINUOUS
10
6.4794232677165349
20
-5.1956176771653544
11
6.4795195669291337
21
-5.1956783070866139
0
LINE
8
BLACK
6
CONTINUOUS
10
6.4795195669291337
20
-5.1956783070866139
11
6.4795650393700788
21
-5.1956934645669293
0
LINE
8
BLACK
6
CONTINUOUS
10
6.4795650393700788
20
-5.1956934645669293
11
6.4796216141732286
21
-5.1957425196850391
0
LINE
8
BLACK
6
CONTINUOUS
10
6.4796216141732286
20
-5.1957425196850391
11
6.47991311023622
21
-5.1959260236220475
0
LINE
8
BLACK
6
CONTINUOUS
10
6.47991311023622
20
-5.1959260236220475
11
6.4801555905511812
21
-5.19620562992126
0
LINE
8
BLACK
6
CONTINUOUS
10
6.4801555905511812
20
-5.19620562992126
11
6.4804354330708662
21
-5.1964483070866141
0
LINE
8
BLACK
6
CONTINUOUS
10
6.4804354330708662
20
-5.1964483070866141
11
6.4806189370078737
21
-5.1967398425196851
0
LINE
8
BLACK
6
CONTINUOUS
10
6.4806189370078737
20
-5.1967398425196851
11
6.4806679921259844
21
-5.1967964173228349
0
LINE
8
BLACK
6
CONTINUOUS
10
6.4806679921259844
20
-5.1967964173228349
11
6.4806831102362201
21
-5.1968418110236216
0
LINE
8
BLACK
6
CONTINUOUS
10
6.4806831102362201
20
-5.1968418110236216
11
6.4807437795275593
21
-5.1969381889763779
0
LINE
8
BLACK
6
CONTINUOUS
10
6.4807437795275593
20
-5.1969381889763779
11
6.4826185433070869
21
-5.200687716535433
0
LINE
8
BLACK
6
CONTINUOUS
10
6.4826185433070869
20
-5.200687716535433
11
6.4828254330708663
21
-5.2012283070866143
0
LINE
8
BLACK
6
CONTINUOUS
10
6.4828254330708663
20
-5.2012283070866143
11
6.4828329527559054
21
-5.2013341732283465
0
LINE
8
BLACK
6
CONTINUOUS
10
6.4828329527559054
20
-5.2013341732283465
11
6.4828735433070861
21
-5.2014321653543307
0
LINE
8
BLACK
6
CONTINUOUS
10
6.4828735433070861
20
-5.2014321653543307
11
6.4829302755905509
21
-5.2020082283464566
0
LINE
8
BLACK
6
CONTINUOUS
10
6.4829302755905509
20
-5.2020082283464566
11
6.4829302755905509
21
-5.2226306692913385
0
LINE
8
BLACK
6
CONTINUOUS
10
6.4829302755905509
20
-5.2226306692913385
11
6.4828735433070861
21
-5.2232067322834643
0
LINE
8
BLACK
6
CONTINUOUS
10
6.4828735433070861
20
-5.2232067322834643
11
6.4824326377952755
21
-5.2242711417322836
0
LINE
8
BLACK
6
CONTINUOUS
10
6.4824326377952755
20
-5.2242711417322836
11
6.481617992125984
21
-5.225085787401575
0
LINE
8
BLACK
6
CONTINUOUS
10
6.481617992125984
20
-5.225085787401575
11
6.4805535826771656
21
-5.2255266929133857
0
LINE
8
BLACK
6
CONTINUOUS
10
6.4805535826771656
20
-5.2255266929133857
11
6.479401456692913
21
-5.2255266929133857
0
LINE
8
BLACK
6
CONTINUOUS
10
6.479401456692913
20
-5.2255266929133857
11
6.4783370472440946
21
-5.225085787401575
0
LINE
8
BLACK
6
CONTINUOUS
10
6.4783370472440946
20
-5.225085787401575
11
6.4775224015748032
21
-5.2242711417322836
0
LINE
8
BLACK
6
CONTINUOUS
10
6.4775224015748032
20
-5.2242711417322836
11
6.4770814960629917
21
-5.2232067322834643
0
LINE
8
BLACK
6
CONTINUOUS
10
6.4770814960629917
20
-5.2232067322834643
11
6.4770247637795277
21
-5.2226306692913385
0
LINE
8
BLACK
6
CONTINUOUS
10
6.4770247637795277
20
-5.2226306692913385
11
6.4770247637795277
21
-5.2027052755905512
0
LINE
8
BLACK
6
CONTINUOUS
10
6.4770247637795277
20
-5.2027052755905512
11
6.4759018897637795
21
-5.2004595275590546
0
LINE
8
BLACK
6
CONTINUOUS
10
6.4759018897637795
20
-5.2004595275590546
11
6.4736561417322829
21
-5.199336692913386
0
LINE
8
BLACK
6
CONTINUOUS
10
6.4736561417322829
20
-5.199336692913386
11
6.4694259448818894
21
-5.199336692913386
0
LINE
8
BLACK
6
CONTINUOUS
10
6.4694259448818894
20
-5.199336692913386
11
6.4671801968503937
21
-5.2004595275590546
0
LINE
8
BLACK
6
CONTINUOUS
10
6.4671801968503937
20
-5.2004595275590546
11
6.4660573622047242
21
-5.2027052755905512
0
LINE
8
BLACK
6
CONTINUOUS
10
6.4660573622047242
20
-5.2027052755905512
11
6.4660573622047242
21
-5.2226306692913385
0
LINE
8
BLACK
6
CONTINUOUS
10
6.4660573622047242
20
-5.2226306692913385
11
6.4660006299212593
21
-5.2232067322834643
0
LINE
8
BLACK
6
CONTINUOUS
10
6.4660006299212593
20
-5.2232067322834643
11
6.4655597244094487
21
-5.2242711417322836
0
LINE
8
BLACK
6
CONTINUOUS
10
6.4655597244094487
20
-5.2242711417322836
11
6.4647450787401572
21
-5.225085787401575
0
LINE
8
BLACK
6
CONTINUOUS
10
6.4647450787401572
20
-5.225085787401575
11
6.463680669291338
21
-5.2255266929133857
0
LINE
8
BLACK
6
CONTINUOUS
10
6.463680669291338
20
-5.2255266929133857
11
6.4625285433070863
21
-5.2255266929133857
0
LINE
8
BLACK
6
CONTINUOUS
10
6.4625285433070863
20
-5.2255266929133857
11
6.4614641338582679
21
-5.225085787401575
0
LINE
8
BLACK
6
CONTINUOUS
10
6.4614641338582679
20
-5.225085787401575
11
6.4606494881889764
21
-5.2242711417322836
0
LINE
8
BLACK
6
CONTINUOUS
10
6.4606494881889764
20
-5.2242711417322836
11
6.4602085826771649
21
-5.2232067322834643
0
LINE
8
BLACK
6
CONTINUOUS
10
6.4602085826771649
20
-5.2232067322834643
11
6.460151850393701
21
-5.2226306692913385
0
LINE
8
BLACK
6
CONTINUOUS
10
6.460151850393701
20
-5.2226306692913385
11
6.460151850393701
21
-5.2027052755905512
0
LINE
8
BLACK
6
CONTINUOUS
10
6.460151850393701
20
-5.2027052755905512
11
6.4590289763779527
21
-5.2004595275590546
0
LINE
8
BLACK
6
CONTINUOUS
10
6.4590289763779527
20
-5.2004595275590546
11
6.4567832677165349
21
-5.199336692913386
0
LINE
8
BLACK
6
CONTINUOUS
10
6.4567832677165349
20
-5.199336692913386
11
6.4525530708661414
21
-5.199336692913386
0
LINE
8
BLACK
6
CONTINUOUS
10
6.4525530708661414
20
-5.199336692913386
11
6.4498555905511807
21
-5.2006854330708663
0
LINE
8
BLACK
6
CONTINUOUS
10
6.4498555905511807
20
-5.2006854330708663
11
6.4491844881889762
21
-5.2013565354330709
0
LINE
8
BLACK
6
CONTINUOUS
10
6.4491844881889762
20
-5.2013565354330709
11
6.4491844881889762
21
-5.2226306692913385
0
LINE
8
BLACK
6
CONTINUOUS
10
6.4491844881889762
20
-5.2226306692913385
11
6.4491277559055113
21
-5.2232067322834643
0
LINE
8
BLACK
6
CONTINUOUS
10
6.4491277559055113
20
-5.2232067322834643
11
6.4486868503937007
21
-5.2242711417322836
0
LINE
8
BLACK
6
CONTINUOUS
10
6.4486868503937007
20
-5.2242711417322836
11
6.4478722047244093
21
-5.225085787401575
0
LINE
8
BLACK
6
CONTINUOUS
10
6.4478722047244093
20
-5.225085787401575
11
6.44680779527559
21
-5.2255266929133857
0
LINE
8
BLACK
6
CONTINUOUS
10
6.44680779527559
20
-5.2255266929133857
11
6.4456556692913383
21
-5.2255266929133857
0
LINE
8
BLACK
6
CONTINUOUS
10
6.4456556692913383
20
-5.2255266929133857
11
6.4445912598425199
21
-5.225085787401575
0
LINE
8
BLACK
6
CONTINUOUS
10
6.4445912598425199
20
-5.225085787401575
11
6.4437766141732284
21
-5.2242711417322836
0
LINE
8
BLACK
6
CONTINUOUS
10
6.4437766141732284
20
-5.2242711417322836
11
6.4433357086614169
21
-5.2232067322834643
0
LINE
8
BLACK
6
CONTINUOUS
10
6.4433357086614169
20
-5.2232067322834643
11
6.443278976377953
21
-5.2226306692913385
0
LINE
8
BLACK
6
CONTINUOUS
10
6.443278976377953
20
-5.2226306692913385
11
6.443278976377953
21
-5.1963839370078739
0
LINE
8
BLACK
6
CONTINUOUS
10
6.443278976377953
20
-5.1963839370078739
11
6.4433357086614169
21
-5.1958078740157481
0
LINE
8
BLACK
6
CONTINUOUS
10
6.4433357086614169
20
-5.1958078740157481
11
6.4437766141732284
21
-5.1947434645669288
0
LINE
8
BLACK
6
CONTINUOUS
10
6.4437766141732284
20
-5.1947434645669288
11
6.4445912598425199
21
-5.1939288188976374
0
LINE
8
BLACK
6
CONTINUOUS
10
6.4445912598425199
20
-5.1939288188976374
11
6.4456556692913383
21
-5.1934879133858267
0
LINE
8
BLACK
6
CONTINUOUS
10
6.4456556692913383
20
-5.1934879133858267
11
6.44680779527559
21
-5.1934879133858267
0
LINE
8
BLACK
6
CONTINUOUS
10
6.44680779527559
20
-5.1934879133858267
11
6.4478722047244093
21
-5.1939288188976374
0
LINE
8
BLACK
6
CONTINUOUS
10
6.4478722047244093
20
-5.1939288188976374
11
6.448636023622047
21
-5.1946926377952751
0
LINE
8
BLACK
6
CONTINUOUS
10
6.448636023622047
20
-5.1946926377952751
11
6.4505355118110232
21
-5.1937429133858268
0
LINE
8
BLACK
6
CONTINUOUS
10
6.4505355118110232
20
-5.1937429133858268
11
6.4510761023622045
21
-5.1935360236220474
0
LINE
8
BLACK
6
CONTINUOUS
10
6.4510761023622045
20
-5.1935360236220474
11
6.4511819685039367
21
-5.1935284645669286
0
LINE
8
BLACK
6
CONTINUOUS
10
6.4511819685039367
20
-5.1935284645669286
11
6.4512799606299209
21
-5.1934879133858267
0
LINE
8
BLACK
6
CONTINUOUS
10
6.4512799606299209
20
-5.1934879133858267
11
6.4518560236220468
21
-5.1934311811023619
0
LINE
8
BLACK
6
CONTINUOUS
10
6.4518560236220468
20
-5.1934311811023619
11
6.4574803149606295
21
-5.1934311811023619
0
LINE
8
BLACK
6
CONTINUOUS
10
6.4574803149606295
20
-5.1934311811023619
11
6.4580563779527553
21
-5.1934879133858267
0
LINE
8
BLACK
6
CONTINUOUS
10
7.4884640551181096
20
-3.9090906692913383
11
7.4889967322834643
21
-3.909623346456693
0
LINE
8
BLACK
6
CONTINUOUS
10
7.4889967322834643
20
-3.909623346456693
11
7.4889967322834643
21
-3.9103766535433069
0
LINE
8
BLACK
6
CONTINUOUS
10
7.4889967322834643
20
-3.9103766535433069
11
7.4884640551181096
21
-3.9109093307086615
0
LINE
8
BLACK
6
CONTINUOUS
10
7.4884640551181096
20
-3.9109093307086615
11
7.4880874015748029
21
-3.9109842519685039
0
LINE
8
BLACK
6
CONTINUOUS
10
7.4880874015748029
20
-3.9109842519685039
11
7.4666220078740153
21
-3.9109842519685039
0
LINE
8
BLACK
6
CONTINUOUS
10
7.4666220078740153
20
-3.9109842519685039
11
7.4889604724409446
21
-3.953896062992126
0
LINE
8
BLACK
6
CONTINUOUS
10
7.4889604724409446
20
-3.953896062992126
11
7.4890679527559056
21
-3.9542647637795274
0
LINE
8
BLACK
6
CONTINUOUS
10
7.4890679527559056
20
-3.9542647637795274
11
7.4888414173228348
21
-3.954983188976378
0
LINE
8
BLACK
6
CONTINUOUS
10
7.4888414173228348
20
-3.954983188976378
11
7.4881732283464562
21
-3.9553310629921259
0
LINE
8
BLACK
6
CONTINUOUS
10
7.4881732283464562
20
-3.9553310629921259
11
7.4874547637795272
21
-3.9551045275590551
0
LINE
8
BLACK
6
CONTINUOUS
10
7.4874547637795272
20
-3.9551045275590551
11
7.4872144094488187
21
-3.9548049999999999
0
LINE
8
BLACK
6
CONTINUOUS
10
7.4872144094488187
20
-3.9548049999999999
11
7.4659842519685036
21
-3.914022283464567
0
LINE
8
BLACK
6
CONTINUOUS
10
7.4659842519685036
20
-3.914022283464567
11
7.4659842519685036
21
-5.0859776771653546
0
LINE
8
BLACK
6
CONTINUOUS
10
7.4659842519685036
20
-5.0859776771653546
11
7.4872144094488187
21
-5.0451949999999997
0
LINE
8
BLACK
6
CONTINUOUS
10
7.4872144094488187
20
-5.0451949999999997
11
7.4874547637795272
21
-5.0448954724409445
0
LINE
8
BLACK
6
CONTINUOUS
10
7.4874547637795272
20
-5.0448954724409445
11
7.4881732283464562
21
-5.0446689370078737
0
LINE
8
BLACK
6
CONTINUOUS
10
7.4881732283464562
20
-5.0446689370078737
11
7.4888414173228348
21
-5.045016811023622
0
LINE
8
BLACK
6
CONTINUOUS
10
7.4888414173228348
20
-5.045016811023622
11
7.4890679527559056
21
-5.0457352362204722
0
LINE
8
BLACK
6
CONTINUOUS
10
7.4890679527559056
20
-5.0457352362204722
11
7.4889604724409446
21
-5.0461039370078735
0
LINE
8
BLACK
6
CONTINUOUS
10
7.4889604724409446
20
-5.0461039370078735
11
7.4666220078740153
21
-5.0890157480314961
0
LINE
8
BLACK
6
CONTINUOUS
10
7.4666220078740153
20
-5.0890157480314961
11
7.4880874015748029
21
-5.0890157480314961
0
LINE
8
BLACK
6
CONTINUOUS
10
7.4880874015748029
20
-5.0890157480314961
11
7.4884640551181096
21
-5.0890906692913385
0
LINE
8
BLACK
6
CONTINUOUS
10
7.4884640551181096
20
-5.0890906692913385
11
7.4889967322834643
21
-5.0896233464566931
0
LINE
8
BLACK
6
CONTINUOUS
10
7.4889967322834643
20
-5.0896233464566931
11
7.4889967322834643
21
-5.0903766535433066
0
LINE
8
BLACK
6
CONTINUOUS
10
7.4889967322834643
20
-5.0903766535433066
11
7.4884640551181096
21
-5.0909093307086613
0
LINE
8
BLACK
6
CONTINUOUS
10
7.4884640551181096
20
-5.0909093307086613
11
7.4880874015748029
21
-5.0909842519685036
0
LINE
8
BLACK
6
CONTINUOUS
10
7.4880874015748029
20
-5.0909842519685036
11
7.3096850393700787
21
-5.0909842519685036
0
LINE
8
BLACK
6
CONTINUOUS
10
7.3096850393700787
20
-5.0909842519685036
11
7.3093083858267711
21
-5.0909093307086613
0
LINE
8
BLACK
6
CONTINUOUS
10
7.3093083858267711
20
-5.0909093307086613
11
7.3087757086614173
21
-5.0903766535433066
0
LINE
8
BLACK
6
CONTINUOUS
10
7.3087757086614173
20
-5.0903766535433066
11
7.3087757086614173
21
-5.0896233464566931
0
LINE
8
BLACK
6
CONTINUOUS
10
7.3087757086614173
20
-5.0896233464566931
11
7.3093083858267711
21
-5.0890906692913385
0
LINE
8
BLACK
6
CONTINUOUS
10
7.3093083858267711
20
-5.0890906692913385
11
7.3096850393700787
21
-5.0890157480314961
0
LINE
8
BLACK
6
CONTINUOUS
10
7.3096850393700787
20
-5.0890157480314961
11
7.4633780314960632
21
-5.0890157480314961
0
LINE
8
BLACK
6
CONTINUOUS
10
7.4633780314960632
20
-5.0890157480314961
11
7.4410395275590551
21
-5.0461039370078735
0
LINE
8
BLACK
6
CONTINUOUS
10
7.4410395275590551
20
-5.0461039370078735
11
7.4409320472440941
21
-5.0457352362204722
0
LINE
8
BLACK
6
CONTINUOUS
10
7.4409320472440941
20
-5.0457352362204722
11
7.4411585826771649
21
-5.0450167716535432
0
LINE
8
BLACK
6
CONTINUOUS
10
7.4411585826771649
20
-5.0450167716535432
11
7.4418267716535436
21
-5.0446689370078737
0
LINE
8
BLACK
6
CONTINUOUS
10
7.4418267716535436
20
-5.0446689370078737
11
7.4425452362204725
21
-5.0448954724409445
0
LINE
8
BLACK
6
CONTINUOUS
10
7.4425452362204725
20
-5.0448954724409445
11
7.4427855905511811
21
-5.0451949606299209
0
LINE
8
BLACK
6
CONTINUOUS
10
7.4427855905511811
20
-5.0451949606299209
11
7.4640157480314961
21
-5.0859776771653546
0
LINE
8
BLACK
6
CONTINUOUS
10
7.4640157480314961
20
-5.0859776771653546
11
7.4640157480314961
21
-3.914022283464567
0
LINE
8
BLACK
6
CONTINUOUS
10
7.4640157480314961
20
-3.914022283464567
11
7.4427855905511811
21
-3.9548050393700787
0
LINE
8
BLACK
6
CONTINUOUS
10
7.4427855905511811
20
-3.9548050393700787
11
7.4425452362204725
21
-3.9551045275590551
0
LINE
8
BLACK
6
CONTINUOUS
10
7.4425452362204725
20
-3.9551045275590551
11
7.4418267716535436
21
-3.9553310629921259
0
LINE
8
BLACK
6
CONTINUOUS
10
7.4418267716535436
20
-3.9553310629921259
11
7.4411585826771649
21
-3.9549832283464568
0
LINE
8
BLACK
6
CONTINUOUS
10
7.4411585826771649
20
-3.9549832283464568
11
7.4409320472440941
21
-3.9542647637795274
0
LINE
8
BLACK
6
CONTINUOUS
10
7.4409320472440941
20
-3.9542647637795274
11
7.4410395275590551
21
-3.953896062992126
0
LINE
8
BLACK
6
CONTINUOUS
10
7.4410395275590551
20
-3.953896062992126
11
7.4633780314960632
21
-3.9109842519685039
0
LINE
8
BLACK
6
CONTINUOUS
10
7.4633780314960632
20
-3.9109842519685039
11
7.3096850393700787
21
-3.9109842519685039
0
LINE
8
BLACK
6
CONTINUOUS
10
7.3096850393700787
20
-3.9109842519685039
11
7.3093083858267711
21
-3.9109093307086615
0
LINE
8
BLACK
6
CONTINUOUS
10
7.3093083858267711
20
-3.9109093307086615
11
7.3087757086614173
21
-3.9103766535433069
0
LINE
8
BLACK
6
CONTINUOUS
10
7.3087757086614173
20
-3.9103766535433069
11
7.3087757086614173
21
-3.909623346456693
0
LINE
8
BLACK
6
CONTINUOUS
10
7.3087757086614173
20
-3.909623346456693
11
7.3093083858267711
21
-3.9090906692913383
0
LINE
8
BLACK
6
CONTINUOUS
10
7.3093083858267711
20
-3.9090906692913383
11
7.3096850393700787
21
-3.909015748031496
0
LINE
8
BLACK
6
CONTINUOUS
10
7.3096850393700787
20
-3.909015748031496
11
7.4880874015748029
21
-3.909015748031496
0
LINE
8
BLACK
6
CONTINUOUS
10
7.4880874015748029
20
-3.909015748031496
11
7.4884640551181096
21
-3.9090906692913383
0
LINE
8
BLACK
6
CONTINUOUS
10
7.4098007086614173
20
-4.6564309842519682
11
7.4098784645669289
21
-4.6564254724409446
0
LINE
8
BLACK
6
CONTINUOUS
10
7.4098784645669289
20
-4.6564254724409446
11
7.4099807086614176
21
-4.6564487007874016
0
LINE
8
BLACK
6
CONTINUOUS
10
7.4099807086614176
20
-4.6564487007874016
11
7.4100852362204721
21
-4.6564590157480312
0
LINE
8
BLACK
6
CONTINUOUS
10
7.4100852362204721
20
-4.6564590157480312
11
7.4101573228346451
21
-4.6564888582677169
0
LINE
8
BLACK
6
CONTINUOUS
10
7.4101573228346451
20
-4.6564888582677169
11
7.4104429133858263
21
-4.6565538188976374
0
LINE
8
BLACK
6
CONTINUOUS
10
7.4104429133858263
20
-4.6565538188976374
11
7.4160672047244089
21
-4.658428582677165
0
LINE
8
BLACK
6
CONTINUOUS
10
7.4160672047244089
20
-4.658428582677165
11
7.4165957480314955
21
-4.6586645669291338
0
LINE
8
BLACK
6
CONTINUOUS
10
7.4165957480314955
20
-4.6586645669291338
11
7.4166758661417322
21
-4.65873405511811
0
LINE
8
BLACK
6
CONTINUOUS
10
7.4166758661417322
20
-4.65873405511811
11
7.416773937007874
21
-4.6587746850393703
0
LINE
8
BLACK
6
CONTINUOUS
10
7.416773937007874
20
-4.6587746850393703
11
7.4172213779527558
21
-4.6591418897637791
0
LINE
8
BLACK
6
CONTINUOUS
10
7.4172213779527558
20
-4.6591418897637791
11
7.4346779133858263
21
-4.6765983858267717
0
LINE
8
BLACK
6
CONTINUOUS
10
7.4346779133858263
20
-4.6765983858267717
11
7.4346779133858263
21
-4.6593550393700784
0
LINE
8
BLACK
6
CONTINUOUS
10
7.4346779133858263
20
-4.6593550393700784
11
7.4347346456692911
21
-4.6587789763779526
0
LINE
8
BLACK
6
CONTINUOUS
10
7.4347346456692911
20
-4.6587789763779526
11
7.4351755511811026
21
-4.6577145669291333
0
LINE
8
BLACK
6
CONTINUOUS
10
7.4351755511811026
20
-4.6577145669291333
11
7.4359901968503932
21
-4.6568999212598428
0
LINE
8
BLACK
6
CONTINUOUS
10
7.4359901968503932
20
-4.6568999212598428
11
7.4370546062992124
21
-4.6564590157480312
0
LINE
8
BLACK
6
CONTINUOUS
10
7.4370546062992124
20
-4.6564590157480312
11
7.4382067322834642
21
-4.6564590157480312
0
LINE
8
BLACK
6
CONTINUOUS
10
7.4382067322834642
20
-4.6564590157480312
11
7.4392711417322834
21
-4.6568999212598428
0
LINE
8
BLACK
6
CONTINUOUS
10
7.4392711417322834
20
-4.6568999212598428
11
7.4400857874015749
21
-4.6577145669291333
0
LINE
8
BLACK
6
CONTINUOUS
10
7.4400857874015749
20
-4.6577145669291333
11
7.4405266929133855
21
-4.6587789763779526
0
LINE
8
BLACK
6
CONTINUOUS
10
7.4405266929133855
20
-4.6587789763779526
11
7.4405834251968503
21
-4.6593550393700784
0
LINE
8
BLACK
6
CONTINUOUS
10
7.4405834251968503
20
-4.6593550393700784
11
7.4405834251968503
21
-4.6837269685039367
0
LINE
8
BLACK
6
CONTINUOUS
10
7.4405834251968503
20
-4.6837269685039367
11
7.4405266929133855
21
-4.6843030314960625
0
LINE
8
BLACK
6
CONTINUOUS
10
7.4405266929133855
20
-4.6843030314960625
11
7.4403975590551177
21
-4.6846147637795275
0
LINE
8
BLACK
6
CONTINUOUS
10
7.4403975590551177
20
-4.6846147637795275
11
7.4400858267716536
21
-4.6853674409448818
0
LINE
8
BLACK
6
CONTINUOUS
10
7.4400858267716536
20
-4.6853674409448818
11
7.4392711417322834
21
-4.6861820866141732
0
LINE
8
BLACK
6
CONTINUOUS
10
7.4392711417322834
20
-4.6861820866141732
11
7.4382067322834642
21
-4.6866229921259839
0
LINE
8
BLACK
6
CONTINUOUS
10
7.4382067322834642
20
-4.6866229921259839
11
7.4370546456692912
21
-4.6866229921259839
0
LINE
8
BLACK
6
CONTINUOUS
10
7.4370546456692912
20
-4.6866229921259839
11
7.4370546062992124
21
-4.6866229921259839
0
LINE
8
BLACK
6
CONTINUOUS
10
7.4370546062992124
20
-4.6866229921259839
11
7.4367428346456688
21
-4.686493858267716
0
LINE
8
BLACK
6
CONTINUOUS
10
7.4367428346456688
20
-4.686493858267716
11
7.4359901968503932
21
-4.686182125984252
0
LINE
8
BLACK
6
CONTINUOUS
10
7.4359901968503932
20
-4.686182125984252
11
7.4355427559055114
21
-4.6858148818897636
0
LINE
8
BLACK
6
CONTINUOUS
10
7.4355427559055114
20
-4.6858148818897636
11
7.4135384251968501
21
-4.6638105905511811
0
LINE
8
BLACK
6
CONTINUOUS
10
7.4135384251968501
20
-4.6638105905511811
11
7.4090300393700783
21
-4.6623077952755905
0
LINE
8
BLACK
6
CONTINUOUS
10
7.4090300393700783
20
-4.6623077952755905
11
7.4064566929133857
21
-4.6623077952755905
0
LINE
8
BLACK
6
CONTINUOUS
10
7.4064566929133857
20
-4.6623077952755905
11
7.4037592125984251
21
-4.6636565354330708
0
LINE
8
BLACK
6
CONTINUOUS
10
7.4037592125984251
20
-4.6636565354330708
11
7.4025620866141733
21
-4.6648536614173226
0
LINE
8
BLACK
6
CONTINUOUS
10
7.4025620866141733
20
-4.6648536614173226
11
7.4012133464566929
21
-4.6675511417322832
0
LINE
8
BLACK
6
CONTINUOUS
10
7.4012133464566929
20
-4.6675511417322832
11
7.4012133464566929
21
-4.6755308661417319
0
LINE
8
BLACK
6
CONTINUOUS
10
7.4012133464566929
20
-4.6755308661417319
11
7.4025620866141733
21
-4.6782283464566925
0
LINE
8
BLACK
6
CONTINUOUS
10
7.4025620866141733
20
-4.6782283464566925
11
7.4040980314960629
21
-4.6797642913385822
0
LINE
8
BLACK
6
CONTINUOUS
10
7.4040980314960629
20
-4.6797642913385822
11
7.4044652362204726
21
-4.6802117322834649
0
LINE
8
BLACK
6
CONTINUOUS
10
7.4044652362204726
20
-4.6802117322834649
11
7.4049061417322832
21
-4.6812761417322832
0
LINE
8
BLACK
6
CONTINUOUS
10
7.4049061417322832
20
-4.6812761417322832
11
7.4049061417322832
21
-4.6824282283464562
0
LINE
8
BLACK
6
CONTINUOUS
10
7.4049061417322832
20
-4.6824282283464562
11
7.4044652362204726
21
-4.6834926377952755
0
LINE
8
BLACK
6
CONTINUOUS
10
7.4044652362204726
20
-4.6834926377952755
11
7.4036505511811024
21
-4.6843073228346457
0
LINE
8
BLACK
6
CONTINUOUS
10
7.4036505511811024
20
-4.6843073228346457
11
7.4025861417322831
21
-4.6847482283464563
0
LINE
8
BLACK
6
CONTINUOUS
10
7.4025861417322831
20
-4.6847482283464563
11
7.4014340551181101
21
-4.6847482283464563
0
LINE
8
BLACK
6
CONTINUOUS
10
7.4014340551181101
20
-4.6847482283464563
11
7.4003696456692909
21
-4.6843073228346457
0
LINE
8
BLACK
6
CONTINUOUS
10
7.4003696456692909
20
-4.6843073228346457
11
7.3999222047244091
21
-4.683940118110236
0
LINE
8
BLACK
6
CONTINUOUS
10
7.3999222047244091
20
-4.683940118110236
11
7.3980474409448815
21
-4.6820653543307085
0
LINE
8
BLACK
6
CONTINUOUS
10
7.3980474409448815
20
-4.6820653543307085
11
7.3978616535433073
21
-4.6818389763779527
0
LINE
8
BLACK
6
CONTINUOUS
10
7.3978616535433073
20
-4.6818389763779527
11
7.3978026771653544
21
-4.6817878346456689
0
LINE
8
BLACK
6
CONTINUOUS
10
7.3978026771653544
20
-4.6817878346456689
11
7.3977466929133859
21
-4.6816988582677164
0
LINE
8
BLACK
6
CONTINUOUS
10
7.3977466929133859
20
-4.6816988582677164
11
7.3976802362204719
21
-4.6816179133858267
0
LINE
8
BLACK
6
CONTINUOUS
10
7.3976802362204719
20
-4.6816179133858267
11
7.3976503937007871
21
-4.6815459448818899
0
LINE
8
BLACK
6
CONTINUOUS
10
7.3976503937007871
20
-4.6815459448818899
11
7.3974943307086614
21
-4.6812979527559051
0
LINE
8
BLACK
6
CONTINUOUS
10
7.3974943307086614
20
-4.6812979527559051
11
7.3956195669291338
21
-4.67754842519685
0
LINE
8
BLACK
6
CONTINUOUS
10
7.3956195669291338
20
-4.67754842519685
11
7.3954126771653543
21
-4.6770077952755909
0
LINE
8
BLACK
6
CONTINUOUS
10
7.3954126771653543
20
-4.6770077952755909
11
7.3954051574803144
21
-4.6769019685039366
0
LINE
8
BLACK
6
CONTINUOUS
10
7.3954051574803144
20
-4.6769019685039366
11
7.3953645669291337
21
-4.6768039763779523
0
LINE
8
BLACK
6
CONTINUOUS
10
7.3953645669291337
20
-4.6768039763779523
11
7.3953078346456689
21
-4.6762279133858264
0
LINE
8
BLACK
6
CONTINUOUS
10
7.3953078346456689
20
-4.6762279133858264
11
7.3953078346456689
21
-4.6668540944881887
0
LINE
8
BLACK
6
CONTINUOUS
10
7.3953078346456689
20
-4.6668540944881887
11
7.3953645669291337
21
-4.6662780314960628
0
LINE
8
BLACK
6
CONTINUOUS
10
7.3953645669291337
20
-4.6662780314960628
11
7.3954051574803144
21
-4.6661799999999998
0
LINE
8
BLACK
6
CONTINUOUS
10
7.3954051574803144
20
-4.6661799999999998
11
7.3954126771653543
21
-4.6660742125984251
0
LINE
8
BLACK
6
CONTINUOUS
10
7.3954126771653543
20
-4.6660742125984251
11
7.3956195669291338
21
-4.6655335826771651
0
LINE
8
BLACK
6
CONTINUOUS
10
7.3956195669291338
20
-4.6655335826771651
11
7.3974943307086614
21
-4.66178405511811
0
LINE
8
BLACK
6
CONTINUOUS
10
7.3974943307086614
20
-4.66178405511811
11
7.3976503937007871
21
-4.6615360236220473
0
LINE
8
BLACK
6
CONTINUOUS
10
7.3976503937007871
20
-4.6615360236220473
11
7.3976802362204719
21
-4.6614640944881884
0
LINE
8
BLACK
6
CONTINUOUS
10
7.3976802362204719
20
-4.6614640944881884
11
7.3977466929133859
21
-4.66138311023622
0
LINE
8
BLACK
6
CONTINUOUS
10
7.3977466929133859
20
-4.66138311023622
11
7.3978026771653544
21
-4.6612941732283462
0
LINE
8
BLACK
6
CONTINUOUS
10
7.3978026771653544
20
-4.6612941732283462
11
7.3978616535433073
21
-4.6612429921259846
0
LINE
8
BLACK
6
CONTINUOUS
10
7.3978616535433073
20
-4.6612429921259846
11
7.3980474409448815
21
-4.6610166535433066
0
LINE
8
BLACK
6
CONTINUOUS
10
7.3980474409448815
20
-4.6610166535433066
11
7.3999222047244091
21
-4.6591418897637791
0
LINE
8
BLACK
6
CONTINUOUS
10
7.3999222047244091
20
-4.6591418897637791
11
7.4001485433070862
21
-4.6589561023622048
0
LINE
8
BLACK
6
CONTINUOUS
10
7.4001485433070862
20
-4.6589561023622048
11
7.4001997244094486
21
-4.658897125984252
0
LINE
8
BLACK
6
CONTINUOUS
10
7.4001997244094486
20
-4.658897125984252
11
7.4002886614173224
21
-4.6588411417322835
0
LINE
8
BLACK
6
CONTINUOUS
10
7.4002886614173224
20
-4.6588411417322835
11
7.4003696456692909
21
-4.6587746850393703
0
LINE
8
BLACK
6
CONTINUOUS
10
7.4003696456692909
20
-4.6587746850393703
11
7.4004415748031498
21
-4.6587448425196847
0
LINE
8
BLACK
6
CONTINUOUS
10
7.4004415748031498
20
-4.6587448425196847
11
7.4006896062992125
21
-4.6585887795275589
0
LINE
8
BLACK
6
CONTINUOUS
10
7.4006896062992125
20
-4.6585887795275589
11
7.4044391338582676
21
-4.6567140157480313
0
LINE
8
BLACK
6
CONTINUOUS
10
7.4044391338582676
20
-4.6567140157480313
11
7.4049797244094488
21
-4.6565071259842519
0
LINE
8
BLACK
6
CONTINUOUS
10
7.4049797244094488
20
-4.6565071259842519
11
7.405085590551181
21
-4.656499566929134
0
LINE
8
BLACK
6
CONTINUOUS
10
7.405085590551181
20
-4.656499566929134
11
7.4051835826771653
21
-4.6564590157480312
0
LINE
8
BLACK
6
CONTINUOUS
10
7.4051835826771653
20
-4.6564590157480312
11
7.4057596456692911
21
-4.6564022834645664
0
LINE
8
BLACK
6
CONTINUOUS
10
7.4057596456692911
20
-4.6564022834645664
11
7.4095091732283462
21
-4.6564022834645664
0
LINE
8
BLACK
6
CONTINUOUS
10
7.4095091732283462
20
-4.6564022834645664
11
7.4098007086614173
21
-4.6564309842519682
0
LINE
8
BLACK
6
CONTINUOUS
10
7.4208582677165351
20
-4.6189168503937008
11
7.4209012992125984
21
-4.6189104724409447
0
LINE
8
BLACK
6
CONTINUOUS
10
7.4209012992125984
20
-4.6189104724409447
11
7.4211167716535433
21
-4.6189423228346458
0
LINE
8
BLACK
6
CONTINUOUS
10
7.4211167716535433
20
-4.6189423228346458
11
7.4213338188976374
21
-4.6189637007874014
0
LINE
8
BLACK
6
CONTINUOUS
10
7.4213338188976374
20
-4.6189637007874014
11
7.4213740157480315
21
-4.6189803149606297
0
LINE
8
BLACK
6
CONTINUOUS
10
7.4213740157480315
20
-4.6189803149606297
11
7.421473897637795
21
-4.6189951181102362
0
LINE
8
BLACK
6
CONTINUOUS
10
7.421473897637795
20
-4.6189951181102362
11
7.4289729527559052
21
-4.6208698818897638
0
LINE
8
BLACK
6
CONTINUOUS
10
7.4289729527559052
20
-4.6208698818897638
11
7.4293124015748031
21
-4.6209911417322838
0
LINE
8
BLACK
6
CONTINUOUS
10
7.4293124015748031
20
-4.6209911417322838
11
7.4293839370078736
21
-4.6210053149606294
0
LINE
8
BLACK
6
CONTINUOUS
10
7.4293839370078736
20
-4.6210053149606294
11
7.4294487795275588
21
-4.6210398818897636
0
LINE
8
BLACK
6
CONTINUOUS
10
7.4294487795275588
20
-4.6210398818897636
11
7.4295180708661412
21
-4.621064645669291
0
LINE
8
BLACK
6
CONTINUOUS
10
7.4295180708661412
20
-4.621064645669291
11
7.4295766535433065
21
-4.6211080708661418
0
LINE
8
BLACK
6
CONTINUOUS
10
7.4295766535433065
20
-4.6211080708661418
11
7.4298947244094489
21
-4.6212776377952753
0
LINE
8
BLACK
6
CONTINUOUS
10
7.4298947244094489
20
-4.6212776377952753
11
7.4355190157480315
21
-4.6250271653543304
0
LINE
8
BLACK
6
CONTINUOUS
10
7.4355190157480315
20
-4.6250271653543304
11
7.4355205905511808
21
-4.6250284645669293
0
LINE
8
BLACK
6
CONTINUOUS
10
7.4355205905511808
20
-4.6250284645669293
11
7.4355215354330708
21
-4.6250288582677168
0
LINE
8
BLACK
6
CONTINUOUS
10
7.4355215354330708
20
-4.6250288582677168
11
7.4357410629921254
21
-4.6252090157480312
0
LINE
8
BLACK
6
CONTINUOUS
10
7.4357410629921254
20
-4.6252090157480312
11
7.4359668503937009
21
-4.6253939370078738
0
LINE
8
BLACK
6
CONTINUOUS
10
7.4359668503937009
20
-4.6253939370078738
11
7.4359674015748034
21
-4.6253947637795276
0
LINE
8
BLACK
6
CONTINUOUS
10
7.4359674015748034
20
-4.6253947637795276
11
7.4359689763779526
21
-4.6253960629921256
0
LINE
8
BLACK
6
CONTINUOUS
10
7.4359689763779526
20
-4.6253960629921256
11
7.4378437795275589
21
-4.6272708267716531
0
LINE
8
BLACK
6
CONTINUOUS
10
7.4378437795275589
20
-4.6272708267716531
11
7.4380295275590553
21
-4.6274971653543302
0
LINE
8
BLACK
6
CONTINUOUS
10
7.4380295275590553
20
-4.6274971653543302
11
7.4380885826771648
21
-4.6275483858267714
0
LINE
8
BLACK
6
CONTINUOUS
10
7.4380885826771648
20
-4.6275483858267714
11
7.4381445669291333
21
-4.6276373228346452
0
LINE
8
BLACK
6
CONTINUOUS
10
7.4381445669291333
20
-4.6276373228346452
11
7.4382110236220473
21
-4.6277183070866137
0
LINE
8
BLACK
6
CONTINUOUS
10
7.4382110236220473
20
-4.6277183070866137
11
7.4382408267716533
21
-4.6277902362204726
0
LINE
8
BLACK
6
CONTINUOUS
10
7.4382408267716533
20
-4.6277902362204726
11
7.4383969291338579
21
-4.6280382677165353
0
LINE
8
BLACK
6
CONTINUOUS
10
7.4383969291338579
20
-4.6280382677165353
11
7.4402716929133854
21
-4.6317877952755904
0
LINE
8
BLACK
6
CONTINUOUS
10
7.4402716929133854
20
-4.6317877952755904
11
7.4404785826771649
21
-4.6323283858267716
0
LINE
8
BLACK
6
CONTINUOUS
10
7.4404785826771649
20
-4.6323283858267716
11
7.4404861023622049
21
-4.6324342519685038
0
LINE
8
BLACK
6
CONTINUOUS
10
7.4404861023622049
20
-4.6324342519685038
11
7.4405266929133855
21
-4.632532244094488
0
LINE
8
BLACK
6
CONTINUOUS
10
7.4405266929133855
20
-4.632532244094488
11
7.4405834251968503
21
-4.6331083070866139
0
LINE
8
BLACK
6
CONTINUOUS
10
7.4405834251968503
20
-4.6331083070866139
11
7.4405834251968503
21
-4.6406073622047241
0
LINE
8
BLACK
6
CONTINUOUS
10
7.4405834251968503
20
-4.6406073622047241
11
7.4405266929133855
21
-4.64118342519685
0
LINE
8
BLACK
6
CONTINUOUS
10
7.4405266929133855
20
-4.64118342519685
11
7.4400857874015749
21
-4.6422478346456693
0
LINE
8
BLACK
6
CONTINUOUS
10
7.4400857874015749
20
-4.6422478346456693
11
7.4392711417322834
21
-4.6430624803149607
0
LINE
8
BLACK
6
CONTINUOUS
10
7.4392711417322834
20
-4.6430624803149607
11
7.4382067322834642
21
-4.6435033858267714
0
LINE
8
BLACK
6
CONTINUOUS
10
7.4382067322834642
20
-4.6435033858267714
11
7.4370546062992124
21
-4.6435033858267714
0
LINE
8
BLACK
6
CONTINUOUS
10
7.4370546062992124
20
-4.6435033858267714
11
7.4359901968503932
21
-4.6430624803149607
0
LINE
8
BLACK
6
CONTINUOUS
10
7.4359901968503932
20
-4.6430624803149607
11
7.4351755511811026
21
-4.6422478346456693
0
LINE
8
BLACK
6
CONTINUOUS
10
7.4351755511811026
20
-4.6422478346456693
11
7.4347346456692911
21
-4.64118342519685
0
LINE
8
BLACK
6
CONTINUOUS
10
7.4347346456692911
20
-4.64118342519685
11
7.4346779133858263
21
-4.6406073622047241
0
LINE
8
BLACK
6
CONTINUOUS
10
7.4346779133858263
20
-4.6406073622047241
11
7.4346779133858263
21
-4.6338053543307085
0
LINE
8
BLACK
6
CONTINUOUS
10
7.4346779133858263
20
-4.6338053543307085
11
7.433329173228346
21
-4.6311078740157479
0
LINE
8
BLACK
6
CONTINUOUS
10
7.433329173228346
20
-4.6311078740157479
11
7.431999921259842
21
-4.6297786614173226
0
LINE
8
BLACK
6
CONTINUOUS
10
7.431999921259842
20
-4.6297786614173226
11
7.4270444488188971
21
-4.6264750393700789
0
LINE
8
BLACK
6
CONTINUOUS
10
7.4270444488188971
20
-4.6264750393700789
11
7.4241272834645669
21
-4.6257457480314956
0
LINE
8
BLACK
6
CONTINUOUS
10
7.4241272834645669
20
-4.6257457480314956
11
7.4252735433070862
21
-4.6280382677165353
0
LINE
8
BLACK
6
CONTINUOUS
10
7.4252735433070862
20
-4.6280382677165353
11
7.4254804330708657
21
-4.6285788582677165
0
LINE
8
BLACK
6
CONTINUOUS
10
7.4254804330708657
20
-4.6285788582677165
11
7.4254879527559057
21
-4.6286847244094487
0
LINE
8
BLACK
6
CONTINUOUS
10
7.4254879527559057
20
-4.6286847244094487
11
7.4255285433070863
21
-4.6287827165354329
0
LINE
8
BLACK
6
CONTINUOUS
10
7.4255285433070863
20
-4.6287827165354329
11
7.4255852755905511
21
-4.6293587795275588
0
LINE
8
BLACK
6
CONTINUOUS
10
7.4255852755905511
20
-4.6293587795275588
11
7.4255852755905511
21
-4.636857834645669
0
LINE
8
BLACK
6
CONTINUOUS
10
7.4255852755905511
20
-4.636857834645669
11
7.4255285433070863
21
-4.6374338976377949
0
LINE
8
BLACK
6
CONTINUOUS
10
7.4255285433070863
20
-4.6374338976377949
11
7.4254879527559057
21
-4.6375318503937004
0
LINE
8
BLACK
6
CONTINUOUS
10
7.4254879527559057
20
-4.6375318503937004
11
7.4254804330708657
21
-4.6376377559055113
0
LINE
8
BLACK
6
CONTINUOUS
10
7.4254804330708657
20
-4.6376377559055113
11
7.4252735433070862
21
-4.6381783464566926
0
LINE
8
BLACK
6
CONTINUOUS
10
7.4252735433070862
20
-4.6381783464566926
11
7.4233987795275587
21
-4.6419278740157477
0
LINE
8
BLACK
6
CONTINUOUS
10
7.4233987795275587
20
-4.6419278740157477
11
7.4232426771653541
21
-4.6421758661417325
0
LINE
8
BLACK
6
CONTINUOUS
10
7.4232426771653541
20
-4.6421758661417325
11
7.4232128740157481
21
-4.6422478346456693
0
LINE
8
BLACK
6
CONTINUOUS
10
7.4232128740157481
20
-4.6422478346456693
11
7.4231463779527553
21
-4.642328779527559
0
LINE
8
BLACK
6
CONTINUOUS
10
7.4231463779527553
20
-4.642328779527559
11
7.4230904330708656
21
-4.6424177559055115
0
LINE
8
BLACK
6
CONTINUOUS
10
7.4230904330708656
20
-4.6424177559055115
11
7.4230314173228349
21
-4.6424688976377952
0
LINE
8
BLACK
6
CONTINUOUS
10
7.4230314173228349
20
-4.6424688976377952
11
7.4228456692913385
21
-4.6426952755905511
0
LINE
8
BLACK
6
CONTINUOUS
10
7.4228456692913385
20
-4.6426952755905511
11
7.4209709055118109
21
-4.6445700393700786
0
LINE
8
BLACK
6
CONTINUOUS
10
7.4209709055118109
20
-4.6445700393700786
11
7.4207445275590551
21
-4.644755787401575
0
LINE
8
BLACK
6
CONTINUOUS
10
7.4207445275590551
20
-4.644755787401575
11
7.4206933858267714
21
-4.6448148031496066
0
LINE
8
BLACK
6
CONTINUOUS
10
7.4206933858267714
20
-4.6448148031496066
11
7.4206044094488188
21
-4.6448707480314964
0
LINE
8
BLACK
6
CONTINUOUS
10
7.4206044094488188
20
-4.6448707480314964
11
7.4205234645669291
21
-4.6449372440944883
0
LINE
8
BLACK
6
CONTINUOUS
10
7.4205234645669291
20
-4.6449372440944883
11
7.4204514960629924
21
-4.6449670472440943
0
LINE
8
BLACK
6
CONTINUOUS
10
7.4204514960629924
20
-4.6449670472440943
11
7.4202035039370076
21
-4.6451231496062988
0
LINE
8
BLACK
6
CONTINUOUS
10
7.4202035039370076
20
-4.6451231496062988
11
7.4164539763779525
21
-4.6469979133858264
0
LINE
8
BLACK
6
CONTINUOUS
10
7.4164539763779525
20
-4.6469979133858264
11
7.4159133464566924
21
-4.6472048031496058
0
LINE
8
BLACK
6
CONTINUOUS
10
7.4159133464566924
20
-4.6472048031496058
11
7.415807519685039
21
-4.6472122834645671
0
LINE
8
BLACK
6
CONTINUOUS
10
7.415807519685039
20
-4.6472122834645671
11
7.4157095275590548
21
-4.6472529133858265
0
LINE
8
BLACK
6
CONTINUOUS
10
7.4157095275590548
20
-4.6472529133858265
11
7.4151334645669289
21
-4.6473096456692913
0
LINE
8
BLACK
6
CONTINUOUS
10
7.4151334645669289
20
-4.6473096456692913
11
7.4057596456692911
21
-4.6473096456692913
0
LINE
8
BLACK
6
CONTINUOUS
10
7.4057596456692911
20
-4.6473096456692913
11
7.4051835826771653
21
-4.6472529133858265
0
LINE
8
BLACK
6
CONTINUOUS
10
7.4051835826771653
20
-4.6472529133858265
11
7.405085590551181
21
-4.6472123228346458
0
LINE
8
BLACK
6
CONTINUOUS
10
7.405085590551181
20
-4.6472123228346458
11
7.4049797244094488
21
-4.6472048031496058
0
LINE
8
BLACK
6
CONTINUOUS
10
7.4049797244094488
20
-4.6472048031496058
11
7.4044391338582676
21
-4.6469979133858264
0
LINE
8
BLACK
6
CONTINUOUS
10
7.4044391338582676
20
-4.6469979133858264
11
7.4006896062992125
21
-4.6451231496062988
0
LINE
8
BLACK
6
CONTINUOUS
10
7.4006896062992125
20
-4.6451231496062988
11
7.4004415748031498
21
-4.6449670472440943
0
LINE
8
BLACK
6
CONTINUOUS
10
7.4004415748031498
20
-4.6449670472440943
11
7.4003696456692909
21
-4.6449372440944883
0
LINE
8
BLACK
6
CONTINUOUS
10
7.4003696456692909
20
-4.6449372440944883
11
7.4002886614173224
21
-4.6448707480314964
0
LINE
8
BLACK
6
CONTINUOUS
10
7.4002886614173224
20
-4.6448707480314964
11
7.4001997244094486
21
-4.6448148031496066
0
LINE
8
BLACK
6
CONTINUOUS
10
7.4001997244094486
20
-4.6448148031496066
11
7.4001485433070862
21
-4.644755787401575
0
LINE
8
BLACK
6
CONTINUOUS
10
7.4001485433070862
20
-4.644755787401575
11
7.3999222047244091
21
-4.6445700393700786
0
LINE
8
BLACK
6
CONTINUOUS
10
7.3999222047244091
20
-4.6445700393700786
11
7.3980474409448815
21
-4.6426952755905511
0
LINE
8
BLACK
6
CONTINUOUS
10
7.3980474409448815
20
-4.6426952755905511
11
7.3978616535433073
21
-4.6424688976377952
0
LINE
8
BLACK
6
CONTINUOUS
10
7.3978616535433073
20
-4.6424688976377952
11
7.3978026771653544
21
-4.6424177559055115
0
LINE
8
BLACK
6
CONTINUOUS
10
7.3978026771653544
20
-4.6424177559055115
11
7.3977466929133859
21
-4.642328779527559
0
LINE
8
BLACK
6
CONTINUOUS
10
7.3977466929133859
20
-4.642328779527559
11
7.3976802362204719
21
-4.6422478346456693
0
LINE
8
BLACK
6
CONTINUOUS
10
7.3976802362204719
20
-4.6422478346456693
11
7.3976503937007871
21
-4.6421758661417325
0
LINE
8
BLACK
6
CONTINUOUS
10
7.3976503937007871
20
-4.6421758661417325
11
7.3974943307086614
21
-4.6419278740157477
0
LINE
8
BLACK
6
CONTINUOUS
10
7.3974943307086614
20
-4.6419278740157477
11
7.3956195669291338
21
-4.6381783464566926
0
LINE
8
BLACK
6
CONTINUOUS
10
7.3956195669291338
20
-4.6381783464566926
11
7.3954126771653543
21
-4.6376377165354326
0
LINE
8
BLACK
6
CONTINUOUS
10
7.3954126771653543
20
-4.6376377165354326
11
7.3954051574803144
21
-4.6375318897637792
0
LINE
8
BLACK
6
CONTINUOUS
10
7.3954051574803144
20
-4.6375318897637792
11
7.3953645669291337
21
-4.6374338976377949
0
LINE
8
BLACK
6
CONTINUOUS
10
7.3953645669291337
20
-4.6374338976377949
11
7.3953078346456689
21
-4.636857834645669
0
LINE
8
BLACK
6
CONTINUOUS
10
7.3953078346456689
20
-4.636857834645669
11
7.3953078346456689
21
-4.6293587795275588
0
LINE
8
BLACK
6
CONTINUOUS
10
7.3953078346456689
20
-4.6293587795275588
11
7.3953645669291337
21
-4.6287827165354329
0
LINE
8
BLACK
6
CONTINUOUS
10
7.3953645669291337
20
-4.6287827165354329
11
7.3954051574803144
21
-4.6286846850393699
0
LINE
8
BLACK
6
CONTINUOUS
10
7.3954051574803144
20
-4.6286846850393699
11
7.3954126771653543
21
-4.6285788976377953
0
LINE
8
BLACK
6
CONTINUOUS
10
7.3954126771653543
20
-4.6285788976377953
11
7.3956195669291338
21
-4.6280382677165353
0
LINE
8
BLACK
6
CONTINUOUS
10
7.3956195669291338
20
-4.6280382677165353
11
7.3974943307086614
21
-4.6242887401574801
0
LINE
8
BLACK
6
CONTINUOUS
10
7.3974943307086614
20
-4.6242887401574801
11
7.3976503937007871
21
-4.6240407086614175
0
LINE
8
BLACK
6
CONTINUOUS
10
7.3976503937007871
20
-4.6240407086614175
11
7.3976802362204719
21
-4.6239687795275586
0
LINE
8
BLACK
6
CONTINUOUS
10
7.3976802362204719
20
-4.6239687795275586
11
7.3977466929133859
21
-4.6238877952755901
0
LINE
8
BLACK
6
CONTINUOUS
10
7.3977466929133859
20
-4.6238877952755901
11
7.3978026771653544
21
-4.6237988582677163
0
LINE
8
BLACK
6
CONTINUOUS
10
7.3978026771653544
20
-4.6237988582677163
11
7.3978616535433073
21
-4.6237476771653538
0
LINE
8
BLACK
6
CONTINUOUS
10
7.3978616535433073
20
-4.6237476771653538
11
7.3980474409448815
21
-4.6235213385826768
0
LINE
8
BLACK
6
CONTINUOUS
10
7.3980474409448815
20
-4.6235213385826768
11
7.3999222047244091
21
-4.6216465748031492
0
LINE
8
BLACK
6
CONTINUOUS
10
7.3999222047244091
20
-4.6216465748031492
11
7.4001485433070862
21
-4.621460787401575
0
LINE
8
BLACK
6
CONTINUOUS
10
7.4001485433070862
20
-4.621460787401575
11
7.4001997244094486
21
-4.6214018110236221
0
LINE
8
BLACK
6
CONTINUOUS
10
7.4001997244094486
20
-4.6214018110236221
11
7.4002886614173224
21
-4.6213458267716536
0
LINE
8
BLACK
6
CONTINUOUS
10
7.4002886614173224
20
-4.6213458267716536
11
7.4003696456692909
21
-4.6212793700787405
0
LINE
8
BLACK
6
CONTINUOUS
10
7.4003696456692909
20
-4.6212793700787405
11
7.4004415748031498
21
-4.6212495275590548
0
LINE
8
BLACK
6
CONTINUOUS
10
7.4004415748031498
20
-4.6212495275590548
11
7.4006896062992125
21
-4.621093464566929
0
LINE
8
BLACK
6
CONTINUOUS
10
7.4006896062992125
20
-4.621093464566929
11
7.4044391338582676
21
-4.6192187007874015
0
LINE
8
BLACK
6
CONTINUOUS
10
7.4044391338582676
20
-4.6192187007874015
11
7.4049797244094488
21
-4.619011811023622
0
LINE
8
BLACK
6
CONTINUOUS
10
7.4049797244094488
20
-4.619011811023622
11
7.405085590551181
21
-4.6190042519685042
0
LINE
8
BLACK
6
CONTINUOUS
10
7.405085590551181
20
-4.6190042519685042
11
7.4051835826771653
21
-4.6189637007874014
0
LINE
8
BLACK
6
CONTINUOUS
10
7.4051835826771653
20
-4.6189637007874014
11
7.4057596456692911
21
-4.6189069685039366
0
LINE
8
BLACK
6
CONTINUOUS
10
7.4057596456692911
20
-4.6189069685039366
11
7.4207577559055116
21
-4.6189069685039366
0
LINE
8
BLACK
6
CONTINUOUS
10
7.4207577559055116
20
-4.6189069685039366
11
7.4208582677165351
21
-4.6189168503937008
0
LINE
8
BLACK
6
CONTINUOUS
10
7.4037592125984251
20
-4.6261612204724409
11
7.4025620866141733
21
-4.6273583464566928
0
LINE
8
BLACK
6
CONTINUOUS
10
7.4025620866141733
20
-4.6273583464566928
11
7.4012133464566929
21
-4.6300558267716534
0
LINE
8
BLACK
6
CONTINUOUS
10
7.4012133464566929
20
-4.6300558267716534
11
7.4012133464566929
21
-4.6361607874015744
0
LINE
8
BLACK
6
CONTINUOUS
10
7.4012133464566929
20
-4.6361607874015744
11
7.4025620866141733
21
-4.6388582677165351
0
LINE
8
BLACK
6
CONTINUOUS
10
7.4025620866141733
20
-4.6388582677165351
11
7.4037592125984251
21
-4.6400553937007869
0
LINE
8
BLACK
6
CONTINUOUS
10
7.4037592125984251
20
-4.6400553937007869
11
7.4064566929133857
21
-4.6414041338582672
0
LINE
8
BLACK
6
CONTINUOUS
10
7.4064566929133857
20
-4.6414041338582672
11
7.4144364173228343
21
-4.6414041338582672
0
LINE
8
BLACK
6
CONTINUOUS
10
7.4144364173228343
20
-4.6414041338582672
11
7.417133897637795
21
-4.6400553937007869
0
LINE
8
BLACK
6
CONTINUOUS
10
7.417133897637795
20
-4.6400553937007869
11
7.4183310236220468
21
-4.6388582677165351
0
LINE
8
BLACK
6
CONTINUOUS
10
7.4183310236220468
20
-4.6388582677165351
11
7.4196797637795271
21
-4.6361607874015744
0
LINE
8
BLACK
6
CONTINUOUS
10
7.4196797637795271
20
-4.6361607874015744
11
7.4196797637795271
21
-4.6300558267716534
0
LINE
8
BLACK
6
CONTINUOUS
10
7.4196797637795271
20
-4.6300558267716534
11
7.4183310236220468
21
-4.6273583464566928
0
LINE
8
BLACK
6
CONTINUOUS
10
7.4183310236220468
20
-4.6273583464566928
11
7.417133897637795
21
-4.6261612204724409
0
LINE
8
BLACK
6
CONTINUOUS
10
7.417133897637795
20
-4.6261612204724409
11
7.4144364173228343
21
-4.6248124803149606
0
LINE
8
BLACK
6
CONTINUOUS
10
7.4144364173228343
20
-4.6248124803149606
11
7.4064566929133857
21
-4.6248124803149606
0
LINE
8
BLACK
6
CONTINUOUS
10
7.4064566929133857
20
-4.6248124803149606
11
7.4037592125984251
21
-4.6261612204724409
0
LINE
8
BLACK
6
CONTINUOUS
10
7.4373962992125984
20
-4.6006568897637798
11
7.4373963779527559
21
-4.6006569291338586
0
LINE
8
BLACK
6
CONTINUOUS
10
7.4373963779527559
20
-4.6006569291338586
11
7.4378438188976377
21
-4.6010241338582674
0
LINE
8
BLACK
6
CONTINUOUS
10
7.4378438188976377
20
-4.6010241338582674
11
7.4397185826771652
21
-4.6028988976377949
0
LINE
8
BLACK
6
CONTINUOUS
10
7.4397185826771652
20
-4.6028988976377949
11
7.4400857874015749
21
-4.6033463385826767
0
LINE
8
BLACK
6
CONTINUOUS
10
7.4400857874015749
20
-4.6033463385826767
11
7.4402273622047241
21
-4.6036881102362202
0
LINE
8
BLACK
6
CONTINUOUS
10
7.4402273622047241
20
-4.6036881102362202
11
7.4405266929133855
21
-4.6044107874015747
0
LINE
8
BLACK
6
CONTINUOUS
10
7.4405266929133855
20
-4.6044107874015747
11
7.4405266929133855
21
-4.6055628740157477
0
LINE
8
BLACK
6
CONTINUOUS
10
7.4405266929133855
20
-4.6055628740157477
11
7.4400857874015749
21
-4.606627283464567
0
LINE
8
BLACK
6
CONTINUOUS
10
7.4400857874015749
20
-4.606627283464567
11
7.4397185826771652
21
-4.6070747244094488
0
LINE
8
BLACK
6
CONTINUOUS
10
7.4397185826771652
20
-4.6070747244094488
11
7.4378438188976377
21
-4.6089494881889763
0
LINE
8
BLACK
6
CONTINUOUS
10
7.4378438188976377
20
-4.6089494881889763
11
7.4373963779527559
21
-4.609316692913386
0
LINE
8
BLACK
6
CONTINUOUS
10
7.4373963779527559
20
-4.609316692913386
11
7.4363319685039366
21
-4.6097575984251966
0
LINE
8
BLACK
6
CONTINUOUS
10
7.4363319685039366
20
-4.6097575984251966
11
7.4351798818897636
21
-4.6097575984251966
0
LINE
8
BLACK
6
CONTINUOUS
10
7.4351798818897636
20
-4.6097575984251966
11
7.4341154724409444
21
-4.6093167322834647
0
LINE
8
BLACK
6
CONTINUOUS
10
7.4341154724409444
20
-4.6093167322834647
11
7.4336679921259838
21
-4.6089494881889763
0
LINE
8
BLACK
6
CONTINUOUS
10
7.4336679921259838
20
-4.6089494881889763
11
7.4317932283464563
21
-4.6070747637795275
0
LINE
8
BLACK
6
CONTINUOUS
10
7.4317932283464563
20
-4.6070747637795275
11
7.4314259842519688
21
-4.606627283464567
0
LINE
8
BLACK
6
CONTINUOUS
10
7.4314259842519688
20
-4.606627283464567
11
7.43142594488189
21
-4.6066272440944882
0
LINE
8
BLACK
6
CONTINUOUS
10
7.43142594488189
20
-4.6066272440944882
11
7.4309850787401572
21
-4.605562834645669
0
LINE
8
BLACK
6
CONTINUOUS
10
7.4309850787401572
20
-4.605562834645669
11
7.4309850787401572
21
-4.604410748031496
0
LINE
8
BLACK
6
CONTINUOUS
10
7.4309850787401572
20
-4.604410748031496
11
7.4312844094488186
21
-4.6036881102362202
0
LINE
8
BLACK
6
CONTINUOUS
10
7.4312844094488186
20
-4.6036881102362202
11
7.43142594488189
21
-4.6033463779527555
0
LINE
8
BLACK
6
CONTINUOUS
10
7.43142594488189
20
-4.6033463779527555
11
7.4314259842519688
21
-4.6033463385826767
0
LINE
8
BLACK
6
CONTINUOUS
10
7.4314259842519688
20
-4.6033463385826767
11
7.4317932283464563
21
-4.6028988582677162
0
LINE
8
BLACK
6
CONTINUOUS
10
7.4317932283464563
20
-4.6028988582677162
11
7.4336679921259838
21
-4.6010241338582674
0
LINE
8
BLACK
6
CONTINUOUS
10
7.4336679921259838
20
-4.6010241338582674
11
7.4341154724409444
21
-4.6006568897637798
0
LINE
8
BLACK
6
CONTINUOUS
10
7.4341154724409444
20
-4.6006568897637798
11
7.4351798818897636
21
-4.6002160236220471
0
LINE
8
BLACK
6
CONTINUOUS
10
7.4351798818897636
20
-4.6002160236220471
11
7.4363319685039366
21
-4.6002160236220471
0
LINE
8
BLACK
6
CONTINUOUS
10
7.4363319685039366
20
-4.6002160236220471
11
7.4373962992125984
21
-4.6006568897637798
0
LINE
8
BLACK
6
CONTINUOUS
10
7.4208582677165351
20
-4.5626738976377954
11
7.4209012992125984
21
-4.5626675196850393
0
LINE
8
BLACK
6
CONTINUOUS
10
7.4209012992125984
20
-4.5626675196850393
11
7.4211167716535433
21
-4.5626993700787404
0
LINE
8
BLACK
6
CONTINUOUS
10
7.4211167716535433
20
-4.5626993700787404
11
7.4213338188976374
21
-4.562720748031496
0
LINE
8
BLACK
6
CONTINUOUS
10
7.4213338188976374
20
-4.562720748031496
11
7.4213740157480315
21
-4.5627373622047243
0
LINE
8
BLACK
6
CONTINUOUS
10
7.4213740157480315
20
-4.5627373622047243
11
7.421473897637795
21
-4.5627521653543308
0
LINE
8
BLACK
6
CONTINUOUS
10
7.421473897637795
20
-4.5627521653543308
11
7.4289729527559052
21
-4.5646269291338584
0
LINE
8
BLACK
6
CONTINUOUS
10
7.4289729527559052
20
-4.5646269291338584
11
7.4293124015748031
21
-4.5647481889763775
0
LINE
8
BLACK
6
CONTINUOUS
10
7.4293124015748031
20
-4.5647481889763775
11
7.4293839370078736
21
-4.564762362204724
0
LINE
8
BLACK
6
CONTINUOUS
10
7.4293839370078736
20
-4.564762362204724
11
7.4294487795275588
21
-4.5647969291338581
0
LINE
8
BLACK
6
CONTINUOUS
10
7.4294487795275588
20
-4.5647969291338581
11
7.4295180708661412
21
-4.5648216929133856
0
LINE
8
BLACK
6
CONTINUOUS
10
7.4295180708661412
20
-4.5648216929133856
11
7.4295766535433065
21
-4.5648651181102364
0
LINE
8
BLACK
6
CONTINUOUS
10
7.4295766535433065
20
-4.5648651181102364
11
7.4298947244094489
21
-4.5650346850393699
0
LINE
8
BLACK
6
CONTINUOUS
10
7.4298947244094489
20
-4.5650346850393699
11
7.4355190157480315
21
-4.568784212598425
0
LINE
8
BLACK
6
CONTINUOUS
10
7.4355190157480315
20
-4.568784212598425
11
7.4355205905511808
21
-4.5687855118110239
0
LINE
8
BLACK
6
CONTINUOUS
10
7.4355205905511808
20
-4.5687855118110239
11
7.4355215354330708
21
-4.5687859055118105
0
LINE
8
BLACK
6
CONTINUOUS
10
7.4355215354330708
20
-4.5687859055118105
11
7.4357410629921254
21
-4.5689660629921258
0
LINE
8
BLACK
6
CONTINUOUS
10
7.4357410629921254
20
-4.5689660629921258
11
7.4359668503937009
21
-4.5691509842519684
0
LINE
8
BLACK
6
CONTINUOUS
10
7.4359668503937009
20
-4.5691509842519684
11
7.4359674015748034
21
-4.5691518110236222
0
LINE
8
BLACK
6
CONTINUOUS
10
7.4359674015748034
20
-4.5691518110236222
11
7.4359689763779526
21
-4.5691531102362202
0
LINE
8
BLACK
6
CONTINUOUS
10
7.4359689763779526
20
-4.5691531102362202
11
7.4378437795275589
21
-4.5710278740157477
0
LINE
8
BLACK
6
CONTINUOUS
10
7.4378437795275589
20
-4.5710278740157477
11
7.4380295275590553
21
-4.5712542125984248
0
LINE
8
BLACK
6
CONTINUOUS
10
7.4380295275590553
20
-4.5712542125984248
11
7.4380885826771648
21
-4.571305433070866
0
LINE
8
BLACK
6
CONTINUOUS
10
7.4380885826771648
20
-4.571305433070866
11
7.4381445669291333
21
-4.5713943700787398
0
LINE
8
BLACK
6
CONTINUOUS
10
7.4381445669291333
20
-4.5713943700787398
11
7.4382110236220473
21
-4.5714753543307083
0
LINE
8
BLACK
6
CONTINUOUS
10
7.4382110236220473
20
-4.5714753543307083
11
7.4382408267716533
21
-4.5715472834645672
0
LINE
8
BLACK
6
CONTINUOUS
10
7.4382408267716533
20
-4.5715472834645672
11
7.4383969291338579
21
-4.5717953149606299
0
LINE
8
BLACK
6
CONTINUOUS
10
7.4383969291338579
20
-4.5717953149606299
11
7.4402716929133854
21
-4.575544842519685
0
LINE
8
BLACK
6
CONTINUOUS
10
7.4402716929133854
20
-4.575544842519685
11
7.4404785826771649
21
-4.5760854330708662
0
LINE
8
BLACK
6
CONTINUOUS
10
7.4404785826771649
20
-4.5760854330708662
11
7.4404861023622049
21
-4.5761912992125984
0
LINE
8
BLACK
6
CONTINUOUS
10
7.4404861023622049
20
-4.5761912992125984
11
7.4405266929133855
21
-4.5762892913385826
0
LINE
8
BLACK
6
CONTINUOUS
10
7.4405266929133855
20
-4.5762892913385826
11
7.4405834251968503
21
-4.5768653543307085
0
LINE
8
BLACK
6
CONTINUOUS
10
7.4405834251968503
20
-4.5768653543307085
11
7.4405834251968503
21
-4.5843644094488187
0
LINE
8
BLACK
6
CONTINUOUS
10
7.4405834251968503
20
-4.5843644094488187
11
7.4405266929133855
21
-4.5849404724409446
0
LINE
8
BLACK
6
CONTINUOUS
10
7.4405266929133855
20
-4.5849404724409446
11
7.4400857874015749
21
-4.5860048818897639
0
LINE
8
BLACK
6
CONTINUOUS
10
7.4400857874015749
20
-4.5860048818897639
11
7.4392711417322834
21
-4.5868195275590553
0
LINE
8
BLACK
6
CONTINUOUS
10
7.4392711417322834
20
-4.5868195275590553
11
7.4382067322834642
21
-4.587260433070866
0
LINE
8
BLACK
6
CONTINUOUS
10
7.4382067322834642
20
-4.587260433070866
11
7.4370546062992124
21
-4.587260433070866
0
LINE
8
BLACK
6
CONTINUOUS
10
7.4370546062992124
20
-4.587260433070866
11
7.4359901968503932
21
-4.5868195275590553
0
LINE
8
BLACK
6
CONTINUOUS
10
7.4359901968503932
20
-4.5868195275590553
11
7.4351755511811026
21
-4.5860048818897639
0
LINE
8
BLACK
6
CONTINUOUS
10
7.4351755511811026
20
-4.5860048818897639
11
7.4347346456692911
21
-4.5849404724409446
0
LINE
8
BLACK
6
CONTINUOUS
10
7.4347346456692911
20
-4.5849404724409446
11
7.4346779133858263
21
-4.5843644094488187
0
LINE
8
BLACK
6
CONTINUOUS
10
7.4346779133858263
20
-4.5843644094488187
11
7.4346779133858263
21
-4.5775624015748031
0
LINE
8
BLACK
6
CONTINUOUS
10
7.4346779133858263
20
-4.5775624015748031
11
7.433329173228346
21
-4.5748649212598425
0
LINE
8
BLACK
6
CONTINUOUS
10
7.433329173228346
20
-4.5748649212598425
11
7.431999921259842
21
-4.5735357086614172
0
LINE
8
BLACK
6
CONTINUOUS
10
7.431999921259842
20
-4.5735357086614172
11
7.4270444488188971
21
-4.5702320866141735
0
LINE
8
BLACK
6
CONTINUOUS
10
7.4270444488188971
20
-4.5702320866141735
11
7.4241272834645669
21
-4.5695027952755902
0
LINE
8
BLACK
6
CONTINUOUS
10
7.4241272834645669
20
-4.5695027952755902
11
7.4252735433070862
21
-4.5717953149606299
0
LINE
8
BLACK
6
CONTINUOUS
10
7.4252735433070862
20
-4.5717953149606299
11
7.4254804330708657
21
-4.5723359055118111
0
LINE
8
BLACK
6
CONTINUOUS
10
7.4254804330708657
20
-4.5723359055118111
11
7.4254879527559057
21
-4.5724417716535433
0
LINE
8
BLACK
6
CONTINUOUS
10
7.4254879527559057
20
-4.5724417716535433
11
7.4255285433070863
21
-4.5725397637795275
0
LINE
8
BLACK
6
CONTINUOUS
10
7.4255285433070863
20
-4.5725397637795275
11
7.4255852755905511
21
-4.5731158267716534
0
LINE
8
BLACK
6
CONTINUOUS
10
7.4255852755905511
20
-4.5731158267716534
11
7.4255852755905511
21
-4.5806148818897636
0
LINE
8
BLACK
6
CONTINUOUS
10
7.4255852755905511
20
-4.5806148818897636
11
7.4255285433070863
21
-4.5811909448818895
0
LINE
8
BLACK
6
CONTINUOUS
10
7.4255285433070863
20
-4.5811909448818895
11
7.4254879527559057
21
-4.581288897637795
0
LINE
8
BLACK
6
CONTINUOUS
10
7.4254879527559057
20
-4.581288897637795
11
7.4254804330708657
21
-4.5813948031496059
0
LINE
8
BLACK
6
CONTINUOUS
10
7.4254804330708657
20
-4.5813948031496059
11
7.4252735433070862
21
-4.5819353937007872
0
LINE
8
BLACK
6
CONTINUOUS
10
7.4252735433070862
20
-4.5819353937007872
11
7.4233987795275587
21
-4.5856849212598423
0
LINE
8
BLACK
6
CONTINUOUS
10
7.4233987795275587
20
-4.5856849212598423
11
7.4232426771653541
21
-4.5859329133858271
0
LINE
8
BLACK
6
CONTINUOUS
10
7.4232426771653541
20
-4.5859329133858271
11
7.4232128740157481
21
-4.5860048818897639
0
LINE
8
BLACK
6
CONTINUOUS
10
7.4232128740157481
20
-4.5860048818897639
11
7.4231463779527553
21
-4.5860858267716536
0
LINE
8
BLACK
6
CONTINUOUS
10
7.4231463779527553
20
-4.5860858267716536
11
7.4230904330708656
21
-4.5861748031496061
0
LINE
8
BLACK
6
CONTINUOUS
10
7.4230904330708656
20
-4.5861748031496061
11
7.4230314173228349
21
-4.5862259448818898
0
LINE
8
BLACK
6
CONTINUOUS
10
7.4230314173228349
20
-4.5862259448818898
11
7.4228456692913385
21
-4.5864523228346457
0
LINE
8
BLACK
6
CONTINUOUS
10
7.4228456692913385
20
-4.5864523228346457
11
7.4209709055118109
21
-4.5883270866141732
0
LINE
8
BLACK
6
CONTINUOUS
10
7.4209709055118109
20
-4.5883270866141732
11
7.4207445275590551
21
-4.5885128346456696
0
LINE
8
BLACK
6
CONTINUOUS
10
7.4207445275590551
20
-4.5885128346456696
11
7.4206933858267714
21
-4.5885718503937003
0
LINE
8
BLACK
6
CONTINUOUS
10
7.4206933858267714
20
-4.5885718503937003
11
7.4206044094488188
21
-4.5886277952755901
0
LINE
8
BLACK
6
CONTINUOUS
10
7.4206044094488188
20
-4.5886277952755901
11
7.4205234645669291
21
-4.5886942913385829
0
LINE
8
BLACK
6
CONTINUOUS
10
7.4205234645669291
20
-4.5886942913385829
11
7.4204514960629924
21
-4.5887240944881889
0
LINE
8
BLACK
6
CONTINUOUS
10
7.4204514960629924
20
-4.5887240944881889
11
7.4202035039370076
21
-4.5888801968503934
0
LINE
8
BLACK
6
CONTINUOUS
10
7.4202035039370076
20
-4.5888801968503934
11
7.4164539763779525
21
-4.5907549606299209
0
LINE
8
BLACK
6
CONTINUOUS
10
7.4164539763779525
20
-4.5907549606299209
11
7.4159133464566924
21
-4.5909618503937004
0
LINE
8
BLACK
6
CONTINUOUS
10
7.4159133464566924
20
-4.5909618503937004
11
7.415807519685039
21
-4.5909693307086616
0
LINE
8
BLACK
6
CONTINUOUS
10
7.415807519685039
20
-4.5909693307086616
11
7.4157095275590548
21
-4.5910099606299211
0
LINE
8
BLACK
6
CONTINUOUS
10
7.4157095275590548
20
-4.5910099606299211
11
7.4151334645669289
21
-4.5910666929133859
0
LINE
8
BLACK
6
CONTINUOUS
10
7.4151334645669289
20
-4.5910666929133859
11
7.4057596456692911
21
-4.5910666929133859
0
LINE
8
BLACK
6
CONTINUOUS
10
7.4057596456692911
20
-4.5910666929133859
11
7.4051835826771653
21
-4.5910099606299211
0
LINE
8
BLACK
6
CONTINUOUS
10
7.4051835826771653
20
-4.5910099606299211
11
7.405085590551181
21
-4.5909693700787404
0
LINE
8
BLACK
6
CONTINUOUS
10
7.405085590551181
20
-4.5909693700787404
11
7.4049797244094488
21
-4.5909618503937004
0
LINE
8
BLACK
6
CONTINUOUS
10
7.4049797244094488
20
-4.5909618503937004
11
7.4044391338582676
21
-4.5907549606299209
0
LINE
8
BLACK
6
CONTINUOUS
10
7.4044391338582676
20
-4.5907549606299209
11
7.4006896062992125
21
-4.5888801968503934
0
LINE
8
BLACK
6
CONTINUOUS
10
7.4006896062992125
20
-4.5888801968503934
11
7.4004415748031498
21
-4.5887240944881889
0
LINE
8
BLACK
6
CONTINUOUS
10
7.4004415748031498
20
-4.5887240944881889
11
7.4003696456692909
21
-4.5886942913385829
0
LINE
8
BLACK
6
CONTINUOUS
10
7.4003696456692909
20
-4.5886942913385829
11
7.4002886614173224
21
-4.5886277952755901
0
LINE
8
BLACK
6
CONTINUOUS
10
7.4002886614173224
20
-4.5886277952755901
11
7.4001997244094486
21
-4.5885718503937003
0
LINE
8
BLACK
6
CONTINUOUS
10
7.4001997244094486
20
-4.5885718503937003
11
7.4001485433070862
21
-4.5885128346456696
0
LINE
8
BLACK
6
CONTINUOUS
10
7.4001485433070862
20
-4.5885128346456696
11
7.3999222047244091
21
-4.5883270866141732
0
LINE
8
BLACK
6
CONTINUOUS
10
7.3999222047244091
20
-4.5883270866141732
11
7.3980474409448815
21
-4.5864523228346457
0
LINE
8
BLACK
6
CONTINUOUS
10
7.3980474409448815
20
-4.5864523228346457
11
7.3978616535433073
21
-4.5862259448818898
0
LINE
8
BLACK
6
CONTINUOUS
10
7.3978616535433073
20
-4.5862259448818898
11
7.3978026771653544
21
-4.5861748031496061
0
LINE
8
BLACK
6
CONTINUOUS
10
7.3978026771653544
20
-4.5861748031496061
11
7.3977466929133859
21
-4.5860858267716536
0
LINE
8
BLACK
6
CONTINUOUS
10
7.3977466929133859
20
-4.5860858267716536
11
7.3976802362204719
21
-4.5860048818897639
0
LINE
8
BLACK
6
CONTINUOUS
10
7.3976802362204719
20
-4.5860048818897639
11
7.3976503937007871
21
-4.5859329133858271
0
LINE
8
BLACK
6
CONTINUOUS
10
7.3976503937007871
20
-4.5859329133858271
11
7.3974943307086614
21
-4.5856849212598423
0
LINE
8
BLACK
6
CONTINUOUS
10
7.3974943307086614
20
-4.5856849212598423
11
7.3956195669291338
21
-4.5819353937007872
0
LINE
8
BLACK
6
CONTINUOUS
10
7.3956195669291338
20
-4.5819353937007872
11
7.3954126771653543
21
-4.5813947637795271
0
LINE
8
BLACK
6
CONTINUOUS
10
7.3954126771653543
20
-4.5813947637795271
11
7.3954051574803144
21
-4.5812889370078738
0
LINE
8
BLACK
6
CONTINUOUS
10
7.3954051574803144
20
-4.5812889370078738
11
7.3953645669291337
21
-4.5811909448818895
0
LINE
8
BLACK
6
CONTINUOUS
10
7.3953645669291337
20
-4.5811909448818895
11
7.3953078346456689
21
-4.5806148818897636
0
LINE
8
BLACK
6
CONTINUOUS
10
7.3953078346456689
20
-4.5806148818897636
11
7.3953078346456689
21
-4.5731158267716534
0
LINE
8
BLACK
6
CONTINUOUS
10
7.3953078346456689
20
-4.5731158267716534
11
7.3953645669291337
21
-4.5725397637795275
0
LINE
8
BLACK
6
CONTINUOUS
10
7.3953645669291337
20
-4.5725397637795275
11
7.3954051574803144
21
-4.5724417322834645
0
LINE
8
BLACK
6
CONTINUOUS
10
7.3954051574803144
20
-4.5724417322834645
11
7.3954126771653543
21
-4.5723359448818899
0
LINE
8
BLACK
6
CONTINUOUS
10
7.3954126771653543
20
-4.5723359448818899
11
7.3956195669291338
21
-4.5717953149606299
0
LINE
8
BLACK
6
CONTINUOUS
10
7.3956195669291338
20
-4.5717953149606299
11
7.3974943307086614
21
-4.5680457874015747
0
LINE
8
BLACK
6
CONTINUOUS
10
7.3974943307086614
20
-4.5680457874015747
11
7.3976503937007871
21
-4.5677977559055121
0
LINE
8
BLACK
6
CONTINUOUS
10
7.3976503937007871
20
-4.5677977559055121
11
7.3976802362204719
21
-4.5677258267716532
0
LINE
8
BLACK
6
CONTINUOUS
10
7.3976802362204719
20
-4.5677258267716532
11
7.3977466929133859
21
-4.5676448425196847
0
LINE
8
BLACK
6
CONTINUOUS
10
7.3977466929133859
20
-4.5676448425196847
11
7.3978026771653544
21
-4.5675559055118109
0
LINE
8
BLACK
6
CONTINUOUS
10
7.3978026771653544
20
-4.5675559055118109
11
7.3978616535433073
21
-4.5675047244094484
0
LINE
8
BLACK
6
CONTINUOUS
10
7.3978616535433073
20
-4.5675047244094484
11
7.3980474409448815
21
-4.5672783858267714
0
LINE
8
BLACK
6
CONTINUOUS
10
7.3980474409448815
20
-4.5672783858267714
11
7.3999222047244091
21
-4.5654036220472438
0
LINE
8
BLACK
6
CONTINUOUS
10
7.3999222047244091
20
-4.5654036220472438
11
7.4001485433070862
21
-4.5652178346456695
0
LINE
8
BLACK
6
CONTINUOUS
10
7.4001485433070862
20
-4.5652178346456695
11
7.4001997244094486
21
-4.5651588582677167
0
LINE
8
BLACK
6
CONTINUOUS
10
7.4001997244094486
20
-4.5651588582677167
11
7.4002886614173224
21
-4.5651028740157482
0
LINE
8
BLACK
6
CONTINUOUS
10
7.4002886614173224
20
-4.5651028740157482
11
7.4003696456692909
21
-4.5650364173228342
0
LINE
8
BLACK
6
CONTINUOUS
10
7.4003696456692909
20
-4.5650364173228342
11
7.4004415748031498
21
-4.5650065748031494
0
LINE
8
BLACK
6
CONTINUOUS
10
7.4004415748031498
20
-4.5650065748031494
11
7.4006896062992125
21
-4.5648505118110236
0
LINE
8
BLACK
6
CONTINUOUS
10
7.4006896062992125
20
-4.5648505118110236
11
7.4044391338582676
21
-4.5629757480314961
0
LINE
8
BLACK
6
CONTINUOUS
10
7.4044391338582676
20
-4.5629757480314961
11
7.4049797244094488
21
-4.5627688582677166
0
LINE
8
BLACK
6
CONTINUOUS
10
7.4049797244094488
20
-4.5627688582677166
11
7.405085590551181
21
-4.5627612992125988
0
LINE
8
BLACK
6
CONTINUOUS
10
7.405085590551181
20
-4.5627612992125988
11
7.4051835826771653
21
-4.562720748031496
0
LINE
8
BLACK
6
CONTINUOUS
10
7.4051835826771653
20
-4.562720748031496
11
7.4057596456692911
21
-4.5626640157480312
0
LINE
8
BLACK
6
CONTINUOUS
10
7.4057596456692911
20
-4.5626640157480312
11
7.4207577559055116
21
-4.5626640157480312
0
LINE
8
BLACK
6
CONTINUOUS
10
7.4207577559055116
20
-4.5626640157480312
11
7.4208582677165351
21
-4.5626738976377954
0
LINE
8
BLACK
6
CONTINUOUS
10
7.4037592125984251
20
-4.5699182677165355
11
7.4025620866141733
21
-4.5711153937007873
0
LINE
8
BLACK
6
CONTINUOUS
10
7.4025620866141733
20
-4.5711153937007873
11
7.4012133464566929
21
-4.573812874015748
0
LINE
8
BLACK
6
CONTINUOUS
10
7.4012133464566929
20
-4.573812874015748
11
7.4012133464566929
21
-4.579917834645669
0
LINE
8
BLACK
6
CONTINUOUS
10
7.4012133464566929
20
-4.579917834645669
11
7.4025620866141733
21
-4.5826153149606297
0
LINE
8
BLACK
6
CONTINUOUS
10
7.4025620866141733
20
-4.5826153149606297
11
7.4037592125984251
21
-4.5838124409448815
0
LINE
8
BLACK
6
CONTINUOUS
10
7.4037592125984251
20
-4.5838124409448815
11
7.4064566929133857
21
-4.5851611811023618
0
LINE
8
BLACK
6
CONTINUOUS
10
7.4064566929133857
20
-4.5851611811023618
11
7.4144364173228343
21
-4.5851611811023618
0
LINE
8
BLACK
6
CONTINUOUS
10
7.4144364173228343
20
-4.5851611811023618
11
7.417133897637795
21
-4.5838124409448815
0
LINE
8
BLACK
6
CONTINUOUS
10
7.417133897637795
20
-4.5838124409448815
11
7.4183310236220468
21
-4.5826153149606297
0
LINE
8
BLACK
6
CONTINUOUS
10
7.4183310236220468
20
-4.5826153149606297
11
7.4196797637795271
21
-4.579917834645669
0
LINE
8
BLACK
6
CONTINUOUS
10
7.4196797637795271
20
-4.579917834645669
11
7.4196797637795271
21
-4.573812874015748
0
LINE
8
BLACK
6
CONTINUOUS
10
7.4196797637795271
20
-4.573812874015748
11
7.4183310236220468
21
-4.5711153937007873
0
LINE
8
BLACK
6
CONTINUOUS
10
7.4183310236220468
20
-4.5711153937007873
11
7.417133897637795
21
-4.5699182677165355
0
LINE
8
BLACK
6
CONTINUOUS
10
7.417133897637795
20
-4.5699182677165355
11
7.4144364173228343
21
-4.5685695275590552
0
LINE
8
BLACK
6
CONTINUOUS
10
7.4144364173228343
20
-4.5685695275590552
11
7.4064566929133857
21
-4.5685695275590552
0
LINE
8
BLACK
6
CONTINUOUS
10
7.4064566929133857
20
-4.5685695275590552
11
7.4037592125984251
21
-4.5699182677165355
0
LINE
8
BLACK
6
CONTINUOUS
10
7.3982781496062993
20
-4.5233506692913386
11
7.3988366535433068
21
-4.5233506692913386
0
LINE
8
BLACK
6
CONTINUOUS
10
7.3988366535433068
20
-4.5233506692913386
11
7.3988535826771651
21
-4.5233576771653539
0
LINE
8
BLACK
6
CONTINUOUS
10
7.3988535826771651
20
-4.5233576771653539
11
7.3988718897637797
21
-4.5233579133858264
0
LINE
8
BLACK
6
CONTINUOUS
10
7.3988718897637797
20
-4.5233579133858264
11
7.3994237401574798
21
-4.5235326771653543
0
LINE
8
BLACK
6
CONTINUOUS
10
7.3994237401574798
20
-4.5235326771653543
11
7.4387938188976372
21
-4.5404055511811023
0
LINE
8
BLACK
6
CONTINUOUS
10
7.4387938188976372
20
-4.5404055511811023
11
7.4393009448818894
21
-4.5406846062992123
0
LINE
8
BLACK
6
CONTINUOUS
10
7.4393009448818894
20
-4.5406846062992123
11
7.4401055905511813
21
-4.5415091732283468
0
LINE
8
BLACK
6
CONTINUOUS
10
7.4401055905511813
20
-4.5415091732283468
11
7.4405334645669292
21
-4.5425788582677162
0
LINE
8
BLACK
6
CONTINUOUS
10
7.4405334645669292
20
-4.5425788582677162
11
7.4405194488188977
21
-4.5437308661417326
0
LINE
8
BLACK
6
CONTINUOUS
10
7.4405194488188977
20
-4.5437308661417326
11
7.440065590551181
21
-4.5447898425196849
0
LINE
8
BLACK
6
CONTINUOUS
10
7.440065590551181
20
-4.5447898425196849
11
7.4392410629921262
21
-4.5455945275590546
0
LINE
8
BLACK
6
CONTINUOUS
10
7.4392410629921262
20
-4.5455945275590546
11
7.4381713779527558
21
-4.5460224015748034
0
LINE
8
BLACK
6
CONTINUOUS
10
7.4381713779527558
20
-4.5460224015748034
11
7.4370193307086616
21
-4.5460083464566932
0
LINE
8
BLACK
6
CONTINUOUS
10
7.4370193307086616
20
-4.5460083464566932
11
7.4364675196850394
21
-4.5458335826771652
0
LINE
8
BLACK
6
CONTINUOUS
10
7.4364675196850394
20
-4.5458335826771652
11
7.4012133464566929
21
-4.5307246456692916
0
LINE
8
BLACK
6
CONTINUOUS
10
7.4012133464566929
20
-4.5307246456692916
11
7.4012133464566929
21
-4.5524933858267715
0
LINE
8
BLACK
6
CONTINUOUS
10
7.4012133464566929
20
-4.5524933858267715
11
7.4011566141732281
21
-4.5530694488188974
0
LINE
8
BLACK
6
CONTINUOUS
10
7.4011566141732281
20
-4.5530694488188974
11
7.4007157086614175
21
-4.5541338582677167
0
LINE
8
BLACK
6
CONTINUOUS
10
7.4007157086614175
20
-4.5541338582677167
11
7.399901062992126
21
-4.5549485039370081
0
LINE
8
BLACK
6
CONTINUOUS
10
7.399901062992126
20
-4.5549485039370081
11
7.3988366535433068
21
-4.5553894094488188
0
LINE
8
BLACK
6
CONTINUOUS
10
7.3988366535433068
20
-4.5553894094488188
11
7.397684527559055
21
-4.5553894094488188
0
LINE
8
BLACK
6
CONTINUOUS
10
7.397684527559055
20
-4.5553894094488188
11
7.3966201181102358
21
-4.5549485039370081
0
LINE
8
BLACK
6
CONTINUOUS
10
7.3966201181102358
20
-4.5549485039370081
11
7.3958054724409443
21
-4.5541338582677167
0
LINE
8
BLACK
6
CONTINUOUS
10
7.3958054724409443
20
-4.5541338582677167
11
7.3953645669291337
21
-4.5530694488188974
0
LINE
8
BLACK
6
CONTINUOUS
10
7.3953645669291337
20
-4.5530694488188974
11
7.3953078346456689
21
-4.5524933858267715
0
LINE
8
BLACK
6
CONTINUOUS
10
7.3953078346456689
20
-4.5524933858267715
11
7.3953078346456689
21
-4.5262466929133858
0
LINE
8
BLACK
6
CONTINUOUS
10
7.3953078346456689
20
-4.5262466929133858
11
7.3953645669291337
21
-4.5256706299212599
0
LINE
8
BLACK
6
CONTINUOUS
10
7.3953645669291337
20
-4.5256706299212599
11
7.395371574803149
21
-4.5256536614173228
0
LINE
8
BLACK
6
CONTINUOUS
10
7.395371574803149
20
-4.5256536614173228
11
7.3953718110236215
21
-4.5256353937007869
0
LINE
8
BLACK
6
CONTINUOUS
10
7.3953718110236215
20
-4.5256353937007869
11
7.3955918110236221
21
-4.525121968503937
0
LINE
8
BLACK
6
CONTINUOUS
10
7.3955918110236221
20
-4.525121968503937
11
7.3958054724409443
21
-4.5246062204724407
0
LINE
8
BLACK
6
CONTINUOUS
10
7.3958054724409443
20
-4.5246062204724407
11
7.3958183858267716
21
-4.5245932677165355
0
LINE
8
BLACK
6
CONTINUOUS
10
7.3958183858267716
20
-4.5245932677165355
11
7.3958256299212595
21
-4.5245764173228347
0
LINE
8
BLACK
6
CONTINUOUS
10
7.3958256299212595
20
-4.5245764173228347
11
7.3962256299212594
21
-4.5241860236220468
0
LINE
8
BLACK
6
CONTINUOUS
10
7.3962256299212594
20
-4.5241860236220468
11
7.3966201181102358
21
-4.5237915748031492
0
LINE
8
BLACK
6
CONTINUOUS
10
7.3966201181102358
20
-4.5237915748031492
11
7.3966370472440941
21
-4.5237845275590551
0
LINE
8
BLACK
6
CONTINUOUS
10
7.3966370472440941
20
-4.5237845275590551
11
7.3966501968503939
21
-4.5237717322834641
0
LINE
8
BLACK
6
CONTINUOUS
10
7.3966501968503939
20
-4.5237717322834641
11
7.3971691732283462
21
-4.5235640944881892
0
LINE
8
BLACK
6
CONTINUOUS
10
7.3971691732283462
20
-4.5235640944881892
11
7.397684527559055
21
-4.5233506692913386
0
LINE
8
BLACK
6
CONTINUOUS
10
7.397684527559055
20
-4.5233506692913386
11
7.3977028740157476
21
-4.5233506692913386
0
LINE
8
BLACK
6
CONTINUOUS
10
7.3977028740157476
20
-4.5233506692913386
11
7.3977198818897634
21
-4.5233438582677161
0
LINE
8
BLACK
6
CONTINUOUS
10
7.3977198818897634
20
-4.5233438582677161
11
7.3982781496062993
21
-4.5233506692913386
0
LINE
8
BLACK
6
CONTINUOUS
10
7.4098007086614173
20
-4.4877020866141732
11
7.4098784645669289
21
-4.4876965748031497
0
LINE
8
BLACK
6
CONTINUOUS
10
7.4098784645669289
20
-4.4876965748031497
11
7.4099807086614176
21
-4.4877198031496066
0
LINE
8
BLACK
6
CONTINUOUS
10
7.4099807086614176
20
-4.4877198031496066
11
7.4100852362204721
21
-4.4877301181102363
0
LINE
8
BLACK
6
CONTINUOUS
10
7.4100852362204721
20
-4.4877301181102363
11
7.4101573228346451
21
-4.487759960629921
0
LINE
8
BLACK
6
CONTINUOUS
10
7.4101573228346451
20
-4.487759960629921
11
7.4104429133858263
21
-4.4878249212598424
0
LINE
8
BLACK
6
CONTINUOUS
10
7.4104429133858263
20
-4.4878249212598424
11
7.4160672047244089
21
-4.48969968503937
0
LINE
8
BLACK
6
CONTINUOUS
10
7.4160672047244089
20
-4.48969968503937
11
7.4165957480314955
21
-4.4899356692913388
0
LINE
8
BLACK
6
CONTINUOUS
10
7.4165957480314955
20
-4.4899356692913388
11
7.4166758661417322
21
-4.490005157480315
0
LINE
8
BLACK
6
CONTINUOUS
10
7.4166758661417322
20
-4.490005157480315
11
7.416773937007874
21
-4.4900457874015745
0
LINE
8
BLACK
6
CONTINUOUS
10
7.416773937007874
20
-4.4900457874015745
11
7.4172213779527558
21
-4.4904129921259841
0
LINE
8
BLACK
6
CONTINUOUS
10
7.4172213779527558
20
-4.4904129921259841
11
7.4346779133858263
21
-4.5078694881889767
0
LINE
8
BLACK
6
CONTINUOUS
10
7.4346779133858263
20
-4.5078694881889767
11
7.4346779133858263
21
-4.4906261417322835
0
LINE
8
BLACK
6
CONTINUOUS
10
7.4346779133858263
20
-4.4906261417322835
11
7.4347346456692911
21
-4.4900500787401576
0
LINE
8
BLACK
6
CONTINUOUS
10
7.4347346456692911
20
-4.4900500787401576
11
7.4351755511811026
21
-4.4889856692913384
0
LINE
8
BLACK
6
CONTINUOUS
10
7.4351755511811026
20
-4.4889856692913384
11
7.4359901968503932
21
-4.4881710236220469
0
LINE
8
BLACK
6
CONTINUOUS
10
7.4359901968503932
20
-4.4881710236220469
11
7.4370546062992124
21
-4.4877301181102363
0
LINE
8
BLACK
6
CONTINUOUS
10
7.4370546062992124
20
-4.4877301181102363
11
7.4382067322834642
21
-4.4877301181102363
0
LINE
8
BLACK
6
CONTINUOUS
10
7.4382067322834642
20
-4.4877301181102363
11
7.4392711417322834
21
-4.4881710236220469
0
LINE
8
BLACK
6
CONTINUOUS
10
7.4392711417322834
20
-4.4881710236220469
11
7.4400857874015749
21
-4.4889856692913384
0
LINE
8
BLACK
6
CONTINUOUS
10
7.4400857874015749
20
-4.4889856692913384
11
7.4405266929133855
21
-4.4900500787401576
0
LINE
8
BLACK
6
CONTINUOUS
10
7.4405266929133855
20
-4.4900500787401576
11
7.4405834251968503
21
-4.4906261417322835
0
LINE
8
BLACK
6
CONTINUOUS
10
7.4405834251968503
20
-4.4906261417322835
11
7.4405834251968503
21
-4.5149980708661417
0
LINE
8
BLACK
6
CONTINUOUS
10
7.4405834251968503
20
-4.5149980708661417
11
7.4405266929133855
21
-4.5155741338582676
0
LINE
8
BLACK
6
CONTINUOUS
10
7.4405266929133855
20
-4.5155741338582676
11
7.4403975590551177
21
-4.5158858661417325
0
LINE
8
BLACK
6
CONTINUOUS
10
7.4403975590551177
20
-4.5158858661417325
11
7.4400858267716536
21
-4.5166385433070868
0
LINE
8
BLACK
6
CONTINUOUS
10
7.4400858267716536
20
-4.5166385433070868
11
7.4392711417322834
21
-4.5174531889763783
0
LINE
8
BLACK
6
CONTINUOUS
10
7.4392711417322834
20
-4.5174531889763783
11
7.4382067322834642
21
-4.5178940944881889
0
LINE
8
BLACK
6
CONTINUOUS
10
7.4382067322834642
20
-4.5178940944881889
11
7.4370546456692912
21
-4.5178940944881889
0
LINE
8
BLACK
6
CONTINUOUS
10
7.4370546456692912
20
-4.5178940944881889
11
7.4370546062992124
21
-4.5178940944881889
0
LINE
8
BLACK
6
CONTINUOUS
10
7.4370546062992124
20
-4.5178940944881889
11
7.4367428346456688
21
-4.5177649606299211
0
LINE
8
BLACK
6
CONTINUOUS
10
7.4367428346456688
20
-4.5177649606299211
11
7.4359901968503932
21
-4.517453228346457
0
LINE
8
BLACK
6
CONTINUOUS
10
7.4359901968503932
20
-4.517453228346457
11
7.4355427559055114
21
-4.5170859842519686
0
LINE
8
BLACK
6
CONTINUOUS
10
7.4355427559055114
20
-4.5170859842519686
11
7.4135384251968501
21
-4.4950816929133861
0
LINE
8
BLACK
6
CONTINUOUS
10
7.4135384251968501
20
-4.4950816929133861
11
7.4090300393700783
21
-4.4935788976377955
0
LINE
8
BLACK
6
CONTINUOUS
10
7.4090300393700783
20
-4.4935788976377955
11
7.4064566929133857
21
-4.4935788976377955
0
LINE
8
BLACK
6
CONTINUOUS
10
7.4064566929133857
20
-4.4935788976377955
11
7.4037592125984251
21
-4.4949276377952758
0
LINE
8
BLACK
6
CONTINUOUS
10
7.4037592125984251
20
-4.4949276377952758
11
7.4025620866141733
21
-4.4961247637795276
0
LINE
8
BLACK
6
CONTINUOUS
10
7.4025620866141733
20
-4.4961247637795276
11
7.4012133464566929
21
-4.4988222440944883
0
LINE
8
BLACK
6
CONTINUOUS
10
7.4012133464566929
20
-4.4988222440944883
11
7.4012133464566929
21
-4.5068019685039369
0
LINE
8
BLACK
6
CONTINUOUS
10
7.4012133464566929
20
-4.5068019685039369
11
7.4025620866141733
21
-4.5094994488188975
0
LINE
8
BLACK
6
CONTINUOUS
10
7.4025620866141733
20
-4.5094994488188975
11
7.4040980314960629
21
-4.5110353937007872
0
LINE
8
BLACK
6
CONTINUOUS
10
7.4040980314960629
20
-4.5110353937007872
11
7.4044652362204726
21
-4.511482834645669
0
LINE
8
BLACK
6
CONTINUOUS
10
7.4044652362204726
20
-4.511482834645669
11
7.4049061417322832
21
-4.5125472440944883
0
LINE
8
BLACK
6
CONTINUOUS
10
7.4049061417322832
20
-4.5125472440944883
11
7.4049061417322832
21
-4.5136993307086613
0
LINE
8
BLACK
6
CONTINUOUS
10
7.4049061417322832
20
-4.5136993307086613
11
7.4044652362204726
21
-4.5147637401574805
0
LINE
8
BLACK
6
CONTINUOUS
10
7.4044652362204726
20
-4.5147637401574805
11
7.4036505511811024
21
-4.5155784251968507
0
LINE
8
BLACK
6
CONTINUOUS
10
7.4036505511811024
20
-4.5155784251968507
11
7.4025861417322831
21
-4.5160193307086614
0
LINE
8
BLACK
6
CONTINUOUS
10
7.4025861417322831
20
-4.5160193307086614
11
7.4014340551181101
21
-4.5160193307086614
0
LINE
8
BLACK
6
CONTINUOUS
10
7.4014340551181101
20
-4.5160193307086614
11
7.4003696456692909
21
-4.5155784251968507
0
LINE
8
BLACK
6
CONTINUOUS
10
7.4003696456692909
20
-4.5155784251968507
11
7.3999222047244091
21
-4.5152112204724411
0
LINE
8
BLACK
6
CONTINUOUS
10
7.3999222047244091
20
-4.5152112204724411
11
7.3980474409448815
21
-4.5133364566929135
0
LINE
8
BLACK
6
CONTINUOUS
10
7.3980474409448815
20
-4.5133364566929135
11
7.3978616535433073
21
-4.5131100787401577
0
LINE
8
BLACK
6
CONTINUOUS
10
7.3978616535433073
20
-4.5131100787401577
11
7.3978026771653544
21
-4.513058937007874
0
LINE
8
BLACK
6
CONTINUOUS
10
7.3978026771653544
20
-4.513058937007874
11
7.3977466929133859
21
-4.5129699606299214
0
LINE
8
BLACK
6
CONTINUOUS
10
7.3977466929133859
20
-4.5129699606299214
11
7.3976802362204719
21
-4.5128890157480317
0
LINE
8
BLACK
6
CONTINUOUS
10
7.3976802362204719
20
-4.5128890157480317
11
7.3976503937007871
21
-4.512817047244094
0
LINE
8
BLACK
6
CONTINUOUS
10
7.3976503937007871
20
-4.512817047244094
11
7.3974943307086614
21
-4.5125690551181101
0
LINE
8
BLACK
6
CONTINUOUS
10
7.3974943307086614
20
-4.5125690551181101
11
7.3956195669291338
21
-4.508819527559055
0
LINE
8
BLACK
6
CONTINUOUS
10
7.3956195669291338
20
-4.508819527559055
11
7.3954126771653543
21
-4.508278897637795
0
LINE
8
BLACK
6
CONTINUOUS
10
7.3954126771653543
20
-4.508278897637795
11
7.3954051574803144
21
-4.5081730708661416
0
LINE
8
BLACK
6
CONTINUOUS
10
7.3954051574803144
20
-4.5081730708661416
11
7.3953645669291337
21
-4.5080750787401573
0
LINE
8
BLACK
6
CONTINUOUS
10
7.3953645669291337
20
-4.5080750787401573
11
7.3953078346456689
21
-4.5074990157480315
0
LINE
8
BLACK
6
CONTINUOUS
10
7.3953078346456689
20
-4.5074990157480315
11
7.3953078346456689
21
-4.4981251968503937
0
LINE
8
BLACK
6
CONTINUOUS
10
7.3953078346456689
20
-4.4981251968503937
11
7.3953645669291337
21
-4.4975491338582678
0
LINE
8
BLACK
6
CONTINUOUS
10
7.3953645669291337
20
-4.4975491338582678
11
7.3954051574803144
21
-4.4974511023622048
0
LINE
8
BLACK
6
CONTINUOUS
10
7.3954051574803144
20
-4.4974511023622048
11
7.3954126771653543
21
-4.4973453149606302
0
LINE
8
BLACK
6
CONTINUOUS
10
7.3954126771653543
20
-4.4973453149606302
11
7.3956195669291338
21
-4.4968046850393701
0
LINE
8
BLACK
6
CONTINUOUS
10
7.3956195669291338
20
-4.4968046850393701
11
7.3974943307086614
21
-4.493055157480315
0
LINE
8
BLACK
6
CONTINUOUS
10
7.3974943307086614
20
-4.493055157480315
11
7.3976503937007871
21
-4.4928071259842515
0
LINE
8
BLACK
6
CONTINUOUS
10
7.3976503937007871
20
-4.4928071259842515
11
7.3976802362204719
21
-4.4927351968503935
0
LINE
8
BLACK
6
CONTINUOUS
10
7.3976802362204719
20
-4.4927351968503935
11
7.3977466929133859
21
-4.492654212598425
0
LINE
8
BLACK
6
CONTINUOUS
10
7.3977466929133859
20
-4.492654212598425
11
7.3978026771653544
21
-4.4925652755905512
0
LINE
8
BLACK
6
CONTINUOUS
10
7.3978026771653544
20
-4.4925652755905512
11
7.3978616535433073
21
-4.4925140944881887
0
LINE
8
BLACK
6
CONTINUOUS
10
7.3978616535433073
20
-4.4925140944881887
11
7.3980474409448815
21
-4.4922877559055117
0
LINE
8
BLACK
6
CONTINUOUS
10
7.3980474409448815
20
-4.4922877559055117
11
7.3999222047244091
21
-4.4904129921259841
0
LINE
8
BLACK
6
CONTINUOUS
10
7.3999222047244091
20
-4.4904129921259841
11
7.4001485433070862
21
-4.4902272047244089
0
LINE
8
BLACK
6
CONTINUOUS
10
7.4001485433070862
20
-4.4902272047244089
11
7.4001997244094486
21
-4.490168228346457
0
LINE
8
BLACK
6
CONTINUOUS
10
7.4001997244094486
20
-4.490168228346457
11
7.4002886614173224
21
-4.4901122440944885
0
LINE
8
BLACK
6
CONTINUOUS
10
7.4002886614173224
20
-4.4901122440944885
11
7.4003696456692909
21
-4.4900457874015745
0
LINE
8
BLACK
6
CONTINUOUS
10
7.4003696456692909
20
-4.4900457874015745
11
7.4004415748031498
21
-4.4900159448818897
0
LINE
8
BLACK
6
CONTINUOUS
10
7.4004415748031498
20
-4.4900159448818897
11
7.4006896062992125
21
-4.4898598818897639
0
LINE
8
BLACK
6
CONTINUOUS
10
7.4006896062992125
20
-4.4898598818897639
11
7.4044391338582676
21
-4.4879851181102364
0
LINE
8
BLACK
6
CONTINUOUS
10
7.4044391338582676
20
-4.4879851181102364
11
7.4049797244094488
21
-4.4877782283464569
0
LINE
8
BLACK
6
CONTINUOUS
10
7.4049797244094488
20
-4.4877782283464569
11
7.405085590551181
21
-4.4877706692913382
0
LINE
8
BLACK
6
CONTINUOUS
10
7.405085590551181
20
-4.4877706692913382
11
7.4051835826771653
21
-4.4877301181102363
0
LINE
8
BLACK
6
CONTINUOUS
10
7.4051835826771653
20
-4.4877301181102363
11
7.4057596456692911
21
-4.4876733858267714
0
LINE
8
BLACK
6
CONTINUOUS
10
7.4057596456692911
20
-4.4876733858267714
11
7.4095091732283462
21
-4.4876733858267714
0
LINE
8
BLACK
6
CONTINUOUS
10
7.4095091732283462
20
-4.4876733858267714
11
7.4098007086614173
21
-4.4877020866141732
0
LINE
8
BLACK
6
CONTINUOUS
10
7.4227330314960627
20
-4.4501879527559058
11
7.422776062992126
21
-4.4501815748031497
0
LINE
8
BLACK
6
CONTINUOUS
10
7.422776062992126
20
-4.4501815748031497
11
7.4229915354330709
21
-4.4502134251968499
0
LINE
8
BLACK
6
CONTINUOUS
10
7.4229915354330709
20
-4.4502134251968499
11
7.423208582677165
21
-4.4502348031496064
0
LINE
8
BLACK
6
CONTINUOUS
10
7.423208582677165
20
-4.4502348031496064
11
7.423248779527559
21
-4.4502514173228347
0
LINE
8
BLACK
6
CONTINUOUS
10
7.423248779527559
20
-4.4502514173228347
11
7.4233486614173225
21
-4.4502662204724412
0
LINE
8
BLACK
6
CONTINUOUS
10
7.4233486614173225
20
-4.4502662204724412
11
7.4308477165354327
21
-4.4521409842519688
0
LINE
8
BLACK
6
CONTINUOUS
10
7.4308477165354327
20
-4.4521409842519688
11
7.4308901968503935
21
-4.4521561417322832
0
LINE
8
BLACK
6
CONTINUOUS
10
7.4308901968503935
20
-4.4521561417322832
11
7.4309114566929129
21
-4.4521576771653546
0
LINE
8
BLACK
6
CONTINUOUS
10
7.4309114566929129
20
-4.4521576771653546
11
7.4311508661417323
21
-4.4522492913385827
0
LINE
8
BLACK
6
CONTINUOUS
10
7.4311508661417323
20
-4.4522492913385827
11
7.4313928346456688
21
-4.452335748031496
0
LINE
8
BLACK
6
CONTINUOUS
10
7.4313928346456688
20
-4.452335748031496
11
7.4314099606299209
21
-4.4523484251968499
0
LINE
8
BLACK
6
CONTINUOUS
10
7.4314099606299209
20
-4.4523484251968499
11
7.4314520866141729
21
-4.4523645669291341
0
LINE
8
BLACK
6
CONTINUOUS
10
7.4314520866141729
20
-4.4523645669291341
11
7.435201614173228
21
-4.4542393307086616
0
LINE
8
BLACK
6
CONTINUOUS
10
7.435201614173228
20
-4.4542393307086616
11
7.4354494881889766
21
-4.4543953543307087
0
LINE
8
BLACK
6
CONTINUOUS
10
7.4354494881889766
20
-4.4543953543307087
11
7.4355215354330708
21
-4.4544251968503934
0
LINE
8
BLACK
6
CONTINUOUS
10
7.4355215354330708
20
-4.4544251968503934
11
7.435602559055118
21
-4.4544916929133853
0
LINE
8
BLACK
6
CONTINUOUS
10
7.435602559055118
20
-4.4544916929133853
11
7.4356914960629918
21
-4.4545476771653538
0
LINE
8
BLACK
6
CONTINUOUS
10
7.4356914960629918
20
-4.4545476771653538
11
7.4357426377952756
21
-4.4546066535433066
0
LINE
8
BLACK
6
CONTINUOUS
10
7.4357426377952756
20
-4.4546066535433066
11
7.4359689763779526
21
-4.4547924015748031
0
LINE
8
BLACK
6
CONTINUOUS
10
7.4359689763779526
20
-4.4547924015748031
11
7.4378437795275589
21
-4.4566671653543306
0
LINE
8
BLACK
6
CONTINUOUS
10
7.4378437795275589
20
-4.4566671653543306
11
7.4380295275590553
21
-4.4568935039370077
0
LINE
8
BLACK
6
CONTINUOUS
10
7.4380295275590553
20
-4.4568935039370077
11
7.4380885826771648
21
-4.4569447244094489
0
LINE
8
BLACK
6
CONTINUOUS
10
7.4380885826771648
20
-4.4569447244094489
11
7.4381445669291333
21
-4.4570336614173227
0
LINE
8
BLACK
6
CONTINUOUS
10
7.4381445669291333
20
-4.4570336614173227
11
7.4382110236220473
21
-4.4571146456692912
0
LINE
8
BLACK
6
CONTINUOUS
10
7.4382110236220473
20
-4.4571146456692912
11
7.4382408267716533
21
-4.4571865748031492
0
LINE
8
BLACK
6
CONTINUOUS
10
7.4382408267716533
20
-4.4571865748031492
11
7.4383969291338579
21
-4.4574346062992127
0
LINE
8
BLACK
6
CONTINUOUS
10
7.4383969291338579
20
-4.4574346062992127
11
7.4402716929133854
21
-4.4611841338582678
0
LINE
8
BLACK
6
CONTINUOUS
10
7.4402716929133854
20
-4.4611841338582678
11
7.4404785826771649
21
-4.4617247244094491
0
LINE
8
BLACK
6
CONTINUOUS
10
7.4404785826771649
20
-4.4617247244094491
11
7.4404861023622049
21
-4.4618305905511813
0
LINE
8
BLACK
6
CONTINUOUS
10
7.4404861023622049
20
-4.4618305905511813
11
7.4405266929133855
21
-4.4619285826771655
0
LINE
8
BLACK
6
CONTINUOUS
10
7.4405266929133855
20
-4.4619285826771655
11
7.4405834251968503
21
-4.4625046456692914
0
LINE
8
BLACK
6
CONTINUOUS
10
7.4405834251968503
20
-4.4625046456692914
11
7.4405834251968503
21
-4.4662541732283465
0
LINE
8
BLACK
6
CONTINUOUS
10
7.4405834251968503
20
-4.4662541732283465
11
7.4405266929133855
21
-4.4668302362204724
0
LINE
8
BLACK
6
CONTINUOUS
10
7.4405266929133855
20
-4.4668302362204724
11
7.4404861023622049
21
-4.4669281889763779
0
LINE
8
BLACK
6
CONTINUOUS
10
7.4404861023622049
20
-4.4669281889763779
11
7.4404785826771649
21
-4.4670340944881888
0
LINE
8
BLACK
6
CONTINUOUS
10
7.4404785826771649
20
-4.4670340944881888
11
7.4402716929133854
21
-4.4675746850393701
0
LINE
8
BLACK
6
CONTINUOUS
10
7.4402716929133854
20
-4.4675746850393701
11
7.4383969291338579
21
-4.4713242125984252
0
LINE
8
BLACK
6
CONTINUOUS
10
7.4383969291338579
20
-4.4713242125984252
11
7.4382408267716533
21
-4.4715722047244091
0
LINE
8
BLACK
6
CONTINUOUS
10
7.4382408267716533
20
-4.4715722047244091
11
7.4382110236220473
21
-4.4716441732283467
0
LINE
8
BLACK
6
CONTINUOUS
10
7.4382110236220473
20
-4.4716441732283467
11
7.4381445669291333
21
-4.4717251181102364
0
LINE
8
BLACK
6
CONTINUOUS
10
7.4381445669291333
20
-4.4717251181102364
11
7.4380885826771648
21
-4.471814094488189
0
LINE
8
BLACK
6
CONTINUOUS
10
7.4380885826771648
20
-4.471814094488189
11
7.4380295275590553
21
-4.4718652755905515
0
LINE
8
BLACK
6
CONTINUOUS
10
7.4380295275590553
20
-4.4718652755905515
11
7.4378437795275589
21
-4.4720916535433073
0
LINE
8
BLACK
6
CONTINUOUS
10
7.4378437795275589
20
-4.4720916535433073
11
7.4359689763779526
21
-4.4739664173228348
0
LINE
8
BLACK
6
CONTINUOUS
10
7.4359689763779526
20
-4.4739664173228348
11
7.4357426377952756
21
-4.4741521259842516
0
LINE
8
BLACK
6
CONTINUOUS
10
7.4357426377952756
20
-4.4741521259842516
11
7.4356914960629918
21
-4.4742111417322832
0
LINE
8
BLACK
6
CONTINUOUS
10
7.4356914960629918
20
-4.4742111417322832
11
7.435602559055118
21
-4.4742670866141729
0
LINE
8
BLACK
6
CONTINUOUS
10
7.435602559055118
20
-4.4742670866141729
11
7.4355215354330708
21
-4.4743336220472436
0
LINE
8
BLACK
6
CONTINUOUS
10
7.4355215354330708
20
-4.4743336220472436
11
7.4354494881889766
21
-4.4743634251968505
0
LINE
8
BLACK
6
CONTINUOUS
10
7.4354494881889766
20
-4.4743634251968505
11
7.435201614173228
21
-4.4745194881889763
0
LINE
8
BLACK
6
CONTINUOUS
10
7.435201614173228
20
-4.4745194881889763
11
7.4314520866141729
21
-4.4763942519685038
0
LINE
8
BLACK
6
CONTINUOUS
10
7.4314520866141729
20
-4.4763942519685038
11
7.4314099606299209
21
-4.4764103543307083
0
LINE
8
BLACK
6
CONTINUOUS
10
7.4314099606299209
20
-4.4764103543307083
11
7.4313928346456688
21
-4.4764230708661419
0
LINE
8
BLACK
6
CONTINUOUS
10
7.4313928346456688
20
-4.4764230708661419
11
7.4311508661417323
21
-4.4765094881889764
0
LINE
8
BLACK
6
CONTINUOUS
10
7.4311508661417323
20
-4.4765094881889764
11
7.4309114566929129
21
-4.4766011417322833
0
LINE
8
BLACK
6
CONTINUOUS
10
7.4309114566929129
20
-4.4766011417322833
11
7.4308901968503935
21
-4.4766026377952759
0
LINE
8
BLACK
6
CONTINUOUS
10
7.4308901968503935
20
-4.4766026377952759
11
7.4308477165354327
21
-4.4766178346456691
0
LINE
8
BLACK
6
CONTINUOUS
10
7.4308477165354327
20
-4.4766178346456691
11
7.4233486614173225
21
-4.4784925984251966
0
LINE
8
BLACK
6
CONTINUOUS
10
7.4233486614173225
20
-4.4784925984251966
11
7.423248779527559
21
-4.4785073622047245
0
LINE
8
BLACK
6
CONTINUOUS
10
7.423248779527559
20
-4.4785073622047245
11
7.423208582677165
21
-4.4785240157480315
0
LINE
8
BLACK
6
CONTINUOUS
10
7.423208582677165
20
-4.4785240157480315
11
7.4229915354330709
21
-4.4785453543307083
0
LINE
8
BLACK
6
CONTINUOUS
10
7.4229915354330709
20
-4.4785453543307083
11
7.422776062992126
21
-4.4785772440944882
0
LINE
8
BLACK
6
CONTINUOUS
10
7.422776062992126
20
-4.4785772440944882
11
7.4227330314960627
21
-4.4785708267716533
0
LINE
8
BLACK
6
CONTINUOUS
10
7.4227330314960627
20
-4.4785708267716533
11
7.4226325196850391
21
-4.4785807480314963
0
LINE
8
BLACK
6
CONTINUOUS
10
7.4226325196850391
20
-4.4785807480314963
11
7.4132587007874013
21
-4.4785807480314963
0
LINE
8
BLACK
6
CONTINUOUS
10
7.4132587007874013
20
-4.4785807480314963
11
7.413158149606299
21
-4.4785708267716533
0
LINE
8
BLACK
6
CONTINUOUS
10
7.413158149606299
20
-4.4785708267716533
11
7.4131151574803145
21
-4.4785772440944882
0
LINE
8
BLACK
6
CONTINUOUS
10
7.4131151574803145
20
-4.4785772440944882
11
7.4128996456692908
21
-4.4785453543307083
0
LINE
8
BLACK
6
CONTINUOUS
10
7.4128996456692908
20
-4.4785453543307083
11
7.4126826377952755
21
-4.4785240157480315
0
LINE
8
BLACK
6
CONTINUOUS
10
7.4126826377952755
20
-4.4785240157480315
11
7.4126424015748027
21
-4.4785073622047245
0
LINE
8
BLACK
6
CONTINUOUS
10
7.4126424015748027
20
-4.4785073622047245
11
7.4125425590551179
21
-4.4784925984251966
0
LINE
8
BLACK
6
CONTINUOUS
10
7.4125425590551179
20
-4.4784925984251966
11
7.4050435039370077
21
-4.4766178346456691
0
LINE
8
BLACK
6
CONTINUOUS
10
7.4050435039370077
20
-4.4766178346456691
11
7.4050009842519682
21
-4.4766026377952759
0
LINE
8
BLACK
6
CONTINUOUS
10
7.4050009842519682
20
-4.4766026377952759
11
7.4049797244094488
21
-4.4766011417322833
0
LINE
8
BLACK
6
CONTINUOUS
10
7.4049797244094488
20
-4.4766011417322833
11
7.4047399606299207
21
-4.4765093700787402
0
LINE
8
BLACK
6
CONTINUOUS
10
7.4047399606299207
20
-4.4765093700787402
11
7.4044983858267717
21
-4.4764230708661419
0
LINE
8
BLACK
6
CONTINUOUS
10
7.4044983858267717
20
-4.4764230708661419
11
7.4044812204724408
21
-4.4764103543307083
0
LINE
8
BLACK
6
CONTINUOUS
10
7.4044812204724408
20
-4.4764103543307083
11
7.4044391338582676
21
-4.4763942519685038
0
LINE
8
BLACK
6
CONTINUOUS
10
7.4044391338582676
20
-4.4763942519685038
11
7.4006896062992125
21
-4.4745194881889763
0
LINE
8
BLACK
6
CONTINUOUS
10
7.4006896062992125
20
-4.4745194881889763
11
7.4004415748031498
21
-4.4743633858267717
0
LINE
8
BLACK
6
CONTINUOUS
10
7.4004415748031498
20
-4.4743633858267717
11
7.4003696456692909
21
-4.4743335826771649
0
LINE
8
BLACK
6
CONTINUOUS
10
7.4003696456692909
20
-4.4743335826771649
11
7.4002886614173224
21
-4.4742670866141729
0
LINE
8
BLACK
6
CONTINUOUS
10
7.4002886614173224
20
-4.4742670866141729
11
7.4001997244094486
21
-4.4742111417322832
0
LINE
8
BLACK
6
CONTINUOUS
10
7.4001997244094486
20
-4.4742111417322832
11
7.4001485433070862
21
-4.4741521259842516
0
LINE
8
BLACK
6
CONTINUOUS
10
7.4001485433070862
20
-4.4741521259842516
11
7.3999222047244091
21
-4.4739663779527561
0
LINE
8
BLACK
6
CONTINUOUS
10
7.3999222047244091
20
-4.4739663779527561
11
7.3980474409448815
21
-4.4720916141732285
0
LINE
8
BLACK
6
CONTINUOUS
10
7.3980474409448815
20
-4.4720916141732285
11
7.3978616535433073
21
-4.4718652362204727
0
LINE
8
BLACK
6
CONTINUOUS
10
7.3978616535433073
20
-4.4718652362204727
11
7.3978026771653544
21
-4.471814094488189
0
LINE
8
BLACK
6
CONTINUOUS
10
7.3978026771653544
20
-4.471814094488189
11
7.3977466929133859
21
-4.4717251181102364
0
LINE
8
BLACK
6
CONTINUOUS
10
7.3977466929133859
20
-4.4717251181102364
11
7.3976802362204719
21
-4.4716441732283467
0
LINE
8
BLACK
6
CONTINUOUS
10
7.3976802362204719
20
-4.4716441732283467
11
7.3976503937007871
21
-4.4715722047244091
0
LINE
8
BLACK
6
CONTINUOUS
10
7.3976503937007871
20
-4.4715722047244091
11
7.3974943307086614
21
-4.4713242125984252
0
LINE
8
BLACK
6
CONTINUOUS
10
7.3974943307086614
20
-4.4713242125984252
11
7.3956195669291338
21
-4.4675746850393701
0
LINE
8
BLACK
6
CONTINUOUS
10
7.3956195669291338
20
-4.4675746850393701
11
7.3954126771653543
21
-4.46703405511811
0
LINE
8
BLACK
6
CONTINUOUS
10
7.3954126771653543
20
-4.46703405511811
11
7.3954051574803144
21
-4.4669282283464566
0
LINE
8
BLACK
6
CONTINUOUS
10
7.3954051574803144
20
-4.4669282283464566
11
7.3953645669291337
21
-4.4668302362204724
0
LINE
8
BLACK
6
CONTINUOUS
10
7.3953645669291337
20
-4.4668302362204724
11
7.3953078346456689
21
-4.4662541732283465
0
LINE
8
BLACK
6
CONTINUOUS
10
7.3953078346456689
20
-4.4662541732283465
11
7.3953078346456689
21
-4.4625046456692914
0
LINE
8
BLACK
6
CONTINUOUS
10
7.3953078346456689
20
-4.4625046456692914
11
7.3953645669291337
21
-4.4619285826771655
0
LINE
8
BLACK
6
CONTINUOUS
10
7.3953645669291337
20
-4.4619285826771655
11
7.3954051574803144
21
-4.4618305511811025
0
LINE
8
BLACK
6
CONTINUOUS
10
7.3954051574803144
20
-4.4618305511811025
11
7.3954126771653543
21
-4.4617247637795279
0
LINE
8
BLACK
6
CONTINUOUS
10
7.3954126771653543
20
-4.4617247637795279
11
7.3956195669291338
21
-4.4611841338582678
0
LINE
8
BLACK
6
CONTINUOUS
10
7.3956195669291338
20
-4.4611841338582678
11
7.3974943307086614
21
-4.4574346062992127
0
LINE
8
BLACK
6
CONTINUOUS
10
7.3974943307086614
20
-4.4574346062992127
11
7.3976503937007871
21
-4.4571865748031492
0
LINE
8
BLACK
6
CONTINUOUS
10
7.3976503937007871
20
-4.4571865748031492
11
7.3976802362204719
21
-4.4571146456692912
0
LINE
8
BLACK
6
CONTINUOUS
10
7.3976802362204719
20
-4.4571146456692912
11
7.3977466929133859
21
-4.4570336614173227
0
LINE
8
BLACK
6
CONTINUOUS
10
7.3977466929133859
20
-4.4570336614173227
11
7.3978026771653544
21
-4.4569447244094489
0
LINE
8
BLACK
6
CONTINUOUS
10
7.3978026771653544
20
-4.4569447244094489
11
7.3978616535433073
21
-4.4568935433070864
0
LINE
8
BLACK
6
CONTINUOUS
10
7.3978616535433073
20
-4.4568935433070864
11
7.3980474409448815
21
-4.4566672047244094
0
LINE
8
BLACK
6
CONTINUOUS
10
7.3980474409448815
20
-4.4566672047244094
11
7.3999222047244091
21
-4.4547924409448818
0
LINE
8
BLACK
6
CONTINUOUS
10
7.3999222047244091
20
-4.4547924409448818
11
7.4001485433070862
21
-4.4546066535433066
0
LINE
8
BLACK
6
CONTINUOUS
10
7.4001485433070862
20
-4.4546066535433066
11
7.4001997244094486
21
-4.4545476771653538
0
LINE
8
BLACK
6
CONTINUOUS
10
7.4001997244094486
20
-4.4545476771653538
11
7.4002886614173224
21
-4.4544916929133853
0
LINE
8
BLACK
6
CONTINUOUS
10
7.4002886614173224
20
-4.4544916929133853
11
7.4003696456692909
21
-4.4544252362204722
0
LINE
8
BLACK
6
CONTINUOUS
10
7.4003696456692909
20
-4.4544252362204722
11
7.4004415748031498
21
-4.4543953937007874
0
LINE
8
BLACK
6
CONTINUOUS
10
7.4004415748031498
20
-4.4543953937007874
11
7.4006896062992125
21
-4.4542393307086616
0
LINE
8
BLACK
6
CONTINUOUS
10
7.4006896062992125
20
-4.4542393307086616
11
7.4044391338582676
21
-4.4523645669291341
0
LINE
8
BLACK
6
CONTINUOUS
10
7.4044391338582676
20
-4.4523645669291341
11
7.4044812204724408
21
-4.4523484251968499
0
LINE
8
BLACK
6
CONTINUOUS
10
7.4044812204724408
20
-4.4523484251968499
11
7.4044983858267717
21
-4.452335748031496
0
LINE
8
BLACK
6
CONTINUOUS
10
7.4044983858267717
20
-4.452335748031496
11
7.4047399606299207
21
-4.452249409448819
0
LINE
8
BLACK
6
CONTINUOUS
10
7.4047399606299207
20
-4.452249409448819
11
7.4049797244094488
21
-4.4521576771653546
0
LINE
8
BLACK
6
CONTINUOUS
10
7.4049797244094488
20
-4.4521576771653546
11
7.4050009842519682
21
-4.4521561417322832
0
LINE
8
BLACK
6
CONTINUOUS
10
7.4050009842519682
20
-4.4521561417322832
11
7.4050435039370077
21
-4.4521409842519688
0
LINE
8
BLACK
6
CONTINUOUS
10
7.4050435039370077
20
-4.4521409842519688
11
7.4125425590551179
21
-4.4502662204724412
0
LINE
8
BLACK
6
CONTINUOUS
10
7.4125425590551179
20
-4.4502662204724412
11
7.4126424015748027
21
-4.4502514173228347
0
LINE
8
BLACK
6
CONTINUOUS
10
7.4126424015748027
20
-4.4502514173228347
11
7.4126826377952755
21
-4.4502348031496064
0
LINE
8
BLACK
6
CONTINUOUS
10
7.4126826377952755
20
-4.4502348031496064
11
7.4128996456692908
21
-4.4502134251968499
0
LINE
8
BLACK
6
CONTINUOUS
10
7.4128996456692908
20
-4.4502134251968499
11
7.4131151574803145
21
-4.4501815748031497
0
LINE
8
BLACK
6
CONTINUOUS
10
7.4131151574803145
20
-4.4501815748031497
11
7.413158149606299
21
-4.4501879527559058
0
LINE
8
BLACK
6
CONTINUOUS
10
7.413158149606299
20
-4.4501879527559058
11
7.4132587007874013
21
-4.4501780708661416
0
LINE
8
BLACK
6
CONTINUOUS
10
7.4132587007874013
20
-4.4501780708661416
11
7.4226325196850391
21
-4.4501780708661416
0
LINE
8
BLACK
6
CONTINUOUS
10
7.4226325196850391
20
-4.4501780708661416
11
7.4227330314960627
21
-4.4501879527559058
0
LINE
8
BLACK
6
CONTINUOUS
10
7.4067901968503937
20
-4.4577915748031494
11
7.4037592125984251
21
-4.4593070866141735
0
LINE
8
BLACK
6
CONTINUOUS
10
7.4037592125984251
20
-4.4593070866141735
11
7.4025620866141733
21
-4.4605042125984253
0
LINE
8
BLACK
6
CONTINUOUS
10
7.4025620866141733
20
-4.4605042125984253
11
7.4012133464566929
21
-4.463201692913386
0
LINE
8
BLACK
6
CONTINUOUS
10
7.4012133464566929
20
-4.463201692913386
11
7.4012133464566929
21
-4.4655571259842519
0
LINE
8
BLACK
6
CONTINUOUS
10
7.4012133464566929
20
-4.4655571259842519
11
7.4025620866141733
21
-4.4682546062992126
0
LINE
8
BLACK
6
CONTINUOUS
10
7.4025620866141733
20
-4.4682546062992126
11
7.4037592125984251
21
-4.4694517322834644
0
LINE
8
BLACK
6
CONTINUOUS
10
7.4037592125984251
20
-4.4694517322834644
11
7.4067901968503937
21
-4.4709672047244098
0
LINE
8
BLACK
6
CONTINUOUS
10
7.4067901968503937
20
-4.4709672047244098
11
7.4136222440944879
21
-4.4726752362204723
0
LINE
8
BLACK
6
CONTINUOUS
10
7.4136222440944879
20
-4.4726752362204723
11
7.4222689763779526
21
-4.4726752362204723
0
LINE
8
BLACK
6
CONTINUOUS
10
7.4222689763779526
20
-4.4726752362204723
11
7.4291010236220467
21
-4.4709672047244098
0
LINE
8
BLACK
6
CONTINUOUS
10
7.4291010236220467
20
-4.4709672047244098
11
7.4321320078740154
21
-4.4694516929133856
0
LINE
8
BLACK
6
CONTINUOUS
10
7.4321320078740154
20
-4.4694516929133856
11
7.433329173228346
21
-4.4682545669291338
0
LINE
8
BLACK
6
CONTINUOUS
10
7.433329173228346
20
-4.4682545669291338
11
7.4346779133858263
21
-4.4655571259842519
0
LINE
8
BLACK
6
CONTINUOUS
10
7.4346779133858263
20
-4.4655571259842519
11
7.4346779133858263
21
-4.463201692913386
0
LINE
8
BLACK
6
CONTINUOUS
10
7.4346779133858263
20
-4.463201692913386
11
7.433329173228346
21
-4.4605042125984253
0
LINE
8
BLACK
6
CONTINUOUS
10
7.433329173228346
20
-4.4605042125984253
11
7.4321320078740154
21
-4.4593070866141735
0
LINE
8
BLACK
6
CONTINUOUS
10
7.4321320078740154
20
-4.4593070866141735
11
7.4291010236220467
21
-4.4577915748031494
0
LINE
8
BLACK
6
CONTINUOUS
10
7.4291010236220467
20
-4.4577915748031494
11
7.4222689763779526
21
-4.4560835826771656
0
LINE
8
BLACK
6
CONTINUOUS
10
7.4222689763779526
20
-4.4560835826771656
11
7.4136222440944879
21
-4.4560835826771656
0
LINE
8
BLACK
6
CONTINUOUS
10
7.4136222440944879
20
-4.4560835826771656
11
7.4067901968503937
21
-4.4577915748031494
0
LINE
8
BLACK
6
CONTINUOUS
10
7.4382067322834642
20
-4.3696198425196853
11
7.4392711417322834
21
-4.3700607480314959
0
LINE
8
BLACK
6
CONTINUOUS
10
7.4392711417322834
20
-4.3700607480314959
11
7.4400857874015749
21
-4.3708753937007874
0
LINE
8
BLACK
6
CONTINUOUS
10
7.4400857874015749
20
-4.3708753937007874
11
7.4405266929133855
21
-4.3719398031496066
0
LINE
8
BLACK
6
CONTINUOUS
10
7.4405266929133855
20
-4.3719398031496066
11
7.4405266929133855
21
-4.3730919291338584
0
LINE
8
BLACK
6
CONTINUOUS
10
7.4405266929133855
20
-4.3730919291338584
11
7.4400857874015749
21
-4.3741563385826767
0
LINE
8
BLACK
6
CONTINUOUS
10
7.4400857874015749
20
-4.3741563385826767
11
7.4392711417322834
21
-4.3749709842519682
0
LINE
8
BLACK
6
CONTINUOUS
10
7.4392711417322834
20
-4.3749709842519682
11
7.4382067322834642
21
-4.3754118897637797
0
LINE
8
BLACK
6
CONTINUOUS
10
7.4382067322834642
20
-4.3754118897637797
11
7.4376306692913383
21
-4.3754686220472436
0
LINE
8
BLACK
6
CONTINUOUS
10
7.4376306692913383
20
-4.3754686220472436
11
7.417705275590551
21
-4.3754686220472436
0
LINE
8
BLACK
6
CONTINUOUS
10
7.417705275590551
20
-4.3754686220472436
11
7.4154595275590554
21
-4.3765914566929132
0
LINE
8
BLACK
6
CONTINUOUS
10
7.4154595275590554
20
-4.3765914566929132
11
7.4143366929133858
21
-4.3788372047244097
0
LINE
8
BLACK
6
CONTINUOUS
10
7.4143366929133858
20
-4.3788372047244097
11
7.4143366929133858
21
-4.383067440944882
0
LINE
8
BLACK
6
CONTINUOUS
10
7.4143366929133858
20
-4.383067440944882
11
7.4154595275590554
21
-4.3853131496062989
0
LINE
8
BLACK
6
CONTINUOUS
10
7.4154595275590554
20
-4.3853131496062989
11
7.417705275590551
21
-4.3864360236220472
0
LINE
8
BLACK
6
CONTINUOUS
10
7.417705275590551
20
-4.3864360236220472
11
7.4376306692913383
21
-4.3864360236220472
0
LINE
8
BLACK
6
CONTINUOUS
10
7.4376306692913383
20
-4.3864360236220472
11
7.4382067322834642
21
-4.386492755905512
0
LINE
8
BLACK
6
CONTINUOUS
10
7.4382067322834642
20
-4.386492755905512
11
7.4392711417322834
21
-4.3869336614173227
0
LINE
8
BLACK
6
CONTINUOUS
10
7.4392711417322834
20
-4.3869336614173227
11
7.4400857874015749
21
-4.3877483070866141
0
LINE
8
BLACK
6
CONTINUOUS
10
7.4400857874015749
20
-4.3877483070866141
11
7.4405266929133855
21
-4.3888127165354334
0
LINE
8
BLACK
6
CONTINUOUS
10
7.4405266929133855
20
-4.3888127165354334
11
7.4405266929133855
21
-4.3899648425196851
0
LINE
8
BLACK
6
CONTINUOUS
10
7.4405266929133855
20
-4.3899648425196851
11
7.4400857874015749
21
-4.3910292519685035
0
LINE
8
BLACK
6
CONTINUOUS
10
7.4400857874015749
20
-4.3910292519685035
11
7.4392711417322834
21
-4.3918438976377949
0
LINE
8
BLACK
6
CONTINUOUS
10
7.4392711417322834
20
-4.3918438976377949
11
7.4382067322834642
21
-4.3922848031496065
0
LINE
8
BLACK
6
CONTINUOUS
10
7.4382067322834642
20
-4.3922848031496065
11
7.4376306692913383
21
-4.3923415354330704
0
LINE
8
BLACK
6
CONTINUOUS
10
7.4376306692913383
20
-4.3923415354330704
11
7.417705275590551
21
-4.3923415354330704
0
LINE
8
BLACK
6
CONTINUOUS
10
7.417705275590551
20
-4.3923415354330704
11
7.4154595275590554
21
-4.3934643700787399
0
LINE
8
BLACK
6
CONTINUOUS
10
7.4154595275590554
20
-4.3934643700787399
11
7.4143366929133858
21
-4.3957101181102365
0
LINE
8
BLACK
6
CONTINUOUS
10
7.4143366929133858
20
-4.3957101181102365
11
7.4143366929133858
21
-4.39994031496063
0
LINE
8
BLACK
6
CONTINUOUS
10
7.4143366929133858
20
-4.39994031496063
11
7.4156854330708661
21
-4.4026377952755906
0
LINE
8
BLACK
6
CONTINUOUS
10
7.4156854330708661
20
-4.4026377952755906
11
7.4163565354330707
21
-4.4033088976377952
0
LINE
8
BLACK
6
CONTINUOUS
10
7.4163565354330707
20
-4.4033088976377952
11
7.4376306692913383
21
-4.4033088976377952
0
LINE
8
BLACK
6
CONTINUOUS
10
7.4376306692913383
20
-4.4033088976377952
11
7.4382067322834642
21
-4.40336562992126
0
LINE
8
BLACK
6
CONTINUOUS
10
7.4382067322834642
20
-4.40336562992126
11
7.4392711417322834
21
-4.4038065354330707
0
LINE
8
BLACK
6
CONTINUOUS
10
7.4392711417322834
20
-4.4038065354330707
11
7.4400857874015749
21
-4.4046211811023621
0
LINE
8
BLACK
6
CONTINUOUS
10
7.4400857874015749
20
-4.4046211811023621
11
7.4405266929133855
21
-4.4056855905511814
0
LINE
8
BLACK
6
CONTINUOUS
10
7.4405266929133855
20
-4.4056855905511814
11
7.4405266929133855
21
-4.4068377165354331
0
LINE
8
BLACK
6
CONTINUOUS
10
7.4405266929133855
20
-4.4068377165354331
11
7.4400857874015749
21
-4.4079021259842515
0
LINE
8
BLACK
6
CONTINUOUS
10
7.4400857874015749
20
-4.4079021259842515
11
7.4392711417322834
21
-4.4087167716535429
0
LINE
8
BLACK
6
CONTINUOUS
10
7.4392711417322834
20
-4.4087167716535429
11
7.4382067322834642
21
-4.4091576771653544
0
LINE
8
BLACK
6
CONTINUOUS
10
7.4382067322834642
20
-4.4091576771653544
11
7.4376306692913383
21
-4.4092144094488184
0
LINE
8
BLACK
6
CONTINUOUS
10
7.4376306692913383
20
-4.4092144094488184
11
7.4113839370078738
21
-4.4092144094488184
0
LINE
8
BLACK
6
CONTINUOUS
10
7.4113839370078738
20
-4.4092144094488184
11
7.4108078740157479
21
-4.4091576771653544
0
LINE
8
BLACK
6
CONTINUOUS
10
7.4108078740157479
20
-4.4091576771653544
11
7.4097434645669287
21
-4.4087167716535429
0
LINE
8
BLACK
6
CONTINUOUS
10
7.4097434645669287
20
-4.4087167716535429
11
7.4089288188976372
21
-4.4079021259842515
0
LINE
8
BLACK
6
CONTINUOUS
10
7.4089288188976372
20
-4.4079021259842515
11
7.4084879133858266
21
-4.4068377165354331
0
LINE
8
BLACK
6
CONTINUOUS
10
7.4084879133858266
20
-4.4068377165354331
11
7.4084879133858266
21
-4.4056855905511814
0
LINE
8
BLACK
6
CONTINUOUS
10
7.4084879133858266
20
-4.4056855905511814
11
7.4089288188976372
21
-4.4046211811023621
0
LINE
8
BLACK
6
CONTINUOUS
10
7.4089288188976372
20
-4.4046211811023621
11
7.409692637795275
21
-4.4038573228346456
0
LINE
8
BLACK
6
CONTINUOUS
10
7.409692637795275
20
-4.4038573228346456
11
7.4087429133858267
21
-4.4019578740157481
0
LINE
8
BLACK
6
CONTINUOUS
10
7.4087429133858267
20
-4.4019578740157481
11
7.4085360236220472
21
-4.4014172440944881
0
LINE
8
BLACK
6
CONTINUOUS
10
7.4085360236220472
20
-4.4014172440944881
11
7.4085285039370081
21
-4.4013114173228347
0
LINE
8
BLACK
6
CONTINUOUS
10
7.4085285039370081
20
-4.4013114173228347
11
7.4084879133858266
21
-4.4012134251968504
0
LINE
8
BLACK
6
CONTINUOUS
10
7.4084879133858266
20
-4.4012134251968504
11
7.4084311811023618
21
-4.4006373622047246
0
LINE
8
BLACK
6
CONTINUOUS
10
7.4084311811023618
20
-4.4006373622047246
11
7.4084311811023618
21
-4.3950130708661419
0
LINE
8
BLACK
6
CONTINUOUS
10
7.4084311811023618
20
-4.3950130708661419
11
7.4084879133858266
21
-4.394437007874016
0
LINE
8
BLACK
6
CONTINUOUS
10
7.4084879133858266
20
-4.394437007874016
11
7.4085285039370081
21
-4.394338976377953
0
LINE
8
BLACK
6
CONTINUOUS
10
7.4085285039370081
20
-4.394338976377953
11
7.4085360236220472
21
-4.3942331889763775
0
LINE
8
BLACK
6
CONTINUOUS
10
7.4085360236220472
20
-4.3942331889763775
11
7.4087429133858267
21
-4.3936925590551184
0
LINE
8
BLACK
6
CONTINUOUS
10
7.4087429133858267
20
-4.3936925590551184
11
7.4106176771653542
21
-4.3899430314960632
0
LINE
8
BLACK
6
CONTINUOUS
10
7.4106176771653542
20
-4.3899430314960632
11
7.4106783070866138
21
-4.3898466535433069
0
LINE
8
BLACK
6
CONTINUOUS
10
7.4106783070866138
20
-4.3898466535433069
11
7.4106934645669291
21
-4.3898012598425193
0
LINE
8
BLACK
6
CONTINUOUS
10
7.4106934645669291
20
-4.3898012598425193
11
7.4107424803149602
21
-4.3897446850393695
0
LINE
8
BLACK
6
CONTINUOUS
10
7.4107424803149602
20
-4.3897446850393695
11
7.4109260236220473
21
-4.3894531496062994
0
LINE
8
BLACK
6
CONTINUOUS
10
7.4109260236220473
20
-4.3894531496062994
11
7.4110002362204721
21
-4.3893887795275592
0
LINE
8
BLACK
6
CONTINUOUS
10
7.4110002362204721
20
-4.3893887795275592
11
7.4109260236220473
21
-4.3893244094488191
0
LINE
8
BLACK
6
CONTINUOUS
10
7.4109260236220473
20
-4.3893244094488191
11
7.4107424803149602
21
-4.3890328346456693
0
LINE
8
BLACK
6
CONTINUOUS
10
7.4107424803149602
20
-4.3890328346456693
11
7.4106934645669291
21
-4.3889762992125982
0
LINE
8
BLACK
6
CONTINUOUS
10
7.4106934645669291
20
-4.3889762992125982
11
7.4106783070866138
21
-4.3889308661417319
0
LINE
8
BLACK
6
CONTINUOUS
10
7.4106783070866138
20
-4.3889308661417319
11
7.4106176771653542
21
-4.3888345275590552
0
LINE
8
BLACK
6
CONTINUOUS
10
7.4106176771653542
20
-4.3888345275590552
11
7.4087429133858267
21
-4.3850850000000001
0
LINE
8
BLACK
6
CONTINUOUS
10
7.4087429133858267
20
-4.3850850000000001
11
7.4085360236220472
21
-4.3845443700787401
0
LINE
8
BLACK
6
CONTINUOUS
10
7.4085360236220472
20
-4.3845443700787401
11
7.4085285039370081
21
-4.3844385433070867
0
LINE
8
BLACK
6
CONTINUOUS
10
7.4085285039370081
20
-4.3844385433070867
11
7.4084879133858266
21
-4.3843405511811024
0
LINE
8
BLACK
6
CONTINUOUS
10
7.4084879133858266
20
-4.3843405511811024
11
7.4084311811023618
21
-4.3837644881889766
0
LINE
8
BLACK
6
CONTINUOUS
10
7.4084311811023618
20
-4.3837644881889766
11
7.4084311811023618
21
-4.3781401968503939
0
LINE
8
BLACK
6
CONTINUOUS
10
7.4084311811023618
20
-4.3781401968503939
11
7.4084879133858266
21
-4.377564133858268
0
LINE
8
BLACK
6
CONTINUOUS
10
7.4084879133858266
20
-4.377564133858268
11
7.4085285039370081
21
-4.377466102362205
0
LINE
8
BLACK
6
CONTINUOUS
10
7.4085285039370081
20
-4.377466102362205
11
7.4085360236220472
21
-4.3773603149606295
0
LINE
8
BLACK
6
CONTINUOUS
10
7.4085360236220472
20
-4.3773603149606295
11
7.4087429133858267
21
-4.3768196850393704
0
LINE
8
BLACK
6
CONTINUOUS
10
7.4087429133858267
20
-4.3768196850393704
11
7.4106176771653542
21
-4.3730701181102365
0
LINE
8
BLACK
6
CONTINUOUS
10
7.4106176771653542
20
-4.3730701181102365
11
7.4106783070866138
21
-4.3729737795275589
0
LINE
8
BLACK
6
CONTINUOUS
10
7.4106783070866138
20
-4.3729737795275589
11
7.4106934645669291
21
-4.3729283464566926
0
LINE
8
BLACK
6
CONTINUOUS
10
7.4106934645669291
20
-4.3729283464566926
11
7.4107425196850389
21
-4.372871732283464
0
LINE
8
BLACK
6
CONTINUOUS
10
7.4107425196850389
20
-4.372871732283464
11
7.4109260236220473
21
-4.3725802755905514
0
LINE
8
BLACK
6
CONTINUOUS
10
7.4109260236220473
20
-4.3725802755905514
11
7.4112056299212599
21
-4.3723377559055114
0
LINE
8
BLACK
6
CONTINUOUS
10
7.4112056299212599
20
-4.3723377559055114
11
7.411448307086614
21
-4.3720579527559051
0
LINE
8
BLACK
6
CONTINUOUS
10
7.411448307086614
20
-4.3720579527559051
11
7.411739842519685
21
-4.3718744094488189
0
LINE
8
BLACK
6
CONTINUOUS
10
7.411739842519685
20
-4.3718744094488189
11
7.4117964173228348
21
-4.3718253937007869
0
LINE
8
BLACK
6
CONTINUOUS
10
7.4117964173228348
20
-4.3718253937007869
11
7.4118418110236215
21
-4.3718102362204725
0
LINE
8
BLACK
6
CONTINUOUS
10
7.4118418110236215
20
-4.3718102362204725
11
7.4119381889763778
21
-4.3717496062992129
0
LINE
8
BLACK
6
CONTINUOUS
10
7.4119381889763778
20
-4.3717496062992129
11
7.4156877165354329
21
-4.3698748425196845
0
LINE
8
BLACK
6
CONTINUOUS
10
7.4156877165354329
20
-4.3698748425196845
11
7.4162283070866142
21
-4.369667952755905
0
LINE
8
BLACK
6
CONTINUOUS
10
7.4162283070866142
20
-4.369667952755905
11
7.4163341732283463
21
-4.3696603937007872
0
LINE
8
BLACK
6
CONTINUOUS
10
7.4163341732283463
20
-4.3696603937007872
11
7.4164321653543306
21
-4.3696198425196853
0
LINE
8
BLACK
6
CONTINUOUS
10
7.4164321653543306
20
-4.3696198425196853
11
7.4170082283464565
21
-4.3695631102362205
0
LINE
8
BLACK
6
CONTINUOUS
10
7.4170082283464565
20
-4.3695631102362205
11
7.4376306692913383
21
-4.3695631102362205
0
LINE
8
BLACK
6
CONTINUOUS
10
7.4376306692913383
20
-4.3695631102362205
11
7.4382067322834642
21
-4.3696198425196853
0
LINE
8
BLACK
6
CONTINUOUS
10
7.4382067322834642
20
-4.317126417322835
11
7.4392711417322834
21
-4.3175673228346456
0
LINE
8
BLACK
6
CONTINUOUS
10
7.4392711417322834
20
-4.3175673228346456
11
7.4400857874015749
21
-4.3183819685039371
0
LINE
8
BLACK
6
CONTINUOUS
10
7.4400857874015749
20
-4.3183819685039371
11
7.4405266929133855
21
-4.3194463779527554
0
LINE
8
BLACK
6
CONTINUOUS
10
7.4405266929133855
20
-4.3194463779527554
11
7.4405266929133855
21
-4.3205985039370081
0
LINE
8
BLACK
6
CONTINUOUS
10
7.4405266929133855
20
-4.3205985039370081
11
7.4400857874015749
21
-4.3216629133858264
0
LINE
8
BLACK
6
CONTINUOUS
10
7.4400857874015749
20
-4.3216629133858264
11
7.4392711417322834
21
-4.3224775590551179
0
LINE
8
BLACK
6
CONTINUOUS
10
7.4392711417322834
20
-4.3224775590551179
11
7.4382067322834642
21
-4.3229184645669294
0
LINE
8
BLACK
6
CONTINUOUS
10
7.4382067322834642
20
-4.3229184645669294
11
7.4376306692913383
21
-4.3229751968503933
0
LINE
8
BLACK
6
CONTINUOUS
10
7.4376306692913383
20
-4.3229751968503933
11
7.417705275590551
21
-4.3229751968503933
0
LINE
8
BLACK
6
CONTINUOUS
10
7.417705275590551
20
-4.3229751968503933
11
7.4154595275590554
21
-4.3240980314960629
0
LINE
8
BLACK
6
CONTINUOUS
10
7.4154595275590554
20
-4.3240980314960629
11
7.4143366929133858
21
-4.3263437795275586
0
LINE
8
BLACK
6
CONTINUOUS
10
7.4143366929133858
20
-4.3263437795275586
11
7.4143366929133858
21
-4.3305740157480317
0
LINE
8
BLACK
6
CONTINUOUS
10
7.4143366929133858
20
-4.3305740157480317
11
7.4154595275590554
21
-4.3328197244094486
0
LINE
8
BLACK
6
CONTINUOUS
10
7.4154595275590554
20
-4.3328197244094486
11
7.417705275590551
21
-4.3339425984251969
0
LINE
8
BLACK
6
CONTINUOUS
10
7.417705275590551
20
-4.3339425984251969
11
7.4376306692913383
21
-4.3339425984251969
0
LINE
8
BLACK
6
CONTINUOUS
10
7.4376306692913383
20
-4.3339425984251969
11
7.4382067322834642
21
-4.3339993307086617
0
LINE
8
BLACK
6
CONTINUOUS
10
7.4382067322834642
20
-4.3339993307086617
11
7.4392711417322834
21
-4.3344402362204724
0
LINE
8
BLACK
6
CONTINUOUS
10
7.4392711417322834
20
-4.3344402362204724
11
7.4400857874015749
21
-4.3352548818897638
0
LINE
8
BLACK
6
CONTINUOUS
10
7.4400857874015749
20
-4.3352548818897638
11
7.4405266929133855
21
-4.3363192913385822
0
LINE
8
BLACK
6
CONTINUOUS
10
7.4405266929133855
20
-4.3363192913385822
11
7.4405266929133855
21
-4.3374714173228348
0
LINE
8
BLACK
6
CONTINUOUS
10
7.4405266929133855
20
-4.3374714173228348
11
7.4400857874015749
21
-4.3385358267716532
0
LINE
8
BLACK
6
CONTINUOUS
10
7.4400857874015749
20
-4.3385358267716532
11
7.4392711417322834
21
-4.3393504724409446
0
LINE
8
BLACK
6
CONTINUOUS
10
7.4392711417322834
20
-4.3393504724409446
11
7.4382067322834642
21
-4.3397913779527562
0
LINE
8
BLACK
6
CONTINUOUS
10
7.4382067322834642
20
-4.3397913779527562
11
7.4376306692913383
21
-4.3398481102362201
0
LINE
8
BLACK
6
CONTINUOUS
10
7.4376306692913383
20
-4.3398481102362201
11
7.417705275590551
21
-4.3398481102362201
0
LINE
8
BLACK
6
CONTINUOUS
10
7.417705275590551
20
-4.3398481102362201
11
7.4154595275590554
21
-4.3409709448818896
0
LINE
8
BLACK
6
CONTINUOUS
10
7.4154595275590554
20
-4.3409709448818896
11
7.4143366929133858
21
-4.3432166929133853
0
LINE
8
BLACK
6
CONTINUOUS
10
7.4143366929133858
20
-4.3432166929133853
11
7.4143366929133858
21
-4.3474468897637797
0
LINE
8
BLACK
6
CONTINUOUS
10
7.4143366929133858
20
-4.3474468897637797
11
7.4156854330708661
21
-4.3501443700787403
0
LINE
8
BLACK
6
CONTINUOUS
10
7.4156854330708661
20
-4.3501443700787403
11
7.4163565354330707
21
-4.3508154724409449
0
LINE
8
BLACK
6
CONTINUOUS
10
7.4163565354330707
20
-4.3508154724409449
11
7.4376306692913383
21
-4.3508154724409449
0
LINE
8
BLACK
6
CONTINUOUS
10
7.4376306692913383
20
-4.3508154724409449
11
7.4382067322834642
21
-4.3508722047244097
0
LINE
8
BLACK
6
CONTINUOUS
10
7.4382067322834642
20
-4.3508722047244097
11
7.4392711417322834
21
-4.3513131102362204
0
LINE
8
BLACK
6
CONTINUOUS
10
7.4392711417322834
20
-4.3513131102362204
11
7.4400857874015749
21
-4.3521277559055118
0
LINE
8
BLACK
6
CONTINUOUS
10
7.4400857874015749
20
-4.3521277559055118
11
7.4405266929133855
21
-4.3531921653543302
0
LINE
8
BLACK
6
CONTINUOUS
10
7.4405266929133855
20
-4.3531921653543302
11
7.4405266929133855
21
-4.3543442913385828
0
LINE
8
BLACK
6
CONTINUOUS
10
7.4405266929133855
20
-4.3543442913385828
11
7.4400857874015749
21
-4.3554087007874012
0
LINE
8
BLACK
6
CONTINUOUS
10
7.4400857874015749
20
-4.3554087007874012
11
7.4392711417322834
21
-4.3562233464566926
0
LINE
8
BLACK
6
CONTINUOUS
10
7.4392711417322834
20
-4.3562233464566926
11
7.4382067322834642
21
-4.3566642519685042
0
LINE
8
BLACK
6
CONTINUOUS
10
7.4382067322834642
20
-4.3566642519685042
11
7.4376306692913383
21
-4.3567209842519681
0
LINE
8
BLACK
6
CONTINUOUS
10
7.4376306692913383
20
-4.3567209842519681
11
7.4113839370078738
21
-4.3567209842519681
0
LINE
8
BLACK
6
CONTINUOUS
10
7.4113839370078738
20
-4.3567209842519681
11
7.4108078740157479
21
-4.3566642519685042
0
LINE
8
BLACK
6
CONTINUOUS
10
7.4108078740157479
20
-4.3566642519685042
11
7.4097434645669287
21
-4.3562233464566926
0
LINE
8
BLACK
6
CONTINUOUS
10
7.4097434645669287
20
-4.3562233464566926
11
7.4089288188976372
21
-4.3554087007874012
0
LINE
8
BLACK
6
CONTINUOUS
10
7.4089288188976372
20
-4.3554087007874012
11
7.4084879133858266
21
-4.3543442913385828
0
LINE
8
BLACK
6
CONTINUOUS
10
7.4084879133858266
20
-4.3543442913385828
11
7.4084879133858266
21
-4.3531921653543302
0
LINE
8
BLACK
6
CONTINUOUS
10
7.4084879133858266
20
-4.3531921653543302
11
7.4089288188976372
21
-4.3521277559055118
0
LINE
8
BLACK
6
CONTINUOUS
10
7.4089288188976372
20
-4.3521277559055118
11
7.409692637795275
21
-4.3513638976377953
0
LINE
8
BLACK
6
CONTINUOUS
10
7.409692637795275
20
-4.3513638976377953
11
7.4087429133858267
21
-4.3494644488188978
0
LINE
8
BLACK
6
CONTINUOUS
10
7.4087429133858267
20
-4.3494644488188978
11
7.4085360236220472
21
-4.3489238188976378
0
LINE
8
BLACK
6
CONTINUOUS
10
7.4085360236220472
20
-4.3489238188976378
11
7.4085285039370081
21
-4.3488179921259844
0
LINE
8
BLACK
6
CONTINUOUS
10
7.4085285039370081
20
-4.3488179921259844
11
7.4084879133858266
21
-4.3487200000000001
0
LINE
8
BLACK
6
CONTINUOUS
10
7.4084879133858266
20
-4.3487200000000001
11
7.4084311811023618
21
-4.3481439370078743
0
LINE
8
BLACK
6
CONTINUOUS
10
7.4084311811023618
20
-4.3481439370078743
11
7.4084311811023618
21
-4.3425196456692916
0
LINE
8
BLACK
6
CONTINUOUS
10
7.4084311811023618
20
-4.3425196456692916
11
7.4084879133858266
21
-4.3419435826771648
0
LINE
8
BLACK
6
CONTINUOUS
10
7.4084879133858266
20
-4.3419435826771648
11
7.4085285039370081
21
-4.3418455511811018
0
LINE
8
BLACK
6
CONTINUOUS
10
7.4085285039370081
20
-4.3418455511811018
11
7.4085360236220472
21
-4.3417397637795272
0
LINE
8
BLACK
6
CONTINUOUS
10
7.4085360236220472
20
-4.3417397637795272
11
7.4087429133858267
21
-4.3411991338582681
0
LINE
8
BLACK
6
CONTINUOUS
10
7.4087429133858267
20
-4.3411991338582681
11
7.4106176771653542
21
-4.3374496062992121
0
LINE
8
BLACK
6
CONTINUOUS
10
7.4106176771653542
20
-4.3374496062992121
11
7.4106783070866138
21
-4.3373532283464566
0
LINE
8
BLACK
6
CONTINUOUS
10
7.4106783070866138
20
-4.3373532283464566
11
7.4106934645669291
21
-4.337307834645669
0
LINE
8
BLACK
6
CONTINUOUS
10
7.4106934645669291
20
-4.337307834645669
11
7.4107424803149602
21
-4.3372512598425192
0
LINE
8
BLACK
6
CONTINUOUS
10
7.4107424803149602
20
-4.3372512598425192
11
7.4109260236220473
21
-4.3369597244094491
0
LINE
8
BLACK
6
CONTINUOUS
10
7.4109260236220473
20
-4.3369597244094491
11
7.4110002362204721
21
-4.3368953543307089
0
LINE
8
BLACK
6
CONTINUOUS
10
7.4110002362204721
20
-4.3368953543307089
11
7.4109260236220473
21
-4.3368309842519688
0
LINE
8
BLACK
6
CONTINUOUS
10
7.4109260236220473
20
-4.3368309842519688
11
7.4107424803149602
21
-4.336539409448819
0
LINE
8
BLACK
6
CONTINUOUS
10
7.4107424803149602
20
-4.336539409448819
11
7.4106934645669291
21
-4.3364828740157479
0
LINE
8
BLACK
6
CONTINUOUS
10
7.4106934645669291
20
-4.3364828740157479
11
7.4106783070866138
21
-4.3364374409448816
0
LINE
8
BLACK
6
CONTINUOUS
10
7.4106783070866138
20
-4.3364374409448816
11
7.4106176771653542
21
-4.3363411023622049
0
LINE
8
BLACK
6
CONTINUOUS
10
7.4106176771653542
20
-4.3363411023622049
11
7.4087429133858267
21
-4.3325915748031498
0
LINE
8
BLACK
6
CONTINUOUS
10
7.4087429133858267
20
-4.3325915748031498
11
7.4085360236220472
21
-4.3320509448818898
0
LINE
8
BLACK
6
CONTINUOUS
10
7.4085360236220472
20
-4.3320509448818898
11
7.4085285039370081
21
-4.3319451181102364
0
LINE
8
BLACK
6
CONTINUOUS
10
7.4085285039370081
20
-4.3319451181102364
11
7.4084879133858266
21
-4.3318471259842521
0
LINE
8
BLACK
6
CONTINUOUS
10
7.4084879133858266
20
-4.3318471259842521
11
7.4084311811023618
21
-4.3312710629921263
0
LINE
8
BLACK
6
CONTINUOUS
10
7.4084311811023618
20
-4.3312710629921263
11
7.4084311811023618
21
-4.3256467716535436
0
LINE
8
BLACK
6
CONTINUOUS
10
7.4084311811023618
20
-4.3256467716535436
11
7.4084879133858266
21
-4.3250707086614169
0
LINE
8
BLACK
6
CONTINUOUS
10
7.4084879133858266
20
-4.3250707086614169
11
7.4085285039370081
21
-4.3249726771653538
0
LINE
8
BLACK
6
CONTINUOUS
10
7.4085285039370081
20
-4.3249726771653538
11
7.4085360236220472
21
-4.3248668897637792
0
LINE
8
BLACK
6
CONTINUOUS
10
7.4085360236220472
20
-4.3248668897637792
11
7.4087429133858267
21
-4.3243262598425192
0
LINE
8
BLACK
6
CONTINUOUS
10
7.4087429133858267
20
-4.3243262598425192
11
7.4106176771653542
21
-4.3205766929133853
0
LINE
8
BLACK
6
CONTINUOUS
10
7.4106176771653542
20
-4.3205766929133853
11
7.4106783070866138
21
-4.3204803543307086
0
LINE
8
BLACK
6
CONTINUOUS
10
7.4106783070866138
20
-4.3204803543307086
11
7.4106934645669291
21
-4.3204349212598423
0
LINE
8
BLACK
6
CONTINUOUS
10
7.4106934645669291
20
-4.3204349212598423
11
7.4107425196850389
21
-4.3203783070866137
0
LINE
8
BLACK
6
CONTINUOUS
10
7.4107425196850389
20
-4.3203783070866137
11
7.4109260236220473
21
-4.3200868503937011
0
LINE
8
BLACK
6
CONTINUOUS
10
7.4109260236220473
20
-4.3200868503937011
11
7.4112056299212599
21
-4.3198443307086611
0
LINE
8
BLACK
6
CONTINUOUS
10
7.4112056299212599
20
-4.3198443307086611
11
7.411448307086614
21
-4.3195645275590548
0
LINE
8
BLACK
6
CONTINUOUS
10
7.411448307086614
20
-4.3195645275590548
11
7.411739842519685
21
-4.3193809842519686
0
LINE
8
BLACK
6
CONTINUOUS
10
7.411739842519685
20
-4.3193809842519686
11
7.4117964173228348
21
-4.3193319685039366
0
LINE
8
BLACK
6
CONTINUOUS
10
7.4117964173228348
20
-4.3193319685039366
11
7.4118418110236215
21
-4.3193168110236222
0
LINE
8
BLACK
6
CONTINUOUS
10
7.4118418110236215
20
-4.3193168110236222
11
7.4119381889763778
21
-4.3192561811023618
0
LINE
8
BLACK
6
CONTINUOUS
10
7.4119381889763778
20
-4.3192561811023618
11
7.4156877165354329
21
-4.3173814173228342
0
LINE
8
BLACK
6
CONTINUOUS
10
7.4156877165354329
20
-4.3173814173228342
11
7.4162283070866142
21
-4.3171745275590547
0
LINE
8
BLACK
6
CONTINUOUS
10
7.4162283070866142
20
-4.3171745275590547
11
7.4163341732283463
21
-4.3171669685039369
0
LINE
8
BLACK
6
CONTINUOUS
10
7.4163341732283463
20
-4.3171669685039369
11
7.4164321653543306
21
-4.317126417322835
0
LINE
8
BLACK
6
CONTINUOUS
10
7.4164321653543306
20
-4.317126417322835
11
7.4170082283464565
21
-4.3170696850393702
0
LINE
8
BLACK
6
CONTINUOUS
10
7.4170082283464565
20
-4.3170696850393702
11
7.4376306692913383
21
-4.3170696850393702
0
LINE
8
BLACK
6
CONTINUOUS
10
7.4376306692913383
20
-4.3170696850393702
11
7.4382067322834642
21
-4.317126417322835
0
CIRCLE
8
BLACK
10
5.5
20
-4.0999999999999996
40
0.0068897637795276
0
CIRCLE
8
BLACK
10
7.0999999999999996
20
-4.8999999999999995
40
0.0068897637795276
0
CIRCLE
8
BLACK
10
5.4299999999999997
20
-4.6799999999999997
40
0.0068897637795276
0
CIRCLE
8
BLACK
10
5.5300000000000002
20
-4.6799999999999997
40
0.0068897637795276
0
CIRCLE
8
BLACK
10
6.5788188976377953
20
-4.1499999999999995
40
0.0068897637795276
0
CIRCLE
8
BLACK
10
6.5788188976377953
20
-4.0499999999999998
40
0.0068897637795276
0
CIRCLE
8
BLACK
10
6.7796062992125981
20
-4.1499999999999995
40
0.0068897637795276
0
CIRCLE
8
BLACK
10
6.7796062992125981
20
-4.0499999999999998
40
0.0068897637795276
0
CIRCLE
8
BLACK
10
6.440787401574803
20
-4.1499999999999995
40
0.0068897637795276
0
CIRCLE
8
BLACK
10
6.440787401574803
20
-4.0499999999999998
40
0.0068897637795276
0
CIRCLE
8
BLACK
10
7.0620000000000003
20
-4.5
40
0.0068897637795276
0
CIRCLE
8
BLACK
10
6.9619999999999997
20
-4.5999999999999996
40
0.0068897637795276
0
CIRCLE
8
BLACK
10
7.1619999999999999
20
-4.5999999999999996
40
0.0068897637795276
0
CIRCLE
8
BLACK
10
6.9619999999999997
20
-4.3999999999999995
40
0.0068897637795276
0
CIRCLE
8
BLACK
10
7.1619999999999999
20
-4.3999999999999995
40
0.0068897637795276
0
CIRCLE
8
BLACK
10
6.0392125984251965
20
-4.1499999999999995
40
0.0068897637795276
0
CIRCLE
8
BLACK
10
6.0392125984251965
20
-4.0499999999999998
40
0.0068897637795276
0
CIRCLE
8
BLACK
10
6.8799999999999999
20
-4.1499999999999995
40
0.0068897637795276
0
CIRCLE
8
BLACK
10
6.8799999999999999
20
-4.0499999999999998
40
0.0068897637795276
0
CIRCLE
8
BLACK
10
6.1396062992125984
20
-4.1499999999999995
40
0.0068897637795276
0
CIRCLE
8
BLACK
10
6.1396062992125984
20
-4.0499999999999998
40
0.0068897637795276
0
CIRCLE
8
BLACK
10
6.2400000000000002
20
-4.1499999999999995
40
0.0068897637795276
0
CIRCLE
8
BLACK
10
6.2400000000000002
20
-4.0499999999999998
40
0.0068897637795276
0
CIRCLE
8
BLACK
10
6.3403937007874012
20
-4.1499999999999995
40
0.0068897637795276
0
CIRCLE
8
BLACK
10
6.3403937007874012
20
-4.0499999999999998
40
0.0068897637795276
0
CIRCLE
8
BLACK
10
6.6792125984251971
20
-4.1499999999999995
40
0.0068897637795276
0
CIRCLE
8
BLACK
10
6.6792125984251971
20
-4.0499999999999998
40
0.0068897637795276
0
CIRCLE
8
BLACK
10
7.0999999999999996
20
-4.0999999999999996
40
0.0068897637795276
0
CIRCLE
8
BLACK
10
5.7199999999999998
20
-4.1499999999999995
40
0.0068897637795276
0
CIRCLE
8
BLACK
10
5.7199999999999998
20
-4.0499999999999998
40
0.0068897637795276
0
CIRCLE
8
BLACK
10
5.8200000000000003
20
-4.1499999999999995
40
0.0068897637795276
0
CIRCLE
8
BLACK
10
5.8200000000000003
20
-4.0499999999999998
40
0.0068897637795276
0
CIRCLE
8
BLACK
10
5.9199999999999999
20
-4.1499999999999995
40
0.0068897637795276
0
CIRCLE
8
BLACK
10
5.9199999999999999
20
-4.0499999999999998
40
0.0068897637795276
0
CIRCLE
8
BLACK
10
5.5
20
-4.8999999999999995
40
0.0068897637795276
0
CIRCLE
8
BLACK
10
5.4299999999999997
20
-4.4799999999999995
40
0.0068897637795276
0
CIRCLE
8
BLACK
10
5.5300000000000002
20
-4.4799999999999995
40
0.0068897637795276
0
CIRCLE
8
BLACK
10
5.4299999999999997
20
-4.5800000000000001
40
0.0068897637795276
0
CIRCLE
8
BLACK
10
5.5300000000000002
20
-4.5800000000000001
40
0.0068897637795276
0
CIRCLE
8
BLACK
10
5.8585826771653542
20
-4.6730708661417326
40
0.0039370078740157
0
CIRCLE
8
BLACK
10
5.8999212598425199
20
-4.6730708661417326
40
0.0039370078740157
0
CIRCLE
8
BLACK
10
5.9412598425196848
20
-4.6730708661417326
40
0.0039370078740157
0
CIRCLE
8
BLACK
10
5.8585826771653542
20
-4.6317322834645669
40
0.0039370078740157
0
CIRCLE
8
BLACK
10
5.8999212598425199
20
-4.6317322834645669
40
0.0039370078740157
0
CIRCLE
8
BLACK
10
5.9412598425196848
20
-4.6317322834645669
40
0.0039370078740157
0
CIRCLE
8
BLACK
10
5.8585826771653542
20
-4.5903937007874012
40
0.0039370078740157
0
CIRCLE
8
BLACK
10
5.8999212598425199
20
-4.5903937007874012
40
0.0039370078740157
0
CIRCLE
8
BLACK
10
5.9412598425196848
20
-4.5903937007874012
40
0.0039370078740157
  0
ENDSEC
  0
EOF
