  0
SECTION
  2
HEADER
  9
$ANGBASE
  50
0.0
  9
$ANGDIR
  70
1
  9
$MEASUREMENT
  70
0
  0
ENDSEC
  0
SECTION
  2
TABLES
  0
TABLE
  2
LTYPE
  70
4
  0
LTYPE
  5
40F
  2
CONTINUOUS
  70
0
  3
Solid line
  72
65
  73
0
  40
0.0
  0
LTYPE
  5
410
  2
DASHDOT
 70
0
  3
Dash Dot ____ _ ____ _
 72
65
 73
4
 40
2.0
 49
1.25
 49
-0.25
 49
0.25
 49
-0.25
  0
LTYPE
  5
411
  2
DASHED
 70
0
  3
Dashed __ __ __ __ __
 72
65
 73
2
 40
0.75
 49
0.5
 49
-0.25
  0
LTYPE
  5
43B
  2
DOTTED
 70
0
  3
Dotted .  .  .  .
 72
65
 73
2
 40
0.2
 49
0.0
 49
-0.2
  0
ENDTAB
  0
TABLE
  2
STYLE
  70
4
  0
STYLE
  2
KICAD
  70
0
  40
0
  41
1
  42
1
  50
0
  71
0
  3
isocp.shx
  0
STYLE
  2
KICADB
  70
0
  40
0
  41
1
  42
1
  50
0
  71
0
  3
isocp.shx
  0
STYLE
  2
KICADI
  70
0
  40
0
  41
1
  42
1
  50
15
  71
0
  3
isocp.shx
  0
STYLE
  2
KICADBI
  70
0
  40
0
  41
1
  42
1
  50
15
  71
0
  3
isocp.shx
  0
ENDTAB
  0
TABLE
  2
LAYER
  70
1
  0
LAYER
  2
BLACK
  70
0
  62
7
  6
CONTINUOUS
  0
ENDTAB
  0
ENDSEC
  0
SECTION
  2
ENTITIES
0
LINE
8
BLACK
6
CONTINUOUS
10
5.883335118110236
20
-5.0370574803149601
11
5.883624409448819
21
-5.0370574803149601
0
LINE
8
BLACK
6
CONTINUOUS
10
5.883624409448819
20
-5.0370574803149601
11
5.8838944881889761
21
-5.0371693307086609
0
LINE
8
BLACK
6
CONTINUOUS
10
5.8838944881889761
20
-5.0371693307086609
11
5.8841811417322836
21
-5.0372266929133858
0
LINE
8
BLACK
6
CONTINUOUS
10
5.8841811417322836
20
-5.0372266929133858
11
5.8844214960629921
21
-5.0373876377952751
0
LINE
8
BLACK
6
CONTINUOUS
10
5.8844214960629921
20
-5.0373876377952751
11
5.8846888188976374
21
-5.0374983858267717
0
LINE
8
BLACK
6
CONTINUOUS
10
5.8846888188976374
20
-5.0374983858267717
11
5.8848955118110231
21
-5.0377050787401574
0
LINE
8
BLACK
6
CONTINUOUS
10
5.8848955118110231
20
-5.0377050787401574
11
5.8851384251968506
21
-5.0378677559055118
0
LINE
8
BLACK
6
CONTINUOUS
10
5.8851384251968506
20
-5.0378677559055118
11
5.8855014173228346
21
-5.038310984251968
0
LINE
8
BLACK
6
CONTINUOUS
10
5.8855014173228346
20
-5.038310984251968
11
5.8855034645669289
21
-5.0383130314960631
0
LINE
8
BLACK
6
CONTINUOUS
10
5.8855034645669289
20
-5.0383130314960631
11
5.8855038188976376
21
-5.0383138976377948
0
LINE
8
BLACK
6
CONTINUOUS
10
5.8855038188976376
20
-5.0383138976377948
11
5.885505196850394
21
-5.0383155905511812
0
LINE
8
BLACK
6
CONTINUOUS
10
5.885505196850394
20
-5.0383155905511812
11
5.8890925196850397
21
-5.0436966141732285
0
LINE
8
BLACK
6
CONTINUOUS
10
5.8890925196850397
20
-5.0436966141732285
11
5.8922964960629916
21
-5.0469005905511812
0
LINE
8
BLACK
6
CONTINUOUS
10
5.8922964960629916
20
-5.0469005905511812
11
5.895617440944882
21
-5.0485610629921256
0
LINE
8
BLACK
6
CONTINUOUS
10
5.895617440944882
20
-5.0485610629921256
11
5.8961073228346459
21
-5.0488694094488187
0
LINE
8
BLACK
6
CONTINUOUS
10
5.8961073228346459
20
-5.0488694094488187
11
5.8968621653543307
21
-5.0497398031496061
0
LINE
8
BLACK
6
CONTINUOUS
10
5.8968621653543307
20
-5.0497398031496061
11
5.8972264960629923
21
-5.0508327559055113
0
LINE
8
BLACK
6
CONTINUOUS
10
5.8972264960629923
20
-5.0508327559055113
11
5.8971448425196851
21
-5.0519819685039371
0
LINE
8
BLACK
6
CONTINUOUS
10
5.8971448425196851
20
-5.0519819685039371
11
5.8966295669291338
21
-5.0530124803149601
0
LINE
8
BLACK
6
CONTINUOUS
10
5.8966295669291338
20
-5.0530124803149601
11
5.8957592125984251
21
-5.0537673228346458
0
LINE
8
BLACK
6
CONTINUOUS
10
5.8957592125984251
20
-5.0537673228346458
11
5.8946662204724412
21
-5.0541316535433074
0
LINE
8
BLACK
6
CONTINUOUS
10
5.8946662204724412
20
-5.0541316535433074
11
5.8935170078740153
21
-5.0540500000000002
0
LINE
8
BLACK
6
CONTINUOUS
10
5.8935170078740153
20
-5.0540500000000002
11
5.8929764173228349
21
-5.0538431102362207
0
LINE
8
BLACK
6
CONTINUOUS
10
5.8929764173228349
20
-5.0538431102362207
11
5.8892268897637798
21
-5.0519683464566931
0
LINE
8
BLACK
6
CONTINUOUS
10
5.8892268897637798
20
-5.0519683464566931
11
5.88897905511811
21
-5.0518123228346452
0
LINE
8
BLACK
6
CONTINUOUS
10
5.88897905511811
20
-5.0518123228346452
11
5.8889069291338583
21
-5.0517824803149605
0
LINE
8
BLACK
6
CONTINUOUS
10
5.8889069291338583
20
-5.0517824803149605
11
5.8888257480314961
21
-5.0517158661417323
0
LINE
8
BLACK
6
CONTINUOUS
10
5.8888257480314961
20
-5.0517158661417323
11
5.888737007874016
21
-5.05166
0
LINE
8
BLACK
6
CONTINUOUS
10
5.888737007874016
20
-5.05166
11
5.8886858661417323
21
-5.051601062992126
0
LINE
8
BLACK
6
CONTINUOUS
10
5.8886858661417323
20
-5.051601062992126
11
5.8884594881889765
21
-5.0514152362204721
0
LINE
8
BLACK
6
CONTINUOUS
10
5.8884594881889765
20
-5.0514152362204721
11
5.8860011023622043
21
-5.0489568503937008
0
LINE
8
BLACK
6
CONTINUOUS
10
5.8860011023622043
20
-5.0489568503937008
11
5.8860011023622043
21
-5.0763708267716536
0
LINE
8
BLACK
6
CONTINUOUS
10
5.8860011023622043
20
-5.0763708267716536
11
5.8942969291338585
21
-5.0763708267716536
0
LINE
8
BLACK
6
CONTINUOUS
10
5.8942969291338585
20
-5.0763708267716536
11
5.8948729921259844
21
-5.0764275590551176
0
LINE
8
BLACK
6
CONTINUOUS
10
5.8948729921259844
20
-5.0764275590551176
11
5.8959374015748027
21
-5.0768684645669291
0
LINE
8
BLACK
6
CONTINUOUS
10
5.8959374015748027
20
-5.0768684645669291
11
5.8967520472440942
21
-5.0776831102362205
0
LINE
8
BLACK
6
CONTINUOUS
10
5.8967520472440942
20
-5.0776831102362205
11
5.8971929527559057
21
-5.0787475196850389
0
LINE
8
BLACK
6
CONTINUOUS
10
5.8971929527559057
20
-5.0787475196850389
11
5.8971929527559057
21
-5.0798996456692915
0
LINE
8
BLACK
6
CONTINUOUS
10
5.8971929527559057
20
-5.0798996456692915
11
5.8967520472440942
21
-5.0809640551181099
0
LINE
8
BLACK
6
CONTINUOUS
10
5.8967520472440942
20
-5.0809640551181099
11
5.8959374015748027
21
-5.0817787007874013
0
LINE
8
BLACK
6
CONTINUOUS
10
5.8959374015748027
20
-5.0817787007874013
11
5.8948729921259844
21
-5.0822196062992129
0
LINE
8
BLACK
6
CONTINUOUS
10
5.8948729921259844
20
-5.0822196062992129
11
5.8942969291338585
21
-5.0822763385826768
0
LINE
8
BLACK
6
CONTINUOUS
10
5.8942969291338585
20
-5.0822763385826768
11
5.8717997637795278
21
-5.0822763385826768
0
LINE
8
BLACK
6
CONTINUOUS
10
5.8717997637795278
20
-5.0822763385826768
11
5.8712237007874011
21
-5.0822196062992129
0
LINE
8
BLACK
6
CONTINUOUS
10
5.8712237007874011
20
-5.0822196062992129
11
5.8701592913385827
21
-5.0817787007874013
0
LINE
8
BLACK
6
CONTINUOUS
10
5.8701592913385827
20
-5.0817787007874013
11
5.8693446456692913
21
-5.0809640551181099
0
LINE
8
BLACK
6
CONTINUOUS
10
5.8693446456692913
20
-5.0809640551181099
11
5.8689037401574806
21
-5.0798996456692915
0
LINE
8
BLACK
6
CONTINUOUS
10
5.8689037401574806
20
-5.0798996456692915
11
5.8689037401574806
21
-5.0787475196850389
0
LINE
8
BLACK
6
CONTINUOUS
10
5.8689037401574806
20
-5.0787475196850389
11
5.8693446456692913
21
-5.0776831102362205
0
LINE
8
BLACK
6
CONTINUOUS
10
5.8693446456692913
20
-5.0776831102362205
11
5.8701592913385827
21
-5.0768684645669291
0
LINE
8
BLACK
6
CONTINUOUS
10
5.8701592913385827
20
-5.0768684645669291
11
5.8712237007874011
21
-5.0764275590551176
0
LINE
8
BLACK
6
CONTINUOUS
10
5.8712237007874011
20
-5.0764275590551176
11
5.8717997637795278
21
-5.0763708267716536
0
LINE
8
BLACK
6
CONTINUOUS
10
5.8717997637795278
20
-5.0763708267716536
11
5.8800955905511811
21
-5.0763708267716536
0
LINE
8
BLACK
6
CONTINUOUS
10
5.8800955905511811
20
-5.0763708267716536
11
5.8800955905511811
21
-5.0399535039370074
0
LINE
8
BLACK
6
CONTINUOUS
10
5.8800955905511811
20
-5.0399535039370074
11
5.8800957874015749
21
-5.0399514173228344
0
LINE
8
BLACK
6
CONTINUOUS
10
5.8800957874015749
20
-5.0399514173228344
11
5.8800955905511811
21
-5.0399503937007877
0
LINE
8
BLACK
6
CONTINUOUS
10
5.8800955905511811
20
-5.0399503937007877
11
5.8800961811023624
21
-5.0399473622047246
0
LINE
8
BLACK
6
CONTINUOUS
10
5.8800961811023624
20
-5.0399473622047246
11
5.880152322834646
21
-5.0393774409448815
0
LINE
8
BLACK
6
CONTINUOUS
10
5.880152322834646
20
-5.0393774409448815
11
5.8802641732283467
21
-5.0391073228346457
0
LINE
8
BLACK
6
CONTINUOUS
10
5.8802641732283467
20
-5.0391073228346457
11
5.8803215354330707
21
-5.038820708661417
0
LINE
8
BLACK
6
CONTINUOUS
10
5.8803215354330707
20
-5.038820708661417
11
5.8804824803149609
21
-5.0385803149606296
0
LINE
8
BLACK
6
CONTINUOUS
10
5.8804824803149609
20
-5.0385803149606296
11
5.8805932283464566
21
-5.0383130314960631
0
LINE
8
BLACK
6
CONTINUOUS
10
5.8805932283464566
20
-5.0383130314960631
11
5.8807999212598423
21
-5.0381062992125987
0
LINE
8
BLACK
6
CONTINUOUS
10
5.8807999212598423
20
-5.0381062992125987
11
5.8809625984251968
21
-5.0378634251968499
0
LINE
8
BLACK
6
CONTINUOUS
10
5.8809625984251968
20
-5.0378634251968499
11
5.8812033070866141
21
-5.0377029133858269
0
LINE
8
BLACK
6
CONTINUOUS
10
5.8812033070866141
20
-5.0377029133858269
11
5.881407874015748
21
-5.0374983858267717
0
LINE
8
BLACK
6
CONTINUOUS
10
5.881407874015748
20
-5.0374983858267717
11
5.8816779527559051
21
-5.0373864960629922
0
LINE
8
BLACK
6
CONTINUOUS
10
5.8816779527559051
20
-5.0373864960629922
11
5.8819212204724405
21
-5.0372243307086615
0
LINE
8
BLACK
6
CONTINUOUS
10
5.8819212204724405
20
-5.0372243307086615
11
5.8822049999999999
21
-5.037168188976378
0
LINE
8
BLACK
6
CONTINUOUS
10
5.8822049999999999
20
-5.037168188976378
11
5.8824722834645664
21
-5.0370574803149601
0
LINE
8
BLACK
6
CONTINUOUS
10
5.8824722834645664
20
-5.0370574803149601
11
5.88276468503937
21
-5.0370574803149601
0
LINE
8
BLACK
6
CONTINUOUS
10
5.88276468503937
20
-5.0370574803149601
11
5.8830514566929129
21
-5.0370007480314962
0
LINE
8
BLACK
6
CONTINUOUS
10
5.8830514566929129
20
-5.0370007480314962
11
5.883335118110236
21
-5.0370574803149601
0
LINE
8
BLACK
6
CONTINUOUS
10
5.9328610629921261
20
-5.0372009448818895
11
5.9338330708661413
21
-5.0378194881889762
0
LINE
8
BLACK
6
CONTINUOUS
10
5.9338330708661413
20
-5.0378194881889762
11
5.9344943307086613
21
-5.0387629527559055
0
LINE
8
BLACK
6
CONTINUOUS
10
5.9344943307086613
20
-5.0387629527559055
11
5.9347442519685041
21
-5.0398875984251967
0
LINE
8
BLACK
6
CONTINUOUS
10
5.9347442519685041
20
-5.0398875984251967
11
5.9345448031496062
21
-5.0410222834645664
0
LINE
8
BLACK
6
CONTINUOUS
10
5.9345448031496062
20
-5.0410222834645664
11
5.9342833858267712
21
-5.0415387401574803
0
LINE
8
BLACK
6
CONTINUOUS
10
5.9342833858267712
20
-5.0415387401574803
11
5.9216216535433066
21
-5.0614357480314958
0
LINE
8
BLACK
6
CONTINUOUS
10
5.9216216535433066
20
-5.0614357480314958
11
5.9216216535433066
21
-5.0793235826771657
0
LINE
8
BLACK
6
CONTINUOUS
10
5.9216216535433066
20
-5.0793235826771657
11
5.9215649212598427
21
-5.0798996456692915
0
LINE
8
BLACK
6
CONTINUOUS
10
5.9215649212598427
20
-5.0798996456692915
11
5.9211240157480312
21
-5.0809640551181099
0
LINE
8
BLACK
6
CONTINUOUS
10
5.9211240157480312
20
-5.0809640551181099
11
5.9203093700787397
21
-5.0817787007874013
0
LINE
8
BLACK
6
CONTINUOUS
10
5.9203093700787397
20
-5.0817787007874013
11
5.9192449606299213
21
-5.0822196062992129
0
LINE
8
BLACK
6
CONTINUOUS
10
5.9192449606299213
20
-5.0822196062992129
11
5.9180928346456696
21
-5.0822196062992129
0
LINE
8
BLACK
6
CONTINUOUS
10
5.9180928346456696
20
-5.0822196062992129
11
5.9170284251968503
21
-5.0817787007874013
0
LINE
8
BLACK
6
CONTINUOUS
10
5.9170284251968503
20
-5.0817787007874013
11
5.9162137795275589
21
-5.0809640551181099
0
LINE
8
BLACK
6
CONTINUOUS
10
5.9162137795275589
20
-5.0809640551181099
11
5.9157728740157483
21
-5.0798996456692915
0
LINE
8
BLACK
6
CONTINUOUS
10
5.9157728740157483
20
-5.0798996456692915
11
5.9157161417322834
21
-5.0793235826771657
0
LINE
8
BLACK
6
CONTINUOUS
10
5.9157161417322834
20
-5.0793235826771657
11
5.9157161417322834
21
-5.0614357874015745
0
LINE
8
BLACK
6
CONTINUOUS
10
5.9157161417322834
20
-5.0614357874015745
11
5.9030544094488189
21
-5.041538779527559
0
LINE
8
BLACK
6
CONTINUOUS
10
5.9030544094488189
20
-5.041538779527559
11
5.9027930314960626
21
-5.0410223228346451
0
LINE
8
BLACK
6
CONTINUOUS
10
5.9027930314960626
20
-5.0410223228346451
11
5.9025935433070869
21
-5.0398875984251967
0
LINE
8
BLACK
6
CONTINUOUS
10
5.9025935433070869
20
-5.0398875984251967
11
5.9028434645669288
21
-5.0387629527559055
0
LINE
8
BLACK
6
CONTINUOUS
10
5.9028434645669288
20
-5.0387629527559055
11
5.9035047637795275
21
-5.0378195275590549
0
LINE
8
BLACK
6
CONTINUOUS
10
5.9035047637795275
20
-5.0378195275590549
11
5.9044767322834648
21
-5.0372009842519683
0
LINE
8
BLACK
6
CONTINUOUS
10
5.9044767322834648
20
-5.0372009842519683
11
5.9056114566929132
21
-5.0370014960629916
0
LINE
8
BLACK
6
CONTINUOUS
10
5.9056114566929132
20
-5.0370014960629916
11
5.9067361023622045
21
-5.0372514173228344
0
LINE
8
BLACK
6
CONTINUOUS
10
5.9067361023622045
20
-5.0372514173228344
11
5.907679527559055
21
-5.0379127165354332
0
LINE
8
BLACK
6
CONTINUOUS
10
5.907679527559055
20
-5.0379127165354332
11
5.9080366929133854
21
-5.0383682283464566
0
LINE
8
BLACK
6
CONTINUOUS
10
5.9080366929133854
20
-5.0383682283464566
11
5.9186688582677167
21
-5.0550759842519684
0
LINE
8
BLACK
6
CONTINUOUS
10
5.9186688582677167
20
-5.0550759842519684
11
5.9293011023622046
21
-5.0383682283464566
0
LINE
8
BLACK
6
CONTINUOUS
10
5.9293011023622046
20
-5.0383682283464566
11
5.929658267716535
21
-5.0379126771653544
0
LINE
8
BLACK
6
CONTINUOUS
10
5.929658267716535
20
-5.0379126771653544
11
5.9306016929133856
21
-5.0372514173228344
0
LINE
8
BLACK
6
CONTINUOUS
10
5.9306016929133856
20
-5.0372514173228344
11
5.9317263385826768
21
-5.0370014960629916
0
LINE
8
BLACK
6
CONTINUOUS
10
5.9317263385826768
20
-5.0370014960629916
11
5.9328610629921261
21
-5.0372009448818895
0
LINE
8
BLACK
6
CONTINUOUS
10
6.0971601968503935
20
-5.0128842519685035
11
6.0972581889763777
21
-5.0129248425196851
0
LINE
8
BLACK
6
CONTINUOUS
10
6.0972581889763777
20
-5.0129248425196851
11
6.0973640157480311
21
-5.0129323622047242
0
LINE
8
BLACK
6
CONTINUOUS
10
6.0973640157480311
20
-5.0129323622047242
11
6.0979046456692911
21
-5.0131392519685036
0
LINE
8
BLACK
6
CONTINUOUS
10
6.0979046456692911
20
-5.0131392519685036
11
6.1016541732283462
21
-5.0150140157480312
0
LINE
8
BLACK
6
CONTINUOUS
10
6.1016541732283462
20
-5.0150140157480312
11
6.1019021653543302
21
-5.015170078740157
0
LINE
8
BLACK
6
CONTINUOUS
10
6.1019021653543302
20
-5.015170078740157
11
6.1019741338582678
21
-5.0151999212598426
0
LINE
8
BLACK
6
CONTINUOUS
10
6.1019741338582678
20
-5.0151999212598426
11
6.1020550787401575
21
-5.0152663779527558
0
LINE
8
BLACK
6
CONTINUOUS
10
6.1020550787401575
20
-5.0152663779527558
11
6.1021440551181101
21
-5.0153223622047243
0
LINE
8
BLACK
6
CONTINUOUS
10
6.1021440551181101
20
-5.0153223622047243
11
6.1021951968503938
21
-5.0153813385826771
0
LINE
8
BLACK
6
CONTINUOUS
10
6.1021951968503938
20
-5.0153813385826771
11
6.1024215748031496
21
-5.0155671259842523
0
LINE
8
BLACK
6
CONTINUOUS
10
6.1024215748031496
20
-5.0155671259842523
11
6.1042963385826772
21
-5.0174418897637798
0
LINE
8
BLACK
6
CONTINUOUS
10
6.1042963385826772
20
-5.0174418897637798
11
6.1044820866141727
21
-5.0176682283464569
0
LINE
8
BLACK
6
CONTINUOUS
10
6.1044820866141727
20
-5.0176682283464569
11
6.1045411023622043
21
-5.0177194094488184
0
LINE
8
BLACK
6
CONTINUOUS
10
6.1045411023622043
20
-5.0177194094488184
11
6.104597047244094
21
-5.0178083464566932
0
LINE
8
BLACK
6
CONTINUOUS
10
6.104597047244094
20
-5.0178083464566932
11
6.1046635433070868
21
-5.0178893307086616
0
LINE
8
BLACK
6
CONTINUOUS
10
6.1046635433070868
20
-5.0178893307086616
11
6.1046933464566928
21
-5.0179612598425196
0
LINE
8
BLACK
6
CONTINUOUS
10
6.1046933464566928
20
-5.0179612598425196
11
6.1048494488188974
21
-5.0182092913385823
0
LINE
8
BLACK
6
CONTINUOUS
10
6.1048494488188974
20
-5.0182092913385823
11
6.1067242125984249
21
-5.0219588188976374
0
LINE
8
BLACK
6
CONTINUOUS
10
6.1067242125984249
20
-5.0219588188976374
11
6.1069311023622044
21
-5.0224994094488187
0
LINE
8
BLACK
6
CONTINUOUS
10
6.1069311023622044
20
-5.0224994094488187
11
6.1069386220472444
21
-5.0226052755905508
0
LINE
8
BLACK
6
CONTINUOUS
10
6.1069386220472444
20
-5.0226052755905508
11
6.106979212598425
21
-5.0227032677165351
0
LINE
8
BLACK
6
CONTINUOUS
10
6.106979212598425
20
-5.0227032677165351
11
6.1070359448818898
21
-5.023279330708661
0
LINE
8
BLACK
6
CONTINUOUS
10
6.1070359448818898
20
-5.023279330708661
11
6.1070359448818898
21
-5.0326531496062987
0
LINE
8
BLACK
6
CONTINUOUS
10
6.1070359448818898
20
-5.0326531496062987
11
6.106979212598425
21
-5.0332292125984255
0
LINE
8
BLACK
6
CONTINUOUS
10
6.106979212598425
20
-5.0332292125984255
11
6.1069386220472444
21
-5.033327165354331
0
LINE
8
BLACK
6
CONTINUOUS
10
6.1069386220472444
20
-5.033327165354331
11
6.1069311023622044
21
-5.0334330708661419
0
LINE
8
BLACK
6
CONTINUOUS
10
6.1069311023622044
20
-5.0334330708661419
11
6.1067242125984249
21
-5.0339736614173223
0
LINE
8
BLACK
6
CONTINUOUS
10
6.1067242125984249
20
-5.0339736614173223
11
6.1048494488188974
21
-5.0377231889763783
0
LINE
8
BLACK
6
CONTINUOUS
10
6.1048494488188974
20
-5.0377231889763783
11
6.1046933464566928
21
-5.0379711811023622
0
LINE
8
BLACK
6
CONTINUOUS
10
6.1046933464566928
20
-5.0379711811023622
11
6.1046635433070868
21
-5.038043149606299
0
LINE
8
BLACK
6
CONTINUOUS
10
6.1046635433070868
20
-5.038043149606299
11
6.104597047244094
21
-5.0381240944881887
0
LINE
8
BLACK
6
CONTINUOUS
10
6.104597047244094
20
-5.0381240944881887
11
6.1045411023622043
21
-5.0382130708661412
0
LINE
8
BLACK
6
CONTINUOUS
10
6.1045411023622043
20
-5.0382130708661412
11
6.1044820866141727
21
-5.0382642125984249
0
LINE
8
BLACK
6
CONTINUOUS
10
6.1044820866141727
20
-5.0382642125984249
11
6.1042963385826772
21
-5.0384905905511808
0
LINE
8
BLACK
6
CONTINUOUS
10
6.1042963385826772
20
-5.0384905905511808
11
6.1024215748031496
21
-5.0403653543307083
0
LINE
8
BLACK
6
CONTINUOUS
10
6.1024215748031496
20
-5.0403653543307083
11
6.1021951968503938
21
-5.0405511023622047
0
LINE
8
BLACK
6
CONTINUOUS
10
6.1021951968503938
20
-5.0405511023622047
11
6.1021440551181101
21
-5.0406101181102363
0
LINE
8
BLACK
6
CONTINUOUS
10
6.1021440551181101
20
-5.0406101181102363
11
6.1020550787401575
21
-5.0406660629921261
0
LINE
8
BLACK
6
CONTINUOUS
10
6.1020550787401575
20
-5.0406660629921261
11
6.1019741338582678
21
-5.040732559055118
0
LINE
8
BLACK
6
CONTINUOUS
10
6.1019741338582678
20
-5.040732559055118
11
6.1019021653543302
21
-5.040762362204724
0
LINE
8
BLACK
6
CONTINUOUS
10
6.1019021653543302
20
-5.040762362204724
11
6.1016541732283462
21
-5.0409184645669294
0
LINE
8
BLACK
6
CONTINUOUS
10
6.1016541732283462
20
-5.0409184645669294
11
6.0979046456692911
21
-5.0427932283464569
0
LINE
8
BLACK
6
CONTINUOUS
10
6.0979046456692911
20
-5.0427932283464569
11
6.0973640157480311
21
-5.0430001181102364
0
LINE
8
BLACK
6
CONTINUOUS
10
6.0973640157480311
20
-5.0430001181102364
11
6.0972581889763777
21
-5.0430075984251967
0
LINE
8
BLACK
6
CONTINUOUS
10
6.0972581889763777
20
-5.0430075984251967
11
6.0971601968503935
21
-5.0430482283464562
0
LINE
8
BLACK
6
CONTINUOUS
10
6.0971601968503935
20
-5.0430482283464562
11
6.0965841338582676
21
-5.043104960629921
0
LINE
8
BLACK
6
CONTINUOUS
10
6.0965841338582676
20
-5.043104960629921
11
6.0890850787401574
21
-5.043104960629921
0
LINE
8
BLACK
6
CONTINUOUS
10
6.0890850787401574
20
-5.043104960629921
11
6.0885090157480315
21
-5.0430482283464562
0
LINE
8
BLACK
6
CONTINUOUS
10
6.0885090157480315
20
-5.0430482283464562
11
6.0884110236220472
21
-5.0430076377952755
0
LINE
8
BLACK
6
CONTINUOUS
10
6.0884110236220472
20
-5.0430076377952755
11
6.0883051574803151
21
-5.0430001181102364
0
LINE
8
BLACK
6
CONTINUOUS
10
6.0883051574803151
20
-5.0430001181102364
11
6.0877645669291338
21
-5.0427932283464569
0
LINE
8
BLACK
6
CONTINUOUS
10
6.0877645669291338
20
-5.0427932283464569
11
6.0854720472440942
21
-5.0416469685039367
0
LINE
8
BLACK
6
CONTINUOUS
10
6.0854720472440942
20
-5.0416469685039367
11
6.0862013385826774
21
-5.0445641338582679
0
LINE
8
BLACK
6
CONTINUOUS
10
6.0862013385826774
20
-5.0445641338582679
11
6.0895049606299212
21
-5.0495196062992127
0
LINE
8
BLACK
6
CONTINUOUS
10
6.0895049606299212
20
-5.0495196062992127
11
6.0908341732283464
21
-5.0508488582677167
0
LINE
8
BLACK
6
CONTINUOUS
10
6.0908341732283464
20
-5.0508488582677167
11
6.0935316535433071
21
-5.052197598425197
0
LINE
8
BLACK
6
CONTINUOUS
10
6.0935316535433071
20
-5.052197598425197
11
6.1003336614173227
21
-5.052197598425197
0
LINE
8
BLACK
6
CONTINUOUS
10
6.1003336614173227
20
-5.052197598425197
11
6.1009097244094486
21
-5.0522543307086609
0
LINE
8
BLACK
6
CONTINUOUS
10
6.1009097244094486
20
-5.0522543307086609
11
6.1019741338582678
21
-5.0526952362204725
0
LINE
8
BLACK
6
CONTINUOUS
10
6.1019741338582678
20
-5.0526952362204725
11
6.1027887795275593
21
-5.0535098818897639
0
LINE
8
BLACK
6
CONTINUOUS
10
6.1027887795275593
20
-5.0535098818897639
11
6.1032296850393699
21
-5.0545742913385823
0
LINE
8
BLACK
6
CONTINUOUS
10
6.1032296850393699
20
-5.0545742913385823
11
6.1032296850393699
21
-5.0557264173228349
0
LINE
8
BLACK
6
CONTINUOUS
10
6.1032296850393699
20
-5.0557264173228349
11
6.1027887795275593
21
-5.0567908267716533
0
LINE
8
BLACK
6
CONTINUOUS
10
6.1027887795275593
20
-5.0567908267716533
11
6.1019741338582678
21
-5.0576054724409447
0
LINE
8
BLACK
6
CONTINUOUS
10
6.1019741338582678
20
-5.0576054724409447
11
6.1009097244094486
21
-5.0580463779527554
0
LINE
8
BLACK
6
CONTINUOUS
10
6.1009097244094486
20
-5.0580463779527554
11
6.1003336614173227
21
-5.0581031102362202
0
LINE
8
BLACK
6
CONTINUOUS
10
6.1003336614173227
20
-5.0581031102362202
11
6.0928346062992125
21
-5.0581031102362202
0
LINE
8
BLACK
6
CONTINUOUS
10
6.0928346062992125
20
-5.0581031102362202
11
6.0922585433070866
21
-5.0580463779527554
0
LINE
8
BLACK
6
CONTINUOUS
10
6.0922585433070866
20
-5.0580463779527554
11
6.0921605511811023
21
-5.0580057874015747
0
LINE
8
BLACK
6
CONTINUOUS
10
6.0921605511811023
20
-5.0580057874015747
11
6.0920546850393702
21
-5.0579982677165356
0
LINE
8
BLACK
6
CONTINUOUS
10
6.0920546850393702
20
-5.0579982677165356
11
6.0915140944881889
21
-5.0577913779527561
0
LINE
8
BLACK
6
CONTINUOUS
10
6.0915140944881889
20
-5.0577913779527561
11
6.0877645669291338
21
-5.0559166141732286
0
LINE
8
BLACK
6
CONTINUOUS
10
6.0877645669291338
20
-5.0559166141732286
11
6.0875165354330711
21
-5.0557605118110232
0
LINE
8
BLACK
6
CONTINUOUS
10
6.0875165354330711
20
-5.0557605118110232
11
6.0874446062992122
21
-5.0557307086614172
0
LINE
8
BLACK
6
CONTINUOUS
10
6.0874446062992122
20
-5.0557307086614172
11
6.0873636220472438
21
-5.055664251968504
0
LINE
8
BLACK
6
CONTINUOUS
10
6.0873636220472438
20
-5.055664251968504
11
6.08727468503937
21
-5.0556082677165355
0
LINE
8
BLACK
6
CONTINUOUS
10
6.08727468503937
20
-5.0556082677165355
11
6.0872234645669288
21
-5.0555492125984252
0
LINE
8
BLACK
6
CONTINUOUS
10
6.0872234645669288
20
-5.0555492125984252
11
6.0869971259842517
21
-5.0553634645669288
0
LINE
8
BLACK
6
CONTINUOUS
10
6.0869971259842517
20
-5.0553634645669288
11
6.0851223622047241
21
-5.0534886614173224
0
LINE
8
BLACK
6
CONTINUOUS
10
6.0851223622047241
20
-5.0534886614173224
11
6.0851210629921262
21
-5.0534870866141732
0
LINE
8
BLACK
6
CONTINUOUS
10
6.0851210629921262
20
-5.0534870866141732
11
6.0851202362204724
21
-5.0534865354330707
0
LINE
8
BLACK
6
CONTINUOUS
10
6.0851202362204724
20
-5.0534865354330707
11
6.0849353149606298
21
-5.0532607480314962
0
LINE
8
BLACK
6
CONTINUOUS
10
6.0849353149606298
20
-5.0532607480314962
11
6.0847551574803145
21
-5.0530412204724406
0
LINE
8
BLACK
6
CONTINUOUS
10
6.0847551574803145
20
-5.0530412204724406
11
6.0847547637795278
21
-5.0530402755905515
0
LINE
8
BLACK
6
CONTINUOUS
10
6.0847547637795278
20
-5.0530402755905515
11
6.084753464566929
21
-5.0530387007874014
0
LINE
8
BLACK
6
CONTINUOUS
10
6.084753464566929
20
-5.0530387007874014
11
6.0810039370078739
21
-5.0474144094488187
0
LINE
8
BLACK
6
CONTINUOUS
10
6.0810039370078739
20
-5.0474144094488187
11
6.0808343700787404
21
-5.0470963385826773
0
LINE
8
BLACK
6
CONTINUOUS
10
6.0808343700787404
20
-5.0470963385826773
11
6.0807909448818895
21
-5.047037755905512
0
LINE
8
BLACK
6
CONTINUOUS
10
6.0807909448818895
20
-5.047037755905512
11
6.0807661811023621
21
-5.0469684645669286
0
LINE
8
BLACK
6
CONTINUOUS
10
6.0807661811023621
20
-5.0469684645669286
11
6.0807316141732279
21
-5.0469036220472443
0
LINE
8
BLACK
6
CONTINUOUS
10
6.0807316141732279
20
-5.0469036220472443
11
6.0807174409448814
21
-5.0468320866141729
0
LINE
8
BLACK
6
CONTINUOUS
10
6.0807174409448814
20
-5.0468320866141729
11
6.0805961811023623
21
-5.0464926377952759
0
LINE
8
BLACK
6
CONTINUOUS
10
6.0805961811023623
20
-5.0464926377952759
11
6.0787214173228348
21
-5.0389935826771657
0
LINE
8
BLACK
6
CONTINUOUS
10
6.0787214173228348
20
-5.0389935826771657
11
6.0787066141732282
21
-5.0388937007874013
0
LINE
8
BLACK
6
CONTINUOUS
10
6.0787066141732282
20
-5.0388937007874013
11
6.0786899999999999
21
-5.0388535039370081
0
LINE
8
BLACK
6
CONTINUOUS
10
6.0786899999999999
20
-5.0388535039370081
11
6.0786686220472443
21
-5.0386364566929132
0
LINE
8
BLACK
6
CONTINUOUS
10
6.0786686220472443
20
-5.0386364566929132
11
6.0786367716535432
21
-5.0384209842519683
0
LINE
8
BLACK
6
CONTINUOUS
10
6.0786367716535432
20
-5.0384209842519683
11
6.0786431496062994
21
-5.0383779527559058
0
LINE
8
BLACK
6
CONTINUOUS
10
6.0786431496062994
20
-5.0383779527559058
11
6.0786332677165351
21
-5.0382774409448814
0
LINE
8
BLACK
6
CONTINUOUS
10
6.0786332677165351
20
-5.0382774409448814
11
6.0786332677165351
21
-5.023279330708661
0
LINE
8
BLACK
6
CONTINUOUS
10
6.0786332677165351
20
-5.023279330708661
11
6.0786899999999999
21
-5.0227032677165351
0
LINE
8
BLACK
6
CONTINUOUS
10
6.0786899999999999
20
-5.0227032677165351
11
6.0787305905511806
21
-5.0226052362204721
0
LINE
8
BLACK
6
CONTINUOUS
10
6.0787305905511806
20
-5.0226052362204721
11
6.0787381102362206
21
-5.0224994488188974
0
LINE
8
BLACK
6
CONTINUOUS
10
6.0787381102362206
20
-5.0224994488188974
11
6.078945
21
-5.0219588188976374
0
LINE
8
BLACK
6
CONTINUOUS
10
6.078945
20
-5.0219588188976374
11
6.0808197637795276
21
-5.0182092913385823
0
LINE
8
BLACK
6
CONTINUOUS
10
6.0808197637795276
20
-5.0182092913385823
11
6.0809758267716534
21
-5.0179612598425196
0
LINE
8
BLACK
6
CONTINUOUS
10
6.0809758267716534
20
-5.0179612598425196
11
6.0810056692913381
21
-5.0178893307086616
0
LINE
8
BLACK
6
CONTINUOUS
10
6.0810056692913381
20
-5.0178893307086616
11
6.0810721259842522
21
-5.0178083464566932
0
LINE
8
BLACK
6
CONTINUOUS
10
6.0810721259842522
20
-5.0178083464566932
11
6.0811281102362207
21
-5.0177194094488184
0
LINE
8
BLACK
6
CONTINUOUS
10
6.0811281102362207
20
-5.0177194094488184
11
6.0811870866141735
21
-5.0176682283464569
0
LINE
8
BLACK
6
CONTINUOUS
10
6.0811870866141735
20
-5.0176682283464569
11
6.0813728740157478
21
-5.0174418897637798
0
LINE
8
BLACK
6
CONTINUOUS
10
6.0813728740157478
20
-5.0174418897637798
11
6.0832476377952753
21
-5.0155671259842523
0
LINE
8
BLACK
6
CONTINUOUS
10
6.0832476377952753
20
-5.0155671259842523
11
6.0834739763779524
21
-5.0153813385826771
0
LINE
8
BLACK
6
CONTINUOUS
10
6.0834739763779524
20
-5.0153813385826771
11
6.0835251574803149
21
-5.0153223622047243
0
LINE
8
BLACK
6
CONTINUOUS
10
6.0835251574803149
20
-5.0153223622047243
11
6.0836140944881887
21
-5.0152663779527558
0
LINE
8
BLACK
6
CONTINUOUS
10
6.0836140944881887
20
-5.0152663779527558
11
6.0836950787401571
21
-5.0151999212598426
0
LINE
8
BLACK
6
CONTINUOUS
10
6.0836950787401571
20
-5.0151999212598426
11
6.083767007874016
21
-5.015170078740157
0
LINE
8
BLACK
6
CONTINUOUS
10
6.083767007874016
20
-5.015170078740157
11
6.0840150393700787
21
-5.0150140157480312
0
LINE
8
BLACK
6
CONTINUOUS
10
6.0840150393700787
20
-5.0150140157480312
11
6.0877645669291338
21
-5.0131392519685036
0
LINE
8
BLACK
6
CONTINUOUS
10
6.0877645669291338
20
-5.0131392519685036
11
6.0883051574803151
21
-5.0129323622047242
0
LINE
8
BLACK
6
CONTINUOUS
10
6.0883051574803151
20
-5.0129323622047242
11
6.0884110236220472
21
-5.0129248031496063
0
LINE
8
BLACK
6
CONTINUOUS
10
6.0884110236220472
20
-5.0129248031496063
11
6.0885090157480315
21
-5.0128842519685035
0
LINE
8
BLACK
6
CONTINUOUS
10
6.0885090157480315
20
-5.0128842519685035
11
6.0890850787401574
21
-5.0128275196850396
0
LINE
8
BLACK
6
CONTINUOUS
10
6.0890850787401574
20
-5.0128275196850396
11
6.0965841338582676
21
-5.0128275196850396
0
LINE
8
BLACK
6
CONTINUOUS
10
6.0965841338582676
20
-5.0128275196850396
11
6.0971601968503935
21
-5.0128842519685035
0
LINE
8
BLACK
6
CONTINUOUS
10
6.0870846456692913
20
-5.0200817716535431
11
6.0858875196850395
21
-5.0212788976377949
0
LINE
8
BLACK
6
CONTINUOUS
10
6.0858875196850395
20
-5.0212788976377949
11
6.0845387795275592
21
-5.0239763779527555
0
LINE
8
BLACK
6
CONTINUOUS
10
6.0845387795275592
20
-5.0239763779527555
11
6.0845387795275592
21
-5.031956102362205
0
LINE
8
BLACK
6
CONTINUOUS
10
6.0845387795275592
20
-5.031956102362205
11
6.0858875196850395
21
-5.0346535826771657
0
LINE
8
BLACK
6
CONTINUOUS
10
6.0858875196850395
20
-5.0346535826771657
11
6.0870846456692913
21
-5.0358507086614175
0
LINE
8
BLACK
6
CONTINUOUS
10
6.0870846456692913
20
-5.0358507086614175
11
6.0897821259842519
21
-5.0371994488188978
0
LINE
8
BLACK
6
CONTINUOUS
10
6.0897821259842519
20
-5.0371994488188978
11
6.095887086614173
21
-5.0371994488188978
0
LINE
8
BLACK
6
CONTINUOUS
10
6.095887086614173
20
-5.0371994488188978
11
6.0985845669291336
21
-5.0358507086614175
0
LINE
8
BLACK
6
CONTINUOUS
10
6.0985845669291336
20
-5.0358507086614175
11
6.0997816929133855
21
-5.0346535826771657
0
LINE
8
BLACK
6
CONTINUOUS
10
6.0997816929133855
20
-5.0346535826771657
11
6.1011304330708658
21
-5.031956102362205
0
LINE
8
BLACK
6
CONTINUOUS
10
6.1011304330708658
20
-5.031956102362205
11
6.1011304330708658
21
-5.0239763779527555
0
LINE
8
BLACK
6
CONTINUOUS
10
6.1011304330708658
20
-5.0239763779527555
11
6.0997816929133855
21
-5.0212788976377949
0
LINE
8
BLACK
6
CONTINUOUS
10
6.0997816929133855
20
-5.0212788976377949
11
6.0985845669291336
21
-5.0200817716535431
0
LINE
8
BLACK
6
CONTINUOUS
10
6.0985845669291336
20
-5.0200817716535431
11
6.095887086614173
21
-5.0187330314960628
0
LINE
8
BLACK
6
CONTINUOUS
10
6.095887086614173
20
-5.0187330314960628
11
6.0897821259842519
21
-5.0187330314960628
0
LINE
8
BLACK
6
CONTINUOUS
10
6.0897821259842519
20
-5.0187330314960628
11
6.0870846456692913
21
-5.0200817716535431
0
LINE
8
BLACK
6
CONTINUOUS
10
6.1306214566929134
20
-5.0128562204724405
11
6.130699212598425
21
-5.0128507086614169
0
LINE
8
BLACK
6
CONTINUOUS
10
6.130699212598425
20
-5.0128507086614169
11
6.1308014566929137
21
-5.0128739370078739
0
LINE
8
BLACK
6
CONTINUOUS
10
6.1308014566929137
20
-5.0128739370078739
11
6.1309059842519682
21
-5.0128842519685035
0
LINE
8
BLACK
6
CONTINUOUS
10
6.1309059842519682
20
-5.0128842519685035
11
6.1309780708661412
21
-5.0129140944881891
0
LINE
8
BLACK
6
CONTINUOUS
10
6.1309780708661412
20
-5.0129140944881891
11
6.1312636614173224
21
-5.0129790551181097
0
LINE
8
BLACK
6
CONTINUOUS
10
6.1312636614173224
20
-5.0129790551181097
11
6.136887952755905
21
-5.0148538188976373
0
LINE
8
BLACK
6
CONTINUOUS
10
6.136887952755905
20
-5.0148538188976373
11
6.1374164960629916
21
-5.0150898031496061
0
LINE
8
BLACK
6
CONTINUOUS
10
6.1374164960629916
20
-5.0150898031496061
11
6.1374966141732283
21
-5.0151592913385823
0
LINE
8
BLACK
6
CONTINUOUS
10
6.1374966141732283
20
-5.0151592913385823
11
6.1375946850393701
21
-5.0151999212598426
0
LINE
8
BLACK
6
CONTINUOUS
10
6.1375946850393701
20
-5.0151999212598426
11
6.1380421259842519
21
-5.0155671259842523
0
LINE
8
BLACK
6
CONTINUOUS
10
6.1380421259842519
20
-5.0155671259842523
11
6.141791653543307
21
-5.0193166535433074
0
LINE
8
BLACK
6
CONTINUOUS
10
6.141791653543307
20
-5.0193166535433074
11
6.14197748031496
21
-5.0195430314960632
0
LINE
8
BLACK
6
CONTINUOUS
10
6.14197748031496
20
-5.0195430314960632
11
6.1420364173228341
21
-5.019594173228346
0
LINE
8
BLACK
6
CONTINUOUS
10
6.1420364173228341
20
-5.019594173228346
11
6.1420922834645664
21
-5.019682913385827
0
LINE
8
BLACK
6
CONTINUOUS
10
6.1420922834645664
20
-5.019682913385827
11
6.1421588976377954
21
-5.0197640944881892
0
LINE
8
BLACK
6
CONTINUOUS
10
6.1421588976377954
20
-5.0197640944881892
11
6.1421887401574802
21
-5.0198362204724409
0
LINE
8
BLACK
6
CONTINUOUS
10
6.1421887401574802
20
-5.0198362204724409
11
6.1423447637795272
21
-5.0200840551181098
0
LINE
8
BLACK
6
CONTINUOUS
10
6.1423447637795272
20
-5.0200840551181098
11
6.1442195275590548
21
-5.023833582677165
0
LINE
8
BLACK
6
CONTINUOUS
10
6.1442195275590548
20
-5.023833582677165
11
6.1442356299212593
21
-5.0238756692913382
0
LINE
8
BLACK
6
CONTINUOUS
10
6.1442356299212593
20
-5.0238756692913382
11
6.1442483464566928
21
-5.023892834645669
0
LINE
8
BLACK
6
CONTINUOUS
10
6.1442483464566928
20
-5.023892834645669
11
6.1443346456692911
21
-5.0241344094488189
0
LINE
8
BLACK
6
CONTINUOUS
10
6.1443346456692911
20
-5.0241344094488189
11
6.1444264173228342
21
-5.0243741732283462
0
LINE
8
BLACK
6
CONTINUOUS
10
6.1444264173228342
20
-5.0243741732283462
11
6.1444279133858268
21
-5.0243954330708664
0
LINE
8
BLACK
6
CONTINUOUS
10
6.1444279133858268
20
-5.0243954330708664
11
6.14444311023622
21
-5.0244379527559051
0
LINE
8
BLACK
6
CONTINUOUS
10
6.14444311023622
20
-5.0244379527559051
11
6.1463178740157476
21
-5.0319370078740153
0
LINE
8
BLACK
6
CONTINUOUS
10
6.1463178740157476
20
-5.0319370078740153
11
6.1463326377952754
21
-5.032036850393701
0
LINE
8
BLACK
6
CONTINUOUS
10
6.1463326377952754
20
-5.032036850393701
11
6.1463492913385824
21
-5.0320770866141729
0
LINE
8
BLACK
6
CONTINUOUS
10
6.1463492913385824
20
-5.0320770866141729
11
6.1463706299212593
21
-5.0322940944881891
0
LINE
8
BLACK
6
CONTINUOUS
10
6.1463706299212593
20
-5.0322940944881891
11
6.1464025196850391
21
-5.0325096062992127
0
LINE
8
BLACK
6
CONTINUOUS
10
6.1464025196850391
20
-5.0325096062992127
11
6.1463961023622042
21
-5.0325525984251964
0
LINE
8
BLACK
6
CONTINUOUS
10
6.1463961023622042
20
-5.0325525984251964
11
6.1464060236220472
21
-5.0326531496062987
0
LINE
8
BLACK
6
CONTINUOUS
10
6.1464060236220472
20
-5.0326531496062987
11
6.1464060236220472
21
-5.0382774409448814
0
LINE
8
BLACK
6
CONTINUOUS
10
6.1464060236220472
20
-5.0382774409448814
11
6.1463961023622042
21
-5.0383779527559058
0
LINE
8
BLACK
6
CONTINUOUS
10
6.1463961023622042
20
-5.0383779527559058
11
6.1464025196850391
21
-5.0384209842519683
0
LINE
8
BLACK
6
CONTINUOUS
10
6.1464025196850391
20
-5.0384209842519683
11
6.1463706299212593
21
-5.0386364566929132
0
LINE
8
BLACK
6
CONTINUOUS
10
6.1463706299212593
20
-5.0386364566929132
11
6.1463492913385824
21
-5.0388535039370081
0
LINE
8
BLACK
6
CONTINUOUS
10
6.1463492913385824
20
-5.0388535039370081
11
6.1463326377952754
21
-5.0388937007874013
0
LINE
8
BLACK
6
CONTINUOUS
10
6.1463326377952754
20
-5.0388937007874013
11
6.1463178740157476
21
-5.0389935826771657
0
LINE
8
BLACK
6
CONTINUOUS
10
6.1463178740157476
20
-5.0389935826771657
11
6.14444311023622
21
-5.0464926377952759
0
LINE
8
BLACK
6
CONTINUOUS
10
6.14444311023622
20
-5.0464926377952759
11
6.1444279133858268
21
-5.0465351181102358
0
LINE
8
BLACK
6
CONTINUOUS
10
6.1444279133858268
20
-5.0465351181102358
11
6.1444264173228342
21
-5.0465564173228348
0
LINE
8
BLACK
6
CONTINUOUS
10
6.1444264173228342
20
-5.0465564173228348
11
6.1443346456692911
21
-5.0467961417322833
0
LINE
8
BLACK
6
CONTINUOUS
10
6.1443346456692911
20
-5.0467961417322833
11
6.1442483464566928
21
-5.047037755905512
0
LINE
8
BLACK
6
CONTINUOUS
10
6.1442483464566928
20
-5.047037755905512
11
6.1442356299212593
21
-5.047054881889764
0
LINE
8
BLACK
6
CONTINUOUS
10
6.1442356299212593
20
-5.047054881889764
11
6.1442195275590548
21
-5.0470970078740161
0
LINE
8
BLACK
6
CONTINUOUS
10
6.1442195275590548
20
-5.0470970078740161
11
6.1423447637795272
21
-5.0508465354330712
0
LINE
8
BLACK
6
CONTINUOUS
10
6.1423447637795272
20
-5.0508465354330712
11
6.1421887007874014
21
-5.0510944094488188
0
LINE
8
BLACK
6
CONTINUOUS
10
6.1421887007874014
20
-5.0510944094488188
11
6.1421588976377954
21
-5.0511664566929131
0
LINE
8
BLACK
6
CONTINUOUS
10
6.1421588976377954
20
-5.0511664566929131
11
6.1420923622047239
21
-5.0512474803149603
0
LINE
8
BLACK
6
CONTINUOUS
10
6.1420923622047239
20
-5.0512474803149603
11
6.1420364173228341
21
-5.0513364173228341
0
LINE
8
BLACK
6
CONTINUOUS
10
6.1420364173228341
20
-5.0513364173228341
11
6.1419774015748034
21
-5.0513875590551178
0
LINE
8
BLACK
6
CONTINUOUS
10
6.1419774015748034
20
-5.0513875590551178
11
6.1417916929133858
21
-5.0516138976377949
0
LINE
8
BLACK
6
CONTINUOUS
10
6.1417916929133858
20
-5.0516138976377949
11
6.1380421259842519
21
-5.0553635039370075
0
LINE
8
BLACK
6
CONTINUOUS
10
6.1380421259842519
20
-5.0553635039370075
11
6.1375946850393701
21
-5.0557307086614172
0
LINE
8
BLACK
6
CONTINUOUS
10
6.1375946850393701
20
-5.0557307086614172
11
6.1374966141732283
21
-5.0557712992125987
0
LINE
8
BLACK
6
CONTINUOUS
10
6.1374966141732283
20
-5.0557712992125987
11
6.1374164960629916
21
-5.0558408267716537
0
LINE
8
BLACK
6
CONTINUOUS
10
6.1374164960629916
20
-5.0558408267716537
11
6.136887952755905
21
-5.0560768110236216
0
LINE
8
BLACK
6
CONTINUOUS
10
6.136887952755905
20
-5.0560768110236216
11
6.1312636614173224
21
-5.0579515748031492
0
LINE
8
BLACK
6
CONTINUOUS
10
6.1312636614173224
20
-5.0579515748031492
11
6.1309780708661412
21
-5.0580164960629919
0
LINE
8
BLACK
6
CONTINUOUS
10
6.1309780708661412
20
-5.0580164960629919
11
6.1309059842519682
21
-5.0580463779527554
0
LINE
8
BLACK
6
CONTINUOUS
10
6.1309059842519682
20
-5.0580463779527554
11
6.1308014566929137
21
-5.0580566535433071
0
LINE
8
BLACK
6
CONTINUOUS
10
6.1308014566929137
20
-5.0580566535433071
11
6.130699212598425
21
-5.0580799212598428
0
LINE
8
BLACK
6
CONTINUOUS
10
6.130699212598425
20
-5.0580799212598428
11
6.1306214566929134
21
-5.0580743700787396
0
LINE
8
BLACK
6
CONTINUOUS
10
6.1306214566929134
20
-5.0580743700787396
11
6.1303299212598423
21
-5.0581031102362202
0
LINE
8
BLACK
6
CONTINUOUS
10
6.1303299212598423
20
-5.0581031102362202
11
6.1265803937007872
21
-5.0581031102362202
0
LINE
8
BLACK
6
CONTINUOUS
10
6.1265803937007872
20
-5.0581031102362202
11
6.1262887795275587
21
-5.0580743700787396
0
LINE
8
BLACK
6
CONTINUOUS
10
6.1262887795275587
20
-5.0580743700787396
11
6.1262110629921258
21
-5.0580799212598428
0
LINE
8
BLACK
6
CONTINUOUS
10
6.1262110629921258
20
-5.0580799212598428
11
6.1261087795275593
21
-5.0580566535433071
0
LINE
8
BLACK
6
CONTINUOUS
10
6.1261087795275593
20
-5.0580566535433071
11
6.1260043307086613
21
-5.0580463779527554
0
LINE
8
BLACK
6
CONTINUOUS
10
6.1260043307086613
20
-5.0580463779527554
11
6.1259322440944883
21
-5.0580164960629919
0
LINE
8
BLACK
6
CONTINUOUS
10
6.1259322440944883
20
-5.0580164960629919
11
6.1256466141732284
21
-5.0579515748031492
0
LINE
8
BLACK
6
CONTINUOUS
10
6.1256466141732284
20
-5.0579515748031492
11
6.1200223622047245
21
-5.0560768110236216
0
LINE
8
BLACK
6
CONTINUOUS
10
6.1200223622047245
20
-5.0560768110236216
11
6.1194937795275592
21
-5.0558408267716537
0
LINE
8
BLACK
6
CONTINUOUS
10
6.1194937795275592
20
-5.0558408267716537
11
6.119413582677165
21
-5.05577125984252
0
LINE
8
BLACK
6
CONTINUOUS
10
6.119413582677165
20
-5.05577125984252
11
6.1193156299212594
21
-5.0557307086614172
0
LINE
8
BLACK
6
CONTINUOUS
10
6.1193156299212594
20
-5.0557307086614172
11
6.1188681496062989
21
-5.0553634645669288
0
LINE
8
BLACK
6
CONTINUOUS
10
6.1188681496062989
20
-5.0553634645669288
11
6.1169933858267713
21
-5.0534886614173224
0
LINE
8
BLACK
6
CONTINUOUS
10
6.1169933858267713
20
-5.0534886614173224
11
6.1166261811023617
21
-5.0530412204724406
0
LINE
8
BLACK
6
CONTINUOUS
10
6.1166261811023617
20
-5.0530412204724406
11
6.1161853149606298
21
-5.0519768110236223
0
LINE
8
BLACK
6
CONTINUOUS
10
6.1161853149606298
20
-5.0519768110236223
11
6.1161853149606298
21
-5.0508247244094484
0
LINE
8
BLACK
6
CONTINUOUS
10
6.1161853149606298
20
-5.0508247244094484
11
6.1166262204724404
21
-5.04976031496063
0
LINE
8
BLACK
6
CONTINUOUS
10
6.1166262204724404
20
-5.04976031496063
11
6.1174409055118106
21
-5.0489456299212598
0
LINE
8
BLACK
6
CONTINUOUS
10
6.1174409055118106
20
-5.0489456299212598
11
6.1185053149606299
21
-5.0485047637795271
0
LINE
8
BLACK
6
CONTINUOUS
10
6.1185053149606299
20
-5.0485047637795271
11
6.1196574015748029
21
-5.0485047637795271
0
LINE
8
BLACK
6
CONTINUOUS
10
6.1196574015748029
20
-5.0485047637795271
11
6.1207218110236221
21
-5.0489456692913386
0
LINE
8
BLACK
6
CONTINUOUS
10
6.1207218110236221
20
-5.0489456692913386
11
6.1211692913385827
21
-5.049312913385827
0
LINE
8
BLACK
6
CONTINUOUS
10
6.1211692913385827
20
-5.049312913385827
11
6.1225511417322833
21
-5.0506948031496064
0
LINE
8
BLACK
6
CONTINUOUS
10
6.1225511417322833
20
-5.0506948031496064
11
6.1270595275590551
21
-5.052197598425197
0
LINE
8
BLACK
6
CONTINUOUS
10
6.1270595275590551
20
-5.052197598425197
11
6.1298507874015744
21
-5.052197598425197
0
LINE
8
BLACK
6
CONTINUOUS
10
6.1298507874015744
20
-5.052197598425197
11
6.1343591732283462
21
-5.0506947637795276
0
LINE
8
BLACK
6
CONTINUOUS
10
6.1343591732283462
20
-5.0506947637795276
11
6.1372769685039366
21
-5.0477769291338586
0
LINE
8
BLACK
6
CONTINUOUS
10
6.1372769685039366
20
-5.0477769291338586
11
6.1387924803149607
21
-5.0447459448818899
0
LINE
8
BLACK
6
CONTINUOUS
10
6.1387924803149607
20
-5.0447459448818899
11
6.1405005118110232
21
-5.0379138976377948
0
LINE
8
BLACK
6
CONTINUOUS
10
6.1405005118110232
20
-5.0379138976377948
11
6.1405005118110232
21
-5.0330166929133853
0
LINE
8
BLACK
6
CONTINUOUS
10
6.1405005118110232
20
-5.0330166929133853
11
6.1387924803149607
21
-5.0261846456692911
0
LINE
8
BLACK
6
CONTINUOUS
10
6.1387924803149607
20
-5.0261846456692911
11
6.1372770078740153
21
-5.0231536614173224
0
LINE
8
BLACK
6
CONTINUOUS
10
6.1372770078740153
20
-5.0231536614173224
11
6.1343591732283462
21
-5.0202358267716534
0
LINE
8
BLACK
6
CONTINUOUS
10
6.1343591732283462
20
-5.0202358267716534
11
6.1298507874015744
21
-5.0187330314960628
0
LINE
8
BLACK
6
CONTINUOUS
10
6.1298507874015744
20
-5.0187330314960628
11
6.1270595275590551
21
-5.0187330314960628
0
LINE
8
BLACK
6
CONTINUOUS
10
6.1270595275590551
20
-5.0187330314960628
11
6.1225511417322833
21
-5.0202358267716534
0
LINE
8
BLACK
6
CONTINUOUS
10
6.1225511417322833
20
-5.0202358267716534
11
6.1211692519685039
21
-5.0216177165354328
0
LINE
8
BLACK
6
CONTINUOUS
10
6.1211692519685039
20
-5.0216177165354328
11
6.1207218110236221
21
-5.0219849212598424
0
LINE
8
BLACK
6
CONTINUOUS
10
6.1207218110236221
20
-5.0219849212598424
11
6.1196573622047241
21
-5.0224258267716531
0
LINE
8
BLACK
6
CONTINUOUS
10
6.1196573622047241
20
-5.0224258267716531
11
6.1185053149606299
21
-5.0224258267716531
0
LINE
8
BLACK
6
CONTINUOUS
10
6.1185053149606299
20
-5.0224258267716531
11
6.1174408661417319
21
-5.0219849212598424
0
LINE
8
BLACK
6
CONTINUOUS
10
6.1174408661417319
20
-5.0219849212598424
11
6.1166262204724404
21
-5.021170275590551
0
LINE
8
BLACK
6
CONTINUOUS
10
6.1166262204724404
20
-5.021170275590551
11
6.1161853149606298
21
-5.0201058267716538
0
LINE
8
BLACK
6
CONTINUOUS
10
6.1161853149606298
20
-5.0201058267716538
11
6.1161853149606298
21
-5.0189537795275587
0
LINE
8
BLACK
6
CONTINUOUS
10
6.1161853149606298
20
-5.0189537795275587
11
6.1166262204724404
21
-5.0178893307086616
0
LINE
8
BLACK
6
CONTINUOUS
10
6.1166262204724404
20
-5.0178893307086616
11
6.1169934251968501
21
-5.0174418897637798
0
LINE
8
BLACK
6
CONTINUOUS
10
6.1169934251968501
20
-5.0174418897637798
11
6.1188681889763776
21
-5.0155671259842523
0
LINE
8
BLACK
6
CONTINUOUS
10
6.1188681889763776
20
-5.0155671259842523
11
6.1193156299212594
21
-5.0151999212598426
0
LINE
8
BLACK
6
CONTINUOUS
10
6.1193156299212594
20
-5.0151999212598426
11
6.119413582677165
21
-5.015159330708661
0
LINE
8
BLACK
6
CONTINUOUS
10
6.119413582677165
20
-5.015159330708661
11
6.1194937795275592
21
-5.0150898031496061
0
LINE
8
BLACK
6
CONTINUOUS
10
6.1194937795275592
20
-5.0150898031496061
11
6.1200223622047245
21
-5.0148538188976373
0
LINE
8
BLACK
6
CONTINUOUS
10
6.1200223622047245
20
-5.0148538188976373
11
6.1256466141732284
21
-5.0129790551181097
0
LINE
8
BLACK
6
CONTINUOUS
10
6.1256466141732284
20
-5.0129790551181097
11
6.1259322440944883
21
-5.0129140944881891
0
LINE
8
BLACK
6
CONTINUOUS
10
6.1259322440944883
20
-5.0129140944881891
11
6.1260043307086613
21
-5.0128842519685035
0
LINE
8
BLACK
6
CONTINUOUS
10
6.1260043307086613
20
-5.0128842519685035
11
6.1261087795275593
21
-5.0128739370078739
0
LINE
8
BLACK
6
CONTINUOUS
10
6.1261087795275593
20
-5.0128739370078739
11
6.1262110629921258
21
-5.0128507086614169
0
LINE
8
BLACK
6
CONTINUOUS
10
6.1262110629921258
20
-5.0128507086614169
11
6.1262887795275587
21
-5.0128562204724405
0
LINE
8
BLACK
6
CONTINUOUS
10
6.1262887795275587
20
-5.0128562204724405
11
6.1265803937007872
21
-5.0128275196850396
0
LINE
8
BLACK
6
CONTINUOUS
10
6.1265803937007872
20
-5.0128275196850396
11
6.1303299212598423
21
-5.0128275196850396
0
LINE
8
BLACK
6
CONTINUOUS
10
6.1303299212598423
20
-5.0128275196850396
11
6.1306214566929134
21
-5.0128562204724405
0
LINE
8
BLACK
6
CONTINUOUS
10
5.7777357086614174
20
-5.0182798031496061
11
5.7785503543307088
21
-5.0190944488188975
0
LINE
8
BLACK
6
CONTINUOUS
10
5.7785503543307088
20
-5.0190944488188975
11
5.7789912598425195
21
-5.0201588582677168
0
LINE
8
BLACK
6
CONTINUOUS
10
5.7789912598425195
20
-5.0201588582677168
11
5.7790479921259843
21
-5.0207349212598427
0
LINE
8
BLACK
6
CONTINUOUS
10
5.7790479921259843
20
-5.0207349212598427
11
5.7790479921259843
21
-5.038599645669291
0
LINE
8
BLACK
6
CONTINUOUS
10
5.7790479921259843
20
-5.038599645669291
11
5.7891489370078739
21
-5.0297613385826772
0
LINE
8
BLACK
6
CONTINUOUS
10
5.7891489370078739
20
-5.0297613385826772
11
5.7893979133858267
21
-5.0295833070866145
0
LINE
8
BLACK
6
CONTINUOUS
10
5.7893979133858267
20
-5.0295833070866145
11
5.7894528740157476
21
-5.0295283858267714
0
LINE
8
BLACK
6
CONTINUOUS
10
5.7894528740157476
20
-5.0295283858267714
11
5.7895049606299214
21
-5.0295067716535433
0
LINE
8
BLACK
6
CONTINUOUS
10
5.7895049606299214
20
-5.0295067716535433
11
5.7896198425196852
21
-5.0294246850393698
0
LINE
8
BLACK
6
CONTINUOUS
10
5.7896198425196852
20
-5.0294246850393698
11
5.7900740551181098
21
-5.0292710629921258
0
LINE
8
BLACK
6
CONTINUOUS
10
5.7900740551181098
20
-5.0292710629921258
11
5.7905172834645668
21
-5.0290874803149608
0
LINE
8
BLACK
6
CONTINUOUS
10
5.7905172834645668
20
-5.0290874803149608
11
5.7906169291338578
21
-5.0290874803149608
0
LINE
8
BLACK
6
CONTINUOUS
10
5.7906169291338578
20
-5.0290874803149608
11
5.7907112204724411
21
-5.0290555905511809
0
LINE
8
BLACK
6
CONTINUOUS
10
5.7907112204724411
20
-5.0290555905511809
11
5.7911896850393703
21
-5.0290874803149608
0
LINE
8
BLACK
6
CONTINUOUS
10
5.7911896850393703
20
-5.0290874803149608
11
5.7916694094488186
21
-5.0290874803149608
0
LINE
8
BLACK
6
CONTINUOUS
10
5.7916694094488186
20
-5.0290874803149608
11
5.7917613779527555
21
-5.0291255511811022
0
LINE
8
BLACK
6
CONTINUOUS
10
5.7917613779527555
20
-5.0291255511811022
11
5.7918607480314961
21
-5.0291322047244096
0
LINE
8
BLACK
6
CONTINUOUS
10
5.7918607480314961
20
-5.0291322047244096
11
5.7922908661417321
21
-5.0293448818897639
0
LINE
8
BLACK
6
CONTINUOUS
10
5.7922908661417321
20
-5.0293448818897639
11
5.7927338188976378
21
-5.0295283858267714
0
LINE
8
BLACK
6
CONTINUOUS
10
5.7927338188976378
20
-5.0295283858267714
11
5.7928041338582679
21
-5.0295987007874015
0
LINE
8
BLACK
6
CONTINUOUS
10
5.7928041338582679
20
-5.0295987007874015
11
5.792893503937008
21
-5.0296429133858265
0
LINE
8
BLACK
6
CONTINUOUS
10
5.792893503937008
20
-5.0296429133858265
11
5.7932094488188977
21
-5.0300040157480312
0
LINE
8
BLACK
6
CONTINUOUS
10
5.7932094488188977
20
-5.0300040157480312
11
5.7935484645669293
21
-5.0303430314960629
0
LINE
8
BLACK
6
CONTINUOUS
10
5.7935484645669293
20
-5.0303430314960629
11
5.7935865748031494
21
-5.0304349999999998
0
LINE
8
BLACK
6
CONTINUOUS
10
5.7935865748031494
20
-5.0304349999999998
11
5.7936521653543309
21
-5.0305099999999996
0
LINE
8
BLACK
6
CONTINUOUS
10
5.7936521653543309
20
-5.0305099999999996
11
5.7938057480314962
21
-5.0309642125984251
0
LINE
8
BLACK
6
CONTINUOUS
10
5.7938057480314962
20
-5.0309642125984251
11
5.7939893700787399
21
-5.0314074409448821
0
LINE
8
BLACK
6
CONTINUOUS
10
5.7939893700787399
20
-5.0314074409448821
11
5.7940031889763777
21
-5.0315479921259838
0
LINE
8
BLACK
6
CONTINUOUS
10
5.7940031889763777
20
-5.0315479921259838
11
5.7940212598425198
21
-5.0316013779527555
0
LINE
8
BLACK
6
CONTINUOUS
10
5.7940212598425198
20
-5.0316013779527555
11
5.7940160629921262
21
-5.031678818897638
0
LINE
8
BLACK
6
CONTINUOUS
10
5.7940160629921262
20
-5.031678818897638
11
5.7940461023622047
21
-5.031983503937008
0
LINE
8
BLACK
6
CONTINUOUS
10
5.7940461023622047
20
-5.031983503937008
11
5.7940461023622047
21
-5.0369107480314961
0
LINE
8
BLACK
6
CONTINUOUS
10
5.7940461023622047
20
-5.0369107480314961
11
5.7953948425196851
21
-5.0396082283464567
0
LINE
8
BLACK
6
CONTINUOUS
10
5.7953948425196851
20
-5.0396082283464567
11
5.7965919685039369
21
-5.0408053543307085
0
LINE
8
BLACK
6
CONTINUOUS
10
5.7965919685039369
20
-5.0408053543307085
11
5.7992894488188975
21
-5.0421540944881889
0
LINE
8
BLACK
6
CONTINUOUS
10
5.7992894488188975
20
-5.0421540944881889
11
5.8072691732283461
21
-5.0421540944881889
0
LINE
8
BLACK
6
CONTINUOUS
10
5.8072691732283461
20
-5.0421540944881889
11
5.8099666535433068
21
-5.0408053149606298
0
LINE
8
BLACK
6
CONTINUOUS
10
5.8099666535433068
20
-5.0408053149606298
11
5.8111638188976373
21
-5.039608188976378
0
LINE
8
BLACK
6
CONTINUOUS
10
5.8111638188976373
20
-5.039608188976378
11
5.8125125590551177
21
-5.0369107480314961
0
LINE
8
BLACK
6
CONTINUOUS
10
5.8125125590551177
20
-5.0369107480314961
11
5.8125125590551177
21
-5.0270562598425199
0
LINE
8
BLACK
6
CONTINUOUS
10
5.8125125590551177
20
-5.0270562598425199
11
5.8111638188976373
21
-5.0243587795275593
0
LINE
8
BLACK
6
CONTINUOUS
10
5.8111638188976373
20
-5.0243587795275593
11
5.8096278740157477
21
-5.0228228740157483
0
LINE
8
BLACK
6
CONTINUOUS
10
5.8096278740157477
20
-5.0228228740157483
11
5.8092606299212601
21
-5.0223753937007869
0
LINE
8
BLACK
6
CONTINUOUS
10
5.8092606299212601
20
-5.0223753937007869
11
5.8088197244094486
21
-5.0213109842519685
0
LINE
8
BLACK
6
CONTINUOUS
10
5.8088197244094486
20
-5.0213109842519685
11
5.8088197244094486
21
-5.0201588976377955
0
LINE
8
BLACK
6
CONTINUOUS
10
5.8088197244094486
20
-5.0201588976377955
11
5.8092605905511814
21
-5.0190944881889763
0
LINE
8
BLACK
6
CONTINUOUS
10
5.8092605905511814
20
-5.0190944881889763
11
5.8100752755905507
21
-5.0182798031496061
0
LINE
8
BLACK
6
CONTINUOUS
10
5.8100752755905507
20
-5.0182798031496061
11
5.81113968503937
21
-5.0178388976377954
0
LINE
8
BLACK
6
CONTINUOUS
10
5.81113968503937
20
-5.0178388976377954
11
5.8122917716535429
21
-5.0178388976377954
0
LINE
8
BLACK
6
CONTINUOUS
10
5.8122917716535429
20
-5.0178388976377954
11
5.8133561811023622
21
-5.0182797637795273
0
LINE
8
BLACK
6
CONTINUOUS
10
5.8133561811023622
20
-5.0182797637795273
11
5.813803622047244
21
-5.018646968503937
0
LINE
8
BLACK
6
CONTINUOUS
10
5.813803622047244
20
-5.018646968503937
11
5.8156784251968503
21
-5.0205217322834645
0
LINE
8
BLACK
6
CONTINUOUS
10
5.8156784251968503
20
-5.0205217322834645
11
5.8158641732283467
21
-5.0207480708661416
0
LINE
8
BLACK
6
CONTINUOUS
10
5.8158641732283467
20
-5.0207480708661416
11
5.8159232283464561
21
-5.0207992913385828
0
LINE
8
BLACK
6
CONTINUOUS
10
5.8159232283464561
20
-5.0207992913385828
11
5.8159792125984247
21
-5.0208882283464566
0
LINE
8
BLACK
6
CONTINUOUS
10
5.8159792125984247
20
-5.0208882283464566
11
5.8160456692913387
21
-5.0209692125984251
0
LINE
8
BLACK
6
CONTINUOUS
10
5.8160456692913387
20
-5.0209692125984251
11
5.8160754724409447
21
-5.0210411417322831
0
LINE
8
BLACK
6
CONTINUOUS
10
5.8160754724409447
20
-5.0210411417322831
11
5.8162315748031492
21
-5.0212891732283467
0
LINE
8
BLACK
6
CONTINUOUS
10
5.8162315748031492
20
-5.0212891732283467
11
5.8181063385826768
21
-5.0250387007874018
0
LINE
8
BLACK
6
CONTINUOUS
10
5.8181063385826768
20
-5.0250387007874018
11
5.8183132283464563
21
-5.0255792913385822
0
LINE
8
BLACK
6
CONTINUOUS
10
5.8183132283464563
20
-5.0255792913385822
11
5.8183207480314962
21
-5.0256851574803152
0
LINE
8
BLACK
6
CONTINUOUS
10
5.8183207480314962
20
-5.0256851574803152
11
5.8183613385826769
21
-5.0257831496062995
0
LINE
8
BLACK
6
CONTINUOUS
10
5.8183613385826769
20
-5.0257831496062995
11
5.8184180708661417
21
-5.0263592125984253
0
LINE
8
BLACK
6
CONTINUOUS
10
5.8184180708661417
20
-5.0263592125984253
11
5.8184180708661417
21
-5.0376077952755907
0
LINE
8
BLACK
6
CONTINUOUS
10
5.8184180708661417
20
-5.0376077952755907
11
5.8183613385826769
21
-5.0381838582677165
0
LINE
8
BLACK
6
CONTINUOUS
10
5.8183613385826769
20
-5.0381838582677165
11
5.8183207480314962
21
-5.038281811023622
0
LINE
8
BLACK
6
CONTINUOUS
10
5.8183207480314962
20
-5.038281811023622
11
5.8183132283464563
21
-5.0383877165354329
0
LINE
8
BLACK
6
CONTINUOUS
10
5.8183132283464563
20
-5.0383877165354329
11
5.8181063385826768
21
-5.0389283070866142
0
LINE
8
BLACK
6
CONTINUOUS
10
5.8181063385826768
20
-5.0389283070866142
11
5.8162315748031492
21
-5.0426778346456693
0
LINE
8
BLACK
6
CONTINUOUS
10
5.8162315748031492
20
-5.0426778346456693
11
5.8160754724409447
21
-5.0429258267716532
0
LINE
8
BLACK
6
CONTINUOUS
10
5.8160754724409447
20
-5.0429258267716532
11
5.8160456692913387
21
-5.04299779527559
0
LINE
8
BLACK
6
CONTINUOUS
10
5.8160456692913387
20
-5.04299779527559
11
5.8159792125984247
21
-5.0430787401574806
0
LINE
8
BLACK
6
CONTINUOUS
10
5.8159792125984247
20
-5.0430787401574806
11
5.8159232283464561
21
-5.0431677165354332
0
LINE
8
BLACK
6
CONTINUOUS
10
5.8159232283464561
20
-5.0431677165354332
11
5.8158641732283467
21
-5.0432188976377947
0
LINE
8
BLACK
6
CONTINUOUS
10
5.8158641732283467
20
-5.0432188976377947
11
5.8156784251968503
21
-5.0434452755905514
0
LINE
8
BLACK
6
CONTINUOUS
10
5.8156784251968503
20
-5.0434452755905514
11
5.813803622047244
21
-5.045320039370079
0
LINE
8
BLACK
6
CONTINUOUS
10
5.813803622047244
20
-5.045320039370079
11
5.8135772834645669
21
-5.0455057480314958
0
LINE
8
BLACK
6
CONTINUOUS
10
5.8135772834645669
20
-5.0455057480314958
11
5.8135261417322832
21
-5.0455647637795273
0
LINE
8
BLACK
6
CONTINUOUS
10
5.8135261417322832
20
-5.0455647637795273
11
5.8134372047244094
21
-5.0456207086614171
0
LINE
8
BLACK
6
CONTINUOUS
10
5.8134372047244094
20
-5.0456207086614171
11
5.8133561811023622
21
-5.0456872440944878
0
LINE
8
BLACK
6
CONTINUOUS
10
5.8133561811023622
20
-5.0456872440944878
11
5.8132841338582679
21
-5.0457170472440946
0
LINE
8
BLACK
6
CONTINUOUS
10
5.8132841338582679
20
-5.0457170472440946
11
5.8130362598425194
21
-5.0458731102362204
0
LINE
8
BLACK
6
CONTINUOUS
10
5.8130362598425194
20
-5.0458731102362204
11
5.8092867322834643
21
-5.047747874015748
0
LINE
8
BLACK
6
CONTINUOUS
10
5.8092867322834643
20
-5.047747874015748
11
5.8087461023622042
21
-5.0479547637795275
0
LINE
8
BLACK
6
CONTINUOUS
10
5.8087461023622042
20
-5.0479547637795275
11
5.8086402755905508
21
-5.0479622440944878
0
LINE
8
BLACK
6
CONTINUOUS
10
5.8086402755905508
20
-5.0479622440944878
11
5.8085422834645666
21
-5.0480028740157481
0
LINE
8
BLACK
6
CONTINUOUS
10
5.8085422834645666
20
-5.0480028740157481
11
5.8079662204724407
21
-5.0480596062992129
0
LINE
8
BLACK
6
CONTINUOUS
10
5.8079662204724407
20
-5.0480596062992129
11
5.7985924015748029
21
-5.0480596062992129
0
LINE
8
BLACK
6
CONTINUOUS
10
5.7985924015748029
20
-5.0480596062992129
11
5.7980163385826771
21
-5.0480028740157481
0
LINE
8
BLACK
6
CONTINUOUS
10
5.7980163385826771
20
-5.0480028740157481
11
5.7979183464566928
21
-5.0479622834645665
0
LINE
8
BLACK
6
CONTINUOUS
10
5.7979183464566928
20
-5.0479622834645665
11
5.7978124803149607
21
-5.0479547637795275
0
LINE
8
BLACK
6
CONTINUOUS
10
5.7978124803149607
20
-5.0479547637795275
11
5.7972718897637794
21
-5.047747874015748
0
LINE
8
BLACK
6
CONTINUOUS
10
5.7972718897637794
20
-5.047747874015748
11
5.7935223622047243
21
-5.0458731102362204
0
LINE
8
BLACK
6
CONTINUOUS
10
5.7935223622047243
20
-5.0458731102362204
11
5.7932743307086616
21
-5.0457170078740159
0
LINE
8
BLACK
6
CONTINUOUS
10
5.7932743307086616
20
-5.0457170078740159
11
5.7932024015748027
21
-5.045687204724409
0
LINE
8
BLACK
6
CONTINUOUS
10
5.7932024015748027
20
-5.045687204724409
11
5.7931214173228343
21
-5.0456207086614171
0
LINE
8
BLACK
6
CONTINUOUS
10
5.7931214173228343
20
-5.0456207086614171
11
5.7930324803149604
21
-5.0455647637795273
0
LINE
8
BLACK
6
CONTINUOUS
10
5.7930324803149604
20
-5.0455647637795273
11
5.792981299212598
21
-5.0455057480314958
0
LINE
8
BLACK
6
CONTINUOUS
10
5.792981299212598
20
-5.0455057480314958
11
5.7927549606299209
21
-5.0453200000000002
0
LINE
8
BLACK
6
CONTINUOUS
10
5.7927549606299209
20
-5.0453200000000002
11
5.7908801968503933
21
-5.0434452362204727
0
LINE
8
BLACK
6
CONTINUOUS
10
5.7908801968503933
20
-5.0434452362204727
11
5.7906944094488191
21
-5.043218858267716
0
LINE
8
BLACK
6
CONTINUOUS
10
5.7906944094488191
20
-5.043218858267716
11
5.7906354330708663
21
-5.0431677165354332
0
LINE
8
BLACK
6
CONTINUOUS
10
5.7906354330708663
20
-5.0431677165354332
11
5.7905794488188977
21
-5.0430787401574806
0
LINE
8
BLACK
6
CONTINUOUS
10
5.7905794488188977
20
-5.0430787401574806
11
5.7905129921259837
21
-5.04299779527559
0
LINE
8
BLACK
6
CONTINUOUS
10
5.7905129921259837
20
-5.04299779527559
11
5.790483149606299
21
-5.0429258267716532
0
LINE
8
BLACK
6
CONTINUOUS
10
5.790483149606299
20
-5.0429258267716532
11
5.7903270866141732
21
-5.0426778346456693
0
LINE
8
BLACK
6
CONTINUOUS
10
5.7903270866141732
20
-5.0426778346456693
11
5.7884523228346456
21
-5.0389283070866142
0
LINE
8
BLACK
6
CONTINUOUS
10
5.7884523228346456
20
-5.0389283070866142
11
5.788248661417323
21
-5.0383961023622046
0
LINE
8
BLACK
6
CONTINUOUS
10
5.788248661417323
20
-5.0383961023622046
11
5.7780396456692911
21
-5.0473290157480317
0
LINE
8
BLACK
6
CONTINUOUS
10
5.7780396456692911
20
-5.0473290157480317
11
5.7777906299212596
21
-5.0475070078740156
0
LINE
8
BLACK
6
CONTINUOUS
10
5.7777906299212596
20
-5.0475070078740156
11
5.7777357086614174
21
-5.0475619685039366
0
LINE
8
BLACK
6
CONTINUOUS
10
5.7777357086614174
20
-5.0475619685039366
11
5.7776835826771649
21
-5.0475835433070868
0
LINE
8
BLACK
6
CONTINUOUS
10
5.7776835826771649
20
-5.0475835433070868
11
5.7775687401574798
21
-5.0476656692913382
0
LINE
8
BLACK
6
CONTINUOUS
10
5.7775687401574798
20
-5.0476656692913382
11
5.7771144881889764
21
-5.0478192519685035
0
LINE
8
BLACK
6
CONTINUOUS
10
5.7771144881889764
20
-5.0478192519685035
11
5.7766712992125981
21
-5.0480028740157481
0
LINE
8
BLACK
6
CONTINUOUS
10
5.7766712992125981
20
-5.0480028740157481
11
5.7765716535433071
21
-5.0480028740157481
0
LINE
8
BLACK
6
CONTINUOUS
10
5.7765716535433071
20
-5.0480028740157481
11
5.7764773622047239
21
-5.0480347637795271
0
LINE
8
BLACK
6
CONTINUOUS
10
5.7764773622047239
20
-5.0480347637795271
11
5.7759988976377947
21
-5.0480028740157481
0
LINE
8
BLACK
6
CONTINUOUS
10
5.7759988976377947
20
-5.0480028740157481
11
5.7755191732283464
21
-5.0480028740157481
0
LINE
8
BLACK
6
CONTINUOUS
10
5.7755191732283464
20
-5.0480028740157481
11
5.7754271653543308
21
-5.0479647637795271
0
LINE
8
BLACK
6
CONTINUOUS
10
5.7754271653543308
20
-5.0479647637795271
11
5.7753278346456689
21
-5.0479581496062993
0
LINE
8
BLACK
6
CONTINUOUS
10
5.7753278346456689
20
-5.0479581496062993
11
5.7748976771653542
21
-5.0477454330708662
0
LINE
8
BLACK
6
CONTINUOUS
10
5.7748976771653542
20
-5.0477454330708662
11
5.7744547637795272
21
-5.0475619685039366
0
LINE
8
BLACK
6
CONTINUOUS
10
5.7744547637795272
20
-5.0475619685039366
11
5.7743844094488184
21
-5.0474916141732287
0
LINE
8
BLACK
6
CONTINUOUS
10
5.7743844094488184
20
-5.0474916141732287
11
5.774295078740157
21
-5.0474474409448815
0
LINE
8
BLACK
6
CONTINUOUS
10
5.774295078740157
20
-5.0474474409448815
11
5.7739790944881886
21
-5.047086299212598
0
LINE
8
BLACK
6
CONTINUOUS
10
5.7739790944881886
20
-5.047086299212598
11
5.7736401181102357
21
-5.0467473228346451
0
LINE
8
BLACK
6
CONTINUOUS
10
5.7736401181102357
20
-5.0467473228346451
11
5.7736019685039368
21
-5.0466553149606295
0
LINE
8
BLACK
6
CONTINUOUS
10
5.7736019685039368
20
-5.0466553149606295
11
5.773536417322835
21
-5.0465803543307084
0
LINE
8
BLACK
6
CONTINUOUS
10
5.773536417322835
20
-5.0465803543307084
11
5.7733827952755901
21
-5.046126102362205
0
LINE
8
BLACK
6
CONTINUOUS
10
5.7733827952755901
20
-5.046126102362205
11
5.7731992125984251
21
-5.0456829133858268
0
LINE
8
BLACK
6
CONTINUOUS
10
5.7731992125984251
20
-5.0456829133858268
11
5.7731853543307086
21
-5.0455423228346454
0
LINE
8
BLACK
6
CONTINUOUS
10
5.7731853543307086
20
-5.0455423228346454
11
5.7731673228346452
21
-5.0454889763779525
0
LINE
8
BLACK
6
CONTINUOUS
10
5.7731673228346452
20
-5.0454889763779525
11
5.7731724803149609
21
-5.0454114960629921
0
LINE
8
BLACK
6
CONTINUOUS
10
5.7731724803149609
20
-5.0454114960629921
11
5.7731424803149602
21
-5.0451068503937009
0
LINE
8
BLACK
6
CONTINUOUS
10
5.7731424803149602
20
-5.0451068503937009
11
5.7731424803149602
21
-5.0207349212598427
0
LINE
8
BLACK
6
CONTINUOUS
10
5.7731424803149602
20
-5.0207349212598427
11
5.7731992125984251
21
-5.0201588582677168
0
LINE
8
BLACK
6
CONTINUOUS
10
5.7731992125984251
20
-5.0201588582677168
11
5.7736401181102357
21
-5.0190944488188975
0
LINE
8
BLACK
6
CONTINUOUS
10
5.7736401181102357
20
-5.0190944488188975
11
5.7744547637795272
21
-5.0182798031496061
0
LINE
8
BLACK
6
CONTINUOUS
10
5.7744547637795272
20
-5.0182798031496061
11
5.7755191732283464
21
-5.0178388976377954
0
LINE
8
BLACK
6
CONTINUOUS
10
5.7755191732283464
20
-5.0178388976377954
11
5.7766712992125981
21
-5.0178388976377954
0
LINE
8
BLACK
6
CONTINUOUS
10
5.7766712992125981
20
-5.0178388976377954
11
5.7777357086614174
21
-5.0182798031496061
0
LINE
8
BLACK
6
CONTINUOUS
10
6.000722125984252
20
-5.0197617716535428
11
6.001752637795275
21
-5.0202770472440941
0
LINE
8
BLACK
6
CONTINUOUS
10
6.001752637795275
20
-5.0202770472440941
11
6.0025074803149607
21
-5.0211474015748028
0
LINE
8
BLACK
6
CONTINUOUS
10
6.0025074803149607
20
-5.0211474015748028
11
6.0028718110236223
21
-5.0222403937007876
0
LINE
8
BLACK
6
CONTINUOUS
10
6.0028718110236223
20
-5.0222403937007876
11
6.0027901574803151
21
-5.0233896062992125
0
LINE
8
BLACK
6
CONTINUOUS
10
6.0027901574803151
20
-5.0233896062992125
11
6.0025832677165356
21
-5.0239301968503938
0
LINE
8
BLACK
6
CONTINUOUS
10
6.0025832677165356
20
-5.0239301968503938
11
6.0007085039370081
21
-5.0276797244094489
0
LINE
8
BLACK
6
CONTINUOUS
10
6.0007085039370081
20
-5.0276797244094489
11
6.0005524803149601
21
-5.027927519685039
0
LINE
8
BLACK
6
CONTINUOUS
10
6.0005524803149601
20
-5.027927519685039
11
6.0005226377952754
21
-5.0279996850393696
0
LINE
8
BLACK
6
CONTINUOUS
10
6.0005226377952754
20
-5.0279996850393696
11
6.0004560236220472
21
-5.028080826771653
0
LINE
8
BLACK
6
CONTINUOUS
10
6.0004560236220472
20
-5.028080826771653
11
6.000400157480315
21
-5.0281696062992127
0
LINE
8
BLACK
6
CONTINUOUS
10
6.000400157480315
20
-5.0281696062992127
11
6.0003412204724409
21
-5.0282207086614168
0
LINE
8
BLACK
6
CONTINUOUS
10
6.0003412204724409
20
-5.0282207086614168
11
6.000155393700787
21
-5.0284471259842523
0
LINE
8
BLACK
6
CONTINUOUS
10
6.000155393700787
20
-5.0284471259842523
11
5.9976970078740157
21
-5.0309055118110235
0
LINE
8
BLACK
6
CONTINUOUS
10
5.9976970078740157
20
-5.0309055118110235
11
6.0251109842519686
21
-5.0309055118110235
0
LINE
8
BLACK
6
CONTINUOUS
10
6.0251109842519686
20
-5.0309055118110235
11
6.0251109842519686
21
-5.0226096850393702
0
LINE
8
BLACK
6
CONTINUOUS
10
6.0251109842519686
20
-5.0226096850393702
11
6.0251677165354334
21
-5.0220336220472444
0
LINE
8
BLACK
6
CONTINUOUS
10
6.0251677165354334
20
-5.0220336220472444
11
6.025608622047244
21
-5.0209692125984251
0
LINE
8
BLACK
6
CONTINUOUS
10
6.025608622047244
20
-5.0209692125984251
11
6.0264232677165355
21
-5.0201545669291336
0
LINE
8
BLACK
6
CONTINUOUS
10
6.0264232677165355
20
-5.0201545669291336
11
6.0274876771653538
21
-5.019713661417323
0
LINE
8
BLACK
6
CONTINUOUS
10
6.0274876771653538
20
-5.019713661417323
11
6.0286398031496065
21
-5.019713661417323
0
LINE
8
BLACK
6
CONTINUOUS
10
6.0286398031496065
20
-5.019713661417323
11
6.0297042125984248
21
-5.0201545669291336
0
LINE
8
BLACK
6
CONTINUOUS
10
6.0297042125984248
20
-5.0201545669291336
11
6.0305188582677163
21
-5.0209692125984251
0
LINE
8
BLACK
6
CONTINUOUS
10
6.0305188582677163
20
-5.0209692125984251
11
6.0309597637795278
21
-5.0220336220472444
0
LINE
8
BLACK
6
CONTINUOUS
10
6.0309597637795278
20
-5.0220336220472444
11
6.0310164960629917
21
-5.0226096850393702
0
LINE
8
BLACK
6
CONTINUOUS
10
6.0310164960629917
20
-5.0226096850393702
11
6.0310164960629917
21
-5.0451068503937009
0
LINE
8
BLACK
6
CONTINUOUS
10
6.0310164960629917
20
-5.0451068503937009
11
6.0309597637795278
21
-5.0456829133858268
0
LINE
8
BLACK
6
CONTINUOUS
10
6.0309597637795278
20
-5.0456829133858268
11
6.0305188582677163
21
-5.0467473228346451
0
LINE
8
BLACK
6
CONTINUOUS
10
6.0305188582677163
20
-5.0467473228346451
11
6.0297042125984248
21
-5.0475619685039366
0
LINE
8
BLACK
6
CONTINUOUS
10
6.0297042125984248
20
-5.0475619685039366
11
6.0286398031496065
21
-5.0480028740157481
0
LINE
8
BLACK
6
CONTINUOUS
10
6.0286398031496065
20
-5.0480028740157481
11
6.0274876771653538
21
-5.0480028740157481
0
LINE
8
BLACK
6
CONTINUOUS
10
6.0274876771653538
20
-5.0480028740157481
11
6.0264232677165355
21
-5.0475619685039366
0
LINE
8
BLACK
6
CONTINUOUS
10
6.0264232677165355
20
-5.0475619685039366
11
6.025608622047244
21
-5.0467473228346451
0
LINE
8
BLACK
6
CONTINUOUS
10
6.025608622047244
20
-5.0467473228346451
11
6.0251677165354334
21
-5.0456829133858268
0
LINE
8
BLACK
6
CONTINUOUS
10
6.0251677165354334
20
-5.0456829133858268
11
6.0251109842519686
21
-5.0451068503937009
0
LINE
8
BLACK
6
CONTINUOUS
10
6.0251109842519686
20
-5.0451068503937009
11
6.0251109842519686
21
-5.0368110236220467
0
LINE
8
BLACK
6
CONTINUOUS
10
6.0251109842519686
20
-5.0368110236220467
11
5.9886936614173223
21
-5.0368110236220467
0
LINE
8
BLACK
6
CONTINUOUS
10
5.9886936614173223
20
-5.0368110236220467
11
5.9886915748031493
21
-5.0368107874015751
0
LINE
8
BLACK
6
CONTINUOUS
10
5.9886915748031493
20
-5.0368107874015751
11
5.9886905511811026
21
-5.0368110236220467
0
LINE
8
BLACK
6
CONTINUOUS
10
5.9886905511811026
20
-5.0368110236220467
11
5.9886875196850395
21
-5.0368103937007875
0
LINE
8
BLACK
6
CONTINUOUS
10
5.9886875196850395
20
-5.0368103937007875
11
5.9881175984251964
21
-5.0367542913385828
0
LINE
8
BLACK
6
CONTINUOUS
10
5.9881175984251964
20
-5.0367542913385828
11
5.9878474803149606
21
-5.0366424015748033
0
LINE
8
BLACK
6
CONTINUOUS
10
5.9878474803149606
20
-5.0366424015748033
11
5.9875608661417319
21
-5.0365850787401572
0
LINE
8
BLACK
6
CONTINUOUS
10
5.9875608661417319
20
-5.0365850787401572
11
5.9873204724409446
21
-5.0364240944881891
0
LINE
8
BLACK
6
CONTINUOUS
10
5.9873204724409446
20
-5.0364240944881891
11
5.9870531889763781
21
-5.0363133858267712
0
LINE
8
BLACK
6
CONTINUOUS
10
5.9870531889763781
20
-5.0363133858267712
11
5.9868464566929136
21
-5.0361066535433068
0
LINE
8
BLACK
6
CONTINUOUS
10
5.9868464566929136
20
-5.0361066535433068
11
5.9866035826771649
21
-5.0359440157480311
0
LINE
8
BLACK
6
CONTINUOUS
10
5.9866035826771649
20
-5.0359440157480311
11
5.9864430708661418
21
-5.035703267716535
0
LINE
8
BLACK
6
CONTINUOUS
10
5.9864430708661418
20
-5.035703267716535
11
5.9862385433070866
21
-5.0354987401574798
0
LINE
8
BLACK
6
CONTINUOUS
10
5.9862385433070866
20
-5.0354987401574798
11
5.9861266535433071
21
-5.035228622047244
0
LINE
8
BLACK
6
CONTINUOUS
10
5.9861266535433071
20
-5.035228622047244
11
5.9859644881889764
21
-5.0349853937007873
0
LINE
8
BLACK
6
CONTINUOUS
10
5.9859644881889764
20
-5.0349853937007873
11
5.9859083464566929
21
-5.0347015748031492
0
LINE
8
BLACK
6
CONTINUOUS
10
5.9859083464566929
20
-5.0347015748031492
11
5.9857976377952751
21
-5.0344343307086614
0
LINE
8
BLACK
6
CONTINUOUS
10
5.9857976377952751
20
-5.0344343307086614
11
5.9857976377952751
21
-5.0341419291338578
0
LINE
8
BLACK
6
CONTINUOUS
10
5.9857976377952751
20
-5.0341419291338578
11
5.9857409055118111
21
-5.033855157480315
0
LINE
8
BLACK
6
CONTINUOUS
10
5.9857409055118111
20
-5.033855157480315
11
5.9857976377952751
21
-5.0335714960629918
0
LINE
8
BLACK
6
CONTINUOUS
10
5.9857976377952751
20
-5.0335714960629918
11
5.9857976377952751
21
-5.0332822047244097
0
LINE
8
BLACK
6
CONTINUOUS
10
5.9857976377952751
20
-5.0332822047244097
11
5.9859094881889758
21
-5.033012086614173
0
LINE
8
BLACK
6
CONTINUOUS
10
5.9859094881889758
20
-5.033012086614173
11
5.9859668503937007
21
-5.0327254724409451
0
LINE
8
BLACK
6
CONTINUOUS
10
5.9859668503937007
20
-5.0327254724409451
11
5.98612779527559
21
-5.0324850787401569
0
LINE
8
BLACK
6
CONTINUOUS
10
5.98612779527559
20
-5.0324850787401569
11
5.9862385433070866
21
-5.0322177952755904
0
LINE
8
BLACK
6
CONTINUOUS
10
5.9862385433070866
20
-5.0322177952755904
11
5.9864452362204723
21
-5.032011062992126
0
LINE
8
BLACK
6
CONTINUOUS
10
5.9864452362204723
20
-5.032011062992126
11
5.9866079133858268
21
-5.0317681889763781
0
LINE
8
BLACK
6
CONTINUOUS
10
5.9866079133858268
20
-5.0317681889763781
11
5.9870511417322829
21
-5.0314051574803145
0
LINE
8
BLACK
6
CONTINUOUS
10
5.9870511417322829
20
-5.0314051574803145
11
5.9870531889763781
21
-5.031403149606299
0
LINE
8
BLACK
6
CONTINUOUS
10
5.9870531889763781
20
-5.031403149606299
11
5.9870540551181097
21
-5.0314027559055114
0
LINE
8
BLACK
6
CONTINUOUS
10
5.9870540551181097
20
-5.0314027559055114
11
5.9870557480314961
21
-5.0314014173228347
0
LINE
8
BLACK
6
CONTINUOUS
10
5.9870557480314961
20
-5.0314014173228347
11
5.9924367716535434
21
-5.0278140551181103
0
LINE
8
BLACK
6
CONTINUOUS
10
5.9924367716535434
20
-5.0278140551181103
11
5.9956407480314962
21
-5.0246101181102363
0
LINE
8
BLACK
6
CONTINUOUS
10
5.9956407480314962
20
-5.0246101181102363
11
5.9973012204724405
21
-5.0212891732283467
0
LINE
8
BLACK
6
CONTINUOUS
10
5.9973012204724405
20
-5.0212891732283467
11
5.9976095669291336
21
-5.0207992913385828
0
LINE
8
BLACK
6
CONTINUOUS
10
5.9976095669291336
20
-5.0207992913385828
11
5.9984799606299211
21
-5.0200444488188971
0
LINE
8
BLACK
6
CONTINUOUS
10
5.9984799606299211
20
-5.0200444488188971
11
5.9995729133858262
21
-5.0196801181102364
0
LINE
8
BLACK
6
CONTINUOUS
10
5.9995729133858262
20
-5.0196801181102364
11
6.000722125984252
21
-5.0197617716535428
0
LINE
8
BLACK
6
CONTINUOUS
10
5.9627335826771652
20
-4.9817731889763781
11
5.9629133858267718
21
-4.9826771653543309
0
LINE
8
BLACK
6
CONTINUOUS
10
5.9629133858267718
20
-4.9826771653543309
11
5.9629133858267718
21
-5.0137795275590546
0
LINE
8
BLACK
6
CONTINUOUS
10
5.9629133858267718
20
-5.0137795275590546
11
5.9627335826771652
21
-5.0146835039370075
0
LINE
8
BLACK
6
CONTINUOUS
10
5.9627335826771652
20
-5.0146835039370075
11
5.961455157480315
21
-5.0159619291338577
0
LINE
8
BLACK
6
CONTINUOUS
10
5.961455157480315
20
-5.0159619291338577
11
5.9605511811023622
21
-5.0161417322834643
0
LINE
8
BLACK
6
CONTINUOUS
10
5.9605511811023622
20
-5.0161417322834643
11
5.9294488188976375
21
-5.0161417322834643
0
LINE
8
BLACK
6
CONTINUOUS
10
5.9294488188976375
20
-5.0161417322834643
11
5.9285448425196847
21
-5.0159619291338577
0
LINE
8
BLACK
6
CONTINUOUS
10
5.9285448425196847
20
-5.0159619291338577
11
5.9272664173228344
21
-5.0146835039370075
0
LINE
8
BLACK
6
CONTINUOUS
10
5.9272664173228344
20
-5.0146835039370075
11
5.9272664173228344
21
-5.0128755511811018
0
LINE
8
BLACK
6
CONTINUOUS
10
5.9272664173228344
20
-5.0128755511811018
11
5.9285448425196847
21
-5.0115971259842516
0
LINE
8
BLACK
6
CONTINUOUS
10
5.9285448425196847
20
-5.0115971259842516
11
5.9294488188976375
21
-5.0114173228346459
0
LINE
8
BLACK
6
CONTINUOUS
10
5.9294488188976375
20
-5.0114173228346459
11
5.9581889763779525
21
-5.0114173228346459
0
LINE
8
BLACK
6
CONTINUOUS
10
5.9581889763779525
20
-5.0114173228346459
11
5.9581889763779525
21
-4.9826771653543309
0
LINE
8
BLACK
6
CONTINUOUS
10
5.9581889763779525
20
-4.9826771653543309
11
5.9583687795275591
21
-4.9817731889763781
0
LINE
8
BLACK
6
CONTINUOUS
10
5.9583687795275591
20
-4.9817731889763781
11
5.9596472047244093
21
-4.9804947637795278
0
LINE
8
BLACK
6
CONTINUOUS
10
5.9596472047244093
20
-4.9804947637795278
11
5.961455157480315
21
-4.9804947637795278
0
LINE
8
BLACK
6
CONTINUOUS
10
5.961455157480315
20
-4.9804947637795278
11
5.9627335826771652
21
-4.9817731889763781
0
LINE
8
BLACK
6
CONTINUOUS
10
5.7986929133858265
20
-4.9802967322834641
11
5.7987359448818898
21
-4.9802903543307089
0
LINE
8
BLACK
6
CONTINUOUS
10
5.7987359448818898
20
-4.9802903543307089
11
5.7989514173228347
21
-4.9803222047244091
0
LINE
8
BLACK
6
CONTINUOUS
10
5.7989514173228347
20
-4.9803222047244091
11
5.7991684645669288
21
-4.9803435826771656
0
LINE
8
BLACK
6
CONTINUOUS
10
5.7991684645669288
20
-4.9803435826771656
11
5.7992086614173228
21
-4.9803601968503939
0
LINE
8
BLACK
6
CONTINUOUS
10
5.7992086614173228
20
-4.9803601968503939
11
5.7993085433070863
21
-4.9803749999999996
0
LINE
8
BLACK
6
CONTINUOUS
10
5.7993085433070863
20
-4.9803749999999996
11
5.8068075984251966
21
-4.9822497637795271
0
LINE
8
BLACK
6
CONTINUOUS
10
5.8068075984251966
20
-4.9822497637795271
11
5.8068500787401574
21
-4.9822649212598424
0
LINE
8
BLACK
6
CONTINUOUS
10
5.8068500787401574
20
-4.9822649212598424
11
5.8068713385826767
21
-4.9822664566929129
0
LINE
8
BLACK
6
CONTINUOUS
10
5.8068713385826767
20
-4.9822664566929129
11
5.8071107480314961
21
-4.9823580708661419
0
LINE
8
BLACK
6
CONTINUOUS
10
5.8071107480314961
20
-4.9823580708661419
11
5.8073527165354326
21
-4.9824445275590552
0
LINE
8
BLACK
6
CONTINUOUS
10
5.8073527165354326
20
-4.9824445275590552
11
5.8073698425196847
21
-4.9824572047244091
0
LINE
8
BLACK
6
CONTINUOUS
10
5.8073698425196847
20
-4.9824572047244091
11
5.8074119685039367
21
-4.9824733464566924
0
LINE
8
BLACK
6
CONTINUOUS
10
5.8074119685039367
20
-4.9824733464566924
11
5.8111614960629918
21
-4.9843481102362199
0
LINE
8
BLACK
6
CONTINUOUS
10
5.8111614960629918
20
-4.9843481102362199
11
5.8114093700787404
21
-4.9845041338582678
0
LINE
8
BLACK
6
CONTINUOUS
10
5.8114093700787404
20
-4.9845041338582678
11
5.8114814173228346
21
-4.9845339763779526
0
LINE
8
BLACK
6
CONTINUOUS
10
5.8114814173228346
20
-4.9845339763779526
11
5.8115624409448818
21
-4.9846004724409445
0
LINE
8
BLACK
6
CONTINUOUS
10
5.8115624409448818
20
-4.9846004724409445
11
5.8116513779527557
21
-4.984656456692913
0
LINE
8
BLACK
6
CONTINUOUS
10
5.8116513779527557
20
-4.984656456692913
11
5.8117025196850394
21
-4.9847154330708658
0
LINE
8
BLACK
6
CONTINUOUS
10
5.8117025196850394
20
-4.9847154330708658
11
5.8119288976377952
21
-4.984901220472441
0
LINE
8
BLACK
6
CONTINUOUS
10
5.8119288976377952
20
-4.984901220472441
11
5.8156784645669291
21
-4.9886507480314961
0
LINE
8
BLACK
6
CONTINUOUS
10
5.8156784645669291
20
-4.9886507480314961
11
5.8160457086614175
21
-4.9890981889763779
0
LINE
8
BLACK
6
CONTINUOUS
10
5.8160457086614175
20
-4.9890981889763779
11
5.8160862992125981
21
-4.9891962204724409
0
LINE
8
BLACK
6
CONTINUOUS
10
5.8160862992125981
20
-4.9891962204724409
11
5.8161557874015744
21
-4.9892763385826768
0
LINE
8
BLACK
6
CONTINUOUS
10
5.8161557874015744
20
-4.9892763385826768
11
5.8163917716535432
21
-4.9898049212598421
0
LINE
8
BLACK
6
CONTINUOUS
10
5.8163917716535432
20
-4.9898049212598421
11
5.8182665354330707
21
-4.995429173228346
0
LINE
8
BLACK
6
CONTINUOUS
10
5.8182665354330707
20
-4.995429173228346
11
5.8183314566929134
21
-4.9957148031496059
0
LINE
8
BLACK
6
CONTINUOUS
10
5.8183314566929134
20
-4.9957148031496059
11
5.8183613385826769
21
-4.9957868897637798
0
LINE
8
BLACK
6
CONTINUOUS
10
5.8183613385826769
20
-4.9957868897637798
11
5.8183716141732278
21
-4.9958913385826769
0
LINE
8
BLACK
6
CONTINUOUS
10
5.8183716141732278
20
-4.9958913385826769
11
5.8183948818897635
21
-4.9959936220472443
0
LINE
8
BLACK
6
CONTINUOUS
10
5.8183948818897635
20
-4.9959936220472443
11
5.8183893307086612
21
-4.9960713385826772
0
LINE
8
BLACK
6
CONTINUOUS
10
5.8183893307086612
20
-4.9960713385826772
11
5.8184180708661417
21
-4.9963629527559057
0
LINE
8
BLACK
6
CONTINUOUS
10
5.8184180708661417
20
-4.9963629527559057
11
5.8184180708661417
21
-5.0001124803149608
0
LINE
8
BLACK
6
CONTINUOUS
10
5.8184180708661417
20
-5.0001124803149608
11
5.8183893307086612
21
-5.0004040551181097
0
LINE
8
BLACK
6
CONTINUOUS
10
5.8183893307086612
20
-5.0004040551181097
11
5.8183948818897635
21
-5.0004818110236222
0
LINE
8
BLACK
6
CONTINUOUS
10
5.8183948818897635
20
-5.0004818110236222
11
5.8183716141732278
21
-5.00058405511811
0
LINE
8
BLACK
6
CONTINUOUS
10
5.8183716141732278
20
-5.00058405511811
11
5.8183613385826769
21
-5.0006885433070867
0
LINE
8
BLACK
6
CONTINUOUS
10
5.8183613385826769
20
-5.0006885433070867
11
5.8183314566929134
21
-5.0007605905511809
0
LINE
8
BLACK
6
CONTINUOUS
10
5.8183314566929134
20
-5.0007605905511809
11
5.8182665354330707
21
-5.0010462598425196
0
LINE
8
BLACK
6
CONTINUOUS
10
5.8182665354330707
20
-5.0010462598425196
11
5.8163917716535432
21
-5.0066705118110235
0
LINE
8
BLACK
6
CONTINUOUS
10
5.8163917716535432
20
-5.0066705118110235
11
5.8161557874015744
21
-5.0071990944881888
0
LINE
8
BLACK
6
CONTINUOUS
10
5.8161557874015744
20
-5.0071990944881888
11
5.8160862204724406
21
-5.0072792519685034
0
LINE
8
BLACK
6
CONTINUOUS
10
5.8160862204724406
20
-5.0072792519685034
11
5.8160456692913387
21
-5.0073772440944877
0
LINE
8
BLACK
6
CONTINUOUS
10
5.8160456692913387
20
-5.0073772440944877
11
5.8156784251968503
21
-5.0078247244094491
0
LINE
8
BLACK
6
CONTINUOUS
10
5.8156784251968503
20
-5.0078247244094491
11
5.813803622047244
21
-5.0096994881889767
0
LINE
8
BLACK
6
CONTINUOUS
10
5.813803622047244
20
-5.0096994881889767
11
5.8133561811023622
21
-5.0100666929133855
0
LINE
8
BLACK
6
CONTINUOUS
10
5.8133561811023622
20
-5.0100666929133855
11
5.8122917716535429
21
-5.0105075590551182
0
LINE
8
BLACK
6
CONTINUOUS
10
5.8122917716535429
20
-5.0105075590551182
11
5.81113968503937
21
-5.0105075590551182
0
LINE
8
BLACK
6
CONTINUOUS
10
5.81113968503937
20
-5.0105075590551182
11
5.8100752755905507
21
-5.0100666535433067
0
LINE
8
BLACK
6
CONTINUOUS
10
5.8100752755905507
20
-5.0100666535433067
11
5.8092605905511814
21
-5.0092519685039365
0
LINE
8
BLACK
6
CONTINUOUS
10
5.8092605905511814
20
-5.0092519685039365
11
5.8088197244094486
21
-5.0081875590551181
0
LINE
8
BLACK
6
CONTINUOUS
10
5.8088197244094486
20
-5.0081875590551181
11
5.8088197244094486
21
-5.0070354724409452
0
LINE
8
BLACK
6
CONTINUOUS
10
5.8088197244094486
20
-5.0070354724409452
11
5.8092606299212601
21
-5.0059710629921259
0
LINE
8
BLACK
6
CONTINUOUS
10
5.8092606299212601
20
-5.0059710629921259
11
5.8096278740157477
21
-5.0055235826771654
0
LINE
8
BLACK
6
CONTINUOUS
10
5.8096278740157477
20
-5.0055235826771654
11
5.811009763779527
21
-5.004141692913386
0
LINE
8
BLACK
6
CONTINUOUS
10
5.811009763779527
20
-5.004141692913386
11
5.8125125590551177
21
-4.9996333464566929
0
LINE
8
BLACK
6
CONTINUOUS
10
5.8125125590551177
20
-4.9996333464566929
11
5.8125125590551177
21
-4.9968420866141727
0
LINE
8
BLACK
6
CONTINUOUS
10
5.8125125590551177
20
-4.9968420866141727
11
5.811009763779527
21
-4.9923337007874018
0
LINE
8
BLACK
6
CONTINUOUS
10
5.811009763779527
20
-4.9923337007874018
11
5.8080918897637792
21
-4.9894158661417318
0
LINE
8
BLACK
6
CONTINUOUS
10
5.8080918897637792
20
-4.9894158661417318
11
5.8050609055118105
21
-4.9879003543307086
0
LINE
8
BLACK
6
CONTINUOUS
10
5.8050609055118105
20
-4.9879003543307086
11
5.7982288582677164
21
-4.9861923622047239
0
LINE
8
BLACK
6
CONTINUOUS
10
5.7982288582677164
20
-4.9861923622047239
11
5.7933316535433068
21
-4.9861923622047239
0
LINE
8
BLACK
6
CONTINUOUS
10
5.7933316535433068
20
-4.9861923622047239
11
5.7864996062992127
21
-4.9879003543307086
0
LINE
8
BLACK
6
CONTINUOUS
10
5.7864996062992127
20
-4.9879003543307086
11
5.783468622047244
21
-4.9894158661417318
0
LINE
8
BLACK
6
CONTINUOUS
10
5.783468622047244
20
-4.9894158661417318
11
5.7805507874015749
21
-4.992333661417323
0
LINE
8
BLACK
6
CONTINUOUS
10
5.7805507874015749
20
-4.992333661417323
11
5.7790479921259843
21
-4.9968420866141727
0
LINE
8
BLACK
6
CONTINUOUS
10
5.7790479921259843
20
-4.9968420866141727
11
5.7790479921259843
21
-4.9996333070866141
0
LINE
8
BLACK
6
CONTINUOUS
10
5.7790479921259843
20
-4.9996333070866141
11
5.7805507874015749
21
-5.0041417322834647
0
LINE
8
BLACK
6
CONTINUOUS
10
5.7805507874015749
20
-5.0041417322834647
11
5.7819326771653543
21
-5.0055236220472441
0
LINE
8
BLACK
6
CONTINUOUS
10
5.7819326771653543
20
-5.0055236220472441
11
5.782299881889764
21
-5.0059710629921259
0
LINE
8
BLACK
6
CONTINUOUS
10
5.782299881889764
20
-5.0059710629921259
11
5.7827407874015746
21
-5.0070354724409452
0
LINE
8
BLACK
6
CONTINUOUS
10
5.7827407874015746
20
-5.0070354724409452
11
5.7827407874015746
21
-5.0081875590551181
0
LINE
8
BLACK
6
CONTINUOUS
10
5.7827407874015746
20
-5.0081875590551181
11
5.782299881889764
21
-5.0092519685039365
0
LINE
8
BLACK
6
CONTINUOUS
10
5.782299881889764
20
-5.0092519685039365
11
5.7814851968503937
21
-5.0100666535433067
0
LINE
8
BLACK
6
CONTINUOUS
10
5.7814851968503937
20
-5.0100666535433067
11
5.7804207874015745
21
-5.0105075590551182
0
LINE
8
BLACK
6
CONTINUOUS
10
5.7804207874015745
20
-5.0105075590551182
11
5.7792687007874015
21
-5.0105075590551182
0
LINE
8
BLACK
6
CONTINUOUS
10
5.7792687007874015
20
-5.0105075590551182
11
5.7782042913385823
21
-5.0100666535433067
0
LINE
8
BLACK
6
CONTINUOUS
10
5.7782042913385823
20
-5.0100666535433067
11
5.7777568503937005
21
-5.0096994488188979
0
LINE
8
BLACK
6
CONTINUOUS
10
5.7777568503937005
20
-5.0096994488188979
11
5.7758820866141729
21
-5.0078246850393704
0
LINE
8
BLACK
6
CONTINUOUS
10
5.7758820866141729
20
-5.0078246850393704
11
5.7755148818897633
21
-5.0073772440944877
0
LINE
8
BLACK
6
CONTINUOUS
10
5.7755148818897633
20
-5.0073772440944877
11
5.7754742519685038
21
-5.0072791732283459
0
LINE
8
BLACK
6
CONTINUOUS
10
5.7754742519685038
20
-5.0072791732283459
11
5.7754047637795276
21
-5.00719905511811
0
LINE
8
BLACK
6
CONTINUOUS
10
5.7754047637795276
20
-5.00719905511811
11
5.7751687795275588
21
-5.0066705118110235
0
LINE
8
BLACK
6
CONTINUOUS
10
5.7751687795275588
20
-5.0066705118110235
11
5.7732940157480312
21
-5.0010462204724409
0
LINE
8
BLACK
6
CONTINUOUS
10
5.7732940157480312
20
-5.0010462204724409
11
5.7732290551181098
21
-5.0007606299212597
0
LINE
8
BLACK
6
CONTINUOUS
10
5.7732290551181098
20
-5.0007606299212597
11
5.7731992125984251
21
-5.0006885433070867
0
LINE
8
BLACK
6
CONTINUOUS
10
5.7731992125984251
20
-5.0006885433070867
11
5.7731888976377954
21
-5.0005840157480312
0
LINE
8
BLACK
6
CONTINUOUS
10
5.7731888976377954
20
-5.0005840157480312
11
5.7731656692913385
21
-5.0004817716535435
0
LINE
8
BLACK
6
CONTINUOUS
10
5.7731656692913385
20
-5.0004817716535435
11
5.773171181102362
21
-5.000404015748031
0
LINE
8
BLACK
6
CONTINUOUS
10
5.773171181102362
20
-5.000404015748031
11
5.7731424803149602
21
-5.0001124803149608
0
LINE
8
BLACK
6
CONTINUOUS
10
5.7731424803149602
20
-5.0001124803149608
11
5.7731424803149602
21
-4.9963629527559057
0
LINE
8
BLACK
6
CONTINUOUS
10
5.7731424803149602
20
-4.9963629527559057
11
5.773171181102362
21
-4.9960713779527559
0
LINE
8
BLACK
6
CONTINUOUS
10
5.773171181102362
20
-4.9960713779527559
11
5.7731656692913385
21
-4.995993661417323
0
LINE
8
BLACK
6
CONTINUOUS
10
5.7731656692913385
20
-4.995993661417323
11
5.7731888976377954
21
-4.9958913779527556
0
LINE
8
BLACK
6
CONTINUOUS
10
5.7731888976377954
20
-4.9958913779527556
11
5.7731992125984251
21
-4.9957868897637798
0
LINE
8
BLACK
6
CONTINUOUS
10
5.7731992125984251
20
-4.9957868897637798
11
5.7732290551181098
21
-4.9957147637795272
0
LINE
8
BLACK
6
CONTINUOUS
10
5.7732290551181098
20
-4.9957147637795272
11
5.7732940157480312
21
-4.9954292125984248
0
LINE
8
BLACK
6
CONTINUOUS
10
5.7732940157480312
20
-4.9954292125984248
11
5.7751687795275588
21
-4.9898049212598421
0
LINE
8
BLACK
6
CONTINUOUS
10
5.7751687795275588
20
-4.9898049212598421
11
5.7754047637795276
21
-4.9892763779527556
0
LINE
8
BLACK
6
CONTINUOUS
10
5.7754047637795276
20
-4.9892763779527556
11
5.7754742519685038
21
-4.9891962204724409
0
LINE
8
BLACK
6
CONTINUOUS
10
5.7754742519685038
20
-4.9891962204724409
11
5.7755148818897633
21
-4.9890981889763779
0
LINE
8
BLACK
6
CONTINUOUS
10
5.7755148818897633
20
-4.9890981889763779
11
5.7758820866141729
21
-4.9886507480314961
0
LINE
8
BLACK
6
CONTINUOUS
10
5.7758820866141729
20
-4.9886507480314961
11
5.779631614173228
21
-4.984901220472441
0
LINE
8
BLACK
6
CONTINUOUS
10
5.779631614173228
20
-4.984901220472441
11
5.7798579921259838
21
-4.9847153543307083
0
LINE
8
BLACK
6
CONTINUOUS
10
5.7798579921259838
20
-4.9847153543307083
11
5.7799091338582675
21
-4.984656456692913
0
LINE
8
BLACK
6
CONTINUOUS
10
5.7799091338582675
20
-4.984656456692913
11
5.7799978740157476
21
-4.984600551181102
0
LINE
8
BLACK
6
CONTINUOUS
10
5.7799978740157476
20
-4.984600551181102
11
5.7800790551181098
21
-4.9845339763779526
0
LINE
8
BLACK
6
CONTINUOUS
10
5.7800790551181098
20
-4.9845339763779526
11
5.7801511811023625
21
-4.9845040944881891
0
LINE
8
BLACK
6
CONTINUOUS
10
5.7801511811023625
20
-4.9845040944881891
11
5.7803990157480314
21
-4.9843481102362199
0
LINE
8
BLACK
6
CONTINUOUS
10
5.7803990157480314
20
-4.9843481102362199
11
5.7841485433070865
21
-4.9824733464566924
0
LINE
8
BLACK
6
CONTINUOUS
10
5.7841485433070865
20
-4.9824733464566924
11
5.7841906299212598
21
-4.9824572047244091
0
LINE
8
BLACK
6
CONTINUOUS
10
5.7841906299212598
20
-4.9824572047244091
11
5.7842077952755906
21
-4.9824445275590552
0
LINE
8
BLACK
6
CONTINUOUS
10
5.7842077952755906
20
-4.9824445275590552
11
5.7844493700787396
21
-4.9823581889763782
0
LINE
8
BLACK
6
CONTINUOUS
10
5.7844493700787396
20
-4.9823581889763782
11
5.7846891338582678
21
-4.9822664566929129
0
LINE
8
BLACK
6
CONTINUOUS
10
5.7846891338582678
20
-4.9822664566929129
11
5.7847103937007871
21
-4.9822649212598424
0
LINE
8
BLACK
6
CONTINUOUS
10
5.7847103937007871
20
-4.9822649212598424
11
5.7847529133858266
21
-4.9822497637795271
0
LINE
8
BLACK
6
CONTINUOUS
10
5.7847529133858266
20
-4.9822497637795271
11
5.7922519685039369
21
-4.9803749999999996
0
LINE
8
BLACK
6
CONTINUOUS
10
5.7922519685039369
20
-4.9803749999999996
11
5.7923518110236216
21
-4.9803601968503939
0
LINE
8
BLACK
6
CONTINUOUS
10
5.7923518110236216
20
-4.9803601968503939
11
5.7923920472440944
21
-4.9803435826771656
0
LINE
8
BLACK
6
CONTINUOUS
10
5.7923920472440944
20
-4.9803435826771656
11
5.7926090551181098
21
-4.9803222047244091
0
LINE
8
BLACK
6
CONTINUOUS
10
5.7926090551181098
20
-4.9803222047244091
11
5.7928245669291334
21
-4.9802903543307089
0
LINE
8
BLACK
6
CONTINUOUS
10
5.7928245669291334
20
-4.9802903543307089
11
5.792867559055118
21
-4.9802967322834641
0
LINE
8
BLACK
6
CONTINUOUS
10
5.792867559055118
20
-4.9802967322834641
11
5.7929681102362203
21
-4.9802868503937008
0
LINE
8
BLACK
6
CONTINUOUS
10
5.7929681102362203
20
-4.9802868503937008
11
5.7985924015748029
21
-4.9802868503937008
0
LINE
8
BLACK
6
CONTINUOUS
10
5.7985924015748029
20
-4.9802868503937008
11
5.7986929133858265
21
-4.9802967322834641
0
LINE
8
BLACK
6
CONTINUOUS
10
6.0112913385826774
20
-4.9802967322834641
11
6.0113343700787398
21
-4.9802903543307089
0
LINE
8
BLACK
6
CONTINUOUS
10
6.0113343700787398
20
-4.9802903543307089
11
6.0115498425196847
21
-4.9803222047244091
0
LINE
8
BLACK
6
CONTINUOUS
10
6.0115498425196847
20
-4.9803222047244091
11
6.0117668897637797
21
-4.9803435826771656
0
LINE
8
BLACK
6
CONTINUOUS
10
6.0117668897637797
20
-4.9803435826771656
11
6.0118070866141728
21
-4.9803601968503939
0
LINE
8
BLACK
6
CONTINUOUS
10
6.0118070866141728
20
-4.9803601968503939
11
6.0119069685039372
21
-4.9803749999999996
0
LINE
8
BLACK
6
CONTINUOUS
10
6.0119069685039372
20
-4.9803749999999996
11
6.0194060236220475
21
-4.9822497637795271
0
LINE
8
BLACK
6
CONTINUOUS
10
6.0194060236220475
20
-4.9822497637795271
11
6.0194485039370074
21
-4.9822649212598424
0
LINE
8
BLACK
6
CONTINUOUS
10
6.0194485039370074
20
-4.9822649212598424
11
6.0194697637795276
21
-4.9822664566929129
0
LINE
8
BLACK
6
CONTINUOUS
10
6.0194697637795276
20
-4.9822664566929129
11
6.0197091732283461
21
-4.9823580708661419
0
LINE
8
BLACK
6
CONTINUOUS
10
6.0197091732283461
20
-4.9823580708661419
11
6.0199511417322835
21
-4.9824445275590552
0
LINE
8
BLACK
6
CONTINUOUS
10
6.0199511417322835
20
-4.9824445275590552
11
6.0199682677165356
21
-4.9824572047244091
0
LINE
8
BLACK
6
CONTINUOUS
10
6.0199682677165356
20
-4.9824572047244091
11
6.0200103937007876
21
-4.9824733464566924
0
LINE
8
BLACK
6
CONTINUOUS
10
6.0200103937007876
20
-4.9824733464566924
11
6.0237599212598427
21
-4.9843481102362199
0
LINE
8
BLACK
6
CONTINUOUS
10
6.0237599212598427
20
-4.9843481102362199
11
6.0240077952755904
21
-4.9845041338582678
0
LINE
8
BLACK
6
CONTINUOUS
10
6.0240077952755904
20
-4.9845041338582678
11
6.0240798425196846
21
-4.9845339763779526
0
LINE
8
BLACK
6
CONTINUOUS
10
6.0240798425196846
20
-4.9845339763779526
11
6.0241608661417319
21
-4.9846004724409445
0
LINE
8
BLACK
6
CONTINUOUS
10
6.0241608661417319
20
-4.9846004724409445
11
6.0242498031496066
21
-4.984656456692913
0
LINE
8
BLACK
6
CONTINUOUS
10
6.0242498031496066
20
-4.984656456692913
11
6.0243009448818894
21
-4.9847154330708658
0
LINE
8
BLACK
6
CONTINUOUS
10
6.0243009448818894
20
-4.9847154330708658
11
6.0245273228346452
21
-4.984901220472441
0
LINE
8
BLACK
6
CONTINUOUS
10
6.0245273228346452
20
-4.984901220472441
11
6.0282768897637791
21
-4.9886507480314961
0
LINE
8
BLACK
6
CONTINUOUS
10
6.0282768897637791
20
-4.9886507480314961
11
6.0286441338582675
21
-4.9890981889763779
0
LINE
8
BLACK
6
CONTINUOUS
10
6.0286441338582675
20
-4.9890981889763779
11
6.028684724409449
21
-4.9891962204724409
0
LINE
8
BLACK
6
CONTINUOUS
10
6.028684724409449
20
-4.9891962204724409
11
6.0287542125984253
21
-4.9892763385826768
0
LINE
8
BLACK
6
CONTINUOUS
10
6.0287542125984253
20
-4.9892763385826768
11
6.0289901968503932
21
-4.9898049212598421
0
LINE
8
BLACK
6
CONTINUOUS
10
6.0289901968503932
20
-4.9898049212598421
11
6.0308649606299207
21
-4.995429173228346
0
LINE
8
BLACK
6
CONTINUOUS
10
6.0308649606299207
20
-4.995429173228346
11
6.0309298818897634
21
-4.9957148031496059
0
LINE
8
BLACK
6
CONTINUOUS
10
6.0309298818897634
20
-4.9957148031496059
11
6.0309597637795278
21
-4.9957868897637798
0
LINE
8
BLACK
6
CONTINUOUS
10
6.0309597637795278
20
-4.9957868897637798
11
6.0309700393700787
21
-4.9958913385826769
0
LINE
8
BLACK
6
CONTINUOUS
10
6.0309700393700787
20
-4.9958913385826769
11
6.0309933070866144
21
-4.9959936220472443
0
LINE
8
BLACK
6
CONTINUOUS
10
6.0309933070866144
20
-4.9959936220472443
11
6.0309877559055121
21
-4.9960713385826772
0
LINE
8
BLACK
6
CONTINUOUS
10
6.0309877559055121
20
-4.9960713385826772
11
6.0310164960629917
21
-4.9963629527559057
0
LINE
8
BLACK
6
CONTINUOUS
10
6.0310164960629917
20
-4.9963629527559057
11
6.0310164960629917
21
-5.0001124803149608
0
LINE
8
BLACK
6
CONTINUOUS
10
6.0310164960629917
20
-5.0001124803149608
11
6.0309877559055121
21
-5.0004040551181097
0
LINE
8
BLACK
6
CONTINUOUS
10
6.0309877559055121
20
-5.0004040551181097
11
6.0309933070866144
21
-5.0004818110236222
0
LINE
8
BLACK
6
CONTINUOUS
10
6.0309933070866144
20
-5.0004818110236222
11
6.0309700393700787
21
-5.00058405511811
0
LINE
8
BLACK
6
CONTINUOUS
10
6.0309700393700787
20
-5.00058405511811
11
6.0309597637795278
21
-5.0006885433070867
0
LINE
8
BLACK
6
CONTINUOUS
10
6.0309597637795278
20
-5.0006885433070867
11
6.0309298818897634
21
-5.0007605905511809
0
LINE
8
BLACK
6
CONTINUOUS
10
6.0309298818897634
20
-5.0007605905511809
11
6.0308649606299207
21
-5.0010462598425196
0
LINE
8
BLACK
6
CONTINUOUS
10
6.0308649606299207
20
-5.0010462598425196
11
6.0289901968503932
21
-5.0066705118110235
0
LINE
8
BLACK
6
CONTINUOUS
10
6.0289901968503932
20
-5.0066705118110235
11
6.0287542125984253
21
-5.0071990944881888
0
LINE
8
BLACK
6
CONTINUOUS
10
6.0287542125984253
20
-5.0071990944881888
11
6.0286846456692915
21
-5.0072792519685034
0
LINE
8
BLACK
6
CONTINUOUS
10
6.0286846456692915
20
-5.0072792519685034
11
6.0286440944881887
21
-5.0073772440944877
0
LINE
8
BLACK
6
CONTINUOUS
10
6.0286440944881887
20
-5.0073772440944877
11
6.0282768503937003
21
-5.0078247244094491
0
LINE
8
BLACK
6
CONTINUOUS
10
6.0282768503937003
20
-5.0078247244094491
11
6.026402047244094
21
-5.0096994881889767
0
LINE
8
BLACK
6
CONTINUOUS
10
6.026402047244094
20
-5.0096994881889767
11
6.0259546062992122
21
-5.0100666929133855
0
LINE
8
BLACK
6
CONTINUOUS
10
6.0259546062992122
20
-5.0100666929133855
11
6.0248901968503938
21
-5.0105075590551182
0
LINE
8
BLACK
6
CONTINUOUS
10
6.0248901968503938
20
-5.0105075590551182
11
6.02373811023622
21
-5.0105075590551182
0
LINE
8
BLACK
6
CONTINUOUS
10
6.02373811023622
20
-5.0105075590551182
11
6.0226737007874016
21
-5.0100666535433067
0
LINE
8
BLACK
6
CONTINUOUS
10
6.0226737007874016
20
-5.0100666535433067
11
6.0218590157480314
21
-5.0092519685039365
0
LINE
8
BLACK
6
CONTINUOUS
10
6.0218590157480314
20
-5.0092519685039365
11
6.0214181496062995
21
-5.0081875590551181
0
LINE
8
BLACK
6
CONTINUOUS
10
6.0214181496062995
20
-5.0081875590551181
11
6.0214181496062995
21
-5.0070354724409452
0
LINE
8
BLACK
6
CONTINUOUS
10
6.0214181496062995
20
-5.0070354724409452
11
6.0218590551181101
21
-5.0059710629921259
0
LINE
8
BLACK
6
CONTINUOUS
10
6.0218590551181101
20
-5.0059710629921259
11
6.0222262992125986
21
-5.0055235826771654
0
LINE
8
BLACK
6
CONTINUOUS
10
6.0222262992125986
20
-5.0055235826771654
11
6.023608188976378
21
-5.004141692913386
0
LINE
8
BLACK
6
CONTINUOUS
10
6.023608188976378
20
-5.004141692913386
11
6.0251109842519686
21
-4.9996333464566929
0
LINE
8
BLACK
6
CONTINUOUS
10
6.0251109842519686
20
-4.9996333464566929
11
6.0251109842519686
21
-4.9968420866141727
0
LINE
8
BLACK
6
CONTINUOUS
10
6.0251109842519686
20
-4.9968420866141727
11
6.023608188976378
21
-4.9923337007874018
0
LINE
8
BLACK
6
CONTINUOUS
10
6.023608188976378
20
-4.9923337007874018
11
6.0206903149606301
21
-4.9894158661417318
0
LINE
8
BLACK
6
CONTINUOUS
10
6.0206903149606301
20
-4.9894158661417318
11
6.0176593307086614
21
-4.9879003543307086
0
LINE
8
BLACK
6
CONTINUOUS
10
6.0176593307086614
20
-4.9879003543307086
11
6.0108272834645664
21
-4.9861923622047239
0
LINE
8
BLACK
6
CONTINUOUS
10
6.0108272834645664
20
-4.9861923622047239
11
6.0059300787401577
21
-4.9861923622047239
0
LINE
8
BLACK
6
CONTINUOUS
10
6.0059300787401577
20
-4.9861923622047239
11
5.9990980314960627
21
-4.9879003543307086
0
LINE
8
BLACK
6
CONTINUOUS
10
5.9990980314960627
20
-4.9879003543307086
11
5.996067047244094
21
-4.9894158661417318
0
LINE
8
BLACK
6
CONTINUOUS
10
5.996067047244094
20
-4.9894158661417318
11
5.9931492125984249
21
-4.992333661417323
0
LINE
8
BLACK
6
CONTINUOUS
10
5.9931492125984249
20
-4.992333661417323
11
5.9916464173228343
21
-4.9968420866141727
0
LINE
8
BLACK
6
CONTINUOUS
10
5.9916464173228343
20
-4.9968420866141727
11
5.9916464173228343
21
-4.9996333070866141
0
LINE
8
BLACK
6
CONTINUOUS
10
5.9916464173228343
20
-4.9996333070866141
11
5.9931492125984249
21
-5.0041417322834647
0
LINE
8
BLACK
6
CONTINUOUS
10
5.9931492125984249
20
-5.0041417322834647
11
5.9945311023622043
21
-5.0055236220472441
0
LINE
8
BLACK
6
CONTINUOUS
10
5.9945311023622043
20
-5.0055236220472441
11
5.994898307086614
21
-5.0059710629921259
0
LINE
8
BLACK
6
CONTINUOUS
10
5.994898307086614
20
-5.0059710629921259
11
5.9953392125984246
21
-5.0070354724409452
0
LINE
8
BLACK
6
CONTINUOUS
10
5.9953392125984246
20
-5.0070354724409452
11
5.9953392125984246
21
-5.0081875590551181
0
LINE
8
BLACK
6
CONTINUOUS
10
5.9953392125984246
20
-5.0081875590551181
11
5.994898307086614
21
-5.0092519685039365
0
LINE
8
BLACK
6
CONTINUOUS
10
5.994898307086614
20
-5.0092519685039365
11
5.9940836220472438
21
-5.0100666535433067
0
LINE
8
BLACK
6
CONTINUOUS
10
5.9940836220472438
20
-5.0100666535433067
11
5.9930192125984254
21
-5.0105075590551182
0
LINE
8
BLACK
6
CONTINUOUS
10
5.9930192125984254
20
-5.0105075590551182
11
5.9918671259842515
21
-5.0105075590551182
0
LINE
8
BLACK
6
CONTINUOUS
10
5.9918671259842515
20
-5.0105075590551182
11
5.9908027165354332
21
-5.0100666535433067
0
LINE
8
BLACK
6
CONTINUOUS
10
5.9908027165354332
20
-5.0100666535433067
11
5.9903552755905514
21
-5.0096994488188979
0
LINE
8
BLACK
6
CONTINUOUS
10
5.9903552755905514
20
-5.0096994488188979
11
5.9884805118110238
21
-5.0078246850393704
0
LINE
8
BLACK
6
CONTINUOUS
10
5.9884805118110238
20
-5.0078246850393704
11
5.9881133070866142
21
-5.0073772440944877
0
LINE
8
BLACK
6
CONTINUOUS
10
5.9881133070866142
20
-5.0073772440944877
11
5.9880726771653539
21
-5.0072791732283459
0
LINE
8
BLACK
6
CONTINUOUS
10
5.9880726771653539
20
-5.0072791732283459
11
5.9880031889763776
21
-5.00719905511811
0
LINE
8
BLACK
6
CONTINUOUS
10
5.9880031889763776
20
-5.00719905511811
11
5.9877672047244097
21
-5.0066705118110235
0
LINE
8
BLACK
6
CONTINUOUS
10
5.9877672047244097
20
-5.0066705118110235
11
5.9858924409448822
21
-5.0010462204724409
0
LINE
8
BLACK
6
CONTINUOUS
10
5.9858924409448822
20
-5.0010462204724409
11
5.9858274803149607
21
-5.0007606299212597
0
LINE
8
BLACK
6
CONTINUOUS
10
5.9858274803149607
20
-5.0007606299212597
11
5.9857976377952751
21
-5.0006885433070867
0
LINE
8
BLACK
6
CONTINUOUS
10
5.9857976377952751
20
-5.0006885433070867
11
5.9857873228346454
21
-5.0005840157480312
0
LINE
8
BLACK
6
CONTINUOUS
10
5.9857873228346454
20
-5.0005840157480312
11
5.9857640944881885
21
-5.0004817716535435
0
LINE
8
BLACK
6
CONTINUOUS
10
5.9857640944881885
20
-5.0004817716535435
11
5.9857696062992121
21
-5.000404015748031
0
LINE
8
BLACK
6
CONTINUOUS
10
5.9857696062992121
20
-5.000404015748031
11
5.9857409055118111
21
-5.0001124803149608
0
LINE
8
BLACK
6
CONTINUOUS
10
5.9857409055118111
20
-5.0001124803149608
11
5.9857409055118111
21
-4.9963629527559057
0
LINE
8
BLACK
6
CONTINUOUS
10
5.9857409055118111
20
-4.9963629527559057
11
5.9857696062992121
21
-4.9960713779527559
0
LINE
8
BLACK
6
CONTINUOUS
10
5.9857696062992121
20
-4.9960713779527559
11
5.9857640944881885
21
-4.995993661417323
0
LINE
8
BLACK
6
CONTINUOUS
10
5.9857640944881885
20
-4.995993661417323
11
5.9857873228346454
21
-4.9958913779527556
0
LINE
8
BLACK
6
CONTINUOUS
10
5.9857873228346454
20
-4.9958913779527556
11
5.9857976377952751
21
-4.9957868897637798
0
LINE
8
BLACK
6
CONTINUOUS
10
5.9857976377952751
20
-4.9957868897637798
11
5.9858274803149607
21
-4.9957147637795272
0
LINE
8
BLACK
6
CONTINUOUS
10
5.9858274803149607
20
-4.9957147637795272
11
5.9858924409448822
21
-4.9954292125984248
0
LINE
8
BLACK
6
CONTINUOUS
10
5.9858924409448822
20
-4.9954292125984248
11
5.9877672047244097
21
-4.9898049212598421
0
LINE
8
BLACK
6
CONTINUOUS
10
5.9877672047244097
20
-4.9898049212598421
11
5.9880031889763776
21
-4.9892763779527556
0
LINE
8
BLACK
6
CONTINUOUS
10
5.9880031889763776
20
-4.9892763779527556
11
5.9880726771653539
21
-4.9891962204724409
0
LINE
8
BLACK
6
CONTINUOUS
10
5.9880726771653539
20
-4.9891962204724409
11
5.9881133070866142
21
-4.9890981889763779
0
LINE
8
BLACK
6
CONTINUOUS
10
5.9881133070866142
20
-4.9890981889763779
11
5.9884805118110238
21
-4.9886507480314961
0
LINE
8
BLACK
6
CONTINUOUS
10
5.9884805118110238
20
-4.9886507480314961
11
5.9922300393700789
21
-4.984901220472441
0
LINE
8
BLACK
6
CONTINUOUS
10
5.9922300393700789
20
-4.984901220472441
11
5.9924564173228347
21
-4.9847153543307083
0
LINE
8
BLACK
6
CONTINUOUS
10
5.9924564173228347
20
-4.9847153543307083
11
5.9925075590551176
21
-4.984656456692913
0
LINE
8
BLACK
6
CONTINUOUS
10
5.9925075590551176
20
-4.984656456692913
11
5.9925962992125985
21
-4.984600551181102
0
LINE
8
BLACK
6
CONTINUOUS
10
5.9925962992125985
20
-4.984600551181102
11
5.9926774803149607
21
-4.9845339763779526
0
LINE
8
BLACK
6
CONTINUOUS
10
5.9926774803149607
20
-4.9845339763779526
11
5.9927496062992125
21
-4.9845040944881891
0
LINE
8
BLACK
6
CONTINUOUS
10
5.9927496062992125
20
-4.9845040944881891
11
5.9929974409448814
21
-4.9843481102362199
0
LINE
8
BLACK
6
CONTINUOUS
10
5.9929974409448814
20
-4.9843481102362199
11
5.9967469685039365
21
-4.9824733464566924
0
LINE
8
BLACK
6
CONTINUOUS
10
5.9967469685039365
20
-4.9824733464566924
11
5.9967890551181098
21
-4.9824572047244091
0
LINE
8
BLACK
6
CONTINUOUS
10
5.9967890551181098
20
-4.9824572047244091
11
5.9968062204724406
21
-4.9824445275590552
0
LINE
8
BLACK
6
CONTINUOUS
10
5.9968062204724406
20
-4.9824445275590552
11
5.9970477952755905
21
-4.9823581889763782
0
LINE
8
BLACK
6
CONTINUOUS
10
5.9970477952755905
20
-4.9823581889763782
11
5.9972875590551178
21
-4.9822664566929129
0
LINE
8
BLACK
6
CONTINUOUS
10
5.9972875590551178
20
-4.9822664566929129
11
5.997308818897638
21
-4.9822649212598424
0
LINE
8
BLACK
6
CONTINUOUS
10
5.997308818897638
20
-4.9822649212598424
11
5.9973513385826767
21
-4.9822497637795271
0
LINE
8
BLACK
6
CONTINUOUS
10
5.9973513385826767
20
-4.9822497637795271
11
6.0048503937007869
21
-4.9803749999999996
0
LINE
8
BLACK
6
CONTINUOUS
10
6.0048503937007869
20
-4.9803749999999996
11
6.0049502362204725
21
-4.9803601968503939
0
LINE
8
BLACK
6
CONTINUOUS
10
6.0049502362204725
20
-4.9803601968503939
11
6.0049904724409444
21
-4.9803435826771656
0
LINE
8
BLACK
6
CONTINUOUS
10
6.0049904724409444
20
-4.9803435826771656
11
6.0052074803149607
21
-4.9803222047244091
0
LINE
8
BLACK
6
CONTINUOUS
10
6.0052074803149607
20
-4.9803222047244091
11
6.0054229921259843
21
-4.9802903543307089
0
LINE
8
BLACK
6
CONTINUOUS
10
6.0054229921259843
20
-4.9802903543307089
11
6.005465984251968
21
-4.9802967322834641
0
LINE
8
BLACK
6
CONTINUOUS
10
6.005465984251968
20
-4.9802967322834641
11
6.0055665354330703
21
-4.9802868503937008
0
LINE
8
BLACK
6
CONTINUOUS
10
6.0055665354330703
20
-4.9802868503937008
11
6.0111908267716538
21
-4.9802868503937008
0
LINE
8
BLACK
6
CONTINUOUS
10
6.0111908267716538
20
-4.9802868503937008
11
6.0112913385826774
21
-4.9802967322834641
0
LINE
8
BLACK
6
CONTINUOUS
10
5.9051559448818898
20
-5.0045105118110236
11
5.9064343700787401
21
-5.0057889370078739
0
LINE
8
BLACK
6
CONTINUOUS
10
5.9064343700787401
20
-5.0057889370078739
11
5.9064343700787401
21
-5.0075968897637795
0
LINE
8
BLACK
6
CONTINUOUS
10
5.9064343700787401
20
-5.0075968897637795
11
5.9051559448818898
21
-5.0088753149606298
0
LINE
8
BLACK
6
CONTINUOUS
10
5.9051559448818898
20
-5.0088753149606298
11
5.904251968503937
21
-5.0090551181102363
0
LINE
8
BLACK
6
CONTINUOUS
10
5.904251968503937
20
-5.0090551181102363
11
5.895590551181102
21
-5.0090551181102363
0
LINE
8
BLACK
6
CONTINUOUS
10
5.895590551181102
20
-5.0090551181102363
11
5.8946865748031492
21
-5.0088753149606298
0
LINE
8
BLACK
6
CONTINUOUS
10
5.8946865748031492
20
-5.0088753149606298
11
5.8934081496062989
21
-5.0075968897637795
0
LINE
8
BLACK
6
CONTINUOUS
10
5.8934081496062989
20
-5.0075968897637795
11
5.8934081496062989
21
-5.0057889370078739
0
LINE
8
BLACK
6
CONTINUOUS
10
5.8934081496062989
20
-5.0057889370078739
11
5.8946865748031492
21
-5.0045105118110236
0
LINE
8
BLACK
6
CONTINUOUS
10
5.8946865748031492
20
-5.0045105118110236
11
5.895590551181102
21
-5.004330708661417
0
LINE
8
BLACK
6
CONTINUOUS
10
5.895590551181102
20
-5.004330708661417
11
5.904251968503937
21
-5.004330708661417
0
LINE
8
BLACK
6
CONTINUOUS
10
5.904251968503937
20
-5.004330708661417
11
5.9051559448818898
21
-5.0045105118110236
0
LINE
8
BLACK
6
CONTINUOUS
10
6.1306214566929134
20
-4.9577381102362201
11
6.130699212598425
21
-4.9577325984251965
0
LINE
8
BLACK
6
CONTINUOUS
10
6.130699212598425
20
-4.9577325984251965
11
6.1308014566929137
21
-4.9577558267716535
0
LINE
8
BLACK
6
CONTINUOUS
10
6.1308014566929137
20
-4.9577558267716535
11
6.1309059842519682
21
-4.9577661417322831
0
LINE
8
BLACK
6
CONTINUOUS
10
6.1309059842519682
20
-4.9577661417322831
11
6.1309780708661412
21
-4.9577959842519688
0
LINE
8
BLACK
6
CONTINUOUS
10
6.1309780708661412
20
-4.9577959842519688
11
6.1312636614173224
21
-4.9578609448818893
0
LINE
8
BLACK
6
CONTINUOUS
10
6.1312636614173224
20
-4.9578609448818893
11
6.136887952755905
21
-4.9597357086614169
0
LINE
8
BLACK
6
CONTINUOUS
10
6.136887952755905
20
-4.9597357086614169
11
6.1374164960629916
21
-4.9599716929133857
0
LINE
8
BLACK
6
CONTINUOUS
10
6.1374164960629916
20
-4.9599716929133857
11
6.1374966141732283
21
-4.9600411811023619
0
LINE
8
BLACK
6
CONTINUOUS
10
6.1374966141732283
20
-4.9600411811023619
11
6.1375946850393701
21
-4.9600818110236222
0
LINE
8
BLACK
6
CONTINUOUS
10
6.1375946850393701
20
-4.9600818110236222
11
6.1380421259842519
21
-4.960449015748031
0
LINE
8
BLACK
6
CONTINUOUS
10
6.1380421259842519
20
-4.960449015748031
11
6.141791653543307
21
-4.9641985433070861
0
LINE
8
BLACK
6
CONTINUOUS
10
6.141791653543307
20
-4.9641985433070861
11
6.14197748031496
21
-4.9644249212598428
0
LINE
8
BLACK
6
CONTINUOUS
10
6.14197748031496
20
-4.9644249212598428
11
6.1420364173228341
21
-4.9644760629921256
0
LINE
8
BLACK
6
CONTINUOUS
10
6.1420364173228341
20
-4.9644760629921256
11
6.1420922834645664
21
-4.9645648031496066
0
LINE
8
BLACK
6
CONTINUOUS
10
6.1420922834645664
20
-4.9645648031496066
11
6.1421588976377954
21
-4.9646459842519688
0
LINE
8
BLACK
6
CONTINUOUS
10
6.1421588976377954
20
-4.9646459842519688
11
6.1421887401574802
21
-4.9647181102362206
0
LINE
8
BLACK
6
CONTINUOUS
10
6.1421887401574802
20
-4.9647181102362206
11
6.1423447637795272
21
-4.9649659448818895
0
LINE
8
BLACK
6
CONTINUOUS
10
6.1423447637795272
20
-4.9649659448818895
11
6.1442195275590548
21
-4.9687154724409446
0
LINE
8
BLACK
6
CONTINUOUS
10
6.1442195275590548
20
-4.9687154724409446
11
6.1442356299212593
21
-4.9687575590551178
0
LINE
8
BLACK
6
CONTINUOUS
10
6.1442356299212593
20
-4.9687575590551178
11
6.1442483464566928
21
-4.9687747244094487
0
LINE
8
BLACK
6
CONTINUOUS
10
6.1442483464566928
20
-4.9687747244094487
11
6.1443346456692911
21
-4.9690162992125986
0
LINE
8
BLACK
6
CONTINUOUS
10
6.1443346456692911
20
-4.9690162992125986
11
6.1444264173228342
21
-4.9692560629921259
0
LINE
8
BLACK
6
CONTINUOUS
10
6.1444264173228342
20
-4.9692560629921259
11
6.1444279133858268
21
-4.9692773228346452
0
LINE
8
BLACK
6
CONTINUOUS
10
6.1444279133858268
20
-4.9692773228346452
11
6.14444311023622
21
-4.9693198425196847
0
LINE
8
BLACK
6
CONTINUOUS
10
6.14444311023622
20
-4.9693198425196847
11
6.1463178740157476
21
-4.9768188976377949
0
LINE
8
BLACK
6
CONTINUOUS
10
6.1463178740157476
20
-4.9768188976377949
11
6.1463326377952754
21
-4.9769187401574806
0
LINE
8
BLACK
6
CONTINUOUS
10
6.1463326377952754
20
-4.9769187401574806
11
6.1463492913385824
21
-4.9769589763779525
0
LINE
8
BLACK
6
CONTINUOUS
10
6.1463492913385824
20
-4.9769589763779525
11
6.1463706299212593
21
-4.9771759842519687
0
LINE
8
BLACK
6
CONTINUOUS
10
6.1463706299212593
20
-4.9771759842519687
11
6.1464025196850391
21
-4.9773914960629924
0
LINE
8
BLACK
6
CONTINUOUS
10
6.1464025196850391
20
-4.9773914960629924
11
6.1463961023622042
21
-4.977434488188976
0
LINE
8
BLACK
6
CONTINUOUS
10
6.1463961023622042
20
-4.977434488188976
11
6.1464060236220472
21
-4.9775350393700784
0
LINE
8
BLACK
6
CONTINUOUS
10
6.1464060236220472
20
-4.9775350393700784
11
6.1464060236220472
21
-4.983159330708661
0
LINE
8
BLACK
6
CONTINUOUS
10
6.1464060236220472
20
-4.983159330708661
11
6.1463961023622042
21
-4.9832598425196846
0
LINE
8
BLACK
6
CONTINUOUS
10
6.1463961023622042
20
-4.9832598425196846
11
6.1464025196850391
21
-4.9833028740157479
0
LINE
8
BLACK
6
CONTINUOUS
10
6.1464025196850391
20
-4.9833028740157479
11
6.1463706299212593
21
-4.9835183464566928
0
LINE
8
BLACK
6
CONTINUOUS
10
6.1463706299212593
20
-4.9835183464566928
11
6.1463492913385824
21
-4.9837353937007869
0
LINE
8
BLACK
6
CONTINUOUS
10
6.1463492913385824
20
-4.9837353937007869
11
6.1463326377952754
21
-4.9837755905511809
0
LINE
8
BLACK
6
CONTINUOUS
10
6.1463326377952754
20
-4.9837755905511809
11
6.1463178740157476
21
-4.9838754724409444
0
LINE
8
BLACK
6
CONTINUOUS
10
6.1463178740157476
20
-4.9838754724409444
11
6.14444311023622
21
-4.9913745275590546
0
LINE
8
BLACK
6
CONTINUOUS
10
6.14444311023622
20
-4.9913745275590546
11
6.1444279133858268
21
-4.9914170078740154
0
LINE
8
BLACK
6
CONTINUOUS
10
6.1444279133858268
20
-4.9914170078740154
11
6.1444264173228342
21
-4.9914383070866144
0
LINE
8
BLACK
6
CONTINUOUS
10
6.1444264173228342
20
-4.9914383070866144
11
6.1443346456692911
21
-4.9916780314960629
0
LINE
8
BLACK
6
CONTINUOUS
10
6.1443346456692911
20
-4.9916780314960629
11
6.1442483464566928
21
-4.9919196456692916
0
LINE
8
BLACK
6
CONTINUOUS
10
6.1442483464566928
20
-4.9919196456692916
11
6.1442356299212593
21
-4.9919367716535428
0
LINE
8
BLACK
6
CONTINUOUS
10
6.1442356299212593
20
-4.9919367716535428
11
6.1442195275590548
21
-4.9919788976377948
0
LINE
8
BLACK
6
CONTINUOUS
10
6.1442195275590548
20
-4.9919788976377948
11
6.1423447637795272
21
-4.9957284251968499
0
LINE
8
BLACK
6
CONTINUOUS
10
6.1423447637795272
20
-4.9957284251968499
11
6.1421887007874014
21
-4.9959762992125984
0
LINE
8
BLACK
6
CONTINUOUS
10
6.1421887007874014
20
-4.9959762992125984
11
6.1421588976377954
21
-4.9960483464566927
0
LINE
8
BLACK
6
CONTINUOUS
10
6.1421588976377954
20
-4.9960483464566927
11
6.1420923622047239
21
-4.9961293700787399
0
LINE
8
BLACK
6
CONTINUOUS
10
6.1420923622047239
20
-4.9961293700787399
11
6.1420364173228341
21
-4.9962183070866137
0
LINE
8
BLACK
6
CONTINUOUS
10
6.1420364173228341
20
-4.9962183070866137
11
6.1419774015748034
21
-4.9962694488188975
0
LINE
8
BLACK
6
CONTINUOUS
10
6.1419774015748034
20
-4.9962694488188975
11
6.1417916929133858
21
-4.9964957874015745
0
LINE
8
BLACK
6
CONTINUOUS
10
6.1417916929133858
20
-4.9964957874015745
11
6.1380421259842519
21
-5.0002453937007871
0
LINE
8
BLACK
6
CONTINUOUS
10
6.1380421259842519
20
-5.0002453937007871
11
6.1375946850393701
21
-5.0006125984251968
0
LINE
8
BLACK
6
CONTINUOUS
10
6.1375946850393701
20
-5.0006125984251968
11
6.1374966141732283
21
-5.0006531889763775
0
LINE
8
BLACK
6
CONTINUOUS
10
6.1374966141732283
20
-5.0006531889763775
11
6.1374164960629916
21
-5.0007227165354333
0
LINE
8
BLACK
6
CONTINUOUS
10
6.1374164960629916
20
-5.0007227165354333
11
6.136887952755905
21
-5.0009587007874012
0
LINE
8
BLACK
6
CONTINUOUS
10
6.136887952755905
20
-5.0009587007874012
11
6.1312636614173224
21
-5.0028334645669288
0
LINE
8
BLACK
6
CONTINUOUS
10
6.1312636614173224
20
-5.0028334645669288
11
6.1309780708661412
21
-5.0028983858267715
0
LINE
8
BLACK
6
CONTINUOUS
10
6.1309780708661412
20
-5.0028983858267715
11
6.1309059842519682
21
-5.002928267716535
0
LINE
8
BLACK
6
CONTINUOUS
10
6.1309059842519682
20
-5.002928267716535
11
6.1308014566929137
21
-5.0029385433070868
0
LINE
8
BLACK
6
CONTINUOUS
10
6.1308014566929137
20
-5.0029385433070868
11
6.130699212598425
21
-5.0029618110236216
0
LINE
8
BLACK
6
CONTINUOUS
10
6.130699212598425
20
-5.0029618110236216
11
6.1306214566929134
21
-5.0029562598425192
0
LINE
8
BLACK
6
CONTINUOUS
10
6.1306214566929134
20
-5.0029562598425192
11
6.1303299212598423
21
-5.0029849999999998
0
LINE
8
BLACK
6
CONTINUOUS
10
6.1303299212598423
20
-5.0029849999999998
11
6.1265803937007872
21
-5.0029849999999998
0
LINE
8
BLACK
6
CONTINUOUS
10
6.1265803937007872
20
-5.0029849999999998
11
6.1262887795275587
21
-5.0029562598425192
0
LINE
8
BLACK
6
CONTINUOUS
10
6.1262887795275587
20
-5.0029562598425192
11
6.1262110629921258
21
-5.0029618110236216
0
LINE
8
BLACK
6
CONTINUOUS
10
6.1262110629921258
20
-5.0029618110236216
11
6.1261087795275593
21
-5.0029385433070868
0
LINE
8
BLACK
6
CONTINUOUS
10
6.1261087795275593
20
-5.0029385433070868
11
6.1260043307086613
21
-5.002928267716535
0
LINE
8
BLACK
6
CONTINUOUS
10
6.1260043307086613
20
-5.002928267716535
11
6.1259322440944883
21
-5.0028983858267715
0
LINE
8
BLACK
6
CONTINUOUS
10
6.1259322440944883
20
-5.0028983858267715
11
6.1256466141732284
21
-5.0028334645669288
0
LINE
8
BLACK
6
CONTINUOUS
10
6.1256466141732284
20
-5.0028334645669288
11
6.1200223622047245
21
-5.0009587007874012
0
LINE
8
BLACK
6
CONTINUOUS
10
6.1200223622047245
20
-5.0009587007874012
11
6.1194937795275592
21
-5.0007227165354333
0
LINE
8
BLACK
6
CONTINUOUS
10
6.1194937795275592
20
-5.0007227165354333
11
6.119413582677165
21
-5.0006531496062987
0
LINE
8
BLACK
6
CONTINUOUS
10
6.119413582677165
20
-5.0006531496062987
11
6.1193156299212594
21
-5.0006125984251968
0
LINE
8
BLACK
6
CONTINUOUS
10
6.1193156299212594
20
-5.0006125984251968
11
6.1188681496062989
21
-5.0002453543307084
0
LINE
8
BLACK
6
CONTINUOUS
10
6.1188681496062989
20
-5.0002453543307084
11
6.1169933858267713
21
-4.9983705511811021
0
LINE
8
BLACK
6
CONTINUOUS
10
6.1169933858267713
20
-4.9983705511811021
11
6.1166261811023617
21
-4.9979231102362203
0
LINE
8
BLACK
6
CONTINUOUS
10
6.1166261811023617
20
-4.9979231102362203
11
6.1161853149606298
21
-4.996858700787401
0
LINE
8
BLACK
6
CONTINUOUS
10
6.1161853149606298
20
-4.996858700787401
11
6.1161853149606298
21
-4.995706614173228
0
LINE
8
BLACK
6
CONTINUOUS
10
6.1161853149606298
20
-4.995706614173228
11
6.1166262204724404
21
-4.9946422047244097
0
LINE
8
BLACK
6
CONTINUOUS
10
6.1166262204724404
20
-4.9946422047244097
11
6.1174409055118106
21
-4.9938275196850395
0
LINE
8
BLACK
6
CONTINUOUS
10
6.1174409055118106
20
-4.9938275196850395
11
6.1185053149606299
21
-4.9933866535433067
0
LINE
8
BLACK
6
CONTINUOUS
10
6.1185053149606299
20
-4.9933866535433067
11
6.1196574015748029
21
-4.9933866535433067
0
LINE
8
BLACK
6
CONTINUOUS
10
6.1196574015748029
20
-4.9933866535433067
11
6.1207218110236221
21
-4.9938275590551182
0
LINE
8
BLACK
6
CONTINUOUS
10
6.1207218110236221
20
-4.9938275590551182
11
6.1211692913385827
21
-4.9941948031496066
0
LINE
8
BLACK
6
CONTINUOUS
10
6.1211692913385827
20
-4.9941948031496066
11
6.1225511417322833
21
-4.995576692913386
0
LINE
8
BLACK
6
CONTINUOUS
10
6.1225511417322833
20
-4.995576692913386
11
6.1270595275590551
21
-4.9970794881889766
0
LINE
8
BLACK
6
CONTINUOUS
10
6.1270595275590551
20
-4.9970794881889766
11
6.1298507874015744
21
-4.9970794881889766
0
LINE
8
BLACK
6
CONTINUOUS
10
6.1298507874015744
20
-4.9970794881889766
11
6.1343591732283462
21
-4.9955766535433073
0
LINE
8
BLACK
6
CONTINUOUS
10
6.1343591732283462
20
-4.9955766535433073
11
6.1372769685039366
21
-4.9926588188976373
0
LINE
8
BLACK
6
CONTINUOUS
10
6.1372769685039366
20
-4.9926588188976373
11
6.1387924803149607
21
-4.9896278346456695
0
LINE
8
BLACK
6
CONTINUOUS
10
6.1387924803149607
20
-4.9896278346456695
11
6.1405005118110232
21
-4.9827957874015745
0
LINE
8
BLACK
6
CONTINUOUS
10
6.1405005118110232
20
-4.9827957874015745
11
6.1405005118110232
21
-4.9778985826771649
0
LINE
8
BLACK
6
CONTINUOUS
10
6.1405005118110232
20
-4.9778985826771649
11
6.1387924803149607
21
-4.9710665354330708
0
LINE
8
BLACK
6
CONTINUOUS
10
6.1387924803149607
20
-4.9710665354330708
11
6.1372770078740153
21
-4.9680355511811021
0
LINE
8
BLACK
6
CONTINUOUS
10
6.1372770078740153
20
-4.9680355511811021
11
6.1343591732283462
21
-4.965117716535433
0
LINE
8
BLACK
6
CONTINUOUS
10
6.1343591732283462
20
-4.965117716535433
11
6.1298507874015744
21
-4.9636149212598424
0
LINE
8
BLACK
6
CONTINUOUS
10
6.1298507874015744
20
-4.9636149212598424
11
6.1270595275590551
21
-4.9636149212598424
0
LINE
8
BLACK
6
CONTINUOUS
10
6.1270595275590551
20
-4.9636149212598424
11
6.1225511417322833
21
-4.965117716535433
0
LINE
8
BLACK
6
CONTINUOUS
10
6.1225511417322833
20
-4.965117716535433
11
6.1211692519685039
21
-4.9664996062992124
0
LINE
8
BLACK
6
CONTINUOUS
10
6.1211692519685039
20
-4.9664996062992124
11
6.1207218110236221
21
-4.966866811023622
0
LINE
8
BLACK
6
CONTINUOUS
10
6.1207218110236221
20
-4.966866811023622
11
6.1196573622047241
21
-4.9673077165354327
0
LINE
8
BLACK
6
CONTINUOUS
10
6.1196573622047241
20
-4.9673077165354327
11
6.1185053149606299
21
-4.9673077165354327
0
LINE
8
BLACK
6
CONTINUOUS
10
6.1185053149606299
20
-4.9673077165354327
11
6.1174408661417319
21
-4.966866811023622
0
LINE
8
BLACK
6
CONTINUOUS
10
6.1174408661417319
20
-4.966866811023622
11
6.1166262204724404
21
-4.9660521653543306
0
LINE
8
BLACK
6
CONTINUOUS
10
6.1166262204724404
20
-4.9660521653543306
11
6.1161853149606298
21
-4.9649877165354326
0
LINE
8
BLACK
6
CONTINUOUS
10
6.1161853149606298
20
-4.9649877165354326
11
6.1161853149606298
21
-4.9638356692913383
0
LINE
8
BLACK
6
CONTINUOUS
10
6.1161853149606298
20
-4.9638356692913383
11
6.1166262204724404
21
-4.9627712204724412
0
LINE
8
BLACK
6
CONTINUOUS
10
6.1166262204724404
20
-4.9627712204724412
11
6.1169934251968501
21
-4.9623237795275585
0
LINE
8
BLACK
6
CONTINUOUS
10
6.1169934251968501
20
-4.9623237795275585
11
6.1188681889763776
21
-4.960449015748031
0
LINE
8
BLACK
6
CONTINUOUS
10
6.1188681889763776
20
-4.960449015748031
11
6.1193156299212594
21
-4.9600818110236222
0
LINE
8
BLACK
6
CONTINUOUS
10
6.1193156299212594
20
-4.9600818110236222
11
6.119413582677165
21
-4.9600412204724407
0
LINE
8
BLACK
6
CONTINUOUS
10
6.119413582677165
20
-4.9600412204724407
11
6.1194937795275592
21
-4.9599716929133857
0
LINE
8
BLACK
6
CONTINUOUS
10
6.1194937795275592
20
-4.9599716929133857
11
6.1200223622047245
21
-4.9597357086614169
0
LINE
8
BLACK
6
CONTINUOUS
10
6.1200223622047245
20
-4.9597357086614169
11
6.1256466141732284
21
-4.9578609448818893
0
LINE
8
BLACK
6
CONTINUOUS
10
6.1256466141732284
20
-4.9578609448818893
11
6.1259322440944883
21
-4.9577959842519688
0
LINE
8
BLACK
6
CONTINUOUS
10
6.1259322440944883
20
-4.9577959842519688
11
6.1260043307086613
21
-4.9577661417322831
0
LINE
8
BLACK
6
CONTINUOUS
10
6.1260043307086613
20
-4.9577661417322831
11
6.1261087795275593
21
-4.9577558267716535
0
LINE
8
BLACK
6
CONTINUOUS
10
6.1261087795275593
20
-4.9577558267716535
11
6.1262110629921258
21
-4.9577325984251965
0
LINE
8
BLACK
6
CONTINUOUS
10
6.1262110629921258
20
-4.9577325984251965
11
6.1262887795275587
21
-4.9577381102362201
0
LINE
8
BLACK
6
CONTINUOUS
10
6.1262887795275587
20
-4.9577381102362201
11
6.1265803937007872
21
-4.9577094094488192
0
LINE
8
BLACK
6
CONTINUOUS
10
6.1265803937007872
20
-4.9577094094488192
11
6.1303299212598423
21
-4.9577094094488192
0
LINE
8
BLACK
6
CONTINUOUS
10
6.1303299212598423
20
-4.9577094094488192
11
6.1306214566929134
21
-4.9577381102362201
0
LINE
8
BLACK
6
CONTINUOUS
10
6.1065340157480312
20
-4.9577661417322831
11
6.1075984251968505
21
-4.9582070472440947
0
LINE
8
BLACK
6
CONTINUOUS
10
6.1075984251968505
20
-4.9582070472440947
11
6.1084130708661419
21
-4.9590216929133861
0
LINE
8
BLACK
6
CONTINUOUS
10
6.1084130708661419
20
-4.9590216929133861
11
6.1088539763779526
21
-4.9600861023622045
0
LINE
8
BLACK
6
CONTINUOUS
10
6.1088539763779526
20
-4.9600861023622045
11
6.1088539763779526
21
-4.9612382283464562
0
LINE
8
BLACK
6
CONTINUOUS
10
6.1088539763779526
20
-4.9612382283464562
11
6.1084130708661419
21
-4.9623026377952755
0
LINE
8
BLACK
6
CONTINUOUS
10
6.1084130708661419
20
-4.9623026377952755
11
6.1075984251968505
21
-4.9631172834645669
0
LINE
8
BLACK
6
CONTINUOUS
10
6.1075984251968505
20
-4.9631172834645669
11
6.1065340157480312
21
-4.9635581889763776
0
LINE
8
BLACK
6
CONTINUOUS
10
6.1065340157480312
20
-4.9635581889763776
11
6.1059579527559054
21
-4.9636149212598424
0
LINE
8
BLACK
6
CONTINUOUS
10
6.1059579527559054
20
-4.9636149212598424
11
6.0841892519685041
21
-4.9636149212598424
0
LINE
8
BLACK
6
CONTINUOUS
10
6.0841892519685041
20
-4.9636149212598424
11
6.099298149606299
21
-4.9988690944881888
0
LINE
8
BLACK
6
CONTINUOUS
10
6.099298149606299
20
-4.9988690944881888
11
6.099472913385827
21
-4.9994209055118111
0
LINE
8
BLACK
6
CONTINUOUS
10
6.099472913385827
20
-4.9994209055118111
11
6.0994869685039372
21
-5.0005729527559053
0
LINE
8
BLACK
6
CONTINUOUS
10
6.0994869685039372
20
-5.0005729527559053
11
6.0990590944881893
21
-5.0016426377952756
0
LINE
8
BLACK
6
CONTINUOUS
10
6.0990590944881893
20
-5.0016426377952756
11
6.0982544094488187
21
-5.0024671653543304
0
LINE
8
BLACK
6
CONTINUOUS
10
6.0982544094488187
20
-5.0024671653543304
11
6.0971954330708664
21
-5.0029210236220472
0
LINE
8
BLACK
6
CONTINUOUS
10
6.0971954330708664
20
-5.0029210236220472
11
6.0960434251968501
21
-5.0029350393700787
0
LINE
8
BLACK
6
CONTINUOUS
10
6.0960434251968501
20
-5.0029350393700787
11
6.0949737401574806
21
-5.0025071653543307
0
LINE
8
BLACK
6
CONTINUOUS
10
6.0949737401574806
20
-5.0025071653543307
11
6.0941491732283462
21
-5.0017025196850389
0
LINE
8
BLACK
6
CONTINUOUS
10
6.0941491732283462
20
-5.0017025196850389
11
6.0938701181102362
21
-5.0011953937007876
0
LINE
8
BLACK
6
CONTINUOUS
10
6.0938701181102362
20
-5.0011953937007876
11
6.0769972440944882
21
-4.9618253149606302
0
LINE
8
BLACK
6
CONTINUOUS
10
6.0769972440944882
20
-4.9618253149606302
11
6.0768224803149602
21
-4.9612734645669292
0
LINE
8
BLACK
6
CONTINUOUS
10
6.0768224803149602
20
-4.9612734645669292
11
6.0768222440944877
21
-4.9612551574803145
0
LINE
8
BLACK
6
CONTINUOUS
10
6.0768222440944877
20
-4.9612551574803145
11
6.0768152362204724
21
-4.9612382283464562
0
LINE
8
BLACK
6
CONTINUOUS
10
6.0768152362204724
20
-4.9612382283464562
11
6.0768152362204724
21
-4.96067968503937
0
LINE
8
BLACK
6
CONTINUOUS
10
6.0768152362204724
20
-4.96067968503937
11
6.0768084251968499
21
-4.9601214566929137
0
LINE
8
BLACK
6
CONTINUOUS
10
6.0768084251968499
20
-4.9601214566929137
11
6.0768152362204724
21
-4.9601044094488191
0
LINE
8
BLACK
6
CONTINUOUS
10
6.0768152362204724
20
-4.9601044094488191
11
6.0768152362204724
21
-4.9600861023622045
0
LINE
8
BLACK
6
CONTINUOUS
10
6.0768152362204724
20
-4.9600861023622045
11
6.077028661417323
21
-4.9595707480314957
0
LINE
8
BLACK
6
CONTINUOUS
10
6.077028661417323
20
-4.9595707480314957
11
6.0772362992125979
21
-4.9590517716535434
0
LINE
8
BLACK
6
CONTINUOUS
10
6.0772362992125979
20
-4.9590517716535434
11
6.077249094488189
21
-4.9590386220472435
0
LINE
8
BLACK
6
CONTINUOUS
10
6.077249094488189
20
-4.9590386220472435
11
6.077256141732283
21
-4.9590216929133861
0
LINE
8
BLACK
6
CONTINUOUS
10
6.077256141732283
20
-4.9590216929133861
11
6.0776505905511806
21
-4.9586272047244098
0
LINE
8
BLACK
6
CONTINUOUS
10
6.0776505905511806
20
-4.9586272047244098
11
6.0780409842519685
21
-4.9582272047244089
0
LINE
8
BLACK
6
CONTINUOUS
10
6.0780409842519685
20
-4.9582272047244089
11
6.0780578346456693
21
-4.9582199606299211
0
LINE
8
BLACK
6
CONTINUOUS
10
6.0780578346456693
20
-4.9582199606299211
11
6.0780707874015745
21
-4.9582070472440947
0
LINE
8
BLACK
6
CONTINUOUS
10
6.0780707874015745
20
-4.9582070472440947
11
6.0785865354330708
21
-4.9579933858267715
0
LINE
8
BLACK
6
CONTINUOUS
10
6.0785865354330708
20
-4.9579933858267715
11
6.0790999606299208
21
-4.9577733858267719
0
LINE
8
BLACK
6
CONTINUOUS
10
6.0790999606299208
20
-4.9577733858267719
11
6.0791182283464567
21
-4.9577731496062993
0
LINE
8
BLACK
6
CONTINUOUS
10
6.0791182283464567
20
-4.9577731496062993
11
6.0791351968503937
21
-4.9577661417322831
0
LINE
8
BLACK
6
CONTINUOUS
10
6.0791351968503937
20
-4.9577661417322831
11
6.0797112598425196
21
-4.9577094094488192
0
LINE
8
BLACK
6
CONTINUOUS
10
6.0797112598425196
20
-4.9577094094488192
11
6.1059579527559054
21
-4.9577094094488192
0
LINE
8
BLACK
6
CONTINUOUS
10
6.1059579527559054
20
-4.9577094094488192
11
6.1065340157480312
21
-4.9577661417322831
0
LINE
8
BLACK
6
CONTINUOUS
10
6.4166176771653545
20
-4.9636581496062995
11
6.4170912204724404
21
-4.9636581496062995
0
LINE
8
BLACK
6
CONTINUOUS
10
6.4170912204724404
20
-4.9636581496062995
11
6.4171892913385822
21
-4.9636987795275589
0
LINE
8
BLACK
6
CONTINUOUS
10
6.4171892913385822
20
-4.9636987795275589
11
6.4172950393700789
21
-4.963706299212598
0
LINE
8
BLACK
6
CONTINUOUS
10
6.4172950393700789
20
-4.963706299212598
11
6.4177181496062987
21
-4.9639178346456694
0
LINE
8
BLACK
6
CONTINUOUS
10
6.4177181496062987
20
-4.9639178346456694
11
6.4181556299212597
21
-4.9640990551181101
0
LINE
8
BLACK
6
CONTINUOUS
10
6.4181556299212597
20
-4.9640990551181101
11
6.4182306299212595
21
-4.9641740551181099
0
LINE
8
BLACK
6
CONTINUOUS
10
6.4182306299212595
20
-4.9641740551181099
11
6.4183255118110232
21
-4.9642214960629918
0
LINE
8
BLACK
6
CONTINUOUS
10
6.4183255118110232
20
-4.9642214960629918
11
6.4186355118110239
21
-4.9645789370078743
0
LINE
8
BLACK
6
CONTINUOUS
10
6.4186355118110239
20
-4.9645789370078743
11
6.4189702755905511
21
-4.9649137007874016
0
LINE
8
BLACK
6
CONTINUOUS
10
6.4189702755905511
20
-4.9649137007874016
11
6.4190108661417318
21
-4.9650117322834646
0
LINE
8
BLACK
6
CONTINUOUS
10
6.4190108661417318
20
-4.9650117322834646
11
6.4190803937007876
21
-4.9650918897637792
0
LINE
8
BLACK
6
CONTINUOUS
10
6.4190803937007876
20
-4.9650918897637792
11
6.4192299999999998
21
-4.9655407086614174
0
LINE
8
BLACK
6
CONTINUOUS
10
6.4192299999999998
20
-4.9655407086614174
11
6.4194111811023618
21
-4.9659781102362199
0
LINE
8
BLACK
6
CONTINUOUS
10
6.4194111811023618
20
-4.9659781102362199
11
6.4194259842519683
21
-4.9661287401574805
0
LINE
8
BLACK
6
CONTINUOUS
10
6.4194259842519683
20
-4.9661287401574805
11
6.4194447244094484
21
-4.966184881889764
0
LINE
8
BLACK
6
CONTINUOUS
10
6.4194447244094484
20
-4.966184881889764
11
6.419439173228346
21
-4.9662625984251969
0
LINE
8
BLACK
6
CONTINUOUS
10
6.419439173228346
20
-4.9662625984251969
11
6.4194679133858266
21
-4.9665541732283467
0
LINE
8
BLACK
6
CONTINUOUS
10
6.4194679133858266
20
-4.9665541732283467
11
6.4194679133858266
21
-4.9823490551181102
0
LINE
8
BLACK
6
CONTINUOUS
10
6.4194679133858266
20
-4.9823490551181102
11
6.4296385433070862
21
-4.9823490551181102
0
LINE
8
BLACK
6
CONTINUOUS
10
6.4296385433070862
20
-4.9823490551181102
11
6.430214606299212
21
-4.982405787401575
0
LINE
8
BLACK
6
CONTINUOUS
10
6.430214606299212
20
-4.982405787401575
11
6.4312790157480313
21
-4.9828466929133857
0
LINE
8
BLACK
6
CONTINUOUS
10
6.4312790157480313
20
-4.9828466929133857
11
6.4320936614173227
21
-4.9836613385826771
0
LINE
8
BLACK
6
CONTINUOUS
10
6.4320936614173227
20
-4.9836613385826771
11
6.4325345669291334
21
-4.9847257480314964
0
LINE
8
BLACK
6
CONTINUOUS
10
6.4325345669291334
20
-4.9847257480314964
11
6.4325345669291334
21
-4.9858778740157481
0
LINE
8
BLACK
6
CONTINUOUS
10
6.4325345669291334
20
-4.9858778740157481
11
6.4320936614173227
21
-4.9869422834645665
0
LINE
8
BLACK
6
CONTINUOUS
10
6.4320936614173227
20
-4.9869422834645665
11
6.4312790157480313
21
-4.9877569291338579
0
LINE
8
BLACK
6
CONTINUOUS
10
6.4312790157480313
20
-4.9877569291338579
11
6.430214606299212
21
-4.9881978346456695
0
LINE
8
BLACK
6
CONTINUOUS
10
6.430214606299212
20
-4.9881978346456695
11
6.4296385433070862
21
-4.9882545669291334
0
LINE
8
BLACK
6
CONTINUOUS
10
6.4296385433070862
20
-4.9882545669291334
11
6.4194679133858266
21
-4.9882545669291334
0
LINE
8
BLACK
6
CONTINUOUS
10
6.4194679133858266
20
-4.9882545669291334
11
6.4194679133858266
21
-4.9909261023622049
0
LINE
8
BLACK
6
CONTINUOUS
10
6.4194679133858266
20
-4.9909261023622049
11
6.4194111811023618
21
-4.9915021653543308
0
LINE
8
BLACK
6
CONTINUOUS
10
6.4194111811023618
20
-4.9915021653543308
11
6.4189702755905511
21
-4.9925665748031491
0
LINE
8
BLACK
6
CONTINUOUS
10
6.4189702755905511
20
-4.9925665748031491
11
6.4181556299212597
21
-4.9933812204724406
0
LINE
8
BLACK
6
CONTINUOUS
10
6.4181556299212597
20
-4.9933812204724406
11
6.4170912204724404
21
-4.9938221259842521
0
LINE
8
BLACK
6
CONTINUOUS
10
6.4170912204724404
20
-4.9938221259842521
11
6.4159390944881887
21
-4.9938221259842521
0
LINE
8
BLACK
6
CONTINUOUS
10
6.4159390944881887
20
-4.9938221259842521
11
6.4148746850393703
21
-4.9933812204724406
0
LINE
8
BLACK
6
CONTINUOUS
10
6.4148746850393703
20
-4.9933812204724406
11
6.4140600393700788
21
-4.9925665748031491
0
LINE
8
BLACK
6
CONTINUOUS
10
6.4140600393700788
20
-4.9925665748031491
11
6.4136191338582673
21
-4.9915021653543308
0
LINE
8
BLACK
6
CONTINUOUS
10
6.4136191338582673
20
-4.9915021653543308
11
6.4135624015748034
21
-4.9909261023622049
0
LINE
8
BLACK
6
CONTINUOUS
10
6.4135624015748034
20
-4.9909261023622049
11
6.4135624015748034
21
-4.9882545669291334
0
LINE
8
BLACK
6
CONTINUOUS
10
6.4135624015748034
20
-4.9882545669291334
11
6.4033918110236216
21
-4.9882545669291334
0
LINE
8
BLACK
6
CONTINUOUS
10
6.4033918110236216
20
-4.9882545669291334
11
6.4028157480314958
21
-4.9881978346456695
0
LINE
8
BLACK
6
CONTINUOUS
10
6.4028157480314958
20
-4.9881978346456695
11
6.4017513385826774
21
-4.9877569291338579
0
LINE
8
BLACK
6
CONTINUOUS
10
6.4017513385826774
20
-4.9877569291338579
11
6.400936692913386
21
-4.9869422834645665
0
LINE
8
BLACK
6
CONTINUOUS
10
6.400936692913386
20
-4.9869422834645665
11
6.4004957874015744
21
-4.9858778740157481
0
LINE
8
BLACK
6
CONTINUOUS
10
6.4004957874015744
20
-4.9858778740157481
11
6.4004957874015744
21
-4.9847257480314964
0
LINE
8
BLACK
6
CONTINUOUS
10
6.4004957874015744
20
-4.9847257480314964
11
6.400936692913386
21
-4.9836613385826771
0
LINE
8
BLACK
6
CONTINUOUS
10
6.400936692913386
20
-4.9836613385826771
11
6.4017513385826774
21
-4.9828466929133857
0
LINE
8
BLACK
6
CONTINUOUS
10
6.4017513385826774
20
-4.9828466929133857
11
6.4028157480314958
21
-4.982405787401575
0
LINE
8
BLACK
6
CONTINUOUS
10
6.4028157480314958
20
-4.982405787401575
11
6.4033918110236216
21
-4.9823490551181102
0
LINE
8
BLACK
6
CONTINUOUS
10
6.4033918110236216
20
-4.9823490551181102
11
6.4135624015748034
21
-4.9823490551181102
0
LINE
8
BLACK
6
CONTINUOUS
10
6.4135624015748034
20
-4.9823490551181102
11
6.4135624015748034
21
-4.9706508661417326
0
LINE
8
BLACK
6
CONTINUOUS
10
6.4135624015748034
20
-4.9706508661417326
11
6.3893274409448821
21
-4.9787292125984255
0
LINE
8
BLACK
6
CONTINUOUS
10
6.3893274409448821
20
-4.9787292125984255
11
6.3887629921259839
21
-4.9788575590551183
0
LINE
8
BLACK
6
CONTINUOUS
10
6.3887629921259839
20
-4.9788575590551183
11
6.3876137795275589
21
-4.9787758661417323
0
LINE
8
BLACK
6
CONTINUOUS
10
6.3876137795275589
20
-4.9787758661417323
11
6.3865833464566926
21
-4.9782606692913385
0
LINE
8
BLACK
6
CONTINUOUS
10
6.3865833464566926
20
-4.9782606692913385
11
6.385828464566929
21
-4.9773903149606298
0
LINE
8
BLACK
6
CONTINUOUS
10
6.385828464566929
20
-4.9773903149606298
11
6.3854641338582674
21
-4.9762972834645671
0
LINE
8
BLACK
6
CONTINUOUS
10
6.3854641338582674
20
-4.9762972834645671
11
6.3855458267716534
21
-4.9751480708661413
0
LINE
8
BLACK
6
CONTINUOUS
10
6.3855458267716534
20
-4.9751480708661413
11
6.3860610236220472
21
-4.9741176377952758
0
LINE
8
BLACK
6
CONTINUOUS
10
6.3860610236220472
20
-4.9741176377952758
11
6.3869313779527559
21
-4.9733627559055114
0
LINE
8
BLACK
6
CONTINUOUS
10
6.3869313779527559
20
-4.9733627559055114
11
6.3874599606299212
21
-4.9731267716535434
0
LINE
8
BLACK
6
CONTINUOUS
10
6.3874599606299212
20
-4.9731267716535434
11
6.4155813779527557
21
-4.9637529527559057
0
LINE
8
BLACK
6
CONTINUOUS
10
6.4155813779527557
20
-4.9637529527559057
11
6.4158670078740156
21
-4.9636879921259842
0
LINE
8
BLACK
6
CONTINUOUS
10
6.4158670078740156
20
-4.9636879921259842
11
6.4159390944881887
21
-4.9636581496062995
0
LINE
8
BLACK
6
CONTINUOUS
10
6.4159390944881887
20
-4.9636581496062995
11
6.415998307086614
21
-4.9636581496062995
0
LINE
8
BLACK
6
CONTINUOUS
10
6.415998307086614
20
-4.9636581496062995
11
6.4161458267716531
21
-4.9636246062992129
0
LINE
8
BLACK
6
CONTINUOUS
10
6.4161458267716531
20
-4.9636246062992129
11
6.4166176771653545
21
-4.9636581496062995
0
LINE
8
BLACK
6
CONTINUOUS
10
6.1567751574803147
20
-4.9287987795275585
11
6.1572487007874015
21
-4.9287987795275585
0
LINE
8
BLACK
6
CONTINUOUS
10
6.1572487007874015
20
-4.9287987795275585
11
6.1573467716535433
21
-4.9288394094488188
0
LINE
8
BLACK
6
CONTINUOUS
10
6.1573467716535433
20
-4.9288394094488188
11
6.1574525196850391
21
-4.9288469291338579
0
LINE
8
BLACK
6
CONTINUOUS
10
6.1574525196850391
20
-4.9288469291338579
11
6.1578756299212598
21
-4.9290584645669293
0
LINE
8
BLACK
6
CONTINUOUS
10
6.1578756299212598
20
-4.9290584645669293
11
6.1583131102362207
21
-4.92923968503937
0
LINE
8
BLACK
6
CONTINUOUS
10
6.1583131102362207
20
-4.92923968503937
11
6.1583881102362206
21
-4.9293146850393699
0
LINE
8
BLACK
6
CONTINUOUS
10
6.1583881102362206
20
-4.9293146850393699
11
6.1584829921259843
21
-4.9293621259842517
0
LINE
8
BLACK
6
CONTINUOUS
10
6.1584829921259843
20
-4.9293621259842517
11
6.1587929921259841
21
-4.9297195669291334
0
LINE
8
BLACK
6
CONTINUOUS
10
6.1587929921259841
20
-4.9297195669291334
11
6.1591277559055113
21
-4.9300543307086615
0
LINE
8
BLACK
6
CONTINUOUS
10
6.1591277559055113
20
-4.9300543307086615
11
6.1591683464566929
21
-4.9301523622047245
0
LINE
8
BLACK
6
CONTINUOUS
10
6.1591683464566929
20
-4.9301523622047245
11
6.1592378740157478
21
-4.9302325196850392
0
LINE
8
BLACK
6
CONTINUOUS
10
6.1592378740157478
20
-4.9302325196850392
11
6.1593874803149609
21
-4.9306813385826773
0
LINE
8
BLACK
6
CONTINUOUS
10
6.1593874803149609
20
-4.9306813385826773
11
6.1595686614173228
21
-4.9311187401574799
0
LINE
8
BLACK
6
CONTINUOUS
10
6.1595686614173228
20
-4.9311187401574799
11
6.1595834645669294
21
-4.9312693700787404
0
LINE
8
BLACK
6
CONTINUOUS
10
6.1595834645669294
20
-4.9312693700787404
11
6.1596022047244094
21
-4.9313255118110231
0
LINE
8
BLACK
6
CONTINUOUS
10
6.1596022047244094
20
-4.9313255118110231
11
6.1595966535433071
21
-4.9314032283464568
0
LINE
8
BLACK
6
CONTINUOUS
10
6.1595966535433071
20
-4.9314032283464568
11
6.1596253937007877
21
-4.9316948031496066
0
LINE
8
BLACK
6
CONTINUOUS
10
6.1596253937007877
20
-4.9316948031496066
11
6.1596253937007877
21
-4.9474896850393701
0
LINE
8
BLACK
6
CONTINUOUS
10
6.1596253937007877
20
-4.9474896850393701
11
6.1697960236220473
21
-4.9474896850393701
0
LINE
8
BLACK
6
CONTINUOUS
10
6.1697960236220473
20
-4.9474896850393701
11
6.1703720866141731
21
-4.947546417322835
0
LINE
8
BLACK
6
CONTINUOUS
10
6.1703720866141731
20
-4.947546417322835
11
6.1714364960629924
21
-4.9479873228346456
0
LINE
8
BLACK
6
CONTINUOUS
10
6.1714364960629924
20
-4.9479873228346456
11
6.172251141732283
21
-4.9488019685039371
0
LINE
8
BLACK
6
CONTINUOUS
10
6.172251141732283
20
-4.9488019685039371
11
6.1726920472440945
21
-4.9498663779527554
0
LINE
8
BLACK
6
CONTINUOUS
10
6.1726920472440945
20
-4.9498663779527554
11
6.1726920472440945
21
-4.951018503937008
0
LINE
8
BLACK
6
CONTINUOUS
10
6.1726920472440945
20
-4.951018503937008
11
6.172251141732283
21
-4.9520829133858264
0
LINE
8
BLACK
6
CONTINUOUS
10
6.172251141732283
20
-4.9520829133858264
11
6.1714364960629924
21
-4.9528975590551179
0
LINE
8
BLACK
6
CONTINUOUS
10
6.1714364960629924
20
-4.9528975590551179
11
6.1703720866141731
21
-4.9533384645669294
0
LINE
8
BLACK
6
CONTINUOUS
10
6.1703720866141731
20
-4.9533384645669294
11
6.1697960236220473
21
-4.9533951968503933
0
LINE
8
BLACK
6
CONTINUOUS
10
6.1697960236220473
20
-4.9533951968503933
11
6.1596253937007877
21
-4.9533951968503933
0
LINE
8
BLACK
6
CONTINUOUS
10
6.1596253937007877
20
-4.9533951968503933
11
6.1596253937007877
21
-4.9560667322834648
0
LINE
8
BLACK
6
CONTINUOUS
10
6.1596253937007877
20
-4.9560667322834648
11
6.1595686614173228
21
-4.9566427952755907
0
LINE
8
BLACK
6
CONTINUOUS
10
6.1595686614173228
20
-4.9566427952755907
11
6.1591277559055113
21
-4.9577072047244091
0
LINE
8
BLACK
6
CONTINUOUS
10
6.1591277559055113
20
-4.9577072047244091
11
6.1583131102362207
21
-4.9585218503937005
0
LINE
8
BLACK
6
CONTINUOUS
10
6.1583131102362207
20
-4.9585218503937005
11
6.1572487007874015
21
-4.9589627559055121
0
LINE
8
BLACK
6
CONTINUOUS
10
6.1572487007874015
20
-4.9589627559055121
11
6.1560965748031498
21
-4.9589627559055121
0
LINE
8
BLACK
6
CONTINUOUS
10
6.1560965748031498
20
-4.9589627559055121
11
6.1550321653543305
21
-4.9585218503937005
0
LINE
8
BLACK
6
CONTINUOUS
10
6.1550321653543305
20
-4.9585218503937005
11
6.1542175196850391
21
-4.9577072047244091
0
LINE
8
BLACK
6
CONTINUOUS
10
6.1542175196850391
20
-4.9577072047244091
11
6.1537766141732284
21
-4.9566427952755907
0
LINE
8
BLACK
6
CONTINUOUS
10
6.1537766141732284
20
-4.9566427952755907
11
6.1537198818897636
21
-4.9560667322834648
0
LINE
8
BLACK
6
CONTINUOUS
10
6.1537198818897636
20
-4.9560667322834648
11
6.1537198818897636
21
-4.9533951968503933
0
LINE
8
BLACK
6
CONTINUOUS
10
6.1537198818897636
20
-4.9533951968503933
11
6.1435492913385827
21
-4.9533951968503933
0
LINE
8
BLACK
6
CONTINUOUS
10
6.1435492913385827
20
-4.9533951968503933
11
6.1429732283464569
21
-4.9533384645669294
0
LINE
8
BLACK
6
CONTINUOUS
10
6.1429732283464569
20
-4.9533384645669294
11
6.1419088188976376
21
-4.9528975590551179
0
LINE
8
BLACK
6
CONTINUOUS
10
6.1419088188976376
20
-4.9528975590551179
11
6.1410941732283462
21
-4.9520829133858264
0
LINE
8
BLACK
6
CONTINUOUS
10
6.1410941732283462
20
-4.9520829133858264
11
6.1406532677165355
21
-4.951018503937008
0
LINE
8
BLACK
6
CONTINUOUS
10
6.1406532677165355
20
-4.951018503937008
11
6.1406532677165355
21
-4.9498663779527554
0
LINE
8
BLACK
6
CONTINUOUS
10
6.1406532677165355
20
-4.9498663779527554
11
6.1410941732283462
21
-4.9488019685039371
0
LINE
8
BLACK
6
CONTINUOUS
10
6.1410941732283462
20
-4.9488019685039371
11
6.1419088188976376
21
-4.9479873228346456
0
LINE
8
BLACK
6
CONTINUOUS
10
6.1419088188976376
20
-4.9479873228346456
11
6.1429732283464569
21
-4.947546417322835
0
LINE
8
BLACK
6
CONTINUOUS
10
6.1429732283464569
20
-4.947546417322835
11
6.1435492913385827
21
-4.9474896850393701
0
LINE
8
BLACK
6
CONTINUOUS
10
6.1435492913385827
20
-4.9474896850393701
11
6.1537198818897636
21
-4.9474896850393701
0
LINE
8
BLACK
6
CONTINUOUS
10
6.1537198818897636
20
-4.9474896850393701
11
6.1537198818897636
21
-4.9357914960629916
0
LINE
8
BLACK
6
CONTINUOUS
10
6.1537198818897636
20
-4.9357914960629916
11
6.1294849212598423
21
-4.9438698425196845
0
LINE
8
BLACK
6
CONTINUOUS
10
6.1294849212598423
20
-4.9438698425196845
11
6.128920472440945
21
-4.9439981889763782
0
LINE
8
BLACK
6
CONTINUOUS
10
6.128920472440945
20
-4.9439981889763782
11
6.1277712598425191
21
-4.9439164960629922
0
LINE
8
BLACK
6
CONTINUOUS
10
6.1277712598425191
20
-4.9439164960629922
11
6.1267408267716537
21
-4.9434012992125984
0
LINE
8
BLACK
6
CONTINUOUS
10
6.1267408267716537
20
-4.9434012992125984
11
6.1259859448818892
21
-4.9425309448818897
0
LINE
8
BLACK
6
CONTINUOUS
10
6.1259859448818892
20
-4.9425309448818897
11
6.1256216141732285
21
-4.9414379133858271
0
LINE
8
BLACK
6
CONTINUOUS
10
6.1256216141732285
20
-4.9414379133858271
11
6.1257033070866136
21
-4.9402887007874012
0
LINE
8
BLACK
6
CONTINUOUS
10
6.1257033070866136
20
-4.9402887007874012
11
6.1262185039370074
21
-4.9392582677165358
0
LINE
8
BLACK
6
CONTINUOUS
10
6.1262185039370074
20
-4.9392582677165358
11
6.1270888582677161
21
-4.9385033858267713
0
LINE
8
BLACK
6
CONTINUOUS
10
6.1270888582677161
20
-4.9385033858267713
11
6.1276174409448814
21
-4.9382674015748034
0
LINE
8
BLACK
6
CONTINUOUS
10
6.1276174409448814
20
-4.9382674015748034
11
6.1557388582677168
21
-4.9288935826771656
0
LINE
8
BLACK
6
CONTINUOUS
10
6.1557388582677168
20
-4.9288935826771656
11
6.1560244881889759
21
-4.9288286220472441
0
LINE
8
BLACK
6
CONTINUOUS
10
6.1560244881889759
20
-4.9288286220472441
11
6.1560965748031498
21
-4.9287987795275585
0
LINE
8
BLACK
6
CONTINUOUS
10
6.1560965748031498
20
-4.9287987795275585
11
6.1561557874015751
21
-4.9287987795275585
0
LINE
8
BLACK
6
CONTINUOUS
10
6.1561557874015751
20
-4.9287987795275585
11
6.1563033070866142
21
-4.9287652362204719
0
LINE
8
BLACK
6
CONTINUOUS
10
6.1563033070866142
20
-4.9287652362204719
11
6.1567751574803147
21
-4.9287987795275585
0
LINE
8
BLACK
6
CONTINUOUS
10
6.4022969291338585
20
-4.9262109448818894
11
6.4033274409448815
21
-4.9267262204724407
0
LINE
8
BLACK
6
CONTINUOUS
10
6.4033274409448815
20
-4.9267262204724407
11
6.4040822834645672
21
-4.9275965748031494
0
LINE
8
BLACK
6
CONTINUOUS
10
6.4040822834645672
20
-4.9275965748031494
11
6.4044466141732279
21
-4.9286895669291342
0
LINE
8
BLACK
6
CONTINUOUS
10
6.4044466141732279
20
-4.9286895669291342
11
6.4043649606299216
21
-4.9298387795275591
0
LINE
8
BLACK
6
CONTINUOUS
10
6.4043649606299216
20
-4.9298387795275591
11
6.4041580708661412
21
-4.9303793700787404
0
LINE
8
BLACK
6
CONTINUOUS
10
6.4041580708661412
20
-4.9303793700787404
11
6.4022833070866136
21
-4.9341288976377955
0
LINE
8
BLACK
6
CONTINUOUS
10
6.4022833070866136
20
-4.9341288976377955
11
6.4021272834645666
21
-4.9343766929133857
0
LINE
8
BLACK
6
CONTINUOUS
10
6.4021272834645666
20
-4.9343766929133857
11
6.4020974409448819
21
-4.9344488582677162
0
LINE
8
BLACK
6
CONTINUOUS
10
6.4020974409448819
20
-4.9344488582677162
11
6.4020308267716537
21
-4.9345299999999996
0
LINE
8
BLACK
6
CONTINUOUS
10
6.4020308267716537
20
-4.9345299999999996
11
6.4019749606299214
21
-4.9346187795275593
0
LINE
8
BLACK
6
CONTINUOUS
10
6.4019749606299214
20
-4.9346187795275593
11
6.4019160236220474
21
-4.9346698818897634
0
LINE
8
BLACK
6
CONTINUOUS
10
6.4019160236220474
20
-4.9346698818897634
11
6.4017301968503935
21
-4.934896299212598
0
LINE
8
BLACK
6
CONTINUOUS
10
6.4017301968503935
20
-4.934896299212598
11
6.3992718110236222
21
-4.9373546850393701
0
LINE
8
BLACK
6
CONTINUOUS
10
6.3992718110236222
20
-4.9373546850393701
11
6.426685787401575
21
-4.9373546850393701
0
LINE
8
BLACK
6
CONTINUOUS
10
6.426685787401575
20
-4.9373546850393701
11
6.426685787401575
21
-4.9290588582677168
0
LINE
8
BLACK
6
CONTINUOUS
10
6.426685787401575
20
-4.9290588582677168
11
6.426742519685039
21
-4.9284827952755901
0
LINE
8
BLACK
6
CONTINUOUS
10
6.426742519685039
20
-4.9284827952755901
11
6.4271834251968505
21
-4.9274183858267717
0
LINE
8
BLACK
6
CONTINUOUS
10
6.4271834251968505
20
-4.9274183858267717
11
6.4279980708661419
21
-4.9266037401574803
0
LINE
8
BLACK
6
CONTINUOUS
10
6.4279980708661419
20
-4.9266037401574803
11
6.4290624803149603
21
-4.9261628346456696
0
LINE
8
BLACK
6
CONTINUOUS
10
6.4290624803149603
20
-4.9261628346456696
11
6.430214606299212
21
-4.9261628346456696
0
LINE
8
BLACK
6
CONTINUOUS
10
6.430214606299212
20
-4.9261628346456696
11
6.4312790157480313
21
-4.9266037401574803
0
LINE
8
BLACK
6
CONTINUOUS
10
6.4312790157480313
20
-4.9266037401574803
11
6.4320936614173227
21
-4.9274183858267717
0
LINE
8
BLACK
6
CONTINUOUS
10
6.4320936614173227
20
-4.9274183858267717
11
6.4325345669291334
21
-4.9284827952755901
0
LINE
8
BLACK
6
CONTINUOUS
10
6.4325345669291334
20
-4.9284827952755901
11
6.4325912992125982
21
-4.9290588582677168
0
LINE
8
BLACK
6
CONTINUOUS
10
6.4325912992125982
20
-4.9290588582677168
11
6.4325912992125982
21
-4.9515560236220475
0
LINE
8
BLACK
6
CONTINUOUS
10
6.4325912992125982
20
-4.9515560236220475
11
6.4325345669291334
21
-4.9521320866141734
0
LINE
8
BLACK
6
CONTINUOUS
10
6.4325345669291334
20
-4.9521320866141734
11
6.4320936614173227
21
-4.9531964960629917
0
LINE
8
BLACK
6
CONTINUOUS
10
6.4320936614173227
20
-4.9531964960629917
11
6.4312790157480313
21
-4.9540111417322832
0
LINE
8
BLACK
6
CONTINUOUS
10
6.4312790157480313
20
-4.9540111417322832
11
6.430214606299212
21
-4.9544520472440947
0
LINE
8
BLACK
6
CONTINUOUS
10
6.430214606299212
20
-4.9544520472440947
11
6.4290624803149603
21
-4.9544520472440947
0
LINE
8
BLACK
6
CONTINUOUS
10
6.4290624803149603
20
-4.9544520472440947
11
6.4279980708661419
21
-4.9540111417322832
0
LINE
8
BLACK
6
CONTINUOUS
10
6.4279980708661419
20
-4.9540111417322832
11
6.4271834251968505
21
-4.9531964960629917
0
LINE
8
BLACK
6
CONTINUOUS
10
6.4271834251968505
20
-4.9531964960629917
11
6.426742519685039
21
-4.9521320866141734
0
LINE
8
BLACK
6
CONTINUOUS
10
6.426742519685039
20
-4.9521320866141734
11
6.426685787401575
21
-4.9515560236220475
0
LINE
8
BLACK
6
CONTINUOUS
10
6.426685787401575
20
-4.9515560236220475
11
6.426685787401575
21
-4.9432601968503933
0
LINE
8
BLACK
6
CONTINUOUS
10
6.426685787401575
20
-4.9432601968503933
11
6.3902684645669288
21
-4.9432601968503933
0
LINE
8
BLACK
6
CONTINUOUS
10
6.3902684645669288
20
-4.9432601968503933
11
6.3902663779527558
21
-4.9432599606299208
0
LINE
8
BLACK
6
CONTINUOUS
10
6.3902663779527558
20
-4.9432599606299208
11
6.3902653543307082
21
-4.9432601968503933
0
LINE
8
BLACK
6
CONTINUOUS
10
6.3902653543307082
20
-4.9432601968503933
11
6.3902623228346451
21
-4.9432595669291342
0
LINE
8
BLACK
6
CONTINUOUS
10
6.3902623228346451
20
-4.9432595669291342
11
6.3896924015748029
21
-4.9432034645669294
0
LINE
8
BLACK
6
CONTINUOUS
10
6.3896924015748029
20
-4.9432034645669294
11
6.3894222834645671
21
-4.9430915748031499
0
LINE
8
BLACK
6
CONTINUOUS
10
6.3894222834645671
20
-4.9430915748031499
11
6.3891356692913384
21
-4.9430342519685038
0
LINE
8
BLACK
6
CONTINUOUS
10
6.3891356692913384
20
-4.9430342519685038
11
6.388895275590551
21
-4.9428732677165357
0
LINE
8
BLACK
6
CONTINUOUS
10
6.388895275590551
20
-4.9428732677165357
11
6.3886279921259845
21
-4.9427625590551179
0
LINE
8
BLACK
6
CONTINUOUS
10
6.3886279921259845
20
-4.9427625590551179
11
6.3884212598425192
21
-4.9425558267716534
0
LINE
8
BLACK
6
CONTINUOUS
10
6.3884212598425192
20
-4.9425558267716534
11
6.3881783858267713
21
-4.9423931889763777
0
LINE
8
BLACK
6
CONTINUOUS
10
6.3881783858267713
20
-4.9423931889763777
11
6.3880178740157483
21
-4.9421524409448816
0
LINE
8
BLACK
6
CONTINUOUS
10
6.3880178740157483
20
-4.9421524409448816
11
6.3878133464566931
21
-4.9419479133858264
0
LINE
8
BLACK
6
CONTINUOUS
10
6.3878133464566931
20
-4.9419479133858264
11
6.3877014566929136
21
-4.9416777952755906
0
LINE
8
BLACK
6
CONTINUOUS
10
6.3877014566929136
20
-4.9416777952755906
11
6.3875392913385829
21
-4.941434566929134
0
LINE
8
BLACK
6
CONTINUOUS
10
6.3875392913385829
20
-4.941434566929134
11
6.3874831496062994
21
-4.9411507480314958
0
LINE
8
BLACK
6
CONTINUOUS
10
6.3874831496062994
20
-4.9411507480314958
11
6.3873724409448815
21
-4.940883503937008
0
LINE
8
BLACK
6
CONTINUOUS
10
6.3873724409448815
20
-4.940883503937008
11
6.3873724409448815
21
-4.9405911023622044
0
LINE
8
BLACK
6
CONTINUOUS
10
6.3873724409448815
20
-4.9405911023622044
11
6.3873157086614167
21
-4.9403043307086616
0
LINE
8
BLACK
6
CONTINUOUS
10
6.3873157086614167
20
-4.9403043307086616
11
6.3873724409448815
21
-4.9400206692913384
0
LINE
8
BLACK
6
CONTINUOUS
10
6.3873724409448815
20
-4.9400206692913384
11
6.3873724409448815
21
-4.9397313779527554
0
LINE
8
BLACK
6
CONTINUOUS
10
6.3873724409448815
20
-4.9397313779527554
11
6.3874842913385823
21
-4.9394612598425196
0
LINE
8
BLACK
6
CONTINUOUS
10
6.3874842913385823
20
-4.9394612598425196
11
6.3875416535433072
21
-4.9391746456692909
0
LINE
8
BLACK
6
CONTINUOUS
10
6.3875416535433072
20
-4.9391746456692909
11
6.3877025984251965
21
-4.9389342519685036
0
LINE
8
BLACK
6
CONTINUOUS
10
6.3877025984251965
20
-4.9389342519685036
11
6.3878133464566931
21
-4.938666968503937
0
LINE
8
BLACK
6
CONTINUOUS
10
6.3878133464566931
20
-4.938666968503937
11
6.3880200393700788
21
-4.9384602362204726
0
LINE
8
BLACK
6
CONTINUOUS
10
6.3880200393700788
20
-4.9384602362204726
11
6.3881827165354332
21
-4.9382173622047247
0
LINE
8
BLACK
6
CONTINUOUS
10
6.3881827165354332
20
-4.9382173622047247
11
6.3886259448818894
21
-4.9378543307086611
0
LINE
8
BLACK
6
CONTINUOUS
10
6.3886259448818894
20
-4.9378543307086611
11
6.3886279921259845
21
-4.9378523228346456
0
LINE
8
BLACK
6
CONTINUOUS
10
6.3886279921259845
20
-4.9378523228346456
11
6.3886288582677162
21
-4.9378519291338581
0
LINE
8
BLACK
6
CONTINUOUS
10
6.3886288582677162
20
-4.9378519291338581
11
6.3886305511811026
21
-4.9378505905511814
0
LINE
8
BLACK
6
CONTINUOUS
10
6.3886305511811026
20
-4.9378505905511814
11
6.3940115748031499
21
-4.9342632283464569
0
LINE
8
BLACK
6
CONTINUOUS
10
6.3940115748031499
20
-4.9342632283464569
11
6.3972155511811026
21
-4.9310592913385829
0
LINE
8
BLACK
6
CONTINUOUS
10
6.3972155511811026
20
-4.9310592913385829
11
6.398876023622047
21
-4.9277383464566924
0
LINE
8
BLACK
6
CONTINUOUS
10
6.398876023622047
20
-4.9277383464566924
11
6.3991843700787401
21
-4.9272484645669294
0
LINE
8
BLACK
6
CONTINUOUS
10
6.3991843700787401
20
-4.9272484645669294
11
6.4000547637795275
21
-4.9264936220472437
0
LINE
8
BLACK
6
CONTINUOUS
10
6.4000547637795275
20
-4.9264936220472437
11
6.4011477165354327
21
-4.9261292913385821
0
LINE
8
BLACK
6
CONTINUOUS
10
6.4011477165354327
20
-4.9261292913385821
11
6.4022969291338585
21
-4.9262109448818894
0
LINE
8
BLACK
6
CONTINUOUS
10
6.0787874803149604
20
-4.9026480314960628
11
6.0798518897637797
21
-4.9030889370078743
0
LINE
8
BLACK
6
CONTINUOUS
10
6.0798518897637797
20
-4.9030889370078743
11
6.0806665354330711
21
-4.9039035826771649
0
LINE
8
BLACK
6
CONTINUOUS
10
6.0806665354330711
20
-4.9039035826771649
11
6.0811074409448818
21
-4.9049679921259841
0
LINE
8
BLACK
6
CONTINUOUS
10
6.0811074409448818
20
-4.9049679921259841
11
6.0811074409448818
21
-4.9061201181102359
0
LINE
8
BLACK
6
CONTINUOUS
10
6.0811074409448818
20
-4.9061201181102359
11
6.0806665354330711
21
-4.9071845275590551
0
LINE
8
BLACK
6
CONTINUOUS
10
6.0806665354330711
20
-4.9071845275590551
11
6.0798518897637797
21
-4.9079991732283466
0
LINE
8
BLACK
6
CONTINUOUS
10
6.0798518897637797
20
-4.9079991732283466
11
6.0787874803149604
21
-4.9084400787401572
0
LINE
8
BLACK
6
CONTINUOUS
10
6.0787874803149604
20
-4.9084400787401572
11
6.0782114173228345
21
-4.908496811023622
0
LINE
8
BLACK
6
CONTINUOUS
10
6.0782114173228345
20
-4.908496811023622
11
6.0603466535433066
21
-4.908496811023622
0
LINE
8
BLACK
6
CONTINUOUS
10
6.0603466535433066
20
-4.908496811023622
11
6.0691850000000001
21
-4.9185977559055116
0
LINE
8
BLACK
6
CONTINUOUS
10
6.0691850000000001
20
-4.9185977559055116
11
6.069362992125984
21
-4.9188467322834644
0
LINE
8
BLACK
6
CONTINUOUS
10
6.069362992125984
20
-4.9188467322834644
11
6.0694179527559058
21
-4.9189016929133853
0
LINE
8
BLACK
6
CONTINUOUS
10
6.0694179527559058
20
-4.9189016929133853
11
6.0694395275590551
21
-4.9189537795275591
0
LINE
8
BLACK
6
CONTINUOUS
10
6.0694395275590551
20
-4.9189537795275591
11
6.0695216535433065
21
-4.9190686614173229
0
LINE
8
BLACK
6
CONTINUOUS
10
6.0695216535433065
20
-4.9190686614173229
11
6.0696752362204727
21
-4.9195228740157475
0
LINE
8
BLACK
6
CONTINUOUS
10
6.0696752362204727
20
-4.9195228740157475
11
6.0698588582677164
21
-4.9199661023622046
0
LINE
8
BLACK
6
CONTINUOUS
10
6.0698588582677164
20
-4.9199661023622046
11
6.0698588582677164
21
-4.9200657086614168
0
LINE
8
BLACK
6
CONTINUOUS
10
6.0698588582677164
20
-4.9200657086614168
11
6.0698907480314963
21
-4.9201600393700788
0
LINE
8
BLACK
6
CONTINUOUS
10
6.0698907480314963
20
-4.9201600393700788
11
6.0698588582677164
21
-4.920638503937008
0
LINE
8
BLACK
6
CONTINUOUS
10
6.0698588582677164
20
-4.920638503937008
11
6.0698588582677164
21
-4.9211182283464563
0
LINE
8
BLACK
6
CONTINUOUS
10
6.0698588582677164
20
-4.9211182283464563
11
6.0698207480314963
21
-4.9212101968503932
0
LINE
8
BLACK
6
CONTINUOUS
10
6.0698207480314963
20
-4.9212101968503932
11
6.0698141338582676
21
-4.9213095669291338
0
LINE
8
BLACK
6
CONTINUOUS
10
6.0698141338582676
20
-4.9213095669291338
11
6.0696014173228345
21
-4.9217396850393698
0
LINE
8
BLACK
6
CONTINUOUS
10
6.0696014173228345
20
-4.9217396850393698
11
6.0694179527559058
21
-4.9221826377952755
0
LINE
8
BLACK
6
CONTINUOUS
10
6.0694179527559058
20
-4.9221826377952755
11
6.069347598425197
21
-4.9222529527559056
0
LINE
8
BLACK
6
CONTINUOUS
10
6.069347598425197
20
-4.9222529527559056
11
6.0693034251968498
21
-4.9223423228346457
0
LINE
8
BLACK
6
CONTINUOUS
10
6.0693034251968498
20
-4.9223423228346457
11
6.0689422834645672
21
-4.9226582677165354
0
LINE
8
BLACK
6
CONTINUOUS
10
6.0689422834645672
20
-4.9226582677165354
11
6.0686033070866143
21
-4.922997283464567
0
LINE
8
BLACK
6
CONTINUOUS
10
6.0686033070866143
20
-4.922997283464567
11
6.0685112992125987
21
-4.9230353937007871
0
LINE
8
BLACK
6
CONTINUOUS
10
6.0685112992125987
20
-4.9230353937007871
11
6.0684363385826767
21
-4.9231009842519686
0
LINE
8
BLACK
6
CONTINUOUS
10
6.0684363385826767
20
-4.9231009842519686
11
6.0679820866141734
21
-4.9232545669291339
0
LINE
8
BLACK
6
CONTINUOUS
10
6.0679820866141734
20
-4.9232545669291339
11
6.0675388976377951
21
-4.9234381889763776
0
LINE
8
BLACK
6
CONTINUOUS
10
6.0675388976377951
20
-4.9234381889763776
11
6.0673983070866138
21
-4.9234520078740154
0
LINE
8
BLACK
6
CONTINUOUS
10
6.0673983070866138
20
-4.9234520078740154
11
6.0673449606299208
21
-4.9234700787401575
0
LINE
8
BLACK
6
CONTINUOUS
10
6.0673449606299208
20
-4.9234700787401575
11
6.0672674803149604
21
-4.9234648818897639
0
LINE
8
BLACK
6
CONTINUOUS
10
6.0672674803149604
20
-4.9234648818897639
11
6.0669628346456692
21
-4.9234949212598424
0
LINE
8
BLACK
6
CONTINUOUS
10
6.0669628346456692
20
-4.9234949212598424
11
6.0620355905511811
21
-4.9234949212598424
0
LINE
8
BLACK
6
CONTINUOUS
10
6.0620355905511811
20
-4.9234949212598424
11
6.0593381102362205
21
-4.9248436614173228
0
LINE
8
BLACK
6
CONTINUOUS
10
6.0593381102362205
20
-4.9248436614173228
11
6.0581409842519687
21
-4.9260407874015746
0
LINE
8
BLACK
6
CONTINUOUS
10
6.0581409842519687
20
-4.9260407874015746
11
6.0567922440944884
21
-4.9287382677165352
0
LINE
8
BLACK
6
CONTINUOUS
10
6.0567922440944884
20
-4.9287382677165352
11
6.0567922440944884
21
-4.9367179921259838
0
LINE
8
BLACK
6
CONTINUOUS
10
6.0567922440944884
20
-4.9367179921259838
11
6.0581409842519687
21
-4.9394154724409445
0
LINE
8
BLACK
6
CONTINUOUS
10
6.0581409842519687
20
-4.9394154724409445
11
6.0593381102362205
21
-4.940612637795275
0
LINE
8
BLACK
6
CONTINUOUS
10
6.0593381102362205
20
-4.940612637795275
11
6.0620355905511811
21
-4.9419613779527554
0
LINE
8
BLACK
6
CONTINUOUS
10
6.0620355905511811
20
-4.9419613779527554
11
6.0718900787401573
21
-4.9419613779527554
0
LINE
8
BLACK
6
CONTINUOUS
10
6.0718900787401573
20
-4.9419613779527554
11
6.0745875196850392
21
-4.940612637795275
0
LINE
8
BLACK
6
CONTINUOUS
10
6.0745875196850392
20
-4.940612637795275
11
6.0761234645669289
21
-4.9390766929133854
0
LINE
8
BLACK
6
CONTINUOUS
10
6.0761234645669289
20
-4.9390766929133854
11
6.0765709448818894
21
-4.9387094488188978
0
LINE
8
BLACK
6
CONTINUOUS
10
6.0765709448818894
20
-4.9387094488188978
11
6.0776353543307087
21
-4.9382685433070863
0
LINE
8
BLACK
6
CONTINUOUS
10
6.0776353543307087
20
-4.9382685433070863
11
6.0787874409448817
21
-4.9382685433070863
0
LINE
8
BLACK
6
CONTINUOUS
10
6.0787874409448817
20
-4.9382685433070863
11
6.0798518503937009
21
-4.9387094094488191
0
LINE
8
BLACK
6
CONTINUOUS
10
6.0798518503937009
20
-4.9387094094488191
11
6.0806665354330711
21
-4.9395240944881893
0
LINE
8
BLACK
6
CONTINUOUS
10
6.0806665354330711
20
-4.9395240944881893
11
6.0811074409448818
21
-4.9405885039370077
0
LINE
8
BLACK
6
CONTINUOUS
10
6.0811074409448818
20
-4.9405885039370077
11
6.0811074409448818
21
-4.9417405905511806
0
LINE
8
BLACK
6
CONTINUOUS
10
6.0811074409448818
20
-4.9417405905511806
11
6.0806665748031499
21
-4.9428049999999999
0
LINE
8
BLACK
6
CONTINUOUS
10
6.0806665748031499
20
-4.9428049999999999
11
6.0802993307086615
21
-4.9432524803149605
0
LINE
8
BLACK
6
CONTINUOUS
10
6.0802993307086615
20
-4.9432524803149605
11
6.0784246062992127
21
-4.945127244094488
0
LINE
8
BLACK
6
CONTINUOUS
10
6.0784246062992127
20
-4.945127244094488
11
6.0781982283464568
21
-4.9453129921259844
0
LINE
8
BLACK
6
CONTINUOUS
10
6.0781982283464568
20
-4.9453129921259844
11
6.0781470472440944
21
-4.9453720472440947
0
LINE
8
BLACK
6
CONTINUOUS
10
6.0781470472440944
20
-4.9453720472440947
11
6.0780580708661418
21
-4.9454280314960632
0
LINE
8
BLACK
6
CONTINUOUS
10
6.0780580708661418
20
-4.9454280314960632
11
6.0779771259842521
21
-4.9454944881889764
0
LINE
8
BLACK
6
CONTINUOUS
10
6.0779771259842521
20
-4.9454944881889764
11
6.0779051574803145
21
-4.9455242913385824
0
LINE
8
BLACK
6
CONTINUOUS
10
6.0779051574803145
20
-4.9455242913385824
11
6.0776571653543305
21
-4.9456803937007869
0
LINE
8
BLACK
6
CONTINUOUS
10
6.0776571653543305
20
-4.9456803937007869
11
6.0739076377952754
21
-4.9475551574803145
0
LINE
8
BLACK
6
CONTINUOUS
10
6.0739076377952754
20
-4.9475551574803145
11
6.0733670078740154
21
-4.947762047244094
0
LINE
8
BLACK
6
CONTINUOUS
10
6.0733670078740154
20
-4.947762047244094
11
6.073261181102362
21
-4.9477695275590552
0
LINE
8
BLACK
6
CONTINUOUS
10
6.073261181102362
20
-4.9477695275590552
11
6.0731631889763777
21
-4.9478101574803146
0
LINE
8
BLACK
6
CONTINUOUS
10
6.0731631889763777
20
-4.9478101574803146
11
6.0725871259842519
21
-4.9478668897637794
0
LINE
8
BLACK
6
CONTINUOUS
10
6.0725871259842519
20
-4.9478668897637794
11
6.0613385433070865
21
-4.9478668897637794
0
LINE
8
BLACK
6
CONTINUOUS
10
6.0613385433070865
20
-4.9478668897637794
11
6.0607624803149607
21
-4.9478101574803146
0
LINE
8
BLACK
6
CONTINUOUS
10
6.0607624803149607
20
-4.9478101574803146
11
6.0606644881889764
21
-4.9477695669291339
0
LINE
8
BLACK
6
CONTINUOUS
10
6.0606644881889764
20
-4.9477695669291339
11
6.0605586220472443
21
-4.947762047244094
0
LINE
8
BLACK
6
CONTINUOUS
10
6.0605586220472443
20
-4.947762047244094
11
6.060018031496063
21
-4.9475551574803145
0
LINE
8
BLACK
6
CONTINUOUS
10
6.060018031496063
20
-4.9475551574803145
11
6.0562685039370079
21
-4.9456803937007869
0
LINE
8
BLACK
6
CONTINUOUS
10
6.0562685039370079
20
-4.9456803937007869
11
6.0560204724409443
21
-4.9455242913385824
0
LINE
8
BLACK
6
CONTINUOUS
10
6.0560204724409443
20
-4.9455242913385824
11
6.0559485433070863
21
-4.9454944881889764
0
LINE
8
BLACK
6
CONTINUOUS
10
6.0559485433070863
20
-4.9454944881889764
11
6.0558675590551179
21
-4.9454280314960632
0
LINE
8
BLACK
6
CONTINUOUS
10
6.0558675590551179
20
-4.9454280314960632
11
6.055778622047244
21
-4.9453720472440947
0
LINE
8
BLACK
6
CONTINUOUS
10
6.055778622047244
20
-4.9453720472440947
11
6.0557274015748028
21
-4.9453129921259844
0
LINE
8
BLACK
6
CONTINUOUS
10
6.0557274015748028
20
-4.9453129921259844
11
6.0555010629921258
21
-4.945127244094488
0
LINE
8
BLACK
6
CONTINUOUS
10
6.0555010629921258
20
-4.945127244094488
11
6.0536262992125982
21
-4.9432524409448817
0
LINE
8
BLACK
6
CONTINUOUS
10
6.0536262992125982
20
-4.9432524409448817
11
6.0534405511811018
21
-4.9430261023622046
0
LINE
8
BLACK
6
CONTINUOUS
10
6.0534405511811018
20
-4.9430261023622046
11
6.0533815748031499
21
-4.9429749606299209
0
LINE
8
BLACK
6
CONTINUOUS
10
6.0533815748031499
20
-4.9429749606299209
11
6.0533255905511814
21
-4.9428860236220471
0
LINE
8
BLACK
6
CONTINUOUS
10
6.0533255905511814
20
-4.9428860236220471
11
6.0532590944881886
21
-4.9428049999999999
0
LINE
8
BLACK
6
CONTINUOUS
10
6.0532590944881886
20
-4.9428049999999999
11
6.0532292519685038
21
-4.9427329527559056
0
LINE
8
BLACK
6
CONTINUOUS
10
6.0532292519685038
20
-4.9427329527559056
11
6.0530732283464568
21
-4.9424850787401571
0
LINE
8
BLACK
6
CONTINUOUS
10
6.0530732283464568
20
-4.9424850787401571
11
6.0511984645669292
21
-4.938735551181102
0
LINE
8
BLACK
6
CONTINUOUS
10
6.0511984645669292
20
-4.938735551181102
11
6.0509915748031498
21
-4.9381949212598428
0
LINE
8
BLACK
6
CONTINUOUS
10
6.0509915748031498
20
-4.9381949212598428
11
6.0509840551181098
21
-4.9380890944881886
0
LINE
8
BLACK
6
CONTINUOUS
10
6.0509840551181098
20
-4.9380890944881886
11
6.0509434645669291
21
-4.9379911023622043
0
LINE
8
BLACK
6
CONTINUOUS
10
6.0509434645669291
20
-4.9379911023622043
11
6.0508867322834643
21
-4.9374150393700784
0
LINE
8
BLACK
6
CONTINUOUS
10
6.0508867322834643
20
-4.9374150393700784
11
6.0508867322834643
21
-4.9280412204724406
0
LINE
8
BLACK
6
CONTINUOUS
10
6.0508867322834643
20
-4.9280412204724406
11
6.0509434645669291
21
-4.9274651574803148
0
LINE
8
BLACK
6
CONTINUOUS
10
6.0509434645669291
20
-4.9274651574803148
11
6.0509840551181098
21
-4.9273671259842518
0
LINE
8
BLACK
6
CONTINUOUS
10
6.0509840551181098
20
-4.9273671259842518
11
6.0509915748031498
21
-4.9272613385826771
0
LINE
8
BLACK
6
CONTINUOUS
10
6.0509915748031498
20
-4.9272613385826771
11
6.0511984645669292
21
-4.9267207086614171
0
LINE
8
BLACK
6
CONTINUOUS
10
6.0511984645669292
20
-4.9267207086614171
11
6.0530732283464568
21
-4.922971181102362
0
LINE
8
BLACK
6
CONTINUOUS
10
6.0530732283464568
20
-4.922971181102362
11
6.0532292913385826
21
-4.9227231496062993
0
LINE
8
BLACK
6
CONTINUOUS
10
6.0532292913385826
20
-4.9227231496062993
11
6.0532591338582673
21
-4.9226512204724404
0
LINE
8
BLACK
6
CONTINUOUS
10
6.0532591338582673
20
-4.9226512204724404
11
6.0533255905511814
21
-4.922570236220472
0
LINE
8
BLACK
6
CONTINUOUS
10
6.0533255905511814
20
-4.922570236220472
11
6.0533815748031499
21
-4.9224812992125981
0
LINE
8
BLACK
6
CONTINUOUS
10
6.0533815748031499
20
-4.9224812992125981
11
6.0534405511811018
21
-4.9224301181102357
0
LINE
8
BLACK
6
CONTINUOUS
10
6.0534405511811018
20
-4.9224301181102357
11
6.053626338582677
21
-4.9222037795275586
0
LINE
8
BLACK
6
CONTINUOUS
10
6.053626338582677
20
-4.9222037795275586
11
6.0555011023622045
21
-4.9203290157480311
0
LINE
8
BLACK
6
CONTINUOUS
10
6.0555011023622045
20
-4.9203290157480311
11
6.0557274409448816
21
-4.9201432283464568
0
LINE
8
BLACK
6
CONTINUOUS
10
6.0557274409448816
20
-4.9201432283464568
11
6.055778622047244
21
-4.920084251968504
0
LINE
8
BLACK
6
CONTINUOUS
10
6.055778622047244
20
-4.920084251968504
11
6.0558675590551179
21
-4.9200282677165355
0
LINE
8
BLACK
6
CONTINUOUS
10
6.0558675590551179
20
-4.9200282677165355
11
6.0559485433070863
21
-4.9199618110236223
0
LINE
8
BLACK
6
CONTINUOUS
10
6.0559485433070863
20
-4.9199618110236223
11
6.0560204724409443
21
-4.9199319685039367
0
LINE
8
BLACK
6
CONTINUOUS
10
6.0560204724409443
20
-4.9199319685039367
11
6.0562685039370079
21
-4.9197759055118109
0
LINE
8
BLACK
6
CONTINUOUS
10
6.0562685039370079
20
-4.9197759055118109
11
6.060018031496063
21
-4.9179011417322833
0
LINE
8
BLACK
6
CONTINUOUS
10
6.060018031496063
20
-4.9179011417322833
11
6.0605501968503939
21
-4.9176974409448819
0
LINE
8
BLACK
6
CONTINUOUS
10
6.0605501968503939
20
-4.9176974409448819
11
6.0516173228346455
21
-4.9074884645669288
0
LINE
8
BLACK
6
CONTINUOUS
10
6.0516173228346455
20
-4.9074884645669288
11
6.0514392913385828
21
-4.9072394488188973
0
LINE
8
BLACK
6
CONTINUOUS
10
6.0514392913385828
20
-4.9072394488188973
11
6.0513843700787397
21
-4.9071845275590551
0
LINE
8
BLACK
6
CONTINUOUS
10
6.0513843700787397
20
-4.9071845275590551
11
6.0513627559055116
21
-4.9071324015748035
0
LINE
8
BLACK
6
CONTINUOUS
10
6.0513627559055116
20
-4.9071324015748035
11
6.0512806692913381
21
-4.9070175590551184
0
LINE
8
BLACK
6
CONTINUOUS
10
6.0512806692913381
20
-4.9070175590551184
11
6.0511270472440941
21
-4.9065633070866141
0
LINE
8
BLACK
6
CONTINUOUS
10
6.0511270472440941
20
-4.9065633070866141
11
6.0509434645669291
21
-4.9061201181102359
0
LINE
8
BLACK
6
CONTINUOUS
10
6.0509434645669291
20
-4.9061201181102359
11
6.0509434645669291
21
-4.9060204724409449
0
LINE
8
BLACK
6
CONTINUOUS
10
6.0509434645669291
20
-4.9060204724409449
11
6.0509115748031492
21
-4.9059261811023624
0
LINE
8
BLACK
6
CONTINUOUS
10
6.0509115748031492
20
-4.9059261811023624
11
6.0509434645669291
21
-4.9054476771653546
0
LINE
8
BLACK
6
CONTINUOUS
10
6.0509434645669291
20
-4.9054476771653546
11
6.0509434645669291
21
-4.9049679921259841
0
LINE
8
BLACK
6
CONTINUOUS
10
6.0509434645669291
20
-4.9049679921259841
11
6.0509815354330705
21
-4.9048759842519685
0
LINE
8
BLACK
6
CONTINUOUS
10
6.0509815354330705
20
-4.9048759842519685
11
6.0509881889763779
21
-4.9047766535433066
0
LINE
8
BLACK
6
CONTINUOUS
10
6.0509881889763779
20
-4.9047766535433066
11
6.0512008661417322
21
-4.9043464960629919
0
LINE
8
BLACK
6
CONTINUOUS
10
6.0512008661417322
20
-4.9043464960629919
11
6.0513843700787397
21
-4.9039035826771649
0
LINE
8
BLACK
6
CONTINUOUS
10
6.0513843700787397
20
-4.9039035826771649
11
6.0514546850393698
21
-4.903833228346457
0
LINE
8
BLACK
6
CONTINUOUS
10
6.0514546850393698
20
-4.903833228346457
11
6.0514988976377948
21
-4.9037438976377947
0
LINE
8
BLACK
6
CONTINUOUS
10
6.0514988976377948
20
-4.9037438976377947
11
6.0518599999999996
21
-4.9034279133858263
0
LINE
8
BLACK
6
CONTINUOUS
10
6.0518599999999996
20
-4.9034279133858263
11
6.0521990157480312
21
-4.9030889370078743
0
LINE
8
BLACK
6
CONTINUOUS
10
6.0521990157480312
20
-4.9030889370078743
11
6.0522909842519681
21
-4.9030507874015745
0
LINE
8
BLACK
6
CONTINUOUS
10
6.0522909842519681
20
-4.9030507874015745
11
6.0523659842519679
21
-4.9029852362204727
0
LINE
8
BLACK
6
CONTINUOUS
10
6.0523659842519679
20
-4.9029852362204727
11
6.0528201968503934
21
-4.9028316141732287
0
LINE
8
BLACK
6
CONTINUOUS
10
6.0528201968503934
20
-4.9028316141732287
11
6.0532634251968505
21
-4.9026480314960628
0
LINE
8
BLACK
6
CONTINUOUS
10
6.0532634251968505
20
-4.9026480314960628
11
6.053403976377953
21
-4.9026341732283463
0
LINE
8
BLACK
6
CONTINUOUS
10
6.053403976377953
20
-4.9026341732283463
11
6.0534573622047239
21
-4.9026161417322838
0
LINE
8
BLACK
6
CONTINUOUS
10
6.0534573622047239
20
-4.9026161417322838
11
6.0535348031496063
21
-4.9026212992125986
0
LINE
8
BLACK
6
CONTINUOUS
10
6.0535348031496063
20
-4.9026212992125986
11
6.0538394881889763
21
-4.902591299212598
0
LINE
8
BLACK
6
CONTINUOUS
10
6.0538394881889763
20
-4.902591299212598
11
6.0782114173228345
21
-4.902591299212598
0
LINE
8
BLACK
6
CONTINUOUS
10
6.0782114173228345
20
-4.902591299212598
11
6.0787874803149604
21
-4.9026480314960628
0
LINE
8
BLACK
6
CONTINUOUS
10
6.1079733858267717
20
-4.9030889370078743
11
6.1087880314960632
21
-4.9039035826771649
0
LINE
8
BLACK
6
CONTINUOUS
10
6.1087880314960632
20
-4.9039035826771649
11
6.1092289370078738
21
-4.9049679921259841
0
LINE
8
BLACK
6
CONTINUOUS
10
6.1092289370078738
20
-4.9049679921259841
11
6.1092856692913386
21
-4.90554405511811
0
LINE
8
BLACK
6
CONTINUOUS
10
6.1092856692913386
20
-4.90554405511811
11
6.1092856692913386
21
-4.9449141338582674
0
LINE
8
BLACK
6
CONTINUOUS
10
6.1092856692913386
20
-4.9449141338582674
11
6.1092289370078738
21
-4.9454901968503933
0
LINE
8
BLACK
6
CONTINUOUS
10
6.1092289370078738
20
-4.9454901968503933
11
6.1087880314960632
21
-4.9465546062992125
0
LINE
8
BLACK
6
CONTINUOUS
10
6.1087880314960632
20
-4.9465546062992125
11
6.1079733858267717
21
-4.947369251968504
0
LINE
8
BLACK
6
CONTINUOUS
10
6.1079733858267717
20
-4.947369251968504
11
6.1069089763779525
21
-4.9478101574803146
0
LINE
8
BLACK
6
CONTINUOUS
10
6.1069089763779525
20
-4.9478101574803146
11
6.1063329133858266
21
-4.9478668897637794
0
LINE
8
BLACK
6
CONTINUOUS
10
6.1063329133858266
20
-4.9478668897637794
11
6.0875852755905511
21
-4.9478668897637794
0
LINE
8
BLACK
6
CONTINUOUS
10
6.0875852755905511
20
-4.9478668897637794
11
6.0870092125984252
21
-4.9478101574803146
0
LINE
8
BLACK
6
CONTINUOUS
10
6.0870092125984252
20
-4.9478101574803146
11
6.085944803149606
21
-4.947369251968504
0
LINE
8
BLACK
6
CONTINUOUS
10
6.085944803149606
20
-4.947369251968504
11
6.0851301574803145
21
-4.9465546062992125
0
LINE
8
BLACK
6
CONTINUOUS
10
6.0851301574803145
20
-4.9465546062992125
11
6.0846892519685039
21
-4.9454901968503933
0
LINE
8
BLACK
6
CONTINUOUS
10
6.0846892519685039
20
-4.9454901968503933
11
6.0846892519685039
21
-4.9443380708661415
0
LINE
8
BLACK
6
CONTINUOUS
10
6.0846892519685039
20
-4.9443380708661415
11
6.0851301574803145
21
-4.9432736614173232
0
LINE
8
BLACK
6
CONTINUOUS
10
6.0851301574803145
20
-4.9432736614173232
11
6.085944803149606
21
-4.9424590157480317
0
LINE
8
BLACK
6
CONTINUOUS
10
6.085944803149606
20
-4.9424590157480317
11
6.0870092125984252
21
-4.9420181102362202
0
LINE
8
BLACK
6
CONTINUOUS
10
6.0870092125984252
20
-4.9420181102362202
11
6.0875852755905511
21
-4.9419613779527554
0
LINE
8
BLACK
6
CONTINUOUS
10
6.0875852755905511
20
-4.9419613779527554
11
6.1033801574803146
21
-4.9419613779527554
0
LINE
8
BLACK
6
CONTINUOUS
10
6.1033801574803146
20
-4.9419613779527554
11
6.1033801574803146
21
-4.90554405511811
0
LINE
8
BLACK
6
CONTINUOUS
10
6.1033801574803146
20
-4.90554405511811
11
6.1034368897637794
21
-4.9049679921259841
0
LINE
8
BLACK
6
CONTINUOUS
10
6.1034368897637794
20
-4.9049679921259841
11
6.10387779527559
21
-4.9039035826771649
0
LINE
8
BLACK
6
CONTINUOUS
10
6.10387779527559
20
-4.9039035826771649
11
6.1046924409448815
21
-4.9030889370078743
0
LINE
8
BLACK
6
CONTINUOUS
10
6.1046924409448815
20
-4.9030889370078743
11
6.1057568503937008
21
-4.9026480314960628
0
LINE
8
BLACK
6
CONTINUOUS
10
6.1057568503937008
20
-4.9026480314960628
11
6.1069089763779525
21
-4.9026480314960628
0
LINE
8
BLACK
6
CONTINUOUS
10
6.1069089763779525
20
-4.9026480314960628
11
6.1079733858267717
21
-4.9030889370078743
0
LINE
8
BLACK
6
CONTINUOUS
10
6.2054465354330706
20
-4.8962259448818894
11
6.2064770472440944
21
-4.8967412204724408
0
LINE
8
BLACK
6
CONTINUOUS
10
6.2064770472440944
20
-4.8967412204724408
11
6.2072318897637793
21
-4.8976115748031495
0
LINE
8
BLACK
6
CONTINUOUS
10
6.2072318897637793
20
-4.8976115748031495
11
6.2075962204724409
21
-4.8987045669291334
0
LINE
8
BLACK
6
CONTINUOUS
10
6.2075962204724409
20
-4.8987045669291334
11
6.2075145669291336
21
-4.8998537795275592
0
LINE
8
BLACK
6
CONTINUOUS
10
6.2075145669291336
20
-4.8998537795275592
11
6.2073076771653541
21
-4.9003943700787405
0
LINE
8
BLACK
6
CONTINUOUS
10
6.2073076771653541
20
-4.9003943700787405
11
6.2054329133858266
21
-4.9041438976377956
0
LINE
8
BLACK
6
CONTINUOUS
10
6.2054329133858266
20
-4.9041438976377956
11
6.2052768897637796
21
-4.9043916929133857
0
LINE
8
BLACK
6
CONTINUOUS
10
6.2052768897637796
20
-4.9043916929133857
11
6.2052470472440939
21
-4.9044638582677162
0
LINE
8
BLACK
6
CONTINUOUS
10
6.2052470472440939
20
-4.9044638582677162
11
6.2051804330708658
21
-4.9045449999999997
0
LINE
8
BLACK
6
CONTINUOUS
10
6.2051804330708658
20
-4.9045449999999997
11
6.2051245669291335
21
-4.9046337795275585
0
LINE
8
BLACK
6
CONTINUOUS
10
6.2051245669291335
20
-4.9046337795275585
11
6.2050656299212594
21
-4.9046848818897635
0
LINE
8
BLACK
6
CONTINUOUS
10
6.2050656299212594
20
-4.9046848818897635
11
6.2048798031496064
21
-4.9049112992125981
0
LINE
8
BLACK
6
CONTINUOUS
10
6.2048798031496064
20
-4.9049112992125981
11
6.2024214173228343
21
-4.9073696850393702
0
LINE
8
BLACK
6
CONTINUOUS
10
6.2024214173228343
20
-4.9073696850393702
11
6.2298353937007871
21
-4.9073696850393702
0
LINE
8
BLACK
6
CONTINUOUS
10
6.2298353937007871
20
-4.9073696850393702
11
6.2298353937007871
21
-4.899073858267716
0
LINE
8
BLACK
6
CONTINUOUS
10
6.2298353937007871
20
-4.899073858267716
11
6.2298921259842519
21
-4.8984977952755901
0
LINE
8
BLACK
6
CONTINUOUS
10
6.2298921259842519
20
-4.8984977952755901
11
6.2303330314960625
21
-4.8974333858267718
0
LINE
8
BLACK
6
CONTINUOUS
10
6.2303330314960625
20
-4.8974333858267718
11
6.231147677165354
21
-4.8966187401574803
0
LINE
8
BLACK
6
CONTINUOUS
10
6.231147677165354
20
-4.8966187401574803
11
6.2322120866141733
21
-4.8961778346456688
0
LINE
8
BLACK
6
CONTINUOUS
10
6.2322120866141733
20
-4.8961778346456688
11
6.233364212598425
21
-4.8961778346456688
0
LINE
8
BLACK
6
CONTINUOUS
10
6.233364212598425
20
-4.8961778346456688
11
6.2344286220472442
21
-4.8966187401574803
0
LINE
8
BLACK
6
CONTINUOUS
10
6.2344286220472442
20
-4.8966187401574803
11
6.2352432677165357
21
-4.8974333858267718
0
LINE
8
BLACK
6
CONTINUOUS
10
6.2352432677165357
20
-4.8974333858267718
11
6.2356841732283463
21
-4.8984977952755901
0
LINE
8
BLACK
6
CONTINUOUS
10
6.2356841732283463
20
-4.8984977952755901
11
6.2357409055118111
21
-4.899073858267716
0
LINE
8
BLACK
6
CONTINUOUS
10
6.2357409055118111
20
-4.899073858267716
11
6.2357409055118111
21
-4.9215710236220476
0
LINE
8
BLACK
6
CONTINUOUS
10
6.2357409055118111
20
-4.9215710236220476
11
6.2356841732283463
21
-4.9221470866141734
0
LINE
8
BLACK
6
CONTINUOUS
10
6.2356841732283463
20
-4.9221470866141734
11
6.2352432677165357
21
-4.9232114960629918
0
LINE
8
BLACK
6
CONTINUOUS
10
6.2352432677165357
20
-4.9232114960629918
11
6.2344286220472442
21
-4.9240261417322833
0
LINE
8
BLACK
6
CONTINUOUS
10
6.2344286220472442
20
-4.9240261417322833
11
6.233364212598425
21
-4.9244670472440948
0
LINE
8
BLACK
6
CONTINUOUS
10
6.233364212598425
20
-4.9244670472440948
11
6.2322120866141733
21
-4.9244670472440948
0
LINE
8
BLACK
6
CONTINUOUS
10
6.2322120866141733
20
-4.9244670472440948
11
6.231147677165354
21
-4.9240261417322833
0
LINE
8
BLACK
6
CONTINUOUS
10
6.231147677165354
20
-4.9240261417322833
11
6.2303330314960625
21
-4.9232114960629918
0
LINE
8
BLACK
6
CONTINUOUS
10
6.2303330314960625
20
-4.9232114960629918
11
6.2298921259842519
21
-4.9221470866141734
0
LINE
8
BLACK
6
CONTINUOUS
10
6.2298921259842519
20
-4.9221470866141734
11
6.2298353937007871
21
-4.9215710236220476
0
LINE
8
BLACK
6
CONTINUOUS
10
6.2298353937007871
20
-4.9215710236220476
11
6.2298353937007871
21
-4.9132751968503934
0
LINE
8
BLACK
6
CONTINUOUS
10
6.2298353937007871
20
-4.9132751968503934
11
6.1934180708661417
21
-4.9132751968503934
0
LINE
8
BLACK
6
CONTINUOUS
10
6.1934180708661417
20
-4.9132751968503934
11
6.1934159842519687
21
-4.9132749606299209
0
LINE
8
BLACK
6
CONTINUOUS
10
6.1934159842519687
20
-4.9132749606299209
11
6.1934149606299211
21
-4.9132751968503934
0
LINE
8
BLACK
6
CONTINUOUS
10
6.1934149606299211
20
-4.9132751968503934
11
6.1934119291338581
21
-4.9132745669291333
0
LINE
8
BLACK
6
CONTINUOUS
10
6.1934119291338581
20
-4.9132745669291333
11
6.1928420078740158
21
-4.9132184645669295
0
LINE
8
BLACK
6
CONTINUOUS
10
6.1928420078740158
20
-4.9132184645669295
11
6.1925718897637791
21
-4.9131065748031491
0
LINE
8
BLACK
6
CONTINUOUS
10
6.1925718897637791
20
-4.9131065748031491
11
6.1922852755905513
21
-4.9130492519685038
0
LINE
8
BLACK
6
CONTINUOUS
10
6.1922852755905513
20
-4.9130492519685038
11
6.192044881889764
21
-4.9128882677165358
0
LINE
8
BLACK
6
CONTINUOUS
10
6.192044881889764
20
-4.9128882677165358
11
6.1917775984251966
21
-4.9127775590551179
0
LINE
8
BLACK
6
CONTINUOUS
10
6.1917775984251966
20
-4.9127775590551179
11
6.1915708661417321
21
-4.9125708267716535
0
LINE
8
BLACK
6
CONTINUOUS
10
6.1915708661417321
20
-4.9125708267716535
11
6.1913279921259843
21
-4.9124081889763778
0
LINE
8
BLACK
6
CONTINUOUS
10
6.1913279921259843
20
-4.9124081889763778
11
6.1911674803149603
21
-4.9121674409448817
0
LINE
8
BLACK
6
CONTINUOUS
10
6.1911674803149603
20
-4.9121674409448817
11
6.1909629527559051
21
-4.9119629133858265
0
LINE
8
BLACK
6
CONTINUOUS
10
6.1909629527559051
20
-4.9119629133858265
11
6.1908510629921256
21
-4.9116927952755907
0
LINE
8
BLACK
6
CONTINUOUS
10
6.1908510629921256
20
-4.9116927952755907
11
6.190688897637795
21
-4.911449566929134
0
LINE
8
BLACK
6
CONTINUOUS
10
6.190688897637795
20
-4.911449566929134
11
6.1906327559055114
21
-4.9111657480314959
0
LINE
8
BLACK
6
CONTINUOUS
10
6.1906327559055114
20
-4.9111657480314959
11
6.1905220472440945
21
-4.9108985039370081
0
LINE
8
BLACK
6
CONTINUOUS
10
6.1905220472440945
20
-4.9108985039370081
11
6.1905220472440945
21
-4.9106061023622045
0
LINE
8
BLACK
6
CONTINUOUS
10
6.1905220472440945
20
-4.9106061023622045
11
6.1904653149606297
21
-4.9103193307086617
0
LINE
8
BLACK
6
CONTINUOUS
10
6.1904653149606297
20
-4.9103193307086617
11
6.1905220472440945
21
-4.9100356692913385
0
LINE
8
BLACK
6
CONTINUOUS
10
6.1905220472440945
20
-4.9100356692913385
11
6.1905220472440945
21
-4.9097463779527555
0
LINE
8
BLACK
6
CONTINUOUS
10
6.1905220472440945
20
-4.9097463779527555
11
6.1906338976377953
21
-4.9094762598425197
0
LINE
8
BLACK
6
CONTINUOUS
10
6.1906338976377953
20
-4.9094762598425197
11
6.1906912598425192
21
-4.9091896456692909
0
LINE
8
BLACK
6
CONTINUOUS
10
6.1906912598425192
20
-4.9091896456692909
11
6.1908522047244094
21
-4.9089492519685036
0
LINE
8
BLACK
6
CONTINUOUS
10
6.1908522047244094
20
-4.9089492519685036
11
6.1909629527559051
21
-4.9086819685039371
0
LINE
8
BLACK
6
CONTINUOUS
10
6.1909629527559051
20
-4.9086819685039371
11
6.1911696456692908
21
-4.9084752362204727
0
LINE
8
BLACK
6
CONTINUOUS
10
6.1911696456692908
20
-4.9084752362204727
11
6.1913323228346453
21
-4.9082323622047239
0
LINE
8
BLACK
6
CONTINUOUS
10
6.1913323228346453
20
-4.9082323622047239
11
6.1917755511811023
21
-4.9078693307086612
0
LINE
8
BLACK
6
CONTINUOUS
10
6.1917755511811023
20
-4.9078693307086612
11
6.1917775984251966
21
-4.9078673228346457
0
LINE
8
BLACK
6
CONTINUOUS
10
6.1917775984251966
20
-4.9078673228346457
11
6.1917784645669292
21
-4.9078669291338581
0
LINE
8
BLACK
6
CONTINUOUS
10
6.1917784645669292
20
-4.9078669291338581
11
6.1917801574803146
21
-4.9078655905511814
0
LINE
8
BLACK
6
CONTINUOUS
10
6.1917801574803146
20
-4.9078655905511814
11
6.1971611811023619
21
-4.904278228346457
0
LINE
8
BLACK
6
CONTINUOUS
10
6.1971611811023619
20
-4.904278228346457
11
6.2003651574803147
21
-4.901074291338583
0
LINE
8
BLACK
6
CONTINUOUS
10
6.2003651574803147
20
-4.901074291338583
11
6.2020256299212599
21
-4.8977533464566925
0
LINE
8
BLACK
6
CONTINUOUS
10
6.2020256299212599
20
-4.8977533464566925
11
6.202333976377953
21
-4.8972634645669286
0
LINE
8
BLACK
6
CONTINUOUS
10
6.202333976377953
20
-4.8972634645669286
11
6.2032043700787396
21
-4.8965086220472438
0
LINE
8
BLACK
6
CONTINUOUS
10
6.2032043700787396
20
-4.8965086220472438
11
6.2042973228346456
21
-4.8961442913385822
0
LINE
8
BLACK
6
CONTINUOUS
10
6.2042973228346456
20
-4.8961442913385822
11
6.2054465354330706
21
-4.8962259448818894
0
LINE
8
BLACK
6
CONTINUOUS
10
6.1703720866141731
20
-4.8988025196850389
11
6.1714364960629924
21
-4.8992434251968504
0
LINE
8
BLACK
6
CONTINUOUS
10
6.1714364960629924
20
-4.8992434251968504
11
6.172251141732283
21
-4.9000580708661419
0
LINE
8
BLACK
6
CONTINUOUS
10
6.172251141732283
20
-4.9000580708661419
11
6.1726920472440945
21
-4.9011224803149602
0
LINE
8
BLACK
6
CONTINUOUS
10
6.1726920472440945
20
-4.9011224803149602
11
6.1727487795275593
21
-4.9016985433070861
0
LINE
8
BLACK
6
CONTINUOUS
10
6.1727487795275593
20
-4.9016985433070861
11
6.1727487795275593
21
-4.9204461811023616
0
LINE
8
BLACK
6
CONTINUOUS
10
6.1727487795275593
20
-4.9204461811023616
11
6.1726920472440945
21
-4.9210222440944884
0
LINE
8
BLACK
6
CONTINUOUS
10
6.1726920472440945
20
-4.9210222440944884
11
6.172251141732283
21
-4.9220866535433068
0
LINE
8
BLACK
6
CONTINUOUS
10
6.172251141732283
20
-4.9220866535433068
11
6.1714364960629924
21
-4.9229012992125982
0
LINE
8
BLACK
6
CONTINUOUS
10
6.1714364960629924
20
-4.9229012992125982
11
6.1703720866141731
21
-4.9233422047244098
0
LINE
8
BLACK
6
CONTINUOUS
10
6.1703720866141731
20
-4.9233422047244098
11
6.1692199606299214
21
-4.9233422047244098
0
LINE
8
BLACK
6
CONTINUOUS
10
6.1692199606299214
20
-4.9233422047244098
11
6.1681555511811021
21
-4.9229012992125982
0
LINE
8
BLACK
6
CONTINUOUS
10
6.1681555511811021
20
-4.9229012992125982
11
6.1673409055118107
21
-4.9220866535433068
0
LINE
8
BLACK
6
CONTINUOUS
10
6.1673409055118107
20
-4.9220866535433068
11
6.1669
21
-4.9210222440944884
0
LINE
8
BLACK
6
CONTINUOUS
10
6.1669
20
-4.9210222440944884
11
6.1668432677165352
21
-4.9204461811023616
0
LINE
8
BLACK
6
CONTINUOUS
10
6.1668432677165352
20
-4.9204461811023616
11
6.1668432677165352
21
-4.9046512992125981
0
LINE
8
BLACK
6
CONTINUOUS
10
6.1668432677165352
20
-4.9046512992125981
11
6.1304259448818899
21
-4.9046512992125981
0
LINE
8
BLACK
6
CONTINUOUS
10
6.1304259448818899
20
-4.9046512992125981
11
6.129849881889764
21
-4.9045945669291333
0
LINE
8
BLACK
6
CONTINUOUS
10
6.129849881889764
20
-4.9045945669291333
11
6.1287854724409447
21
-4.9041536614173227
0
LINE
8
BLACK
6
CONTINUOUS
10
6.1287854724409447
20
-4.9041536614173227
11
6.1279708267716533
21
-4.9033390157480312
0
LINE
8
BLACK
6
CONTINUOUS
10
6.1279708267716533
20
-4.9033390157480312
11
6.1275299212598426
21
-4.9022746062992129
0
LINE
8
BLACK
6
CONTINUOUS
10
6.1275299212598426
20
-4.9022746062992129
11
6.1275299212598426
21
-4.9011224803149602
0
LINE
8
BLACK
6
CONTINUOUS
10
6.1275299212598426
20
-4.9011224803149602
11
6.1279708267716533
21
-4.9000580708661419
0
LINE
8
BLACK
6
CONTINUOUS
10
6.1279708267716533
20
-4.9000580708661419
11
6.1287854724409447
21
-4.8992434251968504
0
LINE
8
BLACK
6
CONTINUOUS
10
6.1287854724409447
20
-4.8992434251968504
11
6.129849881889764
21
-4.8988025196850389
0
LINE
8
BLACK
6
CONTINUOUS
10
6.129849881889764
20
-4.8988025196850389
11
6.1304259448818899
21
-4.898745787401575
0
LINE
8
BLACK
6
CONTINUOUS
10
6.1304259448818899
20
-4.898745787401575
11
6.1697960236220473
21
-4.898745787401575
0
LINE
8
BLACK
6
CONTINUOUS
10
6.1697960236220473
20
-4.898745787401575
11
6.1703720866141731
21
-4.8988025196850389
0
LINE
8
BLACK
6
CONTINUOUS
10
5.9051559448818898
20
-4.9171089370078738
11
5.9064343700787401
21
-4.9183873622047241
0
LINE
8
BLACK
6
CONTINUOUS
10
5.9064343700787401
20
-4.9183873622047241
11
5.9064343700787401
21
-4.9201953149606297
0
LINE
8
BLACK
6
CONTINUOUS
10
5.9064343700787401
20
-4.9201953149606297
11
5.9051559448818898
21
-4.92147374015748
0
LINE
8
BLACK
6
CONTINUOUS
10
5.9051559448818898
20
-4.92147374015748
11
5.904251968503937
21
-4.9216535433070865
0
LINE
8
BLACK
6
CONTINUOUS
10
5.904251968503937
20
-4.9216535433070865
11
5.895590551181102
21
-4.9216535433070865
0
LINE
8
BLACK
6
CONTINUOUS
10
5.895590551181102
20
-4.9216535433070865
11
5.8946865748031492
21
-4.92147374015748
0
LINE
8
BLACK
6
CONTINUOUS
10
5.8946865748031492
20
-4.92147374015748
11
5.8934081496062989
21
-4.9201953149606297
0
LINE
8
BLACK
6
CONTINUOUS
10
5.8934081496062989
20
-4.9201953149606297
11
5.8934081496062989
21
-4.9183873622047241
0
LINE
8
BLACK
6
CONTINUOUS
10
5.8934081496062989
20
-4.9183873622047241
11
5.8946865748031492
21
-4.9171089370078738
0
LINE
8
BLACK
6
CONTINUOUS
10
5.8946865748031492
20
-4.9171089370078738
11
5.895590551181102
21
-4.9169291338582672
0
LINE
8
BLACK
6
CONTINUOUS
10
5.895590551181102
20
-4.9169291338582672
11
5.904251968503937
21
-4.9169291338582672
0
LINE
8
BLACK
6
CONTINUOUS
10
5.904251968503937
20
-4.9169291338582672
11
5.9051559448818898
21
-4.9171089370078738
0
LINE
8
BLACK
6
CONTINUOUS
10
6.412866141732283
20
-4.8867459055118108
11
6.4129091732283463
21
-4.8867395275590546
0
LINE
8
BLACK
6
CONTINUOUS
10
6.4129091732283463
20
-4.8867395275590546
11
6.4131246456692912
21
-4.8867713779527557
0
LINE
8
BLACK
6
CONTINUOUS
10
6.4131246456692912
20
-4.8867713779527557
11
6.4133416929133853
21
-4.8867927559055113
0
LINE
8
BLACK
6
CONTINUOUS
10
6.4133416929133853
20
-4.8867927559055113
11
6.4133818897637793
21
-4.8868093700787396
0
LINE
8
BLACK
6
CONTINUOUS
10
6.4133818897637793
20
-4.8868093700787396
11
6.4134817716535428
21
-4.8868241732283462
0
LINE
8
BLACK
6
CONTINUOUS
10
6.4134817716535428
20
-4.8868241732283462
11
6.420980826771653
21
-4.8886989370078737
0
LINE
8
BLACK
6
CONTINUOUS
10
6.420980826771653
20
-4.8886989370078737
11
6.4210233070866138
21
-4.8887140944881891
0
LINE
8
BLACK
6
CONTINUOUS
10
6.4210233070866138
20
-4.8887140944881891
11
6.4210445669291341
21
-4.8887156299212595
0
LINE
8
BLACK
6
CONTINUOUS
10
6.4210445669291341
20
-4.8887156299212595
11
6.4212839763779526
21
-4.8888072440944876
0
LINE
8
BLACK
6
CONTINUOUS
10
6.4212839763779526
20
-4.8888072440944876
11
6.42152594488189
21
-4.8888937007874018
0
LINE
8
BLACK
6
CONTINUOUS
10
6.42152594488189
20
-4.8888937007874018
11
6.4215430708661412
21
-4.8889063779527557
0
LINE
8
BLACK
6
CONTINUOUS
10
6.4215430708661412
20
-4.8889063779527557
11
6.4215851968503932
21
-4.888922519685039
0
LINE
8
BLACK
6
CONTINUOUS
10
6.4215851968503932
20
-4.888922519685039
11
6.4253347244094483
21
-4.8907972834645665
0
LINE
8
BLACK
6
CONTINUOUS
10
6.4253347244094483
20
-4.8907972834645665
11
6.4255825984251969
21
-4.8909533070866145
0
LINE
8
BLACK
6
CONTINUOUS
10
6.4255825984251969
20
-4.8909533070866145
11
6.4256546456692911
21
-4.8909831496062992
0
LINE
8
BLACK
6
CONTINUOUS
10
6.4256546456692911
20
-4.8909831496062992
11
6.4257356692913383
21
-4.8910496456692911
0
LINE
8
BLACK
6
CONTINUOUS
10
6.4257356692913383
20
-4.8910496456692911
11
6.4258246062992121
21
-4.8911056299212596
0
LINE
8
BLACK
6
CONTINUOUS
10
6.4258246062992121
20
-4.8911056299212596
11
6.4258757480314959
21
-4.8911646062992125
0
LINE
8
BLACK
6
CONTINUOUS
10
6.4258757480314959
20
-4.8911646062992125
11
6.4261021259842517
21
-4.8913503937007876
0
LINE
8
BLACK
6
CONTINUOUS
10
6.4261021259842517
20
-4.8913503937007876
11
6.4298516929133855
21
-4.8950999212598427
0
LINE
8
BLACK
6
CONTINUOUS
10
6.4298516929133855
20
-4.8950999212598427
11
6.4302189370078739
21
-4.8955473622047245
0
LINE
8
BLACK
6
CONTINUOUS
10
6.4302189370078739
20
-4.8955473622047245
11
6.4302595275590546
21
-4.8956453937007876
0
LINE
8
BLACK
6
CONTINUOUS
10
6.4302595275590546
20
-4.8956453937007876
11
6.4303290157480317
21
-4.8957255118110234
0
LINE
8
BLACK
6
CONTINUOUS
10
6.4303290157480317
20
-4.8957255118110234
11
6.4305649999999996
21
-4.8962540944881887
0
LINE
8
BLACK
6
CONTINUOUS
10
6.4305649999999996
20
-4.8962540944881887
11
6.4324397637795272
21
-4.9018783464566926
0
LINE
8
BLACK
6
CONTINUOUS
10
6.4324397637795272
20
-4.9018783464566926
11
6.4325046850393699
21
-4.9021639763779525
0
LINE
8
BLACK
6
CONTINUOUS
10
6.4325046850393699
20
-4.9021639763779525
11
6.4325345669291334
21
-4.9022360629921256
0
LINE
8
BLACK
6
CONTINUOUS
10
6.4325345669291334
20
-4.9022360629921256
11
6.4325448425196852
21
-4.9023405118110235
0
LINE
8
BLACK
6
CONTINUOUS
10
6.4325448425196852
20
-4.9023405118110235
11
6.43256811023622
21
-4.90244279527559
0
LINE
8
BLACK
6
CONTINUOUS
10
6.43256811023622
20
-4.90244279527559
11
6.4325625590551176
21
-4.9025205118110238
0
LINE
8
BLACK
6
CONTINUOUS
10
6.4325625590551176
20
-4.9025205118110238
11
6.4325912992125982
21
-4.9028121259842514
0
LINE
8
BLACK
6
CONTINUOUS
10
6.4325912992125982
20
-4.9028121259842514
11
6.4325912992125982
21
-4.9065616535433065
0
LINE
8
BLACK
6
CONTINUOUS
10
6.4325912992125982
20
-4.9065616535433065
11
6.4325625590551176
21
-4.9068532283464563
0
LINE
8
BLACK
6
CONTINUOUS
10
6.4325625590551176
20
-4.9068532283464563
11
6.43256811023622
21
-4.9069309842519688
0
LINE
8
BLACK
6
CONTINUOUS
10
6.43256811023622
20
-4.9069309842519688
11
6.4325448425196852
21
-4.9070332283464566
0
LINE
8
BLACK
6
CONTINUOUS
10
6.4325448425196852
20
-4.9070332283464566
11
6.4325345669291334
21
-4.9071377165354333
0
LINE
8
BLACK
6
CONTINUOUS
10
6.4325345669291334
20
-4.9071377165354333
11
6.4325046850393699
21
-4.9072097637795276
0
LINE
8
BLACK
6
CONTINUOUS
10
6.4325046850393699
20
-4.9072097637795276
11
6.4324397637795272
21
-4.9074954330708662
0
LINE
8
BLACK
6
CONTINUOUS
10
6.4324397637795272
20
-4.9074954330708662
11
6.4305649999999996
21
-4.9131196850393701
0
LINE
8
BLACK
6
CONTINUOUS
10
6.4305649999999996
20
-4.9131196850393701
11
6.4303290157480317
21
-4.9136482677165354
0
LINE
8
BLACK
6
CONTINUOUS
10
6.4303290157480317
20
-4.9136482677165354
11
6.4302594488188971
21
-4.91372842519685
0
LINE
8
BLACK
6
CONTINUOUS
10
6.4302594488188971
20
-4.91372842519685
11
6.4302188976377952
21
-4.9138264173228343
0
LINE
8
BLACK
6
CONTINUOUS
10
6.4302188976377952
20
-4.9138264173228343
11
6.4298516535433068
21
-4.9142738976377949
0
LINE
8
BLACK
6
CONTINUOUS
10
6.4298516535433068
20
-4.9142738976377949
11
6.4279768503937005
21
-4.9161486614173224
0
LINE
8
BLACK
6
CONTINUOUS
10
6.4279768503937005
20
-4.9161486614173224
11
6.4275294094488187
21
-4.9165158661417321
0
LINE
8
BLACK
6
CONTINUOUS
10
6.4275294094488187
20
-4.9165158661417321
11
6.4264649999999994
21
-4.9169567322834649
0
LINE
8
BLACK
6
CONTINUOUS
10
6.4264649999999994
20
-4.9169567322834649
11
6.4253129133858264
21
-4.9169567322834649
0
LINE
8
BLACK
6
CONTINUOUS
10
6.4253129133858264
20
-4.9169567322834649
11
6.4242485039370081
21
-4.9165158267716533
0
LINE
8
BLACK
6
CONTINUOUS
10
6.4242485039370081
20
-4.9165158267716533
11
6.4234338188976379
21
-4.9157011417322831
0
LINE
8
BLACK
6
CONTINUOUS
10
6.4234338188976379
20
-4.9157011417322831
11
6.4229929527559051
21
-4.9146367322834648
0
LINE
8
BLACK
6
CONTINUOUS
10
6.4229929527559051
20
-4.9146367322834648
11
6.4229929527559051
21
-4.9134846456692909
0
LINE
8
BLACK
6
CONTINUOUS
10
6.4229929527559051
20
-4.9134846456692909
11
6.4234338582677166
21
-4.9124202362204725
0
LINE
8
BLACK
6
CONTINUOUS
10
6.4234338582677166
20
-4.9124202362204725
11
6.4238011023622041
21
-4.911972755905512
0
LINE
8
BLACK
6
CONTINUOUS
10
6.4238011023622041
20
-4.911972755905512
11
6.4251829921259844
21
-4.9105908661417326
0
LINE
8
BLACK
6
CONTINUOUS
10
6.4251829921259844
20
-4.9105908661417326
11
6.426685787401575
21
-4.9060825196850395
0
LINE
8
BLACK
6
CONTINUOUS
10
6.426685787401575
20
-4.9060825196850395
11
6.426685787401575
21
-4.9032912598425193
0
LINE
8
BLACK
6
CONTINUOUS
10
6.426685787401575
20
-4.9032912598425193
11
6.4251829921259844
21
-4.8987828740157475
0
LINE
8
BLACK
6
CONTINUOUS
10
6.4251829921259844
20
-4.8987828740157475
11
6.4222651181102357
21
-4.8958650393700784
0
LINE
8
BLACK
6
CONTINUOUS
10
6.4222651181102357
20
-4.8958650393700784
11
6.4192341338582679
21
-4.8943495275590552
0
LINE
8
BLACK
6
CONTINUOUS
10
6.4192341338582679
20
-4.8943495275590552
11
6.4124020866141729
21
-4.8926415354330706
0
LINE
8
BLACK
6
CONTINUOUS
10
6.4124020866141729
20
-4.8926415354330706
11
6.4075048818897633
21
-4.8926415354330706
0
LINE
8
BLACK
6
CONTINUOUS
10
6.4075048818897633
20
-4.8926415354330706
11
6.4006728346456692
21
-4.8943495275590552
0
LINE
8
BLACK
6
CONTINUOUS
10
6.4006728346456692
20
-4.8943495275590552
11
6.3976418503937005
21
-4.8958650393700784
0
LINE
8
BLACK
6
CONTINUOUS
10
6.3976418503937005
20
-4.8958650393700784
11
6.3947240157480314
21
-4.8987828346456688
0
LINE
8
BLACK
6
CONTINUOUS
10
6.3947240157480314
20
-4.8987828346456688
11
6.3932212204724408
21
-4.9032912598425193
0
LINE
8
BLACK
6
CONTINUOUS
10
6.3932212204724408
20
-4.9032912598425193
11
6.3932212204724408
21
-4.9060824803149607
0
LINE
8
BLACK
6
CONTINUOUS
10
6.3932212204724408
20
-4.9060824803149607
11
6.3947240157480314
21
-4.9105909055118113
0
LINE
8
BLACK
6
CONTINUOUS
10
6.3947240157480314
20
-4.9105909055118113
11
6.3961059055118108
21
-4.9119727952755907
0
LINE
8
BLACK
6
CONTINUOUS
10
6.3961059055118108
20
-4.9119727952755907
11
6.3964731102362204
21
-4.9124202362204725
0
LINE
8
BLACK
6
CONTINUOUS
10
6.3964731102362204
20
-4.9124202362204725
11
6.3969140157480311
21
-4.9134846456692909
0
LINE
8
BLACK
6
CONTINUOUS
10
6.3969140157480311
20
-4.9134846456692909
11
6.3969140157480311
21
-4.9146367322834648
0
LINE
8
BLACK
6
CONTINUOUS
10
6.3969140157480311
20
-4.9146367322834648
11
6.3964731102362204
21
-4.9157011417322831
0
LINE
8
BLACK
6
CONTINUOUS
10
6.3964731102362204
20
-4.9157011417322831
11
6.3956584251968502
21
-4.9165158267716533
0
LINE
8
BLACK
6
CONTINUOUS
10
6.3956584251968502
20
-4.9165158267716533
11
6.394594015748031
21
-4.9169567322834649
0
LINE
8
BLACK
6
CONTINUOUS
10
6.394594015748031
20
-4.9169567322834649
11
6.393441929133858
21
-4.9169567322834649
0
LINE
8
BLACK
6
CONTINUOUS
10
6.393441929133858
20
-4.9169567322834649
11
6.3923775196850396
21
-4.9165158267716533
0
LINE
8
BLACK
6
CONTINUOUS
10
6.3923775196850396
20
-4.9165158267716533
11
6.391930078740157
21
-4.9161486220472437
0
LINE
8
BLACK
6
CONTINUOUS
10
6.391930078740157
20
-4.9161486220472437
11
6.3900553149606294
21
-4.9142738582677161
0
LINE
8
BLACK
6
CONTINUOUS
10
6.3900553149606294
20
-4.9142738582677161
11
6.3896881102362206
21
-4.9138264173228343
0
LINE
8
BLACK
6
CONTINUOUS
10
6.3896881102362206
20
-4.9138264173228343
11
6.3896474803149603
21
-4.9137283464566925
0
LINE
8
BLACK
6
CONTINUOUS
10
6.3896474803149603
20
-4.9137283464566925
11
6.3895779921259841
21
-4.9136482283464566
0
LINE
8
BLACK
6
CONTINUOUS
10
6.3895779921259841
20
-4.9136482283464566
11
6.3893420078740153
21
-4.9131196850393701
0
LINE
8
BLACK
6
CONTINUOUS
10
6.3893420078740153
20
-4.9131196850393701
11
6.3874672440944877
21
-4.9074953937007875
0
LINE
8
BLACK
6
CONTINUOUS
10
6.3874672440944877
20
-4.9074953937007875
11
6.3874022834645672
21
-4.9072098031496063
0
LINE
8
BLACK
6
CONTINUOUS
10
6.3874022834645672
20
-4.9072098031496063
11
6.3873724409448815
21
-4.9071377165354333
0
LINE
8
BLACK
6
CONTINUOUS
10
6.3873724409448815
20
-4.9071377165354333
11
6.3873621259842519
21
-4.9070331889763779
0
LINE
8
BLACK
6
CONTINUOUS
10
6.3873621259842519
20
-4.9070331889763779
11
6.3873388976377949
21
-4.9069309448818901
0
LINE
8
BLACK
6
CONTINUOUS
10
6.3873388976377949
20
-4.9069309448818901
11
6.3873444094488185
21
-4.9068531889763776
0
LINE
8
BLACK
6
CONTINUOUS
10
6.3873444094488185
20
-4.9068531889763776
11
6.3873157086614167
21
-4.9065616535433065
0
LINE
8
BLACK
6
CONTINUOUS
10
6.3873157086614167
20
-4.9065616535433065
11
6.3873157086614167
21
-4.9028121259842514
0
LINE
8
BLACK
6
CONTINUOUS
10
6.3873157086614167
20
-4.9028121259842514
11
6.3873444094488185
21
-4.9025205511811025
0
LINE
8
BLACK
6
CONTINUOUS
10
6.3873444094488185
20
-4.9025205511811025
11
6.3873388976377949
21
-4.9024428346456688
0
LINE
8
BLACK
6
CONTINUOUS
10
6.3873388976377949
20
-4.9024428346456688
11
6.3873621259842519
21
-4.9023405511811022
0
LINE
8
BLACK
6
CONTINUOUS
10
6.3873621259842519
20
-4.9023405511811022
11
6.3873724409448815
21
-4.9022360629921256
0
LINE
8
BLACK
6
CONTINUOUS
10
6.3873724409448815
20
-4.9022360629921256
11
6.3874022834645672
21
-4.9021639370078738
0
LINE
8
BLACK
6
CONTINUOUS
10
6.3874022834645672
20
-4.9021639370078738
11
6.3874672440944877
21
-4.9018783858267714
0
LINE
8
BLACK
6
CONTINUOUS
10
6.3874672440944877
20
-4.9018783858267714
11
6.3893420078740153
21
-4.8962540944881887
0
LINE
8
BLACK
6
CONTINUOUS
10
6.3893420078740153
20
-4.8962540944881887
11
6.3895779921259841
21
-4.8957255511811022
0
LINE
8
BLACK
6
CONTINUOUS
10
6.3895779921259841
20
-4.8957255511811022
11
6.3896474803149603
21
-4.8956453937007876
0
LINE
8
BLACK
6
CONTINUOUS
10
6.3896474803149603
20
-4.8956453937007876
11
6.3896881102362206
21
-4.8955473622047245
0
LINE
8
BLACK
6
CONTINUOUS
10
6.3896881102362206
20
-4.8955473622047245
11
6.3900553149606294
21
-4.8950999212598427
0
LINE
8
BLACK
6
CONTINUOUS
10
6.3900553149606294
20
-4.8950999212598427
11
6.3938048425196845
21
-4.8913503937007876
0
LINE
8
BLACK
6
CONTINUOUS
10
6.3938048425196845
20
-4.8913503937007876
11
6.3940312204724412
21
-4.891164527559055
0
LINE
8
BLACK
6
CONTINUOUS
10
6.3940312204724412
20
-4.891164527559055
11
6.394082362204724
21
-4.8911056299212596
0
LINE
8
BLACK
6
CONTINUOUS
10
6.394082362204724
20
-4.8911056299212596
11
6.394171102362205
21
-4.8910497244094486
0
LINE
8
BLACK
6
CONTINUOUS
10
6.394171102362205
20
-4.8910497244094486
11
6.3942522834645672
21
-4.8909831496062992
0
LINE
8
BLACK
6
CONTINUOUS
10
6.3942522834645672
20
-4.8909831496062992
11
6.394324409448819
21
-4.8909532677165357
0
LINE
8
BLACK
6
CONTINUOUS
10
6.394324409448819
20
-4.8909532677165357
11
6.3945722440944879
21
-4.8907972834645665
0
LINE
8
BLACK
6
CONTINUOUS
10
6.3945722440944879
20
-4.8907972834645665
11
6.398321771653543
21
-4.888922519685039
0
LINE
8
BLACK
6
CONTINUOUS
10
6.398321771653543
20
-4.888922519685039
11
6.3983638582677163
21
-4.8889063779527557
0
LINE
8
BLACK
6
CONTINUOUS
10
6.3983638582677163
20
-4.8889063779527557
11
6.3983810236220471
21
-4.8888937007874018
0
LINE
8
BLACK
6
CONTINUOUS
10
6.3983810236220471
20
-4.8888937007874018
11
6.398622598425197
21
-4.8888073622047239
0
LINE
8
BLACK
6
CONTINUOUS
10
6.398622598425197
20
-4.8888073622047239
11
6.3988623622047243
21
-4.8887156299212595
0
LINE
8
BLACK
6
CONTINUOUS
10
6.3988623622047243
20
-4.8887156299212595
11
6.3988836220472436
21
-4.8887140944881891
0
LINE
8
BLACK
6
CONTINUOUS
10
6.3988836220472436
20
-4.8887140944881891
11
6.3989261417322831
21
-4.8886989370078737
0
LINE
8
BLACK
6
CONTINUOUS
10
6.3989261417322831
20
-4.8886989370078737
11
6.4064251968503934
21
-4.8868241732283462
0
LINE
8
BLACK
6
CONTINUOUS
10
6.4064251968503934
20
-4.8868241732283462
11
6.406525039370079
21
-4.8868093700787396
0
LINE
8
BLACK
6
CONTINUOUS
10
6.406525039370079
20
-4.8868093700787396
11
6.4065652755905509
21
-4.8867927559055113
0
LINE
8
BLACK
6
CONTINUOUS
10
6.4065652755905509
20
-4.8867927559055113
11
6.4067822834645671
21
-4.8867713779527557
0
LINE
8
BLACK
6
CONTINUOUS
10
6.4067822834645671
20
-4.8867713779527557
11
6.4069977952755908
21
-4.8867395275590546
0
LINE
8
BLACK
6
CONTINUOUS
10
6.4069977952755908
20
-4.8867395275590546
11
6.4070407874015745
21
-4.8867459055118108
0
LINE
8
BLACK
6
CONTINUOUS
10
6.4070407874015745
20
-4.8867459055118108
11
6.4071413385826768
21
-4.8867360236220474
0
LINE
8
BLACK
6
CONTINUOUS
10
6.4071413385826768
20
-4.8867360236220474
11
6.4127656299212594
21
-4.8867360236220474
0
LINE
8
BLACK
6
CONTINUOUS
10
6.4127656299212594
20
-4.8867360236220474
11
6.412866141732283
21
-4.8867459055118108
0
LINE
8
BLACK
6
CONTINUOUS
10
5.7796627165354328
20
-4.8923532283464564
11
5.7798425196850394
21
-4.8932572047244092
0
LINE
8
BLACK
6
CONTINUOUS
10
5.7798425196850394
20
-4.8932572047244092
11
5.7798425196850394
21
-4.9067427952755907
0
LINE
8
BLACK
6
CONTINUOUS
10
5.7798425196850394
20
-4.9067427952755907
11
5.7796627165354328
21
-4.9076467716535435
0
LINE
8
BLACK
6
CONTINUOUS
10
5.7796627165354328
20
-4.9076467716535435
11
5.7783842913385826
21
-4.9089251968503937
0
LINE
8
BLACK
6
CONTINUOUS
10
5.7783842913385826
20
-4.9089251968503937
11
5.7765763385826769
21
-4.9089251968503937
0
LINE
8
BLACK
6
CONTINUOUS
10
5.7765763385826769
20
-4.9089251968503937
11
5.7752979133858267
21
-4.9076467716535435
0
LINE
8
BLACK
6
CONTINUOUS
10
5.7752979133858267
20
-4.9076467716535435
11
5.7751181102362201
21
-4.9067427952755907
0
LINE
8
BLACK
6
CONTINUOUS
10
5.7751181102362201
20
-4.9067427952755907
11
5.7751181102362201
21
-4.8932572047244092
0
LINE
8
BLACK
6
CONTINUOUS
10
5.7751181102362201
20
-4.8932572047244092
11
5.7752979133858267
21
-4.8923532283464564
0
LINE
8
BLACK
6
CONTINUOUS
10
5.7752979133858267
20
-4.8923532283464564
11
5.7765763385826769
21
-4.8910748031496061
0
LINE
8
BLACK
6
CONTINUOUS
10
5.7765763385826769
20
-4.8910748031496061
11
5.7783842913385826
21
-4.8910748031496061
0
LINE
8
BLACK
6
CONTINUOUS
10
5.7783842913385826
20
-4.8910748031496061
11
5.7796627165354328
21
-4.8923532283464564
0
LINE
8
BLACK
6
CONTINUOUS
10
5.8198201968503938
20
-4.8923532283464564
11
5.8200000000000003
21
-4.8932572047244092
0
LINE
8
BLACK
6
CONTINUOUS
10
5.8200000000000003
20
-4.8932572047244092
11
5.8200000000000003
21
-4.9067427952755907
0
LINE
8
BLACK
6
CONTINUOUS
10
5.8200000000000003
20
-4.9067427952755907
11
5.8198201968503938
21
-4.9076467716535435
0
LINE
8
BLACK
6
CONTINUOUS
10
5.8198201968503938
20
-4.9076467716535435
11
5.8185417716535435
21
-4.9089251968503937
0
LINE
8
BLACK
6
CONTINUOUS
10
5.8185417716535435
20
-4.9089251968503937
11
5.8167338188976379
21
-4.9089251968503937
0
LINE
8
BLACK
6
CONTINUOUS
10
5.8167338188976379
20
-4.9089251968503937
11
5.8154553937007876
21
-4.9076467716535435
0
LINE
8
BLACK
6
CONTINUOUS
10
5.8154553937007876
20
-4.9076467716535435
11
5.815275590551181
21
-4.9067427952755907
0
LINE
8
BLACK
6
CONTINUOUS
10
5.815275590551181
20
-4.9067427952755907
11
5.815275590551181
21
-4.8932572047244092
0
LINE
8
BLACK
6
CONTINUOUS
10
5.815275590551181
20
-4.8932572047244092
11
5.8154553937007876
21
-4.8923532283464564
0
LINE
8
BLACK
6
CONTINUOUS
10
5.8154553937007876
20
-4.8923532283464564
11
5.8167338188976379
21
-4.8910748031496061
0
LINE
8
BLACK
6
CONTINUOUS
10
5.8167338188976379
20
-4.8910748031496061
11
5.8185417716535435
21
-4.8910748031496061
0
LINE
8
BLACK
6
CONTINUOUS
10
5.8185417716535435
20
-4.8910748031496061
11
5.8198201968503938
21
-4.8923532283464564
0
LINE
8
BLACK
6
CONTINUOUS
10
5.9843871259842523
20
-4.8923532283464564
11
5.9845669291338579
21
-4.8932572047244092
0
LINE
8
BLACK
6
CONTINUOUS
10
5.9845669291338579
20
-4.8932572047244092
11
5.9845669291338579
21
-4.9067427952755907
0
LINE
8
BLACK
6
CONTINUOUS
10
5.9845669291338579
20
-4.9067427952755907
11
5.9843871259842523
21
-4.9076467716535435
0
LINE
8
BLACK
6
CONTINUOUS
10
5.9843871259842523
20
-4.9076467716535435
11
5.9831087007874011
21
-4.9089251968503937
0
LINE
8
BLACK
6
CONTINUOUS
10
5.9831087007874011
20
-4.9089251968503937
11
5.9813007480314964
21
-4.9089251968503937
0
LINE
8
BLACK
6
CONTINUOUS
10
5.9813007480314964
20
-4.9089251968503937
11
5.9800223228346452
21
-4.9076467716535435
0
LINE
8
BLACK
6
CONTINUOUS
10
5.9800223228346452
20
-4.9076467716535435
11
5.9798425196850395
21
-4.9067427952755907
0
LINE
8
BLACK
6
CONTINUOUS
10
5.9798425196850395
20
-4.9067427952755907
11
5.9798425196850395
21
-4.8932572047244092
0
LINE
8
BLACK
6
CONTINUOUS
10
5.9798425196850395
20
-4.8932572047244092
11
5.9800223228346452
21
-4.8923532283464564
0
LINE
8
BLACK
6
CONTINUOUS
10
5.9800223228346452
20
-4.8923532283464564
11
5.9813007480314964
21
-4.8910748031496061
0
LINE
8
BLACK
6
CONTINUOUS
10
5.9813007480314964
20
-4.8910748031496061
11
5.9831087007874011
21
-4.8910748031496061
0
LINE
8
BLACK
6
CONTINUOUS
10
5.9831087007874011
20
-4.8910748031496061
11
5.9843871259842523
21
-4.8923532283464564
0
LINE
8
BLACK
6
CONTINUOUS
10
6.0245446062992123
20
-4.8923532283464564
11
6.0247244094488188
21
-4.8932572047244092
0
LINE
8
BLACK
6
CONTINUOUS
10
6.0247244094488188
20
-4.8932572047244092
11
6.0247244094488188
21
-4.9067427952755907
0
LINE
8
BLACK
6
CONTINUOUS
10
6.0247244094488188
20
-4.9067427952755907
11
6.0245446062992123
21
-4.9076467716535435
0
LINE
8
BLACK
6
CONTINUOUS
10
6.0245446062992123
20
-4.9076467716535435
11
6.023266181102362
21
-4.9089251968503937
0
LINE
8
BLACK
6
CONTINUOUS
10
6.023266181102362
20
-4.9089251968503937
11
6.0214582283464564
21
-4.9089251968503937
0
LINE
8
BLACK
6
CONTINUOUS
10
6.0214582283464564
20
-4.9089251968503937
11
6.0201798031496061
21
-4.9076467716535435
0
LINE
8
BLACK
6
CONTINUOUS
10
6.0201798031496061
20
-4.9076467716535435
11
6.0199999999999996
21
-4.9067427952755907
0
LINE
8
BLACK
6
CONTINUOUS
10
6.0199999999999996
20
-4.9067427952755907
11
6.0199999999999996
21
-4.8932572047244092
0
LINE
8
BLACK
6
CONTINUOUS
10
6.0199999999999996
20
-4.8932572047244092
11
6.0201798031496061
21
-4.8923532283464564
0
LINE
8
BLACK
6
CONTINUOUS
10
6.0201798031496061
20
-4.8923532283464564
11
6.0214582283464564
21
-4.8910748031496061
0
LINE
8
BLACK
6
CONTINUOUS
10
6.0214582283464564
20
-4.8910748031496061
11
6.023266181102362
21
-4.8910748031496061
0
LINE
8
BLACK
6
CONTINUOUS
10
6.023266181102362
20
-4.8910748031496061
11
6.0245446062992123
21
-4.8923532283464564
0
LINE
8
BLACK
6
CONTINUOUS
10
6.3030213779527555
20
-4.8553681496062993
11
6.3030933858267719
21
-4.855360984251968
0
LINE
8
BLACK
6
CONTINUOUS
10
6.3030933858267719
20
-4.855360984251968
11
6.3031637007874011
21
-4.8553821653543308
0
LINE
8
BLACK
6
CONTINUOUS
10
6.3031637007874011
20
-4.8553821653543308
11
6.3033844094488192
21
-4.8554039370078739
0
LINE
8
BLACK
6
CONTINUOUS
10
6.3033844094488192
20
-4.8554039370078739
11
6.3037830708661415
21
-4.8555690551181101
0
LINE
8
BLACK
6
CONTINUOUS
10
6.3037830708661415
20
-4.8555690551181101
11
6.3041963779527554
21
-4.8556937795275585
0
LINE
8
BLACK
6
CONTINUOUS
10
6.3041963779527554
20
-4.8556937795275585
11
6.304311456692913
21
-4.8557879133858268
0
LINE
8
BLACK
6
CONTINUOUS
10
6.304311456692913
20
-4.8557879133858268
11
6.3044488188976375
21
-4.8558448425196845
0
LINE
8
BLACK
6
CONTINUOUS
10
6.3044488188976375
20
-4.8558448425196845
11
6.30475405511811
21
-4.856150078740157
0
LINE
8
BLACK
6
CONTINUOUS
10
6.30475405511811
20
-4.856150078740157
11
6.3050880314960631
21
-4.856423346456693
0
LINE
8
BLACK
6
CONTINUOUS
10
6.3050880314960631
20
-4.856423346456693
11
6.3051582677165356
21
-4.8565542913385826
0
LINE
8
BLACK
6
CONTINUOUS
10
6.3051582677165356
20
-4.8565542913385826
11
6.305263464566929
21
-4.856659488188976
0
LINE
8
BLACK
6
CONTINUOUS
10
6.305263464566929
20
-4.856659488188976
11
6.305428622047244
21
-4.8570582677165355
0
LINE
8
BLACK
6
CONTINUOUS
10
6.305428622047244
20
-4.8570582677165355
11
6.3056326771653541
21
-4.8574385826771653
0
LINE
8
BLACK
6
CONTINUOUS
10
6.3056326771653541
20
-4.8574385826771653
11
6.3056762598425191
21
-4.8576560629921257
0
LINE
8
BLACK
6
CONTINUOUS
10
6.3056762598425191
20
-4.8576560629921257
11
6.3057043700787396
21
-4.8577238976377952
0
LINE
8
BLACK
6
CONTINUOUS
10
6.3057043700787396
20
-4.8577238976377952
11
6.3057043700787396
21
-4.857796181102362
0
LINE
8
BLACK
6
CONTINUOUS
10
6.3057043700787396
20
-4.857796181102362
11
6.3057464566929129
21
-4.8580061417322833
0
LINE
8
BLACK
6
CONTINUOUS
10
6.3057464566929129
20
-4.8580061417322833
11
6.3076212204724404
21
-4.8767537795275588
0
LINE
8
BLACK
6
CONTINUOUS
10
6.3076212204724404
20
-4.8767537795275588
11
6.307622086614173
21
-4.8773326377952753
0
LINE
8
BLACK
6
CONTINUOUS
10
6.307622086614173
20
-4.8773326377952753
11
6.3075791338582672
21
-4.8774749606299208
0
LINE
8
BLACK
6
CONTINUOUS
10
6.3075791338582672
20
-4.8774749606299208
11
6.3075791338582672
21
-4.8776236220472438
0
LINE
8
BLACK
6
CONTINUOUS
10
6.3075791338582672
20
-4.8776236220472438
11
6.307414015748031
21
-4.8780222047244095
0
LINE
8
BLACK
6
CONTINUOUS
10
6.307414015748031
20
-4.8780222047244095
11
6.3072892913385825
21
-4.8784356299212597
0
LINE
8
BLACK
6
CONTINUOUS
10
6.3072892913385825
20
-4.8784356299212597
11
6.3071950787401576
21
-4.878550748031496
0
LINE
8
BLACK
6
CONTINUOUS
10
6.3071950787401576
20
-4.878550748031496
11
6.3071382283464565
21
-4.878688031496063
0
LINE
8
BLACK
6
CONTINUOUS
10
6.3071382283464565
20
-4.878688031496063
11
6.306833149606299
21
-4.8789930708661418
0
LINE
8
BLACK
6
CONTINUOUS
10
6.306833149606299
20
-4.8789930708661418
11
6.3065597244094489
21
-4.8793272834645665
0
LINE
8
BLACK
6
CONTINUOUS
10
6.3065597244094489
20
-4.8793272834645665
11
6.3064286614173231
21
-4.8793975590551177
0
LINE
8
BLACK
6
CONTINUOUS
10
6.3064286614173231
20
-4.8793975590551177
11
6.3063235433070863
21
-4.8795027165354332
0
LINE
8
BLACK
6
CONTINUOUS
10
6.3063235433070863
20
-4.8795027165354332
11
6.3059249212598427
21
-4.8796677952755907
0
LINE
8
BLACK
6
CONTINUOUS
10
6.3059249212598427
20
-4.8796677952755907
11
6.3055444881889766
21
-4.8798719291338584
0
LINE
8
BLACK
6
CONTINUOUS
10
6.3055444881889766
20
-4.8798719291338584
11
6.3053964566929128
21
-4.8798866929133853
0
LINE
8
BLACK
6
CONTINUOUS
10
6.3053964566929128
20
-4.8798866929133853
11
6.305259133858268
21
-4.8799436220472439
0
LINE
8
BLACK
6
CONTINUOUS
10
6.305259133858268
20
-4.8799436220472439
11
6.3048275984251969
21
-4.8799436220472439
0
LINE
8
BLACK
6
CONTINUOUS
10
6.3048275984251969
20
-4.8799436220472439
11
6.3043980708661413
21
-4.8799865748031497
0
LINE
8
BLACK
6
CONTINUOUS
10
6.3043980708661413
20
-4.8799865748031497
11
6.304255708661417
21
-4.8799436220472439
0
LINE
8
BLACK
6
CONTINUOUS
10
6.304255708661417
20
-4.8799436220472439
11
6.3041070472440941
21
-4.8799436220472439
0
LINE
8
BLACK
6
CONTINUOUS
10
6.3041070472440941
20
-4.8799436220472439
11
6.303708346456693
21
-4.8797784645669289
0
LINE
8
BLACK
6
CONTINUOUS
10
6.303708346456693
20
-4.8797784645669289
11
6.3032950787401569
21
-4.8796537795275592
0
LINE
8
BLACK
6
CONTINUOUS
10
6.3032950787401569
20
-4.8796537795275592
11
6.3031799606299215
21
-4.8795596062992121
0
LINE
8
BLACK
6
CONTINUOUS
10
6.3031799606299215
20
-4.8795596062992121
11
6.3030426377952757
21
-4.8795027165354332
0
LINE
8
BLACK
6
CONTINUOUS
10
6.3030426377952757
20
-4.8795027165354332
11
6.3025951968503939
21
-4.8791355118110236
0
LINE
8
BLACK
6
CONTINUOUS
10
6.3025951968503939
20
-4.8791355118110236
11
6.3010592519685034
21
-4.8775995669291339
0
LINE
8
BLACK
6
CONTINUOUS
10
6.3010592519685034
20
-4.8775995669291339
11
6.2983617716535436
21
-4.8762508267716536
0
LINE
8
BLACK
6
CONTINUOUS
10
6.2983617716535436
20
-4.8762508267716536
11
6.2903820472440941
21
-4.8762508267716536
0
LINE
8
BLACK
6
CONTINUOUS
10
6.2903820472440941
20
-4.8762508267716536
11
6.2876845669291335
21
-4.8775995669291339
0
LINE
8
BLACK
6
CONTINUOUS
10
6.2876845669291335
20
-4.8775995669291339
11
6.2864874409448817
21
-4.8787966929133857
0
LINE
8
BLACK
6
CONTINUOUS
10
6.2864874409448817
20
-4.8787966929133857
11
6.2851387007874013
21
-4.8814941732283463
0
LINE
8
BLACK
6
CONTINUOUS
10
6.2851387007874013
20
-4.8814941732283463
11
6.2851387007874013
21
-4.8894738976377949
0
LINE
8
BLACK
6
CONTINUOUS
10
6.2851387007874013
20
-4.8894738976377949
11
6.2864874409448817
21
-4.8921713779527556
0
LINE
8
BLACK
6
CONTINUOUS
10
6.2864874409448817
20
-4.8921713779527556
11
6.2876845669291335
21
-4.8933685433070861
0
LINE
8
BLACK
6
CONTINUOUS
10
6.2876845669291335
20
-4.8933685433070861
11
6.2903820472440941
21
-4.8947172834645665
0
LINE
8
BLACK
6
CONTINUOUS
10
6.2903820472440941
20
-4.8947172834645665
11
6.2983617716535436
21
-4.8947172834645665
0
LINE
8
BLACK
6
CONTINUOUS
10
6.2983617716535436
20
-4.8947172834645665
11
6.3010592125984255
21
-4.8933685433070861
0
LINE
8
BLACK
6
CONTINUOUS
10
6.3010592125984255
20
-4.8933685433070861
11
6.3025951574803152
21
-4.8918325984251965
0
LINE
8
BLACK
6
CONTINUOUS
10
6.3025951574803152
20
-4.8918325984251965
11
6.3030426377952757
21
-4.8914653543307089
0
LINE
8
BLACK
6
CONTINUOUS
10
6.3030426377952757
20
-4.8914653543307089
11
6.3041070472440941
21
-4.8910244488188974
0
LINE
8
BLACK
6
CONTINUOUS
10
6.3041070472440941
20
-4.8910244488188974
11
6.305259133858268
21
-4.8910244488188974
0
LINE
8
BLACK
6
CONTINUOUS
10
6.305259133858268
20
-4.8910244488188974
11
6.3063235433070863
21
-4.8914653149606302
0
LINE
8
BLACK
6
CONTINUOUS
10
6.3063235433070863
20
-4.8914653149606302
11
6.3071382283464565
21
-4.8922799999999995
0
LINE
8
BLACK
6
CONTINUOUS
10
6.3071382283464565
20
-4.8922799999999995
11
6.3075791338582672
21
-4.8933444094488188
0
LINE
8
BLACK
6
CONTINUOUS
10
6.3075791338582672
20
-4.8933444094488188
11
6.3075791338582672
21
-4.8944964960629918
0
LINE
8
BLACK
6
CONTINUOUS
10
6.3075791338582672
20
-4.8944964960629918
11
6.3071382677165353
21
-4.895560905511811
0
LINE
8
BLACK
6
CONTINUOUS
10
6.3071382677165353
20
-4.895560905511811
11
6.3067710236220469
21
-4.8960083858267716
0
LINE
8
BLACK
6
CONTINUOUS
10
6.3067710236220469
20
-4.8960083858267716
11
6.3048962992125981
21
-4.8978831496062991
0
LINE
8
BLACK
6
CONTINUOUS
10
6.3048962992125981
20
-4.8978831496062991
11
6.3046699212598423
21
-4.8980688976377955
0
LINE
8
BLACK
6
CONTINUOUS
10
6.3046699212598423
20
-4.8980688976377955
11
6.3046187401574798
21
-4.898127952755905
0
LINE
8
BLACK
6
CONTINUOUS
10
6.3046187401574798
20
-4.898127952755905
11
6.3045297637795272
21
-4.8981839370078735
0
LINE
8
BLACK
6
CONTINUOUS
10
6.3045297637795272
20
-4.8981839370078735
11
6.3044488188976375
21
-4.8982503937007875
0
LINE
8
BLACK
6
CONTINUOUS
10
6.3044488188976375
20
-4.8982503937007875
11
6.3043768503937008
21
-4.8982801968503935
0
LINE
8
BLACK
6
CONTINUOUS
10
6.3043768503937008
20
-4.8982801968503935
11
6.304128858267716
21
-4.898436299212598
0
LINE
8
BLACK
6
CONTINUOUS
10
6.304128858267716
20
-4.898436299212598
11
6.3003793307086609
21
-4.9003110629921256
0
LINE
8
BLACK
6
CONTINUOUS
10
6.3003793307086609
20
-4.9003110629921256
11
6.2998387007874017
21
-4.9005179527559051
0
LINE
8
BLACK
6
CONTINUOUS
10
6.2998387007874017
20
-4.9005179527559051
11
6.2997328740157483
21
-4.9005254330708663
0
LINE
8
BLACK
6
CONTINUOUS
10
6.2997328740157483
20
-4.9005254330708663
11
6.2996348818897641
21
-4.9005660629921257
0
LINE
8
BLACK
6
CONTINUOUS
10
6.2996348818897641
20
-4.9005660629921257
11
6.2990588188976373
21
-4.9006227952755905
0
LINE
8
BLACK
6
CONTINUOUS
10
6.2990588188976373
20
-4.9006227952755905
11
6.2896849999999995
21
-4.9006227952755905
0
LINE
8
BLACK
6
CONTINUOUS
10
6.2896849999999995
20
-4.9006227952755905
11
6.2891089370078737
21
-4.9005660629921257
0
LINE
8
BLACK
6
CONTINUOUS
10
6.2891089370078737
20
-4.9005660629921257
11
6.2890109448818894
21
-4.9005254724409451
0
LINE
8
BLACK
6
CONTINUOUS
10
6.2890109448818894
20
-4.9005254724409451
11
6.2889050787401573
21
-4.9005179527559051
0
LINE
8
BLACK
6
CONTINUOUS
10
6.2889050787401573
20
-4.9005179527559051
11
6.288364488188976
21
-4.9003110629921256
0
LINE
8
BLACK
6
CONTINUOUS
10
6.288364488188976
20
-4.9003110629921256
11
6.2846149606299209
21
-4.898436299212598
0
LINE
8
BLACK
6
CONTINUOUS
10
6.2846149606299209
20
-4.898436299212598
11
6.2843669291338582
21
-4.8982801968503935
0
LINE
8
BLACK
6
CONTINUOUS
10
6.2843669291338582
20
-4.8982801968503935
11
6.2842950000000002
21
-4.8982503937007875
0
LINE
8
BLACK
6
CONTINUOUS
10
6.2842950000000002
20
-4.8982503937007875
11
6.2842140157480317
21
-4.8981839370078735
0
LINE
8
BLACK
6
CONTINUOUS
10
6.2842140157480317
20
-4.8981839370078735
11
6.284125078740157
21
-4.898127952755905
0
LINE
8
BLACK
6
CONTINUOUS
10
6.284125078740157
20
-4.898127952755905
11
6.2840738582677167
21
-4.8980688976377955
0
LINE
8
BLACK
6
CONTINUOUS
10
6.2840738582677167
20
-4.8980688976377955
11
6.2838475196850396
21
-4.8978831496062991
0
LINE
8
BLACK
6
CONTINUOUS
10
6.2838475196850396
20
-4.8978831496062991
11
6.2819727559055121
21
-4.8960083464566928
0
LINE
8
BLACK
6
CONTINUOUS
10
6.2819727559055121
20
-4.8960083464566928
11
6.2817870078740157
21
-4.8957820078740157
0
LINE
8
BLACK
6
CONTINUOUS
10
6.2817870078740157
20
-4.8957820078740157
11
6.2817280314960628
21
-4.895730866141732
0
LINE
8
BLACK
6
CONTINUOUS
10
6.2817280314960628
20
-4.895730866141732
11
6.2816720472440943
21
-4.8956419291338582
0
LINE
8
BLACK
6
CONTINUOUS
10
6.2816720472440943
20
-4.8956419291338582
11
6.2816055511811024
21
-4.895560905511811
0
LINE
8
BLACK
6
CONTINUOUS
10
6.2816055511811024
20
-4.895560905511811
11
6.2815757086614168
21
-4.8954888582677167
0
LINE
8
BLACK
6
CONTINUOUS
10
6.2815757086614168
20
-4.8954888582677167
11
6.2814196850393698
21
-4.8952409842519682
0
LINE
8
BLACK
6
CONTINUOUS
10
6.2814196850393698
20
-4.8952409842519682
11
6.2795449212598422
21
-4.8914914566929131
0
LINE
8
BLACK
6
CONTINUOUS
10
6.2795449212598422
20
-4.8914914566929131
11
6.2793380314960627
21
-4.890950826771653
0
LINE
8
BLACK
6
CONTINUOUS
10
6.2793380314960627
20
-4.890950826771653
11
6.2793305118110236
21
-4.8908449999999997
0
LINE
8
BLACK
6
CONTINUOUS
10
6.2793305118110236
20
-4.8908449999999997
11
6.2792899212598421
21
-4.8907470078740154
0
LINE
8
BLACK
6
CONTINUOUS
10
6.2792899212598421
20
-4.8907470078740154
11
6.2792331889763782
21
-4.8901709448818895
0
LINE
8
BLACK
6
CONTINUOUS
10
6.2792331889763782
20
-4.8901709448818895
11
6.2792331889763782
21
-4.8807971259842517
0
LINE
8
BLACK
6
CONTINUOUS
10
6.2792331889763782
20
-4.8807971259842517
11
6.2792899212598421
21
-4.8802210629921259
0
LINE
8
BLACK
6
CONTINUOUS
10
6.2792899212598421
20
-4.8802210629921259
11
6.2793305118110236
21
-4.8801230314960629
0
LINE
8
BLACK
6
CONTINUOUS
10
6.2793305118110236
20
-4.8801230314960629
11
6.2793380314960627
21
-4.8800172440944882
0
LINE
8
BLACK
6
CONTINUOUS
10
6.2793380314960627
20
-4.8800172440944882
11
6.2795449212598422
21
-4.8794766141732282
0
LINE
8
BLACK
6
CONTINUOUS
10
6.2795449212598422
20
-4.8794766141732282
11
6.2814196850393698
21
-4.8757270866141731
0
LINE
8
BLACK
6
CONTINUOUS
10
6.2814196850393698
20
-4.8757270866141731
11
6.2815757480314955
21
-4.8754790551181104
0
LINE
8
BLACK
6
CONTINUOUS
10
6.2815757480314955
20
-4.8754790551181104
11
6.2816055905511812
21
-4.8754071259842515
0
LINE
8
BLACK
6
CONTINUOUS
10
6.2816055905511812
20
-4.8754071259842515
11
6.2816720472440943
21
-4.8753261417322831
0
LINE
8
BLACK
6
CONTINUOUS
10
6.2816720472440943
20
-4.8753261417322831
11
6.2817280314960628
21
-4.8752372047244092
0
LINE
8
BLACK
6
CONTINUOUS
10
6.2817280314960628
20
-4.8752372047244092
11
6.2817870078740157
21
-4.8751860236220468
0
LINE
8
BLACK
6
CONTINUOUS
10
6.2817870078740157
20
-4.8751860236220468
11
6.2819727952755908
21
-4.8749596850393697
0
LINE
8
BLACK
6
CONTINUOUS
10
6.2819727952755908
20
-4.8749596850393697
11
6.2838475590551184
21
-4.8730849212598422
0
LINE
8
BLACK
6
CONTINUOUS
10
6.2838475590551184
20
-4.8730849212598422
11
6.2840738976377954
21
-4.8728991338582679
0
LINE
8
BLACK
6
CONTINUOUS
10
6.2840738976377954
20
-4.8728991338582679
11
6.284125078740157
21
-4.8728401574803151
0
LINE
8
BLACK
6
CONTINUOUS
10
6.284125078740157
20
-4.8728401574803151
11
6.2842140157480317
21
-4.8727841732283466
0
LINE
8
BLACK
6
CONTINUOUS
10
6.2842140157480317
20
-4.8727841732283466
11
6.2842950000000002
21
-4.8727177165354334
0
LINE
8
BLACK
6
CONTINUOUS
10
6.2842950000000002
20
-4.8727177165354334
11
6.2843669291338582
21
-4.8726878740157478
0
LINE
8
BLACK
6
CONTINUOUS
10
6.2843669291338582
20
-4.8726878740157478
11
6.2846149606299209
21
-4.872531811023622
0
LINE
8
BLACK
6
CONTINUOUS
10
6.2846149606299209
20
-4.872531811023622
11
6.288364488188976
21
-4.8706570472440944
0
LINE
8
BLACK
6
CONTINUOUS
10
6.288364488188976
20
-4.8706570472440944
11
6.2889050787401573
21
-4.870450157480315
0
LINE
8
BLACK
6
CONTINUOUS
10
6.2889050787401573
20
-4.870450157480315
11
6.2890109448818894
21
-4.8704425984251971
0
LINE
8
BLACK
6
CONTINUOUS
10
6.2890109448818894
20
-4.8704425984251971
11
6.2891089370078737
21
-4.8704020472440943
0
LINE
8
BLACK
6
CONTINUOUS
10
6.2891089370078737
20
-4.8704020472440943
11
6.2896849999999995
21
-4.8703453149606295
0
LINE
8
BLACK
6
CONTINUOUS
10
6.2896849999999995
20
-4.8703453149606295
11
6.2990588188976373
21
-4.8703453149606295
0
LINE
8
BLACK
6
CONTINUOUS
10
6.2990588188976373
20
-4.8703453149606295
11
6.2996348818897641
21
-4.8704020472440943
0
LINE
8
BLACK
6
CONTINUOUS
10
6.2996348818897641
20
-4.8704020472440943
11
6.2997328740157483
21
-4.8704426377952759
0
LINE
8
BLACK
6
CONTINUOUS
10
6.2997328740157483
20
-4.8704426377952759
11
6.2998387007874017
21
-4.870450157480315
0
LINE
8
BLACK
6
CONTINUOUS
10
6.2998387007874017
20
-4.870450157480315
11
6.3003793307086609
21
-4.8706570472440944
0
LINE
8
BLACK
6
CONTINUOUS
10
6.3003793307086609
20
-4.8706570472440944
11
6.3011132283464564
21
-4.8710239763779528
0
LINE
8
BLACK
6
CONTINUOUS
10
6.3011132283464564
20
-4.8710239763779528
11
6.300136141732283
21
-4.8612527165354331
0
LINE
8
BLACK
6
CONTINUOUS
10
6.300136141732283
20
-4.8612527165354331
11
6.2840607086614169
21
-4.8612527165354331
0
LINE
8
BLACK
6
CONTINUOUS
10
6.2840607086614169
20
-4.8612527165354331
11
6.283484645669291
21
-4.8611959842519683
0
LINE
8
BLACK
6
CONTINUOUS
10
6.283484645669291
20
-4.8611959842519683
11
6.2824202362204726
21
-4.8607550787401577
0
LINE
8
BLACK
6
CONTINUOUS
10
6.2824202362204726
20
-4.8607550787401577
11
6.2816055905511812
21
-4.8599404330708662
0
LINE
8
BLACK
6
CONTINUOUS
10
6.2816055905511812
20
-4.8599404330708662
11
6.2811646850393696
21
-4.858876023622047
0
LINE
8
BLACK
6
CONTINUOUS
10
6.2811646850393696
20
-4.858876023622047
11
6.2811646850393696
21
-4.8577238976377952
0
LINE
8
BLACK
6
CONTINUOUS
10
6.2811646850393696
20
-4.8577238976377952
11
6.2816055905511812
21
-4.856659488188976
0
LINE
8
BLACK
6
CONTINUOUS
10
6.2816055905511812
20
-4.856659488188976
11
6.2824202362204726
21
-4.8558448425196845
0
LINE
8
BLACK
6
CONTINUOUS
10
6.2824202362204726
20
-4.8558448425196845
11
6.283484645669291
21
-4.8554039370078739
0
LINE
8
BLACK
6
CONTINUOUS
10
6.283484645669291
20
-4.8554039370078739
11
6.2840607086614169
21
-4.8553472047244091
0
LINE
8
BLACK
6
CONTINUOUS
10
6.2840607086614169
20
-4.8553472047244091
11
6.3028083464566924
21
-4.8553472047244091
0
LINE
8
BLACK
6
CONTINUOUS
10
6.3028083464566924
20
-4.8553472047244091
11
6.3030213779527555
21
-4.8553681496062993
0
LINE
8
BLACK
6
CONTINUOUS
10
6.3363198425196847
20
-4.8558448425196845
11
6.3371344881889762
21
-4.856659488188976
0
LINE
8
BLACK
6
CONTINUOUS
10
6.3371344881889762
20
-4.856659488188976
11
6.3375753937007868
21
-4.8577238976377952
0
LINE
8
BLACK
6
CONTINUOUS
10
6.3375753937007868
20
-4.8577238976377952
11
6.3376321259842516
21
-4.8582999606299211
0
LINE
8
BLACK
6
CONTINUOUS
10
6.3376321259842516
20
-4.8582999606299211
11
6.3376321259842516
21
-4.8976700393700785
0
LINE
8
BLACK
6
CONTINUOUS
10
6.3376321259842516
20
-4.8976700393700785
11
6.3375753937007868
21
-4.8982461023622044
0
LINE
8
BLACK
6
CONTINUOUS
10
6.3375753937007868
20
-4.8982461023622044
11
6.3371344881889762
21
-4.8993105118110236
0
LINE
8
BLACK
6
CONTINUOUS
10
6.3371344881889762
20
-4.8993105118110236
11
6.3363198425196847
21
-4.9001251574803151
0
LINE
8
BLACK
6
CONTINUOUS
10
6.3363198425196847
20
-4.9001251574803151
11
6.3352554330708664
21
-4.9005660629921257
0
LINE
8
BLACK
6
CONTINUOUS
10
6.3352554330708664
20
-4.9005660629921257
11
6.3346793700787396
21
-4.9006227952755905
0
LINE
8
BLACK
6
CONTINUOUS
10
6.3346793700787396
20
-4.9006227952755905
11
6.3159317322834641
21
-4.9006227952755905
0
LINE
8
BLACK
6
CONTINUOUS
10
6.3159317322834641
20
-4.9006227952755905
11
6.3153556692913382
21
-4.9005660629921257
0
LINE
8
BLACK
6
CONTINUOUS
10
6.3153556692913382
20
-4.9005660629921257
11
6.3142912598425198
21
-4.9001251574803151
0
LINE
8
BLACK
6
CONTINUOUS
10
6.3142912598425198
20
-4.9001251574803151
11
6.3134766141732284
21
-4.8993105118110236
0
LINE
8
BLACK
6
CONTINUOUS
10
6.3134766141732284
20
-4.8993105118110236
11
6.3130357086614168
21
-4.8982461023622044
0
LINE
8
BLACK
6
CONTINUOUS
10
6.3130357086614168
20
-4.8982461023622044
11
6.3130357086614168
21
-4.8970939763779526
0
LINE
8
BLACK
6
CONTINUOUS
10
6.3130357086614168
20
-4.8970939763779526
11
6.3134766141732284
21
-4.8960295669291334
0
LINE
8
BLACK
6
CONTINUOUS
10
6.3134766141732284
20
-4.8960295669291334
11
6.3142912598425198
21
-4.8952149212598428
0
LINE
8
BLACK
6
CONTINUOUS
10
6.3142912598425198
20
-4.8952149212598428
11
6.3153556692913382
21
-4.8947740157480313
0
LINE
8
BLACK
6
CONTINUOUS
10
6.3153556692913382
20
-4.8947740157480313
11
6.3159317322834641
21
-4.8947172834645665
0
LINE
8
BLACK
6
CONTINUOUS
10
6.3159317322834641
20
-4.8947172834645665
11
6.3317266141732285
21
-4.8947172834645665
0
LINE
8
BLACK
6
CONTINUOUS
10
6.3317266141732285
20
-4.8947172834645665
11
6.3317266141732285
21
-4.8582999606299211
0
LINE
8
BLACK
6
CONTINUOUS
10
6.3317266141732285
20
-4.8582999606299211
11
6.3317833464566924
21
-4.8577238976377952
0
LINE
8
BLACK
6
CONTINUOUS
10
6.3317833464566924
20
-4.8577238976377952
11
6.3322242519685039
21
-4.856659488188976
0
LINE
8
BLACK
6
CONTINUOUS
10
6.3322242519685039
20
-4.856659488188976
11
6.3330388976377954
21
-4.8558448425196845
0
LINE
8
BLACK
6
CONTINUOUS
10
6.3330388976377954
20
-4.8558448425196845
11
6.3341033070866137
21
-4.8554039370078739
0
LINE
8
BLACK
6
CONTINUOUS
10
6.3341033070866137
20
-4.8554039370078739
11
6.3352554330708664
21
-4.8554039370078739
0
LINE
8
BLACK
6
CONTINUOUS
10
6.3352554330708664
20
-4.8554039370078739
11
6.3363198425196847
21
-4.8558448425196845
0
LINE
8
BLACK
6
CONTINUOUS
10
6.6309832283464569
20
-4.8702723228346452
11
6.6310812204724412
21
-4.8703129133858267
0
LINE
8
BLACK
6
CONTINUOUS
10
6.6310812204724412
20
-4.8703129133858267
11
6.6311870472440946
21
-4.8703204330708658
0
LINE
8
BLACK
6
CONTINUOUS
10
6.6311870472440946
20
-4.8703204330708658
11
6.6317276771653546
21
-4.8705273228346453
0
LINE
8
BLACK
6
CONTINUOUS
10
6.6317276771653546
20
-4.8705273228346453
11
6.6354772047244097
21
-4.8724020866141728
0
LINE
8
BLACK
6
CONTINUOUS
10
6.6354772047244097
20
-4.8724020866141728
11
6.6357250787401574
21
-4.8725581102362208
0
LINE
8
BLACK
6
CONTINUOUS
10
6.6357250787401574
20
-4.8725581102362208
11
6.6357971259842516
21
-4.8725879527559055
0
LINE
8
BLACK
6
CONTINUOUS
10
6.6357971259842516
20
-4.8725879527559055
11
6.6358781496062988
21
-4.8726544488188974
0
LINE
8
BLACK
6
CONTINUOUS
10
6.6358781496062988
20
-4.8726544488188974
11
6.6359670866141727
21
-4.8727104330708659
0
LINE
8
BLACK
6
CONTINUOUS
10
6.6359670866141727
20
-4.8727104330708659
11
6.6360182283464564
21
-4.8727694094488188
0
LINE
8
BLACK
6
CONTINUOUS
10
6.6360182283464564
20
-4.8727694094488188
11
6.6362445669291334
21
-4.8729551574803152
0
LINE
8
BLACK
6
CONTINUOUS
10
6.6362445669291334
20
-4.8729551574803152
11
6.6381193700787398
21
-4.8748299212598427
0
LINE
8
BLACK
6
CONTINUOUS
10
6.6381193700787398
20
-4.8748299212598427
11
6.6383051181102362
21
-4.8750562598425198
0
LINE
8
BLACK
6
CONTINUOUS
10
6.6383051181102362
20
-4.8750562598425198
11
6.6383641732283465
21
-4.8751074803149601
0
LINE
8
BLACK
6
CONTINUOUS
10
6.6383641732283465
20
-4.8751074803149601
11
6.638420157480315
21
-4.8751964173228348
0
LINE
8
BLACK
6
CONTINUOUS
10
6.638420157480315
20
-4.8751964173228348
11
6.6384866141732282
21
-4.8752774015748033
0
LINE
8
BLACK
6
CONTINUOUS
10
6.6384866141732282
20
-4.8752774015748033
11
6.6385164173228342
21
-4.8753493307086613
0
LINE
8
BLACK
6
CONTINUOUS
10
6.6385164173228342
20
-4.8753493307086613
11
6.6386725196850396
21
-4.875597362204724
0
LINE
8
BLACK
6
CONTINUOUS
10
6.6386725196850396
20
-4.875597362204724
11
6.6405472834645671
21
-4.8793468897637791
0
LINE
8
BLACK
6
CONTINUOUS
10
6.6405472834645671
20
-4.8793468897637791
11
6.6407541732283466
21
-4.8798874803149603
0
LINE
8
BLACK
6
CONTINUOUS
10
6.6407541732283466
20
-4.8798874803149603
11
6.6407616929133857
21
-4.8799933464566925
0
LINE
8
BLACK
6
CONTINUOUS
10
6.6407616929133857
20
-4.8799933464566925
11
6.6408022834645664
21
-4.8800913385826767
0
LINE
8
BLACK
6
CONTINUOUS
10
6.6408022834645664
20
-4.8800913385826767
11
6.6408590157480312
21
-4.8806674015748026
0
LINE
8
BLACK
6
CONTINUOUS
10
6.6408590157480312
20
-4.8806674015748026
11
6.6408590157480312
21
-4.8881664566929128
0
LINE
8
BLACK
6
CONTINUOUS
10
6.6408590157480312
20
-4.8881664566929128
11
6.6408022834645664
21
-4.8887425196850396
0
LINE
8
BLACK
6
CONTINUOUS
10
6.6408022834645664
20
-4.8887425196850396
11
6.6407616929133857
21
-4.8888404724409451
0
LINE
8
BLACK
6
CONTINUOUS
10
6.6407616929133857
20
-4.8888404724409451
11
6.6407541732283466
21
-4.888946377952756
0
LINE
8
BLACK
6
CONTINUOUS
10
6.6407541732283466
20
-4.888946377952756
11
6.6405472834645671
21
-4.8894869685039373
0
LINE
8
BLACK
6
CONTINUOUS
10
6.6405472834645671
20
-4.8894869685039373
11
6.6386725196850396
21
-4.8932364960629924
0
LINE
8
BLACK
6
CONTINUOUS
10
6.6386725196850396
20
-4.8932364960629924
11
6.6385164173228342
21
-4.8934844881889763
0
LINE
8
BLACK
6
CONTINUOUS
10
6.6385164173228342
20
-4.8934844881889763
11
6.6384866141732282
21
-4.8935564566929131
0
LINE
8
BLACK
6
CONTINUOUS
10
6.6384866141732282
20
-4.8935564566929131
11
6.638420157480315
21
-4.8936374015748028
0
LINE
8
BLACK
6
CONTINUOUS
10
6.638420157480315
20
-4.8936374015748028
11
6.6383641732283465
21
-4.8937263779527562
0
LINE
8
BLACK
6
CONTINUOUS
10
6.6383641732283465
20
-4.8937263779527562
11
6.6383051181102362
21
-4.8937775590551178
0
LINE
8
BLACK
6
CONTINUOUS
10
6.6383051181102362
20
-4.8937775590551178
11
6.6381193700787398
21
-4.8940039370078736
0
LINE
8
BLACK
6
CONTINUOUS
10
6.6381193700787398
20
-4.8940039370078736
11
6.6362445669291334
21
-4.8958787007874012
0
LINE
8
BLACK
6
CONTINUOUS
10
6.6362445669291334
20
-4.8958787007874012
11
6.6360182283464564
21
-4.8960644094488188
0
LINE
8
BLACK
6
CONTINUOUS
10
6.6360182283464564
20
-4.8960644094488188
11
6.6359670866141727
21
-4.8961234251968504
0
LINE
8
BLACK
6
CONTINUOUS
10
6.6359670866141727
20
-4.8961234251968504
11
6.6358781496062988
21
-4.8961793700787402
0
LINE
8
BLACK
6
CONTINUOUS
10
6.6358781496062988
20
-4.8961793700787402
11
6.6357971259842516
21
-4.8962459055118108
0
LINE
8
BLACK
6
CONTINUOUS
10
6.6357971259842516
20
-4.8962459055118108
11
6.6357250787401574
21
-4.8962757086614168
0
LINE
8
BLACK
6
CONTINUOUS
10
6.6357250787401574
20
-4.8962757086614168
11
6.6354772047244097
21
-4.8964317716535435
0
LINE
8
BLACK
6
CONTINUOUS
10
6.6354772047244097
20
-4.8964317716535435
11
6.6317276771653546
21
-4.898306535433071
0
LINE
8
BLACK
6
CONTINUOUS
10
6.6317276771653546
20
-4.898306535433071
11
6.6311870472440946
21
-4.8985134251968505
0
LINE
8
BLACK
6
CONTINUOUS
10
6.6311870472440946
20
-4.8985134251968505
11
6.6310812204724412
21
-4.8985209055118109
0
LINE
8
BLACK
6
CONTINUOUS
10
6.6310812204724412
20
-4.8985209055118109
11
6.6309832283464569
21
-4.8985615354330712
0
LINE
8
BLACK
6
CONTINUOUS
10
6.6309832283464569
20
-4.8985615354330712
11
6.6304071653543302
21
-4.8986182677165351
0
LINE
8
BLACK
6
CONTINUOUS
10
6.6304071653543302
20
-4.8986182677165351
11
6.6210333464566924
21
-4.8986182677165351
0
LINE
8
BLACK
6
CONTINUOUS
10
6.6210333464566924
20
-4.8986182677165351
11
6.6204572834645665
21
-4.8985615354330712
0
LINE
8
BLACK
6
CONTINUOUS
10
6.6204572834645665
20
-4.8985615354330712
11
6.6203592913385823
21
-4.8985209448818896
0
LINE
8
BLACK
6
CONTINUOUS
10
6.6203592913385823
20
-4.8985209448818896
11
6.6202534251968501
21
-4.8985134251968505
0
LINE
8
BLACK
6
CONTINUOUS
10
6.6202534251968501
20
-4.8985134251968505
11
6.6197128346456688
21
-4.898306535433071
0
LINE
8
BLACK
6
CONTINUOUS
10
6.6197128346456688
20
-4.898306535433071
11
6.6159633070866137
21
-4.8964317716535435
0
LINE
8
BLACK
6
CONTINUOUS
10
6.6159633070866137
20
-4.8964317716535435
11
6.6157152755905511
21
-4.8962756692913381
0
LINE
8
BLACK
6
CONTINUOUS
10
6.6157152755905511
20
-4.8962756692913381
11
6.6156433464566931
21
-4.8962458661417321
0
LINE
8
BLACK
6
CONTINUOUS
10
6.6156433464566931
20
-4.8962458661417321
11
6.6155623622047246
21
-4.8961793700787402
0
LINE
8
BLACK
6
CONTINUOUS
10
6.6155623622047246
20
-4.8961793700787402
11
6.6154734251968499
21
-4.8961234251968504
0
LINE
8
BLACK
6
CONTINUOUS
10
6.6154734251968499
20
-4.8961234251968504
11
6.6154222440944883
21
-4.8960644094488188
0
LINE
8
BLACK
6
CONTINUOUS
10
6.6154222440944883
20
-4.8960644094488188
11
6.6151959055118112
21
-4.8958786614173224
0
LINE
8
BLACK
6
CONTINUOUS
10
6.6151959055118112
20
-4.8958786614173224
11
6.6133211417322837
21
-4.8940038976377949
0
LINE
8
BLACK
6
CONTINUOUS
10
6.6133211417322837
20
-4.8940038976377949
11
6.6131353543307085
21
-4.893777519685039
0
LINE
8
BLACK
6
CONTINUOUS
10
6.6131353543307085
20
-4.893777519685039
11
6.6130763779527557
21
-4.8937263779527562
0
LINE
8
BLACK
6
CONTINUOUS
10
6.6130763779527557
20
-4.8937263779527562
11
6.6130203937007872
21
-4.8936374015748028
0
LINE
8
BLACK
6
CONTINUOUS
10
6.6130203937007872
20
-4.8936374015748028
11
6.612953937007874
21
-4.8935564566929131
0
LINE
8
BLACK
6
CONTINUOUS
10
6.612953937007874
20
-4.8935564566929131
11
6.6129240944881884
21
-4.8934844881889763
0
LINE
8
BLACK
6
CONTINUOUS
10
6.6129240944881884
20
-4.8934844881889763
11
6.6127680314960626
21
-4.8932364960629924
0
LINE
8
BLACK
6
CONTINUOUS
10
6.6127680314960626
20
-4.8932364960629924
11
6.6108932677165351
21
-4.8894869685039373
0
LINE
8
BLACK
6
CONTINUOUS
10
6.6108932677165351
20
-4.8894869685039373
11
6.6106863779527556
21
-4.8889463385826772
0
LINE
8
BLACK
6
CONTINUOUS
10
6.6106863779527556
20
-4.8889463385826772
11
6.6106788582677165
21
-4.8888405118110239
0
LINE
8
BLACK
6
CONTINUOUS
10
6.6106788582677165
20
-4.8888405118110239
11
6.610638267716535
21
-4.8887425196850396
0
LINE
8
BLACK
6
CONTINUOUS
10
6.610638267716535
20
-4.8887425196850396
11
6.610581535433071
21
-4.8881664566929128
0
LINE
8
BLACK
6
CONTINUOUS
10
6.610581535433071
20
-4.8881664566929128
11
6.610581535433071
21
-4.8806674015748026
0
LINE
8
BLACK
6
CONTINUOUS
10
6.610581535433071
20
-4.8806674015748026
11
6.610638267716535
21
-4.8800913385826767
0
LINE
8
BLACK
6
CONTINUOUS
10
6.610638267716535
20
-4.8800913385826767
11
6.6106788582677165
21
-4.8799933070866137
0
LINE
8
BLACK
6
CONTINUOUS
10
6.6106788582677165
20
-4.8799933070866137
11
6.6106863779527556
21
-4.8798875196850391
0
LINE
8
BLACK
6
CONTINUOUS
10
6.6106863779527556
20
-4.8798875196850391
11
6.6108932677165351
21
-4.8793468897637791
0
LINE
8
BLACK
6
CONTINUOUS
10
6.6108932677165351
20
-4.8793468897637791
11
6.6120395275590553
21
-4.8770543700787403
0
LINE
8
BLACK
6
CONTINUOUS
10
6.6120395275590553
20
-4.8770543700787403
11
6.6091223622047242
21
-4.8777836614173227
0
LINE
8
BLACK
6
CONTINUOUS
10
6.6091223622047242
20
-4.8777836614173227
11
6.6041668110236218
21
-4.8810873622047239
0
LINE
8
BLACK
6
CONTINUOUS
10
6.6041668110236218
20
-4.8810873622047239
11
6.6028376771653541
21
-4.8824164960629917
0
LINE
8
BLACK
6
CONTINUOUS
10
6.6028376771653541
20
-4.8824164960629917
11
6.6014889370078738
21
-4.8851139763779523
0
LINE
8
BLACK
6
CONTINUOUS
10
6.6014889370078738
20
-4.8851139763779523
11
6.6014889370078738
21
-4.8919159842519688
0
LINE
8
BLACK
6
CONTINUOUS
10
6.6014889370078738
20
-4.8919159842519688
11
6.6014322047244089
21
-4.8924920472440947
0
LINE
8
BLACK
6
CONTINUOUS
10
6.6014322047244089
20
-4.8924920472440947
11
6.6009912992125983
21
-4.8935564566929131
0
LINE
8
BLACK
6
CONTINUOUS
10
6.6009912992125983
20
-4.8935564566929131
11
6.6001766535433068
21
-4.8943711023622045
0
LINE
8
BLACK
6
CONTINUOUS
10
6.6001766535433068
20
-4.8943711023622045
11
6.5991122440944876
21
-4.894812007874016
0
LINE
8
BLACK
6
CONTINUOUS
10
6.5991122440944876
20
-4.894812007874016
11
6.5979601181102359
21
-4.894812007874016
0
LINE
8
BLACK
6
CONTINUOUS
10
6.5979601181102359
20
-4.894812007874016
11
6.5968957086614175
21
-4.8943711023622045
0
LINE
8
BLACK
6
CONTINUOUS
10
6.5968957086614175
20
-4.8943711023622045
11
6.596081062992126
21
-4.8935564566929131
0
LINE
8
BLACK
6
CONTINUOUS
10
6.596081062992126
20
-4.8935564566929131
11
6.5956401574803145
21
-4.8924920472440947
0
LINE
8
BLACK
6
CONTINUOUS
10
6.5956401574803145
20
-4.8924920472440947
11
6.5955834251968506
21
-4.8919159842519688
0
LINE
8
BLACK
6
CONTINUOUS
10
6.5955834251968506
20
-4.8919159842519688
11
6.5955834251968506
21
-4.8844169291338577
0
LINE
8
BLACK
6
CONTINUOUS
10
6.5955834251968506
20
-4.8844169291338577
11
6.5956401574803145
21
-4.8838408661417319
0
LINE
8
BLACK
6
CONTINUOUS
10
6.5956401574803145
20
-4.8838408661417319
11
6.5956807480314961
21
-4.8837428346456688
0
LINE
8
BLACK
6
CONTINUOUS
10
6.5956807480314961
20
-4.8837428346456688
11
6.5956882677165352
21
-4.8836370472440942
0
LINE
8
BLACK
6
CONTINUOUS
10
6.5956882677165352
20
-4.8836370472440942
11
6.5958951574803146
21
-4.8830964173228342
0
LINE
8
BLACK
6
CONTINUOUS
10
6.5958951574803146
20
-4.8830964173228342
11
6.5977699212598422
21
-4.8793468897637791
0
LINE
8
BLACK
6
CONTINUOUS
10
6.5977699212598422
20
-4.8793468897637791
11
6.597925984251968
21
-4.8790988582677164
0
LINE
8
BLACK
6
CONTINUOUS
10
6.597925984251968
20
-4.8790988582677164
11
6.5979558267716536
21
-4.8790269291338584
0
LINE
8
BLACK
6
CONTINUOUS
10
6.5979558267716536
20
-4.8790269291338584
11
6.5980222834645668
21
-4.8789459448818899
0
LINE
8
BLACK
6
CONTINUOUS
10
6.5980222834645668
20
-4.8789459448818899
11
6.5980782677165353
21
-4.8788570078740152
0
LINE
8
BLACK
6
CONTINUOUS
10
6.5980782677165353
20
-4.8788570078740152
11
6.5981372440944881
21
-4.8788058267716536
0
LINE
8
BLACK
6
CONTINUOUS
10
6.5981372440944881
20
-4.8788058267716536
11
6.5983230314960633
21
-4.8785794881889766
0
LINE
8
BLACK
6
CONTINUOUS
10
6.5983230314960633
20
-4.8785794881889766
11
6.6001977952755908
21
-4.876704724409449
0
LINE
8
BLACK
6
CONTINUOUS
10
6.6001977952755908
20
-4.876704724409449
11
6.60019937007874
21
-4.8767033858267714
0
LINE
8
BLACK
6
CONTINUOUS
10
6.60019937007874
20
-4.8767033858267714
11
6.6001999606299213
21
-4.8767025590551176
0
LINE
8
BLACK
6
CONTINUOUS
10
6.6001999606299213
20
-4.8767025590551176
11
6.6004299212598427
21
-4.8765142125984253
0
LINE
8
BLACK
6
CONTINUOUS
10
6.6004299212598427
20
-4.8765142125984253
11
6.6006452362204726
21
-4.8763375196850394
0
LINE
8
BLACK
6
CONTINUOUS
10
6.6006452362204726
20
-4.8763375196850394
11
6.6006461023622043
21
-4.8763371259842518
0
LINE
8
BLACK
6
CONTINUOUS
10
6.6006461023622043
20
-4.8763371259842518
11
6.6006477952755906
21
-4.8763357874015743
0
LINE
8
BLACK
6
CONTINUOUS
10
6.6006477952755906
20
-4.8763357874015743
11
6.6062721259842521
21
-4.8725862598425191
0
LINE
8
BLACK
6
CONTINUOUS
10
6.6062721259842521
20
-4.8725862598425191
11
6.6065899999999997
21
-4.8724167716535431
0
LINE
8
BLACK
6
CONTINUOUS
10
6.6065899999999997
20
-4.8724167716535431
11
6.60664874015748
21
-4.8723732677165357
0
LINE
8
BLACK
6
CONTINUOUS
10
6.60664874015748
20
-4.8723732677165357
11
6.60671811023622
21
-4.8723484645669286
0
LINE
8
BLACK
6
CONTINUOUS
10
6.60671811023622
20
-4.8723484645669286
11
6.6067829133858265
21
-4.8723139370078741
0
LINE
8
BLACK
6
CONTINUOUS
10
6.6067829133858265
20
-4.8723139370078741
11
6.6068543307086616
21
-4.8722998031496063
0
LINE
8
BLACK
6
CONTINUOUS
10
6.6068543307086616
20
-4.8722998031496063
11
6.6071938582677161
21
-4.8721785039370076
0
LINE
8
BLACK
6
CONTINUOUS
10
6.6071938582677161
20
-4.8721785039370076
11
6.6146929133858263
21
-4.87030374015748
0
LINE
8
BLACK
6
CONTINUOUS
10
6.6146929133858263
20
-4.87030374015748
11
6.614792755905512
21
-4.8702889370078735
0
LINE
8
BLACK
6
CONTINUOUS
10
6.614792755905512
20
-4.8702889370078735
11
6.6148329921259839
21
-4.8702723228346452
0
LINE
8
BLACK
6
CONTINUOUS
10
6.6148329921259839
20
-4.8702723228346452
11
6.6150500000000001
21
-4.8702509448818896
0
LINE
8
BLACK
6
CONTINUOUS
10
6.6150500000000001
20
-4.8702509448818896
11
6.6152655118110237
21
-4.8702190944881885
0
LINE
8
BLACK
6
CONTINUOUS
10
6.6152655118110237
20
-4.8702190944881885
11
6.6153085039370074
21
-4.8702254724409446
0
LINE
8
BLACK
6
CONTINUOUS
10
6.6153085039370074
20
-4.8702254724409446
11
6.6154090551181097
21
-4.8702155905511813
0
LINE
8
BLACK
6
CONTINUOUS
10
6.6154090551181097
20
-4.8702155905511813
11
6.6304071653543302
21
-4.8702155905511813
0
LINE
8
BLACK
6
CONTINUOUS
10
6.6304071653543302
20
-4.8702155905511813
11
6.6309832283464569
21
-4.8702723228346452
0
LINE
8
BLACK
6
CONTINUOUS
10
6.6190329133858263
20
-4.8774698425196847
11
6.6178357874015745
21
-4.8786669685039366
0
LINE
8
BLACK
6
CONTINUOUS
10
6.6178357874015745
20
-4.8786669685039366
11
6.6164870472440942
21
-4.8813644488188972
0
LINE
8
BLACK
6
CONTINUOUS
10
6.6164870472440942
20
-4.8813644488188972
11
6.6164870472440942
21
-4.8874694094488191
0
LINE
8
BLACK
6
CONTINUOUS
10
6.6164870472440942
20
-4.8874694094488191
11
6.6178357874015745
21
-4.8901668897637798
0
LINE
8
BLACK
6
CONTINUOUS
10
6.6178357874015745
20
-4.8901668897637798
11
6.6190329133858263
21
-4.8913640157480316
0
LINE
8
BLACK
6
CONTINUOUS
10
6.6190329133858263
20
-4.8913640157480316
11
6.621730393700787
21
-4.8927127559055119
0
LINE
8
BLACK
6
CONTINUOUS
10
6.621730393700787
20
-4.8927127559055119
11
6.6297101181102365
21
-4.8927127559055119
0
LINE
8
BLACK
6
CONTINUOUS
10
6.6297101181102365
20
-4.8927127559055119
11
6.6324075984251971
21
-4.8913639763779528
0
LINE
8
BLACK
6
CONTINUOUS
10
6.6324075984251971
20
-4.8913639763779528
11
6.6336047637795277
21
-4.890166850393701
0
LINE
8
BLACK
6
CONTINUOUS
10
6.6336047637795277
20
-4.890166850393701
11
6.634953503937008
21
-4.8874694094488191
0
LINE
8
BLACK
6
CONTINUOUS
10
6.634953503937008
20
-4.8874694094488191
11
6.634953503937008
21
-4.8813644488188972
0
LINE
8
BLACK
6
CONTINUOUS
10
6.634953503937008
20
-4.8813644488188972
11
6.6336047637795277
21
-4.8786669685039366
0
LINE
8
BLACK
6
CONTINUOUS
10
6.6336047637795277
20
-4.8786669685039366
11
6.6324075984251971
21
-4.8774698425196847
0
LINE
8
BLACK
6
CONTINUOUS
10
6.6324075984251971
20
-4.8774698425196847
11
6.6297101181102365
21
-4.8761211023622044
0
LINE
8
BLACK
6
CONTINUOUS
10
6.6297101181102365
20
-4.8761211023622044
11
6.621730393700787
21
-4.8761211023622044
0
LINE
8
BLACK
6
CONTINUOUS
10
6.621730393700787
20
-4.8761211023622044
11
6.6190329133858263
21
-4.8774698425196847
0
LINE
8
BLACK
6
CONTINUOUS
10
6.2054465354330706
20
-4.8587306299212596
11
6.2064770472440944
21
-4.8592459055118109
0
LINE
8
BLACK
6
CONTINUOUS
10
6.2064770472440944
20
-4.8592459055118109
11
6.2072318897637793
21
-4.8601162598425196
0
LINE
8
BLACK
6
CONTINUOUS
10
6.2072318897637793
20
-4.8601162598425196
11
6.2075962204724409
21
-4.8612092519685035
0
LINE
8
BLACK
6
CONTINUOUS
10
6.2075962204724409
20
-4.8612092519685035
11
6.2075145669291336
21
-4.8623584645669293
0
LINE
8
BLACK
6
CONTINUOUS
10
6.2075145669291336
20
-4.8623584645669293
11
6.2073076771653541
21
-4.8628990551181097
0
LINE
8
BLACK
6
CONTINUOUS
10
6.2073076771653541
20
-4.8628990551181097
11
6.2054329133858266
21
-4.8666485826771648
0
LINE
8
BLACK
6
CONTINUOUS
10
6.2054329133858266
20
-4.8666485826771648
11
6.2052768897637796
21
-4.8668963779527559
0
LINE
8
BLACK
6
CONTINUOUS
10
6.2052768897637796
20
-4.8668963779527559
11
6.2052470472440939
21
-4.8669685433070864
0
LINE
8
BLACK
6
CONTINUOUS
10
6.2052470472440939
20
-4.8669685433070864
11
6.2051804330708658
21
-4.8670496850393699
0
LINE
8
BLACK
6
CONTINUOUS
10
6.2051804330708658
20
-4.8670496850393699
11
6.2051245669291335
21
-4.8671384645669287
0
LINE
8
BLACK
6
CONTINUOUS
10
6.2051245669291335
20
-4.8671384645669287
11
6.2050656299212594
21
-4.8671895669291336
0
LINE
8
BLACK
6
CONTINUOUS
10
6.2050656299212594
20
-4.8671895669291336
11
6.2048798031496064
21
-4.8674159842519682
0
LINE
8
BLACK
6
CONTINUOUS
10
6.2048798031496064
20
-4.8674159842519682
11
6.2024214173228343
21
-4.8698743700787404
0
LINE
8
BLACK
6
CONTINUOUS
10
6.2024214173228343
20
-4.8698743700787404
11
6.2298353937007871
21
-4.8698743700787404
0
LINE
8
BLACK
6
CONTINUOUS
10
6.2298353937007871
20
-4.8698743700787404
11
6.2298353937007871
21
-4.8615785433070862
0
LINE
8
BLACK
6
CONTINUOUS
10
6.2298353937007871
20
-4.8615785433070862
11
6.2298921259842519
21
-4.8610024803149603
0
LINE
8
BLACK
6
CONTINUOUS
10
6.2298921259842519
20
-4.8610024803149603
11
6.2303330314960625
21
-4.8599380708661419
0
LINE
8
BLACK
6
CONTINUOUS
10
6.2303330314960625
20
-4.8599380708661419
11
6.231147677165354
21
-4.8591234251968505
0
LINE
8
BLACK
6
CONTINUOUS
10
6.231147677165354
20
-4.8591234251968505
11
6.2322120866141733
21
-4.8586825196850389
0
LINE
8
BLACK
6
CONTINUOUS
10
6.2322120866141733
20
-4.8586825196850389
11
6.233364212598425
21
-4.8586825196850389
0
LINE
8
BLACK
6
CONTINUOUS
10
6.233364212598425
20
-4.8586825196850389
11
6.2344286220472442
21
-4.8591234251968505
0
LINE
8
BLACK
6
CONTINUOUS
10
6.2344286220472442
20
-4.8591234251968505
11
6.2352432677165357
21
-4.8599380708661419
0
LINE
8
BLACK
6
CONTINUOUS
10
6.2352432677165357
20
-4.8599380708661419
11
6.2356841732283463
21
-4.8610024803149603
0
LINE
8
BLACK
6
CONTINUOUS
10
6.2356841732283463
20
-4.8610024803149603
11
6.2357409055118111
21
-4.8615785433070862
0
LINE
8
BLACK
6
CONTINUOUS
10
6.2357409055118111
20
-4.8615785433070862
11
6.2357409055118111
21
-4.8840757086614168
0
LINE
8
BLACK
6
CONTINUOUS
10
6.2357409055118111
20
-4.8840757086614168
11
6.2356841732283463
21
-4.8846517716535436
0
LINE
8
BLACK
6
CONTINUOUS
10
6.2356841732283463
20
-4.8846517716535436
11
6.2352432677165357
21
-4.8857161811023619
0
LINE
8
BLACK
6
CONTINUOUS
10
6.2352432677165357
20
-4.8857161811023619
11
6.2344286220472442
21
-4.8865308267716534
0
LINE
8
BLACK
6
CONTINUOUS
10
6.2344286220472442
20
-4.8865308267716534
11
6.233364212598425
21
-4.886971732283464
0
LINE
8
BLACK
6
CONTINUOUS
10
6.233364212598425
20
-4.886971732283464
11
6.2322120866141733
21
-4.886971732283464
0
LINE
8
BLACK
6
CONTINUOUS
10
6.2322120866141733
20
-4.886971732283464
11
6.231147677165354
21
-4.8865308267716534
0
LINE
8
BLACK
6
CONTINUOUS
10
6.231147677165354
20
-4.8865308267716534
11
6.2303330314960625
21
-4.8857161811023619
0
LINE
8
BLACK
6
CONTINUOUS
10
6.2303330314960625
20
-4.8857161811023619
11
6.2298921259842519
21
-4.8846517716535436
0
LINE
8
BLACK
6
CONTINUOUS
10
6.2298921259842519
20
-4.8846517716535436
11
6.2298353937007871
21
-4.8840757086614168
0
LINE
8
BLACK
6
CONTINUOUS
10
6.2298353937007871
20
-4.8840757086614168
11
6.2298353937007871
21
-4.8757798818897635
0
LINE
8
BLACK
6
CONTINUOUS
10
6.2298353937007871
20
-4.8757798818897635
11
6.1934180708661417
21
-4.8757798818897635
0
LINE
8
BLACK
6
CONTINUOUS
10
6.1934180708661417
20
-4.8757798818897635
11
6.1934159842519687
21
-4.875779645669291
0
LINE
8
BLACK
6
CONTINUOUS
10
6.1934159842519687
20
-4.875779645669291
11
6.1934149606299211
21
-4.8757798818897635
0
LINE
8
BLACK
6
CONTINUOUS
10
6.1934149606299211
20
-4.8757798818897635
11
6.1934119291338581
21
-4.8757792519685035
0
LINE
8
BLACK
6
CONTINUOUS
10
6.1934119291338581
20
-4.8757792519685035
11
6.1928420078740158
21
-4.8757231496062987
0
LINE
8
BLACK
6
CONTINUOUS
10
6.1928420078740158
20
-4.8757231496062987
11
6.1925718897637791
21
-4.8756112598425192
0
LINE
8
BLACK
6
CONTINUOUS
10
6.1925718897637791
20
-4.8756112598425192
11
6.1922852755905513
21
-4.875553937007874
0
LINE
8
BLACK
6
CONTINUOUS
10
6.1922852755905513
20
-4.875553937007874
11
6.192044881889764
21
-4.875392952755905
0
LINE
8
BLACK
6
CONTINUOUS
10
6.192044881889764
20
-4.875392952755905
11
6.1917775984251966
21
-4.8752822440944881
0
LINE
8
BLACK
6
CONTINUOUS
10
6.1917775984251966
20
-4.8752822440944881
11
6.1915708661417321
21
-4.8750755118110236
0
LINE
8
BLACK
6
CONTINUOUS
10
6.1915708661417321
20
-4.8750755118110236
11
6.1913279921259843
21
-4.8749128740157479
0
LINE
8
BLACK
6
CONTINUOUS
10
6.1913279921259843
20
-4.8749128740157479
11
6.1911674803149603
21
-4.8746721259842518
0
LINE
8
BLACK
6
CONTINUOUS
10
6.1911674803149603
20
-4.8746721259842518
11
6.1909629527559051
21
-4.8744675984251966
0
LINE
8
BLACK
6
CONTINUOUS
10
6.1909629527559051
20
-4.8744675984251966
11
6.1908510629921256
21
-4.8741974803149608
0
LINE
8
BLACK
6
CONTINUOUS
10
6.1908510629921256
20
-4.8741974803149608
11
6.190688897637795
21
-4.8739542519685042
0
LINE
8
BLACK
6
CONTINUOUS
10
6.190688897637795
20
-4.8739542519685042
11
6.1906327559055114
21
-4.873670433070866
0
LINE
8
BLACK
6
CONTINUOUS
10
6.1906327559055114
20
-4.873670433070866
11
6.1905220472440945
21
-4.8734031889763783
0
LINE
8
BLACK
6
CONTINUOUS
10
6.1905220472440945
20
-4.8734031889763783
11
6.1905220472440945
21
-4.8731107874015747
0
LINE
8
BLACK
6
CONTINUOUS
10
6.1905220472440945
20
-4.8731107874015747
11
6.1904653149606297
21
-4.8728240157480318
0
LINE
8
BLACK
6
CONTINUOUS
10
6.1904653149606297
20
-4.8728240157480318
11
6.1905220472440945
21
-4.8725403543307086
0
LINE
8
BLACK
6
CONTINUOUS
10
6.1905220472440945
20
-4.8725403543307086
11
6.1905220472440945
21
-4.8722510629921256
0
LINE
8
BLACK
6
CONTINUOUS
10
6.1905220472440945
20
-4.8722510629921256
11
6.1906338976377953
21
-4.8719809448818898
0
LINE
8
BLACK
6
CONTINUOUS
10
6.1906338976377953
20
-4.8719809448818898
11
6.1906912598425192
21
-4.8716943307086611
0
LINE
8
BLACK
6
CONTINUOUS
10
6.1906912598425192
20
-4.8716943307086611
11
6.1908522047244094
21
-4.8714539370078738
0
LINE
8
BLACK
6
CONTINUOUS
10
6.1908522047244094
20
-4.8714539370078738
11
6.1909629527559051
21
-4.8711866535433073
0
LINE
8
BLACK
6
CONTINUOUS
10
6.1909629527559051
20
-4.8711866535433073
11
6.1911696456692908
21
-4.8709799212598428
0
LINE
8
BLACK
6
CONTINUOUS
10
6.1911696456692908
20
-4.8709799212598428
11
6.1913323228346453
21
-4.8707370472440941
0
LINE
8
BLACK
6
CONTINUOUS
10
6.1913323228346453
20
-4.8707370472440941
11
6.1917755511811023
21
-4.8703740157480313
0
LINE
8
BLACK
6
CONTINUOUS
10
6.1917755511811023
20
-4.8703740157480313
11
6.1917775984251966
21
-4.8703720078740158
0
LINE
8
BLACK
6
CONTINUOUS
10
6.1917775984251966
20
-4.8703720078740158
11
6.1917784645669292
21
-4.8703716141732283
0
LINE
8
BLACK
6
CONTINUOUS
10
6.1917784645669292
20
-4.8703716141732283
11
6.1917801574803146
21
-4.8703702755905507
0
LINE
8
BLACK
6
CONTINUOUS
10
6.1917801574803146
20
-4.8703702755905507
11
6.1971611811023619
21
-4.8667829133858262
0
LINE
8
BLACK
6
CONTINUOUS
10
6.1971611811023619
20
-4.8667829133858262
11
6.2003651574803147
21
-4.8635789763779522
0
LINE
8
BLACK
6
CONTINUOUS
10
6.2003651574803147
20
-4.8635789763779522
11
6.2020256299212599
21
-4.8602580314960626
0
LINE
8
BLACK
6
CONTINUOUS
10
6.2020256299212599
20
-4.8602580314960626
11
6.202333976377953
21
-4.8597681496062988
0
LINE
8
BLACK
6
CONTINUOUS
10
6.202333976377953
20
-4.8597681496062988
11
6.2032043700787396
21
-4.8590133070866139
0
LINE
8
BLACK
6
CONTINUOUS
10
6.2032043700787396
20
-4.8590133070866139
11
6.2042973228346456
21
-4.8586489763779523
0
LINE
8
BLACK
6
CONTINUOUS
10
6.2042973228346456
20
-4.8586489763779523
11
6.2054465354330706
21
-4.8587306299212596
0
LINE
8
BLACK
6
CONTINUOUS
10
6.1152451968503936
20
-4.8779750787401577
11
6.1165236220472439
21
-4.879253503937008
0
LINE
8
BLACK
6
CONTINUOUS
10
6.1165236220472439
20
-4.879253503937008
11
6.1165236220472439
21
-4.8810614566929136
0
LINE
8
BLACK
6
CONTINUOUS
10
6.1165236220472439
20
-4.8810614566929136
11
6.1152451968503936
21
-4.8823398818897639
0
LINE
8
BLACK
6
CONTINUOUS
10
6.1152451968503936
20
-4.8823398818897639
11
6.1143412204724408
21
-4.8825196850393704
0
LINE
8
BLACK
6
CONTINUOUS
10
6.1143412204724408
20
-4.8825196850393704
11
6.1008556299212593
21
-4.8825196850393704
0
LINE
8
BLACK
6
CONTINUOUS
10
6.1008556299212593
20
-4.8825196850393704
11
6.0999516535433074
21
-4.8823398818897639
0
LINE
8
BLACK
6
CONTINUOUS
10
6.0999516535433074
20
-4.8823398818897639
11
6.0986732283464562
21
-4.8810614566929136
0
LINE
8
BLACK
6
CONTINUOUS
10
6.0986732283464562
20
-4.8810614566929136
11
6.0986732283464562
21
-4.879253503937008
0
LINE
8
BLACK
6
CONTINUOUS
10
6.0986732283464562
20
-4.879253503937008
11
6.0999516535433074
21
-4.8779750787401577
0
LINE
8
BLACK
6
CONTINUOUS
10
6.0999516535433074
20
-4.8779750787401577
11
6.1008556299212593
21
-4.8777952755905511
0
LINE
8
BLACK
6
CONTINUOUS
10
6.1008556299212593
20
-4.8777952755905511
11
6.1143412204724408
21
-4.8777952755905511
0
LINE
8
BLACK
6
CONTINUOUS
10
6.1143412204724408
20
-4.8777952755905511
11
6.1152451968503936
21
-4.8779750787401577
0
LINE
8
BLACK
6
CONTINUOUS
10
6.6105646456692915
20
-4.832825118110236
11
6.6115951574803145
21
-4.8333403937007873
0
LINE
8
BLACK
6
CONTINUOUS
10
6.6115951574803145
20
-4.8333403937007873
11
6.6123500000000002
21
-4.834210748031496
0
LINE
8
BLACK
6
CONTINUOUS
10
6.6123500000000002
20
-4.834210748031496
11
6.6127143307086609
21
-4.8353037401574799
0
LINE
8
BLACK
6
CONTINUOUS
10
6.6127143307086609
20
-4.8353037401574799
11
6.6126326771653545
21
-4.8364529527559057
0
LINE
8
BLACK
6
CONTINUOUS
10
6.6126326771653545
20
-4.8364529527559057
11
6.6124257874015751
21
-4.8369935433070861
0
LINE
8
BLACK
6
CONTINUOUS
10
6.6124257874015751
20
-4.8369935433070861
11
6.6105510236220475
21
-4.8407430708661412
0
LINE
8
BLACK
6
CONTINUOUS
10
6.6105510236220475
20
-4.8407430708661412
11
6.6103949999999996
21
-4.8409908661417322
0
LINE
8
BLACK
6
CONTINUOUS
10
6.6103949999999996
20
-4.8409908661417322
11
6.6103651574803148
21
-4.8410630314960628
0
LINE
8
BLACK
6
CONTINUOUS
10
6.6103651574803148
20
-4.8410630314960628
11
6.6102985433070867
21
-4.8411441732283462
0
LINE
8
BLACK
6
CONTINUOUS
10
6.6102985433070867
20
-4.8411441732283462
11
6.6102426771653544
21
-4.841232952755905
0
LINE
8
BLACK
6
CONTINUOUS
10
6.6102426771653544
20
-4.841232952755905
11
6.6101837401574803
21
-4.84128405511811
0
LINE
8
BLACK
6
CONTINUOUS
10
6.6101837401574803
20
-4.84128405511811
11
6.6099979133858264
21
-4.8415104724409446
0
LINE
8
BLACK
6
CONTINUOUS
10
6.6099979133858264
20
-4.8415104724409446
11
6.6075395275590552
21
-4.8439688582677167
0
LINE
8
BLACK
6
CONTINUOUS
10
6.6075395275590552
20
-4.8439688582677167
11
6.634953503937008
21
-4.8439688582677167
0
LINE
8
BLACK
6
CONTINUOUS
10
6.634953503937008
20
-4.8439688582677167
11
6.634953503937008
21
-4.8356730314960625
0
LINE
8
BLACK
6
CONTINUOUS
10
6.634953503937008
20
-4.8356730314960625
11
6.6350102362204719
21
-4.8350969685039367
0
LINE
8
BLACK
6
CONTINUOUS
10
6.6350102362204719
20
-4.8350969685039367
11
6.6354511417322835
21
-4.8340325590551183
0
LINE
8
BLACK
6
CONTINUOUS
10
6.6354511417322835
20
-4.8340325590551183
11
6.6362657874015749
21
-4.8332179133858268
0
LINE
8
BLACK
6
CONTINUOUS
10
6.6362657874015749
20
-4.8332179133858268
11
6.6373301968503933
21
-4.8327770078740153
0
LINE
8
BLACK
6
CONTINUOUS
10
6.6373301968503933
20
-4.8327770078740153
11
6.6384823228346459
21
-4.8327770078740153
0
LINE
8
BLACK
6
CONTINUOUS
10
6.6384823228346459
20
-4.8327770078740153
11
6.6395467322834643
21
-4.8332179133858268
0
LINE
8
BLACK
6
CONTINUOUS
10
6.6395467322834643
20
-4.8332179133858268
11
6.6403613779527557
21
-4.8340325590551183
0
LINE
8
BLACK
6
CONTINUOUS
10
6.6403613779527557
20
-4.8340325590551183
11
6.6408022834645664
21
-4.8350969685039367
0
LINE
8
BLACK
6
CONTINUOUS
10
6.6408022834645664
20
-4.8350969685039367
11
6.6408590157480312
21
-4.8356730314960625
0
LINE
8
BLACK
6
CONTINUOUS
10
6.6408590157480312
20
-4.8356730314960625
11
6.6408590157480312
21
-4.8581701968503932
0
LINE
8
BLACK
6
CONTINUOUS
10
6.6408590157480312
20
-4.8581701968503932
11
6.6408022834645664
21
-4.85874625984252
0
LINE
8
BLACK
6
CONTINUOUS
10
6.6408022834645664
20
-4.85874625984252
11
6.6403613779527557
21
-4.8598106692913383
0
LINE
8
BLACK
6
CONTINUOUS
10
6.6403613779527557
20
-4.8598106692913383
11
6.6395467322834643
21
-4.8606253149606298
0
LINE
8
BLACK
6
CONTINUOUS
10
6.6395467322834643
20
-4.8606253149606298
11
6.6384823228346459
21
-4.8610662204724404
0
LINE
8
BLACK
6
CONTINUOUS
10
6.6384823228346459
20
-4.8610662204724404
11
6.6373301968503933
21
-4.8610662204724404
0
LINE
8
BLACK
6
CONTINUOUS
10
6.6373301968503933
20
-4.8610662204724404
11
6.6362657874015749
21
-4.8606253149606298
0
LINE
8
BLACK
6
CONTINUOUS
10
6.6362657874015749
20
-4.8606253149606298
11
6.6354511417322835
21
-4.8598106692913383
0
LINE
8
BLACK
6
CONTINUOUS
10
6.6354511417322835
20
-4.8598106692913383
11
6.6350102362204719
21
-4.85874625984252
0
LINE
8
BLACK
6
CONTINUOUS
10
6.6350102362204719
20
-4.85874625984252
11
6.634953503937008
21
-4.8581701968503932
0
LINE
8
BLACK
6
CONTINUOUS
10
6.634953503937008
20
-4.8581701968503932
11
6.634953503937008
21
-4.8498743700787399
0
LINE
8
BLACK
6
CONTINUOUS
10
6.634953503937008
20
-4.8498743700787399
11
6.5985361811023617
21
-4.8498743700787399
0
LINE
8
BLACK
6
CONTINUOUS
10
6.5985361811023617
20
-4.8498743700787399
11
6.5985340944881887
21
-4.8498741338582674
0
LINE
8
BLACK
6
CONTINUOUS
10
6.5985340944881887
20
-4.8498741338582674
11
6.5985330708661412
21
-4.8498743700787399
0
LINE
8
BLACK
6
CONTINUOUS
10
6.5985330708661412
20
-4.8498743700787399
11
6.598530039370079
21
-4.8498737401574799
0
LINE
8
BLACK
6
CONTINUOUS
10
6.598530039370079
20
-4.8498737401574799
11
6.5979601181102359
21
-4.8498176377952751
0
LINE
8
BLACK
6
CONTINUOUS
10
6.5979601181102359
20
-4.8498176377952751
11
6.5976900000000001
21
-4.8497057480314956
0
LINE
8
BLACK
6
CONTINUOUS
10
6.5976900000000001
20
-4.8497057480314956
11
6.5974033858267713
21
-4.8496484251968504
0
LINE
8
BLACK
6
CONTINUOUS
10
6.5974033858267713
20
-4.8496484251968504
11
6.597162992125984
21
-4.8494874409448814
0
LINE
8
BLACK
6
CONTINUOUS
10
6.597162992125984
20
-4.8494874409448814
11
6.5968957086614175
21
-4.8493767322834644
0
LINE
8
BLACK
6
CONTINUOUS
10
6.5968957086614175
20
-4.8493767322834644
11
6.596688976377953
21
-4.84917
0
LINE
8
BLACK
6
CONTINUOUS
10
6.596688976377953
20
-4.84917
11
6.5964461023622043
21
-4.8490073622047243
0
LINE
8
BLACK
6
CONTINUOUS
10
6.5964461023622043
20
-4.8490073622047243
11
6.5962855905511812
21
-4.8487666141732282
0
LINE
8
BLACK
6
CONTINUOUS
10
6.5962855905511812
20
-4.8487666141732282
11
6.596081062992126
21
-4.848562086614173
0
LINE
8
BLACK
6
CONTINUOUS
10
6.596081062992126
20
-4.848562086614173
11
6.5959691732283465
21
-4.8482919685039372
0
LINE
8
BLACK
6
CONTINUOUS
10
6.5959691732283465
20
-4.8482919685039372
11
6.5958070078740159
21
-4.8480487401574806
0
LINE
8
BLACK
6
CONTINUOUS
10
6.5958070078740159
20
-4.8480487401574806
11
6.5957508661417323
21
-4.8477649212598424
0
LINE
8
BLACK
6
CONTINUOUS
10
6.5957508661417323
20
-4.8477649212598424
11
6.5956401574803145
21
-4.8474976771653546
0
LINE
8
BLACK
6
CONTINUOUS
10
6.5956401574803145
20
-4.8474976771653546
11
6.5956401574803145
21
-4.847205275590551
0
LINE
8
BLACK
6
CONTINUOUS
10
6.5956401574803145
20
-4.847205275590551
11
6.5955834251968506
21
-4.8469185039370082
0
LINE
8
BLACK
6
CONTINUOUS
10
6.5955834251968506
20
-4.8469185039370082
11
6.5956401574803145
21
-4.846634842519685
0
LINE
8
BLACK
6
CONTINUOUS
10
6.5956401574803145
20
-4.846634842519685
11
6.5956401574803145
21
-4.846345551181102
0
LINE
8
BLACK
6
CONTINUOUS
10
6.5956401574803145
20
-4.846345551181102
11
6.5957520078740153
21
-4.8460754330708662
0
LINE
8
BLACK
6
CONTINUOUS
10
6.5957520078740153
20
-4.8460754330708662
11
6.5958093700787401
21
-4.8457888188976375
0
LINE
8
BLACK
6
CONTINUOUS
10
6.5958093700787401
20
-4.8457888188976375
11
6.5959703149606295
21
-4.8455484251968501
0
LINE
8
BLACK
6
CONTINUOUS
10
6.5959703149606295
20
-4.8455484251968501
11
6.596081062992126
21
-4.8452811417322836
0
LINE
8
BLACK
6
CONTINUOUS
10
6.596081062992126
20
-4.8452811417322836
11
6.5962877559055118
21
-4.8450744094488192
0
LINE
8
BLACK
6
CONTINUOUS
10
6.5962877559055118
20
-4.8450744094488192
11
6.5964504330708662
21
-4.8448315354330704
0
LINE
8
BLACK
6
CONTINUOUS
10
6.5964504330708662
20
-4.8448315354330704
11
6.5968936614173224
21
-4.8444685039370077
0
LINE
8
BLACK
6
CONTINUOUS
10
6.5968936614173224
20
-4.8444685039370077
11
6.5968957086614175
21
-4.8444664960629922
0
LINE
8
BLACK
6
CONTINUOUS
10
6.5968957086614175
20
-4.8444664960629922
11
6.5968965748031492
21
-4.8444661023622047
0
LINE
8
BLACK
6
CONTINUOUS
10
6.5968965748031492
20
-4.8444661023622047
11
6.5968982677165355
21
-4.8444647637795271
0
LINE
8
BLACK
6
CONTINUOUS
10
6.5968982677165355
20
-4.8444647637795271
11
6.6022792913385828
21
-4.8408774015748026
0
LINE
8
BLACK
6
CONTINUOUS
10
6.6022792913385828
20
-4.8408774015748026
11
6.6054832677165356
21
-4.8376734645669286
0
LINE
8
BLACK
6
CONTINUOUS
10
6.6054832677165356
20
-4.8376734645669286
11
6.60714374015748
21
-4.834352519685039
0
LINE
8
BLACK
6
CONTINUOUS
10
6.60714374015748
20
-4.834352519685039
11
6.607452086614173
21
-4.8338626377952751
0
LINE
8
BLACK
6
CONTINUOUS
10
6.607452086614173
20
-4.8338626377952751
11
6.6083224803149605
21
-4.8331077952755903
0
LINE
8
BLACK
6
CONTINUOUS
10
6.6083224803149605
20
-4.8331077952755903
11
6.6094154330708657
21
-4.8327434645669287
0
LINE
8
BLACK
6
CONTINUOUS
10
6.6094154330708657
20
-4.8327434645669287
11
6.6105646456692915
21
-4.832825118110236
0
LINE
8
BLACK
6
CONTINUOUS
10
5.7158302755905508
20
-4.8301861023622044
11
5.7163038188976376
21
-4.8301861023622044
0
LINE
8
BLACK
6
CONTINUOUS
10
5.7163038188976376
20
-4.8301861023622044
11
5.7164018897637794
21
-4.8302267322834647
0
LINE
8
BLACK
6
CONTINUOUS
10
5.7164018897637794
20
-4.8302267322834647
11
5.7165076377952753
21
-4.8302342519685038
0
LINE
8
BLACK
6
CONTINUOUS
10
5.7165076377952753
20
-4.8302342519685038
11
5.7169307480314959
21
-4.8304457874015743
0
LINE
8
BLACK
6
CONTINUOUS
10
5.7169307480314959
20
-4.8304457874015743
11
5.7173682283464569
21
-4.8306270078740159
0
LINE
8
BLACK
6
CONTINUOUS
10
5.7173682283464569
20
-4.8306270078740159
11
5.7174432283464567
21
-4.8307020078740157
0
LINE
8
BLACK
6
CONTINUOUS
10
5.7174432283464567
20
-4.8307020078740157
11
5.7175381102362204
21
-4.8307494488188976
0
LINE
8
BLACK
6
CONTINUOUS
10
5.7175381102362204
20
-4.8307494488188976
11
5.7178481102362202
21
-4.8311068897637792
0
LINE
8
BLACK
6
CONTINUOUS
10
5.7178481102362202
20
-4.8311068897637792
11
5.7181828740157483
21
-4.8314416535433073
0
LINE
8
BLACK
6
CONTINUOUS
10
5.7181828740157483
20
-4.8314416535433073
11
5.718223464566929
21
-4.8315396850393704
0
LINE
8
BLACK
6
CONTINUOUS
10
5.718223464566929
20
-4.8315396850393704
11
5.718292992125984
21
-4.831619842519685
0
LINE
8
BLACK
6
CONTINUOUS
10
5.718292992125984
20
-4.831619842519685
11
5.718442598425197
21
-4.8320686614173232
0
LINE
8
BLACK
6
CONTINUOUS
10
5.718442598425197
20
-4.8320686614173232
11
5.718623779527559
21
-4.8325060629921257
0
LINE
8
BLACK
6
CONTINUOUS
10
5.718623779527559
20
-4.8325060629921257
11
5.7186385826771655
21
-4.8326566929133854
0
LINE
8
BLACK
6
CONTINUOUS
10
5.7186385826771655
20
-4.8326566929133854
11
5.7186573228346456
21
-4.8327128346456689
0
LINE
8
BLACK
6
CONTINUOUS
10
5.7186573228346456
20
-4.8327128346456689
11
5.7186517716535432
21
-4.8327905511811027
0
LINE
8
BLACK
6
CONTINUOUS
10
5.7186517716535432
20
-4.8327905511811027
11
5.7186805118110238
21
-4.8330821259842516
0
LINE
8
BLACK
6
CONTINUOUS
10
5.7186805118110238
20
-4.8330821259842516
11
5.7186805118110238
21
-4.848877007874016
0
LINE
8
BLACK
6
CONTINUOUS
10
5.7186805118110238
20
-4.848877007874016
11
5.7288511417322834
21
-4.848877007874016
0
LINE
8
BLACK
6
CONTINUOUS
10
5.7288511417322834
20
-4.848877007874016
11
5.7294272047244093
21
-4.8489337401574799
0
LINE
8
BLACK
6
CONTINUOUS
10
5.7294272047244093
20
-4.8489337401574799
11
5.7304916141732285
21
-4.8493746456692914
0
LINE
8
BLACK
6
CONTINUOUS
10
5.7304916141732285
20
-4.8493746456692914
11
5.73130625984252
21
-4.8501892913385829
0
LINE
8
BLACK
6
CONTINUOUS
10
5.73130625984252
20
-4.8501892913385829
11
5.7317471653543306
21
-4.8512537007874013
0
LINE
8
BLACK
6
CONTINUOUS
10
5.7317471653543306
20
-4.8512537007874013
11
5.7317471653543306
21
-4.852405826771653
0
LINE
8
BLACK
6
CONTINUOUS
10
5.7317471653543306
20
-4.852405826771653
11
5.73130625984252
21
-4.8534702362204722
0
LINE
8
BLACK
6
CONTINUOUS
10
5.73130625984252
20
-4.8534702362204722
11
5.7304916141732285
21
-4.8542848818897637
0
LINE
8
BLACK
6
CONTINUOUS
10
5.7304916141732285
20
-4.8542848818897637
11
5.7294272047244093
21
-4.8547257874015743
0
LINE
8
BLACK
6
CONTINUOUS
10
5.7294272047244093
20
-4.8547257874015743
11
5.7288511417322834
21
-4.8547825196850392
0
LINE
8
BLACK
6
CONTINUOUS
10
5.7288511417322834
20
-4.8547825196850392
11
5.7186805118110238
21
-4.8547825196850392
0
LINE
8
BLACK
6
CONTINUOUS
10
5.7186805118110238
20
-4.8547825196850392
11
5.7186805118110238
21
-4.8574540551181098
0
LINE
8
BLACK
6
CONTINUOUS
10
5.7186805118110238
20
-4.8574540551181098
11
5.718623779527559
21
-4.8580301181102366
0
LINE
8
BLACK
6
CONTINUOUS
10
5.718623779527559
20
-4.8580301181102366
11
5.7181828740157483
21
-4.8590945275590549
0
LINE
8
BLACK
6
CONTINUOUS
10
5.7181828740157483
20
-4.8590945275590549
11
5.7173682283464569
21
-4.8599091732283464
0
LINE
8
BLACK
6
CONTINUOUS
10
5.7173682283464569
20
-4.8599091732283464
11
5.7163038188976376
21
-4.860350078740157
0
LINE
8
BLACK
6
CONTINUOUS
10
5.7163038188976376
20
-4.860350078740157
11
5.7151516929133859
21
-4.860350078740157
0
LINE
8
BLACK
6
CONTINUOUS
10
5.7151516929133859
20
-4.860350078740157
11
5.7140872834645666
21
-4.8599091732283464
0
LINE
8
BLACK
6
CONTINUOUS
10
5.7140872834645666
20
-4.8599091732283464
11
5.7132726377952752
21
-4.8590945275590549
0
LINE
8
BLACK
6
CONTINUOUS
10
5.7132726377952752
20
-4.8590945275590549
11
5.7128317322834645
21
-4.8580301181102366
0
LINE
8
BLACK
6
CONTINUOUS
10
5.7128317322834645
20
-4.8580301181102366
11
5.7127749999999997
21
-4.8574540551181098
0
LINE
8
BLACK
6
CONTINUOUS
10
5.7127749999999997
20
-4.8574540551181098
11
5.7127749999999997
21
-4.8547825196850392
0
LINE
8
BLACK
6
CONTINUOUS
10
5.7127749999999997
20
-4.8547825196850392
11
5.7026044094488189
21
-4.8547825196850392
0
LINE
8
BLACK
6
CONTINUOUS
10
5.7026044094488189
20
-4.8547825196850392
11
5.702028346456693
21
-4.8547257874015743
0
LINE
8
BLACK
6
CONTINUOUS
10
5.702028346456693
20
-4.8547257874015743
11
5.7009639370078737
21
-4.8542848818897637
0
LINE
8
BLACK
6
CONTINUOUS
10
5.7009639370078737
20
-4.8542848818897637
11
5.7001492913385823
21
-4.8534702362204722
0
LINE
8
BLACK
6
CONTINUOUS
10
5.7001492913385823
20
-4.8534702362204722
11
5.6997083858267716
21
-4.852405826771653
0
LINE
8
BLACK
6
CONTINUOUS
10
5.6997083858267716
20
-4.852405826771653
11
5.6997083858267716
21
-4.8512537007874013
0
LINE
8
BLACK
6
CONTINUOUS
10
5.6997083858267716
20
-4.8512537007874013
11
5.7001492913385823
21
-4.8501892913385829
0
LINE
8
BLACK
6
CONTINUOUS
10
5.7001492913385823
20
-4.8501892913385829
11
5.7009639370078737
21
-4.8493746456692914
0
LINE
8
BLACK
6
CONTINUOUS
10
5.7009639370078737
20
-4.8493746456692914
11
5.702028346456693
21
-4.8489337401574799
0
LINE
8
BLACK
6
CONTINUOUS
10
5.702028346456693
20
-4.8489337401574799
11
5.7026044094488189
21
-4.848877007874016
0
LINE
8
BLACK
6
CONTINUOUS
10
5.7026044094488189
20
-4.848877007874016
11
5.7127749999999997
21
-4.848877007874016
0
LINE
8
BLACK
6
CONTINUOUS
10
5.7127749999999997
20
-4.848877007874016
11
5.7127749999999997
21
-4.8371788188976375
0
LINE
8
BLACK
6
CONTINUOUS
10
5.7127749999999997
20
-4.8371788188976375
11
5.6885400393700785
21
-4.8452571653543304
0
LINE
8
BLACK
6
CONTINUOUS
10
5.6885400393700785
20
-4.8452571653543304
11
5.6879755905511811
21
-4.8453855118110232
0
LINE
8
BLACK
6
CONTINUOUS
10
5.6879755905511811
20
-4.8453855118110232
11
5.6868263779527561
21
-4.8453038188976381
0
LINE
8
BLACK
6
CONTINUOUS
10
5.6868263779527561
20
-4.8453038188976381
11
5.6857959448818898
21
-4.8447886220472443
0
LINE
8
BLACK
6
CONTINUOUS
10
5.6857959448818898
20
-4.8447886220472443
11
5.6850410629921262
21
-4.8439182677165356
0
LINE
8
BLACK
6
CONTINUOUS
10
5.6850410629921262
20
-4.8439182677165356
11
5.6846767322834646
21
-4.842825236220472
0
LINE
8
BLACK
6
CONTINUOUS
10
5.6846767322834646
20
-4.842825236220472
11
5.6847584251968506
21
-4.8416760236220471
0
LINE
8
BLACK
6
CONTINUOUS
10
5.6847584251968506
20
-4.8416760236220471
11
5.6852736220472444
21
-4.8406455905511807
0
LINE
8
BLACK
6
CONTINUOUS
10
5.6852736220472444
20
-4.8406455905511807
11
5.6861439763779522
21
-4.8398907086614171
0
LINE
8
BLACK
6
CONTINUOUS
10
5.6861439763779522
20
-4.8398907086614171
11
5.6866725590551184
21
-4.8396547244094483
0
LINE
8
BLACK
6
CONTINUOUS
10
5.6866725590551184
20
-4.8396547244094483
11
5.7147939763779529
21
-4.8302809055118106
0
LINE
8
BLACK
6
CONTINUOUS
10
5.7147939763779529
20
-4.8302809055118106
11
5.7150796062992129
21
-4.83021594488189
0
LINE
8
BLACK
6
CONTINUOUS
10
5.7150796062992129
20
-4.83021594488189
11
5.7151516929133859
21
-4.8301861023622044
0
LINE
8
BLACK
6
CONTINUOUS
10
5.7151516929133859
20
-4.8301861023622044
11
5.7152109055118112
21
-4.8301861023622044
0
LINE
8
BLACK
6
CONTINUOUS
10
5.7152109055118112
20
-4.8301861023622044
11
5.7153584251968503
21
-4.8301525590551178
0
LINE
8
BLACK
6
CONTINUOUS
10
5.7153584251968503
20
-4.8301525590551178
11
5.7158302755905508
21
-4.8301861023622044
0
LINE
8
BLACK
6
CONTINUOUS
10
6.2160157480314959
20
-4.819265590551181
11
6.2160587795275593
21
-4.8192592125984248
0
LINE
8
BLACK
6
CONTINUOUS
10
6.2160587795275593
20
-4.8192592125984248
11
6.2162742519685041
21
-4.819291062992126
0
LINE
8
BLACK
6
CONTINUOUS
10
6.2162742519685041
20
-4.819291062992126
11
6.2164912992125982
21
-4.8193124409448815
0
LINE
8
BLACK
6
CONTINUOUS
10
6.2164912992125982
20
-4.8193124409448815
11
6.2165314960629923
21
-4.8193290551181098
0
LINE
8
BLACK
6
CONTINUOUS
10
6.2165314960629923
20
-4.8193290551181098
11
6.2166313779527558
21
-4.8193438582677164
0
LINE
8
BLACK
6
CONTINUOUS
10
6.2166313779527558
20
-4.8193438582677164
11
6.224130433070866
21
-4.8212186220472439
0
LINE
8
BLACK
6
CONTINUOUS
10
6.224130433070866
20
-4.8212186220472439
11
6.2241729133858268
21
-4.8212337795275593
0
LINE
8
BLACK
6
CONTINUOUS
10
6.2241729133858268
20
-4.8212337795275593
11
6.2241941732283461
21
-4.8212353149606297
0
LINE
8
BLACK
6
CONTINUOUS
10
6.2241941732283461
20
-4.8212353149606297
11
6.2244335826771655
21
-4.8213269291338579
0
LINE
8
BLACK
6
CONTINUOUS
10
6.2244335826771655
20
-4.8213269291338579
11
6.2246755511811021
21
-4.8214133858267711
0
LINE
8
BLACK
6
CONTINUOUS
10
6.2246755511811021
20
-4.8214133858267711
11
6.2246926771653541
21
-4.8214260629921259
0
LINE
8
BLACK
6
CONTINUOUS
10
6.2246926771653541
20
-4.8214260629921259
11
6.2247348031496061
21
-4.8214422047244092
0
LINE
8
BLACK
6
CONTINUOUS
10
6.2247348031496061
20
-4.8214422047244092
11
6.2284843307086613
21
-4.8233169685039368
0
LINE
8
BLACK
6
CONTINUOUS
10
6.2284843307086613
20
-4.8233169685039368
11
6.2287322047244089
21
-4.8234729921259838
0
LINE
8
BLACK
6
CONTINUOUS
10
6.2287322047244089
20
-4.8234729921259838
11
6.2288042519685041
21
-4.8235028346456694
0
LINE
8
BLACK
6
CONTINUOUS
10
6.2288042519685041
20
-4.8235028346456694
11
6.2288852755905513
21
-4.8235693307086613
0
LINE
8
BLACK
6
CONTINUOUS
10
6.2288852755905513
20
-4.8235693307086613
11
6.2289742125984251
21
-4.8236253149606299
0
LINE
8
BLACK
6
CONTINUOUS
10
6.2289742125984251
20
-4.8236253149606299
11
6.2290253543307088
21
-4.8236842913385827
0
LINE
8
BLACK
6
CONTINUOUS
10
6.2290253543307088
20
-4.8236842913385827
11
6.2292517322834646
21
-4.8238700787401569
0
LINE
8
BLACK
6
CONTINUOUS
10
6.2292517322834646
20
-4.8238700787401569
11
6.2330012992125985
21
-4.8276196062992121
0
LINE
8
BLACK
6
CONTINUOUS
10
6.2330012992125985
20
-4.8276196062992121
11
6.2333685433070869
21
-4.8280670472440947
0
LINE
8
BLACK
6
CONTINUOUS
10
6.2333685433070869
20
-4.8280670472440947
11
6.2334091338582676
21
-4.8281650787401578
0
LINE
8
BLACK
6
CONTINUOUS
10
6.2334091338582676
20
-4.8281650787401578
11
6.2334786220472438
21
-4.8282451968503937
0
LINE
8
BLACK
6
CONTINUOUS
10
6.2334786220472438
20
-4.8282451968503937
11
6.2337146062992126
21
-4.8287737795275589
0
LINE
8
BLACK
6
CONTINUOUS
10
6.2337146062992126
20
-4.8287737795275589
11
6.2355893700787401
21
-4.8343980314960628
0
LINE
8
BLACK
6
CONTINUOUS
10
6.2355893700787401
20
-4.8343980314960628
11
6.2356542913385828
21
-4.8346836614173228
0
LINE
8
BLACK
6
CONTINUOUS
10
6.2356542913385828
20
-4.8346836614173228
11
6.2356841732283463
21
-4.8347557480314958
0
LINE
8
BLACK
6
CONTINUOUS
10
6.2356841732283463
20
-4.8347557480314958
11
6.2356944488188972
21
-4.8348601968503937
0
LINE
8
BLACK
6
CONTINUOUS
10
6.2356944488188972
20
-4.8348601968503937
11
6.2357177165354329
21
-4.8349624803149602
0
LINE
8
BLACK
6
CONTINUOUS
10
6.2357177165354329
20
-4.8349624803149602
11
6.2357121653543306
21
-4.835040196850394
0
LINE
8
BLACK
6
CONTINUOUS
10
6.2357121653543306
20
-4.835040196850394
11
6.2357409055118111
21
-4.8353318110236216
0
LINE
8
BLACK
6
CONTINUOUS
10
6.2357409055118111
20
-4.8353318110236216
11
6.2357409055118111
21
-4.8390813385826768
0
LINE
8
BLACK
6
CONTINUOUS
10
6.2357409055118111
20
-4.8390813385826768
11
6.2357121653543306
21
-4.8393729133858265
0
LINE
8
BLACK
6
CONTINUOUS
10
6.2357121653543306
20
-4.8393729133858265
11
6.2357177165354329
21
-4.8394506692913382
0
LINE
8
BLACK
6
CONTINUOUS
10
6.2357177165354329
20
-4.8394506692913382
11
6.2356944488188972
21
-4.8395529133858268
0
LINE
8
BLACK
6
CONTINUOUS
10
6.2356944488188972
20
-4.8395529133858268
11
6.2356841732283463
21
-4.8396574015748026
0
LINE
8
BLACK
6
CONTINUOUS
10
6.2356841732283463
20
-4.8396574015748026
11
6.2356542913385828
21
-4.8397294488188978
0
LINE
8
BLACK
6
CONTINUOUS
10
6.2356542913385828
20
-4.8397294488188978
11
6.2355893700787401
21
-4.8400151181102364
0
LINE
8
BLACK
6
CONTINUOUS
10
6.2355893700787401
20
-4.8400151181102364
11
6.2337146062992126
21
-4.8456393700787403
0
LINE
8
BLACK
6
CONTINUOUS
10
6.2337146062992126
20
-4.8456393700787403
11
6.2334786220472438
21
-4.8461679527559056
0
LINE
8
BLACK
6
CONTINUOUS
10
6.2334786220472438
20
-4.8461679527559056
11
6.2334090551181101
21
-4.8462481102362203
0
LINE
8
BLACK
6
CONTINUOUS
10
6.2334090551181101
20
-4.8462481102362203
11
6.2333685039370081
21
-4.8463461023622045
0
LINE
8
BLACK
6
CONTINUOUS
10
6.2333685039370081
20
-4.8463461023622045
11
6.2330012598425197
21
-4.8467935826771651
0
LINE
8
BLACK
6
CONTINUOUS
10
6.2330012598425197
20
-4.8467935826771651
11
6.2311264566929134
21
-4.8486683464566926
0
LINE
8
BLACK
6
CONTINUOUS
10
6.2311264566929134
20
-4.8486683464566926
11
6.2306790157480316
21
-4.8490355511811023
0
LINE
8
BLACK
6
CONTINUOUS
10
6.2306790157480316
20
-4.8490355511811023
11
6.2296146062992124
21
-4.8494764173228342
0
LINE
8
BLACK
6
CONTINUOUS
10
6.2296146062992124
20
-4.8494764173228342
11
6.2284625196850394
21
-4.8494764173228342
0
LINE
8
BLACK
6
CONTINUOUS
10
6.2284625196850394
20
-4.8494764173228342
11
6.2273981102362201
21
-4.8490355118110235
0
LINE
8
BLACK
6
CONTINUOUS
10
6.2273981102362201
20
-4.8490355118110235
11
6.2265834251968499
21
-4.8482208267716533
0
LINE
8
BLACK
6
CONTINUOUS
10
6.2265834251968499
20
-4.8482208267716533
11
6.226142559055118
21
-4.847156417322835
0
LINE
8
BLACK
6
CONTINUOUS
10
6.226142559055118
20
-4.847156417322835
11
6.226142559055118
21
-4.8460043307086611
0
LINE
8
BLACK
6
CONTINUOUS
10
6.226142559055118
20
-4.8460043307086611
11
6.2265834645669287
21
-4.8449399212598427
0
LINE
8
BLACK
6
CONTINUOUS
10
6.2265834645669287
20
-4.8449399212598427
11
6.2269507086614171
21
-4.8444924409448822
0
LINE
8
BLACK
6
CONTINUOUS
10
6.2269507086614171
20
-4.8444924409448822
11
6.2283325984251965
21
-4.8431105511811019
0
LINE
8
BLACK
6
CONTINUOUS
10
6.2283325984251965
20
-4.8431105511811019
11
6.2298353937007871
21
-4.8386022047244097
0
LINE
8
BLACK
6
CONTINUOUS
10
6.2298353937007871
20
-4.8386022047244097
11
6.2298353937007871
21
-4.8358109448818896
0
LINE
8
BLACK
6
CONTINUOUS
10
6.2298353937007871
20
-4.8358109448818896
11
6.2283325984251965
21
-4.8313025590551177
0
LINE
8
BLACK
6
CONTINUOUS
10
6.2283325984251965
20
-4.8313025590551177
11
6.2254147244094487
21
-4.8283847244094487
0
LINE
8
BLACK
6
CONTINUOUS
10
6.2254147244094487
20
-4.8283847244094487
11
6.22238374015748
21
-4.8268692125984254
0
LINE
8
BLACK
6
CONTINUOUS
10
6.22238374015748
20
-4.8268692125984254
11
6.2155516929133858
21
-4.8251612204724408
0
LINE
8
BLACK
6
CONTINUOUS
10
6.2155516929133858
20
-4.8251612204724408
11
6.2106544881889763
21
-4.8251612204724408
0
LINE
8
BLACK
6
CONTINUOUS
10
6.2106544881889763
20
-4.8251612204724408
11
6.2038224409448821
21
-4.8268692125984254
0
LINE
8
BLACK
6
CONTINUOUS
10
6.2038224409448821
20
-4.8268692125984254
11
6.2007914566929134
21
-4.8283847244094487
0
LINE
8
BLACK
6
CONTINUOUS
10
6.2007914566929134
20
-4.8283847244094487
11
6.1978736220472443
21
-4.831302519685039
0
LINE
8
BLACK
6
CONTINUOUS
10
6.1978736220472443
20
-4.831302519685039
11
6.1963708267716537
21
-4.8358109448818896
0
LINE
8
BLACK
6
CONTINUOUS
10
6.1963708267716537
20
-4.8358109448818896
11
6.1963708267716537
21
-4.838602165354331
0
LINE
8
BLACK
6
CONTINUOUS
10
6.1963708267716537
20
-4.838602165354331
11
6.1978736220472443
21
-4.8431105905511806
0
LINE
8
BLACK
6
CONTINUOUS
10
6.1978736220472443
20
-4.8431105905511806
11
6.1992555118110237
21
-4.8444924803149609
0
LINE
8
BLACK
6
CONTINUOUS
10
6.1992555118110237
20
-4.8444924803149609
11
6.1996227165354325
21
-4.8449399212598427
0
LINE
8
BLACK
6
CONTINUOUS
10
6.1996227165354325
20
-4.8449399212598427
11
6.200063622047244
21
-4.8460043307086611
0
LINE
8
BLACK
6
CONTINUOUS
10
6.200063622047244
20
-4.8460043307086611
11
6.200063622047244
21
-4.847156417322835
0
LINE
8
BLACK
6
CONTINUOUS
10
6.200063622047244
20
-4.847156417322835
11
6.1996227165354325
21
-4.8482208267716533
0
LINE
8
BLACK
6
CONTINUOUS
10
6.1996227165354325
20
-4.8482208267716533
11
6.1988080314960632
21
-4.8490355118110235
0
LINE
8
BLACK
6
CONTINUOUS
10
6.1988080314960632
20
-4.8490355118110235
11
6.1977436220472439
21
-4.8494764173228342
0
LINE
8
BLACK
6
CONTINUOUS
10
6.1977436220472439
20
-4.8494764173228342
11
6.196591535433071
21
-4.8494764173228342
0
LINE
8
BLACK
6
CONTINUOUS
10
6.196591535433071
20
-4.8494764173228342
11
6.1955271259842517
21
-4.8490355118110235
0
LINE
8
BLACK
6
CONTINUOUS
10
6.1955271259842517
20
-4.8490355118110235
11
6.1950796850393699
21
-4.8486683070866139
0
LINE
8
BLACK
6
CONTINUOUS
10
6.1950796850393699
20
-4.8486683070866139
11
6.1932049212598423
21
-4.8467935433070863
0
LINE
8
BLACK
6
CONTINUOUS
10
6.1932049212598423
20
-4.8467935433070863
11
6.1928377165354327
21
-4.8463461023622045
0
LINE
8
BLACK
6
CONTINUOUS
10
6.1928377165354327
20
-4.8463461023622045
11
6.1927970866141733
21
-4.8462480314960628
0
LINE
8
BLACK
6
CONTINUOUS
10
6.1927970866141733
20
-4.8462480314960628
11
6.192727598425197
21
-4.8461679133858269
0
LINE
8
BLACK
6
CONTINUOUS
10
6.192727598425197
20
-4.8461679133858269
11
6.1924916141732282
21
-4.8456393700787403
0
LINE
8
BLACK
6
CONTINUOUS
10
6.1924916141732282
20
-4.8456393700787403
11
6.1906168503937007
21
-4.8400150787401577
0
LINE
8
BLACK
6
CONTINUOUS
10
6.1906168503937007
20
-4.8400150787401577
11
6.1905518897637792
21
-4.8397294881889765
0
LINE
8
BLACK
6
CONTINUOUS
10
6.1905518897637792
20
-4.8397294881889765
11
6.1905220472440945
21
-4.8396574015748026
0
LINE
8
BLACK
6
CONTINUOUS
10
6.1905220472440945
20
-4.8396574015748026
11
6.1905117322834649
21
-4.8395528740157481
0
LINE
8
BLACK
6
CONTINUOUS
10
6.1905117322834649
20
-4.8395528740157481
11
6.1904885039370079
21
-4.8394506299212594
0
LINE
8
BLACK
6
CONTINUOUS
10
6.1904885039370079
20
-4.8394506299212594
11
6.1904940157480315
21
-4.8393728740157478
0
LINE
8
BLACK
6
CONTINUOUS
10
6.1904940157480315
20
-4.8393728740157478
11
6.1904653149606297
21
-4.8390813385826768
0
LINE
8
BLACK
6
CONTINUOUS
10
6.1904653149606297
20
-4.8390813385826768
11
6.1904653149606297
21
-4.8353318110236216
0
LINE
8
BLACK
6
CONTINUOUS
10
6.1904653149606297
20
-4.8353318110236216
11
6.1904940157480315
21
-4.8350402362204727
0
LINE
8
BLACK
6
CONTINUOUS
10
6.1904940157480315
20
-4.8350402362204727
11
6.1904885039370079
21
-4.834962519685039
0
LINE
8
BLACK
6
CONTINUOUS
10
6.1904885039370079
20
-4.834962519685039
11
6.1905117322834649
21
-4.8348602362204725
0
LINE
8
BLACK
6
CONTINUOUS
10
6.1905117322834649
20
-4.8348602362204725
11
6.1905220472440945
21
-4.8347557480314958
0
LINE
8
BLACK
6
CONTINUOUS
10
6.1905220472440945
20
-4.8347557480314958
11
6.1905518897637792
21
-4.834683622047244
0
LINE
8
BLACK
6
CONTINUOUS
10
6.1905518897637792
20
-4.834683622047244
11
6.1906168503937007
21
-4.8343980708661416
0
LINE
8
BLACK
6
CONTINUOUS
10
6.1906168503937007
20
-4.8343980708661416
11
6.1924916141732282
21
-4.8287737795275589
0
LINE
8
BLACK
6
CONTINUOUS
10
6.1924916141732282
20
-4.8287737795275589
11
6.192727598425197
21
-4.8282452362204724
0
LINE
8
BLACK
6
CONTINUOUS
10
6.192727598425197
20
-4.8282452362204724
11
6.1927970866141733
21
-4.8281650787401578
0
LINE
8
BLACK
6
CONTINUOUS
10
6.1927970866141733
20
-4.8281650787401578
11
6.1928377165354327
21
-4.8280670472440947
0
LINE
8
BLACK
6
CONTINUOUS
10
6.1928377165354327
20
-4.8280670472440947
11
6.1932049212598423
21
-4.8276196062992121
0
LINE
8
BLACK
6
CONTINUOUS
10
6.1932049212598423
20
-4.8276196062992121
11
6.1969544488188975
21
-4.8238700787401569
0
LINE
8
BLACK
6
CONTINUOUS
10
6.1969544488188975
20
-4.8238700787401569
11
6.1971808267716533
21
-4.8236842125984252
0
LINE
8
BLACK
6
CONTINUOUS
10
6.1971808267716533
20
-4.8236842125984252
11
6.197231968503937
21
-4.8236253149606299
0
LINE
8
BLACK
6
CONTINUOUS
10
6.197231968503937
20
-4.8236253149606299
11
6.197320708661417
21
-4.8235694094488188
0
LINE
8
BLACK
6
CONTINUOUS
10
6.197320708661417
20
-4.8235694094488188
11
6.1974018897637793
21
-4.8235028346456694
0
LINE
8
BLACK
6
CONTINUOUS
10
6.1974018897637793
20
-4.8235028346456694
11
6.197474015748031
21
-4.823472952755905
0
LINE
8
BLACK
6
CONTINUOUS
10
6.197474015748031
20
-4.823472952755905
11
6.1977218503937008
21
-4.8233169685039368
0
LINE
8
BLACK
6
CONTINUOUS
10
6.1977218503937008
20
-4.8233169685039368
11
6.2014713779527559
21
-4.8214422047244092
0
LINE
8
BLACK
6
CONTINUOUS
10
6.2014713779527559
20
-4.8214422047244092
11
6.2015134645669292
21
-4.8214260629921259
0
LINE
8
BLACK
6
CONTINUOUS
10
6.2015134645669292
20
-4.8214260629921259
11
6.20153062992126
21
-4.8214133858267711
0
LINE
8
BLACK
6
CONTINUOUS
10
6.20153062992126
20
-4.8214133858267711
11
6.201772204724409
21
-4.8213270472440941
0
LINE
8
BLACK
6
CONTINUOUS
10
6.201772204724409
20
-4.8213270472440941
11
6.2020119685039372
21
-4.8212353149606297
0
LINE
8
BLACK
6
CONTINUOUS
10
6.2020119685039372
20
-4.8212353149606297
11
6.2020332283464565
21
-4.8212337795275593
0
LINE
8
BLACK
6
CONTINUOUS
10
6.2020332283464565
20
-4.8212337795275593
11
6.2020757480314961
21
-4.8212186220472439
0
LINE
8
BLACK
6
CONTINUOUS
10
6.2020757480314961
20
-4.8212186220472439
11
6.2095748031496063
21
-4.8193438582677164
0
LINE
8
BLACK
6
CONTINUOUS
10
6.2095748031496063
20
-4.8193438582677164
11
6.2096746456692911
21
-4.8193290551181098
0
LINE
8
BLACK
6
CONTINUOUS
10
6.2096746456692911
20
-4.8193290551181098
11
6.2097148818897638
21
-4.8193124409448815
0
LINE
8
BLACK
6
CONTINUOUS
10
6.2097148818897638
20
-4.8193124409448815
11
6.2099318897637792
21
-4.819291062992126
0
LINE
8
BLACK
6
CONTINUOUS
10
6.2099318897637792
20
-4.819291062992126
11
6.2101474015748028
21
-4.8192592125984248
0
LINE
8
BLACK
6
CONTINUOUS
10
6.2101474015748028
20
-4.8192592125984248
11
6.2101903937007874
21
-4.819265590551181
0
LINE
8
BLACK
6
CONTINUOUS
10
6.2101903937007874
20
-4.819265590551181
11
6.2102909448818897
21
-4.8192557086614176
0
LINE
8
BLACK
6
CONTINUOUS
10
6.2102909448818897
20
-4.8192557086614176
11
6.2159152362204724
21
-4.8192557086614176
0
LINE
8
BLACK
6
CONTINUOUS
10
6.2159152362204724
20
-4.8192557086614176
11
6.2160157480314959
21
-4.819265590551181
0
LINE
8
BLACK
6
CONTINUOUS
10
6.2846367716535427
20
-4.8002858267716535
11
6.285701181102362
21
-4.8007267322834641
0
LINE
8
BLACK
6
CONTINUOUS
10
6.285701181102362
20
-4.8007267322834641
11
6.2865158267716534
21
-4.8015413779527556
0
LINE
8
BLACK
6
CONTINUOUS
10
6.2865158267716534
20
-4.8015413779527556
11
6.2869567322834641
21
-4.8026057874015748
0
LINE
8
BLACK
6
CONTINUOUS
10
6.2869567322834641
20
-4.8026057874015748
11
6.2869567322834641
21
-4.8037579133858266
0
LINE
8
BLACK
6
CONTINUOUS
10
6.2869567322834641
20
-4.8037579133858266
11
6.2865158267716534
21
-4.8048223228346458
0
LINE
8
BLACK
6
CONTINUOUS
10
6.2865158267716534
20
-4.8048223228346458
11
6.285701181102362
21
-4.8056369685039373
0
LINE
8
BLACK
6
CONTINUOUS
10
6.285701181102362
20
-4.8056369685039373
11
6.2846367716535427
21
-4.8060778740157479
0
LINE
8
BLACK
6
CONTINUOUS
10
6.2846367716535427
20
-4.8060778740157479
11
6.2840607086614169
21
-4.8061346062992127
0
LINE
8
BLACK
6
CONTINUOUS
10
6.2840607086614169
20
-4.8061346062992127
11
6.2661959448818898
21
-4.8061346062992127
0
LINE
8
BLACK
6
CONTINUOUS
10
6.2661959448818898
20
-4.8061346062992127
11
6.2750342913385824
21
-4.8162355511811024
0
LINE
8
BLACK
6
CONTINUOUS
10
6.2750342913385824
20
-4.8162355511811024
11
6.2752122834645672
21
-4.8164845275590551
0
LINE
8
BLACK
6
CONTINUOUS
10
6.2752122834645672
20
-4.8164845275590551
11
6.2752672440944881
21
-4.816539488188976
0
LINE
8
BLACK
6
CONTINUOUS
10
6.2752672440944881
20
-4.816539488188976
11
6.2752888188976375
21
-4.8165915748031498
0
LINE
8
BLACK
6
CONTINUOUS
10
6.2752888188976375
20
-4.8165915748031498
11
6.2753709448818897
21
-4.8167064566929136
0
LINE
8
BLACK
6
CONTINUOUS
10
6.2753709448818897
20
-4.8167064566929136
11
6.275524527559055
21
-4.8171606692913382
0
LINE
8
BLACK
6
CONTINUOUS
10
6.275524527559055
20
-4.8171606692913382
11
6.2757081496062987
21
-4.8176038976377953
0
LINE
8
BLACK
6
CONTINUOUS
10
6.2757081496062987
20
-4.8176038976377953
11
6.2757081496062987
21
-4.8177035039370075
0
LINE
8
BLACK
6
CONTINUOUS
10
6.2757081496062987
20
-4.8177035039370075
11
6.2757400393700786
21
-4.8177978346456696
0
LINE
8
BLACK
6
CONTINUOUS
10
6.2757400393700786
20
-4.8177978346456696
11
6.2757081496062987
21
-4.8182762992125987
0
LINE
8
BLACK
6
CONTINUOUS
10
6.2757081496062987
20
-4.8182762992125987
11
6.2757081496062987
21
-4.818756023622047
0
LINE
8
BLACK
6
CONTINUOUS
10
6.2757081496062987
20
-4.818756023622047
11
6.2756700393700786
21
-4.8188479921259839
0
LINE
8
BLACK
6
CONTINUOUS
10
6.2756700393700786
20
-4.8188479921259839
11
6.2756634251968499
21
-4.8189473622047245
0
LINE
8
BLACK
6
CONTINUOUS
10
6.2756634251968499
20
-4.8189473622047245
11
6.2754507086614169
21
-4.8193774803149605
0
LINE
8
BLACK
6
CONTINUOUS
10
6.2754507086614169
20
-4.8193774803149605
11
6.2752672440944881
21
-4.8198204330708663
0
LINE
8
BLACK
6
CONTINUOUS
10
6.2752672440944881
20
-4.8198204330708663
11
6.2751968897637793
21
-4.8198907480314963
0
LINE
8
BLACK
6
CONTINUOUS
10
6.2751968897637793
20
-4.8198907480314963
11
6.2751527165354331
21
-4.8199801181102364
0
LINE
8
BLACK
6
CONTINUOUS
10
6.2751527165354331
20
-4.8199801181102364
11
6.2747915748031495
21
-4.8202960629921261
0
LINE
8
BLACK
6
CONTINUOUS
10
6.2747915748031495
20
-4.8202960629921261
11
6.2744525984251966
21
-4.8206350787401577
0
LINE
8
BLACK
6
CONTINUOUS
10
6.2744525984251966
20
-4.8206350787401577
11
6.274360590551181
21
-4.8206731889763779
0
LINE
8
BLACK
6
CONTINUOUS
10
6.274360590551181
20
-4.8206731889763779
11
6.2742856299212599
21
-4.8207387795275594
0
LINE
8
BLACK
6
CONTINUOUS
10
6.2742856299212599
20
-4.8207387795275594
11
6.2738313779527557
21
-4.8208923622047246
0
LINE
8
BLACK
6
CONTINUOUS
10
6.2738313779527557
20
-4.8208923622047246
11
6.2733881889763774
21
-4.8210759842519684
0
LINE
8
BLACK
6
CONTINUOUS
10
6.2733881889763774
20
-4.8210759842519684
11
6.273247598425197
21
-4.8210898031496061
0
LINE
8
BLACK
6
CONTINUOUS
10
6.273247598425197
20
-4.8210898031496061
11
6.273194251968504
21
-4.8211078740157483
0
LINE
8
BLACK
6
CONTINUOUS
10
6.273194251968504
20
-4.8211078740157483
11
6.2731167716535428
21
-4.8211026771653538
0
LINE
8
BLACK
6
CONTINUOUS
10
6.2731167716535428
20
-4.8211026771653538
11
6.2728121259842515
21
-4.8211327165354332
0
LINE
8
BLACK
6
CONTINUOUS
10
6.2728121259842515
20
-4.8211327165354332
11
6.2678848818897634
21
-4.8211327165354332
0
LINE
8
BLACK
6
CONTINUOUS
10
6.2678848818897634
20
-4.8211327165354332
11
6.2651874015748028
21
-4.8224814566929135
0
LINE
8
BLACK
6
CONTINUOUS
10
6.2651874015748028
20
-4.8224814566929135
11
6.263990275590551
21
-4.8236785826771653
0
LINE
8
BLACK
6
CONTINUOUS
10
6.263990275590551
20
-4.8236785826771653
11
6.2626415354330707
21
-4.826376062992126
0
LINE
8
BLACK
6
CONTINUOUS
10
6.2626415354330707
20
-4.826376062992126
11
6.2626415354330707
21
-4.8343557874015746
0
LINE
8
BLACK
6
CONTINUOUS
10
6.2626415354330707
20
-4.8343557874015746
11
6.263990275590551
21
-4.8370532677165352
0
LINE
8
BLACK
6
CONTINUOUS
10
6.263990275590551
20
-4.8370532677165352
11
6.2651874015748028
21
-4.8382504330708658
0
LINE
8
BLACK
6
CONTINUOUS
10
6.2651874015748028
20
-4.8382504330708658
11
6.2678848818897634
21
-4.8395991732283461
0
LINE
8
BLACK
6
CONTINUOUS
10
6.2678848818897634
20
-4.8395991732283461
11
6.2777393700787396
21
-4.8395991732283461
0
LINE
8
BLACK
6
CONTINUOUS
10
6.2777393700787396
20
-4.8395991732283461
11
6.2804368110236215
21
-4.8382504330708658
0
LINE
8
BLACK
6
CONTINUOUS
10
6.2804368110236215
20
-4.8382504330708658
11
6.2819727559055121
21
-4.8367144881889761
0
LINE
8
BLACK
6
CONTINUOUS
10
6.2819727559055121
20
-4.8367144881889761
11
6.2824202362204726
21
-4.8363472440944877
0
LINE
8
BLACK
6
CONTINUOUS
10
6.2824202362204726
20
-4.8363472440944877
11
6.283484645669291
21
-4.835906338582677
0
LINE
8
BLACK
6
CONTINUOUS
10
6.283484645669291
20
-4.835906338582677
11
6.2846367322834649
21
-4.835906338582677
0
LINE
8
BLACK
6
CONTINUOUS
10
6.2846367322834649
20
-4.835906338582677
11
6.2857011417322832
21
-4.8363472047244089
0
LINE
8
BLACK
6
CONTINUOUS
10
6.2857011417322832
20
-4.8363472047244089
11
6.2865158267716534
21
-4.8371618897637791
0
LINE
8
BLACK
6
CONTINUOUS
10
6.2865158267716534
20
-4.8371618897637791
11
6.2869567322834641
21
-4.8382262992125984
0
LINE
8
BLACK
6
CONTINUOUS
10
6.2869567322834641
20
-4.8382262992125984
11
6.2869567322834641
21
-4.8393783858267714
0
LINE
8
BLACK
6
CONTINUOUS
10
6.2869567322834641
20
-4.8393783858267714
11
6.2865158661417322
21
-4.8404427952755906
0
LINE
8
BLACK
6
CONTINUOUS
10
6.2865158661417322
20
-4.8404427952755906
11
6.2861486220472438
21
-4.8408902755905512
0
LINE
8
BLACK
6
CONTINUOUS
10
6.2861486220472438
20
-4.8408902755905512
11
6.284273897637795
21
-4.8427650393700787
0
LINE
8
BLACK
6
CONTINUOUS
10
6.284273897637795
20
-4.8427650393700787
11
6.2840475196850392
21
-4.8429507874015743
0
LINE
8
BLACK
6
CONTINUOUS
10
6.2840475196850392
20
-4.8429507874015743
11
6.2839963385826767
21
-4.8430098425196846
0
LINE
8
BLACK
6
CONTINUOUS
10
6.2839963385826767
20
-4.8430098425196846
11
6.2839073622047241
21
-4.8430658267716531
0
LINE
8
BLACK
6
CONTINUOUS
10
6.2839073622047241
20
-4.8430658267716531
11
6.2838264173228344
21
-4.8431322834645671
0
LINE
8
BLACK
6
CONTINUOUS
10
6.2838264173228344
20
-4.8431322834645671
11
6.2837544488188977
21
-4.8431620866141731
0
LINE
8
BLACK
6
CONTINUOUS
10
6.2837544488188977
20
-4.8431620866141731
11
6.2835064566929129
21
-4.8433181889763777
0
LINE
8
BLACK
6
CONTINUOUS
10
6.2835064566929129
20
-4.8433181889763777
11
6.2797569291338577
21
-4.8451929527559052
0
LINE
8
BLACK
6
CONTINUOUS
10
6.2797569291338577
20
-4.8451929527559052
11
6.2792162992125986
21
-4.8453998425196847
0
LINE
8
BLACK
6
CONTINUOUS
10
6.2792162992125986
20
-4.8453998425196847
11
6.2791104724409443
21
-4.8454073228346459
0
LINE
8
BLACK
6
CONTINUOUS
10
6.2791104724409443
20
-4.8454073228346459
11
6.2790124803149601
21
-4.8454479527559053
0
LINE
8
BLACK
6
CONTINUOUS
10
6.2790124803149601
20
-4.8454479527559053
11
6.2784364173228342
21
-4.8455046850393702
0
LINE
8
BLACK
6
CONTINUOUS
10
6.2784364173228342
20
-4.8455046850393702
11
6.2671878346456689
21
-4.8455046850393702
0
LINE
8
BLACK
6
CONTINUOUS
10
6.2671878346456689
20
-4.8455046850393702
11
6.266611771653543
21
-4.8454479527559053
0
LINE
8
BLACK
6
CONTINUOUS
10
6.266611771653543
20
-4.8454479527559053
11
6.2665137795275587
21
-4.8454073622047247
0
LINE
8
BLACK
6
CONTINUOUS
10
6.2665137795275587
20
-4.8454073622047247
11
6.2664079133858266
21
-4.8453998425196847
0
LINE
8
BLACK
6
CONTINUOUS
10
6.2664079133858266
20
-4.8453998425196847
11
6.2658673228346453
21
-4.8451929527559052
0
LINE
8
BLACK
6
CONTINUOUS
10
6.2658673228346453
20
-4.8451929527559052
11
6.2621177952755902
21
-4.8433181889763777
0
LINE
8
BLACK
6
CONTINUOUS
10
6.2621177952755902
20
-4.8433181889763777
11
6.2618697637795275
21
-4.8431620866141731
0
LINE
8
BLACK
6
CONTINUOUS
10
6.2618697637795275
20
-4.8431620866141731
11
6.2617978346456695
21
-4.8431322834645671
0
LINE
8
BLACK
6
CONTINUOUS
10
6.2617978346456695
20
-4.8431322834645671
11
6.2617168503937011
21
-4.8430658267716531
0
LINE
8
BLACK
6
CONTINUOUS
10
6.2617168503937011
20
-4.8430658267716531
11
6.2616279133858264
21
-4.8430098425196846
0
LINE
8
BLACK
6
CONTINUOUS
10
6.2616279133858264
20
-4.8430098425196846
11
6.261576692913386
21
-4.8429507874015743
0
LINE
8
BLACK
6
CONTINUOUS
10
6.261576692913386
20
-4.8429507874015743
11
6.2613503543307081
21
-4.8427650393700787
0
LINE
8
BLACK
6
CONTINUOUS
10
6.2613503543307081
20
-4.8427650393700787
11
6.2594755905511805
21
-4.8408902362204724
0
LINE
8
BLACK
6
CONTINUOUS
10
6.2594755905511805
20
-4.8408902362204724
11
6.259289842519685
21
-4.8406638976377954
0
LINE
8
BLACK
6
CONTINUOUS
10
6.259289842519685
20
-4.8406638976377954
11
6.2592308661417322
21
-4.8406127559055117
0
LINE
8
BLACK
6
CONTINUOUS
10
6.2592308661417322
20
-4.8406127559055117
11
6.2591748818897637
21
-4.8405238188976378
0
LINE
8
BLACK
6
CONTINUOUS
10
6.2591748818897637
20
-4.8405238188976378
11
6.2591083858267718
21
-4.8404427952755906
0
LINE
8
BLACK
6
CONTINUOUS
10
6.2591083858267718
20
-4.8404427952755906
11
6.2590785433070861
21
-4.8403707480314964
0
LINE
8
BLACK
6
CONTINUOUS
10
6.2590785433070861
20
-4.8403707480314964
11
6.2589225196850391
21
-4.8401228740157478
0
LINE
8
BLACK
6
CONTINUOUS
10
6.2589225196850391
20
-4.8401228740157478
11
6.2570477559055115
21
-4.8363733464566927
0
LINE
8
BLACK
6
CONTINUOUS
10
6.2570477559055115
20
-4.8363733464566927
11
6.2568408661417321
21
-4.8358327165354327
0
LINE
8
BLACK
6
CONTINUOUS
10
6.2568408661417321
20
-4.8358327165354327
11
6.256833346456693
21
-4.8357268897637793
0
LINE
8
BLACK
6
CONTINUOUS
10
6.256833346456693
20
-4.8357268897637793
11
6.2567927559055114
21
-4.835628897637795
0
LINE
8
BLACK
6
CONTINUOUS
10
6.2567927559055114
20
-4.835628897637795
11
6.2567360236220475
21
-4.8350528346456692
0
LINE
8
BLACK
6
CONTINUOUS
10
6.2567360236220475
20
-4.8350528346456692
11
6.2567360236220475
21
-4.8256790157480314
0
LINE
8
BLACK
6
CONTINUOUS
10
6.2567360236220475
20
-4.8256790157480314
11
6.2567927559055114
21
-4.8251029527559055
0
LINE
8
BLACK
6
CONTINUOUS
10
6.2567927559055114
20
-4.8251029527559055
11
6.256833346456693
21
-4.8250049212598425
0
LINE
8
BLACK
6
CONTINUOUS
10
6.256833346456693
20
-4.8250049212598425
11
6.2568408661417321
21
-4.8248991338582679
0
LINE
8
BLACK
6
CONTINUOUS
10
6.2568408661417321
20
-4.8248991338582679
11
6.2570477559055115
21
-4.8243585039370078
0
LINE
8
BLACK
6
CONTINUOUS
10
6.2570477559055115
20
-4.8243585039370078
11
6.2589225196850391
21
-4.8206089763779527
0
LINE
8
BLACK
6
CONTINUOUS
10
6.2589225196850391
20
-4.8206089763779527
11
6.2590785826771649
21
-4.82036094488189
0
LINE
8
BLACK
6
CONTINUOUS
10
6.2590785826771649
20
-4.82036094488189
11
6.2591084251968505
21
-4.8202890157480311
0
LINE
8
BLACK
6
CONTINUOUS
10
6.2591084251968505
20
-4.8202890157480311
11
6.2591748818897637
21
-4.8202080314960627
0
LINE
8
BLACK
6
CONTINUOUS
10
6.2591748818897637
20
-4.8202080314960627
11
6.2592308661417322
21
-4.8201190944881889
0
LINE
8
BLACK
6
CONTINUOUS
10
6.2592308661417322
20
-4.8201190944881889
11
6.259289842519685
21
-4.8200679133858264
0
LINE
8
BLACK
6
CONTINUOUS
10
6.259289842519685
20
-4.8200679133858264
11
6.2594756299212593
21
-4.8198415748031493
0
LINE
8
BLACK
6
CONTINUOUS
10
6.2594756299212593
20
-4.8198415748031493
11
6.2613503937007868
21
-4.8179668110236218
0
LINE
8
BLACK
6
CONTINUOUS
10
6.2613503937007868
20
-4.8179668110236218
11
6.2615767322834648
21
-4.8177810236220475
0
LINE
8
BLACK
6
CONTINUOUS
10
6.2615767322834648
20
-4.8177810236220475
11
6.2616279133858264
21
-4.8177220472440947
0
LINE
8
BLACK
6
CONTINUOUS
10
6.2616279133858264
20
-4.8177220472440947
11
6.2617168503937011
21
-4.8176660629921262
0
LINE
8
BLACK
6
CONTINUOUS
10
6.2617168503937011
20
-4.8176660629921262
11
6.2617978346456695
21
-4.8175996062992121
0
LINE
8
BLACK
6
CONTINUOUS
10
6.2617978346456695
20
-4.8175996062992121
11
6.2618697637795275
21
-4.8175697637795274
0
LINE
8
BLACK
6
CONTINUOUS
10
6.2618697637795275
20
-4.8175697637795274
11
6.2621177952755902
21
-4.8174137007874016
0
LINE
8
BLACK
6
CONTINUOUS
10
6.2621177952755902
20
-4.8174137007874016
11
6.2658673228346453
21
-4.8155389370078741
0
LINE
8
BLACK
6
CONTINUOUS
10
6.2658673228346453
20
-4.8155389370078741
11
6.2663994881889762
21
-4.8153352362204727
0
LINE
8
BLACK
6
CONTINUOUS
10
6.2663994881889762
20
-4.8153352362204727
11
6.2574666141732278
21
-4.8051262598425195
0
LINE
8
BLACK
6
CONTINUOUS
10
6.2574666141732278
20
-4.8051262598425195
11
6.2572885826771651
21
-4.804877244094488
0
LINE
8
BLACK
6
CONTINUOUS
10
6.2572885826771651
20
-4.804877244094488
11
6.257233661417323
21
-4.8048223228346458
0
LINE
8
BLACK
6
CONTINUOUS
10
6.257233661417323
20
-4.8048223228346458
11
6.257212047244094
21
-4.8047701968503933
0
LINE
8
BLACK
6
CONTINUOUS
10
6.257212047244094
20
-4.8047701968503933
11
6.2571299606299213
21
-4.8046553543307082
0
LINE
8
BLACK
6
CONTINUOUS
10
6.2571299606299213
20
-4.8046553543307082
11
6.2569763385826773
21
-4.8042011023622049
0
LINE
8
BLACK
6
CONTINUOUS
10
6.2569763385826773
20
-4.8042011023622049
11
6.2567927559055114
21
-4.8037579133858266
0
LINE
8
BLACK
6
CONTINUOUS
10
6.2567927559055114
20
-4.8037579133858266
11
6.2567927559055114
21
-4.8036582677165356
0
LINE
8
BLACK
6
CONTINUOUS
10
6.2567927559055114
20
-4.8036582677165356
11
6.2567608661417324
21
-4.8035639763779523
0
LINE
8
BLACK
6
CONTINUOUS
10
6.2567608661417324
20
-4.8035639763779523
11
6.2567927559055114
21
-4.8030854724409444
0
LINE
8
BLACK
6
CONTINUOUS
10
6.2567927559055114
20
-4.8030854724409444
11
6.2567927559055114
21
-4.8026057874015748
0
LINE
8
BLACK
6
CONTINUOUS
10
6.2567927559055114
20
-4.8026057874015748
11
6.2568308267716537
21
-4.8025137795275592
0
LINE
8
BLACK
6
CONTINUOUS
10
6.2568308267716537
20
-4.8025137795275592
11
6.2568374803149602
21
-4.8024144488188973
0
LINE
8
BLACK
6
CONTINUOUS
10
6.2568374803149602
20
-4.8024144488188973
11
6.2570501574803146
21
-4.8019842913385826
0
LINE
8
BLACK
6
CONTINUOUS
10
6.2570501574803146
20
-4.8019842913385826
11
6.257233661417323
21
-4.8015413779527556
0
LINE
8
BLACK
6
CONTINUOUS
10
6.257233661417323
20
-4.8015413779527556
11
6.257303976377953
21
-4.8014710236220468
0
LINE
8
BLACK
6
CONTINUOUS
10
6.257303976377953
20
-4.8014710236220468
11
6.257348188976378
21
-4.8013816929133855
0
LINE
8
BLACK
6
CONTINUOUS
10
6.257348188976378
20
-4.8013816929133855
11
6.2577092913385828
21
-4.801065708661417
0
LINE
8
BLACK
6
CONTINUOUS
10
6.2577092913385828
20
-4.801065708661417
11
6.2580483070866144
21
-4.8007267322834641
0
LINE
8
BLACK
6
CONTINUOUS
10
6.2580483070866144
20
-4.8007267322834641
11
6.2581402755905513
21
-4.8006885826771653
0
LINE
8
BLACK
6
CONTINUOUS
10
6.2581402755905513
20
-4.8006885826771653
11
6.2582152755905511
21
-4.8006230314960625
0
LINE
8
BLACK
6
CONTINUOUS
10
6.2582152755905511
20
-4.8006230314960625
11
6.2586694881889766
21
-4.8004694094488185
0
LINE
8
BLACK
6
CONTINUOUS
10
6.2586694881889766
20
-4.8004694094488185
11
6.2591127165354328
21
-4.8002858267716535
0
LINE
8
BLACK
6
CONTINUOUS
10
6.2591127165354328
20
-4.8002858267716535
11
6.2592532677165353
21
-4.800271968503937
0
LINE
8
BLACK
6
CONTINUOUS
10
6.2592532677165353
20
-4.800271968503937
11
6.2593066535433071
21
-4.8002539370078736
0
LINE
8
BLACK
6
CONTINUOUS
10
6.2593066535433071
20
-4.8002539370078736
11
6.2593840944881887
21
-4.8002590944881884
0
LINE
8
BLACK
6
CONTINUOUS
10
6.2593840944881887
20
-4.8002590944881884
11
6.2596887795275586
21
-4.8002290944881887
0
LINE
8
BLACK
6
CONTINUOUS
10
6.2596887795275586
20
-4.8002290944881887
11
6.2840607086614169
21
-4.8002290944881887
0
LINE
8
BLACK
6
CONTINUOUS
10
6.2840607086614169
20
-4.8002290944881887
11
6.2846367716535427
21
-4.8002858267716535
0
LINE
8
BLACK
6
CONTINUOUS
10
6.3087194488188976
20
-4.8002858267716535
11
6.3090087401574806
21
-4.8002858267716535
0
LINE
8
BLACK
6
CONTINUOUS
10
6.3090087401574806
20
-4.8002858267716535
11
6.3092788188976376
21
-4.8003976771653543
0
LINE
8
BLACK
6
CONTINUOUS
10
6.3092788188976376
20
-4.8003976771653543
11
6.3095654724409451
21
-4.8004550393700782
0
LINE
8
BLACK
6
CONTINUOUS
10
6.3095654724409451
20
-4.8004550393700782
11
6.3098058267716537
21
-4.8006159842519684
0
LINE
8
BLACK
6
CONTINUOUS
10
6.3098058267716537
20
-4.8006159842519684
11
6.3100731496062989
21
-4.8007267322834641
0
LINE
8
BLACK
6
CONTINUOUS
10
6.3100731496062989
20
-4.8007267322834641
11
6.3102798425196847
21
-4.8009334251968498
0
LINE
8
BLACK
6
CONTINUOUS
10
6.3102798425196847
20
-4.8009334251968498
11
6.3105227559055113
21
-4.8010961023622043
0
LINE
8
BLACK
6
CONTINUOUS
10
6.3105227559055113
20
-4.8010961023622043
11
6.3108857480314962
21
-4.8015393307086613
0
LINE
8
BLACK
6
CONTINUOUS
10
6.3108857480314962
20
-4.8015393307086613
11
6.3108877952755904
21
-4.8015413779527556
0
LINE
8
BLACK
6
CONTINUOUS
10
6.3108877952755904
20
-4.8015413779527556
11
6.3108881496062992
21
-4.8015422440944882
0
LINE
8
BLACK
6
CONTINUOUS
10
6.3108881496062992
20
-4.8015422440944882
11
6.3108895275590546
21
-4.8015439370078736
0
LINE
8
BLACK
6
CONTINUOUS
10
6.3108895275590546
20
-4.8015439370078736
11
6.3144768503937003
21
-4.8069249606299209
0
LINE
8
BLACK
6
CONTINUOUS
10
6.3144768503937003
20
-4.8069249606299209
11
6.3176808267716531
21
-4.8101289370078737
0
LINE
8
BLACK
6
CONTINUOUS
10
6.3176808267716531
20
-4.8101289370078737
11
6.3210017716535436
21
-4.8117894094488189
0
LINE
8
BLACK
6
CONTINUOUS
10
6.3210017716535436
20
-4.8117894094488189
11
6.3214916535433066
21
-4.812097755905512
0
LINE
8
BLACK
6
CONTINUOUS
10
6.3214916535433066
20
-4.812097755905512
11
6.3222464960629923
21
-4.8129681496062995
0
LINE
8
BLACK
6
CONTINUOUS
10
6.3222464960629923
20
-4.8129681496062995
11
6.322610826771653
21
-4.8140611023622046
0
LINE
8
BLACK
6
CONTINUOUS
10
6.322610826771653
20
-4.8140611023622046
11
6.3225291732283466
21
-4.8152103149606296
0
LINE
8
BLACK
6
CONTINUOUS
10
6.3225291732283466
20
-4.8152103149606296
11
6.3220138976377953
21
-4.8162408267716534
0
LINE
8
BLACK
6
CONTINUOUS
10
6.3220138976377953
20
-4.8162408267716534
11
6.3211435433070866
21
-4.8169956692913383
0
LINE
8
BLACK
6
CONTINUOUS
10
6.3211435433070866
20
-4.8169956692913383
11
6.3200505511811018
21
-4.8173599999999999
0
LINE
8
BLACK
6
CONTINUOUS
10
6.3200505511811018
20
-4.8173599999999999
11
6.3189013385826769
21
-4.8172783464566926
0
LINE
8
BLACK
6
CONTINUOUS
10
6.3189013385826769
20
-4.8172783464566926
11
6.3183607480314956
21
-4.8170714566929131
0
LINE
8
BLACK
6
CONTINUOUS
10
6.3183607480314956
20
-4.8170714566929131
11
6.3146112204724405
21
-4.8151966929133856
0
LINE
8
BLACK
6
CONTINUOUS
10
6.3146112204724405
20
-4.8151966929133856
11
6.3143633858267716
21
-4.8150406692913386
0
LINE
8
BLACK
6
CONTINUOUS
10
6.3143633858267716
20
-4.8150406692913386
11
6.3142912598425198
21
-4.8150108267716538
0
LINE
8
BLACK
6
CONTINUOUS
10
6.3142912598425198
20
-4.8150108267716538
11
6.3142100787401576
21
-4.8149442125984248
0
LINE
8
BLACK
6
CONTINUOUS
10
6.3142100787401576
20
-4.8149442125984248
11
6.3141213385826767
21
-4.8148883464566925
0
LINE
8
BLACK
6
CONTINUOUS
10
6.3141213385826767
20
-4.8148883464566925
11
6.3140701968503938
21
-4.8148294094488184
0
LINE
8
BLACK
6
CONTINUOUS
10
6.3140701968503938
20
-4.8148294094488184
11
6.313843818897638
21
-4.8146435826771654
0
LINE
8
BLACK
6
CONTINUOUS
10
6.313843818897638
20
-4.8146435826771654
11
6.3113854330708659
21
-4.8121851968503933
0
LINE
8
BLACK
6
CONTINUOUS
10
6.3113854330708659
20
-4.8121851968503933
11
6.3113854330708659
21
-4.8395991732283461
0
LINE
8
BLACK
6
CONTINUOUS
10
6.3113854330708659
20
-4.8395991732283461
11
6.3196812598425192
21
-4.8395991732283461
0
LINE
8
BLACK
6
CONTINUOUS
10
6.3196812598425192
20
-4.8395991732283461
11
6.3202573228346459
21
-4.8396559055118109
0
LINE
8
BLACK
6
CONTINUOUS
10
6.3202573228346459
20
-4.8396559055118109
11
6.3213217322834643
21
-4.8400968110236215
0
LINE
8
BLACK
6
CONTINUOUS
10
6.3213217322834643
20
-4.8400968110236215
11
6.3221363779527557
21
-4.840911456692913
0
LINE
8
BLACK
6
CONTINUOUS
10
6.3221363779527557
20
-4.840911456692913
11
6.3225772834645664
21
-4.8419758661417323
0
LINE
8
BLACK
6
CONTINUOUS
10
6.3225772834645664
20
-4.8419758661417323
11
6.3225772834645664
21
-4.843127992125984
0
LINE
8
BLACK
6
CONTINUOUS
10
6.3225772834645664
20
-4.843127992125984
11
6.3221363779527557
21
-4.8441924015748032
0
LINE
8
BLACK
6
CONTINUOUS
10
6.3221363779527557
20
-4.8441924015748032
11
6.3213217322834643
21
-4.8450070472440947
0
LINE
8
BLACK
6
CONTINUOUS
10
6.3213217322834643
20
-4.8450070472440947
11
6.3202573228346459
21
-4.8454479527559053
0
LINE
8
BLACK
6
CONTINUOUS
10
6.3202573228346459
20
-4.8454479527559053
11
6.3196812598425192
21
-4.8455046850393702
0
LINE
8
BLACK
6
CONTINUOUS
10
6.3196812598425192
20
-4.8455046850393702
11
6.2971840944881885
21
-4.8455046850393702
0
LINE
8
BLACK
6
CONTINUOUS
10
6.2971840944881885
20
-4.8455046850393702
11
6.2966080314960626
21
-4.8454479527559053
0
LINE
8
BLACK
6
CONTINUOUS
10
6.2966080314960626
20
-4.8454479527559053
11
6.2955436220472443
21
-4.8450070472440947
0
LINE
8
BLACK
6
CONTINUOUS
10
6.2955436220472443
20
-4.8450070472440947
11
6.2947289763779528
21
-4.8441924015748032
0
LINE
8
BLACK
6
CONTINUOUS
10
6.2947289763779528
20
-4.8441924015748032
11
6.2942880708661413
21
-4.843127992125984
0
LINE
8
BLACK
6
CONTINUOUS
10
6.2942880708661413
20
-4.843127992125984
11
6.2942880708661413
21
-4.8419758661417323
0
LINE
8
BLACK
6
CONTINUOUS
10
6.2942880708661413
20
-4.8419758661417323
11
6.2947289763779528
21
-4.840911456692913
0
LINE
8
BLACK
6
CONTINUOUS
10
6.2947289763779528
20
-4.840911456692913
11
6.2955436220472443
21
-4.8400968110236215
0
LINE
8
BLACK
6
CONTINUOUS
10
6.2955436220472443
20
-4.8400968110236215
11
6.2966080314960626
21
-4.8396559055118109
0
LINE
8
BLACK
6
CONTINUOUS
10
6.2966080314960626
20
-4.8396559055118109
11
6.2971840944881885
21
-4.8395991732283461
0
LINE
8
BLACK
6
CONTINUOUS
10
6.2971840944881885
20
-4.8395991732283461
11
6.3054799212598427
21
-4.8395991732283461
0
LINE
8
BLACK
6
CONTINUOUS
10
6.3054799212598427
20
-4.8395991732283461
11
6.3054799212598427
21
-4.8031818503937007
0
LINE
8
BLACK
6
CONTINUOUS
10
6.3054799212598427
20
-4.8031818503937007
11
6.3054801181102365
21
-4.8031797637795277
0
LINE
8
BLACK
6
CONTINUOUS
10
6.3054801181102365
20
-4.8031797637795277
11
6.3054799212598427
21
-4.8031787401574801
0
LINE
8
BLACK
6
CONTINUOUS
10
6.3054799212598427
20
-4.8031787401574801
11
6.3054805118110231
21
-4.8031757086614171
0
LINE
8
BLACK
6
CONTINUOUS
10
6.3054805118110231
20
-4.8031757086614171
11
6.3055366535433066
21
-4.8026057874015748
0
LINE
8
BLACK
6
CONTINUOUS
10
6.3055366535433066
20
-4.8026057874015748
11
6.3056485039370074
21
-4.8023356692913381
0
LINE
8
BLACK
6
CONTINUOUS
10
6.3056485039370074
20
-4.8023356692913381
11
6.3057058661417322
21
-4.8020490551181103
0
LINE
8
BLACK
6
CONTINUOUS
10
6.3057058661417322
20
-4.8020490551181103
11
6.3058668110236216
21
-4.801808661417323
0
LINE
8
BLACK
6
CONTINUOUS
10
6.3058668110236216
20
-4.801808661417323
11
6.3059775590551181
21
-4.8015413779527556
0
LINE
8
BLACK
6
CONTINUOUS
10
6.3059775590551181
20
-4.8015413779527556
11
6.3061842519685039
21
-4.8013346456692911
0
LINE
8
BLACK
6
CONTINUOUS
10
6.3061842519685039
20
-4.8013346456692911
11
6.3063469291338583
21
-4.8010917716535433
0
LINE
8
BLACK
6
CONTINUOUS
10
6.3063469291338583
20
-4.8010917716535433
11
6.3065876377952756
21
-4.8009312598425193
0
LINE
8
BLACK
6
CONTINUOUS
10
6.3065876377952756
20
-4.8009312598425193
11
6.3067922047244096
21
-4.8007267322834641
0
LINE
8
BLACK
6
CONTINUOUS
10
6.3067922047244096
20
-4.8007267322834641
11
6.3070622834645667
21
-4.8006148425196846
0
LINE
8
BLACK
6
CONTINUOUS
10
6.3070622834645667
20
-4.8006148425196846
11
6.307305551181102
21
-4.800452677165354
0
LINE
8
BLACK
6
CONTINUOUS
10
6.307305551181102
20
-4.800452677165354
11
6.3075893307086615
21
-4.8003965354330704
0
LINE
8
BLACK
6
CONTINUOUS
10
6.3075893307086615
20
-4.8003965354330704
11
6.307856614173228
21
-4.8002858267716535
0
LINE
8
BLACK
6
CONTINUOUS
10
6.307856614173228
20
-4.8002858267716535
11
6.3081490157480316
21
-4.8002858267716535
0
LINE
8
BLACK
6
CONTINUOUS
10
6.3081490157480316
20
-4.8002858267716535
11
6.3084357874015744
21
-4.8002290944881887
0
LINE
8
BLACK
6
CONTINUOUS
10
6.3084357874015744
20
-4.8002290944881887
11
6.3087194488188976
21
-4.8002858267716535
0
LINE
8
BLACK
6
CONTINUOUS
10
6.3462195275590547
20
-4.8002577952755905
11
6.3462972834645663
21
-4.8002522834645669
0
LINE
8
BLACK
6
CONTINUOUS
10
6.3462972834645663
20
-4.8002522834645669
11
6.346399527559055
21
-4.8002755118110239
0
LINE
8
BLACK
6
CONTINUOUS
10
6.346399527559055
20
-4.8002755118110239
11
6.3465040551181104
21
-4.8002858267716535
0
LINE
8
BLACK
6
CONTINUOUS
10
6.3465040551181104
20
-4.8002858267716535
11
6.3465761417322835
21
-4.8003156692913382
0
LINE
8
BLACK
6
CONTINUOUS
10
6.3465761417322835
20
-4.8003156692913382
11
6.3468617322834646
21
-4.8003806299212597
0
LINE
8
BLACK
6
CONTINUOUS
10
6.3468617322834646
20
-4.8003806299212597
11
6.3524860236220473
21
-4.8022553937007872
0
LINE
8
BLACK
6
CONTINUOUS
10
6.3524860236220473
20
-4.8022553937007872
11
6.3530145669291338
21
-4.802491377952756
0
LINE
8
BLACK
6
CONTINUOUS
10
6.3530145669291338
20
-4.802491377952756
11
6.3530946850393697
21
-4.8025608661417323
0
LINE
8
BLACK
6
CONTINUOUS
10
6.3530946850393697
20
-4.8025608661417323
11
6.3531927559055115
21
-4.8026014960629917
0
LINE
8
BLACK
6
CONTINUOUS
10
6.3531927559055115
20
-4.8026014960629917
11
6.3536401968503933
21
-4.8029687007874013
0
LINE
8
BLACK
6
CONTINUOUS
10
6.3536401968503933
20
-4.8029687007874013
11
6.3573897244094484
21
-4.8067182283464565
0
LINE
8
BLACK
6
CONTINUOUS
10
6.3573897244094484
20
-4.8067182283464565
11
6.3575755511811023
21
-4.8069446062992123
0
LINE
8
BLACK
6
CONTINUOUS
10
6.3575755511811023
20
-4.8069446062992123
11
6.3576344881889764
21
-4.806995748031496
0
LINE
8
BLACK
6
CONTINUOUS
10
6.3576344881889764
20
-4.806995748031496
11
6.3576903543307086
21
-4.807084488188976
0
LINE
8
BLACK
6
CONTINUOUS
10
6.3576903543307086
20
-4.807084488188976
11
6.3577569685039368
21
-4.8071656692913383
0
LINE
8
BLACK
6
CONTINUOUS
10
6.3577569685039368
20
-4.8071656692913383
11
6.3577868110236215
21
-4.80723779527559
0
LINE
8
BLACK
6
CONTINUOUS
10
6.3577868110236215
20
-4.80723779527559
11
6.3579428346456694
21
-4.8074856299212598
0
LINE
8
BLACK
6
CONTINUOUS
10
6.3579428346456694
20
-4.8074856299212598
11
6.359817598425197
21
-4.8112351574803149
0
LINE
8
BLACK
6
CONTINUOUS
10
6.359817598425197
20
-4.8112351574803149
11
6.3598337007874015
21
-4.8112772440944882
0
LINE
8
BLACK
6
CONTINUOUS
10
6.3598337007874015
20
-4.8112772440944882
11
6.3598464173228342
21
-4.811294409448819
0
LINE
8
BLACK
6
CONTINUOUS
10
6.3598464173228342
20
-4.811294409448819
11
6.3599324803149608
21
-4.8115353149606301
0
LINE
8
BLACK
6
CONTINUOUS
10
6.3599324803149608
20
-4.8115353149606301
11
6.3600244881889765
21
-4.8117757480314962
0
LINE
8
BLACK
6
CONTINUOUS
10
6.3600244881889765
20
-4.8117757480314962
11
6.3600259842519682
21
-4.8117970078740155
0
LINE
8
BLACK
6
CONTINUOUS
10
6.3600259842519682
20
-4.8117970078740155
11
6.3600411811023623
21
-4.8118395275590551
0
LINE
8
BLACK
6
CONTINUOUS
10
6.3600411811023623
20
-4.8118395275590551
11
6.3619159448818898
21
-4.8193385826771653
0
LINE
8
BLACK
6
CONTINUOUS
10
6.3619159448818898
20
-4.8193385826771653
11
6.3619307086614167
21
-4.8194384251968501
0
LINE
8
BLACK
6
CONTINUOUS
10
6.3619307086614167
20
-4.8194384251968501
11
6.3619473622047247
21
-4.8194786614173228
0
LINE
8
BLACK
6
CONTINUOUS
10
6.3619473622047247
20
-4.8194786614173228
11
6.3619687007874015
21
-4.8196956692913382
0
LINE
8
BLACK
6
CONTINUOUS
10
6.3619687007874015
20
-4.8196956692913382
11
6.3620005905511814
21
-4.8199111811023618
0
LINE
8
BLACK
6
CONTINUOUS
10
6.3620005905511814
20
-4.8199111811023618
11
6.3619941732283465
21
-4.8199541732283464
0
LINE
8
BLACK
6
CONTINUOUS
10
6.3619941732283465
20
-4.8199541732283464
11
6.3620040944881886
21
-4.8200547244094487
0
LINE
8
BLACK
6
CONTINUOUS
10
6.3620040944881886
20
-4.8200547244094487
11
6.3620040944881886
21
-4.8256790157480314
0
LINE
8
BLACK
6
CONTINUOUS
10
6.3620040944881886
20
-4.8256790157480314
11
6.3619941732283465
21
-4.8257795275590549
0
LINE
8
BLACK
6
CONTINUOUS
10
6.3619941732283465
20
-4.8257795275590549
11
6.3620005905511814
21
-4.8258225590551183
0
LINE
8
BLACK
6
CONTINUOUS
10
6.3620005905511814
20
-4.8258225590551183
11
6.3619687007874015
21
-4.8260380314960631
0
LINE
8
BLACK
6
CONTINUOUS
10
6.3619687007874015
20
-4.8260380314960631
11
6.3619473622047247
21
-4.8262550787401572
0
LINE
8
BLACK
6
CONTINUOUS
10
6.3619473622047247
20
-4.8262550787401572
11
6.3619307086614167
21
-4.8262952755905513
0
LINE
8
BLACK
6
CONTINUOUS
10
6.3619307086614167
20
-4.8262952755905513
11
6.3619159448818898
21
-4.8263951574803148
0
LINE
8
BLACK
6
CONTINUOUS
10
6.3619159448818898
20
-4.8263951574803148
11
6.3600411811023623
21
-4.833894212598425
0
LINE
8
BLACK
6
CONTINUOUS
10
6.3600411811023623
20
-4.833894212598425
11
6.3600259842519682
21
-4.8339366929133858
0
LINE
8
BLACK
6
CONTINUOUS
10
6.3600259842519682
20
-4.8339366929133858
11
6.3600244881889765
21
-4.8339579921259839
0
LINE
8
BLACK
6
CONTINUOUS
10
6.3600244881889765
20
-4.8339579921259839
11
6.3599327165354334
21
-4.8341977165354333
0
LINE
8
BLACK
6
CONTINUOUS
10
6.3599327165354334
20
-4.8341977165354333
11
6.3598464173228342
21
-4.8344393307086611
0
LINE
8
BLACK
6
CONTINUOUS
10
6.3598464173228342
20
-4.8344393307086611
11
6.3598337007874015
21
-4.8344564566929131
0
LINE
8
BLACK
6
CONTINUOUS
10
6.3598337007874015
20
-4.8344564566929131
11
6.359817598425197
21
-4.8344985826771651
0
LINE
8
BLACK
6
CONTINUOUS
10
6.359817598425197
20
-4.8344985826771651
11
6.3579428346456694
21
-4.8382481102362203
0
LINE
8
BLACK
6
CONTINUOUS
10
6.3579428346456694
20
-4.8382481102362203
11
6.3577867716535428
21
-4.8384959842519688
0
LINE
8
BLACK
6
CONTINUOUS
10
6.3577867716535428
20
-4.8384959842519688
11
6.3577569685039368
21
-4.8385680314960631
0
LINE
8
BLACK
6
CONTINUOUS
10
6.3577569685039368
20
-4.8385680314960631
11
6.3576904330708661
21
-4.8386490551181103
0
LINE
8
BLACK
6
CONTINUOUS
10
6.3576904330708661
20
-4.8386490551181103
11
6.3576344881889764
21
-4.8387379921259841
0
LINE
8
BLACK
6
CONTINUOUS
10
6.3576344881889764
20
-4.8387379921259841
11
6.3575754724409448
21
-4.8387891338582678
0
LINE
8
BLACK
6
CONTINUOUS
10
6.3575754724409448
20
-4.8387891338582678
11
6.3573897637795271
21
-4.8390154724409449
0
LINE
8
BLACK
6
CONTINUOUS
10
6.3573897637795271
20
-4.8390154724409449
11
6.3536401968503933
21
-4.8427650787401575
0
LINE
8
BLACK
6
CONTINUOUS
10
6.3536401968503933
20
-4.8427650787401575
11
6.3531927559055115
21
-4.8431322834645671
0
LINE
8
BLACK
6
CONTINUOUS
10
6.3531927559055115
20
-4.8431322834645671
11
6.3530946850393697
21
-4.8431728740157478
0
LINE
8
BLACK
6
CONTINUOUS
10
6.3530946850393697
20
-4.8431728740157478
11
6.3530145669291338
21
-4.8432424015748028
0
LINE
8
BLACK
6
CONTINUOUS
10
6.3530145669291338
20
-4.8432424015748028
11
6.3524860236220473
21
-4.8434783858267716
0
LINE
8
BLACK
6
CONTINUOUS
10
6.3524860236220473
20
-4.8434783858267716
11
6.3468617322834646
21
-4.8453531496062991
0
LINE
8
BLACK
6
CONTINUOUS
10
6.3468617322834646
20
-4.8453531496062991
11
6.3465761417322835
21
-4.8454180708661418
0
LINE
8
BLACK
6
CONTINUOUS
10
6.3465761417322835
20
-4.8454180708661418
11
6.3465040551181104
21
-4.8454479527559053
0
LINE
8
BLACK
6
CONTINUOUS
10
6.3465040551181104
20
-4.8454479527559053
11
6.346399527559055
21
-4.8454582283464562
0
LINE
8
BLACK
6
CONTINUOUS
10
6.346399527559055
20
-4.8454582283464562
11
6.3462972834645663
21
-4.8454814960629919
0
LINE
8
BLACK
6
CONTINUOUS
10
6.3462972834645663
20
-4.8454814960629919
11
6.3462195275590547
21
-4.8454759448818896
0
LINE
8
BLACK
6
CONTINUOUS
10
6.3462195275590547
20
-4.8454759448818896
11
6.3459279921259837
21
-4.8455046850393702
0
LINE
8
BLACK
6
CONTINUOUS
10
6.3459279921259837
20
-4.8455046850393702
11
6.3421784645669286
21
-4.8455046850393702
0
LINE
8
BLACK
6
CONTINUOUS
10
6.3421784645669286
20
-4.8455046850393702
11
6.3418868503937009
21
-4.8454759448818896
0
LINE
8
BLACK
6
CONTINUOUS
10
6.3418868503937009
20
-4.8454759448818896
11
6.3418091338582672
21
-4.8454814960629919
0
LINE
8
BLACK
6
CONTINUOUS
10
6.3418091338582672
20
-4.8454814960629919
11
6.3417068503937006
21
-4.8454582283464562
0
LINE
8
BLACK
6
CONTINUOUS
10
6.3417068503937006
20
-4.8454582283464562
11
6.3416024015748027
21
-4.8454479527559053
0
LINE
8
BLACK
6
CONTINUOUS
10
6.3416024015748027
20
-4.8454479527559053
11
6.3415303149606297
21
-4.8454180708661418
0
LINE
8
BLACK
6
CONTINUOUS
10
6.3415303149606297
20
-4.8454180708661418
11
6.3412446850393698
21
-4.8453531496062991
0
LINE
8
BLACK
6
CONTINUOUS
10
6.3412446850393698
20
-4.8453531496062991
11
6.3356204330708659
21
-4.8434783858267716
0
LINE
8
BLACK
6
CONTINUOUS
10
6.3356204330708659
20
-4.8434783858267716
11
6.3350918503937006
21
-4.8432424015748028
0
LINE
8
BLACK
6
CONTINUOUS
10
6.3350918503937006
20
-4.8432424015748028
11
6.3350116535433072
21
-4.8431728346456691
0
LINE
8
BLACK
6
CONTINUOUS
10
6.3350116535433072
20
-4.8431728346456691
11
6.3349137007874017
21
-4.8431322834645671
0
LINE
8
BLACK
6
CONTINUOUS
10
6.3349137007874017
20
-4.8431322834645671
11
6.3344662204724411
21
-4.8427650393700787
0
LINE
8
BLACK
6
CONTINUOUS
10
6.3344662204724411
20
-4.8427650393700787
11
6.3325914566929136
21
-4.8408902362204724
0
LINE
8
BLACK
6
CONTINUOUS
10
6.3325914566929136
20
-4.8408902362204724
11
6.3322242519685039
21
-4.8404427952755906
0
LINE
8
BLACK
6
CONTINUOUS
10
6.3322242519685039
20
-4.8404427952755906
11
6.3317833858267711
21
-4.8393783858267714
0
LINE
8
BLACK
6
CONTINUOUS
10
6.3317833858267711
20
-4.8393783858267714
11
6.3317833858267711
21
-4.8382262992125984
0
LINE
8
BLACK
6
CONTINUOUS
10
6.3317833858267711
20
-4.8382262992125984
11
6.3322242913385827
21
-4.8371618897637791
0
LINE
8
BLACK
6
CONTINUOUS
10
6.3322242913385827
20
-4.8371618897637791
11
6.3330389763779529
21
-4.8363472047244089
0
LINE
8
BLACK
6
CONTINUOUS
10
6.3330389763779529
20
-4.8363472047244089
11
6.3341033858267712
21
-4.835906338582677
0
LINE
8
BLACK
6
CONTINUOUS
10
6.3341033858267712
20
-4.835906338582677
11
6.3352554724409451
21
-4.835906338582677
0
LINE
8
BLACK
6
CONTINUOUS
10
6.3352554724409451
20
-4.835906338582677
11
6.3363198818897635
21
-4.8363472440944877
0
LINE
8
BLACK
6
CONTINUOUS
10
6.3363198818897635
20
-4.8363472440944877
11
6.336767362204724
21
-4.8367144881889761
0
LINE
8
BLACK
6
CONTINUOUS
10
6.336767362204724
20
-4.8367144881889761
11
6.3381492125984247
21
-4.8380963779527555
0
LINE
8
BLACK
6
CONTINUOUS
10
6.3381492125984247
20
-4.8380963779527555
11
6.3426575984251965
21
-4.8395991732283461
0
LINE
8
BLACK
6
CONTINUOUS
10
6.3426575984251965
20
-4.8395991732283461
11
6.3454488582677167
21
-4.8395991732283461
0
LINE
8
BLACK
6
CONTINUOUS
10
6.3454488582677167
20
-4.8395991732283461
11
6.3499572440944885
21
-4.8380963385826767
0
LINE
8
BLACK
6
CONTINUOUS
10
6.3499572440944885
20
-4.8380963385826767
11
6.3528750393700788
21
-4.8351785039370077
0
LINE
8
BLACK
6
CONTINUOUS
10
6.3528750393700788
20
-4.8351785039370077
11
6.3543905511811021
21
-4.832147519685039
0
LINE
8
BLACK
6
CONTINUOUS
10
6.3543905511811021
20
-4.832147519685039
11
6.3560985826771654
21
-4.8253154724409448
0
LINE
8
BLACK
6
CONTINUOUS
10
6.3560985826771654
20
-4.8253154724409448
11
6.3560985826771654
21
-4.8204182677165353
0
LINE
8
BLACK
6
CONTINUOUS
10
6.3560985826771654
20
-4.8204182677165353
11
6.3543905511811021
21
-4.8135862204724411
0
LINE
8
BLACK
6
CONTINUOUS
10
6.3543905511811021
20
-4.8135862204724411
11
6.3528750787401576
21
-4.8105552362204724
0
LINE
8
BLACK
6
CONTINUOUS
10
6.3528750787401576
20
-4.8105552362204724
11
6.3499572440944885
21
-4.8076374015748033
0
LINE
8
BLACK
6
CONTINUOUS
10
6.3499572440944885
20
-4.8076374015748033
11
6.3454488582677167
21
-4.8061346062992127
0
LINE
8
BLACK
6
CONTINUOUS
10
6.3454488582677167
20
-4.8061346062992127
11
6.3426575984251965
21
-4.8061346062992127
0
LINE
8
BLACK
6
CONTINUOUS
10
6.3426575984251965
20
-4.8061346062992127
11
6.3381492125984247
21
-4.8076374015748033
0
LINE
8
BLACK
6
CONTINUOUS
10
6.3381492125984247
20
-4.8076374015748033
11
6.3367673228346453
21
-4.8090192913385827
0
LINE
8
BLACK
6
CONTINUOUS
10
6.3367673228346453
20
-4.8090192913385827
11
6.3363198818897635
21
-4.8093864960629924
0
LINE
8
BLACK
6
CONTINUOUS
10
6.3363198818897635
20
-4.8093864960629924
11
6.3352554330708664
21
-4.809827401574803
0
LINE
8
BLACK
6
CONTINUOUS
10
6.3352554330708664
20
-4.809827401574803
11
6.3341033858267712
21
-4.809827401574803
0
LINE
8
BLACK
6
CONTINUOUS
10
6.3341033858267712
20
-4.809827401574803
11
6.3330389370078741
21
-4.8093864960629924
0
LINE
8
BLACK
6
CONTINUOUS
10
6.3330389370078741
20
-4.8093864960629924
11
6.3322242913385827
21
-4.8085718503937009
0
LINE
8
BLACK
6
CONTINUOUS
10
6.3322242913385827
20
-4.8085718503937009
11
6.3317833858267711
21
-4.8075074015748029
0
LINE
8
BLACK
6
CONTINUOUS
10
6.3317833858267711
20
-4.8075074015748029
11
6.3317833858267711
21
-4.8063553543307087
0
LINE
8
BLACK
6
CONTINUOUS
10
6.3317833858267711
20
-4.8063553543307087
11
6.3322242913385827
21
-4.8052909055118107
0
LINE
8
BLACK
6
CONTINUOUS
10
6.3322242913385827
20
-4.8052909055118107
11
6.3325914960629923
21
-4.8048434645669289
0
LINE
8
BLACK
6
CONTINUOUS
10
6.3325914960629923
20
-4.8048434645669289
11
6.3344662598425199
21
-4.8029687007874013
0
LINE
8
BLACK
6
CONTINUOUS
10
6.3344662598425199
20
-4.8029687007874013
11
6.3349137007874017
21
-4.8026014960629917
0
LINE
8
BLACK
6
CONTINUOUS
10
6.3349137007874017
20
-4.8026014960629917
11
6.3350116535433072
21
-4.802560905511811
0
LINE
8
BLACK
6
CONTINUOUS
10
6.3350116535433072
20
-4.802560905511811
11
6.3350918503937006
21
-4.802491377952756
0
LINE
8
BLACK
6
CONTINUOUS
10
6.3350918503937006
20
-4.802491377952756
11
6.3356204330708659
21
-4.8022553937007872
0
LINE
8
BLACK
6
CONTINUOUS
10
6.3356204330708659
20
-4.8022553937007872
11
6.3412446850393698
21
-4.8003806299212597
0
LINE
8
BLACK
6
CONTINUOUS
10
6.3412446850393698
20
-4.8003806299212597
11
6.3415303149606297
21
-4.8003156692913382
0
LINE
8
BLACK
6
CONTINUOUS
10
6.3415303149606297
20
-4.8003156692913382
11
6.3416024015748027
21
-4.8002858267716535
0
LINE
8
BLACK
6
CONTINUOUS
10
6.3416024015748027
20
-4.8002858267716535
11
6.3417068503937006
21
-4.8002755118110239
0
LINE
8
BLACK
6
CONTINUOUS
10
6.3417068503937006
20
-4.8002755118110239
11
6.3418091338582672
21
-4.8002522834645669
0
LINE
8
BLACK
6
CONTINUOUS
10
6.3418091338582672
20
-4.8002522834645669
11
6.3418868503937009
21
-4.8002577952755905
0
LINE
8
BLACK
6
CONTINUOUS
10
6.3418868503937009
20
-4.8002577952755905
11
6.3421784645669286
21
-4.8002290944881887
0
LINE
8
BLACK
6
CONTINUOUS
10
6.3421784645669286
20
-4.8002290944881887
11
6.3459279921259837
21
-4.8002290944881887
0
LINE
8
BLACK
6
CONTINUOUS
10
6.3459279921259837
20
-4.8002290944881887
11
6.3462195275590547
21
-4.8002577952755905
0
LINE
8
BLACK
6
CONTINUOUS
10
6.1152451968503936
20
-4.8378175984251968
11
6.1165236220472439
21
-4.839096023622047
0
LINE
8
BLACK
6
CONTINUOUS
10
6.1165236220472439
20
-4.839096023622047
11
6.1165236220472439
21
-4.8409039763779527
0
LINE
8
BLACK
6
CONTINUOUS
10
6.1165236220472439
20
-4.8409039763779527
11
6.1152451968503936
21
-4.842182401574803
0
LINE
8
BLACK
6
CONTINUOUS
10
6.1152451968503936
20
-4.842182401574803
11
6.1143412204724408
21
-4.8423622047244095
0
LINE
8
BLACK
6
CONTINUOUS
10
6.1143412204724408
20
-4.8423622047244095
11
6.1008556299212593
21
-4.8423622047244095
0
LINE
8
BLACK
6
CONTINUOUS
10
6.1008556299212593
20
-4.8423622047244095
11
6.0999516535433074
21
-4.842182401574803
0
LINE
8
BLACK
6
CONTINUOUS
10
6.0999516535433074
20
-4.842182401574803
11
6.0986732283464562
21
-4.8409039763779527
0
LINE
8
BLACK
6
CONTINUOUS
10
6.0986732283464562
20
-4.8409039763779527
11
6.0986732283464562
21
-4.839096023622047
0
LINE
8
BLACK
6
CONTINUOUS
10
6.0986732283464562
20
-4.839096023622047
11
6.0999516535433074
21
-4.8378175984251968
0
LINE
8
BLACK
6
CONTINUOUS
10
6.0999516535433074
20
-4.8378175984251968
11
6.1008556299212593
21
-4.8376377952755902
0
LINE
8
BLACK
6
CONTINUOUS
10
6.1008556299212593
20
-4.8376377952755902
11
6.1143412204724408
21
-4.8376377952755902
0
LINE
8
BLACK
6
CONTINUOUS
10
6.1143412204724408
20
-4.8376377952755902
11
6.1152451968503936
21
-4.8378175984251968
0
LINE
8
BLACK
6
CONTINUOUS
10
6.6211338582677159
20
-4.7933600787401573
11
6.6211768897637793
21
-4.7933537007874012
0
LINE
8
BLACK
6
CONTINUOUS
10
6.6211768897637793
20
-4.7933537007874012
11
6.6213923622047242
21
-4.7933855511811023
0
LINE
8
BLACK
6
CONTINUOUS
10
6.6213923622047242
20
-4.7933855511811023
11
6.6216094094488192
21
-4.7934069291338579
0
LINE
8
BLACK
6
CONTINUOUS
10
6.6216094094488192
20
-4.7934069291338579
11
6.6216496062992123
21
-4.7934235433070862
0
LINE
8
BLACK
6
CONTINUOUS
10
6.6216496062992123
20
-4.7934235433070862
11
6.6217494881889758
21
-4.7934383464566928
0
LINE
8
BLACK
6
CONTINUOUS
10
6.6217494881889758
20
-4.7934383464566928
11
6.6292485433070869
21
-4.7953131102362203
0
LINE
8
BLACK
6
CONTINUOUS
10
6.6292485433070869
20
-4.7953131102362203
11
6.6292910236220468
21
-4.7953282677165356
0
LINE
8
BLACK
6
CONTINUOUS
10
6.6292910236220468
20
-4.7953282677165356
11
6.629312283464567
21
-4.7953298031496061
0
LINE
8
BLACK
6
CONTINUOUS
10
6.629312283464567
20
-4.7953298031496061
11
6.6295516929133855
21
-4.7954214173228342
0
LINE
8
BLACK
6
CONTINUOUS
10
6.6295516929133855
20
-4.7954214173228342
11
6.629793661417323
21
-4.7955078740157475
0
LINE
8
BLACK
6
CONTINUOUS
10
6.629793661417323
20
-4.7955078740157475
11
6.629810787401575
21
-4.7955205511811023
0
LINE
8
BLACK
6
CONTINUOUS
10
6.629810787401575
20
-4.7955205511811023
11
6.6298529133858271
21
-4.7955366929133856
0
LINE
8
BLACK
6
CONTINUOUS
10
6.6298529133858271
20
-4.7955366929133856
11
6.6336024409448822
21
-4.7974114566929131
0
LINE
8
BLACK
6
CONTINUOUS
10
6.6336024409448822
20
-4.7974114566929131
11
6.6338503149606298
21
-4.7975674803149602
0
LINE
8
BLACK
6
CONTINUOUS
10
6.6338503149606298
20
-4.7975674803149602
11
6.6339223622047241
21
-4.7975973228346458
0
LINE
8
BLACK
6
CONTINUOUS
10
6.6339223622047241
20
-4.7975973228346458
11
6.6340033858267713
21
-4.7976638188976377
0
LINE
8
BLACK
6
CONTINUOUS
10
6.6340033858267713
20
-4.7976638188976377
11
6.6340923228346451
21
-4.7977198031496062
0
LINE
8
BLACK
6
CONTINUOUS
10
6.6340923228346451
20
-4.7977198031496062
11
6.6341434645669288
21
-4.797778779527559
0
LINE
8
BLACK
6
CONTINUOUS
10
6.6341434645669288
20
-4.797778779527559
11
6.6343698425196846
21
-4.7979645669291333
0
LINE
8
BLACK
6
CONTINUOUS
10
6.6343698425196846
20
-4.7979645669291333
11
6.6381194094488185
21
-4.8017140944881893
0
LINE
8
BLACK
6
CONTINUOUS
10
6.6381194094488185
20
-4.8017140944881893
11
6.6384866535433069
21
-4.8021615354330711
0
LINE
8
BLACK
6
CONTINUOUS
10
6.6384866535433069
20
-4.8021615354330711
11
6.6385272440944885
21
-4.8022595669291341
0
LINE
8
BLACK
6
CONTINUOUS
10
6.6385272440944885
20
-4.8022595669291341
11
6.6385967322834647
21
-4.80233968503937
0
LINE
8
BLACK
6
CONTINUOUS
10
6.6385967322834647
20
-4.80233968503937
11
6.6388327165354326
21
-4.8028682677165353
0
LINE
8
BLACK
6
CONTINUOUS
10
6.6388327165354326
20
-4.8028682677165353
11
6.6407074803149602
21
-4.8084925196850392
0
LINE
8
BLACK
6
CONTINUOUS
10
6.6407074803149602
20
-4.8084925196850392
11
6.6407724015748029
21
-4.8087781496062991
0
LINE
8
BLACK
6
CONTINUOUS
10
6.6407724015748029
20
-4.8087781496062991
11
6.6408022834645664
21
-4.8088502362204721
0
LINE
8
BLACK
6
CONTINUOUS
10
6.6408022834645664
20
-4.8088502362204721
11
6.6408125590551181
21
-4.8089546850393701
0
LINE
8
BLACK
6
CONTINUOUS
10
6.6408125590551181
20
-4.8089546850393701
11
6.640835826771653
21
-4.8090569685039366
0
LINE
8
BLACK
6
CONTINUOUS
10
6.640835826771653
20
-4.8090569685039366
11
6.6408302755905506
21
-4.8091346850393704
0
LINE
8
BLACK
6
CONTINUOUS
10
6.6408302755905506
20
-4.8091346850393704
11
6.6408590157480312
21
-4.809426299212598
0
LINE
8
BLACK
6
CONTINUOUS
10
6.6408590157480312
20
-4.809426299212598
11
6.6408590157480312
21
-4.8131758267716531
0
LINE
8
BLACK
6
CONTINUOUS
10
6.6408590157480312
20
-4.8131758267716531
11
6.6408302755905506
21
-4.8134674015748029
0
LINE
8
BLACK
6
CONTINUOUS
10
6.6408302755905506
20
-4.8134674015748029
11
6.640835826771653
21
-4.8135451574803145
0
LINE
8
BLACK
6
CONTINUOUS
10
6.640835826771653
20
-4.8135451574803145
11
6.6408125590551181
21
-4.8136474015748032
0
LINE
8
BLACK
6
CONTINUOUS
10
6.6408125590551181
20
-4.8136474015748032
11
6.6408022834645664
21
-4.813751889763779
0
LINE
8
BLACK
6
CONTINUOUS
10
6.6408022834645664
20
-4.813751889763779
11
6.6407724015748029
21
-4.8138239370078741
0
LINE
8
BLACK
6
CONTINUOUS
10
6.6407724015748029
20
-4.8138239370078741
11
6.6407074803149602
21
-4.8141096062992128
0
LINE
8
BLACK
6
CONTINUOUS
10
6.6407074803149602
20
-4.8141096062992128
11
6.6388327165354326
21
-4.8197338582677167
0
LINE
8
BLACK
6
CONTINUOUS
10
6.6388327165354326
20
-4.8197338582677167
11
6.6385967322834647
21
-4.820262440944882
0
LINE
8
BLACK
6
CONTINUOUS
10
6.6385967322834647
20
-4.820262440944882
11
6.638527165354331
21
-4.8203425984251966
0
LINE
8
BLACK
6
CONTINUOUS
10
6.638527165354331
20
-4.8203425984251966
11
6.6384866141732282
21
-4.8204405905511809
0
LINE
8
BLACK
6
CONTINUOUS
10
6.6384866141732282
20
-4.8204405905511809
11
6.6381193700787398
21
-4.8208880708661415
0
LINE
8
BLACK
6
CONTINUOUS
10
6.6381193700787398
20
-4.8208880708661415
11
6.6362445669291334
21
-4.822762834645669
0
LINE
8
BLACK
6
CONTINUOUS
10
6.6362445669291334
20
-4.822762834645669
11
6.6357971259842516
21
-4.8231300393700787
0
LINE
8
BLACK
6
CONTINUOUS
10
6.6357971259842516
20
-4.8231300393700787
11
6.6347327165354333
21
-4.8235709055118106
0
LINE
8
BLACK
6
CONTINUOUS
10
6.6347327165354333
20
-4.8235709055118106
11
6.6335806299212594
21
-4.8235709055118106
0
LINE
8
BLACK
6
CONTINUOUS
10
6.6335806299212594
20
-4.8235709055118106
11
6.632516220472441
21
-4.8231299999999999
0
LINE
8
BLACK
6
CONTINUOUS
10
6.632516220472441
20
-4.8231299999999999
11
6.6317015354330708
21
-4.8223153149606297
0
LINE
8
BLACK
6
CONTINUOUS
10
6.6317015354330708
20
-4.8223153149606297
11
6.6312606692913381
21
-4.8212509055118113
0
LINE
8
BLACK
6
CONTINUOUS
10
6.6312606692913381
20
-4.8212509055118113
11
6.6312606692913381
21
-4.8200988188976375
0
LINE
8
BLACK
6
CONTINUOUS
10
6.6312606692913381
20
-4.8200988188976375
11
6.6317015748031496
21
-4.8190344094488191
0
LINE
8
BLACK
6
CONTINUOUS
10
6.6317015748031496
20
-4.8190344094488191
11
6.632068818897638
21
-4.8185869291338586
0
LINE
8
BLACK
6
CONTINUOUS
10
6.632068818897638
20
-4.8185869291338586
11
6.6334507086614174
21
-4.8172050393700783
0
LINE
8
BLACK
6
CONTINUOUS
10
6.6334507086614174
20
-4.8172050393700783
11
6.634953503937008
21
-4.8126966929133861
0
LINE
8
BLACK
6
CONTINUOUS
10
6.634953503937008
20
-4.8126966929133861
11
6.634953503937008
21
-4.8099054330708659
0
LINE
8
BLACK
6
CONTINUOUS
10
6.634953503937008
20
-4.8099054330708659
11
6.6334507086614174
21
-4.8053970472440941
0
LINE
8
BLACK
6
CONTINUOUS
10
6.6334507086614174
20
-4.8053970472440941
11
6.6305328346456696
21
-4.802479212598425
0
LINE
8
BLACK
6
CONTINUOUS
10
6.6305328346456696
20
-4.802479212598425
11
6.6275018503937009
21
-4.8009637007874018
0
LINE
8
BLACK
6
CONTINUOUS
10
6.6275018503937009
20
-4.8009637007874018
11
6.6206698031496058
21
-4.7992557086614172
0
LINE
8
BLACK
6
CONTINUOUS
10
6.6206698031496058
20
-4.7992557086614172
11
6.6157725984251963
21
-4.7992557086614172
0
LINE
8
BLACK
6
CONTINUOUS
10
6.6157725984251963
20
-4.7992557086614172
11
6.6089405511811021
21
-4.8009637007874018
0
LINE
8
BLACK
6
CONTINUOUS
10
6.6089405511811021
20
-4.8009637007874018
11
6.6059095669291334
21
-4.802479212598425
0
LINE
8
BLACK
6
CONTINUOUS
10
6.6059095669291334
20
-4.802479212598425
11
6.6029917322834644
21
-4.8053970078740154
0
LINE
8
BLACK
6
CONTINUOUS
10
6.6029917322834644
20
-4.8053970078740154
11
6.6014889370078738
21
-4.8099054330708659
0
LINE
8
BLACK
6
CONTINUOUS
10
6.6014889370078738
20
-4.8099054330708659
11
6.6014889370078738
21
-4.8126966535433073
0
LINE
8
BLACK
6
CONTINUOUS
10
6.6014889370078738
20
-4.8126966535433073
11
6.6029917322834644
21
-4.817205078740157
0
LINE
8
BLACK
6
CONTINUOUS
10
6.6029917322834644
20
-4.817205078740157
11
6.6043736220472438
21
-4.8185869685039373
0
LINE
8
BLACK
6
CONTINUOUS
10
6.6043736220472438
20
-4.8185869685039373
11
6.6047408267716534
21
-4.8190344094488191
0
LINE
8
BLACK
6
CONTINUOUS
10
6.6047408267716534
20
-4.8190344094488191
11
6.6051817322834641
21
-4.8200988188976375
0
LINE
8
BLACK
6
CONTINUOUS
10
6.6051817322834641
20
-4.8200988188976375
11
6.6051817322834641
21
-4.8212509055118113
0
LINE
8
BLACK
6
CONTINUOUS
10
6.6051817322834641
20
-4.8212509055118113
11
6.6047408267716534
21
-4.8223153149606297
0
LINE
8
BLACK
6
CONTINUOUS
10
6.6047408267716534
20
-4.8223153149606297
11
6.6039261417322832
21
-4.8231299999999999
0
LINE
8
BLACK
6
CONTINUOUS
10
6.6039261417322832
20
-4.8231299999999999
11
6.6028617322834648
21
-4.8235709055118106
0
LINE
8
BLACK
6
CONTINUOUS
10
6.6028617322834648
20
-4.8235709055118106
11
6.601709645669291
21
-4.8235709055118106
0
LINE
8
BLACK
6
CONTINUOUS
10
6.601709645669291
20
-4.8235709055118106
11
6.6006452362204726
21
-4.8231299999999999
0
LINE
8
BLACK
6
CONTINUOUS
10
6.6006452362204726
20
-4.8231299999999999
11
6.6001977952755908
21
-4.8227627952755903
0
LINE
8
BLACK
6
CONTINUOUS
10
6.6001977952755908
20
-4.8227627952755903
11
6.5983230314960633
21
-4.8208880314960627
0
LINE
8
BLACK
6
CONTINUOUS
10
6.5983230314960633
20
-4.8208880314960627
11
6.5979558267716536
21
-4.8204405905511809
0
LINE
8
BLACK
6
CONTINUOUS
10
6.5979558267716536
20
-4.8204405905511809
11
6.5979151968503933
21
-4.8203425196850391
0
LINE
8
BLACK
6
CONTINUOUS
10
6.5979151968503933
20
-4.8203425196850391
11
6.5978457086614171
21
-4.8202624015748032
0
LINE
8
BLACK
6
CONTINUOUS
10
6.5978457086614171
20
-4.8202624015748032
11
6.5976097244094483
21
-4.8197338582677167
0
LINE
8
BLACK
6
CONTINUOUS
10
6.5976097244094483
20
-4.8197338582677167
11
6.5957349606299207
21
-4.8141095669291341
0
LINE
8
BLACK
6
CONTINUOUS
10
6.5957349606299207
20
-4.8141095669291341
11
6.5956700000000001
21
-4.8138239763779529
0
LINE
8
BLACK
6
CONTINUOUS
10
6.5956700000000001
20
-4.8138239763779529
11
6.5956401574803145
21
-4.813751889763779
0
LINE
8
BLACK
6
CONTINUOUS
10
6.5956401574803145
20
-4.813751889763779
11
6.5956298425196849
21
-4.8136473622047244
0
LINE
8
BLACK
6
CONTINUOUS
10
6.5956298425196849
20
-4.8136473622047244
11
6.5956066141732279
21
-4.8135451181102358
0
LINE
8
BLACK
6
CONTINUOUS
10
6.5956066141732279
20
-4.8135451181102358
11
6.5956121259842515
21
-4.8134673622047242
0
LINE
8
BLACK
6
CONTINUOUS
10
6.5956121259842515
20
-4.8134673622047242
11
6.5955834251968506
21
-4.8131758267716531
0
LINE
8
BLACK
6
CONTINUOUS
10
6.5955834251968506
20
-4.8131758267716531
11
6.5955834251968506
21
-4.809426299212598
0
LINE
8
BLACK
6
CONTINUOUS
10
6.5955834251968506
20
-4.809426299212598
11
6.5956121259842515
21
-4.8091347244094491
0
LINE
8
BLACK
6
CONTINUOUS
10
6.5956121259842515
20
-4.8091347244094491
11
6.5956066141732279
21
-4.8090570078740154
0
LINE
8
BLACK
6
CONTINUOUS
10
6.5956066141732279
20
-4.8090570078740154
11
6.5956298425196849
21
-4.8089547244094488
0
LINE
8
BLACK
6
CONTINUOUS
10
6.5956298425196849
20
-4.8089547244094488
11
6.5956401574803145
21
-4.8088502362204721
0
LINE
8
BLACK
6
CONTINUOUS
10
6.5956401574803145
20
-4.8088502362204721
11
6.5956700000000001
21
-4.8087781102362204
0
LINE
8
BLACK
6
CONTINUOUS
10
6.5956700000000001
20
-4.8087781102362204
11
6.5957349606299207
21
-4.808492559055118
0
LINE
8
BLACK
6
CONTINUOUS
10
6.5957349606299207
20
-4.808492559055118
11
6.5976097244094483
21
-4.8028682677165353
0
LINE
8
BLACK
6
CONTINUOUS
10
6.5976097244094483
20
-4.8028682677165353
11
6.5978457086614171
21
-4.8023397244094488
0
LINE
8
BLACK
6
CONTINUOUS
10
6.5978457086614171
20
-4.8023397244094488
11
6.5979151968503933
21
-4.8022595669291341
0
LINE
8
BLACK
6
CONTINUOUS
10
6.5979151968503933
20
-4.8022595669291341
11
6.5979558267716536
21
-4.8021615354330711
0
LINE
8
BLACK
6
CONTINUOUS
10
6.5979558267716536
20
-4.8021615354330711
11
6.5983230314960633
21
-4.8017140944881893
0
LINE
8
BLACK
6
CONTINUOUS
10
6.5983230314960633
20
-4.8017140944881893
11
6.6020725590551184
21
-4.7979645669291333
0
LINE
8
BLACK
6
CONTINUOUS
10
6.6020725590551184
20
-4.7979645669291333
11
6.6022989370078742
21
-4.7977787007874015
0
LINE
8
BLACK
6
CONTINUOUS
10
6.6022989370078742
20
-4.7977787007874015
11
6.602350078740157
21
-4.7977198031496062
0
LINE
8
BLACK
6
CONTINUOUS
10
6.602350078740157
20
-4.7977198031496062
11
6.602438818897638
21
-4.7976638976377952
0
LINE
8
BLACK
6
CONTINUOUS
10
6.602438818897638
20
-4.7976638976377952
11
6.6025200000000002
21
-4.7975973228346458
0
LINE
8
BLACK
6
CONTINUOUS
10
6.6025200000000002
20
-4.7975973228346458
11
6.6025921259842519
21
-4.7975674409448814
0
LINE
8
BLACK
6
CONTINUOUS
10
6.6025921259842519
20
-4.7975674409448814
11
6.6028399606299208
21
-4.7974114566929131
0
LINE
8
BLACK
6
CONTINUOUS
10
6.6028399606299208
20
-4.7974114566929131
11
6.606589488188976
21
-4.7955366929133856
0
LINE
8
BLACK
6
CONTINUOUS
10
6.606589488188976
20
-4.7955366929133856
11
6.6066315748031492
21
-4.7955205511811023
0
LINE
8
BLACK
6
CONTINUOUS
10
6.6066315748031492
20
-4.7955205511811023
11
6.60664874015748
21
-4.7955078740157475
0
LINE
8
BLACK
6
CONTINUOUS
10
6.60664874015748
20
-4.7955078740157475
11
6.60689031496063
21
-4.7954215354330705
0
LINE
8
BLACK
6
CONTINUOUS
10
6.60689031496063
20
-4.7954215354330705
11
6.6071300787401572
21
-4.7953298031496061
0
LINE
8
BLACK
6
CONTINUOUS
10
6.6071300787401572
20
-4.7953298031496061
11
6.6071513385826774
21
-4.7953282677165356
0
LINE
8
BLACK
6
CONTINUOUS
10
6.6071513385826774
20
-4.7953282677165356
11
6.6071938582677161
21
-4.7953131102362203
0
LINE
8
BLACK
6
CONTINUOUS
10
6.6071938582677161
20
-4.7953131102362203
11
6.6146929133858263
21
-4.7934383464566928
0
LINE
8
BLACK
6
CONTINUOUS
10
6.6146929133858263
20
-4.7934383464566928
11
6.614792755905512
21
-4.7934235433070862
0
LINE
8
BLACK
6
CONTINUOUS
10
6.614792755905512
20
-4.7934235433070862
11
6.6148329921259839
21
-4.7934069291338579
0
LINE
8
BLACK
6
CONTINUOUS
10
6.6148329921259839
20
-4.7934069291338579
11
6.6150500000000001
21
-4.7933855511811023
0
LINE
8
BLACK
6
CONTINUOUS
10
6.6150500000000001
20
-4.7933855511811023
11
6.6152655118110237
21
-4.7933537007874012
0
LINE
8
BLACK
6
CONTINUOUS
10
6.6152655118110237
20
-4.7933537007874012
11
6.6153085039370074
21
-4.7933600787401573
0
LINE
8
BLACK
6
CONTINUOUS
10
6.6153085039370074
20
-4.7933600787401573
11
6.6154090551181097
21
-4.793350196850394
0
LINE
8
BLACK
6
CONTINUOUS
10
6.6154090551181097
20
-4.793350196850394
11
6.6210333464566924
21
-4.793350196850394
0
LINE
8
BLACK
6
CONTINUOUS
10
6.6210333464566924
20
-4.793350196850394
11
6.6211338582677159
21
-4.7933600787401573
0
LINE
8
BLACK
6
CONTINUOUS
10
5.7120787401574802
20
-4.7907691732283464
11
5.7121217716535435
21
-4.7907627952755902
0
LINE
8
BLACK
6
CONTINUOUS
10
5.7121217716535435
20
-4.7907627952755902
11
5.7123372440944884
21
-4.7907946456692914
0
LINE
8
BLACK
6
CONTINUOUS
10
5.7123372440944884
20
-4.7907946456692914
11
5.7125542913385825
21
-4.7908160236220469
0
LINE
8
BLACK
6
CONTINUOUS
10
5.7125542913385825
20
-4.7908160236220469
11
5.7125944881889765
21
-4.7908326377952752
0
LINE
8
BLACK
6
CONTINUOUS
10
5.7125944881889765
20
-4.7908326377952752
11
5.71269437007874
21
-4.7908474409448818
0
LINE
8
BLACK
6
CONTINUOUS
10
5.71269437007874
20
-4.7908474409448818
11
5.7201934251968503
21
-4.7927222047244094
0
LINE
8
BLACK
6
CONTINUOUS
10
5.7201934251968503
20
-4.7927222047244094
11
5.720235905511811
21
-4.7927373622047247
0
LINE
8
BLACK
6
CONTINUOUS
10
5.720235905511811
20
-4.7927373622047247
11
5.7202571653543304
21
-4.7927388976377951
0
LINE
8
BLACK
6
CONTINUOUS
10
5.7202571653543304
20
-4.7927388976377951
11
5.7204965748031498
21
-4.7928305118110233
0
LINE
8
BLACK
6
CONTINUOUS
10
5.7204965748031498
20
-4.7928305118110233
11
5.7207385433070863
21
-4.7929169685039366
0
LINE
8
BLACK
6
CONTINUOUS
10
5.7207385433070863
20
-4.7929169685039366
11
5.7207556692913384
21
-4.7929296456692914
0
LINE
8
BLACK
6
CONTINUOUS
10
5.7207556692913384
20
-4.7929296456692914
11
5.7207977952755904
21
-4.7929457874015746
0
LINE
8
BLACK
6
CONTINUOUS
10
5.7207977952755904
20
-4.7929457874015746
11
5.7245473228346455
21
-4.7948205511811022
0
LINE
8
BLACK
6
CONTINUOUS
10
5.7245473228346455
20
-4.7948205511811022
11
5.7247951968503932
21
-4.7949765748031492
0
LINE
8
BLACK
6
CONTINUOUS
10
5.7247951968503932
20
-4.7949765748031492
11
5.7248672440944883
21
-4.7950064173228348
0
LINE
8
BLACK
6
CONTINUOUS
10
5.7248672440944883
20
-4.7950064173228348
11
5.7249482677165355
21
-4.7950729133858268
0
LINE
8
BLACK
6
CONTINUOUS
10
5.7249482677165355
20
-4.7950729133858268
11
5.7250372047244094
21
-4.7951288976377953
0
LINE
8
BLACK
6
CONTINUOUS
10
5.7250372047244094
20
-4.7951288976377953
11
5.7250883464566931
21
-4.7951878740157481
0
LINE
8
BLACK
6
CONTINUOUS
10
5.7250883464566931
20
-4.7951878740157481
11
5.7253147244094489
21
-4.7953736614173224
0
LINE
8
BLACK
6
CONTINUOUS
10
5.7253147244094489
20
-4.7953736614173224
11
5.7290642913385827
21
-4.7991231889763775
0
LINE
8
BLACK
6
CONTINUOUS
10
5.7290642913385827
20
-4.7991231889763775
11
5.7294315354330712
21
-4.7995706299212602
0
LINE
8
BLACK
6
CONTINUOUS
10
5.7294315354330712
20
-4.7995706299212602
11
5.7294721259842518
21
-4.7996686614173223
0
LINE
8
BLACK
6
CONTINUOUS
10
5.7294721259842518
20
-4.7996686614173223
11
5.729541614173228
21
-4.7997487795275591
0
LINE
8
BLACK
6
CONTINUOUS
10
5.729541614173228
20
-4.7997487795275591
11
5.7297775984251968
21
-4.8002773622047243
0
LINE
8
BLACK
6
CONTINUOUS
10
5.7297775984251968
20
-4.8002773622047243
11
5.7316523622047244
21
-4.8059016141732283
0
LINE
8
BLACK
6
CONTINUOUS
10
5.7316523622047244
20
-4.8059016141732283
11
5.7317172834645671
21
-4.8061872440944882
0
LINE
8
BLACK
6
CONTINUOUS
10
5.7317172834645671
20
-4.8061872440944882
11
5.7317471653543306
21
-4.8062593307086612
0
LINE
8
BLACK
6
CONTINUOUS
10
5.7317471653543306
20
-4.8062593307086612
11
5.7317574409448815
21
-4.8063637795275591
0
LINE
8
BLACK
6
CONTINUOUS
10
5.7317574409448815
20
-4.8063637795275591
11
5.7317807086614172
21
-4.8064660629921256
0
LINE
8
BLACK
6
CONTINUOUS
10
5.7317807086614172
20
-4.8064660629921256
11
5.7317751574803149
21
-4.8065437795275585
0
LINE
8
BLACK
6
CONTINUOUS
10
5.7317751574803149
20
-4.8065437795275585
11
5.7318038976377954
21
-4.8068353937007871
0
LINE
8
BLACK
6
CONTINUOUS
10
5.7318038976377954
20
-4.8068353937007871
11
5.7318038976377954
21
-4.8105849212598422
0
LINE
8
BLACK
6
CONTINUOUS
10
5.7318038976377954
20
-4.8105849212598422
11
5.7317751574803149
21
-4.8108764960629919
0
LINE
8
BLACK
6
CONTINUOUS
10
5.7317751574803149
20
-4.8108764960629919
11
5.7317807086614172
21
-4.8109542519685036
0
LINE
8
BLACK
6
CONTINUOUS
10
5.7317807086614172
20
-4.8109542519685036
11
5.7317574409448815
21
-4.8110564960629922
0
LINE
8
BLACK
6
CONTINUOUS
10
5.7317574409448815
20
-4.8110564960629922
11
5.7317471653543306
21
-4.811160984251968
0
LINE
8
BLACK
6
CONTINUOUS
10
5.7317471653543306
20
-4.811160984251968
11
5.7317172834645671
21
-4.8112330314960632
0
LINE
8
BLACK
6
CONTINUOUS
10
5.7317172834645671
20
-4.8112330314960632
11
5.7316523622047244
21
-4.8115187007874018
0
LINE
8
BLACK
6
CONTINUOUS
10
5.7316523622047244
20
-4.8115187007874018
11
5.7297775984251968
21
-4.8171429527559058
0
LINE
8
BLACK
6
CONTINUOUS
10
5.7297775984251968
20
-4.8171429527559058
11
5.729541614173228
21
-4.817671535433071
0
LINE
8
BLACK
6
CONTINUOUS
10
5.729541614173228
20
-4.817671535433071
11
5.7294720472440943
21
-4.8177516929133857
0
LINE
8
BLACK
6
CONTINUOUS
10
5.7294720472440943
20
-4.8177516929133857
11
5.7294314960629924
21
-4.8178496850393699
0
LINE
8
BLACK
6
CONTINUOUS
10
5.7294314960629924
20
-4.8178496850393699
11
5.729064251968504
21
-4.8182971653543305
0
LINE
8
BLACK
6
CONTINUOUS
10
5.729064251968504
20
-4.8182971653543305
11
5.7271894488188977
21
-4.8201719291338581
0
LINE
8
BLACK
6
CONTINUOUS
10
5.7271894488188977
20
-4.8201719291338581
11
5.7267420078740159
21
-4.8205391338582677
0
LINE
8
BLACK
6
CONTINUOUS
10
5.7267420078740159
20
-4.8205391338582677
11
5.7256775984251966
21
-4.8209799999999996
0
LINE
8
BLACK
6
CONTINUOUS
10
5.7256775984251966
20
-4.8209799999999996
11
5.7245255118110236
21
-4.8209799999999996
0
LINE
8
BLACK
6
CONTINUOUS
10
5.7245255118110236
20
-4.8209799999999996
11
5.7234611023622044
21
-4.820539094488189
0
LINE
8
BLACK
6
CONTINUOUS
10
5.7234611023622044
20
-4.820539094488189
11
5.7226464173228342
21
-4.8197244094488187
0
LINE
8
BLACK
6
CONTINUOUS
10
5.7226464173228342
20
-4.8197244094488187
11
5.7222055511811023
21
-4.8186599999999995
0
LINE
8
BLACK
6
CONTINUOUS
10
5.7222055511811023
20
-4.8186599999999995
11
5.7222055511811023
21
-4.8175079133858265
0
LINE
8
BLACK
6
CONTINUOUS
10
5.7222055511811023
20
-4.8175079133858265
11
5.7226464566929129
21
-4.8164435039370082
0
LINE
8
BLACK
6
CONTINUOUS
10
5.7226464566929129
20
-4.8164435039370082
11
5.7230137007874013
21
-4.8159960236220467
0
LINE
8
BLACK
6
CONTINUOUS
10
5.7230137007874013
20
-4.8159960236220467
11
5.7243955905511807
21
-4.8146141338582673
0
LINE
8
BLACK
6
CONTINUOUS
10
5.7243955905511807
20
-4.8146141338582673
11
5.7258983858267714
21
-4.8101057874015751
0
LINE
8
BLACK
6
CONTINUOUS
10
5.7258983858267714
20
-4.8101057874015751
11
5.7258983858267714
21
-4.807314527559055
0
LINE
8
BLACK
6
CONTINUOUS
10
5.7258983858267714
20
-4.807314527559055
11
5.7243955905511807
21
-4.8028061417322832
0
LINE
8
BLACK
6
CONTINUOUS
10
5.7243955905511807
20
-4.8028061417322832
11
5.7214777165354329
21
-4.7998883070866141
0
LINE
8
BLACK
6
CONTINUOUS
10
5.7214777165354329
20
-4.7998883070866141
11
5.7184467322834642
21
-4.7983727952755908
0
LINE
8
BLACK
6
CONTINUOUS
10
5.7184467322834642
20
-4.7983727952755908
11
5.7116146850393701
21
-4.7966648031496062
0
LINE
8
BLACK
6
CONTINUOUS
10
5.7116146850393701
20
-4.7966648031496062
11
5.7067174803149605
21
-4.7966648031496062
0
LINE
8
BLACK
6
CONTINUOUS
10
5.7067174803149605
20
-4.7966648031496062
11
5.6998854330708664
21
-4.7983727952755908
0
LINE
8
BLACK
6
CONTINUOUS
10
5.6998854330708664
20
-4.7983727952755908
11
5.6968544488188977
21
-4.7998883070866141
0
LINE
8
BLACK
6
CONTINUOUS
10
5.6968544488188977
20
-4.7998883070866141
11
5.6939366141732286
21
-4.8028061023622044
0
LINE
8
BLACK
6
CONTINUOUS
10
5.6939366141732286
20
-4.8028061023622044
11
5.692433818897638
21
-4.807314527559055
0
LINE
8
BLACK
6
CONTINUOUS
10
5.692433818897638
20
-4.807314527559055
11
5.692433818897638
21
-4.8101057480314964
0
LINE
8
BLACK
6
CONTINUOUS
10
5.692433818897638
20
-4.8101057480314964
11
5.6939366141732286
21
-4.8146141732283461
0
LINE
8
BLACK
6
CONTINUOUS
10
5.6939366141732286
20
-4.8146141732283461
11
5.695318503937008
21
-4.8159960629921255
0
LINE
8
BLACK
6
CONTINUOUS
10
5.695318503937008
20
-4.8159960629921255
11
5.6956857086614168
21
-4.8164435039370082
0
LINE
8
BLACK
6
CONTINUOUS
10
5.6956857086614168
20
-4.8164435039370082
11
5.6961266141732283
21
-4.8175079133858265
0
LINE
8
BLACK
6
CONTINUOUS
10
5.6961266141732283
20
-4.8175079133858265
11
5.6961266141732283
21
-4.8186599999999995
0
LINE
8
BLACK
6
CONTINUOUS
10
5.6961266141732283
20
-4.8186599999999995
11
5.6956857086614168
21
-4.8197244094488187
0
LINE
8
BLACK
6
CONTINUOUS
10
5.6956857086614168
20
-4.8197244094488187
11
5.6948710236220474
21
-4.820539094488189
0
LINE
8
BLACK
6
CONTINUOUS
10
5.6948710236220474
20
-4.820539094488189
11
5.6938066141732282
21
-4.8209799999999996
0
LINE
8
BLACK
6
CONTINUOUS
10
5.6938066141732282
20
-4.8209799999999996
11
5.6926545275590552
21
-4.8209799999999996
0
LINE
8
BLACK
6
CONTINUOUS
10
5.6926545275590552
20
-4.8209799999999996
11
5.691590118110236
21
-4.820539094488189
0
LINE
8
BLACK
6
CONTINUOUS
10
5.691590118110236
20
-4.820539094488189
11
5.6911426771653542
21
-4.8201718897637793
0
LINE
8
BLACK
6
CONTINUOUS
10
5.6911426771653542
20
-4.8201718897637793
11
5.6892679133858266
21
-4.8182971259842517
0
LINE
8
BLACK
6
CONTINUOUS
10
5.6892679133858266
20
-4.8182971259842517
11
5.6889007086614169
21
-4.8178496850393699
0
LINE
8
BLACK
6
CONTINUOUS
10
5.6889007086614169
20
-4.8178496850393699
11
5.6888600787401575
21
-4.8177516141732282
0
LINE
8
BLACK
6
CONTINUOUS
10
5.6888600787401575
20
-4.8177516141732282
11
5.6887905905511813
21
-4.8176714960629923
0
LINE
8
BLACK
6
CONTINUOUS
10
5.6887905905511813
20
-4.8176714960629923
11
5.6885546062992125
21
-4.8171429527559058
0
LINE
8
BLACK
6
CONTINUOUS
10
5.6885546062992125
20
-4.8171429527559058
11
5.6866798425196849
21
-4.8115186614173231
0
LINE
8
BLACK
6
CONTINUOUS
10
5.6866798425196849
20
-4.8115186614173231
11
5.6866148818897635
21
-4.8112330708661419
0
LINE
8
BLACK
6
CONTINUOUS
10
5.6866148818897635
20
-4.8112330708661419
11
5.6865850393700788
21
-4.811160984251968
0
LINE
8
BLACK
6
CONTINUOUS
10
5.6865850393700788
20
-4.811160984251968
11
5.6865747244094491
21
-4.8110564566929135
0
LINE
8
BLACK
6
CONTINUOUS
10
5.6865747244094491
20
-4.8110564566929135
11
5.6865514960629922
21
-4.8109542125984248
0
LINE
8
BLACK
6
CONTINUOUS
10
5.6865514960629922
20
-4.8109542125984248
11
5.6865570078740157
21
-4.8108764566929132
0
LINE
8
BLACK
6
CONTINUOUS
10
5.6865570078740157
20
-4.8108764566929132
11
5.6865283070866139
21
-4.8105849212598422
0
LINE
8
BLACK
6
CONTINUOUS
10
5.6865283070866139
20
-4.8105849212598422
11
5.6865283070866139
21
-4.8068353937007871
0
LINE
8
BLACK
6
CONTINUOUS
10
5.6865283070866139
20
-4.8068353937007871
11
5.6865570078740157
21
-4.8065438188976373
0
LINE
8
BLACK
6
CONTINUOUS
10
5.6865570078740157
20
-4.8065438188976373
11
5.6865514960629922
21
-4.8064661023622044
0
LINE
8
BLACK
6
CONTINUOUS
10
5.6865514960629922
20
-4.8064661023622044
11
5.6865747244094491
21
-4.8063638188976379
0
LINE
8
BLACK
6
CONTINUOUS
10
5.6865747244094491
20
-4.8063638188976379
11
5.6865850393700788
21
-4.8062593307086612
0
LINE
8
BLACK
6
CONTINUOUS
10
5.6865850393700788
20
-4.8062593307086612
11
5.6866148818897635
21
-4.8061872047244094
0
LINE
8
BLACK
6
CONTINUOUS
10
5.6866148818897635
20
-4.8061872047244094
11
5.6866798425196849
21
-4.805901653543307
0
LINE
8
BLACK
6
CONTINUOUS
10
5.6866798425196849
20
-4.805901653543307
11
5.6885546062992125
21
-4.8002773622047243
0
LINE
8
BLACK
6
CONTINUOUS
10
5.6885546062992125
20
-4.8002773622047243
11
5.6887905905511813
21
-4.7997488188976378
0
LINE
8
BLACK
6
CONTINUOUS
10
5.6887905905511813
20
-4.7997488188976378
11
5.6888600787401575
21
-4.7996686614173223
0
LINE
8
BLACK
6
CONTINUOUS
10
5.6888600787401575
20
-4.7996686614173223
11
5.6889007086614169
21
-4.7995706299212602
0
LINE
8
BLACK
6
CONTINUOUS
10
5.6889007086614169
20
-4.7995706299212602
11
5.6892679133858266
21
-4.7991231889763775
0
LINE
8
BLACK
6
CONTINUOUS
10
5.6892679133858266
20
-4.7991231889763775
11
5.6930174409448817
21
-4.7953736614173224
0
LINE
8
BLACK
6
CONTINUOUS
10
5.6930174409448817
20
-4.7953736614173224
11
5.6932438188976375
21
-4.7951877952755906
0
LINE
8
BLACK
6
CONTINUOUS
10
5.6932438188976375
20
-4.7951877952755906
11
5.6932949606299212
21
-4.7951288976377953
0
LINE
8
BLACK
6
CONTINUOUS
10
5.6932949606299212
20
-4.7951288976377953
11
5.6933837007874013
21
-4.7950729921259843
0
LINE
8
BLACK
6
CONTINUOUS
10
5.6933837007874013
20
-4.7950729921259843
11
5.6934648818897635
21
-4.7950064173228348
0
LINE
8
BLACK
6
CONTINUOUS
10
5.6934648818897635
20
-4.7950064173228348
11
5.6935370078740153
21
-4.7949765354330705
0
LINE
8
BLACK
6
CONTINUOUS
10
5.6935370078740153
20
-4.7949765354330705
11
5.6937848425196851
21
-4.7948205511811022
0
LINE
8
BLACK
6
CONTINUOUS
10
5.6937848425196851
20
-4.7948205511811022
11
5.6975343700787402
21
-4.7929457874015746
0
LINE
8
BLACK
6
CONTINUOUS
10
5.6975343700787402
20
-4.7929457874015746
11
5.6975764566929135
21
-4.7929296456692914
0
LINE
8
BLACK
6
CONTINUOUS
10
5.6975764566929135
20
-4.7929296456692914
11
5.6975936220472443
21
-4.7929169685039366
0
LINE
8
BLACK
6
CONTINUOUS
10
5.6975936220472443
20
-4.7929169685039366
11
5.6978351968503933
21
-4.7928306299212595
0
LINE
8
BLACK
6
CONTINUOUS
10
5.6978351968503933
20
-4.7928306299212595
11
5.6980749606299215
21
-4.7927388976377951
0
LINE
8
BLACK
6
CONTINUOUS
10
5.6980749606299215
20
-4.7927388976377951
11
5.6980962204724408
21
-4.7927373622047247
0
LINE
8
BLACK
6
CONTINUOUS
10
5.6980962204724408
20
-4.7927373622047247
11
5.6981387401574803
21
-4.7927222047244094
0
LINE
8
BLACK
6
CONTINUOUS
10
5.6981387401574803
20
-4.7927222047244094
11
5.7056377952755906
21
-4.7908474409448818
0
LINE
8
BLACK
6
CONTINUOUS
10
5.7056377952755906
20
-4.7908474409448818
11
5.7057376377952753
21
-4.7908326377952752
0
LINE
8
BLACK
6
CONTINUOUS
10
5.7057376377952753
20
-4.7908326377952752
11
5.7057778740157481
21
-4.7908160236220469
0
LINE
8
BLACK
6
CONTINUOUS
10
5.7057778740157481
20
-4.7908160236220469
11
5.7059948818897634
21
-4.7907946456692914
0
LINE
8
BLACK
6
CONTINUOUS
10
5.7059948818897634
20
-4.7907946456692914
11
5.7062103937007871
21
-4.7907627952755902
0
LINE
8
BLACK
6
CONTINUOUS
10
5.7062103937007871
20
-4.7907627952755902
11
5.7062533858267717
21
-4.7907691732283464
0
LINE
8
BLACK
6
CONTINUOUS
10
5.7062533858267717
20
-4.7907691732283464
11
5.706353937007874
21
-4.7907592913385821
0
LINE
8
BLACK
6
CONTINUOUS
10
5.706353937007874
20
-4.7907592913385821
11
5.7119782283464566
21
-4.7907592913385821
0
LINE
8
BLACK
6
CONTINUOUS
10
5.7119782283464566
20
-4.7907592913385821
11
5.7120787401574802
21
-4.7907691732283464
0
LINE
8
BLACK
6
CONTINUOUS
10
6.3898989370078736
20
-4.8018020472440943
11
6.3900787401574801
21
-4.8027060236220471
0
LINE
8
BLACK
6
CONTINUOUS
10
6.3900787401574801
20
-4.8027060236220471
11
6.3900787401574801
21
-4.8161916141732286
0
LINE
8
BLACK
6
CONTINUOUS
10
6.3900787401574801
20
-4.8161916141732286
11
6.3898989370078736
21
-4.8170955905511814
0
LINE
8
BLACK
6
CONTINUOUS
10
6.3898989370078736
20
-4.8170955905511814
11
6.3886205118110233
21
-4.8183740157480317
0
LINE
8
BLACK
6
CONTINUOUS
10
6.3886205118110233
20
-4.8183740157480317
11
6.3868125590551177
21
-4.8183740157480317
0
LINE
8
BLACK
6
CONTINUOUS
10
6.3868125590551177
20
-4.8183740157480317
11
6.3855341338582674
21
-4.8170955905511814
0
LINE
8
BLACK
6
CONTINUOUS
10
6.3855341338582674
20
-4.8170955905511814
11
6.3853543307086609
21
-4.8161916141732286
0
LINE
8
BLACK
6
CONTINUOUS
10
6.3853543307086609
20
-4.8161916141732286
11
6.3853543307086609
21
-4.8027060236220471
0
LINE
8
BLACK
6
CONTINUOUS
10
6.3853543307086609
20
-4.8027060236220471
11
6.3855341338582674
21
-4.8018020472440943
0
LINE
8
BLACK
6
CONTINUOUS
10
6.3855341338582674
20
-4.8018020472440943
11
6.3868125590551177
21
-4.800523622047244
0
LINE
8
BLACK
6
CONTINUOUS
10
6.3868125590551177
20
-4.800523622047244
11
6.3886205118110233
21
-4.800523622047244
0
LINE
8
BLACK
6
CONTINUOUS
10
6.3886205118110233
20
-4.800523622047244
11
6.3898989370078736
21
-4.8018020472440943
0
LINE
8
BLACK
6
CONTINUOUS
10
6.4300564173228345
20
-4.8018020472440943
11
6.430236220472441
21
-4.8027060236220471
0
LINE
8
BLACK
6
CONTINUOUS
10
6.430236220472441
20
-4.8027060236220471
11
6.430236220472441
21
-4.8161916141732286
0
LINE
8
BLACK
6
CONTINUOUS
10
6.430236220472441
20
-4.8161916141732286
11
6.4300564173228345
21
-4.8170955905511814
0
LINE
8
BLACK
6
CONTINUOUS
10
6.4300564173228345
20
-4.8170955905511814
11
6.4287779921259842
21
-4.8183740157480317
0
LINE
8
BLACK
6
CONTINUOUS
10
6.4287779921259842
20
-4.8183740157480317
11
6.4269700393700786
21
-4.8183740157480317
0
LINE
8
BLACK
6
CONTINUOUS
10
6.4269700393700786
20
-4.8183740157480317
11
6.4256916141732283
21
-4.8170955905511814
0
LINE
8
BLACK
6
CONTINUOUS
10
6.4256916141732283
20
-4.8170955905511814
11
6.4255118110236218
21
-4.8161916141732286
0
LINE
8
BLACK
6
CONTINUOUS
10
6.4255118110236218
20
-4.8161916141732286
11
6.4255118110236218
21
-4.8027060236220471
0
LINE
8
BLACK
6
CONTINUOUS
10
6.4255118110236218
20
-4.8027060236220471
11
6.4256916141732283
21
-4.8018020472440943
0
LINE
8
BLACK
6
CONTINUOUS
10
6.4256916141732283
20
-4.8018020472440943
11
6.4269700393700786
21
-4.800523622047244
0
LINE
8
BLACK
6
CONTINUOUS
10
6.4269700393700786
20
-4.800523622047244
11
6.4287779921259842
21
-4.800523622047244
0
LINE
8
BLACK
6
CONTINUOUS
10
6.4287779921259842
20
-4.800523622047244
11
6.4300564173228345
21
-4.8018020472440943
0
LINE
8
BLACK
6
CONTINUOUS
10
6.1152451968503936
20
-4.8110459448818901
11
6.1165236220472439
21
-4.8123243700787404
0
LINE
8
BLACK
6
CONTINUOUS
10
6.1165236220472439
20
-4.8123243700787404
11
6.1165236220472439
21
-4.814132322834646
0
LINE
8
BLACK
6
CONTINUOUS
10
6.1165236220472439
20
-4.814132322834646
11
6.1152451968503936
21
-4.8154107480314963
0
LINE
8
BLACK
6
CONTINUOUS
10
6.1152451968503936
20
-4.8154107480314963
11
6.1143412204724408
21
-4.8155905511811019
0
LINE
8
BLACK
6
CONTINUOUS
10
6.1143412204724408
20
-4.8155905511811019
11
6.1008556299212593
21
-4.8155905511811019
0
LINE
8
BLACK
6
CONTINUOUS
10
6.1008556299212593
20
-4.8155905511811019
11
6.0999516535433074
21
-4.8154107480314963
0
LINE
8
BLACK
6
CONTINUOUS
10
6.0999516535433074
20
-4.8154107480314963
11
6.0986732283464562
21
-4.814132322834646
0
LINE
8
BLACK
6
CONTINUOUS
10
6.0986732283464562
20
-4.814132322834646
11
6.0986732283464562
21
-4.8123243700787404
0
LINE
8
BLACK
6
CONTINUOUS
10
6.0986732283464562
20
-4.8123243700787404
11
6.0999516535433074
21
-4.8110459448818901
0
LINE
8
BLACK
6
CONTINUOUS
10
6.0999516535433074
20
-4.8110459448818901
11
6.1008556299212593
21
-4.8108661417322836
0
LINE
8
BLACK
6
CONTINUOUS
10
6.1008556299212593
20
-4.8108661417322836
11
6.1143412204724408
21
-4.8108661417322836
0
LINE
8
BLACK
6
CONTINUOUS
10
6.1143412204724408
20
-4.8108661417322836
11
6.1152451968503936
21
-4.8110459448818901
0
LINE
8
BLACK
6
CONTINUOUS
10
6.5559832283464567
20
-4.7767909055118105
11
6.556081220472441
21
-4.7768314960629921
0
LINE
8
BLACK
6
CONTINUOUS
10
6.556081220472441
20
-4.7768314960629921
11
6.5561870472440944
21
-4.7768390157480312
0
LINE
8
BLACK
6
CONTINUOUS
10
6.5561870472440944
20
-4.7768390157480312
11
6.5567276771653544
21
-4.7770459055118106
0
LINE
8
BLACK
6
CONTINUOUS
10
6.5567276771653544
20
-4.7770459055118106
11
6.5604772047244095
21
-4.7789206692913382
0
LINE
8
BLACK
6
CONTINUOUS
10
6.5604772047244095
20
-4.7789206692913382
11
6.5607250787401572
21
-4.7790766929133861
0
LINE
8
BLACK
6
CONTINUOUS
10
6.5607250787401572
20
-4.7790766929133861
11
6.5607971259842515
21
-4.7791065354330708
0
LINE
8
BLACK
6
CONTINUOUS
10
6.5607971259842515
20
-4.7791065354330708
11
6.5608781496062987
21
-4.7791730314960628
0
LINE
8
BLACK
6
CONTINUOUS
10
6.5608781496062987
20
-4.7791730314960628
11
6.5609670866141734
21
-4.7792290157480313
0
LINE
8
BLACK
6
CONTINUOUS
10
6.5609670866141734
20
-4.7792290157480313
11
6.5610182283464562
21
-4.7792879921259841
0
LINE
8
BLACK
6
CONTINUOUS
10
6.5610182283464562
20
-4.7792879921259841
11
6.5612445669291333
21
-4.7794737401574805
0
LINE
8
BLACK
6
CONTINUOUS
10
6.5612445669291333
20
-4.7794737401574805
11
6.5631193700787396
21
-4.7813485039370081
0
LINE
8
BLACK
6
CONTINUOUS
10
6.5631193700787396
20
-4.7813485039370081
11
6.563305118110236
21
-4.7815748425196851
0
LINE
8
BLACK
6
CONTINUOUS
10
6.563305118110236
20
-4.7815748425196851
11
6.5633641732283463
21
-4.7816260629921254
0
LINE
8
BLACK
6
CONTINUOUS
10
6.5633641732283463
20
-4.7816260629921254
11
6.5634201574803148
21
-4.7817150000000002
0
LINE
8
BLACK
6
CONTINUOUS
10
6.5634201574803148
20
-4.7817150000000002
11
6.563486614173228
21
-4.7817959842519686
0
LINE
8
BLACK
6
CONTINUOUS
10
6.563486614173228
20
-4.7817959842519686
11
6.5635164173228349
21
-4.7818679133858266
0
LINE
8
BLACK
6
CONTINUOUS
10
6.5635164173228349
20
-4.7818679133858266
11
6.5636725196850394
21
-4.7821159448818893
0
LINE
8
BLACK
6
CONTINUOUS
10
6.5636725196850394
20
-4.7821159448818893
11
6.565547283464567
21
-4.7858654724409444
0
LINE
8
BLACK
6
CONTINUOUS
10
6.565547283464567
20
-4.7858654724409444
11
6.5657541732283464
21
-4.7864060629921257
0
LINE
8
BLACK
6
CONTINUOUS
10
6.5657541732283464
20
-4.7864060629921257
11
6.5657616929133855
21
-4.7865119291338578
0
LINE
8
BLACK
6
CONTINUOUS
10
6.5657616929133855
20
-4.7865119291338578
11
6.5658022834645671
21
-4.7866099212598421
0
LINE
8
BLACK
6
CONTINUOUS
10
6.5658022834645671
20
-4.7866099212598421
11
6.565859015748031
21
-4.787185984251968
0
LINE
8
BLACK
6
CONTINUOUS
10
6.565859015748031
20
-4.787185984251968
11
6.565859015748031
21
-4.7946850393700791
0
LINE
8
BLACK
6
CONTINUOUS
10
6.565859015748031
20
-4.7946850393700791
11
6.5658022834645671
21
-4.7952611023622049
0
LINE
8
BLACK
6
CONTINUOUS
10
6.5658022834645671
20
-4.7952611023622049
11
6.5657616929133855
21
-4.7953590551181104
0
LINE
8
BLACK
6
CONTINUOUS
10
6.5657616929133855
20
-4.7953590551181104
11
6.5657541732283464
21
-4.7954649606299213
0
LINE
8
BLACK
6
CONTINUOUS
10
6.5657541732283464
20
-4.7954649606299213
11
6.565547283464567
21
-4.7960055511811026
0
LINE
8
BLACK
6
CONTINUOUS
10
6.565547283464567
20
-4.7960055511811026
11
6.5636725196850394
21
-4.7997550787401577
0
LINE
8
BLACK
6
CONTINUOUS
10
6.5636725196850394
20
-4.7997550787401577
11
6.5635164173228349
21
-4.8000030708661416
0
LINE
8
BLACK
6
CONTINUOUS
10
6.5635164173228349
20
-4.8000030708661416
11
6.563486614173228
21
-4.8000750393700784
0
LINE
8
BLACK
6
CONTINUOUS
10
6.563486614173228
20
-4.8000750393700784
11
6.5634201574803148
21
-4.8001559842519681
0
LINE
8
BLACK
6
CONTINUOUS
10
6.5634201574803148
20
-4.8001559842519681
11
6.5633641732283463
21
-4.8002449606299216
0
LINE
8
BLACK
6
CONTINUOUS
10
6.5633641732283463
20
-4.8002449606299216
11
6.563305118110236
21
-4.8002961417322831
0
LINE
8
BLACK
6
CONTINUOUS
10
6.563305118110236
20
-4.8002961417322831
11
6.5631193700787396
21
-4.800522519685039
0
LINE
8
BLACK
6
CONTINUOUS
10
6.5631193700787396
20
-4.800522519685039
11
6.5612445669291333
21
-4.8023972834645665
0
LINE
8
BLACK
6
CONTINUOUS
10
6.5612445669291333
20
-4.8023972834645665
11
6.5610182283464562
21
-4.8025829921259842
0
LINE
8
BLACK
6
CONTINUOUS
10
6.5610182283464562
20
-4.8025829921259842
11
6.5609670866141734
21
-4.8026420078740157
0
LINE
8
BLACK
6
CONTINUOUS
10
6.5609670866141734
20
-4.8026420078740157
11
6.5608781496062987
21
-4.8026979527559055
0
LINE
8
BLACK
6
CONTINUOUS
10
6.5608781496062987
20
-4.8026979527559055
11
6.5607971259842515
21
-4.8027644881889762
0
LINE
8
BLACK
6
CONTINUOUS
10
6.5607971259842515
20
-4.8027644881889762
11
6.5607250787401572
21
-4.8027942913385822
0
LINE
8
BLACK
6
CONTINUOUS
10
6.5607250787401572
20
-4.8027942913385822
11
6.5604772047244095
21
-4.8029503543307088
0
LINE
8
BLACK
6
CONTINUOUS
10
6.5604772047244095
20
-4.8029503543307088
11
6.5567276771653544
21
-4.8048251181102364
0
LINE
8
BLACK
6
CONTINUOUS
10
6.5567276771653544
20
-4.8048251181102364
11
6.5561870472440944
21
-4.8050320078740159
0
LINE
8
BLACK
6
CONTINUOUS
10
6.5561870472440944
20
-4.8050320078740159
11
6.556081220472441
21
-4.8050394881889762
0
LINE
8
BLACK
6
CONTINUOUS
10
6.556081220472441
20
-4.8050394881889762
11
6.5559832283464567
21
-4.8050801181102365
0
LINE
8
BLACK
6
CONTINUOUS
10
6.5559832283464567
20
-4.8050801181102365
11
6.5554071653543309
21
-4.8051368503937004
0
LINE
8
BLACK
6
CONTINUOUS
10
6.5554071653543309
20
-4.8051368503937004
11
6.5460333464566931
21
-4.8051368503937004
0
LINE
8
BLACK
6
CONTINUOUS
10
6.5460333464566931
20
-4.8051368503937004
11
6.5454572834645663
21
-4.8050801181102365
0
LINE
8
BLACK
6
CONTINUOUS
10
6.5454572834645663
20
-4.8050801181102365
11
6.545359291338583
21
-4.8050395275590549
0
LINE
8
BLACK
6
CONTINUOUS
10
6.545359291338583
20
-4.8050395275590549
11
6.5452534251968499
21
-4.8050320078740159
0
LINE
8
BLACK
6
CONTINUOUS
10
6.5452534251968499
20
-4.8050320078740159
11
6.5447128346456696
21
-4.8048251181102364
0
LINE
8
BLACK
6
CONTINUOUS
10
6.5447128346456696
20
-4.8048251181102364
11
6.5409633070866144
21
-4.8029503543307088
0
LINE
8
BLACK
6
CONTINUOUS
10
6.5409633070866144
20
-4.8029503543307088
11
6.5407152755905509
21
-4.8027942519685034
0
LINE
8
BLACK
6
CONTINUOUS
10
6.5407152755905509
20
-4.8027942519685034
11
6.5406433464566929
21
-4.8027644488188974
0
LINE
8
BLACK
6
CONTINUOUS
10
6.5406433464566929
20
-4.8027644488188974
11
6.5405623622047244
21
-4.8026979527559055
0
LINE
8
BLACK
6
CONTINUOUS
10
6.5405623622047244
20
-4.8026979527559055
11
6.5404734251968506
21
-4.8026420078740157
0
LINE
8
BLACK
6
CONTINUOUS
10
6.5404734251968506
20
-4.8026420078740157
11
6.5404222440944881
21
-4.8025829921259842
0
LINE
8
BLACK
6
CONTINUOUS
10
6.5404222440944881
20
-4.8025829921259842
11
6.5401959055118111
21
-4.8023972440944878
0
LINE
8
BLACK
6
CONTINUOUS
10
6.5401959055118111
20
-4.8023972440944878
11
6.5383211417322835
21
-4.8005224803149602
0
LINE
8
BLACK
6
CONTINUOUS
10
6.5383211417322835
20
-4.8005224803149602
11
6.5381353543307084
21
-4.8002961023622044
0
LINE
8
BLACK
6
CONTINUOUS
10
6.5381353543307084
20
-4.8002961023622044
11
6.5380763779527555
21
-4.8002449606299216
0
LINE
8
BLACK
6
CONTINUOUS
10
6.5380763779527555
20
-4.8002449606299216
11
6.538020393700787
21
-4.8001559842519681
0
LINE
8
BLACK
6
CONTINUOUS
10
6.538020393700787
20
-4.8001559842519681
11
6.5379539370078739
21
-4.8000750393700784
0
LINE
8
BLACK
6
CONTINUOUS
10
6.5379539370078739
20
-4.8000750393700784
11
6.5379240944881891
21
-4.8000030708661416
0
LINE
8
BLACK
6
CONTINUOUS
10
6.5379240944881891
20
-4.8000030708661416
11
6.5377680314960624
21
-4.7997550787401577
0
LINE
8
BLACK
6
CONTINUOUS
10
6.5377680314960624
20
-4.7997550787401577
11
6.5358932677165349
21
-4.7960055511811026
0
LINE
8
BLACK
6
CONTINUOUS
10
6.5358932677165349
20
-4.7960055511811026
11
6.5356863779527554
21
-4.7954649212598426
0
LINE
8
BLACK
6
CONTINUOUS
10
6.5356863779527554
20
-4.7954649212598426
11
6.5356788582677163
21
-4.7953590944881892
0
LINE
8
BLACK
6
CONTINUOUS
10
6.5356788582677163
20
-4.7953590944881892
11
6.5356382677165357
21
-4.7952611023622049
0
LINE
8
BLACK
6
CONTINUOUS
10
6.5356382677165357
20
-4.7952611023622049
11
6.5355815354330709
21
-4.7946850393700791
0
LINE
8
BLACK
6
CONTINUOUS
10
6.5355815354330709
20
-4.7946850393700791
11
6.5355815354330709
21
-4.787185984251968
0
LINE
8
BLACK
6
CONTINUOUS
10
6.5355815354330709
20
-4.787185984251968
11
6.5356382677165357
21
-4.7866099212598421
0
LINE
8
BLACK
6
CONTINUOUS
10
6.5356382677165357
20
-4.7866099212598421
11
6.5356788582677163
21
-4.7865118897637791
0
LINE
8
BLACK
6
CONTINUOUS
10
6.5356788582677163
20
-4.7865118897637791
11
6.5356863779527554
21
-4.7864061023622044
0
LINE
8
BLACK
6
CONTINUOUS
10
6.5356863779527554
20
-4.7864061023622044
11
6.5358932677165349
21
-4.7858654724409444
0
LINE
8
BLACK
6
CONTINUOUS
10
6.5358932677165349
20
-4.7858654724409444
11
6.5370395275590552
21
-4.7835729527559057
0
LINE
8
BLACK
6
CONTINUOUS
10
6.5370395275590552
20
-4.7835729527559057
11
6.534122362204724
21
-4.784302244094488
0
LINE
8
BLACK
6
CONTINUOUS
10
6.534122362204724
20
-4.784302244094488
11
6.5291668110236216
21
-4.7876059448818893
0
LINE
8
BLACK
6
CONTINUOUS
10
6.5291668110236216
20
-4.7876059448818893
11
6.5278376771653539
21
-4.788935078740157
0
LINE
8
BLACK
6
CONTINUOUS
10
6.5278376771653539
20
-4.788935078740157
11
6.5264889370078736
21
-4.7916325590551176
0
LINE
8
BLACK
6
CONTINUOUS
10
6.5264889370078736
20
-4.7916325590551176
11
6.5264889370078736
21
-4.7984345669291342
0
LINE
8
BLACK
6
CONTINUOUS
10
6.5264889370078736
20
-4.7984345669291342
11
6.5264322047244097
21
-4.79901062992126
0
LINE
8
BLACK
6
CONTINUOUS
10
6.5264322047244097
20
-4.79901062992126
11
6.5259912992125981
21
-4.8000750393700784
0
LINE
8
BLACK
6
CONTINUOUS
10
6.5259912992125981
20
-4.8000750393700784
11
6.5251766535433067
21
-4.8008896850393699
0
LINE
8
BLACK
6
CONTINUOUS
10
6.5251766535433067
20
-4.8008896850393699
11
6.5241122440944883
21
-4.8013305905511814
0
LINE
8
BLACK
6
CONTINUOUS
10
6.5241122440944883
20
-4.8013305905511814
11
6.5229601181102357
21
-4.8013305905511814
0
LINE
8
BLACK
6
CONTINUOUS
10
6.5229601181102357
20
-4.8013305905511814
11
6.5218957086614173
21
-4.8008896850393699
0
LINE
8
BLACK
6
CONTINUOUS
10
6.5218957086614173
20
-4.8008896850393699
11
6.5210810629921259
21
-4.8000750393700784
0
LINE
8
BLACK
6
CONTINUOUS
10
6.5210810629921259
20
-4.8000750393700784
11
6.5206401574803152
21
-4.79901062992126
0
LINE
8
BLACK
6
CONTINUOUS
10
6.5206401574803152
20
-4.79901062992126
11
6.5205834251968504
21
-4.7984345669291342
0
LINE
8
BLACK
6
CONTINUOUS
10
6.5205834251968504
20
-4.7984345669291342
11
6.5205834251968504
21
-4.790935511811024
0
LINE
8
BLACK
6
CONTINUOUS
10
6.5205834251968504
20
-4.790935511811024
11
6.5206401574803152
21
-4.7903594488188972
0
LINE
8
BLACK
6
CONTINUOUS
10
6.5206401574803152
20
-4.7903594488188972
11
6.5206807480314959
21
-4.7902614173228342
0
LINE
8
BLACK
6
CONTINUOUS
10
6.5206807480314959
20
-4.7902614173228342
11
6.520688267716535
21
-4.7901556299212595
0
LINE
8
BLACK
6
CONTINUOUS
10
6.520688267716535
20
-4.7901556299212595
11
6.5208951574803145
21
-4.7896149999999995
0
LINE
8
BLACK
6
CONTINUOUS
10
6.5208951574803145
20
-4.7896149999999995
11
6.522769921259842
21
-4.7858654724409444
0
LINE
8
BLACK
6
CONTINUOUS
10
6.522769921259842
20
-4.7858654724409444
11
6.5229259842519687
21
-4.7856174409448817
0
LINE
8
BLACK
6
CONTINUOUS
10
6.5229259842519687
20
-4.7856174409448817
11
6.5229558267716534
21
-4.7855455118110237
0
LINE
8
BLACK
6
CONTINUOUS
10
6.5229558267716534
20
-4.7855455118110237
11
6.5230222834645666
21
-4.7854645275590553
0
LINE
8
BLACK
6
CONTINUOUS
10
6.5230222834645666
20
-4.7854645275590553
11
6.5230782677165351
21
-4.7853755905511806
0
LINE
8
BLACK
6
CONTINUOUS
10
6.5230782677165351
20
-4.7853755905511806
11
6.5231372440944879
21
-4.785324409448819
0
LINE
8
BLACK
6
CONTINUOUS
10
6.5231372440944879
20
-4.785324409448819
11
6.5233230314960631
21
-4.7850980708661419
0
LINE
8
BLACK
6
CONTINUOUS
10
6.5233230314960631
20
-4.7850980708661419
11
6.5251977952755906
21
-4.7832233070866144
0
LINE
8
BLACK
6
CONTINUOUS
10
6.5251977952755906
20
-4.7832233070866144
11
6.5251993700787398
21
-4.7832219685039368
0
LINE
8
BLACK
6
CONTINUOUS
10
6.5251993700787398
20
-4.7832219685039368
11
6.5251999606299211
21
-4.783221141732283
0
LINE
8
BLACK
6
CONTINUOUS
10
6.5251999606299211
20
-4.783221141732283
11
6.5254299212598426
21
-4.7830327952755907
0
LINE
8
BLACK
6
CONTINUOUS
10
6.5254299212598426
20
-4.7830327952755907
11
6.5256452362204724
21
-4.7828561023622047
0
LINE
8
BLACK
6
CONTINUOUS
10
6.5256452362204724
20
-4.7828561023622047
11
6.525646102362205
21
-4.7828557086614172
0
LINE
8
BLACK
6
CONTINUOUS
10
6.525646102362205
20
-4.7828557086614172
11
6.5256477952755905
21
-4.7828543700787405
0
LINE
8
BLACK
6
CONTINUOUS
10
6.5256477952755905
20
-4.7828543700787405
11
6.5312721259842519
21
-4.7791048425196854
0
LINE
8
BLACK
6
CONTINUOUS
10
6.5312721259842519
20
-4.7791048425196854
11
6.5315899999999996
21
-4.7789353543307085
0
LINE
8
BLACK
6
CONTINUOUS
10
6.5315899999999996
20
-4.7789353543307085
11
6.5316487401574799
21
-4.778891850393701
0
LINE
8
BLACK
6
CONTINUOUS
10
6.5316487401574799
20
-4.778891850393701
11
6.5317181102362207
21
-4.7788670472440939
0
LINE
8
BLACK
6
CONTINUOUS
10
6.5317181102362207
20
-4.7788670472440939
11
6.5317829133858263
21
-4.7788325196850394
0
LINE
8
BLACK
6
CONTINUOUS
10
6.5317829133858263
20
-4.7788325196850394
11
6.5318543307086614
21
-4.7788183858267717
0
LINE
8
BLACK
6
CONTINUOUS
10
6.5318543307086614
20
-4.7788183858267717
11
6.5321938582677168
21
-4.7786970866141729
0
LINE
8
BLACK
6
CONTINUOUS
10
6.5321938582677168
20
-4.7786970866141729
11
6.539692913385827
21
-4.7768223228346454
0
LINE
8
BLACK
6
CONTINUOUS
10
6.539692913385827
20
-4.7768223228346454
11
6.5397927559055118
21
-4.7768075196850397
0
LINE
8
BLACK
6
CONTINUOUS
10
6.5397927559055118
20
-4.7768075196850397
11
6.5398329921259837
21
-4.7767909055118105
0
LINE
8
BLACK
6
CONTINUOUS
10
6.5398329921259837
20
-4.7767909055118105
11
6.5400499999999999
21
-4.7767695275590549
0
LINE
8
BLACK
6
CONTINUOUS
10
6.5400499999999999
20
-4.7767695275590549
11
6.5402655118110236
21
-4.7767376771653538
0
LINE
8
BLACK
6
CONTINUOUS
10
6.5402655118110236
20
-4.7767376771653538
11
6.5403085039370081
21
-4.77674405511811
0
LINE
8
BLACK
6
CONTINUOUS
10
6.5403085039370081
20
-4.77674405511811
11
6.5404090551181104
21
-4.7767341732283466
0
LINE
8
BLACK
6
CONTINUOUS
10
6.5404090551181104
20
-4.7767341732283466
11
6.5554071653543309
21
-4.7767341732283466
0
LINE
8
BLACK
6
CONTINUOUS
10
6.5554071653543309
20
-4.7767341732283466
11
6.5559832283464567
21
-4.7767909055118105
0
LINE
8
BLACK
6
CONTINUOUS
10
6.544032913385827
20
-4.7839884251968501
11
6.5428357874015743
21
-4.7851855511811019
0
LINE
8
BLACK
6
CONTINUOUS
10
6.5428357874015743
20
-4.7851855511811019
11
6.541487047244094
21
-4.7878830314960625
0
LINE
8
BLACK
6
CONTINUOUS
10
6.541487047244094
20
-4.7878830314960625
11
6.541487047244094
21
-4.7939879921259845
0
LINE
8
BLACK
6
CONTINUOUS
10
6.541487047244094
20
-4.7939879921259845
11
6.5428357874015743
21
-4.7966854724409451
0
LINE
8
BLACK
6
CONTINUOUS
10
6.5428357874015743
20
-4.7966854724409451
11
6.544032913385827
21
-4.7978825984251969
0
LINE
8
BLACK
6
CONTINUOUS
10
6.544032913385827
20
-4.7978825984251969
11
6.5467303937007877
21
-4.7992313385826773
0
LINE
8
BLACK
6
CONTINUOUS
10
6.5467303937007877
20
-4.7992313385826773
11
6.5547101181102363
21
-4.7992313385826773
0
LINE
8
BLACK
6
CONTINUOUS
10
6.5547101181102363
20
-4.7992313385826773
11
6.5574075984251969
21
-4.7978825590551182
0
LINE
8
BLACK
6
CONTINUOUS
10
6.5574075984251969
20
-4.7978825590551182
11
6.5586047637795275
21
-4.7966854330708664
0
LINE
8
BLACK
6
CONTINUOUS
10
6.5586047637795275
20
-4.7966854330708664
11
6.5599535039370078
21
-4.7939879921259845
0
LINE
8
BLACK
6
CONTINUOUS
10
6.5599535039370078
20
-4.7939879921259845
11
6.5599535039370078
21
-4.7878830314960625
0
LINE
8
BLACK
6
CONTINUOUS
10
6.5599535039370078
20
-4.7878830314960625
11
6.5586047637795275
21
-4.7851855511811019
0
LINE
8
BLACK
6
CONTINUOUS
10
6.5586047637795275
20
-4.7851855511811019
11
6.5574075984251969
21
-4.7839884251968501
0
LINE
8
BLACK
6
CONTINUOUS
10
6.5574075984251969
20
-4.7839884251968501
11
6.5547101181102363
21
-4.7826396850393698
0
LINE
8
BLACK
6
CONTINUOUS
10
6.5547101181102363
20
-4.7826396850393698
11
6.5467303937007877
21
-4.7826396850393698
0
LINE
8
BLACK
6
CONTINUOUS
10
6.5467303937007877
20
-4.7826396850393698
11
6.544032913385827
21
-4.7839884251968501
0
LINE
8
BLACK
6
CONTINUOUS
10
6.1152451968503936
20
-4.7708884645669292
11
6.1165236220472439
21
-4.7721668897637795
0
LINE
8
BLACK
6
CONTINUOUS
10
6.1165236220472439
20
-4.7721668897637795
11
6.1165236220472439
21
-4.7739748425196851
0
LINE
8
BLACK
6
CONTINUOUS
10
6.1165236220472439
20
-4.7739748425196851
11
6.1152451968503936
21
-4.7752532677165354
0
LINE
8
BLACK
6
CONTINUOUS
10
6.1152451968503936
20
-4.7752532677165354
11
6.1143412204724408
21
-4.7754330708661419
0
LINE
8
BLACK
6
CONTINUOUS
10
6.1143412204724408
20
-4.7754330708661419
11
6.1008556299212593
21
-4.7754330708661419
0
LINE
8
BLACK
6
CONTINUOUS
10
6.1008556299212593
20
-4.7754330708661419
11
6.0999516535433074
21
-4.7752532677165354
0
LINE
8
BLACK
6
CONTINUOUS
10
6.0999516535433074
20
-4.7752532677165354
11
6.0986732283464562
21
-4.7739748425196851
0
LINE
8
BLACK
6
CONTINUOUS
10
6.0986732283464562
20
-4.7739748425196851
11
6.0986732283464562
21
-4.7721668897637795
0
LINE
8
BLACK
6
CONTINUOUS
10
6.0986732283464562
20
-4.7721668897637795
11
6.0999516535433074
21
-4.7708884645669292
0
LINE
8
BLACK
6
CONTINUOUS
10
6.0999516535433074
20
-4.7708884645669292
11
6.1008556299212593
21
-4.7707086614173226
0
LINE
8
BLACK
6
CONTINUOUS
10
6.1008556299212593
20
-4.7707086614173226
11
6.1143412204724408
21
-4.7707086614173226
0
LINE
8
BLACK
6
CONTINUOUS
10
6.1143412204724408
20
-4.7707086614173226
11
6.1152451968503936
21
-4.7708884645669292
0
LINE
8
BLACK
6
CONTINUOUS
10
6.5634823228346457
20
-4.7467946456692909
11
6.5645467322834641
21
-4.7472355511811024
0
LINE
8
BLACK
6
CONTINUOUS
10
6.5645467322834641
20
-4.7472355511811024
11
6.5653613779527555
21
-4.7480501968503939
0
LINE
8
BLACK
6
CONTINUOUS
10
6.5653613779527555
20
-4.7480501968503939
11
6.5658022834645671
21
-4.7491146062992122
0
LINE
8
BLACK
6
CONTINUOUS
10
6.5658022834645671
20
-4.7491146062992122
11
6.565859015748031
21
-4.7496906692913381
0
LINE
8
BLACK
6
CONTINUOUS
10
6.565859015748031
20
-4.7496906692913381
11
6.565859015748031
21
-4.7684383070866136
0
LINE
8
BLACK
6
CONTINUOUS
10
6.565859015748031
20
-4.7684383070866136
11
6.5658022834645671
21
-4.7690143700787404
0
LINE
8
BLACK
6
CONTINUOUS
10
6.5658022834645671
20
-4.7690143700787404
11
6.5653613779527555
21
-4.7700787795275588
0
LINE
8
BLACK
6
CONTINUOUS
10
6.5653613779527555
20
-4.7700787795275588
11
6.5645467322834641
21
-4.7708934251968502
0
LINE
8
BLACK
6
CONTINUOUS
10
6.5645467322834641
20
-4.7708934251968502
11
6.5634823228346457
21
-4.7713343307086618
0
LINE
8
BLACK
6
CONTINUOUS
10
6.5634823228346457
20
-4.7713343307086618
11
6.562330196850394
21
-4.7713343307086618
0
LINE
8
BLACK
6
CONTINUOUS
10
6.562330196850394
20
-4.7713343307086618
11
6.5612657874015747
21
-4.7708934251968502
0
LINE
8
BLACK
6
CONTINUOUS
10
6.5612657874015747
20
-4.7708934251968502
11
6.5604511417322833
21
-4.7700787795275588
0
LINE
8
BLACK
6
CONTINUOUS
10
6.5604511417322833
20
-4.7700787795275588
11
6.5600102362204726
21
-4.7690143700787404
0
LINE
8
BLACK
6
CONTINUOUS
10
6.5600102362204726
20
-4.7690143700787404
11
6.5599535039370078
21
-4.7684383070866136
0
LINE
8
BLACK
6
CONTINUOUS
10
6.5599535039370078
20
-4.7684383070866136
11
6.5599535039370078
21
-4.7526434251968501
0
LINE
8
BLACK
6
CONTINUOUS
10
6.5599535039370078
20
-4.7526434251968501
11
6.5235361811023624
21
-4.7526434251968501
0
LINE
8
BLACK
6
CONTINUOUS
10
6.5235361811023624
20
-4.7526434251968501
11
6.5229601181102357
21
-4.7525866929133853
0
LINE
8
BLACK
6
CONTINUOUS
10
6.5229601181102357
20
-4.7525866929133853
11
6.5218957086614173
21
-4.7521457874015747
0
LINE
8
BLACK
6
CONTINUOUS
10
6.5218957086614173
20
-4.7521457874015747
11
6.5210810629921259
21
-4.7513311417322832
0
LINE
8
BLACK
6
CONTINUOUS
10
6.5210810629921259
20
-4.7513311417322832
11
6.5206401574803152
21
-4.7502667322834649
0
LINE
8
BLACK
6
CONTINUOUS
10
6.5206401574803152
20
-4.7502667322834649
11
6.5206401574803152
21
-4.7491146062992122
0
LINE
8
BLACK
6
CONTINUOUS
10
6.5206401574803152
20
-4.7491146062992122
11
6.5210810629921259
21
-4.7480501968503939
0
LINE
8
BLACK
6
CONTINUOUS
10
6.5210810629921259
20
-4.7480501968503939
11
6.5218957086614173
21
-4.7472355511811024
0
LINE
8
BLACK
6
CONTINUOUS
10
6.5218957086614173
20
-4.7472355511811024
11
6.5229601181102357
21
-4.7467946456692909
0
LINE
8
BLACK
6
CONTINUOUS
10
6.5229601181102357
20
-4.7467946456692909
11
6.5235361811023624
21
-4.746737913385827
0
LINE
8
BLACK
6
CONTINUOUS
10
6.5235361811023624
20
-4.746737913385827
11
6.5629062598425199
21
-4.746737913385827
0
LINE
8
BLACK
6
CONTINUOUS
10
6.5629062598425199
20
-4.746737913385827
11
6.5634823228346457
21
-4.7467946456692909
0
LINE
8
BLACK
6
CONTINUOUS
10
5.6667177952755905
20
-4.7571039763779526
11
5.6677822047244097
21
-4.7575448818897641
0
LINE
8
BLACK
6
CONTINUOUS
10
5.6677822047244097
20
-4.7575448818897641
11
5.6685968503937003
21
-4.7583595275590547
0
LINE
8
BLACK
6
CONTINUOUS
10
5.6685968503937003
20
-4.7583595275590547
11
5.6690377559055118
21
-4.7594239370078739
0
LINE
8
BLACK
6
CONTINUOUS
10
5.6690377559055118
20
-4.7594239370078739
11
5.6690377559055118
21
-4.7605760629921257
0
LINE
8
BLACK
6
CONTINUOUS
10
5.6690377559055118
20
-4.7605760629921257
11
5.6685968503937003
21
-4.7616404724409449
0
LINE
8
BLACK
6
CONTINUOUS
10
5.6685968503937003
20
-4.7616404724409449
11
5.6677822047244097
21
-4.7624551181102364
0
LINE
8
BLACK
6
CONTINUOUS
10
5.6677822047244097
20
-4.7624551181102364
11
5.6667177952755905
21
-4.762896023622047
0
LINE
8
BLACK
6
CONTINUOUS
10
5.6667177952755905
20
-4.762896023622047
11
5.6661417322834646
21
-4.7629527559055118
0
LINE
8
BLACK
6
CONTINUOUS
10
5.6661417322834646
20
-4.7629527559055118
11
5.6061417322834641
21
-4.7629527559055118
0
LINE
8
BLACK
6
CONTINUOUS
10
5.6061417322834641
20
-4.7629527559055118
11
5.6055656692913383
21
-4.762896023622047
0
LINE
8
BLACK
6
CONTINUOUS
10
5.6055656692913383
20
-4.762896023622047
11
5.6045012598425199
21
-4.7624551181102364
0
LINE
8
BLACK
6
CONTINUOUS
10
5.6045012598425199
20
-4.7624551181102364
11
5.6036866141732284
21
-4.7616404724409449
0
LINE
8
BLACK
6
CONTINUOUS
10
5.6036866141732284
20
-4.7616404724409449
11
5.6032457086614169
21
-4.7605760629921257
0
LINE
8
BLACK
6
CONTINUOUS
10
5.6032457086614169
20
-4.7605760629921257
11
5.6032457086614169
21
-4.7594239370078739
0
LINE
8
BLACK
6
CONTINUOUS
10
5.6032457086614169
20
-4.7594239370078739
11
5.6036866141732284
21
-4.7583595275590547
0
LINE
8
BLACK
6
CONTINUOUS
10
5.6036866141732284
20
-4.7583595275590547
11
5.6045012598425199
21
-4.7575448818897641
0
LINE
8
BLACK
6
CONTINUOUS
10
5.6045012598425199
20
-4.7575448818897641
11
5.6055656692913383
21
-4.7571039763779526
0
LINE
8
BLACK
6
CONTINUOUS
10
5.6055656692913383
20
-4.7571039763779526
11
5.6061417322834641
21
-4.7570472440944878
0
LINE
8
BLACK
6
CONTINUOUS
10
5.6061417322834641
20
-4.7570472440944878
11
5.6661417322834646
21
-4.7570472440944878
0
LINE
8
BLACK
6
CONTINUOUS
10
5.6661417322834646
20
-4.7570472440944878
11
5.6667177952755905
21
-4.7571039763779526
0
LINE
8
BLACK
6
CONTINUOUS
10
6.1930485433070865
20
-4.7343217322834645
11
6.1932283464566931
21
-4.7352257086614173
0
LINE
8
BLACK
6
CONTINUOUS
10
6.1932283464566931
20
-4.7352257086614173
11
6.1932283464566931
21
-4.7487112992125979
0
LINE
8
BLACK
6
CONTINUOUS
10
6.1932283464566931
20
-4.7487112992125979
11
6.1930485433070865
21
-4.7496152755905507
0
LINE
8
BLACK
6
CONTINUOUS
10
6.1930485433070865
20
-4.7496152755905507
11
6.1917701181102363
21
-4.750893700787401
0
LINE
8
BLACK
6
CONTINUOUS
10
6.1917701181102363
20
-4.750893700787401
11
6.1899621653543306
21
-4.750893700787401
0
LINE
8
BLACK
6
CONTINUOUS
10
6.1899621653543306
20
-4.750893700787401
11
6.1886837401574804
21
-4.7496152755905507
0
LINE
8
BLACK
6
CONTINUOUS
10
6.1886837401574804
20
-4.7496152755905507
11
6.1885039370078738
21
-4.7487112992125979
0
LINE
8
BLACK
6
CONTINUOUS
10
6.1885039370078738
20
-4.7487112992125979
11
6.1885039370078738
21
-4.7352257086614173
0
LINE
8
BLACK
6
CONTINUOUS
10
6.1885039370078738
20
-4.7352257086614173
11
6.1886837401574804
21
-4.7343217322834645
0
LINE
8
BLACK
6
CONTINUOUS
10
6.1886837401574804
20
-4.7343217322834645
11
6.1899621653543306
21
-4.7330433070866142
0
LINE
8
BLACK
6
CONTINUOUS
10
6.1899621653543306
20
-4.7330433070866142
11
6.1917701181102363
21
-4.7330433070866142
0
LINE
8
BLACK
6
CONTINUOUS
10
6.1917701181102363
20
-4.7330433070866142
11
6.1930485433070865
21
-4.7343217322834645
0
LINE
8
BLACK
6
CONTINUOUS
10
6.2332060236220475
20
-4.7343217322834645
11
6.2333858267716531
21
-4.7352257086614173
0
LINE
8
BLACK
6
CONTINUOUS
10
6.2333858267716531
20
-4.7352257086614173
11
6.2333858267716531
21
-4.7487112992125979
0
LINE
8
BLACK
6
CONTINUOUS
10
6.2333858267716531
20
-4.7487112992125979
11
6.2332060236220475
21
-4.7496152755905507
0
LINE
8
BLACK
6
CONTINUOUS
10
6.2332060236220475
20
-4.7496152755905507
11
6.2319275984251963
21
-4.750893700787401
0
LINE
8
BLACK
6
CONTINUOUS
10
6.2319275984251963
20
-4.750893700787401
11
6.2301196456692916
21
-4.750893700787401
0
LINE
8
BLACK
6
CONTINUOUS
10
6.2301196456692916
20
-4.750893700787401
11
6.2288412204724404
21
-4.7496152755905507
0
LINE
8
BLACK
6
CONTINUOUS
10
6.2288412204724404
20
-4.7496152755905507
11
6.2286614173228347
21
-4.7487112992125979
0
LINE
8
BLACK
6
CONTINUOUS
10
6.2286614173228347
20
-4.7487112992125979
11
6.2286614173228347
21
-4.7352257086614173
0
LINE
8
BLACK
6
CONTINUOUS
10
6.2286614173228347
20
-4.7352257086614173
11
6.2288412204724404
21
-4.7343217322834645
0
LINE
8
BLACK
6
CONTINUOUS
10
6.2288412204724404
20
-4.7343217322834645
11
6.2301196456692916
21
-4.7330433070866142
0
LINE
8
BLACK
6
CONTINUOUS
10
6.2301196456692916
20
-4.7330433070866142
11
6.2319275984251963
21
-4.7330433070866142
0
LINE
8
BLACK
6
CONTINUOUS
10
6.2319275984251963
20
-4.7330433070866142
11
6.2332060236220475
21
-4.7343217322834645
0
LINE
8
BLACK
6
CONTINUOUS
10
6.317016850393701
20
-4.7244317716535429
11
6.3182952755905513
21
-4.7257101968503932
0
LINE
8
BLACK
6
CONTINUOUS
10
6.3182952755905513
20
-4.7257101968503932
11
6.3182952755905513
21
-4.7275181496062988
0
LINE
8
BLACK
6
CONTINUOUS
10
6.3182952755905513
20
-4.7275181496062988
11
6.317016850393701
21
-4.7287965748031491
0
LINE
8
BLACK
6
CONTINUOUS
10
6.317016850393701
20
-4.7287965748031491
11
6.3161128740157482
21
-4.7289763779527556
0
LINE
8
BLACK
6
CONTINUOUS
10
6.3161128740157482
20
-4.7289763779527556
11
6.3026272834645667
21
-4.7289763779527556
0
LINE
8
BLACK
6
CONTINUOUS
10
6.3026272834645667
20
-4.7289763779527556
11
6.3017233070866139
21
-4.7287965748031491
0
LINE
8
BLACK
6
CONTINUOUS
10
6.3017233070866139
20
-4.7287965748031491
11
6.3004448818897636
21
-4.7275181496062988
0
LINE
8
BLACK
6
CONTINUOUS
10
6.3004448818897636
20
-4.7275181496062988
11
6.3004448818897636
21
-4.7257101968503932
0
LINE
8
BLACK
6
CONTINUOUS
10
6.3004448818897636
20
-4.7257101968503932
11
6.3017233070866139
21
-4.7244317716535429
0
LINE
8
BLACK
6
CONTINUOUS
10
6.3017233070866139
20
-4.7244317716535429
11
6.3026272834645667
21
-4.7242519685039372
0
LINE
8
BLACK
6
CONTINUOUS
10
6.3026272834645667
20
-4.7242519685039372
11
6.3161128740157482
21
-4.7242519685039372
0
LINE
8
BLACK
6
CONTINUOUS
10
6.3161128740157482
20
-4.7242519685039372
11
6.317016850393701
21
-4.7244317716535429
0
LINE
8
BLACK
6
CONTINUOUS
10
6.6021036614173223
20
-4.7123532283464566
11
6.6022834645669288
21
-4.7132572047244095
0
LINE
8
BLACK
6
CONTINUOUS
10
6.6022834645669288
20
-4.7132572047244095
11
6.6022834645669288
21
-4.72674279527559
0
LINE
8
BLACK
6
CONTINUOUS
10
6.6022834645669288
20
-4.72674279527559
11
6.6021036614173223
21
-4.7276467716535429
0
LINE
8
BLACK
6
CONTINUOUS
10
6.6021036614173223
20
-4.7276467716535429
11
6.600825236220472
21
-4.728925196850394
0
LINE
8
BLACK
6
CONTINUOUS
10
6.600825236220472
20
-4.728925196850394
11
6.5990172834645664
21
-4.728925196850394
0
LINE
8
BLACK
6
CONTINUOUS
10
6.5990172834645664
20
-4.728925196850394
11
6.5977388582677161
21
-4.7276467716535429
0
LINE
8
BLACK
6
CONTINUOUS
10
6.5977388582677161
20
-4.7276467716535429
11
6.5975590551181105
21
-4.72674279527559
0
LINE
8
BLACK
6
CONTINUOUS
10
6.5975590551181105
20
-4.72674279527559
11
6.5975590551181105
21
-4.7132572047244095
0
LINE
8
BLACK
6
CONTINUOUS
10
6.5975590551181105
20
-4.7132572047244095
11
6.5977388582677161
21
-4.7123532283464566
0
LINE
8
BLACK
6
CONTINUOUS
10
6.5977388582677161
20
-4.7123532283464566
11
6.5990172834645664
21
-4.7110748031496064
0
LINE
8
BLACK
6
CONTINUOUS
10
6.5990172834645664
20
-4.7110748031496064
11
6.600825236220472
21
-4.7110748031496064
0
LINE
8
BLACK
6
CONTINUOUS
10
6.600825236220472
20
-4.7110748031496064
11
6.6021036614173223
21
-4.7123532283464566
0
LINE
8
BLACK
6
CONTINUOUS
10
6.6422611417322832
20
-4.7123532283464566
11
6.6424409448818897
21
-4.7132572047244095
0
LINE
8
BLACK
6
CONTINUOUS
10
6.6424409448818897
20
-4.7132572047244095
11
6.6424409448818897
21
-4.72674279527559
0
LINE
8
BLACK
6
CONTINUOUS
10
6.6424409448818897
20
-4.72674279527559
11
6.6422611417322832
21
-4.7276467716535429
0
LINE
8
BLACK
6
CONTINUOUS
10
6.6422611417322832
20
-4.7276467716535429
11
6.6409827165354329
21
-4.728925196850394
0
LINE
8
BLACK
6
CONTINUOUS
10
6.6409827165354329
20
-4.728925196850394
11
6.6391747637795273
21
-4.728925196850394
0
LINE
8
BLACK
6
CONTINUOUS
10
6.6391747637795273
20
-4.728925196850394
11
6.637896338582677
21
-4.7276467716535429
0
LINE
8
BLACK
6
CONTINUOUS
10
6.637896338582677
20
-4.7276467716535429
11
6.6377165354330705
21
-4.72674279527559
0
LINE
8
BLACK
6
CONTINUOUS
10
6.6377165354330705
20
-4.72674279527559
11
6.6377165354330705
21
-4.7132572047244095
0
LINE
8
BLACK
6
CONTINUOUS
10
6.6377165354330705
20
-4.7132572047244095
11
6.637896338582677
21
-4.7123532283464566
0
LINE
8
BLACK
6
CONTINUOUS
10
6.637896338582677
20
-4.7123532283464566
11
6.6391747637795273
21
-4.7110748031496064
0
LINE
8
BLACK
6
CONTINUOUS
10
6.6391747637795273
20
-4.7110748031496064
11
6.6409827165354329
21
-4.7110748031496064
0
LINE
8
BLACK
6
CONTINUOUS
10
6.6409827165354329
20
-4.7110748031496064
11
6.6422611417322832
21
-4.7123532283464566
0
LINE
8
BLACK
6
CONTINUOUS
10
6.454095590551181
20
-4.7238963385826773
11
6.4553740157480313
21
-4.7251747637795276
0
LINE
8
BLACK
6
CONTINUOUS
10
6.4553740157480313
20
-4.7251747637795276
11
6.4553740157480313
21
-4.7269827165354332
0
LINE
8
BLACK
6
CONTINUOUS
10
6.4553740157480313
20
-4.7269827165354332
11
6.454095590551181
21
-4.7282611417322835
0
LINE
8
BLACK
6
CONTINUOUS
10
6.454095590551181
20
-4.7282611417322835
11
6.4531916141732282
21
-4.72844094488189
0
LINE
8
BLACK
6
CONTINUOUS
10
6.4531916141732282
20
-4.72844094488189
11
6.4397060236220467
21
-4.72844094488189
0
LINE
8
BLACK
6
CONTINUOUS
10
6.4397060236220467
20
-4.72844094488189
11
6.4388020472440948
21
-4.7282611417322835
0
LINE
8
BLACK
6
CONTINUOUS
10
6.4388020472440948
20
-4.7282611417322835
11
6.4375236220472436
21
-4.7269827165354332
0
LINE
8
BLACK
6
CONTINUOUS
10
6.4375236220472436
20
-4.7269827165354332
11
6.4375236220472436
21
-4.7251747637795276
0
LINE
8
BLACK
6
CONTINUOUS
10
6.4375236220472436
20
-4.7251747637795276
11
6.4388020472440948
21
-4.7238963385826773
0
LINE
8
BLACK
6
CONTINUOUS
10
6.4388020472440948
20
-4.7238963385826773
11
6.4397060236220467
21
-4.7237165354330708
0
LINE
8
BLACK
6
CONTINUOUS
10
6.4397060236220467
20
-4.7237165354330708
11
6.4531916141732282
21
-4.7237165354330708
0
LINE
8
BLACK
6
CONTINUOUS
10
6.4531916141732282
20
-4.7237165354330708
11
6.454095590551181
21
-4.7238963385826773
0
LINE
8
BLACK
6
CONTINUOUS
10
5.6930485433070865
20
-4.7067626771653543
11
5.6932283464566931
21
-4.7076666535433072
0
LINE
8
BLACK
6
CONTINUOUS
10
5.6932283464566931
20
-4.7076666535433072
11
5.6932283464566931
21
-4.7211522440944877
0
LINE
8
BLACK
6
CONTINUOUS
10
5.6932283464566931
20
-4.7211522440944877
11
5.6930485433070865
21
-4.7220562204724406
0
LINE
8
BLACK
6
CONTINUOUS
10
5.6930485433070865
20
-4.7220562204724406
11
5.6917701181102363
21
-4.7233346456692908
0
LINE
8
BLACK
6
CONTINUOUS
10
5.6917701181102363
20
-4.7233346456692908
11
5.6899621653543306
21
-4.7233346456692908
0
LINE
8
BLACK
6
CONTINUOUS
10
5.6899621653543306
20
-4.7233346456692908
11
5.6886837401574804
21
-4.7220562204724406
0
LINE
8
BLACK
6
CONTINUOUS
10
5.6886837401574804
20
-4.7220562204724406
11
5.6885039370078738
21
-4.7211522440944877
0
LINE
8
BLACK
6
CONTINUOUS
10
5.6885039370078738
20
-4.7211522440944877
11
5.6885039370078738
21
-4.7076666535433072
0
LINE
8
BLACK
6
CONTINUOUS
10
5.6885039370078738
20
-4.7076666535433072
11
5.6886837401574804
21
-4.7067626771653543
0
LINE
8
BLACK
6
CONTINUOUS
10
5.6886837401574804
20
-4.7067626771653543
11
5.6899621653543306
21
-4.7054842519685041
0
LINE
8
BLACK
6
CONTINUOUS
10
5.6899621653543306
20
-4.7054842519685041
11
5.6917701181102363
21
-4.7054842519685041
0
LINE
8
BLACK
6
CONTINUOUS
10
5.6917701181102363
20
-4.7054842519685041
11
5.6930485433070865
21
-4.7067626771653543
0
LINE
8
BLACK
6
CONTINUOUS
10
5.7332060236220475
20
-4.7067626771653543
11
5.7333858267716531
21
-4.7076666535433072
0
LINE
8
BLACK
6
CONTINUOUS
10
5.7333858267716531
20
-4.7076666535433072
11
5.7333858267716531
21
-4.7211522440944877
0
LINE
8
BLACK
6
CONTINUOUS
10
5.7333858267716531
20
-4.7211522440944877
11
5.7332060236220475
21
-4.7220562204724406
0
LINE
8
BLACK
6
CONTINUOUS
10
5.7332060236220475
20
-4.7220562204724406
11
5.7319275984251963
21
-4.7233346456692908
0
LINE
8
BLACK
6
CONTINUOUS
10
5.7319275984251963
20
-4.7233346456692908
11
5.7301196456692916
21
-4.7233346456692908
0
LINE
8
BLACK
6
CONTINUOUS
10
5.7301196456692916
20
-4.7233346456692908
11
5.7288412204724404
21
-4.7220562204724406
0
LINE
8
BLACK
6
CONTINUOUS
10
5.7288412204724404
20
-4.7220562204724406
11
5.7286614173228347
21
-4.7211522440944877
0
LINE
8
BLACK
6
CONTINUOUS
10
5.7286614173228347
20
-4.7211522440944877
11
5.7286614173228347
21
-4.7076666535433072
0
LINE
8
BLACK
6
CONTINUOUS
10
5.7286614173228347
20
-4.7076666535433072
11
5.7288412204724404
21
-4.7067626771653543
0
LINE
8
BLACK
6
CONTINUOUS
10
5.7288412204724404
20
-4.7067626771653543
11
5.7301196456692916
21
-4.7054842519685041
0
LINE
8
BLACK
6
CONTINUOUS
10
5.7301196456692916
20
-4.7054842519685041
11
5.7319275984251963
21
-4.7054842519685041
0
LINE
8
BLACK
6
CONTINUOUS
10
5.7319275984251963
20
-4.7054842519685041
11
5.7332060236220475
21
-4.7067626771653543
0
LINE
8
BLACK
6
CONTINUOUS
10
5.6083241338582672
20
-4.6840960236220468
11
5.6085039370078738
21
-4.6849999999999996
0
LINE
8
BLACK
6
CONTINUOUS
10
5.6085039370078738
20
-4.6849999999999996
11
5.6085039370078738
21
-4.7149999999999999
0
LINE
8
BLACK
6
CONTINUOUS
10
5.6085039370078738
20
-4.7149999999999999
11
5.6083241338582672
21
-4.7159039763779527
0
LINE
8
BLACK
6
CONTINUOUS
10
5.6083241338582672
20
-4.7159039763779527
11
5.6070457086614169
21
-4.717182401574803
0
LINE
8
BLACK
6
CONTINUOUS
10
5.6070457086614169
20
-4.717182401574803
11
5.6052377559055113
21
-4.717182401574803
0
LINE
8
BLACK
6
CONTINUOUS
10
5.6052377559055113
20
-4.717182401574803
11
5.603959330708661
21
-4.7159039763779527
0
LINE
8
BLACK
6
CONTINUOUS
10
5.603959330708661
20
-4.7159039763779527
11
5.6037795275590554
21
-4.7149999999999999
0
LINE
8
BLACK
6
CONTINUOUS
10
5.6037795275590554
20
-4.7149999999999999
11
5.6037795275590554
21
-4.6849999999999996
0
LINE
8
BLACK
6
CONTINUOUS
10
5.6037795275590554
20
-4.6849999999999996
11
5.603959330708661
21
-4.6840960236220468
0
LINE
8
BLACK
6
CONTINUOUS
10
5.603959330708661
20
-4.6840960236220468
11
5.6052377559055113
21
-4.6828175984251965
0
LINE
8
BLACK
6
CONTINUOUS
10
5.6052377559055113
20
-4.6828175984251965
11
5.6070457086614169
21
-4.6828175984251965
0
LINE
8
BLACK
6
CONTINUOUS
10
5.6070457086614169
20
-4.6828175984251965
11
5.6083241338582672
21
-4.6840960236220468
0
LINE
8
BLACK
6
CONTINUOUS
10
5.6683241338582677
20
-4.6840960236220468
11
5.6685039370078742
21
-4.6849999999999996
0
LINE
8
BLACK
6
CONTINUOUS
10
5.6685039370078742
20
-4.6849999999999996
11
5.6685039370078742
21
-4.7149999999999999
0
LINE
8
BLACK
6
CONTINUOUS
10
5.6685039370078742
20
-4.7149999999999999
11
5.6683241338582677
21
-4.7159039763779527
0
LINE
8
BLACK
6
CONTINUOUS
10
5.6683241338582677
20
-4.7159039763779527
11
5.6670457086614174
21
-4.717182401574803
0
LINE
8
BLACK
6
CONTINUOUS
10
5.6670457086614174
20
-4.717182401574803
11
5.6652377559055118
21
-4.717182401574803
0
LINE
8
BLACK
6
CONTINUOUS
10
5.6652377559055118
20
-4.717182401574803
11
5.6639593307086615
21
-4.7159039763779527
0
LINE
8
BLACK
6
CONTINUOUS
10
5.6639593307086615
20
-4.7159039763779527
11
5.663779527559055
21
-4.7149999999999999
0
LINE
8
BLACK
6
CONTINUOUS
10
5.663779527559055
20
-4.7149999999999999
11
5.663779527559055
21
-4.6849999999999996
0
LINE
8
BLACK
6
CONTINUOUS
10
5.663779527559055
20
-4.6849999999999996
11
5.6639593307086615
21
-4.6840960236220468
0
LINE
8
BLACK
6
CONTINUOUS
10
5.6639593307086615
20
-4.6840960236220468
11
5.6652377559055118
21
-4.6828175984251965
0
LINE
8
BLACK
6
CONTINUOUS
10
5.6652377559055118
20
-4.6828175984251965
11
5.6670457086614174
21
-4.6828175984251965
0
LINE
8
BLACK
6
CONTINUOUS
10
5.6670457086614174
20
-4.6828175984251965
11
5.6683241338582677
21
-4.6840960236220468
0
LINE
8
BLACK
6
CONTINUOUS
10
5.8190327952755903
20
-4.6951983858267718
11
5.8192125984251968
21
-4.6961023622047247
0
LINE
8
BLACK
6
CONTINUOUS
10
5.8192125984251968
20
-4.6961023622047247
11
5.8192125984251968
21
-4.71244094488189
0
LINE
8
BLACK
6
CONTINUOUS
10
5.8192125984251968
20
-4.71244094488189
11
5.8355511811023622
21
-4.71244094488189
0
LINE
8
BLACK
6
CONTINUOUS
10
5.8355511811023622
20
-4.71244094488189
11
5.836455157480315
21
-4.7126207480314957
0
LINE
8
BLACK
6
CONTINUOUS
10
5.836455157480315
20
-4.7126207480314957
11
5.8377335826771652
21
-4.713899173228346
0
LINE
8
BLACK
6
CONTINUOUS
10
5.8377335826771652
20
-4.713899173228346
11
5.8377335826771652
21
-4.7157071259842516
0
LINE
8
BLACK
6
CONTINUOUS
10
5.8377335826771652
20
-4.7157071259842516
11
5.836455157480315
21
-4.7169855511811019
0
LINE
8
BLACK
6
CONTINUOUS
10
5.836455157480315
20
-4.7169855511811019
11
5.8355511811023622
21
-4.7171653543307084
0
LINE
8
BLACK
6
CONTINUOUS
10
5.8355511811023622
20
-4.7171653543307084
11
5.8168503937007872
21
-4.7171653543307084
0
LINE
8
BLACK
6
CONTINUOUS
10
5.8168503937007872
20
-4.7171653543307084
11
5.8159464173228343
21
-4.7169855511811019
0
LINE
8
BLACK
6
CONTINUOUS
10
5.8159464173228343
20
-4.7169855511811019
11
5.8146679921259841
21
-4.7157071259842516
0
LINE
8
BLACK
6
CONTINUOUS
10
5.8146679921259841
20
-4.7157071259842516
11
5.8144881889763775
21
-4.7148031496062988
0
LINE
8
BLACK
6
CONTINUOUS
10
5.8144881889763775
20
-4.7148031496062988
11
5.8144881889763775
21
-4.6961023622047247
0
LINE
8
BLACK
6
CONTINUOUS
10
5.8144881889763775
20
-4.6961023622047247
11
5.8146679921259841
21
-4.6951983858267718
0
LINE
8
BLACK
6
CONTINUOUS
10
5.8146679921259841
20
-4.6951983858267718
11
5.8159464173228343
21
-4.6939199606299216
0
LINE
8
BLACK
6
CONTINUOUS
10
5.8159464173228343
20
-4.6939199606299216
11
5.81775437007874
21
-4.6939199606299216
0
LINE
8
BLACK
6
CONTINUOUS
10
5.81775437007874
20
-4.6939199606299216
11
5.8190327952755903
21
-4.6951983858267718
0
LINE
8
BLACK
6
CONTINUOUS
10
5.9851745275590549
20
-4.6951983858267718
11
5.9853543307086614
21
-4.6961023622047247
0
LINE
8
BLACK
6
CONTINUOUS
10
5.9853543307086614
20
-4.6961023622047247
11
5.9853543307086614
21
-4.7148031496062988
0
LINE
8
BLACK
6
CONTINUOUS
10
5.9853543307086614
20
-4.7148031496062988
11
5.9851745275590549
21
-4.7157071259842516
0
LINE
8
BLACK
6
CONTINUOUS
10
5.9851745275590549
20
-4.7157071259842516
11
5.9838961023622046
21
-4.7169855511811019
0
LINE
8
BLACK
6
CONTINUOUS
10
5.9838961023622046
20
-4.7169855511811019
11
5.982088149606299
21
-4.7169855511811019
0
LINE
8
BLACK
6
CONTINUOUS
10
5.982088149606299
20
-4.7169855511811019
11
5.9808097244094487
21
-4.7157071259842516
0
LINE
8
BLACK
6
CONTINUOUS
10
5.9808097244094487
20
-4.7157071259842516
11
5.9806299212598422
21
-4.7148031496062988
0
LINE
8
BLACK
6
CONTINUOUS
10
5.9806299212598422
20
-4.7148031496062988
11
5.9806299212598422
21
-4.6961023622047247
0
LINE
8
BLACK
6
CONTINUOUS
10
5.9806299212598422
20
-4.6961023622047247
11
5.9808097244094487
21
-4.6951983858267718
0
LINE
8
BLACK
6
CONTINUOUS
10
5.9808097244094487
20
-4.6951983858267718
11
5.982088149606299
21
-4.6939199606299216
0
LINE
8
BLACK
6
CONTINUOUS
10
5.982088149606299
20
-4.6939199606299216
11
5.9838961023622046
21
-4.6939199606299216
0
LINE
8
BLACK
6
CONTINUOUS
10
5.9838961023622046
20
-4.6939199606299216
11
5.9851745275590549
21
-4.6951983858267718
0
LINE
8
BLACK
6
CONTINUOUS
10
6.317016850393701
20
-4.6842742913385829
11
6.3182952755905513
21
-4.6855527165354331
0
LINE
8
BLACK
6
CONTINUOUS
10
6.3182952755905513
20
-4.6855527165354331
11
6.3182952755905513
21
-4.6873606692913388
0
LINE
8
BLACK
6
CONTINUOUS
10
6.3182952755905513
20
-4.6873606692913388
11
6.317016850393701
21
-4.6886390944881891
0
LINE
8
BLACK
6
CONTINUOUS
10
6.317016850393701
20
-4.6886390944881891
11
6.3161128740157482
21
-4.6888188976377956
0
LINE
8
BLACK
6
CONTINUOUS
10
6.3161128740157482
20
-4.6888188976377956
11
6.3026272834645667
21
-4.6888188976377956
0
LINE
8
BLACK
6
CONTINUOUS
10
6.3026272834645667
20
-4.6888188976377956
11
6.3017233070866139
21
-4.6886390944881891
0
LINE
8
BLACK
6
CONTINUOUS
10
6.3017233070866139
20
-4.6886390944881891
11
6.3004448818897636
21
-4.6873606692913388
0
LINE
8
BLACK
6
CONTINUOUS
10
6.3004448818897636
20
-4.6873606692913388
11
6.3004448818897636
21
-4.6855527165354331
0
LINE
8
BLACK
6
CONTINUOUS
10
6.3004448818897636
20
-4.6855527165354331
11
6.3017233070866139
21
-4.6842742913385829
0
LINE
8
BLACK
6
CONTINUOUS
10
6.3017233070866139
20
-4.6842742913385829
11
6.3026272834645667
21
-4.6840944881889763
0
LINE
8
BLACK
6
CONTINUOUS
10
6.3026272834645667
20
-4.6840944881889763
11
6.3161128740157482
21
-4.6840944881889763
0
LINE
8
BLACK
6
CONTINUOUS
10
6.3161128740157482
20
-4.6840944881889763
11
6.317016850393701
21
-4.6842742913385829
0
LINE
8
BLACK
6
CONTINUOUS
10
6.454095590551181
20
-4.6837388582677164
11
6.4553740157480313
21
-4.6850172834645667
0
LINE
8
BLACK
6
CONTINUOUS
10
6.4553740157480313
20
-4.6850172834645667
11
6.4553740157480313
21
-4.6868252362204723
0
LINE
8
BLACK
6
CONTINUOUS
10
6.4553740157480313
20
-4.6868252362204723
11
6.454095590551181
21
-4.6881036614173226
0
LINE
8
BLACK
6
CONTINUOUS
10
6.454095590551181
20
-4.6881036614173226
11
6.4531916141732282
21
-4.6882834645669291
0
LINE
8
BLACK
6
CONTINUOUS
10
6.4531916141732282
20
-4.6882834645669291
11
6.4397060236220467
21
-4.6882834645669291
0
LINE
8
BLACK
6
CONTINUOUS
10
6.4397060236220467
20
-4.6882834645669291
11
6.4388020472440948
21
-4.6881036614173226
0
LINE
8
BLACK
6
CONTINUOUS
10
6.4388020472440948
20
-4.6881036614173226
11
6.4375236220472436
21
-4.6868252362204723
0
LINE
8
BLACK
6
CONTINUOUS
10
6.4375236220472436
20
-4.6868252362204723
11
6.4375236220472436
21
-4.6850172834645667
0
LINE
8
BLACK
6
CONTINUOUS
10
6.4375236220472436
20
-4.6850172834645667
11
6.4388020472440948
21
-4.6837388582677164
0
LINE
8
BLACK
6
CONTINUOUS
10
6.4388020472440948
20
-4.6837388582677164
11
6.4397060236220467
21
-4.6835590551181099
0
LINE
8
BLACK
6
CONTINUOUS
10
6.4397060236220467
20
-4.6835590551181099
11
6.4531916141732282
21
-4.6835590551181099
0
LINE
8
BLACK
6
CONTINUOUS
10
6.4531916141732282
20
-4.6835590551181099
11
6.454095590551181
21
-4.6837388582677164
0
LINE
8
BLACK
6
CONTINUOUS
10
5.6667177952755905
20
-4.6371039763779525
11
5.6677822047244097
21
-4.637544881889764
0
LINE
8
BLACK
6
CONTINUOUS
10
5.6677822047244097
20
-4.637544881889764
11
5.6685968503937003
21
-4.6383595275590555
0
LINE
8
BLACK
6
CONTINUOUS
10
5.6685968503937003
20
-4.6383595275590555
11
5.6690377559055118
21
-4.6394239370078738
0
LINE
8
BLACK
6
CONTINUOUS
10
5.6690377559055118
20
-4.6394239370078738
11
5.6690377559055118
21
-4.6405760629921256
0
LINE
8
BLACK
6
CONTINUOUS
10
5.6690377559055118
20
-4.6405760629921256
11
5.6685968503937003
21
-4.6416404724409448
0
LINE
8
BLACK
6
CONTINUOUS
10
5.6685968503937003
20
-4.6416404724409448
11
5.6677822047244097
21
-4.6424551181102363
0
LINE
8
BLACK
6
CONTINUOUS
10
5.6677822047244097
20
-4.6424551181102363
11
5.6667177952755905
21
-4.6428960236220469
0
LINE
8
BLACK
6
CONTINUOUS
10
5.6667177952755905
20
-4.6428960236220469
11
5.6661417322834646
21
-4.6429527559055117
0
LINE
8
BLACK
6
CONTINUOUS
10
5.6661417322834646
20
-4.6429527559055117
11
5.6061417322834641
21
-4.6429527559055117
0
LINE
8
BLACK
6
CONTINUOUS
10
5.6061417322834641
20
-4.6429527559055117
11
5.6055656692913383
21
-4.6428960236220469
0
LINE
8
BLACK
6
CONTINUOUS
10
5.6055656692913383
20
-4.6428960236220469
11
5.6045012598425199
21
-4.6424551181102363
0
LINE
8
BLACK
6
CONTINUOUS
10
5.6045012598425199
20
-4.6424551181102363
11
5.6036866141732284
21
-4.6416404724409448
0
LINE
8
BLACK
6
CONTINUOUS
10
5.6036866141732284
20
-4.6416404724409448
11
5.6032457086614169
21
-4.6405760629921256
0
LINE
8
BLACK
6
CONTINUOUS
10
5.6032457086614169
20
-4.6405760629921256
11
5.6032457086614169
21
-4.6394239370078738
0
LINE
8
BLACK
6
CONTINUOUS
10
5.6032457086614169
20
-4.6394239370078738
11
5.6036866141732284
21
-4.6383595275590555
0
LINE
8
BLACK
6
CONTINUOUS
10
5.6036866141732284
20
-4.6383595275590555
11
5.6045012598425199
21
-4.637544881889764
0
LINE
8
BLACK
6
CONTINUOUS
10
5.6045012598425199
20
-4.637544881889764
11
5.6055656692913383
21
-4.6371039763779525
0
LINE
8
BLACK
6
CONTINUOUS
10
5.6055656692913383
20
-4.6371039763779525
11
5.6061417322834641
21
-4.6370472440944877
0
LINE
8
BLACK
6
CONTINUOUS
10
5.6061417322834641
20
-4.6370472440944877
11
5.6661417322834646
21
-4.6370472440944877
0
LINE
8
BLACK
6
CONTINUOUS
10
5.6661417322834646
20
-4.6370472440944877
11
5.6667177952755905
21
-4.6371039763779525
0
LINE
8
BLACK
6
CONTINUOUS
10
6.2481979527559055
20
-4.6260065748031494
11
6.2494763779527558
21
-4.6272849999999996
0
LINE
8
BLACK
6
CONTINUOUS
10
6.2494763779527558
20
-4.6272849999999996
11
6.2494763779527558
21
-4.6290929527559053
0
LINE
8
BLACK
6
CONTINUOUS
10
6.2494763779527558
20
-4.6290929527559053
11
6.2481979527559055
21
-4.6303713779527556
0
LINE
8
BLACK
6
CONTINUOUS
10
6.2481979527559055
20
-4.6303713779527556
11
6.2472939763779527
21
-4.6305511811023621
0
LINE
8
BLACK
6
CONTINUOUS
10
6.2472939763779527
20
-4.6305511811023621
11
6.2338083858267712
21
-4.6305511811023621
0
LINE
8
BLACK
6
CONTINUOUS
10
6.2338083858267712
20
-4.6305511811023621
11
6.2329044094488184
21
-4.6303713779527556
0
LINE
8
BLACK
6
CONTINUOUS
10
6.2329044094488184
20
-4.6303713779527556
11
6.2316259842519681
21
-4.6290929527559053
0
LINE
8
BLACK
6
CONTINUOUS
10
6.2316259842519681
20
-4.6290929527559053
11
6.2316259842519681
21
-4.6272849999999996
0
LINE
8
BLACK
6
CONTINUOUS
10
6.2316259842519681
20
-4.6272849999999996
11
6.2329044094488184
21
-4.6260065748031494
0
LINE
8
BLACK
6
CONTINUOUS
10
6.2329044094488184
20
-4.6260065748031494
11
6.2338083858267712
21
-4.6258267716535428
0
LINE
8
BLACK
6
CONTINUOUS
10
6.2338083858267712
20
-4.6258267716535428
11
6.2472939763779527
21
-4.6258267716535428
0
LINE
8
BLACK
6
CONTINUOUS
10
6.2472939763779527
20
-4.6258267716535428
11
6.2481979527559055
21
-4.6260065748031494
0
LINE
8
BLACK
6
CONTINUOUS
10
6.5478516929133859
20
-4.5339779133858267
11
6.5480314960629924
21
-4.5348818897637795
0
LINE
8
BLACK
6
CONTINUOUS
10
6.5480314960629924
20
-4.5348818897637795
11
6.5480314960629924
21
-4.6096850393700786
0
LINE
8
BLACK
6
CONTINUOUS
10
6.5480314960629924
20
-4.6096850393700786
11
6.5478516929133859
21
-4.6105890157480314
0
LINE
8
BLACK
6
CONTINUOUS
10
6.5478516929133859
20
-4.6105890157480314
11
6.5465732677165356
21
-4.6118674409448817
0
LINE
8
BLACK
6
CONTINUOUS
10
6.5465732677165356
20
-4.6118674409448817
11
6.54476531496063
21
-4.6118674409448817
0
LINE
8
BLACK
6
CONTINUOUS
10
6.54476531496063
20
-4.6118674409448817
11
6.5434868897637797
21
-4.6105890157480314
0
LINE
8
BLACK
6
CONTINUOUS
10
6.5434868897637797
20
-4.6105890157480314
11
6.5433070866141732
21
-4.6096850393700786
0
LINE
8
BLACK
6
CONTINUOUS
10
6.5433070866141732
20
-4.6096850393700786
11
6.5433070866141732
21
-4.5348818897637795
0
LINE
8
BLACK
6
CONTINUOUS
10
6.5433070866141732
20
-4.5348818897637795
11
6.5434868897637797
21
-4.5339779133858267
0
LINE
8
BLACK
6
CONTINUOUS
10
6.5434868897637797
20
-4.5339779133858267
11
6.54476531496063
21
-4.5326994881889764
0
LINE
8
BLACK
6
CONTINUOUS
10
6.54476531496063
20
-4.5326994881889764
11
6.5465732677165356
21
-4.5326994881889764
0
LINE
8
BLACK
6
CONTINUOUS
10
6.5465732677165356
20
-4.5326994881889764
11
6.5478516929133859
21
-4.5339779133858267
0
LINE
8
BLACK
6
CONTINUOUS
10
6.6408928740157478
20
-4.5556401574803145
11
6.6409908661417321
21
-4.555680748031496
0
LINE
8
BLACK
6
CONTINUOUS
10
6.6409908661417321
20
-4.555680748031496
11
6.6410966929133854
21
-4.5556882677165351
0
LINE
8
BLACK
6
CONTINUOUS
10
6.6410966929133854
20
-4.5556882677165351
11
6.6416373228346455
21
-4.5558951574803146
0
LINE
8
BLACK
6
CONTINUOUS
10
6.6416373228346455
20
-4.5558951574803146
11
6.6453868503937006
21
-4.5577699212598421
0
LINE
8
BLACK
6
CONTINUOUS
10
6.6453868503937006
20
-4.5577699212598421
11
6.6456348425196845
21
-4.5579259842519688
0
LINE
8
BLACK
6
CONTINUOUS
10
6.6456348425196845
20
-4.5579259842519688
11
6.6457068110236222
21
-4.5579558267716536
0
LINE
8
BLACK
6
CONTINUOUS
10
6.6457068110236222
20
-4.5579558267716536
11
6.6457877559055119
21
-4.5580222834645667
0
LINE
8
BLACK
6
CONTINUOUS
10
6.6457877559055119
20
-4.5580222834645667
11
6.6458767322834644
21
-4.5580782677165352
0
LINE
8
BLACK
6
CONTINUOUS
10
6.6458767322834644
20
-4.5580782677165352
11
6.6459278740157481
21
-4.5581372440944881
0
LINE
8
BLACK
6
CONTINUOUS
10
6.6459278740157481
20
-4.5581372440944881
11
6.646154251968504
21
-4.5583230314960632
0
LINE
8
BLACK
6
CONTINUOUS
10
6.646154251968504
20
-4.5583230314960632
11
6.6480290157480315
21
-4.5601977952755908
0
LINE
8
BLACK
6
CONTINUOUS
10
6.6480290157480315
20
-4.5601977952755908
11
6.648214763779527
21
-4.5604241338582678
0
LINE
8
BLACK
6
CONTINUOUS
10
6.648214763779527
20
-4.5604241338582678
11
6.6482737795275586
21
-4.5604753149606294
0
LINE
8
BLACK
6
CONTINUOUS
10
6.6482737795275586
20
-4.5604753149606294
11
6.6483297244094484
21
-4.5605642519685041
0
LINE
8
BLACK
6
CONTINUOUS
10
6.6483297244094484
20
-4.5605642519685041
11
6.6483962204724412
21
-4.5606452362204726
0
LINE
8
BLACK
6
CONTINUOUS
10
6.6483962204724412
20
-4.5606452362204726
11
6.6484260236220472
21
-4.5607171653543306
0
LINE
8
BLACK
6
CONTINUOUS
10
6.6484260236220472
20
-4.5607171653543306
11
6.6485821259842517
21
-4.5609651968503933
0
LINE
8
BLACK
6
CONTINUOUS
10
6.6485821259842517
20
-4.5609651968503933
11
6.6504568897637792
21
-4.5647147244094484
0
LINE
8
BLACK
6
CONTINUOUS
10
6.6504568897637792
20
-4.5647147244094484
11
6.6506637795275587
21
-4.5652553149606296
0
LINE
8
BLACK
6
CONTINUOUS
10
6.6506637795275587
20
-4.5652553149606296
11
6.6506712992125987
21
-4.5653611811023618
0
LINE
8
BLACK
6
CONTINUOUS
10
6.6506712992125987
20
-4.5653611811023618
11
6.6507118897637794
21
-4.565459173228346
0
LINE
8
BLACK
6
CONTINUOUS
10
6.6507118897637794
20
-4.565459173228346
11
6.6507686220472442
21
-4.5660352362204719
0
LINE
8
BLACK
6
CONTINUOUS
10
6.6507686220472442
20
-4.5660352362204719
11
6.6507686220472442
21
-4.5754090551181097
0
LINE
8
BLACK
6
CONTINUOUS
10
6.6507686220472442
20
-4.5754090551181097
11
6.6507118897637794
21
-4.5759851181102364
0
LINE
8
BLACK
6
CONTINUOUS
10
6.6507118897637794
20
-4.5759851181102364
11
6.6506712992125987
21
-4.576083070866142
0
LINE
8
BLACK
6
CONTINUOUS
10
6.6506712992125987
20
-4.576083070866142
11
6.6506637795275587
21
-4.5761889763779529
0
LINE
8
BLACK
6
CONTINUOUS
10
6.6506637795275587
20
-4.5761889763779529
11
6.6504568897637792
21
-4.5767295669291341
0
LINE
8
BLACK
6
CONTINUOUS
10
6.6504568897637792
20
-4.5767295669291341
11
6.6485821259842517
21
-4.5804790944881892
0
LINE
8
BLACK
6
CONTINUOUS
10
6.6485821259842517
20
-4.5804790944881892
11
6.6484260236220472
21
-4.5807270866141732
0
LINE
8
BLACK
6
CONTINUOUS
10
6.6484260236220472
20
-4.5807270866141732
11
6.6483962204724412
21
-4.5807990551181099
0
LINE
8
BLACK
6
CONTINUOUS
10
6.6483962204724412
20
-4.5807990551181099
11
6.6483297244094484
21
-4.5808799999999996
0
LINE
8
BLACK
6
CONTINUOUS
10
6.6483297244094484
20
-4.5808799999999996
11
6.6482737795275586
21
-4.5809689763779531
0
LINE
8
BLACK
6
CONTINUOUS
10
6.6482737795275586
20
-4.5809689763779531
11
6.648214763779527
21
-4.5810201181102359
0
LINE
8
BLACK
6
CONTINUOUS
10
6.648214763779527
20
-4.5810201181102359
11
6.6480290157480315
21
-4.5812464960629917
0
LINE
8
BLACK
6
CONTINUOUS
10
6.6480290157480315
20
-4.5812464960629917
11
6.646154251968504
21
-4.5831212598425193
0
LINE
8
BLACK
6
CONTINUOUS
10
6.646154251968504
20
-4.5831212598425193
11
6.6459278740157481
21
-4.5833070078740157
0
LINE
8
BLACK
6
CONTINUOUS
10
6.6459278740157481
20
-4.5833070078740157
11
6.6458767322834644
21
-4.5833660236220473
0
LINE
8
BLACK
6
CONTINUOUS
10
6.6458767322834644
20
-4.5833660236220473
11
6.6457877559055119
21
-4.583421968503937
0
LINE
8
BLACK
6
CONTINUOUS
10
6.6457877559055119
20
-4.583421968503937
11
6.6457068110236222
21
-4.5834884645669289
0
LINE
8
BLACK
6
CONTINUOUS
10
6.6457068110236222
20
-4.5834884645669289
11
6.6456348425196845
21
-4.5835182677165349
0
LINE
8
BLACK
6
CONTINUOUS
10
6.6456348425196845
20
-4.5835182677165349
11
6.6453868503937006
21
-4.5836743700787403
0
LINE
8
BLACK
6
CONTINUOUS
10
6.6453868503937006
20
-4.5836743700787403
11
6.6416373228346455
21
-4.5855491338582679
0
LINE
8
BLACK
6
CONTINUOUS
10
6.6416373228346455
20
-4.5855491338582679
11
6.6410966929133854
21
-4.5857560236220474
0
LINE
8
BLACK
6
CONTINUOUS
10
6.6410966929133854
20
-4.5857560236220474
11
6.6409908661417321
21
-4.5857635039370077
0
LINE
8
BLACK
6
CONTINUOUS
10
6.6409908661417321
20
-4.5857635039370077
11
6.6408928740157478
21
-4.585804133858268
0
LINE
8
BLACK
6
CONTINUOUS
10
6.6408928740157478
20
-4.585804133858268
11
6.6403168110236219
21
-4.5858608661417319
0
LINE
8
BLACK
6
CONTINUOUS
10
6.6403168110236219
20
-4.5858608661417319
11
6.6328177559055117
21
-4.5858608661417319
0
LINE
8
BLACK
6
CONTINUOUS
10
6.6328177559055117
20
-4.5858608661417319
11
6.6322416929133858
21
-4.585804133858268
0
LINE
8
BLACK
6
CONTINUOUS
10
6.6322416929133858
20
-4.585804133858268
11
6.6321437007874016
21
-4.5857635433070865
0
LINE
8
BLACK
6
CONTINUOUS
10
6.6321437007874016
20
-4.5857635433070865
11
6.6320378346456694
21
-4.5857560236220474
0
LINE
8
BLACK
6
CONTINUOUS
10
6.6320378346456694
20
-4.5857560236220474
11
6.6314972440944882
21
-4.5855491338582679
0
LINE
8
BLACK
6
CONTINUOUS
10
6.6314972440944882
20
-4.5855491338582679
11
6.6292047244094485
21
-4.5844028740157476
0
LINE
8
BLACK
6
CONTINUOUS
10
6.6292047244094485
20
-4.5844028740157476
11
6.6299340157480318
21
-4.5873200393700788
0
LINE
8
BLACK
6
CONTINUOUS
10
6.6299340157480318
20
-4.5873200393700788
11
6.6332376377952755
21
-4.5922755118110237
0
LINE
8
BLACK
6
CONTINUOUS
10
6.6332376377952755
20
-4.5922755118110237
11
6.6345668503937008
21
-4.5936047637795276
0
LINE
8
BLACK
6
CONTINUOUS
10
6.6345668503937008
20
-4.5936047637795276
11
6.6372643307086614
21
-4.594953503937008
0
LINE
8
BLACK
6
CONTINUOUS
10
6.6372643307086614
20
-4.594953503937008
11
6.644066338582677
21
-4.594953503937008
0
LINE
8
BLACK
6
CONTINUOUS
10
6.644066338582677
20
-4.594953503937008
11
6.6446424015748029
21
-4.5950102362204728
0
LINE
8
BLACK
6
CONTINUOUS
10
6.6446424015748029
20
-4.5950102362204728
11
6.6457068110236222
21
-4.5954511417322834
0
LINE
8
BLACK
6
CONTINUOUS
10
6.6457068110236222
20
-4.5954511417322834
11
6.6465214566929136
21
-4.5962657874015749
0
LINE
8
BLACK
6
CONTINUOUS
10
6.6465214566929136
20
-4.5962657874015749
11
6.6469623622047243
21
-4.5973301968503932
0
LINE
8
BLACK
6
CONTINUOUS
10
6.6469623622047243
20
-4.5973301968503932
11
6.6469623622047243
21
-4.5984823228346459
0
LINE
8
BLACK
6
CONTINUOUS
10
6.6469623622047243
20
-4.5984823228346459
11
6.6465214566929136
21
-4.5995467322834642
0
LINE
8
BLACK
6
CONTINUOUS
10
6.6465214566929136
20
-4.5995467322834642
11
6.6457068110236222
21
-4.6003613779527557
0
LINE
8
BLACK
6
CONTINUOUS
10
6.6457068110236222
20
-4.6003613779527557
11
6.6446424015748029
21
-4.6008022834645672
0
LINE
8
BLACK
6
CONTINUOUS
10
6.6446424015748029
20
-4.6008022834645672
11
6.644066338582677
21
-4.6008590157480311
0
LINE
8
BLACK
6
CONTINUOUS
10
6.644066338582677
20
-4.6008590157480311
11
6.6365672834645668
21
-4.6008590157480311
0
LINE
8
BLACK
6
CONTINUOUS
10
6.6365672834645668
20
-4.6008590157480311
11
6.6359912204724409
21
-4.6008022834645672
0
LINE
8
BLACK
6
CONTINUOUS
10
6.6359912204724409
20
-4.6008022834645672
11
6.6358932283464567
21
-4.6007616929133857
0
LINE
8
BLACK
6
CONTINUOUS
10
6.6358932283464567
20
-4.6007616929133857
11
6.6357873622047245
21
-4.6007541732283466
0
LINE
8
BLACK
6
CONTINUOUS
10
6.6357873622047245
20
-4.6007541732283466
11
6.6352467716535433
21
-4.6005472834645671
0
LINE
8
BLACK
6
CONTINUOUS
10
6.6352467716535433
20
-4.6005472834645671
11
6.6314972440944882
21
-4.5986725196850395
0
LINE
8
BLACK
6
CONTINUOUS
10
6.6314972440944882
20
-4.5986725196850395
11
6.6312492125984255
21
-4.5985164173228341
0
LINE
8
BLACK
6
CONTINUOUS
10
6.6312492125984255
20
-4.5985164173228341
11
6.6311772834645666
21
-4.5984866141732281
0
LINE
8
BLACK
6
CONTINUOUS
10
6.6311772834645666
20
-4.5984866141732281
11
6.6310962992125981
21
-4.598420157480315
0
LINE
8
BLACK
6
CONTINUOUS
10
6.6310962992125981
20
-4.598420157480315
11
6.6310073622047243
21
-4.5983641732283465
0
LINE
8
BLACK
6
CONTINUOUS
10
6.6310073622047243
20
-4.5983641732283465
11
6.6309561417322831
21
-4.5983051181102361
0
LINE
8
BLACK
6
CONTINUOUS
10
6.6309561417322831
20
-4.5983051181102361
11
6.630729803149606
21
-4.5981193700787397
0
LINE
8
BLACK
6
CONTINUOUS
10
6.630729803149606
20
-4.5981193700787397
11
6.6288550393700785
21
-4.5962445669291334
0
LINE
8
BLACK
6
CONTINUOUS
10
6.6288550393700785
20
-4.5962445669291334
11
6.6288537401574805
21
-4.5962429921259842
0
LINE
8
BLACK
6
CONTINUOUS
10
6.6288537401574805
20
-4.5962429921259842
11
6.6288529133858267
21
-4.5962424409448817
0
LINE
8
BLACK
6
CONTINUOUS
10
6.6288529133858267
20
-4.5962424409448817
11
6.6286679921259841
21
-4.5960166535433071
0
LINE
8
BLACK
6
CONTINUOUS
10
6.6286679921259841
20
-4.5960166535433071
11
6.6284878346456688
21
-4.5957971259842516
0
LINE
8
BLACK
6
CONTINUOUS
10
6.6284878346456688
20
-4.5957971259842516
11
6.6284874409448822
21
-4.5957961811023624
0
LINE
8
BLACK
6
CONTINUOUS
10
6.6284874409448822
20
-4.5957961811023624
11
6.6284861417322833
21
-4.5957946062992123
0
LINE
8
BLACK
6
CONTINUOUS
10
6.6284861417322833
20
-4.5957946062992123
11
6.6247366141732282
21
-4.5901703149606297
0
LINE
8
BLACK
6
CONTINUOUS
10
6.6247366141732282
20
-4.5901703149606297
11
6.6245670472440947
21
-4.5898522440944882
0
LINE
8
BLACK
6
CONTINUOUS
10
6.6245670472440947
20
-4.5898522440944882
11
6.6245236220472439
21
-4.5897936614173229
0
LINE
8
BLACK
6
CONTINUOUS
10
6.6245236220472439
20
-4.5897936614173229
11
6.6244988582677165
21
-4.5897243700787405
0
LINE
8
BLACK
6
CONTINUOUS
10
6.6244988582677165
20
-4.5897243700787405
11
6.6244642913385823
21
-4.5896595275590553
0
LINE
8
BLACK
6
CONTINUOUS
10
6.6244642913385823
20
-4.5896595275590553
11
6.6244501181102358
21
-4.5895879921259839
0
LINE
8
BLACK
6
CONTINUOUS
10
6.6244501181102358
20
-4.5895879921259839
11
6.6243288582677167
21
-4.5892485433070869
0
LINE
8
BLACK
6
CONTINUOUS
10
6.6243288582677167
20
-4.5892485433070869
11
6.6224540944881891
21
-4.5817494881889766
0
LINE
8
BLACK
6
CONTINUOUS
10
6.6224540944881891
20
-4.5817494881889766
11
6.6224392913385826
21
-4.5816496062992123
0
LINE
8
BLACK
6
CONTINUOUS
10
6.6224392913385826
20
-4.5816496062992123
11
6.6224226771653543
21
-4.5816094094488191
0
LINE
8
BLACK
6
CONTINUOUS
10
6.6224226771653543
20
-4.5816094094488191
11
6.6224012992125987
21
-4.5813923622047241
0
LINE
8
BLACK
6
CONTINUOUS
10
6.6224012992125987
20
-4.5813923622047241
11
6.6223694488188976
21
-4.5811768897637792
0
LINE
8
BLACK
6
CONTINUOUS
10
6.6223694488188976
20
-4.5811768897637792
11
6.6223758267716537
21
-4.5811338582677168
0
LINE
8
BLACK
6
CONTINUOUS
10
6.6223758267716537
20
-4.5811338582677168
11
6.6223659448818895
21
-4.5810333464566932
0
LINE
8
BLACK
6
CONTINUOUS
10
6.6223659448818895
20
-4.5810333464566932
11
6.6223659448818895
21
-4.5660352362204719
0
LINE
8
BLACK
6
CONTINUOUS
10
6.6223659448818895
20
-4.5660352362204719
11
6.6224226771653543
21
-4.565459173228346
0
LINE
8
BLACK
6
CONTINUOUS
10
6.6224226771653543
20
-4.565459173228346
11
6.6224632677165349
21
-4.565361141732283
0
LINE
8
BLACK
6
CONTINUOUS
10
6.6224632677165349
20
-4.565361141732283
11
6.6224707874015749
21
-4.5652553543307084
0
LINE
8
BLACK
6
CONTINUOUS
10
6.6224707874015749
20
-4.5652553543307084
11
6.6226776771653544
21
-4.5647147244094484
0
LINE
8
BLACK
6
CONTINUOUS
10
6.6226776771653544
20
-4.5647147244094484
11
6.6245524409448819
21
-4.5609651968503933
0
LINE
8
BLACK
6
CONTINUOUS
10
6.6245524409448819
20
-4.5609651968503933
11
6.6247085039370077
21
-4.5607171653543306
0
LINE
8
BLACK
6
CONTINUOUS
10
6.6247085039370077
20
-4.5607171653543306
11
6.6247383464566925
21
-4.5606452362204726
0
LINE
8
BLACK
6
CONTINUOUS
10
6.6247383464566925
20
-4.5606452362204726
11
6.6248048031496065
21
-4.5605642519685041
0
LINE
8
BLACK
6
CONTINUOUS
10
6.6248048031496065
20
-4.5605642519685041
11
6.624860787401575
21
-4.5604753149606294
0
LINE
8
BLACK
6
CONTINUOUS
10
6.624860787401575
20
-4.5604753149606294
11
6.6249197637795278
21
-4.5604241338582678
0
LINE
8
BLACK
6
CONTINUOUS
10
6.6249197637795278
20
-4.5604241338582678
11
6.6251055511811021
21
-4.5601977952755908
0
LINE
8
BLACK
6
CONTINUOUS
10
6.6251055511811021
20
-4.5601977952755908
11
6.6269803149606297
21
-4.5583230314960632
0
LINE
8
BLACK
6
CONTINUOUS
10
6.6269803149606297
20
-4.5583230314960632
11
6.6272066535433067
21
-4.5581372440944881
0
LINE
8
BLACK
6
CONTINUOUS
10
6.6272066535433067
20
-4.5581372440944881
11
6.6272578346456692
21
-4.5580782677165352
0
LINE
8
BLACK
6
CONTINUOUS
10
6.6272578346456692
20
-4.5580782677165352
11
6.627346771653543
21
-4.5580222834645667
0
LINE
8
BLACK
6
CONTINUOUS
10
6.627346771653543
20
-4.5580222834645667
11
6.6274277559055115
21
-4.5579558267716536
0
LINE
8
BLACK
6
CONTINUOUS
10
6.6274277559055115
20
-4.5579558267716536
11
6.6274996850393704
21
-4.5579259842519688
0
LINE
8
BLACK
6
CONTINUOUS
10
6.6274996850393704
20
-4.5579259842519688
11
6.627747716535433
21
-4.5577699212598421
0
LINE
8
BLACK
6
CONTINUOUS
10
6.627747716535433
20
-4.5577699212598421
11
6.6314972440944882
21
-4.5558951574803146
0
LINE
8
BLACK
6
CONTINUOUS
10
6.6314972440944882
20
-4.5558951574803146
11
6.6320378346456694
21
-4.5556882677165351
0
LINE
8
BLACK
6
CONTINUOUS
10
6.6320378346456694
20
-4.5556882677165351
11
6.6321437007874016
21
-4.5556807086614173
0
LINE
8
BLACK
6
CONTINUOUS
10
6.6321437007874016
20
-4.5556807086614173
11
6.6322416929133858
21
-4.5556401574803145
0
LINE
8
BLACK
6
CONTINUOUS
10
6.6322416929133858
20
-4.5556401574803145
11
6.6328177559055117
21
-4.5555834251968506
0
LINE
8
BLACK
6
CONTINUOUS
10
6.6328177559055117
20
-4.5555834251968506
11
6.6403168110236219
21
-4.5555834251968506
0
LINE
8
BLACK
6
CONTINUOUS
10
6.6403168110236219
20
-4.5555834251968506
11
6.6408928740157478
21
-4.5556401574803145
0
LINE
8
BLACK
6
CONTINUOUS
10
6.6308173228346456
20
-4.562837677165354
11
6.6296201968503938
21
-4.5640348031496059
0
LINE
8
BLACK
6
CONTINUOUS
10
6.6296201968503938
20
-4.5640348031496059
11
6.6282714566929135
21
-4.5667322834645665
0
LINE
8
BLACK
6
CONTINUOUS
10
6.6282714566929135
20
-4.5667322834645665
11
6.6282714566929135
21
-4.574712007874016
0
LINE
8
BLACK
6
CONTINUOUS
10
6.6282714566929135
20
-4.574712007874016
11
6.6296201968503938
21
-4.5774094881889766
0
LINE
8
BLACK
6
CONTINUOUS
10
6.6296201968503938
20
-4.5774094881889766
11
6.6308173228346456
21
-4.5786066141732285
0
LINE
8
BLACK
6
CONTINUOUS
10
6.6308173228346456
20
-4.5786066141732285
11
6.6335148031496063
21
-4.5799553543307088
0
LINE
8
BLACK
6
CONTINUOUS
10
6.6335148031496063
20
-4.5799553543307088
11
6.6396197637795273
21
-4.5799553543307088
0
LINE
8
BLACK
6
CONTINUOUS
10
6.6396197637795273
20
-4.5799553543307088
11
6.642317244094488
21
-4.5786066141732285
0
LINE
8
BLACK
6
CONTINUOUS
10
6.642317244094488
20
-4.5786066141732285
11
6.6435143700787398
21
-4.5774094881889766
0
LINE
8
BLACK
6
CONTINUOUS
10
6.6435143700787398
20
-4.5774094881889766
11
6.6448631102362201
21
-4.574712007874016
0
LINE
8
BLACK
6
CONTINUOUS
10
6.6448631102362201
20
-4.574712007874016
11
6.6448631102362201
21
-4.5667322834645665
0
LINE
8
BLACK
6
CONTINUOUS
10
6.6448631102362201
20
-4.5667322834645665
11
6.6435143700787398
21
-4.5640348031496059
0
LINE
8
BLACK
6
CONTINUOUS
10
6.6435143700787398
20
-4.5640348031496059
11
6.642317244094488
21
-4.562837677165354
0
LINE
8
BLACK
6
CONTINUOUS
10
6.642317244094488
20
-4.562837677165354
11
6.6396197637795273
21
-4.5614889370078737
0
LINE
8
BLACK
6
CONTINUOUS
10
6.6396197637795273
20
-4.5614889370078737
11
6.6335148031496063
21
-4.5614889370078737
0
LINE
8
BLACK
6
CONTINUOUS
10
6.6335148031496063
20
-4.5614889370078737
11
6.6308173228346456
21
-4.562837677165354
0
LINE
8
BLACK
6
CONTINUOUS
10
6.6743493700787404
20
-4.5556401574803145
11
6.6746386614173225
21
-4.5556401574803145
0
LINE
8
BLACK
6
CONTINUOUS
10
6.6746386614173225
20
-4.5556401574803145
11
6.6749087401574805
21
-4.5557520078740152
0
LINE
8
BLACK
6
CONTINUOUS
10
6.6749087401574805
20
-4.5557520078740152
11
6.6751953937007871
21
-4.5558093700787401
0
LINE
8
BLACK
6
CONTINUOUS
10
6.6751953937007871
20
-4.5558093700787401
11
6.6754357480314956
21
-4.5559703149606294
0
LINE
8
BLACK
6
CONTINUOUS
10
6.6754357480314956
20
-4.5559703149606294
11
6.6757030708661418
21
-4.556081062992126
0
LINE
8
BLACK
6
CONTINUOUS
10
6.6757030708661418
20
-4.556081062992126
11
6.6759097637795275
21
-4.5562877559055117
0
LINE
8
BLACK
6
CONTINUOUS
10
6.6759097637795275
20
-4.5562877559055117
11
6.6761526771653541
21
-4.5564504330708662
0
LINE
8
BLACK
6
CONTINUOUS
10
6.6761526771653541
20
-4.5564504330708662
11
6.6765156692913381
21
-4.5568936614173223
0
LINE
8
BLACK
6
CONTINUOUS
10
6.6765156692913381
20
-4.5568936614173223
11
6.6765177165354332
21
-4.5568957086614175
0
LINE
8
BLACK
6
CONTINUOUS
10
6.6765177165354332
20
-4.5568957086614175
11
6.676518070866142
21
-4.5568965748031491
0
LINE
8
BLACK
6
CONTINUOUS
10
6.676518070866142
20
-4.5568965748031491
11
6.6765194488188975
21
-4.5568982677165355
0
LINE
8
BLACK
6
CONTINUOUS
10
6.6765194488188975
20
-4.5568982677165355
11
6.6801067716535432
21
-4.5622792913385828
0
LINE
8
BLACK
6
CONTINUOUS
10
6.6801067716535432
20
-4.5622792913385828
11
6.6833107480314959
21
-4.5654832677165356
0
LINE
8
BLACK
6
CONTINUOUS
10
6.6833107480314959
20
-4.5654832677165356
11
6.6866316929133855
21
-4.5671437401574799
0
LINE
8
BLACK
6
CONTINUOUS
10
6.6866316929133855
20
-4.5671437401574799
11
6.6871215748031494
21
-4.567452086614173
0
LINE
8
BLACK
6
CONTINUOUS
10
6.6871215748031494
20
-4.567452086614173
11
6.6878764173228342
21
-4.5683224803149605
0
LINE
8
BLACK
6
CONTINUOUS
10
6.6878764173228342
20
-4.5683224803149605
11
6.6882407480314958
21
-4.5694154330708656
0
LINE
8
BLACK
6
CONTINUOUS
10
6.6882407480314958
20
-4.5694154330708656
11
6.6881590944881886
21
-4.5705646456692914
0
LINE
8
BLACK
6
CONTINUOUS
10
6.6881590944881886
20
-4.5705646456692914
11
6.6876438188976373
21
-4.5715951574803144
0
LINE
8
BLACK
6
CONTINUOUS
10
6.6876438188976373
20
-4.5715951574803144
11
6.6867734645669286
21
-4.5723500000000001
0
LINE
8
BLACK
6
CONTINUOUS
10
6.6867734645669286
20
-4.5723500000000001
11
6.6856804724409447
21
-4.5727143307086617
0
LINE
8
BLACK
6
CONTINUOUS
10
6.6856804724409447
20
-4.5727143307086617
11
6.6845312598425197
21
-4.5726326771653545
0
LINE
8
BLACK
6
CONTINUOUS
10
6.6845312598425197
20
-4.5726326771653545
11
6.6839906692913384
21
-4.572425787401575
0
LINE
8
BLACK
6
CONTINUOUS
10
6.6839906692913384
20
-4.572425787401575
11
6.6802411417322833
21
-4.5705510236220475
0
LINE
8
BLACK
6
CONTINUOUS
10
6.6802411417322833
20
-4.5705510236220475
11
6.6799933070866144
21
-4.5703949999999995
0
LINE
8
BLACK
6
CONTINUOUS
10
6.6799933070866144
20
-4.5703949999999995
11
6.6799211811023618
21
-4.5703651574803148
0
LINE
8
BLACK
6
CONTINUOUS
10
6.6799211811023618
20
-4.5703651574803148
11
6.6798399999999996
21
-4.5702985433070866
0
LINE
8
BLACK
6
CONTINUOUS
10
6.6798399999999996
20
-4.5702985433070866
11
6.6797512598425195
21
-4.5702426771653544
0
LINE
8
BLACK
6
CONTINUOUS
10
6.6797512598425195
20
-4.5702426771653544
11
6.6797001181102358
21
-4.5701837401574803
0
LINE
8
BLACK
6
CONTINUOUS
10
6.6797001181102358
20
-4.5701837401574803
11
6.67947374015748
21
-4.5699979133858264
0
LINE
8
BLACK
6
CONTINUOUS
10
6.67947374015748
20
-4.5699979133858264
11
6.6770153543307087
21
-4.5675395275590551
0
LINE
8
BLACK
6
CONTINUOUS
10
6.6770153543307087
20
-4.5675395275590551
11
6.6770153543307087
21
-4.594953503937008
0
LINE
8
BLACK
6
CONTINUOUS
10
6.6770153543307087
20
-4.594953503937008
11
6.685311181102362
21
-4.594953503937008
0
LINE
8
BLACK
6
CONTINUOUS
10
6.685311181102362
20
-4.594953503937008
11
6.6858872440944879
21
-4.5950102362204728
0
LINE
8
BLACK
6
CONTINUOUS
10
6.6858872440944879
20
-4.5950102362204728
11
6.6869516535433071
21
-4.5954511417322834
0
LINE
8
BLACK
6
CONTINUOUS
10
6.6869516535433071
20
-4.5954511417322834
11
6.6877662992125986
21
-4.5962657874015749
0
LINE
8
BLACK
6
CONTINUOUS
10
6.6877662992125986
20
-4.5962657874015749
11
6.6882072047244092
21
-4.5973301968503932
0
LINE
8
BLACK
6
CONTINUOUS
10
6.6882072047244092
20
-4.5973301968503932
11
6.6882072047244092
21
-4.5984823228346459
0
LINE
8
BLACK
6
CONTINUOUS
10
6.6882072047244092
20
-4.5984823228346459
11
6.6877662992125986
21
-4.5995467322834642
0
LINE
8
BLACK
6
CONTINUOUS
10
6.6877662992125986
20
-4.5995467322834642
11
6.6869516535433071
21
-4.6003613779527557
0
LINE
8
BLACK
6
CONTINUOUS
10
6.6869516535433071
20
-4.6003613779527557
11
6.6858872440944879
21
-4.6008022834645672
0
LINE
8
BLACK
6
CONTINUOUS
10
6.6858872440944879
20
-4.6008022834645672
11
6.685311181102362
21
-4.6008590157480311
0
LINE
8
BLACK
6
CONTINUOUS
10
6.685311181102362
20
-4.6008590157480311
11
6.6628140157480313
21
-4.6008590157480311
0
LINE
8
BLACK
6
CONTINUOUS
10
6.6628140157480313
20
-4.6008590157480311
11
6.6622379527559055
21
-4.6008022834645672
0
LINE
8
BLACK
6
CONTINUOUS
10
6.6622379527559055
20
-4.6008022834645672
11
6.6611735433070862
21
-4.6003613779527557
0
LINE
8
BLACK
6
CONTINUOUS
10
6.6611735433070862
20
-4.6003613779527557
11
6.6603588976377948
21
-4.5995467322834642
0
LINE
8
BLACK
6
CONTINUOUS
10
6.6603588976377948
20
-4.5995467322834642
11
6.6599179921259841
21
-4.5984823228346459
0
LINE
8
BLACK
6
CONTINUOUS
10
6.6599179921259841
20
-4.5984823228346459
11
6.6599179921259841
21
-4.5973301968503932
0
LINE
8
BLACK
6
CONTINUOUS
10
6.6599179921259841
20
-4.5973301968503932
11
6.6603588976377948
21
-4.5962657874015749
0
LINE
8
BLACK
6
CONTINUOUS
10
6.6603588976377948
20
-4.5962657874015749
11
6.6611735433070862
21
-4.5954511417322834
0
LINE
8
BLACK
6
CONTINUOUS
10
6.6611735433070862
20
-4.5954511417322834
11
6.6622379527559055
21
-4.5950102362204728
0
LINE
8
BLACK
6
CONTINUOUS
10
6.6622379527559055
20
-4.5950102362204728
11
6.6628140157480313
21
-4.594953503937008
0
LINE
8
BLACK
6
CONTINUOUS
10
6.6628140157480313
20
-4.594953503937008
11
6.6711098425196846
21
-4.594953503937008
0
LINE
8
BLACK
6
CONTINUOUS
10
6.6711098425196846
20
-4.594953503937008
11
6.6711098425196846
21
-4.5585361811023617
0
LINE
8
BLACK
6
CONTINUOUS
10
6.6711098425196846
20
-4.5585361811023617
11
6.6711100393700784
21
-4.5585340944881887
0
LINE
8
BLACK
6
CONTINUOUS
10
6.6711100393700784
20
-4.5585340944881887
11
6.6711098425196846
21
-4.558533070866142
0
LINE
8
BLACK
6
CONTINUOUS
10
6.6711098425196846
20
-4.558533070866142
11
6.6711104330708659
21
-4.5585300393700789
0
LINE
8
BLACK
6
CONTINUOUS
10
6.6711104330708659
20
-4.5585300393700789
11
6.6711665748031495
21
-4.5579601181102358
0
LINE
8
BLACK
6
CONTINUOUS
10
6.6711665748031495
20
-4.5579601181102358
11
6.6712784251968502
21
-4.55769
0
LINE
8
BLACK
6
CONTINUOUS
10
6.6712784251968502
20
-4.55769
11
6.6713357874015751
21
-4.5574033858267713
0
LINE
8
BLACK
6
CONTINUOUS
10
6.6713357874015751
20
-4.5574033858267713
11
6.6714967322834644
21
-4.557162992125984
0
LINE
8
BLACK
6
CONTINUOUS
10
6.6714967322834644
20
-4.557162992125984
11
6.6716074803149601
21
-4.5568957086614175
0
LINE
8
BLACK
6
CONTINUOUS
10
6.6716074803149601
20
-4.5568957086614175
11
6.6718141732283467
21
-4.556688976377953
0
LINE
8
BLACK
6
CONTINUOUS
10
6.6718141732283467
20
-4.556688976377953
11
6.6719768503937003
21
-4.5564461023622043
0
LINE
8
BLACK
6
CONTINUOUS
10
6.6719768503937003
20
-4.5564461023622043
11
6.6722175590551176
21
-4.5562855905511812
0
LINE
8
BLACK
6
CONTINUOUS
10
6.6722175590551176
20
-4.5562855905511812
11
6.6724221259842516
21
-4.556081062992126
0
LINE
8
BLACK
6
CONTINUOUS
10
6.6724221259842516
20
-4.556081062992126
11
6.6726922047244095
21
-4.5559691732283465
0
LINE
8
BLACK
6
CONTINUOUS
10
6.6726922047244095
20
-4.5559691732283465
11
6.6729354724409449
21
-4.5558070078740158
0
LINE
8
BLACK
6
CONTINUOUS
10
6.6729354724409449
20
-4.5558070078740158
11
6.6732192519685034
21
-4.5557508661417323
0
LINE
8
BLACK
6
CONTINUOUS
10
6.6732192519685034
20
-4.5557508661417323
11
6.6734865354330708
21
-4.5556401574803145
0
LINE
8
BLACK
6
CONTINUOUS
10
6.6734865354330708
20
-4.5556401574803145
11
6.6737789370078735
21
-4.5556401574803145
0
LINE
8
BLACK
6
CONTINUOUS
10
6.6737789370078735
20
-4.5556401574803145
11
6.6740657086614172
21
-4.5555834251968506
0
LINE
8
BLACK
6
CONTINUOUS
10
6.6740657086614172
20
-4.5555834251968506
11
6.6743493700787404
21
-4.5556401574803145
0
LINE
8
BLACK
6
CONTINUOUS
10
6.7118494488188976
20
-4.5556121259842515
11
6.7119272047244092
21
-4.5556066141732279
0
LINE
8
BLACK
6
CONTINUOUS
10
6.7119272047244092
20
-4.5556066141732279
11
6.7120294488188978
21
-4.5556298425196848
0
LINE
8
BLACK
6
CONTINUOUS
10
6.7120294488188978
20
-4.5556298425196848
11
6.7121339763779524
21
-4.5556401574803145
0
LINE
8
BLACK
6
CONTINUOUS
10
6.7121339763779524
20
-4.5556401574803145
11
6.7122060629921254
21
-4.5556700000000001
0
LINE
8
BLACK
6
CONTINUOUS
10
6.7122060629921254
20
-4.5556700000000001
11
6.7124916535433066
21
-4.5557349606299216
0
LINE
8
BLACK
6
CONTINUOUS
10
6.7124916535433066
20
-4.5557349606299216
11
6.7181159448818892
21
-4.5576097244094491
0
LINE
8
BLACK
6
CONTINUOUS
10
6.7181159448818892
20
-4.5576097244094491
11
6.7186444881889766
21
-4.557845708661417
0
LINE
8
BLACK
6
CONTINUOUS
10
6.7186444881889766
20
-4.557845708661417
11
6.7187246062992125
21
-4.5579151968503933
0
LINE
8
BLACK
6
CONTINUOUS
10
6.7187246062992125
20
-4.5579151968503933
11
6.7188226771653543
21
-4.5579558267716536
0
LINE
8
BLACK
6
CONTINUOUS
10
6.7188226771653543
20
-4.5579558267716536
11
6.7192701181102361
21
-4.5583230314960632
0
LINE
8
BLACK
6
CONTINUOUS
10
6.7192701181102361
20
-4.5583230314960632
11
6.7230196456692912
21
-4.5620725590551183
0
LINE
8
BLACK
6
CONTINUOUS
10
6.7230196456692912
20
-4.5620725590551183
11
6.7232054724409451
21
-4.5622989370078741
0
LINE
8
BLACK
6
CONTINUOUS
10
6.7232054724409451
20
-4.5622989370078741
11
6.7232644094488183
21
-4.562350078740157
0
LINE
8
BLACK
6
CONTINUOUS
10
6.7232644094488183
20
-4.562350078740157
11
6.7233202755905515
21
-4.5624388188976379
0
LINE
8
BLACK
6
CONTINUOUS
10
6.7233202755905515
20
-4.5624388188976379
11
6.7233868897637796
21
-4.5625200000000001
0
LINE
8
BLACK
6
CONTINUOUS
10
6.7233868897637796
20
-4.5625200000000001
11
6.7234167322834644
21
-4.5625921259842519
0
LINE
8
BLACK
6
CONTINUOUS
10
6.7234167322834644
20
-4.5625921259842519
11
6.7235727559055114
21
-4.5628399606299208
0
LINE
8
BLACK
6
CONTINUOUS
10
6.7235727559055114
20
-4.5628399606299208
11
6.725447519685039
21
-4.5665894881889759
0
LINE
8
BLACK
6
CONTINUOUS
10
6.725447519685039
20
-4.5665894881889759
11
6.7254636220472443
21
-4.5666315748031492
0
LINE
8
BLACK
6
CONTINUOUS
10
6.7254636220472443
20
-4.5666315748031492
11
6.725476338582677
21
-4.56664874015748
0
LINE
8
BLACK
6
CONTINUOUS
10
6.725476338582677
20
-4.56664874015748
11
6.7255624015748028
21
-4.5668896456692911
0
LINE
8
BLACK
6
CONTINUOUS
10
6.7255624015748028
20
-4.5668896456692911
11
6.7256544094488184
21
-4.5671300787401572
0
LINE
8
BLACK
6
CONTINUOUS
10
6.7256544094488184
20
-4.5671300787401572
11
6.725655905511811
21
-4.5671513385826774
0
LINE
8
BLACK
6
CONTINUOUS
10
6.725655905511811
20
-4.5671513385826774
11
6.7256711023622042
21
-4.5671938582677161
0
LINE
8
BLACK
6
CONTINUOUS
10
6.7256711023622042
20
-4.5671938582677161
11
6.7275458661417318
21
-4.5746929133858263
0
LINE
8
BLACK
6
CONTINUOUS
10
6.7275458661417318
20
-4.5746929133858263
11
6.7275606299212596
21
-4.5747927559055119
0
LINE
8
BLACK
6
CONTINUOUS
10
6.7275606299212596
20
-4.5747927559055119
11
6.7275772834645666
21
-4.5748329921259838
0
LINE
8
BLACK
6
CONTINUOUS
10
6.7275772834645666
20
-4.5748329921259838
11
6.7275986220472443
21
-4.5750500000000001
0
LINE
8
BLACK
6
CONTINUOUS
10
6.7275986220472443
20
-4.5750500000000001
11
6.7276305118110233
21
-4.5752655118110237
0
LINE
8
BLACK
6
CONTINUOUS
10
6.7276305118110233
20
-4.5752655118110237
11
6.7276240944881884
21
-4.5753085039370074
0
LINE
8
BLACK
6
CONTINUOUS
10
6.7276240944881884
20
-4.5753085039370074
11
6.7276340157480314
21
-4.5754090551181097
0
LINE
8
BLACK
6
CONTINUOUS
10
6.7276340157480314
20
-4.5754090551181097
11
6.7276340157480314
21
-4.5810333464566932
0
LINE
8
BLACK
6
CONTINUOUS
10
6.7276340157480314
20
-4.5810333464566932
11
6.7276240944881884
21
-4.5811338582677168
0
LINE
8
BLACK
6
CONTINUOUS
10
6.7276240944881884
20
-4.5811338582677168
11
6.7276305118110233
21
-4.5811768897637792
0
LINE
8
BLACK
6
CONTINUOUS
10
6.7276305118110233
20
-4.5811768897637792
11
6.7275986220472443
21
-4.5813923622047241
0
LINE
8
BLACK
6
CONTINUOUS
10
6.7275986220472443
20
-4.5813923622047241
11
6.7275772834645666
21
-4.5816094094488191
0
LINE
8
BLACK
6
CONTINUOUS
10
6.7275772834645666
20
-4.5816094094488191
11
6.7275606299212596
21
-4.5816496062992123
0
LINE
8
BLACK
6
CONTINUOUS
10
6.7275606299212596
20
-4.5816496062992123
11
6.7275458661417318
21
-4.5817494881889766
0
LINE
8
BLACK
6
CONTINUOUS
10
6.7275458661417318
20
-4.5817494881889766
11
6.7256711023622042
21
-4.5892485433070869
0
LINE
8
BLACK
6
CONTINUOUS
10
6.7256711023622042
20
-4.5892485433070869
11
6.725655905511811
21
-4.5892910236220468
0
LINE
8
BLACK
6
CONTINUOUS
10
6.725655905511811
20
-4.5892910236220468
11
6.7256544094488184
21
-4.5893123228346457
0
LINE
8
BLACK
6
CONTINUOUS
10
6.7256544094488184
20
-4.5893123228346457
11
6.7255626377952753
21
-4.5895520472440943
0
LINE
8
BLACK
6
CONTINUOUS
10
6.7255626377952753
20
-4.5895520472440943
11
6.725476338582677
21
-4.5897936614173229
0
LINE
8
BLACK
6
CONTINUOUS
10
6.725476338582677
20
-4.5897936614173229
11
6.7254636220472443
21
-4.589810787401575
0
LINE
8
BLACK
6
CONTINUOUS
10
6.7254636220472443
20
-4.589810787401575
11
6.725447519685039
21
-4.589852913385827
0
LINE
8
BLACK
6
CONTINUOUS
10
6.725447519685039
20
-4.589852913385827
11
6.7235727559055114
21
-4.5936024409448821
0
LINE
8
BLACK
6
CONTINUOUS
10
6.7235727559055114
20
-4.5936024409448821
11
6.7234166929133856
21
-4.5938503149606298
0
LINE
8
BLACK
6
CONTINUOUS
10
6.7234166929133856
20
-4.5938503149606298
11
6.7233868897637796
21
-4.5939223622047241
0
LINE
8
BLACK
6
CONTINUOUS
10
6.7233868897637796
20
-4.5939223622047241
11
6.7233203543307081
21
-4.5940033858267713
0
LINE
8
BLACK
6
CONTINUOUS
10
6.7233203543307081
20
-4.5940033858267713
11
6.7232644094488183
21
-4.594092322834646
0
LINE
8
BLACK
6
CONTINUOUS
10
6.7232644094488183
20
-4.594092322834646
11
6.7232053937007876
21
-4.5941434645669288
0
LINE
8
BLACK
6
CONTINUOUS
10
6.7232053937007876
20
-4.5941434645669288
11
6.72301968503937
21
-4.5943698031496059
0
LINE
8
BLACK
6
CONTINUOUS
10
6.72301968503937
20
-4.5943698031496059
11
6.7192701181102361
21
-4.5981194094488185
0
LINE
8
BLACK
6
CONTINUOUS
10
6.7192701181102361
20
-4.5981194094488185
11
6.7188226771653543
21
-4.5984866141732281
0
LINE
8
BLACK
6
CONTINUOUS
10
6.7188226771653543
20
-4.5984866141732281
11
6.7187246062992125
21
-4.5985272047244097
0
LINE
8
BLACK
6
CONTINUOUS
10
6.7187246062992125
20
-4.5985272047244097
11
6.7186444881889766
21
-4.5985967322834647
0
LINE
8
BLACK
6
CONTINUOUS
10
6.7186444881889766
20
-4.5985967322834647
11
6.7181159448818892
21
-4.5988327165354326
0
LINE
8
BLACK
6
CONTINUOUS
10
6.7181159448818892
20
-4.5988327165354326
11
6.7124916535433066
21
-4.6007074803149601
0
LINE
8
BLACK
6
CONTINUOUS
10
6.7124916535433066
20
-4.6007074803149601
11
6.7122060629921254
21
-4.6007724015748028
0
LINE
8
BLACK
6
CONTINUOUS
10
6.7122060629921254
20
-4.6007724015748028
11
6.7121339763779524
21
-4.6008022834645672
0
LINE
8
BLACK
6
CONTINUOUS
10
6.7121339763779524
20
-4.6008022834645672
11
6.7120294488188978
21
-4.6008125590551181
0
LINE
8
BLACK
6
CONTINUOUS
10
6.7120294488188978
20
-4.6008125590551181
11
6.7119272047244092
21
-4.6008358267716538
0
LINE
8
BLACK
6
CONTINUOUS
10
6.7119272047244092
20
-4.6008358267716538
11
6.7118494488188976
21
-4.6008302755905515
0
LINE
8
BLACK
6
CONTINUOUS
10
6.7118494488188976
20
-4.6008302755905515
11
6.7115579133858265
21
-4.6008590157480311
0
LINE
8
BLACK
6
CONTINUOUS
10
6.7115579133858265
20
-4.6008590157480311
11
6.7078083858267714
21
-4.6008590157480311
0
LINE
8
BLACK
6
CONTINUOUS
10
6.7078083858267714
20
-4.6008590157480311
11
6.7075167716535429
21
-4.6008302755905515
0
LINE
8
BLACK
6
CONTINUOUS
10
6.7075167716535429
20
-4.6008302755905515
11
6.70743905511811
21
-4.6008358267716538
0
LINE
8
BLACK
6
CONTINUOUS
10
6.70743905511811
20
-4.6008358267716538
11
6.7073367716535435
21
-4.6008125590551181
0
LINE
8
BLACK
6
CONTINUOUS
10
6.7073367716535435
20
-4.6008125590551181
11
6.7072323228346455
21
-4.6008022834645672
0
LINE
8
BLACK
6
CONTINUOUS
10
6.7072323228346455
20
-4.6008022834645672
11
6.7071602362204725
21
-4.6007724015748028
0
LINE
8
BLACK
6
CONTINUOUS
10
6.7071602362204725
20
-4.6007724015748028
11
6.7068746062992126
21
-4.6007074803149601
0
LINE
8
BLACK
6
CONTINUOUS
10
6.7068746062992126
20
-4.6007074803149601
11
6.7012503543307087
21
-4.5988327165354326
0
LINE
8
BLACK
6
CONTINUOUS
10
6.7012503543307087
20
-4.5988327165354326
11
6.7007217716535434
21
-4.5985967322834647
0
LINE
8
BLACK
6
CONTINUOUS
10
6.7007217716535434
20
-4.5985967322834647
11
6.7006415748031491
21
-4.5985271653543309
0
LINE
8
BLACK
6
CONTINUOUS
10
6.7006415748031491
20
-4.5985271653543309
11
6.7005436220472436
21
-4.5984866141732281
0
LINE
8
BLACK
6
CONTINUOUS
10
6.7005436220472436
20
-4.5984866141732281
11
6.7000961417322831
21
-4.5981193700787397
0
LINE
8
BLACK
6
CONTINUOUS
10
6.7000961417322831
20
-4.5981193700787397
11
6.6982213779527555
21
-4.5962445669291334
0
LINE
8
BLACK
6
CONTINUOUS
10
6.6982213779527555
20
-4.5962445669291334
11
6.6978541732283459
21
-4.5957971259842516
0
LINE
8
BLACK
6
CONTINUOUS
10
6.6978541732283459
20
-4.5957971259842516
11
6.697413307086614
21
-4.5947327165354332
0
LINE
8
BLACK
6
CONTINUOUS
10
6.697413307086614
20
-4.5947327165354332
11
6.697413307086614
21
-4.5935806299212594
0
LINE
8
BLACK
6
CONTINUOUS
10
6.697413307086614
20
-4.5935806299212594
11
6.6978542125984246
21
-4.592516220472441
0
LINE
8
BLACK
6
CONTINUOUS
10
6.6978542125984246
20
-4.592516220472441
11
6.6986688976377948
21
-4.5917015354330708
0
LINE
8
BLACK
6
CONTINUOUS
10
6.6986688976377948
20
-4.5917015354330708
11
6.6997333070866141
21
-4.5912606692913389
0
LINE
8
BLACK
6
CONTINUOUS
10
6.6997333070866141
20
-4.5912606692913389
11
6.7008853937007871
21
-4.5912606692913389
0
LINE
8
BLACK
6
CONTINUOUS
10
6.7008853937007871
20
-4.5912606692913389
11
6.7019498031496063
21
-4.5917015748031496
0
LINE
8
BLACK
6
CONTINUOUS
10
6.7019498031496063
20
-4.5917015748031496
11
6.7023972834645669
21
-4.592068818897638
0
LINE
8
BLACK
6
CONTINUOUS
10
6.7023972834645669
20
-4.592068818897638
11
6.7037791338582675
21
-4.5934507086614174
0
LINE
8
BLACK
6
CONTINUOUS
10
6.7037791338582675
20
-4.5934507086614174
11
6.7082875196850393
21
-4.594953503937008
0
LINE
8
BLACK
6
CONTINUOUS
10
6.7082875196850393
20
-4.594953503937008
11
6.7110787795275586
21
-4.594953503937008
0
LINE
8
BLACK
6
CONTINUOUS
10
6.7110787795275586
20
-4.594953503937008
11
6.7155871653543304
21
-4.5934506692913386
0
LINE
8
BLACK
6
CONTINUOUS
10
6.7155871653543304
20
-4.5934506692913386
11
6.7185049606299208
21
-4.5905328346456695
0
LINE
8
BLACK
6
CONTINUOUS
10
6.7185049606299208
20
-4.5905328346456695
11
6.7200204724409449
21
-4.5875018503937008
0
LINE
8
BLACK
6
CONTINUOUS
10
6.7200204724409449
20
-4.5875018503937008
11
6.7217285039370074
21
-4.5806698031496058
0
LINE
8
BLACK
6
CONTINUOUS
10
6.7217285039370074
20
-4.5806698031496058
11
6.7217285039370074
21
-4.5757725984251971
0
LINE
8
BLACK
6
CONTINUOUS
10
6.7217285039370074
20
-4.5757725984251971
11
6.7200204724409449
21
-4.5689405511811021
0
LINE
8
BLACK
6
CONTINUOUS
10
6.7200204724409449
20
-4.5689405511811021
11
6.7185049999999995
21
-4.5659095669291334
0
LINE
8
BLACK
6
CONTINUOUS
10
6.7185049999999995
20
-4.5659095669291334
11
6.7155871653543304
21
-4.5629917322834643
0
LINE
8
BLACK
6
CONTINUOUS
10
6.7155871653543304
20
-4.5629917322834643
11
6.7110787795275586
21
-4.5614889370078737
0
LINE
8
BLACK
6
CONTINUOUS
10
6.7110787795275586
20
-4.5614889370078737
11
6.7082875196850393
21
-4.5614889370078737
0
LINE
8
BLACK
6
CONTINUOUS
10
6.7082875196850393
20
-4.5614889370078737
11
6.7037791338582675
21
-4.5629917322834643
0
LINE
8
BLACK
6
CONTINUOUS
10
6.7037791338582675
20
-4.5629917322834643
11
6.7023972440944881
21
-4.5643736220472437
0
LINE
8
BLACK
6
CONTINUOUS
10
6.7023972440944881
20
-4.5643736220472437
11
6.7019498031496063
21
-4.5647408267716534
0
LINE
8
BLACK
6
CONTINUOUS
10
6.7019498031496063
20
-4.5647408267716534
11
6.7008853543307083
21
-4.565181732283464
0
LINE
8
BLACK
6
CONTINUOUS
10
6.7008853543307083
20
-4.565181732283464
11
6.6997333070866141
21
-4.565181732283464
0
LINE
8
BLACK
6
CONTINUOUS
10
6.6997333070866141
20
-4.565181732283464
11
6.6986688582677161
21
-4.5647408267716534
0
LINE
8
BLACK
6
CONTINUOUS
10
6.6986688582677161
20
-4.5647408267716534
11
6.6978542125984246
21
-4.5639261811023619
0
LINE
8
BLACK
6
CONTINUOUS
10
6.6978542125984246
20
-4.5639261811023619
11
6.697413307086614
21
-4.5628617322834648
0
LINE
8
BLACK
6
CONTINUOUS
10
6.697413307086614
20
-4.5628617322834648
11
6.697413307086614
21
-4.5617096850393697
0
LINE
8
BLACK
6
CONTINUOUS
10
6.697413307086614
20
-4.5617096850393697
11
6.6978542125984246
21
-4.5606452362204726
0
LINE
8
BLACK
6
CONTINUOUS
10
6.6978542125984246
20
-4.5606452362204726
11
6.6982214173228343
21
-4.5601977952755908
0
LINE
8
BLACK
6
CONTINUOUS
10
6.6982214173228343
20
-4.5601977952755908
11
6.7000961811023618
21
-4.5583230314960632
0
LINE
8
BLACK
6
CONTINUOUS
10
6.7000961811023618
20
-4.5583230314960632
11
6.7005436220472436
21
-4.5579558267716536
0
LINE
8
BLACK
6
CONTINUOUS
10
6.7005436220472436
20
-4.5579558267716536
11
6.7006415748031491
21
-4.557915236220472
0
LINE
8
BLACK
6
CONTINUOUS
10
6.7006415748031491
20
-4.557915236220472
11
6.7007217716535434
21
-4.557845708661417
0
LINE
8
BLACK
6
CONTINUOUS
10
6.7007217716535434
20
-4.557845708661417
11
6.7012503543307087
21
-4.5576097244094491
0
LINE
8
BLACK
6
CONTINUOUS
10
6.7012503543307087
20
-4.5576097244094491
11
6.7068746062992126
21
-4.5557349606299216
0
LINE
8
BLACK
6
CONTINUOUS
10
6.7068746062992126
20
-4.5557349606299216
11
6.7071602362204725
21
-4.5556700000000001
0
LINE
8
BLACK
6
CONTINUOUS
10
6.7071602362204725
20
-4.5556700000000001
11
6.7072323228346455
21
-4.5556401574803145
0
LINE
8
BLACK
6
CONTINUOUS
10
6.7072323228346455
20
-4.5556401574803145
11
6.7073367716535435
21
-4.5556298425196848
0
LINE
8
BLACK
6
CONTINUOUS
10
6.7073367716535435
20
-4.5556298425196848
11
6.70743905511811
21
-4.5556066141732279
0
LINE
8
BLACK
6
CONTINUOUS
10
6.70743905511811
20
-4.5556066141732279
11
6.7075167716535429
21
-4.5556121259842515
0
LINE
8
BLACK
6
CONTINUOUS
10
6.7075167716535429
20
-4.5556121259842515
11
6.7078083858267714
21
-4.5555834251968506
0
LINE
8
BLACK
6
CONTINUOUS
10
6.7078083858267714
20
-4.5555834251968506
11
6.7115579133858265
21
-4.5555834251968506
0
LINE
8
BLACK
6
CONTINUOUS
10
6.7115579133858265
20
-4.5555834251968506
11
6.7118494488188976
21
-4.5556121259842515
0
LINE
8
BLACK
6
CONTINUOUS
10
6.5589168110236216
20
-4.5674848818897633
11
6.559731456692913
21
-4.5682995275590548
0
LINE
8
BLACK
6
CONTINUOUS
10
6.559731456692913
20
-4.5682995275590548
11
6.5601723622047245
21
-4.569363937007874
0
LINE
8
BLACK
6
CONTINUOUS
10
6.5601723622047245
20
-4.569363937007874
11
6.5602290944881885
21
-4.5699399999999999
0
LINE
8
BLACK
6
CONTINUOUS
10
6.5602290944881885
20
-4.5699399999999999
11
6.5602290944881885
21
-4.5878047244094491
0
LINE
8
BLACK
6
CONTINUOUS
10
6.5602290944881885
20
-4.5878047244094491
11
6.570330039370079
21
-4.5789664173228344
0
LINE
8
BLACK
6
CONTINUOUS
10
6.570330039370079
20
-4.5789664173228344
11
6.5705790157480317
21
-4.5787883858267717
0
LINE
8
BLACK
6
CONTINUOUS
10
6.5705790157480317
20
-4.5787883858267717
11
6.5706339763779527
21
-4.5787334645669286
0
LINE
8
BLACK
6
CONTINUOUS
10
6.5706339763779527
20
-4.5787334645669286
11
6.5706860629921255
21
-4.5787118503937005
0
LINE
8
BLACK
6
CONTINUOUS
10
6.5706860629921255
20
-4.5787118503937005
11
6.5708009448818894
21
-4.578629763779527
0
LINE
8
BLACK
6
CONTINUOUS
10
6.5708009448818894
20
-4.578629763779527
11
6.5712551574803149
21
-4.578476141732283
0
LINE
8
BLACK
6
CONTINUOUS
10
6.5712551574803149
20
-4.578476141732283
11
6.5716983858267719
21
-4.578292559055118
0
LINE
8
BLACK
6
CONTINUOUS
10
6.5716983858267719
20
-4.578292559055118
11
6.5717980314960629
21
-4.578292559055118
0
LINE
8
BLACK
6
CONTINUOUS
10
6.5717980314960629
20
-4.578292559055118
11
6.5718923228346453
21
-4.5782606692913381
0
LINE
8
BLACK
6
CONTINUOUS
10
6.5718923228346453
20
-4.5782606692913381
11
6.5723707874015744
21
-4.578292559055118
0
LINE
8
BLACK
6
CONTINUOUS
10
6.5723707874015744
20
-4.578292559055118
11
6.5728505118110236
21
-4.578292559055118
0
LINE
8
BLACK
6
CONTINUOUS
10
6.5728505118110236
20
-4.578292559055118
11
6.5729424803149605
21
-4.5783306299212594
0
LINE
8
BLACK
6
CONTINUOUS
10
6.5729424803149605
20
-4.5783306299212594
11
6.5730418503937003
21
-4.5783372834645668
0
LINE
8
BLACK
6
CONTINUOUS
10
6.5730418503937003
20
-4.5783372834645668
11
6.5734719685039371
21
-4.5785499606299211
0
LINE
8
BLACK
6
CONTINUOUS
10
6.5734719685039371
20
-4.5785499606299211
11
6.573914921259842
21
-4.5787334645669286
0
LINE
8
BLACK
6
CONTINUOUS
10
6.573914921259842
20
-4.5787334645669286
11
6.573985236220472
21
-4.5788037795275587
0
LINE
8
BLACK
6
CONTINUOUS
10
6.573985236220472
20
-4.5788037795275587
11
6.5740746062992121
21
-4.5788479921259846
0
LINE
8
BLACK
6
CONTINUOUS
10
6.5740746062992121
20
-4.5788479921259846
11
6.5743905511811018
21
-4.5792090944881885
0
LINE
8
BLACK
6
CONTINUOUS
10
6.5743905511811018
20
-4.5792090944881885
11
6.5747295669291335
21
-4.5795481102362201
0
LINE
8
BLACK
6
CONTINUOUS
10
6.5747295669291335
20
-4.5795481102362201
11
6.5747676771653545
21
-4.579640078740157
0
LINE
8
BLACK
6
CONTINUOUS
10
6.5747676771653545
20
-4.579640078740157
11
6.5748332677165351
21
-4.5797150787401577
0
LINE
8
BLACK
6
CONTINUOUS
10
6.5748332677165351
20
-4.5797150787401577
11
6.5749868503937003
21
-4.5801692913385823
0
LINE
8
BLACK
6
CONTINUOUS
10
6.5749868503937003
20
-4.5801692913385823
11
6.575170472440945
21
-4.5806125196850394
0
LINE
8
BLACK
6
CONTINUOUS
10
6.575170472440945
20
-4.5806125196850394
11
6.5751842913385827
21
-4.5807530708661419
0
LINE
8
BLACK
6
CONTINUOUS
10
6.5751842913385827
20
-4.5807530708661419
11
6.575202362204724
21
-4.5808064566929136
0
LINE
8
BLACK
6
CONTINUOUS
10
6.575202362204724
20
-4.5808064566929136
11
6.5751971653543304
21
-4.5808838976377952
0
LINE
8
BLACK
6
CONTINUOUS
10
6.5751971653543304
20
-4.5808838976377952
11
6.5752272047244089
21
-4.5811885826771652
0
LINE
8
BLACK
6
CONTINUOUS
10
6.5752272047244089
20
-4.5811885826771652
11
6.5752272047244089
21
-4.5861158267716533
0
LINE
8
BLACK
6
CONTINUOUS
10
6.5752272047244089
20
-4.5861158267716533
11
6.5765759448818892
21
-4.5888133070866139
0
LINE
8
BLACK
6
CONTINUOUS
10
6.5765759448818892
20
-4.5888133070866139
11
6.5777730708661419
21
-4.5900104330708658
0
LINE
8
BLACK
6
CONTINUOUS
10
6.5777730708661419
20
-4.5900104330708658
11
6.5804705511811026
21
-4.5913591732283461
0
LINE
8
BLACK
6
CONTINUOUS
10
6.5804705511811026
20
-4.5913591732283461
11
6.5884502755905512
21
-4.5913591732283461
0
LINE
8
BLACK
6
CONTINUOUS
10
6.5884502755905512
20
-4.5913591732283461
11
6.5911477559055118
21
-4.590010393700787
0
LINE
8
BLACK
6
CONTINUOUS
10
6.5911477559055118
20
-4.590010393700787
11
6.5923449212598424
21
-4.5888132677165352
0
LINE
8
BLACK
6
CONTINUOUS
10
6.5923449212598424
20
-4.5888132677165352
11
6.5936936614173227
21
-4.5861158267716533
0
LINE
8
BLACK
6
CONTINUOUS
10
6.5936936614173227
20
-4.5861158267716533
11
6.5936936614173227
21
-4.5762613385826771
0
LINE
8
BLACK
6
CONTINUOUS
10
6.5936936614173227
20
-4.5762613385826771
11
6.5923449212598424
21
-4.5735638582677165
0
LINE
8
BLACK
6
CONTINUOUS
10
6.5923449212598424
20
-4.5735638582677165
11
6.5908089763779527
21
-4.5720279527559056
0
LINE
8
BLACK
6
CONTINUOUS
10
6.5908089763779527
20
-4.5720279527559056
11
6.5904417322834643
21
-4.571580472440945
0
LINE
8
BLACK
6
CONTINUOUS
10
6.5904417322834643
20
-4.571580472440945
11
6.5900008267716537
21
-4.5705160629921258
0
LINE
8
BLACK
6
CONTINUOUS
10
6.5900008267716537
20
-4.5705160629921258
11
6.5900008267716537
21
-4.5693639763779528
0
LINE
8
BLACK
6
CONTINUOUS
10
6.5900008267716537
20
-4.5693639763779528
11
6.5904416929133856
21
-4.5682995669291335
0
LINE
8
BLACK
6
CONTINUOUS
10
6.5904416929133856
20
-4.5682995669291335
11
6.5912563779527558
21
-4.5674848818897633
0
LINE
8
BLACK
6
CONTINUOUS
10
6.5912563779527558
20
-4.5674848818897633
11
6.592320787401575
21
-4.5670439763779527
0
LINE
8
BLACK
6
CONTINUOUS
10
6.592320787401575
20
-4.5670439763779527
11
6.593472874015748
21
-4.5670439763779527
0
LINE
8
BLACK
6
CONTINUOUS
10
6.593472874015748
20
-4.5670439763779527
11
6.5945372834645664
21
-4.5674848425196846
0
LINE
8
BLACK
6
CONTINUOUS
10
6.5945372834645664
20
-4.5674848425196846
11
6.5949847244094491
21
-4.5678520472440942
0
LINE
8
BLACK
6
CONTINUOUS
10
6.5949847244094491
20
-4.5678520472440942
11
6.5968595275590554
21
-4.5697268110236218
0
LINE
8
BLACK
6
CONTINUOUS
10
6.5968595275590554
20
-4.5697268110236218
11
6.5970452755905509
21
-4.5699531496062988
0
LINE
8
BLACK
6
CONTINUOUS
10
6.5970452755905509
20
-4.5699531496062988
11
6.5971043307086612
21
-4.5700043700787401
0
LINE
8
BLACK
6
CONTINUOUS
10
6.5971043307086612
20
-4.5700043700787401
11
6.5971603149606297
21
-4.5700933070866139
0
LINE
8
BLACK
6
CONTINUOUS
10
6.5971603149606297
20
-4.5700933070866139
11
6.5972267716535429
21
-4.5701742913385823
0
LINE
8
BLACK
6
CONTINUOUS
10
6.5972267716535429
20
-4.5701742913385823
11
6.5972565748031498
21
-4.5702462204724412
0
LINE
8
BLACK
6
CONTINUOUS
10
6.5972565748031498
20
-4.5702462204724412
11
6.5974126771653543
21
-4.5704942519685039
0
LINE
8
BLACK
6
CONTINUOUS
10
6.5974126771653543
20
-4.5704942519685039
11
6.5992874409448818
21
-4.574243779527559
0
LINE
8
BLACK
6
CONTINUOUS
10
6.5992874409448818
20
-4.574243779527559
11
6.5994943307086613
21
-4.5747843700787403
0
LINE
8
BLACK
6
CONTINUOUS
10
6.5994943307086613
20
-4.5747843700787403
11
6.5995018503937004
21
-4.5748902362204724
0
LINE
8
BLACK
6
CONTINUOUS
10
6.5995018503937004
20
-4.5748902362204724
11
6.599542440944882
21
-4.5749882283464567
0
LINE
8
BLACK
6
CONTINUOUS
10
6.599542440944882
20
-4.5749882283464567
11
6.5995991732283459
21
-4.5755642913385826
0
LINE
8
BLACK
6
CONTINUOUS
10
6.5995991732283459
20
-4.5755642913385826
11
6.5995991732283459
21
-4.5868128740157479
0
LINE
8
BLACK
6
CONTINUOUS
10
6.5995991732283459
20
-4.5868128740157479
11
6.599542440944882
21
-4.5873889370078738
0
LINE
8
BLACK
6
CONTINUOUS
10
6.599542440944882
20
-4.5873889370078738
11
6.5995018503937004
21
-4.5874868897637793
0
LINE
8
BLACK
6
CONTINUOUS
10
6.5995018503937004
20
-4.5874868897637793
11
6.5994943307086613
21
-4.5875927952755902
0
LINE
8
BLACK
6
CONTINUOUS
10
6.5994943307086613
20
-4.5875927952755902
11
6.5992874409448818
21
-4.5881333858267714
0
LINE
8
BLACK
6
CONTINUOUS
10
6.5992874409448818
20
-4.5881333858267714
11
6.5974126771653543
21
-4.5918829133858265
0
LINE
8
BLACK
6
CONTINUOUS
10
6.5974126771653543
20
-4.5918829133858265
11
6.5972565748031498
21
-4.5921309055118114
0
LINE
8
BLACK
6
CONTINUOUS
10
6.5972565748031498
20
-4.5921309055118114
11
6.5972267716535429
21
-4.5922028740157481
0
LINE
8
BLACK
6
CONTINUOUS
10
6.5972267716535429
20
-4.5922028740157481
11
6.5971603149606297
21
-4.5922838188976378
0
LINE
8
BLACK
6
CONTINUOUS
10
6.5971603149606297
20
-4.5922838188976378
11
6.5971043307086612
21
-4.5923727952755904
0
LINE
8
BLACK
6
CONTINUOUS
10
6.5971043307086612
20
-4.5923727952755904
11
6.5970452755905509
21
-4.5924239763779529
0
LINE
8
BLACK
6
CONTINUOUS
10
6.5970452755905509
20
-4.5924239763779529
11
6.5968595275590554
21
-4.5926503543307087
0
LINE
8
BLACK
6
CONTINUOUS
10
6.5968595275590554
20
-4.5926503543307087
11
6.5949847244094491
21
-4.5945251181102362
0
LINE
8
BLACK
6
CONTINUOUS
10
6.5949847244094491
20
-4.5945251181102362
11
6.5947583858267711
21
-4.5947108267716539
0
LINE
8
BLACK
6
CONTINUOUS
10
6.5947583858267711
20
-4.5947108267716539
11
6.5947072440944883
21
-4.5947698425196846
0
LINE
8
BLACK
6
CONTINUOUS
10
6.5947072440944883
20
-4.5947698425196846
11
6.5946183070866145
21
-4.5948257874015743
0
LINE
8
BLACK
6
CONTINUOUS
10
6.5946183070866145
20
-4.5948257874015743
11
6.5945372834645664
21
-4.5948923228346459
0
LINE
8
BLACK
6
CONTINUOUS
10
6.5945372834645664
20
-4.5948923228346459
11
6.5944652362204721
21
-4.5949221259842519
0
LINE
8
BLACK
6
CONTINUOUS
10
6.5944652362204721
20
-4.5949221259842519
11
6.5942173622047244
21
-4.5950781889763777
0
LINE
8
BLACK
6
CONTINUOUS
10
6.5942173622047244
20
-4.5950781889763777
11
6.5904678346456693
21
-4.5969529527559052
0
LINE
8
BLACK
6
CONTINUOUS
10
6.5904678346456693
20
-4.5969529527559052
11
6.5899272047244093
21
-4.5971598425196847
0
LINE
8
BLACK
6
CONTINUOUS
10
6.5899272047244093
20
-4.5971598425196847
11
6.5898213779527559
21
-4.5971673228346459
0
LINE
8
BLACK
6
CONTINUOUS
10
6.5898213779527559
20
-4.5971673228346459
11
6.5897233858267716
21
-4.5972079527559053
0
LINE
8
BLACK
6
CONTINUOUS
10
6.5897233858267716
20
-4.5972079527559053
11
6.5891473228346458
21
-4.5972646850393701
0
LINE
8
BLACK
6
CONTINUOUS
10
6.5891473228346458
20
-4.5972646850393701
11
6.579773503937008
21
-4.5972646850393701
0
LINE
8
BLACK
6
CONTINUOUS
10
6.579773503937008
20
-4.5972646850393701
11
6.5791974409448821
21
-4.5972079527559053
0
LINE
8
BLACK
6
CONTINUOUS
10
6.5791974409448821
20
-4.5972079527559053
11
6.5790994488188979
21
-4.5971673622047247
0
LINE
8
BLACK
6
CONTINUOUS
10
6.5790994488188979
20
-4.5971673622047247
11
6.5789935826771648
21
-4.5971598425196847
0
LINE
8
BLACK
6
CONTINUOUS
10
6.5789935826771648
20
-4.5971598425196847
11
6.5784529921259844
21
-4.5969529527559052
0
LINE
8
BLACK
6
CONTINUOUS
10
6.5784529921259844
20
-4.5969529527559052
11
6.5747034645669293
21
-4.5950781889763777
0
LINE
8
BLACK
6
CONTINUOUS
10
6.5747034645669293
20
-4.5950781889763777
11
6.5744554330708658
21
-4.5949220866141731
0
LINE
8
BLACK
6
CONTINUOUS
10
6.5744554330708658
20
-4.5949220866141731
11
6.5743835039370078
21
-4.5948922834645671
0
LINE
8
BLACK
6
CONTINUOUS
10
6.5743835039370078
20
-4.5948922834645671
11
6.5743025196850393
21
-4.5948257874015743
0
LINE
8
BLACK
6
CONTINUOUS
10
6.5743025196850393
20
-4.5948257874015743
11
6.5742135826771655
21
-4.5947698425196846
0
LINE
8
BLACK
6
CONTINUOUS
10
6.5742135826771655
20
-4.5947698425196846
11
6.574162401574803
21
-4.5947108267716539
0
LINE
8
BLACK
6
CONTINUOUS
10
6.574162401574803
20
-4.5947108267716539
11
6.573936062992126
21
-4.5945250787401575
0
LINE
8
BLACK
6
CONTINUOUS
10
6.573936062992126
20
-4.5945250787401575
11
6.5720612992125984
21
-4.5926503149606299
0
LINE
8
BLACK
6
CONTINUOUS
10
6.5720612992125984
20
-4.5926503149606299
11
6.5718755118110233
21
-4.5924239370078741
0
LINE
8
BLACK
6
CONTINUOUS
10
6.5718755118110233
20
-4.5924239370078741
11
6.5718165354330704
21
-4.5923727952755904
0
LINE
8
BLACK
6
CONTINUOUS
10
6.5718165354330704
20
-4.5923727952755904
11
6.5717605511811019
21
-4.5922838188976378
0
LINE
8
BLACK
6
CONTINUOUS
10
6.5717605511811019
20
-4.5922838188976378
11
6.5716940944881888
21
-4.5922028740157481
0
LINE
8
BLACK
6
CONTINUOUS
10
6.5716940944881888
20
-4.5922028740157481
11
6.571664251968504
21
-4.5921309055118114
0
LINE
8
BLACK
6
CONTINUOUS
10
6.571664251968504
20
-4.5921309055118114
11
6.5715081889763782
21
-4.5918829133858265
0
LINE
8
BLACK
6
CONTINUOUS
10
6.5715081889763782
20
-4.5918829133858265
11
6.5696334251968507
21
-4.5881333858267714
0
LINE
8
BLACK
6
CONTINUOUS
10
6.5696334251968507
20
-4.5881333858267714
11
6.5694297637795271
21
-4.5876011811023618
0
LINE
8
BLACK
6
CONTINUOUS
10
6.5694297637795271
20
-4.5876011811023618
11
6.5592207480314961
21
-4.5965340944881889
0
LINE
8
BLACK
6
CONTINUOUS
10
6.5592207480314961
20
-4.5965340944881889
11
6.5589717322834646
21
-4.5967120866141729
0
LINE
8
BLACK
6
CONTINUOUS
10
6.5589717322834646
20
-4.5967120866141729
11
6.5589168110236216
21
-4.5967670472440947
0
LINE
8
BLACK
6
CONTINUOUS
10
6.5589168110236216
20
-4.5967670472440947
11
6.5588646850393699
21
-4.596788622047244
0
LINE
8
BLACK
6
CONTINUOUS
10
6.5588646850393699
20
-4.596788622047244
11
6.5587498425196848
21
-4.5968707480314963
0
LINE
8
BLACK
6
CONTINUOUS
10
6.5587498425196848
20
-4.5968707480314963
11
6.5582955905511806
21
-4.5970243307086616
0
LINE
8
BLACK
6
CONTINUOUS
10
6.5582955905511806
20
-4.5970243307086616
11
6.5578524015748032
21
-4.5972079527559053
0
LINE
8
BLACK
6
CONTINUOUS
10
6.5578524015748032
20
-4.5972079527559053
11
6.5577527559055113
21
-4.5972079527559053
0
LINE
8
BLACK
6
CONTINUOUS
10
6.5577527559055113
20
-4.5972079527559053
11
6.5576584645669289
21
-4.5972398425196852
0
LINE
8
BLACK
6
CONTINUOUS
10
6.5576584645669289
20
-4.5972398425196852
11
6.5571799999999998
21
-4.5972079527559053
0
LINE
8
BLACK
6
CONTINUOUS
10
6.5571799999999998
20
-4.5972079527559053
11
6.5567002755905515
21
-4.5972079527559053
0
LINE
8
BLACK
6
CONTINUOUS
10
6.5567002755905515
20
-4.5972079527559053
11
6.5566082677165349
21
-4.5971698425196852
0
LINE
8
BLACK
6
CONTINUOUS
10
6.5566082677165349
20
-4.5971698425196852
11
6.556508937007874
21
-4.5971632283464565
0
LINE
8
BLACK
6
CONTINUOUS
10
6.556508937007874
20
-4.5971632283464565
11
6.5560787795275592
21
-4.5969505118110234
0
LINE
8
BLACK
6
CONTINUOUS
10
6.5560787795275592
20
-4.5969505118110234
11
6.5556358661417322
21
-4.5967670472440947
0
LINE
8
BLACK
6
CONTINUOUS
10
6.5556358661417322
20
-4.5967670472440947
11
6.5555655118110234
21
-4.5966966929133859
0
LINE
8
BLACK
6
CONTINUOUS
10
6.5555655118110234
20
-4.5966966929133859
11
6.5554761811023621
21
-4.5966525196850396
0
LINE
8
BLACK
6
CONTINUOUS
10
6.5554761811023621
20
-4.5966525196850396
11
6.5551601968503936
21
-4.5962913779527561
0
LINE
8
BLACK
6
CONTINUOUS
10
6.5551601968503936
20
-4.5962913779527561
11
6.5548212204724408
21
-4.5959524015748032
0
LINE
8
BLACK
6
CONTINUOUS
10
6.5548212204724408
20
-4.5959524015748032
11
6.5547830708661419
21
-4.5958603937007876
0
LINE
8
BLACK
6
CONTINUOUS
10
6.5547830708661419
20
-4.5958603937007876
11
6.5547175196850391
21
-4.5957854330708656
0
LINE
8
BLACK
6
CONTINUOUS
10
6.5547175196850391
20
-4.5957854330708656
11
6.5545638976377951
21
-4.5953311811023623
0
LINE
8
BLACK
6
CONTINUOUS
10
6.5545638976377951
20
-4.5953311811023623
11
6.5543803149606301
21
-4.594887992125984
0
LINE
8
BLACK
6
CONTINUOUS
10
6.5543803149606301
20
-4.594887992125984
11
6.5543664566929136
21
-4.5947474015748027
0
LINE
8
BLACK
6
CONTINUOUS
10
6.5543664566929136
20
-4.5947474015748027
11
6.5543484251968502
21
-4.5946940551181097
0
LINE
8
BLACK
6
CONTINUOUS
10
6.5543484251968502
20
-4.5946940551181097
11
6.5543535826771651
21
-4.5946165748031493
0
LINE
8
BLACK
6
CONTINUOUS
10
6.5543535826771651
20
-4.5946165748031493
11
6.5543235826771653
21
-4.5943119291338581
0
LINE
8
BLACK
6
CONTINUOUS
10
6.5543235826771653
20
-4.5943119291338581
11
6.5543235826771653
21
-4.5699399999999999
0
LINE
8
BLACK
6
CONTINUOUS
10
6.5543235826771653
20
-4.5699399999999999
11
6.5543803149606301
21
-4.569363937007874
0
LINE
8
BLACK
6
CONTINUOUS
10
6.5543803149606301
20
-4.569363937007874
11
6.5548212204724408
21
-4.5682995275590548
0
LINE
8
BLACK
6
CONTINUOUS
10
6.5548212204724408
20
-4.5682995275590548
11
6.5556358661417322
21
-4.5674848818897633
0
LINE
8
BLACK
6
CONTINUOUS
10
6.5556358661417322
20
-4.5674848818897633
11
6.5567002755905515
21
-4.5670439763779527
0
LINE
8
BLACK
6
CONTINUOUS
10
6.5567002755905515
20
-4.5670439763779527
11
6.5578524015748032
21
-4.5670439763779527
0
LINE
8
BLACK
6
CONTINUOUS
10
6.5578524015748032
20
-4.5670439763779527
11
6.5589168110236216
21
-4.5674848818897633
0
LINE
8
BLACK
6
CONTINUOUS
10
6.4565131102362203
20
-4.5339779133858267
11
6.4566929133858268
21
-4.5348818897637795
0
LINE
8
BLACK
6
CONTINUOUS
10
6.4566929133858268
20
-4.5348818897637795
11
6.4566929133858268
21
-4.5899999999999999
0
LINE
8
BLACK
6
CONTINUOUS
10
6.4566929133858268
20
-4.5899999999999999
11
6.4565131102362203
21
-4.5909039763779527
0
LINE
8
BLACK
6
CONTINUOUS
10
6.4565131102362203
20
-4.5909039763779527
11
6.45523468503937
21
-4.592182401574803
0
LINE
8
BLACK
6
CONTINUOUS
10
6.45523468503937
20
-4.592182401574803
11
6.4534267322834644
21
-4.592182401574803
0
LINE
8
BLACK
6
CONTINUOUS
10
6.4534267322834644
20
-4.592182401574803
11
6.4521483070866141
21
-4.5909039763779527
0
LINE
8
BLACK
6
CONTINUOUS
10
6.4521483070866141
20
-4.5909039763779527
11
6.4519685039370076
21
-4.5899999999999999
0
LINE
8
BLACK
6
CONTINUOUS
10
6.4519685039370076
20
-4.5899999999999999
11
6.4519685039370076
21
-4.5348818897637795
0
LINE
8
BLACK
6
CONTINUOUS
10
6.4519685039370076
20
-4.5348818897637795
11
6.4521483070866141
21
-4.5339779133858267
0
LINE
8
BLACK
6
CONTINUOUS
10
6.4521483070866141
20
-4.5339779133858267
11
6.4534267322834644
21
-4.5326994881889764
0
LINE
8
BLACK
6
CONTINUOUS
10
6.4534267322834644
20
-4.5326994881889764
11
6.45523468503937
21
-4.5326994881889764
0
LINE
8
BLACK
6
CONTINUOUS
10
6.45523468503937
20
-4.5326994881889764
11
6.4565131102362203
21
-4.5339779133858267
0
LINE
8
BLACK
6
CONTINUOUS
10
6.2481979527559055
20
-4.5858490944881884
11
6.2494763779527558
21
-4.5871275196850396
0
LINE
8
BLACK
6
CONTINUOUS
10
6.2494763779527558
20
-4.5871275196850396
11
6.2494763779527558
21
-4.5889354724409444
0
LINE
8
BLACK
6
CONTINUOUS
10
6.2494763779527558
20
-4.5889354724409444
11
6.2481979527559055
21
-4.5902138976377955
0
LINE
8
BLACK
6
CONTINUOUS
10
6.2481979527559055
20
-4.5902138976377955
11
6.2472939763779527
21
-4.5903937007874012
0
LINE
8
BLACK
6
CONTINUOUS
10
6.2472939763779527
20
-4.5903937007874012
11
6.2338083858267712
21
-4.5903937007874012
0
LINE
8
BLACK
6
CONTINUOUS
10
6.2338083858267712
20
-4.5903937007874012
11
6.2329044094488184
21
-4.5902138976377955
0
LINE
8
BLACK
6
CONTINUOUS
10
6.2329044094488184
20
-4.5902138976377955
11
6.2316259842519681
21
-4.5889354724409444
0
LINE
8
BLACK
6
CONTINUOUS
10
6.2316259842519681
20
-4.5889354724409444
11
6.2316259842519681
21
-4.5871275196850396
0
LINE
8
BLACK
6
CONTINUOUS
10
6.2316259842519681
20
-4.5871275196850396
11
6.2329044094488184
21
-4.5858490944881884
0
LINE
8
BLACK
6
CONTINUOUS
10
6.2329044094488184
20
-4.5858490944881884
11
6.2338083858267712
21
-4.5856692913385828
0
LINE
8
BLACK
6
CONTINUOUS
10
6.2338083858267712
20
-4.5856692913385828
11
6.2472939763779527
21
-4.5856692913385828
0
LINE
8
BLACK
6
CONTINUOUS
10
6.2472939763779527
20
-4.5856692913385828
11
6.2481979527559055
21
-4.5858490944881884
0
LINE
8
BLACK
6
CONTINUOUS
10
6.3426548425196847
20
-4.5650303937007877
11
6.3428346456692912
21
-4.5659343700787405
0
LINE
8
BLACK
6
CONTINUOUS
10
6.3428346456692912
20
-4.5659343700787405
11
6.3428346456692912
21
-4.5794199606299211
0
LINE
8
BLACK
6
CONTINUOUS
10
6.3428346456692912
20
-4.5794199606299211
11
6.3426548425196847
21
-4.5803239370078739
0
LINE
8
BLACK
6
CONTINUOUS
10
6.3426548425196847
20
-4.5803239370078739
11
6.3413764173228344
21
-4.5816023622047242
0
LINE
8
BLACK
6
CONTINUOUS
10
6.3413764173228344
20
-4.5816023622047242
11
6.3395684645669288
21
-4.5816023622047242
0
LINE
8
BLACK
6
CONTINUOUS
10
6.3395684645669288
20
-4.5816023622047242
11
6.3382900393700785
21
-4.5803239370078739
0
LINE
8
BLACK
6
CONTINUOUS
10
6.3382900393700785
20
-4.5803239370078739
11
6.338110236220472
21
-4.5794199606299211
0
LINE
8
BLACK
6
CONTINUOUS
10
6.338110236220472
20
-4.5794199606299211
11
6.338110236220472
21
-4.5659343700787405
0
LINE
8
BLACK
6
CONTINUOUS
10
6.338110236220472
20
-4.5659343700787405
11
6.3382900393700785
21
-4.5650303937007877
0
LINE
8
BLACK
6
CONTINUOUS
10
6.3382900393700785
20
-4.5650303937007877
11
6.3395684645669288
21
-4.5637519685039365
0
LINE
8
BLACK
6
CONTINUOUS
10
6.3395684645669288
20
-4.5637519685039365
11
6.3413764173228344
21
-4.5637519685039365
0
LINE
8
BLACK
6
CONTINUOUS
10
6.3413764173228344
20
-4.5637519685039365
11
6.3426548425196847
21
-4.5650303937007877
0
LINE
8
BLACK
6
CONTINUOUS
10
6.3828123228346456
20
-4.5650303937007877
11
6.3829921259842521
21
-4.5659343700787405
0
LINE
8
BLACK
6
CONTINUOUS
10
6.3829921259842521
20
-4.5659343700787405
11
6.3829921259842521
21
-4.5794199606299211
0
LINE
8
BLACK
6
CONTINUOUS
10
6.3829921259842521
20
-4.5794199606299211
11
6.3828123228346456
21
-4.5803239370078739
0
LINE
8
BLACK
6
CONTINUOUS
10
6.3828123228346456
20
-4.5803239370078739
11
6.3815338976377953
21
-4.5816023622047242
0
LINE
8
BLACK
6
CONTINUOUS
10
6.3815338976377953
20
-4.5816023622047242
11
6.3797259448818897
21
-4.5816023622047242
0
LINE
8
BLACK
6
CONTINUOUS
10
6.3797259448818897
20
-4.5816023622047242
11
6.3784475196850394
21
-4.5803239370078739
0
LINE
8
BLACK
6
CONTINUOUS
10
6.3784475196850394
20
-4.5803239370078739
11
6.3782677165354329
21
-4.5794199606299211
0
LINE
8
BLACK
6
CONTINUOUS
10
6.3782677165354329
20
-4.5794199606299211
11
6.3782677165354329
21
-4.5659343700787405
0
LINE
8
BLACK
6
CONTINUOUS
10
6.3782677165354329
20
-4.5659343700787405
11
6.3784475196850394
21
-4.5650303937007877
0
LINE
8
BLACK
6
CONTINUOUS
10
6.3784475196850394
20
-4.5650303937007877
11
6.3797259448818897
21
-4.5637519685039365
0
LINE
8
BLACK
6
CONTINUOUS
10
6.3797259448818897
20
-4.5637519685039365
11
6.3815338976377953
21
-4.5637519685039365
0
LINE
8
BLACK
6
CONTINUOUS
10
6.3815338976377953
20
-4.5637519685039365
11
6.3828123228346456
21
-4.5650303937007877
0
LINE
8
BLACK
6
CONTINUOUS
10
5.6300564173228347
20
-4.5610933858267719
11
5.6302362204724412
21
-4.5619973622047247
0
LINE
8
BLACK
6
CONTINUOUS
10
5.6302362204724412
20
-4.5619973622047247
11
5.6302362204724412
21
-4.5754829527559053
0
LINE
8
BLACK
6
CONTINUOUS
10
5.6302362204724412
20
-4.5754829527559053
11
5.6300564173228347
21
-4.5763869291338581
0
LINE
8
BLACK
6
CONTINUOUS
10
5.6300564173228347
20
-4.5763869291338581
11
5.6287779921259844
21
-4.5776653543307084
0
LINE
8
BLACK
6
CONTINUOUS
10
5.6287779921259844
20
-4.5776653543307084
11
5.6269700393700788
21
-4.5776653543307084
0
LINE
8
BLACK
6
CONTINUOUS
10
5.6269700393700788
20
-4.5776653543307084
11
5.6256916141732285
21
-4.5763869291338581
0
LINE
8
BLACK
6
CONTINUOUS
10
5.6256916141732285
20
-4.5763869291338581
11
5.625511811023622
21
-4.5754829527559053
0
LINE
8
BLACK
6
CONTINUOUS
10
5.625511811023622
20
-4.5754829527559053
11
5.625511811023622
21
-4.5619973622047247
0
LINE
8
BLACK
6
CONTINUOUS
10
5.625511811023622
20
-4.5619973622047247
11
5.6256916141732285
21
-4.5610933858267719
0
LINE
8
BLACK
6
CONTINUOUS
10
5.6256916141732285
20
-4.5610933858267719
11
5.6269700393700788
21
-4.5598149606299208
0
LINE
8
BLACK
6
CONTINUOUS
10
5.6269700393700788
20
-4.5598149606299208
11
5.6287779921259844
21
-4.5598149606299208
0
LINE
8
BLACK
6
CONTINUOUS
10
5.6287779921259844
20
-4.5598149606299208
11
5.6300564173228347
21
-4.5610933858267719
0
LINE
8
BLACK
6
CONTINUOUS
10
5.6702138976377947
20
-4.5610933858267719
11
5.6703937007874012
21
-4.5619973622047247
0
LINE
8
BLACK
6
CONTINUOUS
10
5.6703937007874012
20
-4.5619973622047247
11
5.6703937007874012
21
-4.5754829527559053
0
LINE
8
BLACK
6
CONTINUOUS
10
5.6703937007874012
20
-4.5754829527559053
11
5.6702138976377947
21
-4.5763869291338581
0
LINE
8
BLACK
6
CONTINUOUS
10
5.6702138976377947
20
-4.5763869291338581
11
5.6689354724409444
21
-4.5776653543307084
0
LINE
8
BLACK
6
CONTINUOUS
10
5.6689354724409444
20
-4.5776653543307084
11
5.6671275196850388
21
-4.5776653543307084
0
LINE
8
BLACK
6
CONTINUOUS
10
5.6671275196850388
20
-4.5776653543307084
11
5.6658490944881885
21
-4.5763869291338581
0
LINE
8
BLACK
6
CONTINUOUS
10
5.6658490944881885
20
-4.5763869291338581
11
5.6656692913385829
21
-4.5754829527559053
0
LINE
8
BLACK
6
CONTINUOUS
10
5.6656692913385829
20
-4.5754829527559053
11
5.6656692913385829
21
-4.5619973622047247
0
LINE
8
BLACK
6
CONTINUOUS
10
5.6656692913385829
20
-4.5619973622047247
11
5.6658490944881885
21
-4.5610933858267719
0
LINE
8
BLACK
6
CONTINUOUS
10
5.6658490944881885
20
-4.5610933858267719
11
5.6671275196850388
21
-4.5598149606299208
0
LINE
8
BLACK
6
CONTINUOUS
10
5.6671275196850388
20
-4.5598149606299208
11
5.6689354724409444
21
-4.5598149606299208
0
LINE
8
BLACK
6
CONTINUOUS
10
5.6689354724409444
20
-4.5598149606299208
11
5.6702138976377947
21
-4.5610933858267719
0
LINE
8
BLACK
6
CONTINUOUS
10
5.6930485433070865
20
-4.5610933858267719
11
5.6932283464566931
21
-4.5619973622047247
0
LINE
8
BLACK
6
CONTINUOUS
10
5.6932283464566931
20
-4.5619973622047247
11
5.6932283464566931
21
-4.5754829527559053
0
LINE
8
BLACK
6
CONTINUOUS
10
5.6932283464566931
20
-4.5754829527559053
11
5.6930485433070865
21
-4.5763869291338581
0
LINE
8
BLACK
6
CONTINUOUS
10
5.6930485433070865
20
-4.5763869291338581
11
5.6917701181102363
21
-4.5776653543307084
0
LINE
8
BLACK
6
CONTINUOUS
10
5.6917701181102363
20
-4.5776653543307084
11
5.6899621653543306
21
-4.5776653543307084
0
LINE
8
BLACK
6
CONTINUOUS
10
5.6899621653543306
20
-4.5776653543307084
11
5.6886837401574804
21
-4.5763869291338581
0
LINE
8
BLACK
6
CONTINUOUS
10
5.6886837401574804
20
-4.5763869291338581
11
5.6885039370078738
21
-4.5754829527559053
0
LINE
8
BLACK
6
CONTINUOUS
10
5.6885039370078738
20
-4.5754829527559053
11
5.6885039370078738
21
-4.5619973622047247
0
LINE
8
BLACK
6
CONTINUOUS
10
5.6885039370078738
20
-4.5619973622047247
11
5.6886837401574804
21
-4.5610933858267719
0
LINE
8
BLACK
6
CONTINUOUS
10
5.6886837401574804
20
-4.5610933858267719
11
5.6899621653543306
21
-4.5598149606299208
0
LINE
8
BLACK
6
CONTINUOUS
10
5.6899621653543306
20
-4.5598149606299208
11
5.6917701181102363
21
-4.5598149606299208
0
LINE
8
BLACK
6
CONTINUOUS
10
5.6917701181102363
20
-4.5598149606299208
11
5.6930485433070865
21
-4.5610933858267719
0
LINE
8
BLACK
6
CONTINUOUS
10
5.7332060236220475
20
-4.5610933858267719
11
5.7333858267716531
21
-4.5619973622047247
0
LINE
8
BLACK
6
CONTINUOUS
10
5.7333858267716531
20
-4.5619973622047247
11
5.7333858267716531
21
-4.5754829527559053
0
LINE
8
BLACK
6
CONTINUOUS
10
5.7333858267716531
20
-4.5754829527559053
11
5.7332060236220475
21
-4.5763869291338581
0
LINE
8
BLACK
6
CONTINUOUS
10
5.7332060236220475
20
-4.5763869291338581
11
5.7319275984251963
21
-4.5776653543307084
0
LINE
8
BLACK
6
CONTINUOUS
10
5.7319275984251963
20
-4.5776653543307084
11
5.7301196456692916
21
-4.5776653543307084
0
LINE
8
BLACK
6
CONTINUOUS
10
5.7301196456692916
20
-4.5776653543307084
11
5.7288412204724404
21
-4.5763869291338581
0
LINE
8
BLACK
6
CONTINUOUS
10
5.7288412204724404
20
-4.5763869291338581
11
5.7286614173228347
21
-4.5754829527559053
0
LINE
8
BLACK
6
CONTINUOUS
10
5.7286614173228347
20
-4.5754829527559053
11
5.7286614173228347
21
-4.5619973622047247
0
LINE
8
BLACK
6
CONTINUOUS
10
5.7286614173228347
20
-4.5619973622047247
11
5.7288412204724404
21
-4.5610933858267719
0
LINE
8
BLACK
6
CONTINUOUS
10
5.7288412204724404
20
-4.5610933858267719
11
5.7301196456692916
21
-4.5598149606299208
0
LINE
8
BLACK
6
CONTINUOUS
10
5.7301196456692916
20
-4.5598149606299208
11
5.7319275984251963
21
-4.5598149606299208
0
LINE
8
BLACK
6
CONTINUOUS
10
5.7319275984251963
20
-4.5598149606299208
11
5.7332060236220475
21
-4.5610933858267719
0
LINE
8
BLACK
6
CONTINUOUS
10
5.836455157480315
20
-4.546479015748031
11
5.8377335826771652
21
-4.5477574409448822
0
LINE
8
BLACK
6
CONTINUOUS
10
5.8377335826771652
20
-4.5477574409448822
11
5.8377335826771652
21
-4.5495653937007869
0
LINE
8
BLACK
6
CONTINUOUS
10
5.8377335826771652
20
-4.5495653937007869
11
5.836455157480315
21
-4.5508438188976381
0
LINE
8
BLACK
6
CONTINUOUS
10
5.836455157480315
20
-4.5508438188976381
11
5.8355511811023622
21
-4.5510236220472438
0
LINE
8
BLACK
6
CONTINUOUS
10
5.8355511811023622
20
-4.5510236220472438
11
5.8192125984251968
21
-4.5510236220472438
0
LINE
8
BLACK
6
CONTINUOUS
10
5.8192125984251968
20
-4.5510236220472438
11
5.8192125984251968
21
-4.5673622047244091
0
LINE
8
BLACK
6
CONTINUOUS
10
5.8192125984251968
20
-4.5673622047244091
11
5.8190327952755903
21
-4.5682661811023619
0
LINE
8
BLACK
6
CONTINUOUS
10
5.8190327952755903
20
-4.5682661811023619
11
5.81775437007874
21
-4.5695446062992122
0
LINE
8
BLACK
6
CONTINUOUS
10
5.81775437007874
20
-4.5695446062992122
11
5.8159464173228343
21
-4.5695446062992122
0
LINE
8
BLACK
6
CONTINUOUS
10
5.8159464173228343
20
-4.5695446062992122
11
5.8146679921259841
21
-4.5682661811023619
0
LINE
8
BLACK
6
CONTINUOUS
10
5.8146679921259841
20
-4.5682661811023619
11
5.8144881889763775
21
-4.5673622047244091
0
LINE
8
BLACK
6
CONTINUOUS
10
5.8144881889763775
20
-4.5673622047244091
11
5.8144881889763775
21
-4.5486614173228341
0
LINE
8
BLACK
6
CONTINUOUS
10
5.8144881889763775
20
-4.5486614173228341
11
5.8146679921259841
21
-4.5477574409448822
0
LINE
8
BLACK
6
CONTINUOUS
10
5.8146679921259841
20
-4.5477574409448822
11
5.8159464173228343
21
-4.546479015748031
0
LINE
8
BLACK
6
CONTINUOUS
10
5.8159464173228343
20
-4.546479015748031
11
5.8168503937007872
21
-4.5462992125984254
0
LINE
8
BLACK
6
CONTINUOUS
10
5.8168503937007872
20
-4.5462992125984254
11
5.8355511811023622
21
-4.5462992125984254
0
LINE
8
BLACK
6
CONTINUOUS
10
5.8355511811023622
20
-4.5462992125984254
11
5.836455157480315
21
-4.546479015748031
0
LINE
8
BLACK
6
CONTINUOUS
10
5.9838961023622046
20
-4.546479015748031
11
5.9851745275590549
21
-4.5477574409448822
0
LINE
8
BLACK
6
CONTINUOUS
10
5.9851745275590549
20
-4.5477574409448822
11
5.9853543307086614
21
-4.5486614173228341
0
LINE
8
BLACK
6
CONTINUOUS
10
5.9853543307086614
20
-4.5486614173228341
11
5.9853543307086614
21
-4.5673622047244091
0
LINE
8
BLACK
6
CONTINUOUS
10
5.9853543307086614
20
-4.5673622047244091
11
5.9851745275590549
21
-4.5682661811023619
0
LINE
8
BLACK
6
CONTINUOUS
10
5.9851745275590549
20
-4.5682661811023619
11
5.9838961023622046
21
-4.5695446062992122
0
LINE
8
BLACK
6
CONTINUOUS
10
5.9838961023622046
20
-4.5695446062992122
11
5.982088149606299
21
-4.5695446062992122
0
LINE
8
BLACK
6
CONTINUOUS
10
5.982088149606299
20
-4.5695446062992122
11
5.9808097244094487
21
-4.5682661811023619
0
LINE
8
BLACK
6
CONTINUOUS
10
5.9808097244094487
20
-4.5682661811023619
11
5.9806299212598422
21
-4.5673622047244091
0
LINE
8
BLACK
6
CONTINUOUS
10
5.9806299212598422
20
-4.5673622047244091
11
5.9806299212598422
21
-4.5510236220472438
0
LINE
8
BLACK
6
CONTINUOUS
10
5.9806299212598422
20
-4.5510236220472438
11
5.9642913385826768
21
-4.5510236220472438
0
LINE
8
BLACK
6
CONTINUOUS
10
5.9642913385826768
20
-4.5510236220472438
11
5.963387362204724
21
-4.5508438188976381
0
LINE
8
BLACK
6
CONTINUOUS
10
5.963387362204724
20
-4.5508438188976381
11
5.9621089370078737
21
-4.5495653937007869
0
LINE
8
BLACK
6
CONTINUOUS
10
5.9621089370078737
20
-4.5495653937007869
11
5.9621089370078737
21
-4.5477574409448822
0
LINE
8
BLACK
6
CONTINUOUS
10
5.9621089370078737
20
-4.5477574409448822
11
5.963387362204724
21
-4.546479015748031
0
LINE
8
BLACK
6
CONTINUOUS
10
5.963387362204724
20
-4.546479015748031
11
5.9642913385826768
21
-4.5462992125984254
0
LINE
8
BLACK
6
CONTINUOUS
10
5.9642913385826768
20
-4.5462992125984254
11
5.9829921259842518
21
-4.5462992125984254
0
LINE
8
BLACK
6
CONTINUOUS
10
5.9829921259842518
20
-4.5462992125984254
11
5.9838961023622046
21
-4.546479015748031
0
LINE
8
BLACK
6
CONTINUOUS
10
6.2481979527559055
20
-4.557896338582677
11
6.2494763779527558
21
-4.5591747637795272
0
LINE
8
BLACK
6
CONTINUOUS
10
6.2494763779527558
20
-4.5591747637795272
11
6.2494763779527558
21
-4.5609827165354329
0
LINE
8
BLACK
6
CONTINUOUS
10
6.2494763779527558
20
-4.5609827165354329
11
6.2481979527559055
21
-4.5622611417322831
0
LINE
8
BLACK
6
CONTINUOUS
10
6.2481979527559055
20
-4.5622611417322831
11
6.2472939763779527
21
-4.5624409448818897
0
LINE
8
BLACK
6
CONTINUOUS
10
6.2472939763779527
20
-4.5624409448818897
11
6.2338083858267712
21
-4.5624409448818897
0
LINE
8
BLACK
6
CONTINUOUS
10
6.2338083858267712
20
-4.5624409448818897
11
6.2329044094488184
21
-4.5622611417322831
0
LINE
8
BLACK
6
CONTINUOUS
10
6.2329044094488184
20
-4.5622611417322831
11
6.2316259842519681
21
-4.5609827165354329
0
LINE
8
BLACK
6
CONTINUOUS
10
6.2316259842519681
20
-4.5609827165354329
11
6.2316259842519681
21
-4.5591747637795272
0
LINE
8
BLACK
6
CONTINUOUS
10
6.2316259842519681
20
-4.5591747637795272
11
6.2329044094488184
21
-4.557896338582677
0
LINE
8
BLACK
6
CONTINUOUS
10
6.2329044094488184
20
-4.557896338582677
11
6.2338083858267712
21
-4.5577165354330704
0
LINE
8
BLACK
6
CONTINUOUS
10
6.2338083858267712
20
-4.5577165354330704
11
6.2472939763779527
21
-4.5577165354330704
0
LINE
8
BLACK
6
CONTINUOUS
10
6.2472939763779527
20
-4.5577165354330704
11
6.2481979527559055
21
-4.557896338582677
0
LINE
8
BLACK
6
CONTINUOUS
10
6.5897233858267716
20
-4.5295486614173228
11
6.5898213779527559
21
-4.5295892519685035
0
LINE
8
BLACK
6
CONTINUOUS
10
6.5898213779527559
20
-4.5295892519685035
11
6.5899272047244093
21
-4.5295967716535435
0
LINE
8
BLACK
6
CONTINUOUS
10
6.5899272047244093
20
-4.5295967716535435
11
6.5904678346456693
21
-4.5298036614173229
0
LINE
8
BLACK
6
CONTINUOUS
10
6.5904678346456693
20
-4.5298036614173229
11
6.5942173622047244
21
-4.5316784251968505
0
LINE
8
BLACK
6
CONTINUOUS
10
6.5942173622047244
20
-4.5316784251968505
11
6.5944652362204721
21
-4.5318344488188975
0
LINE
8
BLACK
6
CONTINUOUS
10
6.5944652362204721
20
-4.5318344488188975
11
6.5945372834645664
21
-4.5318642913385823
0
LINE
8
BLACK
6
CONTINUOUS
10
6.5945372834645664
20
-4.5318642913385823
11
6.5946183070866145
21
-4.5319307874015751
0
LINE
8
BLACK
6
CONTINUOUS
10
6.5946183070866145
20
-4.5319307874015751
11
6.5947072440944883
21
-4.5319867716535436
0
LINE
8
BLACK
6
CONTINUOUS
10
6.5947072440944883
20
-4.5319867716535436
11
6.5947583858267711
21
-4.5320457480314964
0
LINE
8
BLACK
6
CONTINUOUS
10
6.5947583858267711
20
-4.5320457480314964
11
6.5949847244094491
21
-4.5322314960629919
0
LINE
8
BLACK
6
CONTINUOUS
10
6.5949847244094491
20
-4.5322314960629919
11
6.5968595275590554
21
-4.5341062598425195
0
LINE
8
BLACK
6
CONTINUOUS
10
6.5968595275590554
20
-4.5341062598425195
11
6.5970452755905509
21
-4.5343325984251965
0
LINE
8
BLACK
6
CONTINUOUS
10
6.5970452755905509
20
-4.5343325984251965
11
6.5971043307086612
21
-4.5343838188976378
0
LINE
8
BLACK
6
CONTINUOUS
10
6.5971043307086612
20
-4.5343838188976378
11
6.5971603149606297
21
-4.5344727559055116
0
LINE
8
BLACK
6
CONTINUOUS
10
6.5971603149606297
20
-4.5344727559055116
11
6.5972267716535429
21
-4.53455374015748
0
LINE
8
BLACK
6
CONTINUOUS
10
6.5972267716535429
20
-4.53455374015748
11
6.5972565748031498
21
-4.5346256692913389
0
LINE
8
BLACK
6
CONTINUOUS
10
6.5972565748031498
20
-4.5346256692913389
11
6.5974126771653543
21
-4.5348737007874016
0
LINE
8
BLACK
6
CONTINUOUS
10
6.5974126771653543
20
-4.5348737007874016
11
6.5992874409448818
21
-4.5386232283464567
0
LINE
8
BLACK
6
CONTINUOUS
10
6.5992874409448818
20
-4.5386232283464567
11
6.5994943307086613
21
-4.539163818897638
0
LINE
8
BLACK
6
CONTINUOUS
10
6.5994943307086613
20
-4.539163818897638
11
6.5995018503937004
21
-4.5392696850393701
0
LINE
8
BLACK
6
CONTINUOUS
10
6.5995018503937004
20
-4.5392696850393701
11
6.599542440944882
21
-4.5393676771653544
0
LINE
8
BLACK
6
CONTINUOUS
10
6.599542440944882
20
-4.5393676771653544
11
6.5995991732283459
21
-4.5399437401574803
0
LINE
8
BLACK
6
CONTINUOUS
10
6.5995991732283459
20
-4.5399437401574803
11
6.5995991732283459
21
-4.5474427952755905
0
LINE
8
BLACK
6
CONTINUOUS
10
6.5995991732283459
20
-4.5474427952755905
11
6.599542440944882
21
-4.5480188582677163
0
LINE
8
BLACK
6
CONTINUOUS
10
6.599542440944882
20
-4.5480188582677163
11
6.5995018503937004
21
-4.5481168110236219
0
LINE
8
BLACK
6
CONTINUOUS
10
6.5995018503937004
20
-4.5481168110236219
11
6.5994943307086613
21
-4.5482227165354328
0
LINE
8
BLACK
6
CONTINUOUS
10
6.5994943307086613
20
-4.5482227165354328
11
6.5992874409448818
21
-4.548763307086614
0
LINE
8
BLACK
6
CONTINUOUS
10
6.5992874409448818
20
-4.548763307086614
11
6.5974126771653543
21
-4.5525128346456691
0
LINE
8
BLACK
6
CONTINUOUS
10
6.5974126771653543
20
-4.5525128346456691
11
6.5972565748031498
21
-4.5527608267716531
0
LINE
8
BLACK
6
CONTINUOUS
10
6.5972565748031498
20
-4.5527608267716531
11
6.5972267716535429
21
-4.5528327952755907
0
LINE
8
BLACK
6
CONTINUOUS
10
6.5972267716535429
20
-4.5528327952755907
11
6.5971603149606297
21
-4.5529137401574804
0
LINE
8
BLACK
6
CONTINUOUS
10
6.5971603149606297
20
-4.5529137401574804
11
6.5971043307086612
21
-4.553002716535433
0
LINE
8
BLACK
6
CONTINUOUS
10
6.5971043307086612
20
-4.553002716535433
11
6.5970452755905509
21
-4.5530538976377954
0
LINE
8
BLACK
6
CONTINUOUS
10
6.5970452755905509
20
-4.5530538976377954
11
6.5968595275590554
21
-4.5532802755905513
0
LINE
8
BLACK
6
CONTINUOUS
10
6.5968595275590554
20
-4.5532802755905513
11
6.5949847244094491
21
-4.5551550393700788
0
LINE
8
BLACK
6
CONTINUOUS
10
6.5949847244094491
20
-4.5551550393700788
11
6.5947583858267711
21
-4.5553407480314956
0
LINE
8
BLACK
6
CONTINUOUS
10
6.5947583858267711
20
-4.5553407480314956
11
6.5947072440944883
21
-4.5553997637795272
0
LINE
8
BLACK
6
CONTINUOUS
10
6.5947072440944883
20
-4.5553997637795272
11
6.5946183070866145
21
-4.5554557086614169
0
LINE
8
BLACK
6
CONTINUOUS
10
6.5946183070866145
20
-4.5554557086614169
11
6.5945372834645664
21
-4.5555222440944885
0
LINE
8
BLACK
6
CONTINUOUS
10
6.5945372834645664
20
-4.5555222440944885
11
6.5944652362204721
21
-4.5555520472440945
0
LINE
8
BLACK
6
CONTINUOUS
10
6.5944652362204721
20
-4.5555520472440945
11
6.5942173622047244
21
-4.5557081102362202
0
LINE
8
BLACK
6
CONTINUOUS
10
6.5942173622047244
20
-4.5557081102362202
11
6.5904678346456693
21
-4.5575828740157478
0
LINE
8
BLACK
6
CONTINUOUS
10
6.5904678346456693
20
-4.5575828740157478
11
6.5899272047244093
21
-4.5577897637795273
0
LINE
8
BLACK
6
CONTINUOUS
10
6.5899272047244093
20
-4.5577897637795273
11
6.5898213779527559
21
-4.5577972440944885
0
LINE
8
BLACK
6
CONTINUOUS
10
6.5898213779527559
20
-4.5577972440944885
11
6.5897233858267716
21
-4.5578378740157479
0
LINE
8
BLACK
6
CONTINUOUS
10
6.5897233858267716
20
-4.5578378740157479
11
6.5891473228346458
21
-4.5578946062992127
0
LINE
8
BLACK
6
CONTINUOUS
10
6.5891473228346458
20
-4.5578946062992127
11
6.5572763385826773
21
-4.5578946062992127
0
LINE
8
BLACK
6
CONTINUOUS
10
6.5572763385826773
20
-4.5578946062992127
11
6.5567002755905515
21
-4.5578378740157479
0
LINE
8
BLACK
6
CONTINUOUS
10
6.5567002755905515
20
-4.5578378740157479
11
6.5556358661417322
21
-4.5573969685039373
0
LINE
8
BLACK
6
CONTINUOUS
10
6.5556358661417322
20
-4.5573969685039373
11
6.5548212204724408
21
-4.5565823228346458
0
LINE
8
BLACK
6
CONTINUOUS
10
6.5548212204724408
20
-4.5565823228346458
11
6.5543803149606301
21
-4.5555179133858266
0
LINE
8
BLACK
6
CONTINUOUS
10
6.5543803149606301
20
-4.5555179133858266
11
6.5543803149606301
21
-4.5543657874015748
0
LINE
8
BLACK
6
CONTINUOUS
10
6.5543803149606301
20
-4.5543657874015748
11
6.5548212204724408
21
-4.5533013779527556
0
LINE
8
BLACK
6
CONTINUOUS
10
6.5548212204724408
20
-4.5533013779527556
11
6.5556358661417322
21
-4.5524867322834641
0
LINE
8
BLACK
6
CONTINUOUS
10
6.5556358661417322
20
-4.5524867322834641
11
6.5567002755905515
21
-4.5520458267716535
0
LINE
8
BLACK
6
CONTINUOUS
10
6.5567002755905515
20
-4.5520458267716535
11
6.5572763385826773
21
-4.5519890944881887
0
LINE
8
BLACK
6
CONTINUOUS
10
6.5572763385826773
20
-4.5519890944881887
11
6.5884502755905512
21
-4.5519890944881887
0
LINE
8
BLACK
6
CONTINUOUS
10
6.5884502755905512
20
-4.5519890944881887
11
6.5911477559055118
21
-4.5506403149606296
0
LINE
8
BLACK
6
CONTINUOUS
10
6.5911477559055118
20
-4.5506403149606296
11
6.5923449212598424
21
-4.5494431889763778
0
LINE
8
BLACK
6
CONTINUOUS
10
6.5923449212598424
20
-4.5494431889763778
11
6.5936936614173227
21
-4.5467457480314959
0
LINE
8
BLACK
6
CONTINUOUS
10
6.5936936614173227
20
-4.5467457480314959
11
6.5936936614173227
21
-4.5406407874015748
0
LINE
8
BLACK
6
CONTINUOUS
10
6.5936936614173227
20
-4.5406407874015748
11
6.5923449212598424
21
-4.5379433070866142
0
LINE
8
BLACK
6
CONTINUOUS
10
6.5923449212598424
20
-4.5379433070866142
11
6.5911477559055118
21
-4.5367461811023624
0
LINE
8
BLACK
6
CONTINUOUS
10
6.5911477559055118
20
-4.5367461811023624
11
6.5884502755905512
21
-4.5353974409448821
0
LINE
8
BLACK
6
CONTINUOUS
10
6.5884502755905512
20
-4.5353974409448821
11
6.5572763385826773
21
-4.5353974409448821
0
LINE
8
BLACK
6
CONTINUOUS
10
6.5572763385826773
20
-4.5353974409448821
11
6.5567002755905515
21
-4.5353407086614173
0
LINE
8
BLACK
6
CONTINUOUS
10
6.5567002755905515
20
-4.5353407086614173
11
6.5556358661417322
21
-4.5348998031496066
0
LINE
8
BLACK
6
CONTINUOUS
10
6.5556358661417322
20
-4.5348998031496066
11
6.5548212204724408
21
-4.5340851574803152
0
LINE
8
BLACK
6
CONTINUOUS
10
6.5548212204724408
20
-4.5340851574803152
11
6.5543803149606301
21
-4.5330207480314959
0
LINE
8
BLACK
6
CONTINUOUS
10
6.5543803149606301
20
-4.5330207480314959
11
6.5543803149606301
21
-4.5318686220472442
0
LINE
8
BLACK
6
CONTINUOUS
10
6.5543803149606301
20
-4.5318686220472442
11
6.5548212204724408
21
-4.5308042125984249
0
LINE
8
BLACK
6
CONTINUOUS
10
6.5548212204724408
20
-4.5308042125984249
11
6.5556358661417322
21
-4.5299895669291335
0
LINE
8
BLACK
6
CONTINUOUS
10
6.5556358661417322
20
-4.5299895669291335
11
6.5567002755905515
21
-4.5295486614173228
0
LINE
8
BLACK
6
CONTINUOUS
10
6.5567002755905515
20
-4.5295486614173228
11
6.5572763385826773
21
-4.529491929133858
0
LINE
8
BLACK
6
CONTINUOUS
10
6.5572763385826773
20
-4.529491929133858
11
6.5891473228346458
21
-4.529491929133858
0
LINE
8
BLACK
6
CONTINUOUS
10
6.5891473228346458
20
-4.529491929133858
11
6.5897233858267716
21
-4.5295486614173228
0
LINE
8
BLACK
6
CONTINUOUS
10
5.8795855905511809
20
-4.4774511811023618
11
5.8798748818897639
21
-4.4774511811023618
0
LINE
8
BLACK
6
CONTINUOUS
10
5.8798748818897639
20
-4.4774511811023618
11
5.880144960629921
21
-4.4775630314960626
0
LINE
8
BLACK
6
CONTINUOUS
10
5.880144960629921
20
-4.4775630314960626
11
5.8804316141732285
21
-4.4776203937007875
0
LINE
8
BLACK
6
CONTINUOUS
10
5.8804316141732285
20
-4.4776203937007875
11
5.880671968503937
21
-4.4777813385826768
0
LINE
8
BLACK
6
CONTINUOUS
10
5.880671968503937
20
-4.4777813385826768
11
5.8809392913385823
21
-4.4778920866141734
0
LINE
8
BLACK
6
CONTINUOUS
10
5.8809392913385823
20
-4.4778920866141734
11
5.881145984251968
21
-4.4780987795275591
0
LINE
8
BLACK
6
CONTINUOUS
10
5.881145984251968
20
-4.4780987795275591
11
5.8813888976377955
21
-4.4782614566929135
0
LINE
8
BLACK
6
CONTINUOUS
10
5.8813888976377955
20
-4.4782614566929135
11
5.8817518897637795
21
-4.4787046850393697
0
LINE
8
BLACK
6
CONTINUOUS
10
5.8817518897637795
20
-4.4787046850393697
11
5.8817539370078737
21
-4.4787067322834648
0
LINE
8
BLACK
6
CONTINUOUS
10
5.8817539370078737
20
-4.4787067322834648
11
5.8817542913385825
21
-4.4787075984251965
0
LINE
8
BLACK
6
CONTINUOUS
10
5.8817542913385825
20
-4.4787075984251965
11
5.8817556692913389
21
-4.4787092913385829
0
LINE
8
BLACK
6
CONTINUOUS
10
5.8817556692913389
20
-4.4787092913385829
11
5.8853429921259846
21
-4.4840903149606302
0
LINE
8
BLACK
6
CONTINUOUS
10
5.8853429921259846
20
-4.4840903149606302
11
5.8885469685039364
21
-4.4872942913385829
0
LINE
8
BLACK
6
CONTINUOUS
10
5.8885469685039364
20
-4.4872942913385829
11
5.8918679133858269
21
-4.4889547637795273
0
LINE
8
BLACK
6
CONTINUOUS
10
5.8918679133858269
20
-4.4889547637795273
11
5.8923577952755908
21
-4.4892631102362204
0
LINE
8
BLACK
6
CONTINUOUS
10
5.8923577952755908
20
-4.4892631102362204
11
5.8931126377952756
21
-4.4901335039370078
0
LINE
8
BLACK
6
CONTINUOUS
10
5.8931126377952756
20
-4.4901335039370078
11
5.8934769685039372
21
-4.491226456692913
0
LINE
8
BLACK
6
CONTINUOUS
10
5.8934769685039372
20
-4.491226456692913
11
5.89339531496063
21
-4.4923756692913388
0
LINE
8
BLACK
6
CONTINUOUS
10
5.89339531496063
20
-4.4923756692913388
11
5.8928800393700786
21
-4.4934061811023618
0
LINE
8
BLACK
6
CONTINUOUS
10
5.8928800393700786
20
-4.4934061811023618
11
5.8920096850393699
21
-4.4941610236220475
0
LINE
8
BLACK
6
CONTINUOUS
10
5.8920096850393699
20
-4.4941610236220475
11
5.890916692913386
21
-4.4945253543307082
0
LINE
8
BLACK
6
CONTINUOUS
10
5.890916692913386
20
-4.4945253543307082
11
5.8897674803149602
21
-4.4944437007874019
0
LINE
8
BLACK
6
CONTINUOUS
10
5.8897674803149602
20
-4.4944437007874019
11
5.8892268897637798
21
-4.4942368110236224
0
LINE
8
BLACK
6
CONTINUOUS
10
5.8892268897637798
20
-4.4942368110236224
11
5.8854773622047238
21
-4.4923620472440948
0
LINE
8
BLACK
6
CONTINUOUS
10
5.8854773622047238
20
-4.4923620472440948
11
5.8852295275590549
21
-4.4922060236220469
0
LINE
8
BLACK
6
CONTINUOUS
10
5.8852295275590549
20
-4.4922060236220469
11
5.8851574015748032
21
-4.4921761811023622
0
LINE
8
BLACK
6
CONTINUOUS
10
5.8851574015748032
20
-4.4921761811023622
11
5.8850762204724409
21
-4.492109566929134
0
LINE
8
BLACK
6
CONTINUOUS
10
5.8850762204724409
20
-4.492109566929134
11
5.8849874803149609
21
-4.4920537007874017
0
LINE
8
BLACK
6
CONTINUOUS
10
5.8849874803149609
20
-4.4920537007874017
11
5.8849363385826772
21
-4.4919947637795277
0
LINE
8
BLACK
6
CONTINUOUS
10
5.8849363385826772
20
-4.4919947637795277
11
5.8847099606299214
21
-4.4918089370078738
0
LINE
8
BLACK
6
CONTINUOUS
10
5.8847099606299214
20
-4.4918089370078738
11
5.8822515748031492
21
-4.4893505511811025
0
LINE
8
BLACK
6
CONTINUOUS
10
5.8822515748031492
20
-4.4893505511811025
11
5.8822515748031492
21
-4.5167645275590553
0
LINE
8
BLACK
6
CONTINUOUS
10
5.8822515748031492
20
-4.5167645275590553
11
5.8905474015748034
21
-4.5167645275590553
0
LINE
8
BLACK
6
CONTINUOUS
10
5.8905474015748034
20
-4.5167645275590553
11
5.8911234645669293
21
-4.5168212598425193
0
LINE
8
BLACK
6
CONTINUOUS
10
5.8911234645669293
20
-4.5168212598425193
11
5.8921878740157476
21
-4.5172621653543308
0
LINE
8
BLACK
6
CONTINUOUS
10
5.8921878740157476
20
-4.5172621653543308
11
5.8930025196850391
21
-4.5180768110236222
0
LINE
8
BLACK
6
CONTINUOUS
10
5.8930025196850391
20
-4.5180768110236222
11
5.8934434251968506
21
-4.5191412204724406
0
LINE
8
BLACK
6
CONTINUOUS
10
5.8934434251968506
20
-4.5191412204724406
11
5.8934434251968506
21
-4.5202933464566932
0
LINE
8
BLACK
6
CONTINUOUS
10
5.8934434251968506
20
-4.5202933464566932
11
5.8930025196850391
21
-4.5213577559055116
0
LINE
8
BLACK
6
CONTINUOUS
10
5.8930025196850391
20
-4.5213577559055116
11
5.8921878740157476
21
-4.522172401574803
0
LINE
8
BLACK
6
CONTINUOUS
10
5.8921878740157476
20
-4.522172401574803
11
5.8911234645669293
21
-4.5226133070866137
0
LINE
8
BLACK
6
CONTINUOUS
10
5.8911234645669293
20
-4.5226133070866137
11
5.8905474015748034
21
-4.5226700393700785
0
LINE
8
BLACK
6
CONTINUOUS
10
5.8905474015748034
20
-4.5226700393700785
11
5.8680502362204727
21
-4.5226700393700785
0
LINE
8
BLACK
6
CONTINUOUS
10
5.8680502362204727
20
-4.5226700393700785
11
5.867474173228346
21
-4.5226133070866137
0
LINE
8
BLACK
6
CONTINUOUS
10
5.867474173228346
20
-4.5226133070866137
11
5.8664097637795276
21
-4.522172401574803
0
LINE
8
BLACK
6
CONTINUOUS
10
5.8664097637795276
20
-4.522172401574803
11
5.8655951181102362
21
-4.5213577559055116
0
LINE
8
BLACK
6
CONTINUOUS
10
5.8655951181102362
20
-4.5213577559055116
11
5.8651542125984246
21
-4.5202933464566932
0
LINE
8
BLACK
6
CONTINUOUS
10
5.8651542125984246
20
-4.5202933464566932
11
5.8651542125984246
21
-4.5191412204724406
0
LINE
8
BLACK
6
CONTINUOUS
10
5.8651542125984246
20
-4.5191412204724406
11
5.8655951181102362
21
-4.5180768110236222
0
LINE
8
BLACK
6
CONTINUOUS
10
5.8655951181102362
20
-4.5180768110236222
11
5.8664097637795276
21
-4.5172621653543308
0
LINE
8
BLACK
6
CONTINUOUS
10
5.8664097637795276
20
-4.5172621653543308
11
5.867474173228346
21
-4.5168212598425193
0
LINE
8
BLACK
6
CONTINUOUS
10
5.867474173228346
20
-4.5168212598425193
11
5.8680502362204727
21
-4.5167645275590553
0
LINE
8
BLACK
6
CONTINUOUS
10
5.8680502362204727
20
-4.5167645275590553
11
5.876346062992126
21
-4.5167645275590553
0
LINE
8
BLACK
6
CONTINUOUS
10
5.876346062992126
20
-4.5167645275590553
11
5.876346062992126
21
-4.4803472047244091
0
LINE
8
BLACK
6
CONTINUOUS
10
5.876346062992126
20
-4.4803472047244091
11
5.8763462598425198
21
-4.4803451181102361
0
LINE
8
BLACK
6
CONTINUOUS
10
5.8763462598425198
20
-4.4803451181102361
11
5.876346062992126
21
-4.4803440944881885
0
LINE
8
BLACK
6
CONTINUOUS
10
5.876346062992126
20
-4.4803440944881885
11
5.8763466535433073
21
-4.4803410629921263
0
LINE
8
BLACK
6
CONTINUOUS
10
5.8763466535433073
20
-4.4803410629921263
11
5.8764027952755908
21
-4.4797711417322832
0
LINE
8
BLACK
6
CONTINUOUS
10
5.8764027952755908
20
-4.4797711417322832
11
5.8765146456692916
21
-4.4795010236220474
0
LINE
8
BLACK
6
CONTINUOUS
10
5.8765146456692916
20
-4.4795010236220474
11
5.8765720078740156
21
-4.4792144094488187
0
LINE
8
BLACK
6
CONTINUOUS
10
5.8765720078740156
20
-4.4792144094488187
11
5.8767329527559058
21
-4.4789740157480313
0
LINE
8
BLACK
6
CONTINUOUS
10
5.8767329527559058
20
-4.4789740157480313
11
5.8768437007874015
21
-4.4787067322834648
0
LINE
8
BLACK
6
CONTINUOUS
10
5.8768437007874015
20
-4.4787067322834648
11
5.8770503937007872
21
-4.4784999999999995
0
LINE
8
BLACK
6
CONTINUOUS
10
5.8770503937007872
20
-4.4784999999999995
11
5.8772130708661416
21
-4.4782571259842516
0
LINE
8
BLACK
6
CONTINUOUS
10
5.8772130708661416
20
-4.4782571259842516
11
5.877453779527559
21
-4.4780966141732286
0
LINE
8
BLACK
6
CONTINUOUS
10
5.877453779527559
20
-4.4780966141732286
11
5.8776583464566929
21
-4.4778920866141734
0
LINE
8
BLACK
6
CONTINUOUS
10
5.8776583464566929
20
-4.4778920866141734
11
5.87792842519685
21
-4.4777801968503939
0
LINE
8
BLACK
6
CONTINUOUS
10
5.87792842519685
20
-4.4777801968503939
11
5.8781716929133854
21
-4.4776180314960632
0
LINE
8
BLACK
6
CONTINUOUS
10
5.8781716929133854
20
-4.4776180314960632
11
5.8784554724409448
21
-4.4775618897637797
0
LINE
8
BLACK
6
CONTINUOUS
10
5.8784554724409448
20
-4.4775618897637797
11
5.8787227559055113
21
-4.4774511811023618
0
LINE
8
BLACK
6
CONTINUOUS
10
5.8787227559055113
20
-4.4774511811023618
11
5.8790151574803149
21
-4.4774511811023618
0
LINE
8
BLACK
6
CONTINUOUS
10
5.8790151574803149
20
-4.4774511811023618
11
5.8793019291338577
21
-4.4773944488188979
0
LINE
8
BLACK
6
CONTINUOUS
10
5.8793019291338577
20
-4.4773944488188979
11
5.8795855905511809
21
-4.4774511811023618
0
LINE
8
BLACK
6
CONTINUOUS
10
5.9090607874015744
20
-4.4778920866141734
11
5.9098754330708658
21
-4.4787067322834648
0
LINE
8
BLACK
6
CONTINUOUS
10
5.9098754330708658
20
-4.4787067322834648
11
5.9103163385826774
21
-4.4797711417322832
0
LINE
8
BLACK
6
CONTINUOUS
10
5.9103163385826774
20
-4.4797711417322832
11
5.9103730708661413
21
-4.4803472047244091
0
LINE
8
BLACK
6
CONTINUOUS
10
5.9103730708661413
20
-4.4803472047244091
11
5.9103730708661413
21
-4.5115211417322838
0
LINE
8
BLACK
6
CONTINUOUS
10
5.9103730708661413
20
-4.5115211417322838
11
5.9117218110236216
21
-4.5142186220472436
0
LINE
8
BLACK
6
CONTINUOUS
10
5.9117218110236216
20
-4.5142186220472436
11
5.9129189370078743
21
-4.515415787401575
0
LINE
8
BLACK
6
CONTINUOUS
10
5.9129189370078743
20
-4.515415787401575
11
5.9156164173228349
21
-4.5167645275590553
0
LINE
8
BLACK
6
CONTINUOUS
10
5.9156164173228349
20
-4.5167645275590553
11
5.921721377952756
21
-4.5167645275590553
0
LINE
8
BLACK
6
CONTINUOUS
10
5.921721377952756
20
-4.5167645275590553
11
5.9244188188976379
21
-4.515415787401575
0
LINE
8
BLACK
6
CONTINUOUS
10
5.9244188188976379
20
-4.515415787401575
11
5.9256159448818897
21
-4.5142186220472436
0
LINE
8
BLACK
6
CONTINUOUS
10
5.9256159448818897
20
-4.5142186220472436
11
5.9269647244094488
21
-4.5115211417322838
0
LINE
8
BLACK
6
CONTINUOUS
10
5.9269647244094488
20
-4.5115211417322838
11
5.9269647244094488
21
-4.4803472047244091
0
LINE
8
BLACK
6
CONTINUOUS
10
5.9269647244094488
20
-4.4803472047244091
11
5.9270214566929136
21
-4.4797711417322832
0
LINE
8
BLACK
6
CONTINUOUS
10
5.9270214566929136
20
-4.4797711417322832
11
5.9274623622047242
21
-4.4787067322834648
0
LINE
8
BLACK
6
CONTINUOUS
10
5.9274623622047242
20
-4.4787067322834648
11
5.9282770078740157
21
-4.4778920866141734
0
LINE
8
BLACK
6
CONTINUOUS
10
5.9282770078740157
20
-4.4778920866141734
11
5.9293414173228349
21
-4.4774511811023618
0
LINE
8
BLACK
6
CONTINUOUS
10
5.9293414173228349
20
-4.4774511811023618
11
5.9304935433070867
21
-4.4774511811023618
0
LINE
8
BLACK
6
CONTINUOUS
10
5.9304935433070867
20
-4.4774511811023618
11
5.931557952755905
21
-4.4778920866141734
0
LINE
8
BLACK
6
CONTINUOUS
10
5.931557952755905
20
-4.4778920866141734
11
5.9323725984251965
21
-4.4787067322834648
0
LINE
8
BLACK
6
CONTINUOUS
10
5.9323725984251965
20
-4.4787067322834648
11
5.932813503937008
21
-4.4797711417322832
0
LINE
8
BLACK
6
CONTINUOUS
10
5.932813503937008
20
-4.4797711417322832
11
5.9328702362204719
21
-4.4803472047244091
0
LINE
8
BLACK
6
CONTINUOUS
10
5.9328702362204719
20
-4.4803472047244091
11
5.9328702362204719
21
-4.5122181889763775
0
LINE
8
BLACK
6
CONTINUOUS
10
5.9328702362204719
20
-4.5122181889763775
11
5.932813503937008
21
-4.5127942519685043
0
LINE
8
BLACK
6
CONTINUOUS
10
5.932813503937008
20
-4.5127942519685043
11
5.9327729133858265
21
-4.5128922047244098
0
LINE
8
BLACK
6
CONTINUOUS
10
5.9327729133858265
20
-4.5128922047244098
11
5.9327653937007874
21
-4.5129981102362207
0
LINE
8
BLACK
6
CONTINUOUS
10
5.9327653937007874
20
-4.5129981102362207
11
5.9325585039370079
21
-4.513538700787401
0
LINE
8
BLACK
6
CONTINUOUS
10
5.9325585039370079
20
-4.513538700787401
11
5.9306837401574803
21
-4.5172882283464562
0
LINE
8
BLACK
6
CONTINUOUS
10
5.9306837401574803
20
-4.5172882283464562
11
5.9305276771653546
21
-4.5175361023622047
0
LINE
8
BLACK
6
CONTINUOUS
10
5.9305276771653546
20
-4.5175361023622047
11
5.9304978740157477
21
-4.517608149606299
0
LINE
8
BLACK
6
CONTINUOUS
10
5.9304978740157477
20
-4.517608149606299
11
5.930431338582677
21
-4.5176891732283462
0
LINE
8
BLACK
6
CONTINUOUS
10
5.930431338582677
20
-4.5176891732283462
11
5.9303753937007873
21
-4.51777811023622
0
LINE
8
BLACK
6
CONTINUOUS
10
5.9303753937007873
20
-4.51777811023622
11
5.9303163779527557
21
-4.5178292519685037
0
LINE
8
BLACK
6
CONTINUOUS
10
5.9303163779527557
20
-4.5178292519685037
11
5.9301306299212593
21
-4.5180556299212595
0
LINE
8
BLACK
6
CONTINUOUS
10
5.9301306299212593
20
-4.5180556299212595
11
5.9282559055118105
21
-4.5199303937007871
0
LINE
8
BLACK
6
CONTINUOUS
10
5.9282559055118105
20
-4.5199303937007871
11
5.9280295275590547
21
-4.5201161417322835
0
LINE
8
BLACK
6
CONTINUOUS
10
5.9280295275590547
20
-4.5201161417322835
11
5.9279783464566931
21
-4.5201751968503938
0
LINE
8
BLACK
6
CONTINUOUS
10
5.9279783464566931
20
-4.5201751968503938
11
5.9278893700787396
21
-4.5202311811023623
0
LINE
8
BLACK
6
CONTINUOUS
10
5.9278893700787396
20
-4.5202311811023623
11
5.9278084251968499
21
-4.5202976377952755
0
LINE
8
BLACK
6
CONTINUOUS
10
5.9278084251968499
20
-4.5202976377952755
11
5.9277364566929132
21
-4.5203274409448815
0
LINE
8
BLACK
6
CONTINUOUS
10
5.9277364566929132
20
-4.5203274409448815
11
5.9274884645669292
21
-4.5204835433070869
0
LINE
8
BLACK
6
CONTINUOUS
10
5.9274884645669292
20
-4.5204835433070869
11
5.9237389370078741
21
-4.5223583070866145
0
LINE
8
BLACK
6
CONTINUOUS
10
5.9237389370078741
20
-4.5223583070866145
11
5.9231983070866141
21
-4.5225651968503939
0
LINE
8
BLACK
6
CONTINUOUS
10
5.9231983070866141
20
-4.5225651968503939
11
5.9230924803149607
21
-4.5225726771653543
0
LINE
8
BLACK
6
CONTINUOUS
10
5.9230924803149607
20
-4.5225726771653543
11
5.9229944881889764
21
-4.5226133070866137
0
LINE
8
BLACK
6
CONTINUOUS
10
5.9229944881889764
20
-4.5226133070866137
11
5.9224184251968506
21
-4.5226700393700785
0
LINE
8
BLACK
6
CONTINUOUS
10
5.9224184251968506
20
-4.5226700393700785
11
5.9149193700787404
21
-4.5226700393700785
0
LINE
8
BLACK
6
CONTINUOUS
10
5.9149193700787404
20
-4.5226700393700785
11
5.9143433070866136
21
-4.5226133070866137
0
LINE
8
BLACK
6
CONTINUOUS
10
5.9143433070866136
20
-4.5226133070866137
11
5.9142453149606302
21
-4.522572716535433
0
LINE
8
BLACK
6
CONTINUOUS
10
5.9142453149606302
20
-4.522572716535433
11
5.9141394488188972
21
-4.5225651968503939
0
LINE
8
BLACK
6
CONTINUOUS
10
5.9141394488188972
20
-4.5225651968503939
11
5.9135988582677168
21
-4.5223583070866145
0
LINE
8
BLACK
6
CONTINUOUS
10
5.9135988582677168
20
-4.5223583070866145
11
5.9098493307086617
21
-4.5204835433070869
0
LINE
8
BLACK
6
CONTINUOUS
10
5.9098493307086617
20
-4.5204835433070869
11
5.9096012992125981
21
-4.5203274409448815
0
LINE
8
BLACK
6
CONTINUOUS
10
5.9096012992125981
20
-4.5203274409448815
11
5.9095293700787401
21
-4.5202976377952755
0
LINE
8
BLACK
6
CONTINUOUS
10
5.9095293700787401
20
-4.5202976377952755
11
5.9094483858267717
21
-4.5202311811023623
0
LINE
8
BLACK
6
CONTINUOUS
10
5.9094483858267717
20
-4.5202311811023623
11
5.9093594488188979
21
-4.5201751968503938
0
LINE
8
BLACK
6
CONTINUOUS
10
5.9093594488188979
20
-4.5201751968503938
11
5.9093082283464566
21
-4.5201161417322835
0
LINE
8
BLACK
6
CONTINUOUS
10
5.9093082283464566
20
-4.5201161417322835
11
5.9090818897637796
21
-4.5199303937007871
0
LINE
8
BLACK
6
CONTINUOUS
10
5.9090818897637796
20
-4.5199303937007871
11
5.907207125984252
21
-4.5180555905511808
0
LINE
8
BLACK
6
CONTINUOUS
10
5.907207125984252
20
-4.5180555905511808
11
5.9070213779527556
21
-4.5178292519685037
0
LINE
8
BLACK
6
CONTINUOUS
10
5.9070213779527556
20
-4.5178292519685037
11
5.9069624015748028
21
-4.51777811023622
0
LINE
8
BLACK
6
CONTINUOUS
10
5.9069624015748028
20
-4.51777811023622
11
5.9069064173228343
21
-4.5176891732283462
0
LINE
8
BLACK
6
CONTINUOUS
10
5.9069064173228343
20
-4.5176891732283462
11
5.9068399212598424
21
-4.517608149606299
0
LINE
8
BLACK
6
CONTINUOUS
10
5.9068399212598424
20
-4.517608149606299
11
5.9068100787401576
21
-4.5175361023622047
0
LINE
8
BLACK
6
CONTINUOUS
10
5.9068100787401576
20
-4.5175361023622047
11
5.9066540551181097
21
-4.5172882283464562
0
LINE
8
BLACK
6
CONTINUOUS
10
5.9066540551181097
20
-4.5172882283464562
11
5.9047792913385821
21
-4.513538700787401
0
LINE
8
BLACK
6
CONTINUOUS
10
5.9047792913385821
20
-4.513538700787401
11
5.9045724015748027
21
-4.5129980708661419
0
LINE
8
BLACK
6
CONTINUOUS
10
5.9045724015748027
20
-4.5129980708661419
11
5.9045648818897636
21
-4.5128922440944885
0
LINE
8
BLACK
6
CONTINUOUS
10
5.9045648818897636
20
-4.5128922440944885
11
5.9045242913385829
21
-4.5127942519685043
0
LINE
8
BLACK
6
CONTINUOUS
10
5.9045242913385829
20
-4.5127942519685043
11
5.9044675590551181
21
-4.5122181889763775
0
LINE
8
BLACK
6
CONTINUOUS
10
5.9044675590551181
20
-4.5122181889763775
11
5.9044675590551181
21
-4.4803472047244091
0
LINE
8
BLACK
6
CONTINUOUS
10
5.9044675590551181
20
-4.4803472047244091
11
5.9045242913385829
21
-4.4797711417322832
0
LINE
8
BLACK
6
CONTINUOUS
10
5.9045242913385829
20
-4.4797711417322832
11
5.9049651968503936
21
-4.4787067322834648
0
LINE
8
BLACK
6
CONTINUOUS
10
5.9049651968503936
20
-4.4787067322834648
11
5.905779842519685
21
-4.4778920866141734
0
LINE
8
BLACK
6
CONTINUOUS
10
5.905779842519685
20
-4.4778920866141734
11
5.9068442519685034
21
-4.4774511811023618
0
LINE
8
BLACK
6
CONTINUOUS
10
5.9068442519685034
20
-4.4774511811023618
11
5.907996377952756
21
-4.4774511811023618
0
LINE
8
BLACK
6
CONTINUOUS
10
5.907996377952756
20
-4.4774511811023618
11
5.9090607874015744
21
-4.4778920866141734
0
LINE
8
BLACK
6
CONTINUOUS
10
6.2481979527559055
20
-4.517738858267716
11
6.2494763779527558
21
-4.5190172834645672
0
LINE
8
BLACK
6
CONTINUOUS
10
6.2494763779527558
20
-4.5190172834645672
11
6.2494763779527558
21
-4.5208252362204719
0
LINE
8
BLACK
6
CONTINUOUS
10
6.2494763779527558
20
-4.5208252362204719
11
6.2481979527559055
21
-4.5221036614173231
0
LINE
8
BLACK
6
CONTINUOUS
10
6.2481979527559055
20
-4.5221036614173231
11
6.2472939763779527
21
-4.5222834645669288
0
LINE
8
BLACK
6
CONTINUOUS
10
6.2472939763779527
20
-4.5222834645669288
11
6.2338083858267712
21
-4.5222834645669288
0
LINE
8
BLACK
6
CONTINUOUS
10
6.2338083858267712
20
-4.5222834645669288
11
6.2329044094488184
21
-4.5221036614173231
0
LINE
8
BLACK
6
CONTINUOUS
10
6.2329044094488184
20
-4.5221036614173231
11
6.2316259842519681
21
-4.5208252362204719
0
LINE
8
BLACK
6
CONTINUOUS
10
6.2316259842519681
20
-4.5208252362204719
11
6.2316259842519681
21
-4.5190172834645672
0
LINE
8
BLACK
6
CONTINUOUS
10
6.2316259842519681
20
-4.5190172834645672
11
6.2329044094488184
21
-4.517738858267716
0
LINE
8
BLACK
6
CONTINUOUS
10
6.2329044094488184
20
-4.517738858267716
11
6.2338083858267712
21
-4.5175590551181104
0
LINE
8
BLACK
6
CONTINUOUS
10
6.2338083858267712
20
-4.5175590551181104
11
6.2472939763779527
21
-4.5175590551181104
0
LINE
8
BLACK
6
CONTINUOUS
10
6.2472939763779527
20
-4.5175590551181104
11
6.2481979527559055
21
-4.517738858267716
0
LINE
8
BLACK
6
CONTINUOUS
10
6.1600979133858269
20
-4.4864200393700786
11
6.1609125984251971
21
-4.4872346850393701
0
LINE
8
BLACK
6
CONTINUOUS
10
6.1609125984251971
20
-4.4872346850393701
11
6.1611690551181102
21
-4.4878538976377955
0
LINE
8
BLACK
6
CONTINUOUS
10
6.1611690551181102
20
-4.4878538976377955
11
6.161353464566929
21
-4.4882990944881893
0
LINE
8
BLACK
6
CONTINUOUS
10
6.161353464566929
20
-4.4882990944881893
11
6.1614101968503938
21
-4.4888751574803152
0
LINE
8
BLACK
6
CONTINUOUS
10
6.1614101968503938
20
-4.4888751574803152
11
6.1614101968503938
21
-4.5132470866141734
0
LINE
8
BLACK
6
CONTINUOUS
10
6.1614101968503938
20
-4.5132470866141734
11
6.161353464566929
21
-4.5138231496062993
0
LINE
8
BLACK
6
CONTINUOUS
10
6.161353464566929
20
-4.5138231496062993
11
6.1609125590551184
21
-4.5148875590551176
0
LINE
8
BLACK
6
CONTINUOUS
10
6.1609125590551184
20
-4.5148875590551176
11
6.1600979133858269
21
-4.5157022047244091
0
LINE
8
BLACK
6
CONTINUOUS
10
6.1600979133858269
20
-4.5157022047244091
11
6.1590335039370077
21
-4.5161431102362206
0
LINE
8
BLACK
6
CONTINUOUS
10
6.1590335039370077
20
-4.5161431102362206
11
6.1578813779527559
21
-4.5161431102362206
0
LINE
8
BLACK
6
CONTINUOUS
10
6.1578813779527559
20
-4.5161431102362206
11
6.1568169685039367
21
-4.5157022047244091
0
LINE
8
BLACK
6
CONTINUOUS
10
6.1568169685039367
20
-4.5157022047244091
11
6.1560023228346452
21
-4.5148875590551176
0
LINE
8
BLACK
6
CONTINUOUS
10
6.1560023228346452
20
-4.5148875590551176
11
6.1555614173228346
21
-4.5138231496062993
0
LINE
8
BLACK
6
CONTINUOUS
10
6.1555614173228346
20
-4.5138231496062993
11
6.1555046850393698
21
-4.5132470866141734
0
LINE
8
BLACK
6
CONTINUOUS
10
6.1555046850393698
20
-4.5132470866141734
11
6.1555046850393698
21
-4.4960037007874014
0
LINE
8
BLACK
6
CONTINUOUS
10
6.1555046850393698
20
-4.4960037007874014
11
6.1380481496062993
21
-4.5134602362204728
0
LINE
8
BLACK
6
CONTINUOUS
10
6.1380481496062993
20
-4.5134602362204728
11
6.1376007086614175
21
-4.5138274409448815
0
LINE
8
BLACK
6
CONTINUOUS
10
6.1376007086614175
20
-4.5138274409448815
11
6.1375026377952757
21
-4.5138680314960631
0
LINE
8
BLACK
6
CONTINUOUS
10
6.1375026377952757
20
-4.5138680314960631
11
6.1374225196850389
21
-4.5139375590551181
0
LINE
8
BLACK
6
CONTINUOUS
10
6.1374225196850389
20
-4.5139375590551181
11
6.1368939763779524
21
-4.5141735433070869
0
LINE
8
BLACK
6
CONTINUOUS
10
6.1368939763779524
20
-4.5141735433070869
11
6.1312696850393698
21
-4.5160483070866144
0
LINE
8
BLACK
6
CONTINUOUS
10
6.1312696850393698
20
-4.5160483070866144
11
6.1309840944881886
21
-4.5161132283464562
0
LINE
8
BLACK
6
CONTINUOUS
10
6.1309840944881886
20
-4.5161132283464562
11
6.1309120078740156
21
-4.5161431102362206
0
LINE
8
BLACK
6
CONTINUOUS
10
6.1309120078740156
20
-4.5161431102362206
11
6.1308074803149601
21
-4.5161533858267715
0
LINE
8
BLACK
6
CONTINUOUS
10
6.1308074803149601
20
-4.5161533858267715
11
6.1307052362204724
21
-4.5161766535433072
0
LINE
8
BLACK
6
CONTINUOUS
10
6.1307052362204724
20
-4.5161766535433072
11
6.1306274803149607
21
-4.5161711023622049
0
LINE
8
BLACK
6
CONTINUOUS
10
6.1306274803149607
20
-4.5161711023622049
11
6.1303359448818897
21
-4.5161998425196845
0
LINE
8
BLACK
6
CONTINUOUS
10
6.1303359448818897
20
-4.5161998425196845
11
6.1265864173228346
21
-4.5161998425196845
0
LINE
8
BLACK
6
CONTINUOUS
10
6.1265864173228346
20
-4.5161998425196845
11
6.1260103543307087
21
-4.5161431102362206
0
LINE
8
BLACK
6
CONTINUOUS
10
6.1260103543307087
20
-4.5161431102362206
11
6.1259123622047245
21
-4.5161025196850391
0
LINE
8
BLACK
6
CONTINUOUS
10
6.1259123622047245
20
-4.5161025196850391
11
6.1258064960629923
21
-4.516095
0
LINE
8
BLACK
6
CONTINUOUS
10
6.1258064960629923
20
-4.516095
11
6.125265905511811
21
-4.5158881102362205
0
LINE
8
BLACK
6
CONTINUOUS
10
6.125265905511811
20
-4.5158881102362205
11
6.1215163779527559
21
-4.5140133464566929
0
LINE
8
BLACK
6
CONTINUOUS
10
6.1215163779527559
20
-4.5140133464566929
11
6.1212683464566924
21
-4.5138572440944884
0
LINE
8
BLACK
6
CONTINUOUS
10
6.1212683464566924
20
-4.5138572440944884
11
6.1211964173228344
21
-4.5138274409448815
0
LINE
8
BLACK
6
CONTINUOUS
10
6.1211964173228344
20
-4.5138274409448815
11
6.1211154330708659
21
-4.5137609448818896
0
LINE
8
BLACK
6
CONTINUOUS
10
6.1211154330708659
20
-4.5137609448818896
11
6.1210264960629921
21
-4.5137049999999999
0
LINE
8
BLACK
6
CONTINUOUS
10
6.1210264960629921
20
-4.5137049999999999
11
6.1209753149606296
21
-4.5136459842519683
0
LINE
8
BLACK
6
CONTINUOUS
10
6.1209753149606296
20
-4.5136459842519683
11
6.1207489763779526
21
-4.5134602362204728
0
LINE
8
BLACK
6
CONTINUOUS
10
6.1207489763779526
20
-4.5134602362204728
11
6.118874212598425
21
-4.5115854724409452
0
LINE
8
BLACK
6
CONTINUOUS
10
6.118874212598425
20
-4.5115854724409452
11
6.1186884251968499
21
-4.5113590944881885
0
LINE
8
BLACK
6
CONTINUOUS
10
6.1186884251968499
20
-4.5113590944881885
11
6.1186294488188979
21
-4.5113079527559057
0
LINE
8
BLACK
6
CONTINUOUS
10
6.1186294488188979
20
-4.5113079527559057
11
6.1185734645669294
21
-4.5112189763779522
0
LINE
8
BLACK
6
CONTINUOUS
10
6.1185734645669294
20
-4.5112189763779522
11
6.1185070078740154
21
-4.5111380314960625
0
LINE
8
BLACK
6
CONTINUOUS
10
6.1185070078740154
20
-4.5111380314960625
11
6.1184771653543306
21
-4.5110660629921258
0
LINE
8
BLACK
6
CONTINUOUS
10
6.1184771653543306
20
-4.5110660629921258
11
6.1183211023622048
21
-4.5108180708661418
0
LINE
8
BLACK
6
CONTINUOUS
10
6.1183211023622048
20
-4.5108180708661418
11
6.1164463385826773
21
-4.5070685433070867
0
LINE
8
BLACK
6
CONTINUOUS
10
6.1164463385826773
20
-4.5070685433070867
11
6.1162394488188978
21
-4.5065279133858267
0
LINE
8
BLACK
6
CONTINUOUS
10
6.1162394488188978
20
-4.5065279133858267
11
6.1162319291338578
21
-4.5064220866141733
0
LINE
8
BLACK
6
CONTINUOUS
10
6.1162319291338578
20
-4.5064220866141733
11
6.1161913385826772
21
-4.506324094488189
0
LINE
8
BLACK
6
CONTINUOUS
10
6.1161913385826772
20
-4.506324094488189
11
6.1161346062992124
21
-4.5057480314960632
0
LINE
8
BLACK
6
CONTINUOUS
10
6.1161346062992124
20
-4.5057480314960632
11
6.1161346062992124
21
-4.4963742125984254
0
LINE
8
BLACK
6
CONTINUOUS
10
6.1161346062992124
20
-4.4963742125984254
11
6.1161913385826772
21
-4.4957981496062995
0
LINE
8
BLACK
6
CONTINUOUS
10
6.1161913385826772
20
-4.4957981496062995
11
6.1162319291338578
21
-4.4957001181102365
0
LINE
8
BLACK
6
CONTINUOUS
10
6.1162319291338578
20
-4.4957001181102365
11
6.1162394488188978
21
-4.495594330708661
0
LINE
8
BLACK
6
CONTINUOUS
10
6.1162394488188978
20
-4.495594330708661
11
6.1164463385826773
21
-4.4950537007874019
0
LINE
8
BLACK
6
CONTINUOUS
10
6.1164463385826773
20
-4.4950537007874019
11
6.1183211023622048
21
-4.4913041732283467
0
LINE
8
BLACK
6
CONTINUOUS
10
6.1183211023622048
20
-4.4913041732283467
11
6.1184771653543306
21
-4.4910561417322832
0
LINE
8
BLACK
6
CONTINUOUS
10
6.1184771653543306
20
-4.4910561417322832
11
6.1185070078740154
21
-4.4909842125984252
0
LINE
8
BLACK
6
CONTINUOUS
10
6.1185070078740154
20
-4.4909842125984252
11
6.1185734645669294
21
-4.4909032283464567
0
LINE
8
BLACK
6
CONTINUOUS
10
6.1185734645669294
20
-4.4909032283464567
11
6.1186294488188979
21
-4.4908142913385829
0
LINE
8
BLACK
6
CONTINUOUS
10
6.1186294488188979
20
-4.4908142913385829
11
6.1186884251968499
21
-4.4907631102362204
0
LINE
8
BLACK
6
CONTINUOUS
10
6.1186884251968499
20
-4.4907631102362204
11
6.118874212598425
21
-4.4905367716535434
0
LINE
8
BLACK
6
CONTINUOUS
10
6.118874212598425
20
-4.4905367716535434
11
6.1207489763779526
21
-4.4886620078740158
0
LINE
8
BLACK
6
CONTINUOUS
10
6.1207489763779526
20
-4.4886620078740158
11
6.1211964173228344
21
-4.4882948031496062
0
LINE
8
BLACK
6
CONTINUOUS
10
6.1211964173228344
20
-4.4882948031496062
11
6.1222608267716536
21
-4.4878538976377955
0
LINE
8
BLACK
6
CONTINUOUS
10
6.1222608267716536
20
-4.4878538976377955
11
6.1234129133858266
21
-4.4878538976377955
0
LINE
8
BLACK
6
CONTINUOUS
10
6.1234129133858266
20
-4.4878538976377955
11
6.1244773228346459
21
-4.4882948031496062
0
LINE
8
BLACK
6
CONTINUOUS
10
6.1244773228346459
20
-4.4882948031496062
11
6.1252920078740152
21
-4.4891094881889764
0
LINE
8
BLACK
6
CONTINUOUS
10
6.1252920078740152
20
-4.4891094881889764
11
6.1257329133858267
21
-4.4901738976377947
0
LINE
8
BLACK
6
CONTINUOUS
10
6.1257329133858267
20
-4.4901738976377947
11
6.1257329133858267
21
-4.4913259842519686
0
LINE
8
BLACK
6
CONTINUOUS
10
6.1257329133858267
20
-4.4913259842519686
11
6.1252920078740152
21
-4.492390393700787
0
LINE
8
BLACK
6
CONTINUOUS
10
6.1252920078740152
20
-4.492390393700787
11
6.1249248031496064
21
-4.4928378346456688
0
LINE
8
BLACK
6
CONTINUOUS
10
6.1249248031496064
20
-4.4928378346456688
11
6.1233888582677167
21
-4.4943737795275593
0
LINE
8
BLACK
6
CONTINUOUS
10
6.1233888582677167
20
-4.4943737795275593
11
6.1220401181102364
21
-4.49707125984252
0
LINE
8
BLACK
6
CONTINUOUS
10
6.1220401181102364
20
-4.49707125984252
11
6.1220401181102364
21
-4.5050509842519686
0
LINE
8
BLACK
6
CONTINUOUS
10
6.1220401181102364
20
-4.5050509842519686
11
6.1233888582677167
21
-4.5077484645669292
0
LINE
8
BLACK
6
CONTINUOUS
10
6.1233888582677167
20
-4.5077484645669292
11
6.1245859842519685
21
-4.508945590551181
0
LINE
8
BLACK
6
CONTINUOUS
10
6.1245859842519685
20
-4.508945590551181
11
6.1272834645669292
21
-4.5102943307086614
0
LINE
8
BLACK
6
CONTINUOUS
10
6.1272834645669292
20
-4.5102943307086614
11
6.1298568110236218
21
-4.5102943307086614
0
LINE
8
BLACK
6
CONTINUOUS
10
6.1298568110236218
20
-4.5102943307086614
11
6.1343651968503936
21
-4.508791496062992
0
LINE
8
BLACK
6
CONTINUOUS
10
6.1343651968503936
20
-4.508791496062992
11
6.1563695275590549
21
-4.4867872440944883
0
LINE
8
BLACK
6
CONTINUOUS
10
6.1563695275590549
20
-4.4867872440944883
11
6.1568169685039367
21
-4.4864199999999999
0
LINE
8
BLACK
6
CONTINUOUS
10
6.1568169685039367
20
-4.4864199999999999
11
6.1575696062992122
21
-4.4861082283464562
0
LINE
8
BLACK
6
CONTINUOUS
10
6.1575696062992122
20
-4.4861082283464562
11
6.1578813779527559
21
-4.485979133858268
0
LINE
8
BLACK
6
CONTINUOUS
10
6.1578813779527559
20
-4.485979133858268
11
6.1590335039370077
21
-4.485979133858268
0
LINE
8
BLACK
6
CONTINUOUS
10
6.1590335039370077
20
-4.485979133858268
11
6.1600979133858269
21
-4.4864200393700786
0
LINE
8
BLACK
6
CONTINUOUS
10
6.6336627165354329
20
-4.4777862992125987
11
6.6338425196850395
21
-4.4786902755905507
0
LINE
8
BLACK
6
CONTINUOUS
10
6.6338425196850395
20
-4.4786902755905507
11
6.6338425196850395
21
-4.4921758661417321
0
LINE
8
BLACK
6
CONTINUOUS
10
6.6338425196850395
20
-4.4921758661417321
11
6.6336627165354329
21
-4.493079842519685
0
LINE
8
BLACK
6
CONTINUOUS
10
6.6336627165354329
20
-4.493079842519685
11
6.6323842913385826
21
-4.4943582677165352
0
LINE
8
BLACK
6
CONTINUOUS
10
6.6323842913385826
20
-4.4943582677165352
11
6.630576338582677
21
-4.4943582677165352
0
LINE
8
BLACK
6
CONTINUOUS
10
6.630576338582677
20
-4.4943582677165352
11
6.6292979133858267
21
-4.493079842519685
0
LINE
8
BLACK
6
CONTINUOUS
10
6.6292979133858267
20
-4.493079842519685
11
6.6291181102362202
21
-4.4921758661417321
0
LINE
8
BLACK
6
CONTINUOUS
10
6.6291181102362202
20
-4.4921758661417321
11
6.6291181102362202
21
-4.4786902755905507
0
LINE
8
BLACK
6
CONTINUOUS
10
6.6291181102362202
20
-4.4786902755905507
11
6.6292979133858267
21
-4.4777862992125987
0
LINE
8
BLACK
6
CONTINUOUS
10
6.6292979133858267
20
-4.4777862992125987
11
6.630576338582677
21
-4.4765078740157476
0
LINE
8
BLACK
6
CONTINUOUS
10
6.630576338582677
20
-4.4765078740157476
11
6.6323842913385826
21
-4.4765078740157476
0
LINE
8
BLACK
6
CONTINUOUS
10
6.6323842913385826
20
-4.4765078740157476
11
6.6336627165354329
21
-4.4777862992125987
0
LINE
8
BLACK
6
CONTINUOUS
10
6.6738201968503938
20
-4.4777862992125987
11
6.6739999999999995
21
-4.4786902755905507
0
LINE
8
BLACK
6
CONTINUOUS
10
6.6739999999999995
20
-4.4786902755905507
11
6.6739999999999995
21
-4.4921758661417321
0
LINE
8
BLACK
6
CONTINUOUS
10
6.6739999999999995
20
-4.4921758661417321
11
6.6738201968503938
21
-4.493079842519685
0
LINE
8
BLACK
6
CONTINUOUS
10
6.6738201968503938
20
-4.493079842519685
11
6.6725417716535436
21
-4.4943582677165352
0
LINE
8
BLACK
6
CONTINUOUS
10
6.6725417716535436
20
-4.4943582677165352
11
6.6707338188976379
21
-4.4943582677165352
0
LINE
8
BLACK
6
CONTINUOUS
10
6.6707338188976379
20
-4.4943582677165352
11
6.6694553937007877
21
-4.493079842519685
0
LINE
8
BLACK
6
CONTINUOUS
10
6.6694553937007877
20
-4.493079842519685
11
6.6692755905511811
21
-4.4921758661417321
0
LINE
8
BLACK
6
CONTINUOUS
10
6.6692755905511811
20
-4.4921758661417321
11
6.6692755905511811
21
-4.4786902755905507
0
LINE
8
BLACK
6
CONTINUOUS
10
6.6692755905511811
20
-4.4786902755905507
11
6.6694553937007877
21
-4.4777862992125987
0
LINE
8
BLACK
6
CONTINUOUS
10
6.6694553937007877
20
-4.4777862992125987
11
6.6707338188976379
21
-4.4765078740157476
0
LINE
8
BLACK
6
CONTINUOUS
10
6.6707338188976379
20
-4.4765078740157476
11
6.6725417716535436
21
-4.4765078740157476
0
LINE
8
BLACK
6
CONTINUOUS
10
6.6725417716535436
20
-4.4765078740157476
11
6.6738201968503938
21
-4.4777862992125987
0
LINE
8
BLACK
6
CONTINUOUS
10
6.2085062992125986
20
-4.4459551181102359
11
6.2086042913385828
21
-4.4459957086614175
0
LINE
8
BLACK
6
CONTINUOUS
10
6.2086042913385828
20
-4.4459957086614175
11
6.2087101181102362
21
-4.4460032283464566
0
LINE
8
BLACK
6
CONTINUOUS
10
6.2087101181102362
20
-4.4460032283464566
11
6.2092507480314962
21
-4.446210118110236
0
LINE
8
BLACK
6
CONTINUOUS
10
6.2092507480314962
20
-4.446210118110236
11
6.2130002755905513
21
-4.4480848818897636
0
LINE
8
BLACK
6
CONTINUOUS
10
6.2130002755905513
20
-4.4480848818897636
11
6.2132482677165353
21
-4.4482409448818894
0
LINE
8
BLACK
6
CONTINUOUS
10
6.2132482677165353
20
-4.4482409448818894
11
6.213320236220472
21
-4.448270787401575
0
LINE
8
BLACK
6
CONTINUOUS
10
6.213320236220472
20
-4.448270787401575
11
6.2134011811023617
21
-4.4483372440944882
0
LINE
8
BLACK
6
CONTINUOUS
10
6.2134011811023617
20
-4.4483372440944882
11
6.2134901574803152
21
-4.4483932283464567
0
LINE
8
BLACK
6
CONTINUOUS
10
6.2134901574803152
20
-4.4483932283464567
11
6.213541299212598
21
-4.4484522047244095
0
LINE
8
BLACK
6
CONTINUOUS
10
6.213541299212598
20
-4.4484522047244095
11
6.2137676771653538
21
-4.4486379921259838
0
LINE
8
BLACK
6
CONTINUOUS
10
6.2137676771653538
20
-4.4486379921259838
11
6.2156424409448814
21
-4.4505127559055113
0
LINE
8
BLACK
6
CONTINUOUS
10
6.2156424409448814
20
-4.4505127559055113
11
6.2158281889763778
21
-4.4507390944881893
0
LINE
8
BLACK
6
CONTINUOUS
10
6.2158281889763778
20
-4.4507390944881893
11
6.2158872047244094
21
-4.4507902755905508
0
LINE
8
BLACK
6
CONTINUOUS
10
6.2158872047244094
20
-4.4507902755905508
11
6.2159431496062991
21
-4.4508792125984247
0
LINE
8
BLACK
6
CONTINUOUS
10
6.2159431496062991
20
-4.4508792125984247
11
6.216009645669291
21
-4.450960196850394
0
LINE
8
BLACK
6
CONTINUOUS
10
6.216009645669291
20
-4.450960196850394
11
6.2160394488188979
21
-4.451032125984252
0
LINE
8
BLACK
6
CONTINUOUS
10
6.2160394488188979
20
-4.451032125984252
11
6.2161955511811025
21
-4.4512801574803147
0
LINE
8
BLACK
6
CONTINUOUS
10
6.2161955511811025
20
-4.4512801574803147
11
6.21807031496063
21
-4.4550296850393698
0
LINE
8
BLACK
6
CONTINUOUS
10
6.21807031496063
20
-4.4550296850393698
11
6.2180864173228345
21
-4.4550717716535431
0
LINE
8
BLACK
6
CONTINUOUS
10
6.2180864173228345
20
-4.4550717716535431
11
6.2180991338582672
21
-4.4550889370078739
0
LINE
8
BLACK
6
CONTINUOUS
10
6.2180991338582672
20
-4.4550889370078739
11
6.2181854330708664
21
-4.4553305118110238
0
LINE
8
BLACK
6
CONTINUOUS
10
6.2181854330708664
20
-4.4553305118110238
11
6.2182772047244095
21
-4.4555702755905511
0
LINE
8
BLACK
6
CONTINUOUS
10
6.2182772047244095
20
-4.4555702755905511
11
6.2182787007874012
21
-4.4555915354330704
0
LINE
8
BLACK
6
CONTINUOUS
10
6.2182787007874012
20
-4.4555915354330704
11
6.2182938976377953
21
-4.4556340551181099
0
LINE
8
BLACK
6
CONTINUOUS
10
6.2182938976377953
20
-4.4556340551181099
11
6.2201686614173228
21
-4.4631331102362202
0
LINE
8
BLACK
6
CONTINUOUS
10
6.2201686614173228
20
-4.4631331102362202
11
6.2201834251968506
21
-4.4632329527559058
0
LINE
8
BLACK
6
CONTINUOUS
10
6.2201834251968506
20
-4.4632329527559058
11
6.2202000787401577
21
-4.4632731889763777
0
LINE
8
BLACK
6
CONTINUOUS
10
6.2202000787401577
20
-4.4632731889763777
11
6.2202214173228345
21
-4.4634901968503939
0
LINE
8
BLACK
6
CONTINUOUS
10
6.2202214173228345
20
-4.4634901968503939
11
6.2202533070866144
21
-4.4637057086614176
0
LINE
8
BLACK
6
CONTINUOUS
10
6.2202533070866144
20
-4.4637057086614176
11
6.2202468897637795
21
-4.4637487007874013
0
LINE
8
BLACK
6
CONTINUOUS
10
6.2202468897637795
20
-4.4637487007874013
11
6.2202568110236216
21
-4.4638492519685036
0
LINE
8
BLACK
6
CONTINUOUS
10
6.2202568110236216
20
-4.4638492519685036
11
6.2202568110236216
21
-4.4732230708661413
0
LINE
8
BLACK
6
CONTINUOUS
10
6.2202568110236216
20
-4.4732230708661413
11
6.2202468897637795
21
-4.4733235826771649
0
LINE
8
BLACK
6
CONTINUOUS
10
6.2202468897637795
20
-4.4733235826771649
11
6.2202533070866144
21
-4.4733666141732282
0
LINE
8
BLACK
6
CONTINUOUS
10
6.2202533070866144
20
-4.4733666141732282
11
6.2202214173228345
21
-4.4735820866141731
0
LINE
8
BLACK
6
CONTINUOUS
10
6.2202214173228345
20
-4.4735820866141731
11
6.2202000787401577
21
-4.4737991338582672
0
LINE
8
BLACK
6
CONTINUOUS
10
6.2202000787401577
20
-4.4737991338582672
11
6.2201834251968506
21
-4.4738393307086612
0
LINE
8
BLACK
6
CONTINUOUS
10
6.2201834251968506
20
-4.4738393307086612
11
6.2201686614173228
21
-4.4739392125984248
0
LINE
8
BLACK
6
CONTINUOUS
10
6.2201686614173228
20
-4.4739392125984248
11
6.2182938976377953
21
-4.481438267716535
0
LINE
8
BLACK
6
CONTINUOUS
10
6.2182938976377953
20
-4.481438267716535
11
6.2182787007874012
21
-4.4814807480314958
0
LINE
8
BLACK
6
CONTINUOUS
10
6.2182787007874012
20
-4.4814807480314958
11
6.2182772047244095
21
-4.4815020472440947
0
LINE
8
BLACK
6
CONTINUOUS
10
6.2182772047244095
20
-4.4815020472440947
11
6.2181854330708664
21
-4.4817417716535433
0
LINE
8
BLACK
6
CONTINUOUS
10
6.2181854330708664
20
-4.4817417716535433
11
6.2180991338582672
21
-4.4819833858267719
0
LINE
8
BLACK
6
CONTINUOUS
10
6.2180991338582672
20
-4.4819833858267719
11
6.2180864173228345
21
-4.4820005118110231
0
LINE
8
BLACK
6
CONTINUOUS
10
6.2180864173228345
20
-4.4820005118110231
11
6.21807031496063
21
-4.4820426377952751
0
LINE
8
BLACK
6
CONTINUOUS
10
6.21807031496063
20
-4.4820426377952751
11
6.2161955511811025
21
-4.4857921653543302
0
LINE
8
BLACK
6
CONTINUOUS
10
6.2161955511811025
20
-4.4857921653543302
11
6.2160394881889767
21
-4.4860400393700788
0
LINE
8
BLACK
6
CONTINUOUS
10
6.2160394881889767
20
-4.4860400393700788
11
6.2160096850393698
21
-4.486112086614173
0
LINE
8
BLACK
6
CONTINUOUS
10
6.2160096850393698
20
-4.486112086614173
11
6.2159431496062991
21
-4.4861931102362202
0
LINE
8
BLACK
6
CONTINUOUS
10
6.2159431496062991
20
-4.4861931102362202
11
6.2158872047244094
21
-4.4862820472440941
0
LINE
8
BLACK
6
CONTINUOUS
10
6.2158872047244094
20
-4.4862820472440941
11
6.2158281889763778
21
-4.4863331889763778
0
LINE
8
BLACK
6
CONTINUOUS
10
6.2158281889763778
20
-4.4863331889763778
11
6.2156424409448814
21
-4.4865595669291336
0
LINE
8
BLACK
6
CONTINUOUS
10
6.2156424409448814
20
-4.4865595669291336
11
6.2137677165354326
21
-4.4884343307086612
0
LINE
8
BLACK
6
CONTINUOUS
10
6.2137677165354326
20
-4.4884343307086612
11
6.2135413385826768
21
-4.4886200787401576
0
LINE
8
BLACK
6
CONTINUOUS
10
6.2135413385826768
20
-4.4886200787401576
11
6.2134901574803152
21
-4.4886791338582679
0
LINE
8
BLACK
6
CONTINUOUS
10
6.2134901574803152
20
-4.4886791338582679
11
6.2134011811023617
21
-4.4887351181102364
0
LINE
8
BLACK
6
CONTINUOUS
10
6.2134011811023617
20
-4.4887351181102364
11
6.213320236220472
21
-4.4888015748031496
0
LINE
8
BLACK
6
CONTINUOUS
10
6.213320236220472
20
-4.4888015748031496
11
6.2132482677165353
21
-4.4888313779527556
0
LINE
8
BLACK
6
CONTINUOUS
10
6.2132482677165353
20
-4.4888313779527556
11
6.2130002755905513
21
-4.4889874803149601
0
LINE
8
BLACK
6
CONTINUOUS
10
6.2130002755905513
20
-4.4889874803149601
11
6.2092507480314962
21
-4.4908622440944876
0
LINE
8
BLACK
6
CONTINUOUS
10
6.2092507480314962
20
-4.4908622440944876
11
6.2087101181102362
21
-4.491069133858268
0
LINE
8
BLACK
6
CONTINUOUS
10
6.2087101181102362
20
-4.491069133858268
11
6.2086042913385828
21
-4.4910766141732283
0
LINE
8
BLACK
6
CONTINUOUS
10
6.2086042913385828
20
-4.4910766141732283
11
6.2085062992125986
21
-4.4911172440944878
0
LINE
8
BLACK
6
CONTINUOUS
10
6.2085062992125986
20
-4.4911172440944878
11
6.2079302362204727
21
-4.4911739763779526
0
LINE
8
BLACK
6
CONTINUOUS
10
6.2079302362204727
20
-4.4911739763779526
11
6.2041807086614176
21
-4.4911739763779526
0
LINE
8
BLACK
6
CONTINUOUS
10
6.2041807086614176
20
-4.4911739763779526
11
6.2036046456692908
21
-4.4911172440944878
0
LINE
8
BLACK
6
CONTINUOUS
10
6.2036046456692908
20
-4.4911172440944878
11
6.2035066535433065
21
-4.4910766535433071
0
LINE
8
BLACK
6
CONTINUOUS
10
6.2035066535433065
20
-4.4910766535433071
11
6.2034007874015744
21
-4.491069133858268
0
LINE
8
BLACK
6
CONTINUOUS
10
6.2034007874015744
20
-4.491069133858268
11
6.2028601968503931
21
-4.4908622440944876
0
LINE
8
BLACK
6
CONTINUOUS
10
6.2028601968503931
20
-4.4908622440944876
11
6.199110669291338
21
-4.4889874803149601
0
LINE
8
BLACK
6
CONTINUOUS
10
6.199110669291338
20
-4.4889874803149601
11
6.1988626377952754
21
-4.4888313779527556
0
LINE
8
BLACK
6
CONTINUOUS
10
6.1988626377952754
20
-4.4888313779527556
11
6.1987907086614173
21
-4.4888015748031496
0
LINE
8
BLACK
6
CONTINUOUS
10
6.1987907086614173
20
-4.4888015748031496
11
6.1987097244094489
21
-4.4887351181102364
0
LINE
8
BLACK
6
CONTINUOUS
10
6.1987097244094489
20
-4.4887351181102364
11
6.1986207874015751
21
-4.4886791338582679
0
LINE
8
BLACK
6
CONTINUOUS
10
6.1986207874015751
20
-4.4886791338582679
11
6.1985695669291339
21
-4.4886200787401576
0
LINE
8
BLACK
6
CONTINUOUS
10
6.1985695669291339
20
-4.4886200787401576
11
6.1983432283464568
21
-4.4884343307086612
0
LINE
8
BLACK
6
CONTINUOUS
10
6.1983432283464568
20
-4.4884343307086612
11
6.1964684645669292
21
-4.4865595275590548
0
LINE
8
BLACK
6
CONTINUOUS
10
6.1964684645669292
20
-4.4865595275590548
11
6.1962827165354328
21
-4.4863331889763778
0
LINE
8
BLACK
6
CONTINUOUS
10
6.1962827165354328
20
-4.4863331889763778
11
6.19622374015748
21
-4.4862820472440941
0
LINE
8
BLACK
6
CONTINUOUS
10
6.19622374015748
20
-4.4862820472440941
11
6.1961677559055115
21
-4.4861931102362202
0
LINE
8
BLACK
6
CONTINUOUS
10
6.1961677559055115
20
-4.4861931102362202
11
6.1961012598425196
21
-4.486112086614173
0
LINE
8
BLACK
6
CONTINUOUS
10
6.1961012598425196
20
-4.486112086614173
11
6.1960714173228348
21
-4.4860400393700788
0
LINE
8
BLACK
6
CONTINUOUS
10
6.1960714173228348
20
-4.4860400393700788
11
6.1959153937007869
21
-4.4857921653543302
0
LINE
8
BLACK
6
CONTINUOUS
10
6.1959153937007869
20
-4.4857921653543302
11
6.1940406299212594
21
-4.4820426377952751
0
LINE
8
BLACK
6
CONTINUOUS
10
6.1940406299212594
20
-4.4820426377952751
11
6.1940244881889761
21
-4.4820005118110231
0
LINE
8
BLACK
6
CONTINUOUS
10
6.1940244881889761
20
-4.4820005118110231
11
6.1940118110236222
21
-4.4819833858267719
0
LINE
8
BLACK
6
CONTINUOUS
10
6.1940118110236222
20
-4.4819833858267719
11
6.1939253543307089
21
-4.4817414173228345
0
LINE
8
BLACK
6
CONTINUOUS
10
6.1939253543307089
20
-4.4817414173228345
11
6.1938337401574799
21
-4.481502007874016
0
LINE
8
BLACK
6
CONTINUOUS
10
6.1938337401574799
20
-4.481502007874016
11
6.1938322047244094
21
-4.4814807480314958
0
LINE
8
BLACK
6
CONTINUOUS
10
6.1938322047244094
20
-4.4814807480314958
11
6.1938170472440941
21
-4.481438267716535
0
LINE
8
BLACK
6
CONTINUOUS
10
6.1938170472440941
20
-4.481438267716535
11
6.1919422834645665
21
-4.4739392125984248
0
LINE
8
BLACK
6
CONTINUOUS
10
6.1919422834645665
20
-4.4739392125984248
11
6.1919274803149609
21
-4.4738393307086612
0
LINE
8
BLACK
6
CONTINUOUS
10
6.1919274803149609
20
-4.4738393307086612
11
6.1919108661417326
21
-4.4737991338582672
0
LINE
8
BLACK
6
CONTINUOUS
10
6.1919108661417326
20
-4.4737991338582672
11
6.1918894881889761
21
-4.4735820866141731
0
LINE
8
BLACK
6
CONTINUOUS
10
6.1918894881889761
20
-4.4735820866141731
11
6.1918576377952759
21
-4.4733666141732282
0
LINE
8
BLACK
6
CONTINUOUS
10
6.1918576377952759
20
-4.4733666141732282
11
6.1918640157480311
21
-4.4733235826771649
0
LINE
8
BLACK
6
CONTINUOUS
10
6.1918640157480311
20
-4.4733235826771649
11
6.1918541338582678
21
-4.4732230708661413
0
LINE
8
BLACK
6
CONTINUOUS
10
6.1918541338582678
20
-4.4732230708661413
11
6.1918541338582678
21
-4.4638492519685036
0
LINE
8
BLACK
6
CONTINUOUS
10
6.1918541338582678
20
-4.4638492519685036
11
6.1918640157480311
21
-4.4637487007874013
0
LINE
8
BLACK
6
CONTINUOUS
10
6.1918640157480311
20
-4.4637487007874013
11
6.1918576377952759
21
-4.4637057086614176
0
LINE
8
BLACK
6
CONTINUOUS
10
6.1918576377952759
20
-4.4637057086614176
11
6.1918894881889761
21
-4.4634901968503939
0
LINE
8
BLACK
6
CONTINUOUS
10
6.1918894881889761
20
-4.4634901968503939
11
6.1919108661417326
21
-4.4632731889763777
0
LINE
8
BLACK
6
CONTINUOUS
10
6.1919108661417326
20
-4.4632731889763777
11
6.1919274803149609
21
-4.4632329527559058
0
LINE
8
BLACK
6
CONTINUOUS
10
6.1919274803149609
20
-4.4632329527559058
11
6.1919422834645665
21
-4.4631331102362202
0
LINE
8
BLACK
6
CONTINUOUS
10
6.1919422834645665
20
-4.4631331102362202
11
6.1938170472440941
21
-4.4556340551181099
0
LINE
8
BLACK
6
CONTINUOUS
10
6.1938170472440941
20
-4.4556340551181099
11
6.1938322047244094
21
-4.4555915354330704
0
LINE
8
BLACK
6
CONTINUOUS
10
6.1938322047244094
20
-4.4555915354330704
11
6.1938337401574799
21
-4.4555703149606298
0
LINE
8
BLACK
6
CONTINUOUS
10
6.1938337401574799
20
-4.4555703149606298
11
6.1939253543307089
21
-4.4553308661417326
0
LINE
8
BLACK
6
CONTINUOUS
10
6.1939253543307089
20
-4.4553308661417326
11
6.1940118110236222
21
-4.4550889370078739
0
LINE
8
BLACK
6
CONTINUOUS
10
6.1940118110236222
20
-4.4550889370078739
11
6.1940244881889761
21
-4.4550717716535431
0
LINE
8
BLACK
6
CONTINUOUS
10
6.1940244881889761
20
-4.4550717716535431
11
6.1940406299212594
21
-4.4550296850393698
0
LINE
8
BLACK
6
CONTINUOUS
10
6.1940406299212594
20
-4.4550296850393698
11
6.1959153937007869
21
-4.4512801574803147
0
LINE
8
BLACK
6
CONTINUOUS
10
6.1959153937007869
20
-4.4512801574803147
11
6.1960714566929136
21
-4.451032125984252
0
LINE
8
BLACK
6
CONTINUOUS
10
6.1960714566929136
20
-4.451032125984252
11
6.1961012992125983
21
-4.450960196850394
0
LINE
8
BLACK
6
CONTINUOUS
10
6.1961012992125983
20
-4.450960196850394
11
6.1961677559055115
21
-4.4508792125984247
0
LINE
8
BLACK
6
CONTINUOUS
10
6.1961677559055115
20
-4.4508792125984247
11
6.19622374015748
21
-4.4507902755905508
0
LINE
8
BLACK
6
CONTINUOUS
10
6.19622374015748
20
-4.4507902755905508
11
6.1962827165354328
21
-4.4507390944881893
0
LINE
8
BLACK
6
CONTINUOUS
10
6.1962827165354328
20
-4.4507390944881893
11
6.196468503937008
21
-4.4505127559055113
0
LINE
8
BLACK
6
CONTINUOUS
10
6.196468503937008
20
-4.4505127559055113
11
6.1983432677165355
21
-4.4486379921259838
0
LINE
8
BLACK
6
CONTINUOUS
10
6.1983432677165355
20
-4.4486379921259838
11
6.1985696062992126
21
-4.4484522047244095
0
LINE
8
BLACK
6
CONTINUOUS
10
6.1985696062992126
20
-4.4484522047244095
11
6.1986207874015751
21
-4.4483932283464567
0
LINE
8
BLACK
6
CONTINUOUS
10
6.1986207874015751
20
-4.4483932283464567
11
6.1987097244094489
21
-4.4483372440944882
0
LINE
8
BLACK
6
CONTINUOUS
10
6.1987097244094489
20
-4.4483372440944882
11
6.1987907086614173
21
-4.448270787401575
0
LINE
8
BLACK
6
CONTINUOUS
10
6.1987907086614173
20
-4.448270787401575
11
6.1988626377952754
21
-4.4482409448818894
0
LINE
8
BLACK
6
CONTINUOUS
10
6.1988626377952754
20
-4.4482409448818894
11
6.199110669291338
21
-4.4480848818897636
0
LINE
8
BLACK
6
CONTINUOUS
10
6.199110669291338
20
-4.4480848818897636
11
6.2028601968503931
21
-4.446210118110236
0
LINE
8
BLACK
6
CONTINUOUS
10
6.2028601968503931
20
-4.446210118110236
11
6.2034007874015744
21
-4.4460032283464566
0
LINE
8
BLACK
6
CONTINUOUS
10
6.2034007874015744
20
-4.4460032283464566
11
6.2035066535433065
21
-4.4459956692913387
0
LINE
8
BLACK
6
CONTINUOUS
10
6.2035066535433065
20
-4.4459956692913387
11
6.2036046456692908
21
-4.4459551181102359
0
LINE
8
BLACK
6
CONTINUOUS
10
6.2036046456692908
20
-4.4459551181102359
11
6.2041807086614176
21
-4.445898385826772
0
LINE
8
BLACK
6
CONTINUOUS
10
6.2041807086614176
20
-4.445898385826772
11
6.2079302362204727
21
-4.445898385826772
0
LINE
8
BLACK
6
CONTINUOUS
10
6.2079302362204727
20
-4.445898385826772
11
6.2085062992125986
21
-4.4459551181102359
0
LINE
8
BLACK
6
CONTINUOUS
10
6.2021802755905506
20
-4.4531526377952755
11
6.2009831496062988
21
-4.4543497637795273
0
LINE
8
BLACK
6
CONTINUOUS
10
6.2009831496062988
20
-4.4543497637795273
11
6.1994676377952755
21
-4.457380748031496
0
LINE
8
BLACK
6
CONTINUOUS
10
6.1994676377952755
20
-4.457380748031496
11
6.1977596456692909
21
-4.4642127952755901
0
LINE
8
BLACK
6
CONTINUOUS
10
6.1977596456692909
20
-4.4642127952755901
11
6.1977596456692909
21
-4.4728595275590548
0
LINE
8
BLACK
6
CONTINUOUS
10
6.1977596456692909
20
-4.4728595275590548
11
6.1994676377952755
21
-4.4796915748031498
0
LINE
8
BLACK
6
CONTINUOUS
10
6.1994676377952755
20
-4.4796915748031498
11
6.2009831496062988
21
-4.4827225590551176
0
LINE
8
BLACK
6
CONTINUOUS
10
6.2009831496062988
20
-4.4827225590551176
11
6.2021802755905506
21
-4.4839197244094491
0
LINE
8
BLACK
6
CONTINUOUS
10
6.2021802755905506
20
-4.4839197244094491
11
6.2048777559055113
21
-4.4852684645669294
0
LINE
8
BLACK
6
CONTINUOUS
10
6.2048777559055113
20
-4.4852684645669294
11
6.2072331889763781
21
-4.4852684645669294
0
LINE
8
BLACK
6
CONTINUOUS
10
6.2072331889763781
20
-4.4852684645669294
11
6.20993062992126
21
-4.4839197244094491
0
LINE
8
BLACK
6
CONTINUOUS
10
6.20993062992126
20
-4.4839197244094491
11
6.2111277559055118
21
-4.4827225590551176
0
LINE
8
BLACK
6
CONTINUOUS
10
6.2111277559055118
20
-4.4827225590551176
11
6.2126432677165351
21
-4.4796915748031498
0
LINE
8
BLACK
6
CONTINUOUS
10
6.2126432677165351
20
-4.4796915748031498
11
6.2143512992125984
21
-4.4728595275590548
0
LINE
8
BLACK
6
CONTINUOUS
10
6.2143512992125984
20
-4.4728595275590548
11
6.2143512992125984
21
-4.4642127952755901
0
LINE
8
BLACK
6
CONTINUOUS
10
6.2143512992125984
20
-4.4642127952755901
11
6.2126432677165351
21
-4.457380748031496
0
LINE
8
BLACK
6
CONTINUOUS
10
6.2126432677165351
20
-4.457380748031496
11
6.2111277952755906
21
-4.4543497637795273
0
LINE
8
BLACK
6
CONTINUOUS
10
6.2111277952755906
20
-4.4543497637795273
11
6.2099306692913387
21
-4.4531526377952755
0
LINE
8
BLACK
6
CONTINUOUS
10
6.2099306692913387
20
-4.4531526377952755
11
6.2072331889763781
21
-4.4518038976377952
0
LINE
8
BLACK
6
CONTINUOUS
10
6.2072331889763781
20
-4.4518038976377952
11
6.2048777559055113
21
-4.4518038976377952
0
LINE
8
BLACK
6
CONTINUOUS
10
6.2048777559055113
20
-4.4518038976377952
11
6.2021802755905506
21
-4.4531526377952755
0
LINE
8
BLACK
6
CONTINUOUS
10
6.2438375590551178
20
-4.4459551181102359
11
6.2441268503937009
21
-4.4459551181102359
0
LINE
8
BLACK
6
CONTINUOUS
10
6.2441268503937009
20
-4.4459551181102359
11
6.2443969291338579
21
-4.4460669685039367
0
LINE
8
BLACK
6
CONTINUOUS
10
6.2443969291338579
20
-4.4460669685039367
11
6.2446835826771654
21
-4.4461243307086615
0
LINE
8
BLACK
6
CONTINUOUS
10
6.2446835826771654
20
-4.4461243307086615
11
6.244923937007874
21
-4.4462852755905509
0
LINE
8
BLACK
6
CONTINUOUS
10
6.244923937007874
20
-4.4462852755905509
11
6.2451912598425192
21
-4.4463960236220474
0
LINE
8
BLACK
6
CONTINUOUS
10
6.2451912598425192
20
-4.4463960236220474
11
6.2453979527559058
21
-4.4466027165354332
0
LINE
8
BLACK
6
CONTINUOUS
10
6.2453979527559058
20
-4.4466027165354332
11
6.2456408661417324
21
-4.4467653937007876
0
LINE
8
BLACK
6
CONTINUOUS
10
6.2456408661417324
20
-4.4467653937007876
11
6.2460038582677164
21
-4.4472086220472438
0
LINE
8
BLACK
6
CONTINUOUS
10
6.2460038582677164
20
-4.4472086220472438
11
6.2460059055118107
21
-4.4472106692913389
0
LINE
8
BLACK
6
CONTINUOUS
10
6.2460059055118107
20
-4.4472106692913389
11
6.2460062598425194
21
-4.4472115354330706
0
LINE
8
BLACK
6
CONTINUOUS
10
6.2460062598425194
20
-4.4472115354330706
11
6.2460076377952758
21
-4.4472132283464569
0
LINE
8
BLACK
6
CONTINUOUS
10
6.2460076377952758
20
-4.4472132283464569
11
6.2495949606299215
21
-4.4525942519685042
0
LINE
8
BLACK
6
CONTINUOUS
10
6.2495949606299215
20
-4.4525942519685042
11
6.2527989370078743
21
-4.455798228346457
0
LINE
8
BLACK
6
CONTINUOUS
10
6.2527989370078743
20
-4.455798228346457
11
6.2561198818897639
21
-4.4574587007874014
0
LINE
8
BLACK
6
CONTINUOUS
10
6.2561198818897639
20
-4.4574587007874014
11
6.2566097637795277
21
-4.4577670472440944
0
LINE
8
BLACK
6
CONTINUOUS
10
6.2566097637795277
20
-4.4577670472440944
11
6.2573646062992125
21
-4.4586374409448819
0
LINE
8
BLACK
6
CONTINUOUS
10
6.2573646062992125
20
-4.4586374409448819
11
6.2577289370078741
21
-4.4597303937007871
0
LINE
8
BLACK
6
CONTINUOUS
10
6.2577289370078741
20
-4.4597303937007871
11
6.2576472834645669
21
-4.4608796062992129
0
LINE
8
BLACK
6
CONTINUOUS
10
6.2576472834645669
20
-4.4608796062992129
11
6.2571320078740156
21
-4.4619101181102359
0
LINE
8
BLACK
6
CONTINUOUS
10
6.2571320078740156
20
-4.4619101181102359
11
6.2562616535433069
21
-4.4626649606299216
0
LINE
8
BLACK
6
CONTINUOUS
10
6.2562616535433069
20
-4.4626649606299216
11
6.255168661417323
21
-4.4630292913385823
0
LINE
8
BLACK
6
CONTINUOUS
10
6.255168661417323
20
-4.4630292913385823
11
6.2540194488188972
21
-4.4629476377952759
0
LINE
8
BLACK
6
CONTINUOUS
10
6.2540194488188972
20
-4.4629476377952759
11
6.2534788582677168
21
-4.4627407480314956
0
LINE
8
BLACK
6
CONTINUOUS
10
6.2534788582677168
20
-4.4627407480314956
11
6.2497293307086617
21
-4.460865984251968
0
LINE
8
BLACK
6
CONTINUOUS
10
6.2497293307086617
20
-4.460865984251968
11
6.2494814960629919
21
-4.460709960629921
0
LINE
8
BLACK
6
CONTINUOUS
10
6.2494814960629919
20
-4.460709960629921
11
6.2494093700787401
21
-4.4606801181102362
0
LINE
8
BLACK
6
CONTINUOUS
10
6.2494093700787401
20
-4.4606801181102362
11
6.2493281889763779
21
-4.4606135039370081
0
LINE
8
BLACK
6
CONTINUOUS
10
6.2493281889763779
20
-4.4606135039370081
11
6.2492394488188978
21
-4.4605576377952758
0
LINE
8
BLACK
6
CONTINUOUS
10
6.2492394488188978
20
-4.4605576377952758
11
6.2491883070866141
21
-4.4604987007874017
0
LINE
8
BLACK
6
CONTINUOUS
10
6.2491883070866141
20
-4.4604987007874017
11
6.2489619291338583
21
-4.4603128740157478
0
LINE
8
BLACK
6
CONTINUOUS
10
6.2489619291338583
20
-4.4603128740157478
11
6.2465035433070861
21
-4.4578544881889766
0
LINE
8
BLACK
6
CONTINUOUS
10
6.2465035433070861
20
-4.4578544881889766
11
6.2465035433070861
21
-4.4852684645669294
0
LINE
8
BLACK
6
CONTINUOUS
10
6.2465035433070861
20
-4.4852684645669294
11
6.2547993700787403
21
-4.4852684645669294
0
LINE
8
BLACK
6
CONTINUOUS
10
6.2547993700787403
20
-4.4852684645669294
11
6.2553754330708662
21
-4.4853251968503933
0
LINE
8
BLACK
6
CONTINUOUS
10
6.2553754330708662
20
-4.4853251968503933
11
6.2564398425196845
21
-4.4857661023622049
0
LINE
8
BLACK
6
CONTINUOUS
10
6.2564398425196845
20
-4.4857661023622049
11
6.257254488188976
21
-4.4865807480314963
0
LINE
8
BLACK
6
CONTINUOUS
10
6.257254488188976
20
-4.4865807480314963
11
6.2576953937007875
21
-4.4876451574803147
0
LINE
8
BLACK
6
CONTINUOUS
10
6.2576953937007875
20
-4.4876451574803147
11
6.2576953937007875
21
-4.4887972834645664
0
LINE
8
BLACK
6
CONTINUOUS
10
6.2576953937007875
20
-4.4887972834645664
11
6.257254488188976
21
-4.4898616929133857
0
LINE
8
BLACK
6
CONTINUOUS
10
6.257254488188976
20
-4.4898616929133857
11
6.2564398425196845
21
-4.4906763385826771
0
LINE
8
BLACK
6
CONTINUOUS
10
6.2564398425196845
20
-4.4906763385826771
11
6.2553754330708662
21
-4.4911172440944878
0
LINE
8
BLACK
6
CONTINUOUS
10
6.2553754330708662
20
-4.4911172440944878
11
6.2547993700787403
21
-4.4911739763779526
0
LINE
8
BLACK
6
CONTINUOUS
10
6.2547993700787403
20
-4.4911739763779526
11
6.2323022047244097
21
-4.4911739763779526
0
LINE
8
BLACK
6
CONTINUOUS
10
6.2323022047244097
20
-4.4911739763779526
11
6.2317261417322829
21
-4.4911172440944878
0
LINE
8
BLACK
6
CONTINUOUS
10
6.2317261417322829
20
-4.4911172440944878
11
6.2306617322834645
21
-4.4906763385826771
0
LINE
8
BLACK
6
CONTINUOUS
10
6.2306617322834645
20
-4.4906763385826771
11
6.2298470866141731
21
-4.4898616929133857
0
LINE
8
BLACK
6
CONTINUOUS
10
6.2298470866141731
20
-4.4898616929133857
11
6.2294061811023624
21
-4.4887972834645664
0
LINE
8
BLACK
6
CONTINUOUS
10
6.2294061811023624
20
-4.4887972834645664
11
6.2294061811023624
21
-4.4876451574803147
0
LINE
8
BLACK
6
CONTINUOUS
10
6.2294061811023624
20
-4.4876451574803147
11
6.2298470866141731
21
-4.4865807480314963
0
LINE
8
BLACK
6
CONTINUOUS
10
6.2298470866141731
20
-4.4865807480314963
11
6.2306617322834645
21
-4.4857661023622049
0
LINE
8
BLACK
6
CONTINUOUS
10
6.2306617322834645
20
-4.4857661023622049
11
6.2317261417322829
21
-4.4853251968503933
0
LINE
8
BLACK
6
CONTINUOUS
10
6.2317261417322829
20
-4.4853251968503933
11
6.2323022047244097
21
-4.4852684645669294
0
LINE
8
BLACK
6
CONTINUOUS
10
6.2323022047244097
20
-4.4852684645669294
11
6.240598031496063
21
-4.4852684645669294
0
LINE
8
BLACK
6
CONTINUOUS
10
6.240598031496063
20
-4.4852684645669294
11
6.240598031496063
21
-4.4488511417322831
0
LINE
8
BLACK
6
CONTINUOUS
10
6.240598031496063
20
-4.4488511417322831
11
6.2405982283464567
21
-4.4488490551181101
0
LINE
8
BLACK
6
CONTINUOUS
10
6.2405982283464567
20
-4.4488490551181101
11
6.240598031496063
21
-4.4488480314960626
0
LINE
8
BLACK
6
CONTINUOUS
10
6.240598031496063
20
-4.4488480314960626
11
6.2405986220472442
21
-4.4488449999999995
0
LINE
8
BLACK
6
CONTINUOUS
10
6.2405986220472442
20
-4.4488449999999995
11
6.2406547637795278
21
-4.4482750787401573
0
LINE
8
BLACK
6
CONTINUOUS
10
6.2406547637795278
20
-4.4482750787401573
11
6.2407666141732285
21
-4.4480049606299215
0
LINE
8
BLACK
6
CONTINUOUS
10
6.2407666141732285
20
-4.4480049606299215
11
6.2408239763779525
21
-4.4477183464566927
0
LINE
8
BLACK
6
CONTINUOUS
10
6.2408239763779525
20
-4.4477183464566927
11
6.2409849212598427
21
-4.4474779527559054
0
LINE
8
BLACK
6
CONTINUOUS
10
6.2409849212598427
20
-4.4474779527559054
11
6.2410956692913384
21
-4.4472106692913389
0
LINE
8
BLACK
6
CONTINUOUS
10
6.2410956692913384
20
-4.4472106692913389
11
6.2413023622047241
21
-4.4470039370078736
0
LINE
8
BLACK
6
CONTINUOUS
10
6.2413023622047241
20
-4.4470039370078736
11
6.2414650393700786
21
-4.4467610629921257
0
LINE
8
BLACK
6
CONTINUOUS
10
6.2414650393700786
20
-4.4467610629921257
11
6.2417057480314959
21
-4.4466005511811026
0
LINE
8
BLACK
6
CONTINUOUS
10
6.2417057480314959
20
-4.4466005511811026
11
6.2419103149606299
21
-4.4463960236220474
0
LINE
8
BLACK
6
CONTINUOUS
10
6.2419103149606299
20
-4.4463960236220474
11
6.2421803937007869
21
-4.4462841338582679
0
LINE
8
BLACK
6
CONTINUOUS
10
6.2421803937007869
20
-4.4462841338582679
11
6.2424236614173223
21
-4.4461219685039373
0
LINE
8
BLACK
6
CONTINUOUS
10
6.2424236614173223
20
-4.4461219685039373
11
6.2427074409448817
21
-4.4460658267716537
0
LINE
8
BLACK
6
CONTINUOUS
10
6.2427074409448817
20
-4.4460658267716537
11
6.2429747244094491
21
-4.4459551181102359
0
LINE
8
BLACK
6
CONTINUOUS
10
6.2429747244094491
20
-4.4459551181102359
11
6.2432671259842518
21
-4.4459551181102359
0
LINE
8
BLACK
6
CONTINUOUS
10
6.2432671259842518
20
-4.4459551181102359
11
6.2435538976377956
21
-4.445898385826772
0
LINE
8
BLACK
6
CONTINUOUS
10
6.2435538976377956
20
-4.445898385826772
11
6.2438375590551178
21
-4.4459551181102359
0
LINE
8
BLACK
6
CONTINUOUS
10
6.2813376377952759
20
-4.4459270866141729
11
6.2814153937007875
21
-4.4459215748031493
0
LINE
8
BLACK
6
CONTINUOUS
10
6.2814153937007875
20
-4.4459215748031493
11
6.2815176377952753
21
-4.4459448031496063
0
LINE
8
BLACK
6
CONTINUOUS
10
6.2815176377952753
20
-4.4459448031496063
11
6.2816221653543307
21
-4.4459551181102359
0
LINE
8
BLACK
6
CONTINUOUS
10
6.2816221653543307
20
-4.4459551181102359
11
6.2816942519685037
21
-4.4459849606299215
0
LINE
8
BLACK
6
CONTINUOUS
10
6.2816942519685037
20
-4.4459849606299215
11
6.2819798425196849
21
-4.4460499212598421
0
LINE
8
BLACK
6
CONTINUOUS
10
6.2819798425196849
20
-4.4460499212598421
11
6.2876041338582676
21
-4.4479246850393697
0
LINE
8
BLACK
6
CONTINUOUS
10
6.2876041338582676
20
-4.4479246850393697
11
6.2881326771653541
21
-4.4481606692913385
0
LINE
8
BLACK
6
CONTINUOUS
10
6.2881326771653541
20
-4.4481606692913385
11
6.2882127952755908
21
-4.4482301574803147
0
LINE
8
BLACK
6
CONTINUOUS
10
6.2882127952755908
20
-4.4482301574803147
11
6.2883108661417317
21
-4.448270787401575
0
LINE
8
BLACK
6
CONTINUOUS
10
6.2883108661417317
20
-4.448270787401575
11
6.2887583070866144
21
-4.4486379921259838
0
LINE
8
BLACK
6
CONTINUOUS
10
6.2887583070866144
20
-4.4486379921259838
11
6.2925078346456695
21
-4.4523875196850389
0
LINE
8
BLACK
6
CONTINUOUS
10
6.2925078346456695
20
-4.4523875196850389
11
6.2926936614173226
21
-4.4526138976377956
0
LINE
8
BLACK
6
CONTINUOUS
10
6.2926936614173226
20
-4.4526138976377956
11
6.2927525984251966
21
-4.4526650393700784
0
LINE
8
BLACK
6
CONTINUOUS
10
6.2927525984251966
20
-4.4526650393700784
11
6.2928084645669289
21
-4.4527537795275594
0
LINE
8
BLACK
6
CONTINUOUS
10
6.2928084645669289
20
-4.4527537795275594
11
6.2928750787401571
21
-4.4528349606299216
0
LINE
8
BLACK
6
CONTINUOUS
10
6.2928750787401571
20
-4.4528349606299216
11
6.2929049212598427
21
-4.4529070866141733
0
LINE
8
BLACK
6
CONTINUOUS
10
6.2929049212598427
20
-4.4529070866141733
11
6.2930609448818897
21
-4.4531549212598422
0
LINE
8
BLACK
6
CONTINUOUS
10
6.2930609448818897
20
-4.4531549212598422
11
6.2949357086614173
21
-4.4569044488188974
0
LINE
8
BLACK
6
CONTINUOUS
10
6.2949357086614173
20
-4.4569044488188974
11
6.2949518110236218
21
-4.4569465354330706
0
LINE
8
BLACK
6
CONTINUOUS
10
6.2949518110236218
20
-4.4569465354330706
11
6.2949645275590553
21
-4.4569637007874015
0
LINE
8
BLACK
6
CONTINUOUS
10
6.2949645275590553
20
-4.4569637007874015
11
6.2950505905511811
21
-4.4572046062992126
0
LINE
8
BLACK
6
CONTINUOUS
10
6.2950505905511811
20
-4.4572046062992126
11
6.2951425984251967
21
-4.4574450393700786
0
LINE
8
BLACK
6
CONTINUOUS
10
6.2951425984251967
20
-4.4574450393700786
11
6.2951440944881885
21
-4.457466299212598
0
LINE
8
BLACK
6
CONTINUOUS
10
6.2951440944881885
20
-4.457466299212598
11
6.2951592913385825
21
-4.4575088188976375
0
LINE
8
BLACK
6
CONTINUOUS
10
6.2951592913385825
20
-4.4575088188976375
11
6.2970340551181101
21
-4.4650078740157477
0
LINE
8
BLACK
6
CONTINUOUS
10
6.2970340551181101
20
-4.4650078740157477
11
6.2970488188976379
21
-4.4651077165354334
0
LINE
8
BLACK
6
CONTINUOUS
10
6.2970488188976379
20
-4.4651077165354334
11
6.2970654724409449
21
-4.4651479527559053
0
LINE
8
BLACK
6
CONTINUOUS
10
6.2970654724409449
20
-4.4651479527559053
11
6.2970868110236218
21
-4.4653649606299215
0
LINE
8
BLACK
6
CONTINUOUS
10
6.2970868110236218
20
-4.4653649606299215
11
6.2971187007874017
21
-4.4655804724409451
0
LINE
8
BLACK
6
CONTINUOUS
10
6.2971187007874017
20
-4.4655804724409451
11
6.2971122834645668
21
-4.4656234645669288
0
LINE
8
BLACK
6
CONTINUOUS
10
6.2971122834645668
20
-4.4656234645669288
11
6.2971222047244089
21
-4.4657240157480311
0
LINE
8
BLACK
6
CONTINUOUS
10
6.2971222047244089
20
-4.4657240157480311
11
6.2971222047244089
21
-4.4713483070866138
0
LINE
8
BLACK
6
CONTINUOUS
10
6.2971222047244089
20
-4.4713483070866138
11
6.2971122834645668
21
-4.4714488188976373
0
LINE
8
BLACK
6
CONTINUOUS
10
6.2971122834645668
20
-4.4714488188976373
11
6.2971187007874017
21
-4.4714918503937007
0
LINE
8
BLACK
6
CONTINUOUS
10
6.2971187007874017
20
-4.4714918503937007
11
6.2970868110236218
21
-4.4717073228346456
0
LINE
8
BLACK
6
CONTINUOUS
10
6.2970868110236218
20
-4.4717073228346456
11
6.2970654724409449
21
-4.4719243700787397
0
LINE
8
BLACK
6
CONTINUOUS
10
6.2970654724409449
20
-4.4719243700787397
11
6.2970488188976379
21
-4.4719645669291337
0
LINE
8
BLACK
6
CONTINUOUS
10
6.2970488188976379
20
-4.4719645669291337
11
6.2970340551181101
21
-4.4720644488188972
0
LINE
8
BLACK
6
CONTINUOUS
10
6.2970340551181101
20
-4.4720644488188972
11
6.2951592913385825
21
-4.4795635039370074
0
LINE
8
BLACK
6
CONTINUOUS
10
6.2951592913385825
20
-4.4795635039370074
11
6.2951440944881885
21
-4.4796059842519682
0
LINE
8
BLACK
6
CONTINUOUS
10
6.2951440944881885
20
-4.4796059842519682
11
6.2951425984251967
21
-4.4796272834645672
0
LINE
8
BLACK
6
CONTINUOUS
10
6.2951425984251967
20
-4.4796272834645672
11
6.2950508267716536
21
-4.4798670078740157
0
LINE
8
BLACK
6
CONTINUOUS
10
6.2950508267716536
20
-4.4798670078740157
11
6.2949645275590553
21
-4.4801086220472444
0
LINE
8
BLACK
6
CONTINUOUS
10
6.2949645275590553
20
-4.4801086220472444
11
6.2949518110236218
21
-4.4801257480314955
0
LINE
8
BLACK
6
CONTINUOUS
10
6.2949518110236218
20
-4.4801257480314955
11
6.2949357086614173
21
-4.4801678740157476
0
LINE
8
BLACK
6
CONTINUOUS
10
6.2949357086614173
20
-4.4801678740157476
11
6.2930609448818897
21
-4.4839174015748027
0
LINE
8
BLACK
6
CONTINUOUS
10
6.2930609448818897
20
-4.4839174015748027
11
6.2929048818897639
21
-4.4841652755905512
0
LINE
8
BLACK
6
CONTINUOUS
10
6.2929048818897639
20
-4.4841652755905512
11
6.2928750787401571
21
-4.4842373228346455
0
LINE
8
BLACK
6
CONTINUOUS
10
6.2928750787401571
20
-4.4842373228346455
11
6.2928085433070864
21
-4.4843183464566927
0
LINE
8
BLACK
6
CONTINUOUS
10
6.2928085433070864
20
-4.4843183464566927
11
6.2927525984251966
21
-4.4844072834645665
0
LINE
8
BLACK
6
CONTINUOUS
10
6.2927525984251966
20
-4.4844072834645665
11
6.2926935826771651
21
-4.4844584251968502
0
LINE
8
BLACK
6
CONTINUOUS
10
6.2926935826771651
20
-4.4844584251968502
11
6.2925078740157483
21
-4.4846847637795273
0
LINE
8
BLACK
6
CONTINUOUS
10
6.2925078740157483
20
-4.4846847637795273
11
6.2887583070866144
21
-4.4884343700787399
0
LINE
8
BLACK
6
CONTINUOUS
10
6.2887583070866144
20
-4.4884343700787399
11
6.2883108661417317
21
-4.4888015748031496
0
LINE
8
BLACK
6
CONTINUOUS
10
6.2883108661417317
20
-4.4888015748031496
11
6.2882127952755908
21
-4.4888421653543302
0
LINE
8
BLACK
6
CONTINUOUS
10
6.2882127952755908
20
-4.4888421653543302
11
6.2881326771653541
21
-4.4889116929133861
0
LINE
8
BLACK
6
CONTINUOUS
10
6.2881326771653541
20
-4.4889116929133861
11
6.2876041338582676
21
-4.489147677165354
0
LINE
8
BLACK
6
CONTINUOUS
10
6.2876041338582676
20
-4.489147677165354
11
6.2819798425196849
21
-4.4910224409448816
0
LINE
8
BLACK
6
CONTINUOUS
10
6.2819798425196849
20
-4.4910224409448816
11
6.2816942519685037
21
-4.4910873622047243
0
LINE
8
BLACK
6
CONTINUOUS
10
6.2816942519685037
20
-4.4910873622047243
11
6.2816221653543307
21
-4.4911172440944878
0
LINE
8
BLACK
6
CONTINUOUS
10
6.2816221653543307
20
-4.4911172440944878
11
6.2815176377952753
21
-4.4911275196850395
0
LINE
8
BLACK
6
CONTINUOUS
10
6.2815176377952753
20
-4.4911275196850395
11
6.2814153937007875
21
-4.4911507874015744
0
LINE
8
BLACK
6
CONTINUOUS
10
6.2814153937007875
20
-4.4911507874015744
11
6.2813376377952759
21
-4.491145236220472
0
LINE
8
BLACK
6
CONTINUOUS
10
6.2813376377952759
20
-4.491145236220472
11
6.2810461023622048
21
-4.4911739763779526
0
LINE
8
BLACK
6
CONTINUOUS
10
6.2810461023622048
20
-4.4911739763779526
11
6.2772965748031497
21
-4.4911739763779526
0
LINE
8
BLACK
6
CONTINUOUS
10
6.2772965748031497
20
-4.4911739763779526
11
6.2770049606299212
21
-4.491145236220472
0
LINE
8
BLACK
6
CONTINUOUS
10
6.2770049606299212
20
-4.491145236220472
11
6.2769272440944883
21
-4.4911507874015744
0
LINE
8
BLACK
6
CONTINUOUS
10
6.2769272440944883
20
-4.4911507874015744
11
6.2768249606299209
21
-4.4911275196850395
0
LINE
8
BLACK
6
CONTINUOUS
10
6.2768249606299209
20
-4.4911275196850395
11
6.2767205118110239
21
-4.4911172440944878
0
LINE
8
BLACK
6
CONTINUOUS
10
6.2767205118110239
20
-4.4911172440944878
11
6.27664842519685
21
-4.4910873622047243
0
LINE
8
BLACK
6
CONTINUOUS
10
6.27664842519685
20
-4.4910873622047243
11
6.27636279527559
21
-4.4910224409448816
0
LINE
8
BLACK
6
CONTINUOUS
10
6.27636279527559
20
-4.4910224409448816
11
6.2707385433070861
21
-4.489147677165354
0
LINE
8
BLACK
6
CONTINUOUS
10
6.2707385433070861
20
-4.489147677165354
11
6.2702099606299209
21
-4.4889116929133861
0
LINE
8
BLACK
6
CONTINUOUS
10
6.2702099606299209
20
-4.4889116929133861
11
6.2701297637795275
21
-4.4888421259842515
0
LINE
8
BLACK
6
CONTINUOUS
10
6.2701297637795275
20
-4.4888421259842515
11
6.2700318110236219
21
-4.4888015748031496
0
LINE
8
BLACK
6
CONTINUOUS
10
6.2700318110236219
20
-4.4888015748031496
11
6.2695843307086614
21
-4.4884343307086612
0
LINE
8
BLACK
6
CONTINUOUS
10
6.2695843307086614
20
-4.4884343307086612
11
6.2677095669291338
21
-4.4865595275590548
0
LINE
8
BLACK
6
CONTINUOUS
10
6.2677095669291338
20
-4.4865595275590548
11
6.2673423622047242
21
-4.486112086614173
0
LINE
8
BLACK
6
CONTINUOUS
10
6.2673423622047242
20
-4.486112086614173
11
6.2669014960629923
21
-4.4850476771653538
0
LINE
8
BLACK
6
CONTINUOUS
10
6.2669014960629923
20
-4.4850476771653538
11
6.2669014960629923
21
-4.4838955905511808
0
LINE
8
BLACK
6
CONTINUOUS
10
6.2669014960629923
20
-4.4838955905511808
11
6.2673424015748029
21
-4.4828311811023625
0
LINE
8
BLACK
6
CONTINUOUS
10
6.2673424015748029
20
-4.4828311811023625
11
6.2681570866141731
21
-4.4820164960629922
0
LINE
8
BLACK
6
CONTINUOUS
10
6.2681570866141731
20
-4.4820164960629922
11
6.2692214960629924
21
-4.4815756299212595
0
LINE
8
BLACK
6
CONTINUOUS
10
6.2692214960629924
20
-4.4815756299212595
11
6.2703735826771654
21
-4.4815756299212595
0
LINE
8
BLACK
6
CONTINUOUS
10
6.2703735826771654
20
-4.4815756299212595
11
6.2714379921259837
21
-4.482016535433071
0
LINE
8
BLACK
6
CONTINUOUS
10
6.2714379921259837
20
-4.482016535433071
11
6.2718854724409443
21
-4.4823837795275585
0
LINE
8
BLACK
6
CONTINUOUS
10
6.2718854724409443
20
-4.4823837795275585
11
6.2732673228346458
21
-4.4837656692913388
0
LINE
8
BLACK
6
CONTINUOUS
10
6.2732673228346458
20
-4.4837656692913388
11
6.2777757086614168
21
-4.4852684645669294
0
LINE
8
BLACK
6
CONTINUOUS
10
6.2777757086614168
20
-4.4852684645669294
11
6.2805669685039369
21
-4.4852684645669294
0
LINE
8
BLACK
6
CONTINUOUS
10
6.2805669685039369
20
-4.4852684645669294
11
6.2850753543307087
21
-4.48376562992126
0
LINE
8
BLACK
6
CONTINUOUS
10
6.2850753543307087
20
-4.48376562992126
11
6.2879931496062991
21
-4.4808477952755901
0
LINE
8
BLACK
6
CONTINUOUS
10
6.2879931496062991
20
-4.4808477952755901
11
6.2895086614173223
21
-4.4778168110236223
0
LINE
8
BLACK
6
CONTINUOUS
10
6.2895086614173223
20
-4.4778168110236223
11
6.2912166929133857
21
-4.4709847637795272
0
LINE
8
BLACK
6
CONTINUOUS
10
6.2912166929133857
20
-4.4709847637795272
11
6.2912166929133857
21
-4.4660875590551177
0
LINE
8
BLACK
6
CONTINUOUS
10
6.2912166929133857
20
-4.4660875590551177
11
6.2895086614173223
21
-4.4592555118110235
0
LINE
8
BLACK
6
CONTINUOUS
10
6.2895086614173223
20
-4.4592555118110235
11
6.2879931889763778
21
-4.4562245275590548
0
LINE
8
BLACK
6
CONTINUOUS
10
6.2879931889763778
20
-4.4562245275590548
11
6.2850753543307087
21
-4.4533066929133858
0
LINE
8
BLACK
6
CONTINUOUS
10
6.2850753543307087
20
-4.4533066929133858
11
6.2805669685039369
21
-4.4518038976377952
0
LINE
8
BLACK
6
CONTINUOUS
10
6.2805669685039369
20
-4.4518038976377952
11
6.2777757086614168
21
-4.4518038976377952
0
LINE
8
BLACK
6
CONTINUOUS
10
6.2777757086614168
20
-4.4518038976377952
11
6.2732673228346458
21
-4.4533066929133858
0
LINE
8
BLACK
6
CONTINUOUS
10
6.2732673228346458
20
-4.4533066929133858
11
6.2718854330708664
21
-4.4546885826771652
0
LINE
8
BLACK
6
CONTINUOUS
10
6.2718854330708664
20
-4.4546885826771652
11
6.2714379921259837
21
-4.4550557874015748
0
LINE
8
BLACK
6
CONTINUOUS
10
6.2714379921259837
20
-4.4550557874015748
11
6.2703735433070866
21
-4.4554966929133855
0
LINE
8
BLACK
6
CONTINUOUS
10
6.2703735433070866
20
-4.4554966929133855
11
6.2692214960629924
21
-4.4554966929133855
0
LINE
8
BLACK
6
CONTINUOUS
10
6.2692214960629924
20
-4.4554966929133855
11
6.2681570472440944
21
-4.4550557874015748
0
LINE
8
BLACK
6
CONTINUOUS
10
6.2681570472440944
20
-4.4550557874015748
11
6.2673424015748029
21
-4.4542411417322834
0
LINE
8
BLACK
6
CONTINUOUS
10
6.2673424015748029
20
-4.4542411417322834
11
6.2669014960629923
21
-4.4531766929133854
0
LINE
8
BLACK
6
CONTINUOUS
10
6.2669014960629923
20
-4.4531766929133854
11
6.2669014960629923
21
-4.4520246456692911
0
LINE
8
BLACK
6
CONTINUOUS
10
6.2669014960629923
20
-4.4520246456692911
11
6.2673424015748029
21
-4.450960196850394
0
LINE
8
BLACK
6
CONTINUOUS
10
6.2673424015748029
20
-4.450960196850394
11
6.2677096062992126
21
-4.4505127559055113
0
LINE
8
BLACK
6
CONTINUOUS
10
6.2677096062992126
20
-4.4505127559055113
11
6.2695843700787401
21
-4.4486379921259838
0
LINE
8
BLACK
6
CONTINUOUS
10
6.2695843700787401
20
-4.4486379921259838
11
6.2700318110236219
21
-4.448270787401575
0
LINE
8
BLACK
6
CONTINUOUS
10
6.2700318110236219
20
-4.448270787401575
11
6.2701297637795275
21
-4.4482301968503934
0
LINE
8
BLACK
6
CONTINUOUS
10
6.2701297637795275
20
-4.4482301968503934
11
6.2702099606299209
21
-4.4481606692913385
0
LINE
8
BLACK
6
CONTINUOUS
10
6.2702099606299209
20
-4.4481606692913385
11
6.2707385433070861
21
-4.4479246850393697
0
LINE
8
BLACK
6
CONTINUOUS
10
6.2707385433070861
20
-4.4479246850393697
11
6.27636279527559
21
-4.4460499212598421
0
LINE
8
BLACK
6
CONTINUOUS
10
6.27636279527559
20
-4.4460499212598421
11
6.27664842519685
21
-4.4459849606299215
0
LINE
8
BLACK
6
CONTINUOUS
10
6.27664842519685
20
-4.4459849606299215
11
6.2767205118110239
21
-4.4459551181102359
0
LINE
8
BLACK
6
CONTINUOUS
10
6.2767205118110239
20
-4.4459551181102359
11
6.2768249606299209
21
-4.4459448031496063
0
LINE
8
BLACK
6
CONTINUOUS
10
6.2768249606299209
20
-4.4459448031496063
11
6.2769272440944883
21
-4.4459215748031493
0
LINE
8
BLACK
6
CONTINUOUS
10
6.2769272440944883
20
-4.4459215748031493
11
6.2770049606299212
21
-4.4459270866141729
0
LINE
8
BLACK
6
CONTINUOUS
10
6.2770049606299212
20
-4.4459270866141729
11
6.2772965748031497
21
-4.445898385826772
0
LINE
8
BLACK
6
CONTINUOUS
10
6.2772965748031497
20
-4.445898385826772
11
6.2810461023622048
21
-4.445898385826772
0
LINE
8
BLACK
6
CONTINUOUS
10
6.2810461023622048
20
-4.445898385826772
11
6.2813376377952759
21
-4.4459270866141729
0
LINE
8
BLACK
6
CONTINUOUS
10
6.7821036614173229
20
-4.4723532283464564
11
6.7822834645669285
21
-4.4732572047244092
0
LINE
8
BLACK
6
CONTINUOUS
10
6.7822834645669285
20
-4.4732572047244092
11
6.7822834645669285
21
-4.4867427952755907
0
LINE
8
BLACK
6
CONTINUOUS
10
6.7822834645669285
20
-4.4867427952755907
11
6.7821036614173229
21
-4.4876467716535435
0
LINE
8
BLACK
6
CONTINUOUS
10
6.7821036614173229
20
-4.4876467716535435
11
6.7808252362204726
21
-4.4889251968503938
0
LINE
8
BLACK
6
CONTINUOUS
10
6.7808252362204726
20
-4.4889251968503938
11
6.779017283464567
21
-4.4889251968503938
0
LINE
8
BLACK
6
CONTINUOUS
10
6.779017283464567
20
-4.4889251968503938
11
6.7777388582677167
21
-4.4876467716535435
0
LINE
8
BLACK
6
CONTINUOUS
10
6.7777388582677167
20
-4.4876467716535435
11
6.7775590551181102
21
-4.4867427952755907
0
LINE
8
BLACK
6
CONTINUOUS
10
6.7775590551181102
20
-4.4867427952755907
11
6.7775590551181102
21
-4.4732572047244092
0
LINE
8
BLACK
6
CONTINUOUS
10
6.7775590551181102
20
-4.4732572047244092
11
6.7777388582677167
21
-4.4723532283464564
0
LINE
8
BLACK
6
CONTINUOUS
10
6.7777388582677167
20
-4.4723532283464564
11
6.779017283464567
21
-4.4710748031496061
0
LINE
8
BLACK
6
CONTINUOUS
10
6.779017283464567
20
-4.4710748031496061
11
6.7808252362204726
21
-4.4710748031496061
0
LINE
8
BLACK
6
CONTINUOUS
10
6.7808252362204726
20
-4.4710748031496061
11
6.7821036614173229
21
-4.4723532283464564
0
LINE
8
BLACK
6
CONTINUOUS
10
6.8222611417322829
20
-4.4723532283464564
11
6.8224409448818895
21
-4.4732572047244092
0
LINE
8
BLACK
6
CONTINUOUS
10
6.8224409448818895
20
-4.4732572047244092
11
6.8224409448818895
21
-4.4867427952755907
0
LINE
8
BLACK
6
CONTINUOUS
10
6.8224409448818895
20
-4.4867427952755907
11
6.8222611417322829
21
-4.4876467716535435
0
LINE
8
BLACK
6
CONTINUOUS
10
6.8222611417322829
20
-4.4876467716535435
11
6.8209827165354326
21
-4.4889251968503938
0
LINE
8
BLACK
6
CONTINUOUS
10
6.8209827165354326
20
-4.4889251968503938
11
6.819174763779527
21
-4.4889251968503938
0
LINE
8
BLACK
6
CONTINUOUS
10
6.819174763779527
20
-4.4889251968503938
11
6.8178963385826767
21
-4.4876467716535435
0
LINE
8
BLACK
6
CONTINUOUS
10
6.8178963385826767
20
-4.4876467716535435
11
6.8177165354330711
21
-4.4867427952755907
0
LINE
8
BLACK
6
CONTINUOUS
10
6.8177165354330711
20
-4.4867427952755907
11
6.8177165354330711
21
-4.4732572047244092
0
LINE
8
BLACK
6
CONTINUOUS
10
6.8177165354330711
20
-4.4732572047244092
11
6.8178963385826767
21
-4.4723532283464564
0
LINE
8
BLACK
6
CONTINUOUS
10
6.8178963385826767
20
-4.4723532283464564
11
6.819174763779527
21
-4.4710748031496061
0
LINE
8
BLACK
6
CONTINUOUS
10
6.819174763779527
20
-4.4710748031496061
11
6.8209827165354326
21
-4.4710748031496061
0
LINE
8
BLACK
6
CONTINUOUS
10
6.8209827165354326
20
-4.4710748031496061
11
6.8222611417322829
21
-4.4723532283464564
0
LINE
8
BLACK
6
CONTINUOUS
10
5.6456639763779526
20
-4.4601073622047247
11
5.6458125984251968
21
-4.4601073622047247
0
LINE
8
BLACK
6
CONTINUOUS
10
5.6458125984251968
20
-4.4601073622047247
11
5.6462111811023616
21
-4.4602724409448822
0
LINE
8
BLACK
6
CONTINUOUS
10
5.6462111811023616
20
-4.4602724409448822
11
5.6466246062992127
21
-4.4603972047244094
0
LINE
8
BLACK
6
CONTINUOUS
10
5.6466246062992127
20
-4.4603972047244094
11
5.646739724409449
21
-4.4604913779527555
0
LINE
8
BLACK
6
CONTINUOUS
10
5.646739724409449
20
-4.4604913779527555
11
5.646877007874016
21
-4.4605482677165353
0
LINE
8
BLACK
6
CONTINUOUS
10
5.646877007874016
20
-4.4605482677165353
11
5.6471820472440948
21
-4.4608533070866141
0
LINE
8
BLACK
6
CONTINUOUS
10
5.6471820472440948
20
-4.4608533070866141
11
5.6475162598425195
21
-4.461126771653543
0
LINE
8
BLACK
6
CONTINUOUS
10
5.6475162598425195
20
-4.461126771653543
11
5.6475865354330708
21
-4.4612577952755901
0
LINE
8
BLACK
6
CONTINUOUS
10
5.6475865354330708
20
-4.4612577952755901
11
5.6476916929133854
21
-4.4613629527559056
0
LINE
8
BLACK
6
CONTINUOUS
10
5.6476916929133854
20
-4.4613629527559056
11
5.6478567716535428
21
-4.4617615354330704
0
LINE
8
BLACK
6
CONTINUOUS
10
5.6478567716535428
20
-4.4617615354330704
11
5.6480609055118105
21
-4.4621420078740153
0
LINE
8
BLACK
6
CONTINUOUS
10
5.6480609055118105
20
-4.4621420078740153
11
5.6480756692913383
21
-4.4622900000000003
0
LINE
8
BLACK
6
CONTINUOUS
10
5.6480756692913383
20
-4.4622900000000003
11
5.6481325984251969
21
-4.4624273622047239
0
LINE
8
BLACK
6
CONTINUOUS
10
5.6481325984251969
20
-4.4624273622047239
11
5.6481325984251969
21
-4.462858897637795
0
LINE
8
BLACK
6
CONTINUOUS
10
5.6481325984251969
20
-4.462858897637795
11
5.6481755511811018
21
-4.4632884251968505
0
LINE
8
BLACK
6
CONTINUOUS
10
5.6481755511811018
20
-4.4632884251968505
11
5.6481325984251969
21
-4.4634307480314961
0
LINE
8
BLACK
6
CONTINUOUS
10
5.6481325984251969
20
-4.4634307480314961
11
5.6481325984251969
21
-4.4635794488188978
0
LINE
8
BLACK
6
CONTINUOUS
10
5.6481325984251969
20
-4.4635794488188978
11
5.6479674409448819
21
-4.4639781102362202
0
LINE
8
BLACK
6
CONTINUOUS
10
5.6479674409448819
20
-4.4639781102362202
11
5.6478427559055113
21
-4.464391417322835
0
LINE
8
BLACK
6
CONTINUOUS
10
5.6478427559055113
20
-4.464391417322835
11
5.6477485826771652
21
-4.4645064960629917
0
LINE
8
BLACK
6
CONTINUOUS
10
5.6477485826771652
20
-4.4645064960629917
11
5.6476916929133854
21
-4.4646438582677161
0
LINE
8
BLACK
6
CONTINUOUS
10
5.6476916929133854
20
-4.4646438582677161
11
5.6473244881889766
21
-4.465091299212598
0
LINE
8
BLACK
6
CONTINUOUS
10
5.6473244881889766
20
-4.465091299212598
11
5.6457885433070869
21
-4.4666272440944885
0
LINE
8
BLACK
6
CONTINUOUS
10
5.6457885433070869
20
-4.4666272440944885
11
5.6444398031496066
21
-4.4693247244094483
0
LINE
8
BLACK
6
CONTINUOUS
10
5.6444398031496066
20
-4.4693247244094483
11
5.6444398031496066
21
-4.4773044488188978
0
LINE
8
BLACK
6
CONTINUOUS
10
5.6444398031496066
20
-4.4773044488188978
11
5.6457885433070869
21
-4.4800019291338584
0
LINE
8
BLACK
6
CONTINUOUS
10
5.6457885433070869
20
-4.4800019291338584
11
5.6469856692913387
21
-4.4811990551181102
0
LINE
8
BLACK
6
CONTINUOUS
10
5.6469856692913387
20
-4.4811990551181102
11
5.6496831496062994
21
-4.4825477952755906
0
LINE
8
BLACK
6
CONTINUOUS
10
5.6496831496062994
20
-4.4825477952755906
11
5.657662874015748
21
-4.4825477952755906
0
LINE
8
BLACK
6
CONTINUOUS
10
5.657662874015748
20
-4.4825477952755906
11
5.6603603543307086
21
-4.4811990157480315
0
LINE
8
BLACK
6
CONTINUOUS
10
5.6603603543307086
20
-4.4811990157480315
11
5.6615575196850392
21
-4.4800018897637797
0
LINE
8
BLACK
6
CONTINUOUS
10
5.6615575196850392
20
-4.4800018897637797
11
5.6629062598425195
21
-4.4773044488188978
0
LINE
8
BLACK
6
CONTINUOUS
10
5.6629062598425195
20
-4.4773044488188978
11
5.6629062598425195
21
-4.4693247244094483
0
LINE
8
BLACK
6
CONTINUOUS
10
5.6629062598425195
20
-4.4693247244094483
11
5.6615575196850392
21
-4.4666272440944885
0
LINE
8
BLACK
6
CONTINUOUS
10
5.6615575196850392
20
-4.4666272440944885
11
5.6600215748031495
21
-4.4650913385826767
0
LINE
8
BLACK
6
CONTINUOUS
10
5.6600215748031495
20
-4.4650913385826767
11
5.6596543307086611
21
-4.4646438582677161
0
LINE
8
BLACK
6
CONTINUOUS
10
5.6596543307086611
20
-4.4646438582677161
11
5.6592134251968504
21
-4.4635794488188978
0
LINE
8
BLACK
6
CONTINUOUS
10
5.6592134251968504
20
-4.4635794488188978
11
5.6592134251968504
21
-4.4624273622047239
0
LINE
8
BLACK
6
CONTINUOUS
10
5.6592134251968504
20
-4.4624273622047239
11
5.6596542913385823
21
-4.4613629527559056
0
LINE
8
BLACK
6
CONTINUOUS
10
5.6596542913385823
20
-4.4613629527559056
11
5.6604689763779525
21
-4.4605482677165353
0
LINE
8
BLACK
6
CONTINUOUS
10
5.6604689763779525
20
-4.4605482677165353
11
5.6615333858267718
21
-4.4601073622047247
0
LINE
8
BLACK
6
CONTINUOUS
10
5.6615333858267718
20
-4.4601073622047247
11
5.6626854724409448
21
-4.4601073622047247
0
LINE
8
BLACK
6
CONTINUOUS
10
5.6626854724409448
20
-4.4601073622047247
11
5.663749881889764
21
-4.4605482283464566
0
LINE
8
BLACK
6
CONTINUOUS
10
5.663749881889764
20
-4.4605482283464566
11
5.6641973228346458
21
-4.4609154330708662
0
LINE
8
BLACK
6
CONTINUOUS
10
5.6641973228346458
20
-4.4609154330708662
11
5.6660721259842521
21
-4.4627901968503938
0
LINE
8
BLACK
6
CONTINUOUS
10
5.6660721259842521
20
-4.4627901968503938
11
5.6662578740157477
21
-4.4630165354330709
0
LINE
8
BLACK
6
CONTINUOUS
10
5.6662578740157477
20
-4.4630165354330709
11
5.666316929133858
21
-4.4630677559055121
0
LINE
8
BLACK
6
CONTINUOUS
10
5.666316929133858
20
-4.4630677559055121
11
5.6663729133858265
21
-4.4631566929133859
0
LINE
8
BLACK
6
CONTINUOUS
10
5.6663729133858265
20
-4.4631566929133859
11
5.6664393700787397
21
-4.4632376771653544
0
LINE
8
BLACK
6
CONTINUOUS
10
5.6664393700787397
20
-4.4632376771653544
11
5.6664691732283465
21
-4.4633096062992124
0
LINE
8
BLACK
6
CONTINUOUS
10
5.6664691732283465
20
-4.4633096062992124
11
5.6666252755905511
21
-4.4635576377952759
0
LINE
8
BLACK
6
CONTINUOUS
10
5.6666252755905511
20
-4.4635576377952759
11
5.6685000393700786
21
-4.467307165354331
0
LINE
8
BLACK
6
CONTINUOUS
10
5.6685000393700786
20
-4.467307165354331
11
5.6687069291338581
21
-4.4678477559055114
0
LINE
8
BLACK
6
CONTINUOUS
10
5.6687069291338581
20
-4.4678477559055114
11
5.6687144488188972
21
-4.4679536220472436
0
LINE
8
BLACK
6
CONTINUOUS
10
5.6687144488188972
20
-4.4679536220472436
11
5.6687550393700787
21
-4.4680516141732278
0
LINE
8
BLACK
6
CONTINUOUS
10
5.6687550393700787
20
-4.4680516141732278
11
5.6688117716535436
21
-4.4686276771653546
0
LINE
8
BLACK
6
CONTINUOUS
10
5.6688117716535436
20
-4.4686276771653546
11
5.6688117716535436
21
-4.4780014960629924
0
LINE
8
BLACK
6
CONTINUOUS
10
5.6688117716535436
20
-4.4780014960629924
11
5.6687550393700787
21
-4.4785775590551182
0
LINE
8
BLACK
6
CONTINUOUS
10
5.6687550393700787
20
-4.4785775590551182
11
5.6687144488188972
21
-4.4786755118110237
0
LINE
8
BLACK
6
CONTINUOUS
10
5.6687144488188972
20
-4.4786755118110237
11
5.6687069291338581
21
-4.4787814173228346
0
LINE
8
BLACK
6
CONTINUOUS
10
5.6687069291338581
20
-4.4787814173228346
11
5.6685000393700786
21
-4.4793220078740159
0
LINE
8
BLACK
6
CONTINUOUS
10
5.6685000393700786
20
-4.4793220078740159
11
5.6666252755905511
21
-4.483071535433071
0
LINE
8
BLACK
6
CONTINUOUS
10
5.6666252755905511
20
-4.483071535433071
11
5.6664691732283465
21
-4.4833195275590549
0
LINE
8
BLACK
6
CONTINUOUS
10
5.6664691732283465
20
-4.4833195275590549
11
5.6664393700787397
21
-4.4833914960629917
0
LINE
8
BLACK
6
CONTINUOUS
10
5.6664393700787397
20
-4.4833914960629917
11
5.6663729133858265
21
-4.4834724409448814
0
LINE
8
BLACK
6
CONTINUOUS
10
5.6663729133858265
20
-4.4834724409448814
11
5.666316929133858
21
-4.4835614173228349
0
LINE
8
BLACK
6
CONTINUOUS
10
5.666316929133858
20
-4.4835614173228349
11
5.6662578740157477
21
-4.4836125984251964
0
LINE
8
BLACK
6
CONTINUOUS
10
5.6662578740157477
20
-4.4836125984251964
11
5.6660721259842521
21
-4.4838389763779523
0
LINE
8
BLACK
6
CONTINUOUS
10
5.6660721259842521
20
-4.4838389763779523
11
5.6641973228346458
21
-4.4857137401574798
0
LINE
8
BLACK
6
CONTINUOUS
10
5.6641973228346458
20
-4.4857137401574798
11
5.6639709842519688
21
-4.4858994488188975
0
LINE
8
BLACK
6
CONTINUOUS
10
5.6639709842519688
20
-4.4858994488188975
11
5.6639198425196851
21
-4.485958464566929
0
LINE
8
BLACK
6
CONTINUOUS
10
5.6639198425196851
20
-4.485958464566929
11
5.6638309055118112
21
-4.4860144094488188
0
LINE
8
BLACK
6
CONTINUOUS
10
5.6638309055118112
20
-4.4860144094488188
11
5.663749881889764
21
-4.4860809448818895
0
LINE
8
BLACK
6
CONTINUOUS
10
5.663749881889764
20
-4.4860809448818895
11
5.6636778346456689
21
-4.4861107480314963
0
LINE
8
BLACK
6
CONTINUOUS
10
5.6636778346456689
20
-4.4861107480314963
11
5.6634299606299212
21
-4.4862668110236221
0
LINE
8
BLACK
6
CONTINUOUS
10
5.6634299606299212
20
-4.4862668110236221
11
5.6596804330708661
21
-4.4881415748031497
0
LINE
8
BLACK
6
CONTINUOUS
10
5.6596804330708661
20
-4.4881415748031497
11
5.6591398031496061
21
-4.4883484645669292
0
LINE
8
BLACK
6
CONTINUOUS
10
5.6591398031496061
20
-4.4883484645669292
11
5.6590339763779527
21
-4.4883559448818895
0
LINE
8
BLACK
6
CONTINUOUS
10
5.6590339763779527
20
-4.4883559448818895
11
5.6589359842519684
21
-4.4883965748031498
0
LINE
8
BLACK
6
CONTINUOUS
10
5.6589359842519684
20
-4.4883965748031498
11
5.6583599212598426
21
-4.4884533070866137
0
LINE
8
BLACK
6
CONTINUOUS
10
5.6583599212598426
20
-4.4884533070866137
11
5.6489861023622048
21
-4.4884533070866137
0
LINE
8
BLACK
6
CONTINUOUS
10
5.6489861023622048
20
-4.4884533070866137
11
5.6484100393700789
21
-4.4883965748031498
0
LINE
8
BLACK
6
CONTINUOUS
10
5.6484100393700789
20
-4.4883965748031498
11
5.6483120472440946
21
-4.4883559842519682
0
LINE
8
BLACK
6
CONTINUOUS
10
5.6483120472440946
20
-4.4883559842519682
11
5.6482061811023625
21
-4.4883484645669292
0
LINE
8
BLACK
6
CONTINUOUS
10
5.6482061811023625
20
-4.4883484645669292
11
5.6476655905511812
21
-4.4881415748031497
0
LINE
8
BLACK
6
CONTINUOUS
10
5.6476655905511812
20
-4.4881415748031497
11
5.6439160629921261
21
-4.4862668110236221
0
LINE
8
BLACK
6
CONTINUOUS
10
5.6439160629921261
20
-4.4862668110236221
11
5.6436680314960626
21
-4.4861107086614176
0
LINE
8
BLACK
6
CONTINUOUS
10
5.6436680314960626
20
-4.4861107086614176
11
5.6435961023622045
21
-4.4860809055118107
0
LINE
8
BLACK
6
CONTINUOUS
10
5.6435961023622045
20
-4.4860809055118107
11
5.6435151181102361
21
-4.4860144094488188
0
LINE
8
BLACK
6
CONTINUOUS
10
5.6435151181102361
20
-4.4860144094488188
11
5.6434261811023623
21
-4.485958464566929
0
LINE
8
BLACK
6
CONTINUOUS
10
5.6434261811023623
20
-4.485958464566929
11
5.6433749999999998
21
-4.4858994488188975
0
LINE
8
BLACK
6
CONTINUOUS
10
5.6433749999999998
20
-4.4858994488188975
11
5.6431486614173227
21
-4.4857137007874011
0
LINE
8
BLACK
6
CONTINUOUS
10
5.6431486614173227
20
-4.4857137007874011
11
5.6412738976377952
21
-4.4838389370078735
0
LINE
8
BLACK
6
CONTINUOUS
10
5.6412738976377952
20
-4.4838389370078735
11
5.64108811023622
21
-4.4836125590551177
0
LINE
8
BLACK
6
CONTINUOUS
10
5.64108811023622
20
-4.4836125590551177
11
5.6410291338582672
21
-4.4835614173228349
0
LINE
8
BLACK
6
CONTINUOUS
10
5.6410291338582672
20
-4.4835614173228349
11
5.6409731496062987
21
-4.4834724409448814
0
LINE
8
BLACK
6
CONTINUOUS
10
5.6409731496062987
20
-4.4834724409448814
11
5.6409066929133855
21
-4.4833914960629917
0
LINE
8
BLACK
6
CONTINUOUS
10
5.6409066929133855
20
-4.4833914960629917
11
5.6408768503937008
21
-4.4833195275590549
0
LINE
8
BLACK
6
CONTINUOUS
10
5.6408768503937008
20
-4.4833195275590549
11
5.640720787401575
21
-4.483071535433071
0
LINE
8
BLACK
6
CONTINUOUS
10
5.640720787401575
20
-4.483071535433071
11
5.6388460236220475
21
-4.4793220078740159
0
LINE
8
BLACK
6
CONTINUOUS
10
5.6388460236220475
20
-4.4793220078740159
11
5.638639133858268
21
-4.4787813779527559
0
LINE
8
BLACK
6
CONTINUOUS
10
5.638639133858268
20
-4.4787813779527559
11
5.638631614173228
21
-4.4786755511811025
0
LINE
8
BLACK
6
CONTINUOUS
10
5.638631614173228
20
-4.4786755511811025
11
5.6385910236220473
21
-4.4785775590551182
0
LINE
8
BLACK
6
CONTINUOUS
10
5.6385910236220473
20
-4.4785775590551182
11
5.6385342913385825
21
-4.4780014960629924
0
LINE
8
BLACK
6
CONTINUOUS
10
5.6385342913385825
20
-4.4780014960629924
11
5.6385342913385825
21
-4.4686276771653546
0
LINE
8
BLACK
6
CONTINUOUS
10
5.6385342913385825
20
-4.4686276771653546
11
5.6385910236220473
21
-4.4680516141732278
0
LINE
8
BLACK
6
CONTINUOUS
10
5.6385910236220473
20
-4.4680516141732278
11
5.638631614173228
21
-4.4679535826771657
0
LINE
8
BLACK
6
CONTINUOUS
10
5.638631614173228
20
-4.4679535826771657
11
5.638639133858268
21
-4.4678477952755902
0
LINE
8
BLACK
6
CONTINUOUS
10
5.638639133858268
20
-4.4678477952755902
11
5.6388460236220475
21
-4.467307165354331
0
LINE
8
BLACK
6
CONTINUOUS
10
5.6388460236220475
20
-4.467307165354331
11
5.639212952755905
21
-4.4665732283464568
0
LINE
8
BLACK
6
CONTINUOUS
10
5.639212952755905
20
-4.4665732283464568
11
5.6294416929133861
21
-4.4675503543307089
0
LINE
8
BLACK
6
CONTINUOUS
10
5.6294416929133861
20
-4.4675503543307089
11
5.6294416929133861
21
-4.483625787401575
0
LINE
8
BLACK
6
CONTINUOUS
10
5.6294416929133861
20
-4.483625787401575
11
5.6293849606299213
21
-4.4842018503937009
0
LINE
8
BLACK
6
CONTINUOUS
10
5.6293849606299213
20
-4.4842018503937009
11
5.6289440551181098
21
-4.4852662598425193
0
LINE
8
BLACK
6
CONTINUOUS
10
5.6289440551181098
20
-4.4852662598425193
11
5.6281294094488183
21
-4.4860809055118107
0
LINE
8
BLACK
6
CONTINUOUS
10
5.6281294094488183
20
-4.4860809055118107
11
5.627065
21
-4.4865218110236222
0
LINE
8
BLACK
6
CONTINUOUS
10
5.627065
20
-4.4865218110236222
11
5.6259128740157482
21
-4.4865218110236222
0
LINE
8
BLACK
6
CONTINUOUS
10
5.6259128740157482
20
-4.4865218110236222
11
5.624848464566929
21
-4.4860809055118107
0
LINE
8
BLACK
6
CONTINUOUS
10
5.624848464566929
20
-4.4860809055118107
11
5.6240338188976375
21
-4.4852662598425193
0
LINE
8
BLACK
6
CONTINUOUS
10
5.6240338188976375
20
-4.4852662598425193
11
5.6235929133858269
21
-4.4842018503937009
0
LINE
8
BLACK
6
CONTINUOUS
10
5.6235929133858269
20
-4.4842018503937009
11
5.6235361811023621
21
-4.483625787401575
0
LINE
8
BLACK
6
CONTINUOUS
10
5.6235361811023621
20
-4.483625787401575
11
5.6235361811023621
21
-4.4648781496062995
0
LINE
8
BLACK
6
CONTINUOUS
10
5.6235361811023621
20
-4.4648781496062995
11
5.6235571259842523
21
-4.4646650787401576
0
LINE
8
BLACK
6
CONTINUOUS
10
5.6235571259842523
20
-4.4646650787401576
11
5.6235499606299211
21
-4.46459311023622
0
LINE
8
BLACK
6
CONTINUOUS
10
5.6235499606299211
20
-4.46459311023622
11
5.6235711417322829
21
-4.4645227559055121
0
LINE
8
BLACK
6
CONTINUOUS
10
5.6235711417322829
20
-4.4645227559055121
11
5.6235929133858269
21
-4.4643020866141727
0
LINE
8
BLACK
6
CONTINUOUS
10
5.6235929133858269
20
-4.4643020866141727
11
5.6237580314960631
21
-4.4639033858267716
0
LINE
8
BLACK
6
CONTINUOUS
10
5.6237580314960631
20
-4.4639033858267716
11
5.6238827559055116
21
-4.4634901181102364
0
LINE
8
BLACK
6
CONTINUOUS
10
5.6238827559055116
20
-4.4634901181102364
11
5.623976889763779
21
-4.4633750000000001
0
LINE
8
BLACK
6
CONTINUOUS
10
5.623976889763779
20
-4.4633750000000001
11
5.6240338188976375
21
-4.4632376771653544
0
LINE
8
BLACK
6
CONTINUOUS
10
5.6240338188976375
20
-4.4632376771653544
11
5.6243390551181101
21
-4.4629324015748031
0
LINE
8
BLACK
6
CONTINUOUS
10
5.6243390551181101
20
-4.4629324015748031
11
5.6246123228346452
21
-4.4625984645669288
0
LINE
8
BLACK
6
CONTINUOUS
10
5.6246123228346452
20
-4.4625984645669288
11
5.6247432677165357
21
-4.4625281889763775
0
LINE
8
BLACK
6
CONTINUOUS
10
5.6247432677165357
20
-4.4625281889763775
11
5.624848464566929
21
-4.4624230314960629
0
LINE
8
BLACK
6
CONTINUOUS
10
5.624848464566929
20
-4.4624230314960629
11
5.6252472440944876
21
-4.4622578346456692
0
LINE
8
BLACK
6
CONTINUOUS
10
5.6252472440944876
20
-4.4622578346456692
11
5.6256275590551184
21
-4.4620538188976377
0
LINE
8
BLACK
6
CONTINUOUS
10
5.6256275590551184
20
-4.4620538188976377
11
5.6258450393700787
21
-4.462010196850394
0
LINE
8
BLACK
6
CONTINUOUS
10
5.6258450393700787
20
-4.462010196850394
11
5.6259128740157482
21
-4.4619821259842523
0
LINE
8
BLACK
6
CONTINUOUS
10
5.6259128740157482
20
-4.4619821259842523
11
5.6259851968503938
21
-4.4619821259842523
0
LINE
8
BLACK
6
CONTINUOUS
10
5.6259851968503938
20
-4.4619821259842523
11
5.6261951181102363
21
-4.461940039370079
0
LINE
8
BLACK
6
CONTINUOUS
10
5.6261951181102363
20
-4.461940039370079
11
5.6449427559055119
21
-4.4600652755905514
0
LINE
8
BLACK
6
CONTINUOUS
10
5.6449427559055119
20
-4.4600652755905514
11
5.6455216141732283
21
-4.4600644094488189
0
LINE
8
BLACK
6
CONTINUOUS
10
5.6455216141732283
20
-4.4600644094488189
11
5.6456639763779526
21
-4.4601073622047247
0
LINE
8
BLACK
6
CONTINUOUS
10
5.725865118110236
20
-4.4601073622047247
11
5.7259631102362203
21
-4.4601479527559054
0
LINE
8
BLACK
6
CONTINUOUS
10
5.7259631102362203
20
-4.4601479527559054
11
5.7260689370078737
21
-4.4601554724409445
0
LINE
8
BLACK
6
CONTINUOUS
10
5.7260689370078737
20
-4.4601554724409445
11
5.7266095669291337
21
-4.4603623622047239
0
LINE
8
BLACK
6
CONTINUOUS
10
5.7266095669291337
20
-4.4603623622047239
11
5.7303590944881888
21
-4.4622371259842515
0
LINE
8
BLACK
6
CONTINUOUS
10
5.7303590944881888
20
-4.4622371259842515
11
5.7306069685039365
21
-4.4623931496062994
0
LINE
8
BLACK
6
CONTINUOUS
10
5.7306069685039365
20
-4.4623931496062994
11
5.7306790157480316
21
-4.4624229921259841
0
LINE
8
BLACK
6
CONTINUOUS
10
5.7306790157480316
20
-4.4624229921259841
11
5.7307600393700788
21
-4.4624894881889761
0
LINE
8
BLACK
6
CONTINUOUS
10
5.7307600393700788
20
-4.4624894881889761
11
5.7308489763779527
21
-4.4625454724409446
0
LINE
8
BLACK
6
CONTINUOUS
10
5.7308489763779527
20
-4.4625454724409446
11
5.7309001181102364
21
-4.4626044488188974
0
LINE
8
BLACK
6
CONTINUOUS
10
5.7309001181102364
20
-4.4626044488188974
11
5.7311264566929134
21
-4.4627901968503938
0
LINE
8
BLACK
6
CONTINUOUS
10
5.7311264566929134
20
-4.4627901968503938
11
5.7330012598425197
21
-4.4646649606299214
0
LINE
8
BLACK
6
CONTINUOUS
10
5.7330012598425197
20
-4.4646649606299214
11
5.7331870078740153
21
-4.4648912992125984
0
LINE
8
BLACK
6
CONTINUOUS
10
5.7331870078740153
20
-4.4648912992125984
11
5.7332460629921256
21
-4.4649425196850396
0
LINE
8
BLACK
6
CONTINUOUS
10
5.7332460629921256
20
-4.4649425196850396
11
5.7333020472440941
21
-4.4650314566929135
0
LINE
8
BLACK
6
CONTINUOUS
10
5.7333020472440941
20
-4.4650314566929135
11
5.7333685039370081
21
-4.4651124409448819
0
LINE
8
BLACK
6
CONTINUOUS
10
5.7333685039370081
20
-4.4651124409448819
11
5.7333983070866141
21
-4.4651843700787399
0
LINE
8
BLACK
6
CONTINUOUS
10
5.7333983070866141
20
-4.4651843700787399
11
5.7335544094488187
21
-4.4654324015748035
0
LINE
8
BLACK
6
CONTINUOUS
10
5.7335544094488187
20
-4.4654324015748035
11
5.7354291732283462
21
-4.4691819291338586
0
LINE
8
BLACK
6
CONTINUOUS
10
5.7354291732283462
20
-4.4691819291338586
11
5.7356360629921257
21
-4.469722519685039
0
LINE
8
BLACK
6
CONTINUOUS
10
5.7356360629921257
20
-4.469722519685039
11
5.7356435826771648
21
-4.4698283858267711
0
LINE
8
BLACK
6
CONTINUOUS
10
5.7356435826771648
20
-4.4698283858267711
11
5.7356841732283463
21
-4.4699263779527554
0
LINE
8
BLACK
6
CONTINUOUS
10
5.7356841732283463
20
-4.4699263779527554
11
5.7357409055118111
21
-4.4705024409448821
0
LINE
8
BLACK
6
CONTINUOUS
10
5.7357409055118111
20
-4.4705024409448821
11
5.7357409055118111
21
-4.4780014960629924
0
LINE
8
BLACK
6
CONTINUOUS
10
5.7357409055118111
20
-4.4780014960629924
11
5.7356841732283463
21
-4.4785775590551182
0
LINE
8
BLACK
6
CONTINUOUS
10
5.7356841732283463
20
-4.4785775590551182
11
5.7356435826771648
21
-4.4786755118110237
0
LINE
8
BLACK
6
CONTINUOUS
10
5.7356435826771648
20
-4.4786755118110237
11
5.7356360629921257
21
-4.4787814173228346
0
LINE
8
BLACK
6
CONTINUOUS
10
5.7356360629921257
20
-4.4787814173228346
11
5.7354291732283462
21
-4.4793220078740159
0
LINE
8
BLACK
6
CONTINUOUS
10
5.7354291732283462
20
-4.4793220078740159
11
5.7335544094488187
21
-4.483071535433071
0
LINE
8
BLACK
6
CONTINUOUS
10
5.7335544094488187
20
-4.483071535433071
11
5.7333983070866141
21
-4.4833195275590549
0
LINE
8
BLACK
6
CONTINUOUS
10
5.7333983070866141
20
-4.4833195275590549
11
5.7333685039370081
21
-4.4833914960629917
0
LINE
8
BLACK
6
CONTINUOUS
10
5.7333685039370081
20
-4.4833914960629917
11
5.7333020472440941
21
-4.4834724409448814
0
LINE
8
BLACK
6
CONTINUOUS
10
5.7333020472440941
20
-4.4834724409448814
11
5.7332460629921256
21
-4.4835614173228349
0
LINE
8
BLACK
6
CONTINUOUS
10
5.7332460629921256
20
-4.4835614173228349
11
5.7331870078740153
21
-4.4836125984251964
0
LINE
8
BLACK
6
CONTINUOUS
10
5.7331870078740153
20
-4.4836125984251964
11
5.7330012598425197
21
-4.4838389763779523
0
LINE
8
BLACK
6
CONTINUOUS
10
5.7330012598425197
20
-4.4838389763779523
11
5.7311264566929134
21
-4.4857137401574798
0
LINE
8
BLACK
6
CONTINUOUS
10
5.7311264566929134
20
-4.4857137401574798
11
5.7309001181102364
21
-4.4858994488188975
0
LINE
8
BLACK
6
CONTINUOUS
10
5.7309001181102364
20
-4.4858994488188975
11
5.7308489763779527
21
-4.485958464566929
0
LINE
8
BLACK
6
CONTINUOUS
10
5.7308489763779527
20
-4.485958464566929
11
5.7307600393700788
21
-4.4860144094488188
0
LINE
8
BLACK
6
CONTINUOUS
10
5.7307600393700788
20
-4.4860144094488188
11
5.7306790157480316
21
-4.4860809448818895
0
LINE
8
BLACK
6
CONTINUOUS
10
5.7306790157480316
20
-4.4860809448818895
11
5.7306069685039365
21
-4.4861107480314963
0
LINE
8
BLACK
6
CONTINUOUS
10
5.7306069685039365
20
-4.4861107480314963
11
5.7303590944881888
21
-4.4862668110236221
0
LINE
8
BLACK
6
CONTINUOUS
10
5.7303590944881888
20
-4.4862668110236221
11
5.7266095669291337
21
-4.4881415748031497
0
LINE
8
BLACK
6
CONTINUOUS
10
5.7266095669291337
20
-4.4881415748031497
11
5.7260689370078737
21
-4.4883484645669292
0
LINE
8
BLACK
6
CONTINUOUS
10
5.7260689370078737
20
-4.4883484645669292
11
5.7259631102362203
21
-4.4883559448818895
0
LINE
8
BLACK
6
CONTINUOUS
10
5.7259631102362203
20
-4.4883559448818895
11
5.725865118110236
21
-4.4883965748031498
0
LINE
8
BLACK
6
CONTINUOUS
10
5.725865118110236
20
-4.4883965748031498
11
5.7252890551181101
21
-4.4884533070866137
0
LINE
8
BLACK
6
CONTINUOUS
10
5.7252890551181101
20
-4.4884533070866137
11
5.7159152362204724
21
-4.4884533070866137
0
LINE
8
BLACK
6
CONTINUOUS
10
5.7159152362204724
20
-4.4884533070866137
11
5.7153391732283465
21
-4.4883965748031498
0
LINE
8
BLACK
6
CONTINUOUS
10
5.7153391732283465
20
-4.4883965748031498
11
5.7152411811023622
21
-4.4883559842519682
0
LINE
8
BLACK
6
CONTINUOUS
10
5.7152411811023622
20
-4.4883559842519682
11
5.7151353149606301
21
-4.4883484645669292
0
LINE
8
BLACK
6
CONTINUOUS
10
5.7151353149606301
20
-4.4883484645669292
11
5.7145947244094488
21
-4.4881415748031497
0
LINE
8
BLACK
6
CONTINUOUS
10
5.7145947244094488
20
-4.4881415748031497
11
5.7108451968503937
21
-4.4862668110236221
0
LINE
8
BLACK
6
CONTINUOUS
10
5.7108451968503937
20
-4.4862668110236221
11
5.7105971653543302
21
-4.4861107086614176
0
LINE
8
BLACK
6
CONTINUOUS
10
5.7105971653543302
20
-4.4861107086614176
11
5.7105252362204721
21
-4.4860809055118107
0
LINE
8
BLACK
6
CONTINUOUS
10
5.7105252362204721
20
-4.4860809055118107
11
5.7104442519685037
21
-4.4860144094488188
0
LINE
8
BLACK
6
CONTINUOUS
10
5.7104442519685037
20
-4.4860144094488188
11
5.7103553149606299
21
-4.485958464566929
0
LINE
8
BLACK
6
CONTINUOUS
10
5.7103553149606299
20
-4.485958464566929
11
5.7103041338582674
21
-4.4858994488188975
0
LINE
8
BLACK
6
CONTINUOUS
10
5.7103041338582674
20
-4.4858994488188975
11
5.7100777952755903
21
-4.4857137007874011
0
LINE
8
BLACK
6
CONTINUOUS
10
5.7100777952755903
20
-4.4857137007874011
11
5.7082030314960628
21
-4.4838389370078735
0
LINE
8
BLACK
6
CONTINUOUS
10
5.7082030314960628
20
-4.4838389370078735
11
5.7080172440944876
21
-4.4836125590551177
0
LINE
8
BLACK
6
CONTINUOUS
10
5.7080172440944876
20
-4.4836125590551177
11
5.7079582677165357
21
-4.4835614173228349
0
LINE
8
BLACK
6
CONTINUOUS
10
5.7079582677165357
20
-4.4835614173228349
11
5.7079022834645672
21
-4.4834724409448814
0
LINE
8
BLACK
6
CONTINUOUS
10
5.7079022834645672
20
-4.4834724409448814
11
5.7078358267716531
21
-4.4833914960629917
0
LINE
8
BLACK
6
CONTINUOUS
10
5.7078358267716531
20
-4.4833914960629917
11
5.7078059842519684
21
-4.4833195275590549
0
LINE
8
BLACK
6
CONTINUOUS
10
5.7078059842519684
20
-4.4833195275590549
11
5.7076499212598426
21
-4.483071535433071
0
LINE
8
BLACK
6
CONTINUOUS
10
5.7076499212598426
20
-4.483071535433071
11
5.7057751574803151
21
-4.4793220078740159
0
LINE
8
BLACK
6
CONTINUOUS
10
5.7057751574803151
20
-4.4793220078740159
11
5.7055682677165356
21
-4.4787813779527559
0
LINE
8
BLACK
6
CONTINUOUS
10
5.7055682677165356
20
-4.4787813779527559
11
5.7055607480314956
21
-4.4786755511811025
0
LINE
8
BLACK
6
CONTINUOUS
10
5.7055607480314956
20
-4.4786755511811025
11
5.7055201574803149
21
-4.4785775590551182
0
LINE
8
BLACK
6
CONTINUOUS
10
5.7055201574803149
20
-4.4785775590551182
11
5.7054634251968501
21
-4.4780014960629924
0
LINE
8
BLACK
6
CONTINUOUS
10
5.7054634251968501
20
-4.4780014960629924
11
5.7054634251968501
21
-4.4705024409448821
0
LINE
8
BLACK
6
CONTINUOUS
10
5.7054634251968501
20
-4.4705024409448821
11
5.7055201574803149
21
-4.4699263779527554
0
LINE
8
BLACK
6
CONTINUOUS
10
5.7055201574803149
20
-4.4699263779527554
11
5.7055607480314956
21
-4.4698283464566932
0
LINE
8
BLACK
6
CONTINUOUS
10
5.7055607480314956
20
-4.4698283464566932
11
5.7055682677165356
21
-4.4697225590551177
0
LINE
8
BLACK
6
CONTINUOUS
10
5.7055682677165356
20
-4.4697225590551177
11
5.7057751574803151
21
-4.4691819291338586
0
LINE
8
BLACK
6
CONTINUOUS
10
5.7057751574803151
20
-4.4691819291338586
11
5.7069214173228344
21
-4.466889409448819
0
LINE
8
BLACK
6
CONTINUOUS
10
5.7069214173228344
20
-4.466889409448819
11
5.7040042519685041
21
-4.4676187007874013
0
LINE
8
BLACK
6
CONTINUOUS
10
5.7040042519685041
20
-4.4676187007874013
11
5.6990487007874018
21
-4.4709224015748035
0
LINE
8
BLACK
6
CONTINUOUS
10
5.6990487007874018
20
-4.4709224015748035
11
5.6977195669291341
21
-4.4722515354330712
0
LINE
8
BLACK
6
CONTINUOUS
10
5.6977195669291341
20
-4.4722515354330712
11
5.6963708267716537
21
-4.4749490157480318
0
LINE
8
BLACK
6
CONTINUOUS
10
5.6963708267716537
20
-4.4749490157480318
11
5.6963708267716537
21
-4.4817510236220475
0
LINE
8
BLACK
6
CONTINUOUS
10
5.6963708267716537
20
-4.4817510236220475
11
5.6963140944881889
21
-4.4823270866141733
0
LINE
8
BLACK
6
CONTINUOUS
10
5.6963140944881889
20
-4.4823270866141733
11
5.6958731889763774
21
-4.4833914960629917
0
LINE
8
BLACK
6
CONTINUOUS
10
5.6958731889763774
20
-4.4833914960629917
11
5.6950585433070868
21
-4.4842061417322832
0
LINE
8
BLACK
6
CONTINUOUS
10
5.6950585433070868
20
-4.4842061417322832
11
5.6939941338582676
21
-4.4846470472440947
0
LINE
8
BLACK
6
CONTINUOUS
10
5.6939941338582676
20
-4.4846470472440947
11
5.6928420078740158
21
-4.4846470472440947
0
LINE
8
BLACK
6
CONTINUOUS
10
5.6928420078740158
20
-4.4846470472440947
11
5.6917775984251966
21
-4.4842061417322832
0
LINE
8
BLACK
6
CONTINUOUS
10
5.6917775984251966
20
-4.4842061417322832
11
5.6909629527559051
21
-4.4833914960629917
0
LINE
8
BLACK
6
CONTINUOUS
10
5.6909629527559051
20
-4.4833914960629917
11
5.6905220472440945
21
-4.4823270866141733
0
LINE
8
BLACK
6
CONTINUOUS
10
5.6905220472440945
20
-4.4823270866141733
11
5.6904653149606297
21
-4.4817510236220475
0
LINE
8
BLACK
6
CONTINUOUS
10
5.6904653149606297
20
-4.4817510236220475
11
5.6904653149606297
21
-4.4742519685039372
0
LINE
8
BLACK
6
CONTINUOUS
10
5.6904653149606297
20
-4.4742519685039372
11
5.6905220472440945
21
-4.4736759055118105
0
LINE
8
BLACK
6
CONTINUOUS
10
5.6905220472440945
20
-4.4736759055118105
11
5.6905626377952752
21
-4.4735778740157484
0
LINE
8
BLACK
6
CONTINUOUS
10
5.6905626377952752
20
-4.4735778740157484
11
5.6905701574803151
21
-4.4734720866141728
0
LINE
8
BLACK
6
CONTINUOUS
10
5.6905701574803151
20
-4.4734720866141728
11
5.6907770472440946
21
-4.4729314566929137
0
LINE
8
BLACK
6
CONTINUOUS
10
5.6907770472440946
20
-4.4729314566929137
11
5.6926518110236222
21
-4.4691819291338586
0
LINE
8
BLACK
6
CONTINUOUS
10
5.6926518110236222
20
-4.4691819291338586
11
5.6928078740157479
21
-4.468933897637795
0
LINE
8
BLACK
6
CONTINUOUS
10
5.6928078740157479
20
-4.468933897637795
11
5.6928377165354327
21
-4.468861968503937
0
LINE
8
BLACK
6
CONTINUOUS
10
5.6928377165354327
20
-4.468861968503937
11
5.6929041732283467
21
-4.4687809842519686
0
LINE
8
BLACK
6
CONTINUOUS
10
5.6929041732283467
20
-4.4687809842519686
11
5.6929601574803153
21
-4.4686920472440947
0
LINE
8
BLACK
6
CONTINUOUS
10
5.6929601574803153
20
-4.4686920472440947
11
5.6930191338582672
21
-4.4686408661417323
0
LINE
8
BLACK
6
CONTINUOUS
10
5.6930191338582672
20
-4.4686408661417323
11
5.6932049212598423
21
-4.4684145275590552
0
LINE
8
BLACK
6
CONTINUOUS
10
5.6932049212598423
20
-4.4684145275590552
11
5.6950796850393699
21
-4.4665397637795277
0
LINE
8
BLACK
6
CONTINUOUS
10
5.6950796850393699
20
-4.4665397637795277
11
5.6950812598425191
21
-4.4665384251968501
0
LINE
8
BLACK
6
CONTINUOUS
10
5.6950812598425191
20
-4.4665384251968501
11
5.6950818503937004
21
-4.4665375984251972
0
LINE
8
BLACK
6
CONTINUOUS
10
5.6950818503937004
20
-4.4665375984251972
11
5.6953118110236218
21
-4.466349251968504
0
LINE
8
BLACK
6
CONTINUOUS
10
5.6953118110236218
20
-4.466349251968504
11
5.6955271259842517
21
-4.466172559055118
0
LINE
8
BLACK
6
CONTINUOUS
10
5.6955271259842517
20
-4.466172559055118
11
5.6955279921259843
21
-4.4661721653543305
0
LINE
8
BLACK
6
CONTINUOUS
10
5.6955279921259843
20
-4.4661721653543305
11
5.6955296850393697
21
-4.4661708267716538
0
LINE
8
BLACK
6
CONTINUOUS
10
5.6955296850393697
20
-4.4661708267716538
11
5.7011540157480312
21
-4.4624212992125987
0
LINE
8
BLACK
6
CONTINUOUS
10
5.7011540157480312
20
-4.4624212992125987
11
5.7014718897637797
21
-4.4622518110236218
0
LINE
8
BLACK
6
CONTINUOUS
10
5.7014718897637797
20
-4.4622518110236218
11
5.70153062992126
21
-4.4622083070866143
0
LINE
8
BLACK
6
CONTINUOUS
10
5.70153062992126
20
-4.4622083070866143
11
5.7016
21
-4.4621835039370081
0
LINE
8
BLACK
6
CONTINUOUS
10
5.7016
20
-4.4621835039370081
11
5.7016648031496064
21
-4.4621489763779527
0
LINE
8
BLACK
6
CONTINUOUS
10
5.7016648031496064
20
-4.4621489763779527
11
5.7017362204724407
21
-4.462134842519685
0
LINE
8
BLACK
6
CONTINUOUS
10
5.7017362204724407
20
-4.462134842519685
11
5.7020757480314961
21
-4.4620135433070862
0
LINE
8
BLACK
6
CONTINUOUS
10
5.7020757480314961
20
-4.4620135433070862
11
5.7095748031496063
21
-4.4601387795275587
0
LINE
8
BLACK
6
CONTINUOUS
10
5.7095748031496063
20
-4.4601387795275587
11
5.7096746456692911
21
-4.460123976377953
0
LINE
8
BLACK
6
CONTINUOUS
10
5.7096746456692911
20
-4.460123976377953
11
5.7097148818897638
21
-4.4601073622047247
0
LINE
8
BLACK
6
CONTINUOUS
10
5.7097148818897638
20
-4.4601073622047247
11
5.7099318897637792
21
-4.4600859842519682
0
LINE
8
BLACK
6
CONTINUOUS
10
5.7099318897637792
20
-4.4600859842519682
11
5.7101474015748028
21
-4.460054133858268
0
LINE
8
BLACK
6
CONTINUOUS
10
5.7101474015748028
20
-4.460054133858268
11
5.7101903937007874
21
-4.4600605118110233
0
LINE
8
BLACK
6
CONTINUOUS
10
5.7101903937007874
20
-4.4600605118110233
11
5.7102909448818897
21
-4.4600506299212599
0
LINE
8
BLACK
6
CONTINUOUS
10
5.7102909448818897
20
-4.4600506299212599
11
5.7252890551181101
21
-4.4600506299212599
0
LINE
8
BLACK
6
CONTINUOUS
10
5.7252890551181101
20
-4.4600506299212599
11
5.725865118110236
21
-4.4601073622047247
0
LINE
8
BLACK
6
CONTINUOUS
10
5.7139148031496063
20
-4.4673048818897634
11
5.7127176771653545
21
-4.4685020078740161
0
LINE
8
BLACK
6
CONTINUOUS
10
5.7127176771653545
20
-4.4685020078740161
11
5.7113689370078742
21
-4.4711994881889758
0
LINE
8
BLACK
6
CONTINUOUS
10
5.7113689370078742
20
-4.4711994881889758
11
5.7113689370078742
21
-4.4773044488188978
0
LINE
8
BLACK
6
CONTINUOUS
10
5.7113689370078742
20
-4.4773044488188978
11
5.7127176771653545
21
-4.4800019291338584
0
LINE
8
BLACK
6
CONTINUOUS
10
5.7127176771653545
20
-4.4800019291338584
11
5.7139148031496063
21
-4.4811990551181102
0
LINE
8
BLACK
6
CONTINUOUS
10
5.7139148031496063
20
-4.4811990551181102
11
5.716612283464567
21
-4.4825477952755906
0
LINE
8
BLACK
6
CONTINUOUS
10
5.716612283464567
20
-4.4825477952755906
11
5.7245920078740156
21
-4.4825477952755906
0
LINE
8
BLACK
6
CONTINUOUS
10
5.7245920078740156
20
-4.4825477952755906
11
5.7272894881889762
21
-4.4811990157480315
0
LINE
8
BLACK
6
CONTINUOUS
10
5.7272894881889762
20
-4.4811990157480315
11
5.7284866535433068
21
-4.4800018897637797
0
LINE
8
BLACK
6
CONTINUOUS
10
5.7284866535433068
20
-4.4800018897637797
11
5.7298353937007871
21
-4.4773044488188978
0
LINE
8
BLACK
6
CONTINUOUS
10
5.7298353937007871
20
-4.4773044488188978
11
5.7298353937007871
21
-4.4711994881889758
0
LINE
8
BLACK
6
CONTINUOUS
10
5.7298353937007871
20
-4.4711994881889758
11
5.7284866535433068
21
-4.4685020078740161
0
LINE
8
BLACK
6
CONTINUOUS
10
5.7284866535433068
20
-4.4685020078740161
11
5.7272894881889762
21
-4.4673048818897634
0
LINE
8
BLACK
6
CONTINUOUS
10
5.7272894881889762
20
-4.4673048818897634
11
5.7245920078740156
21
-4.4659561417322831
0
LINE
8
BLACK
6
CONTINUOUS
10
5.7245920078740156
20
-4.4659561417322831
11
5.716612283464567
21
-4.4659561417322831
0
LINE
8
BLACK
6
CONTINUOUS
10
5.716612283464567
20
-4.4659561417322831
11
5.7139148031496063
21
-4.4673048818897634
0
LINE
8
BLACK
6
CONTINUOUS
10
6.1590335039370077
20
-4.4578576377952759
11
6.1600979133858269
21
-4.4582985433070865
0
LINE
8
BLACK
6
CONTINUOUS
10
6.1600979133858269
20
-4.4582985433070865
11
6.1609125590551184
21
-4.459113188976378
0
LINE
8
BLACK
6
CONTINUOUS
10
6.1609125590551184
20
-4.459113188976378
11
6.161353464566929
21
-4.4601775984251963
0
LINE
8
BLACK
6
CONTINUOUS
10
6.161353464566929
20
-4.4601775984251963
11
6.1614101968503938
21
-4.4607536614173231
0
LINE
8
BLACK
6
CONTINUOUS
10
6.1614101968503938
20
-4.4607536614173231
11
6.1614101968503938
21
-4.4795012992125987
0
LINE
8
BLACK
6
CONTINUOUS
10
6.1614101968503938
20
-4.4795012992125987
11
6.161353464566929
21
-4.4800773622047245
0
LINE
8
BLACK
6
CONTINUOUS
10
6.161353464566929
20
-4.4800773622047245
11
6.1609125590551184
21
-4.4811417716535429
0
LINE
8
BLACK
6
CONTINUOUS
10
6.1609125590551184
20
-4.4811417716535429
11
6.1600979133858269
21
-4.4819564173228343
0
LINE
8
BLACK
6
CONTINUOUS
10
6.1600979133858269
20
-4.4819564173228343
11
6.1590335039370077
21
-4.4823973228346459
0
LINE
8
BLACK
6
CONTINUOUS
10
6.1590335039370077
20
-4.4823973228346459
11
6.1578813779527559
21
-4.4823973228346459
0
LINE
8
BLACK
6
CONTINUOUS
10
6.1578813779527559
20
-4.4823973228346459
11
6.1568169685039367
21
-4.4819564173228343
0
LINE
8
BLACK
6
CONTINUOUS
10
6.1568169685039367
20
-4.4819564173228343
11
6.1560023228346452
21
-4.4811417716535429
0
LINE
8
BLACK
6
CONTINUOUS
10
6.1560023228346452
20
-4.4811417716535429
11
6.1555614173228346
21
-4.4800773622047245
0
LINE
8
BLACK
6
CONTINUOUS
10
6.1555614173228346
20
-4.4800773622047245
11
6.1555046850393698
21
-4.4795012992125987
0
LINE
8
BLACK
6
CONTINUOUS
10
6.1555046850393698
20
-4.4795012992125987
11
6.1555046850393698
21
-4.4637064173228342
0
LINE
8
BLACK
6
CONTINUOUS
10
6.1555046850393698
20
-4.4637064173228342
11
6.1190873622047244
21
-4.4637064173228342
0
LINE
8
BLACK
6
CONTINUOUS
10
6.1190873622047244
20
-4.4637064173228342
11
6.1185112992125985
21
-4.4636496850393703
0
LINE
8
BLACK
6
CONTINUOUS
10
6.1185112992125985
20
-4.4636496850393703
11
6.1174468897637793
21
-4.4632087795275588
0
LINE
8
BLACK
6
CONTINUOUS
10
6.1174468897637793
20
-4.4632087795275588
11
6.1166322440944878
21
-4.4623941338582673
0
LINE
8
BLACK
6
CONTINUOUS
10
6.1166322440944878
20
-4.4623941338582673
11
6.1161913385826772
21
-4.461329724409449
0
LINE
8
BLACK
6
CONTINUOUS
10
6.1161913385826772
20
-4.461329724409449
11
6.1161913385826772
21
-4.4601775984251963
0
LINE
8
BLACK
6
CONTINUOUS
10
6.1161913385826772
20
-4.4601775984251963
11
6.1166322440944878
21
-4.459113188976378
0
LINE
8
BLACK
6
CONTINUOUS
10
6.1166322440944878
20
-4.459113188976378
11
6.1174468897637793
21
-4.4582985433070865
0
LINE
8
BLACK
6
CONTINUOUS
10
6.1174468897637793
20
-4.4582985433070865
11
6.1185112992125985
21
-4.4578576377952759
0
LINE
8
BLACK
6
CONTINUOUS
10
6.1185112992125985
20
-4.4578576377952759
11
6.1190873622047244
21
-4.4578009055118111
0
LINE
8
BLACK
6
CONTINUOUS
10
6.1190873622047244
20
-4.4578009055118111
11
6.1584574409448818
21
-4.4578009055118111
0
LINE
8
BLACK
6
CONTINUOUS
10
6.1584574409448818
20
-4.4578009055118111
11
6.1590335039370077
21
-4.4578576377952759
0
LINE
8
BLACK
6
CONTINUOUS
10
6.547197952755905
20
-4.4678963385826771
11
6.5484763779527562
21
-4.4691747637795274
0
LINE
8
BLACK
6
CONTINUOUS
10
6.5484763779527562
20
-4.4691747637795274
11
6.5484763779527562
21
-4.470982716535433
0
LINE
8
BLACK
6
CONTINUOUS
10
6.5484763779527562
20
-4.470982716535433
11
6.547197952755905
21
-4.4722611417322833
0
LINE
8
BLACK
6
CONTINUOUS
10
6.547197952755905
20
-4.4722611417322833
11
6.5462939763779522
21
-4.4724409448818898
0
LINE
8
BLACK
6
CONTINUOUS
10
6.5462939763779522
20
-4.4724409448818898
11
6.5328083858267716
21
-4.4724409448818898
0
LINE
8
BLACK
6
CONTINUOUS
10
6.5328083858267716
20
-4.4724409448818898
11
6.5319044094488188
21
-4.4722611417322833
0
LINE
8
BLACK
6
CONTINUOUS
10
6.5319044094488188
20
-4.4722611417322833
11
6.5306259842519685
21
-4.470982716535433
0
LINE
8
BLACK
6
CONTINUOUS
10
6.5306259842519685
20
-4.470982716535433
11
6.5306259842519685
21
-4.4691747637795274
0
LINE
8
BLACK
6
CONTINUOUS
10
6.5306259842519685
20
-4.4691747637795274
11
6.5319044094488188
21
-4.4678963385826771
0
LINE
8
BLACK
6
CONTINUOUS
10
6.5319044094488188
20
-4.4678963385826771
11
6.5328083858267716
21
-4.4677165354330706
0
LINE
8
BLACK
6
CONTINUOUS
10
6.5328083858267716
20
-4.4677165354330706
11
6.5462939763779522
21
-4.4677165354330706
0
LINE
8
BLACK
6
CONTINUOUS
10
6.5462939763779522
20
-4.4677165354330706
11
6.547197952755905
21
-4.4678963385826771
0
LINE
8
BLACK
6
CONTINUOUS
10
5.6490866141732283
20
-4.4206904330708658
11
5.6491296456692908
21
-4.4206840551181106
0
LINE
8
BLACK
6
CONTINUOUS
10
5.6491296456692908
20
-4.4206840551181106
11
5.6493451181102357
21
-4.4207159055118108
0
LINE
8
BLACK
6
CONTINUOUS
10
5.6493451181102357
20
-4.4207159055118108
11
5.6495621653543306
21
-4.4207372834645664
0
LINE
8
BLACK
6
CONTINUOUS
10
5.6495621653543306
20
-4.4207372834645664
11
5.6496023622047247
21
-4.4207538976377956
0
LINE
8
BLACK
6
CONTINUOUS
10
5.6496023622047247
20
-4.4207538976377956
11
5.6497022440944882
21
-4.4207687007874013
0
LINE
8
BLACK
6
CONTINUOUS
10
5.6497022440944882
20
-4.4207687007874013
11
5.6572012992125984
21
-4.4226434645669288
0
LINE
8
BLACK
6
CONTINUOUS
10
5.6572012992125984
20
-4.4226434645669288
11
5.6572437795275592
21
-4.4226586220472441
0
LINE
8
BLACK
6
CONTINUOUS
10
5.6572437795275592
20
-4.4226586220472441
11
5.6572650393700785
21
-4.4226601574803146
0
LINE
8
BLACK
6
CONTINUOUS
10
5.6572650393700785
20
-4.4226601574803146
11
5.6575044488188979
21
-4.4227517716535436
0
LINE
8
BLACK
6
CONTINUOUS
10
5.6575044488188979
20
-4.4227517716535436
11
5.6577464173228345
21
-4.4228382283464569
0
LINE
8
BLACK
6
CONTINUOUS
10
5.6577464173228345
20
-4.4228382283464569
11
5.6577635433070865
21
-4.4228509055118108
0
LINE
8
BLACK
6
CONTINUOUS
10
5.6577635433070865
20
-4.4228509055118108
11
5.6578056692913385
21
-4.4228670472440941
0
LINE
8
BLACK
6
CONTINUOUS
10
5.6578056692913385
20
-4.4228670472440941
11
5.6615551968503937
21
-4.4247418110236216
0
LINE
8
BLACK
6
CONTINUOUS
10
5.6615551968503937
20
-4.4247418110236216
11
5.6618030708661413
21
-4.4248978346456695
0
LINE
8
BLACK
6
CONTINUOUS
10
5.6618030708661413
20
-4.4248978346456695
11
5.6618751181102365
21
-4.4249276771653543
0
LINE
8
BLACK
6
CONTINUOUS
10
5.6618751181102365
20
-4.4249276771653543
11
5.6619561417322837
21
-4.4249941732283462
0
LINE
8
BLACK
6
CONTINUOUS
10
5.6619561417322837
20
-4.4249941732283462
11
5.6620450787401575
21
-4.4250501574803147
0
LINE
8
BLACK
6
CONTINUOUS
10
5.6620450787401575
20
-4.4250501574803147
11
5.6620962204724412
21
-4.4251091338582675
0
LINE
8
BLACK
6
CONTINUOUS
10
5.6620962204724412
20
-4.4251091338582675
11
5.662322598425197
21
-4.4252949212598427
0
LINE
8
BLACK
6
CONTINUOUS
10
5.662322598425197
20
-4.4252949212598427
11
5.6660721653543309
21
-4.4290444488188978
0
LINE
8
BLACK
6
CONTINUOUS
10
5.6660721653543309
20
-4.4290444488188978
11
5.6664394094488184
21
-4.4294918897637796
0
LINE
8
BLACK
6
CONTINUOUS
10
5.6664394094488184
20
-4.4294918897637796
11
5.66648
21
-4.4295899212598426
0
LINE
8
BLACK
6
CONTINUOUS
10
5.66648
20
-4.4295899212598426
11
5.6665494881889762
21
-4.4296700393700785
0
LINE
8
BLACK
6
CONTINUOUS
10
5.6665494881889762
20
-4.4296700393700785
11
5.666785472440945
21
-4.4301986220472438
0
LINE
8
BLACK
6
CONTINUOUS
10
5.666785472440945
20
-4.4301986220472438
11
5.6686602362204725
21
-4.4358228740157477
0
LINE
8
BLACK
6
CONTINUOUS
10
5.6686602362204725
20
-4.4358228740157477
11
5.6687251574803152
21
-4.4361085039370076
0
LINE
8
BLACK
6
CONTINUOUS
10
5.6687251574803152
20
-4.4361085039370076
11
5.6687550393700787
21
-4.4361805905511806
0
LINE
8
BLACK
6
CONTINUOUS
10
5.6687550393700787
20
-4.4361805905511806
11
5.6687653149606296
21
-4.4362850393700786
0
LINE
8
BLACK
6
CONTINUOUS
10
5.6687653149606296
20
-4.4362850393700786
11
5.6687885826771653
21
-4.436387322834646
0
LINE
8
BLACK
6
CONTINUOUS
10
5.6687885826771653
20
-4.436387322834646
11
5.668783031496063
21
-4.4364650393700789
0
LINE
8
BLACK
6
CONTINUOUS
10
5.668783031496063
20
-4.4364650393700789
11
5.6688117716535436
21
-4.4367566535433074
0
LINE
8
BLACK
6
CONTINUOUS
10
5.6688117716535436
20
-4.4367566535433074
11
5.6688117716535436
21
-4.4405061811023625
0
LINE
8
BLACK
6
CONTINUOUS
10
5.6688117716535436
20
-4.4405061811023625
11
5.668783031496063
21
-4.4407977559055114
0
LINE
8
BLACK
6
CONTINUOUS
10
5.668783031496063
20
-4.4407977559055114
11
5.6687885826771653
21
-4.4408755118110239
0
LINE
8
BLACK
6
CONTINUOUS
10
5.6687885826771653
20
-4.4408755118110239
11
5.6687653149606296
21
-4.4409777559055117
0
LINE
8
BLACK
6
CONTINUOUS
10
5.6687653149606296
20
-4.4409777559055117
11
5.6687550393700787
21
-4.4410822440944884
0
LINE
8
BLACK
6
CONTINUOUS
10
5.6687550393700787
20
-4.4410822440944884
11
5.6687251574803152
21
-4.4411542913385826
0
LINE
8
BLACK
6
CONTINUOUS
10
5.6687251574803152
20
-4.4411542913385826
11
5.6686602362204725
21
-4.4414399606299213
0
LINE
8
BLACK
6
CONTINUOUS
10
5.6686602362204725
20
-4.4414399606299213
11
5.666785472440945
21
-4.4470642125984252
0
LINE
8
BLACK
6
CONTINUOUS
10
5.666785472440945
20
-4.4470642125984252
11
5.6665494881889762
21
-4.4475927952755905
0
LINE
8
BLACK
6
CONTINUOUS
10
5.6665494881889762
20
-4.4475927952755905
11
5.6664799212598425
21
-4.4476729527559051
0
LINE
8
BLACK
6
CONTINUOUS
10
5.6664799212598425
20
-4.4476729527559051
11
5.6664393700787397
21
-4.4477709448818894
0
LINE
8
BLACK
6
CONTINUOUS
10
5.6664393700787397
20
-4.4477709448818894
11
5.6660721259842521
21
-4.44821842519685
0
LINE
8
BLACK
6
CONTINUOUS
10
5.6660721259842521
20
-4.44821842519685
11
5.6641973228346458
21
-4.4500931889763775
0
LINE
8
BLACK
6
CONTINUOUS
10
5.6641973228346458
20
-4.4500931889763775
11
5.663749881889764
21
-4.4504603937007872
0
LINE
8
BLACK
6
CONTINUOUS
10
5.663749881889764
20
-4.4504603937007872
11
5.6626854724409448
21
-4.4509012598425199
0
LINE
8
BLACK
6
CONTINUOUS
10
5.6626854724409448
20
-4.4509012598425199
11
5.6615333858267718
21
-4.4509012598425199
0
LINE
8
BLACK
6
CONTINUOUS
10
5.6615333858267718
20
-4.4509012598425199
11
5.6604689763779525
21
-4.4504603543307084
0
LINE
8
BLACK
6
CONTINUOUS
10
5.6604689763779525
20
-4.4504603543307084
11
5.6596542913385823
21
-4.4496456692913382
0
LINE
8
BLACK
6
CONTINUOUS
10
5.6596542913385823
20
-4.4496456692913382
11
5.6592134251968504
21
-4.4485812598425198
0
LINE
8
BLACK
6
CONTINUOUS
10
5.6592134251968504
20
-4.4485812598425198
11
5.6592134251968504
21
-4.447429173228346
0
LINE
8
BLACK
6
CONTINUOUS
10
5.6592134251968504
20
-4.447429173228346
11
5.6596543307086611
21
-4.4463647637795276
0
LINE
8
BLACK
6
CONTINUOUS
10
5.6596543307086611
20
-4.4463647637795276
11
5.6600215748031495
21
-4.445917283464567
0
LINE
8
BLACK
6
CONTINUOUS
10
5.6600215748031495
20
-4.445917283464567
11
5.6614034645669289
21
-4.4445353937007877
0
LINE
8
BLACK
6
CONTINUOUS
10
5.6614034645669289
20
-4.4445353937007877
11
5.6629062598425195
21
-4.4400270472440946
0
LINE
8
BLACK
6
CONTINUOUS
10
5.6629062598425195
20
-4.4400270472440946
11
5.6629062598425195
21
-4.4372357874015744
0
LINE
8
BLACK
6
CONTINUOUS
10
5.6629062598425195
20
-4.4372357874015744
11
5.6614034645669289
21
-4.4327274015748026
0
LINE
8
BLACK
6
CONTINUOUS
10
5.6614034645669289
20
-4.4327274015748026
11
5.6584855905511811
21
-4.4298095669291335
0
LINE
8
BLACK
6
CONTINUOUS
10
5.6584855905511811
20
-4.4298095669291335
11
5.6554546062992124
21
-4.4282940551181103
0
LINE
8
BLACK
6
CONTINUOUS
10
5.6554546062992124
20
-4.4282940551181103
11
5.6486225590551182
21
-4.4265860629921256
0
LINE
8
BLACK
6
CONTINUOUS
10
5.6486225590551182
20
-4.4265860629921256
11
5.6437253543307087
21
-4.4265860629921256
0
LINE
8
BLACK
6
CONTINUOUS
10
5.6437253543307087
20
-4.4265860629921256
11
5.6368933070866136
21
-4.4282940551181103
0
LINE
8
BLACK
6
CONTINUOUS
10
5.6368933070866136
20
-4.4282940551181103
11
5.6338623228346458
21
-4.4298095669291335
0
LINE
8
BLACK
6
CONTINUOUS
10
5.6338623228346458
20
-4.4298095669291335
11
5.6309444881889759
21
-4.4327273622047247
0
LINE
8
BLACK
6
CONTINUOUS
10
5.6309444881889759
20
-4.4327273622047247
11
5.6294416929133861
21
-4.4372357874015744
0
LINE
8
BLACK
6
CONTINUOUS
10
5.6294416929133861
20
-4.4372357874015744
11
5.6294416929133861
21
-4.4400270078740158
0
LINE
8
BLACK
6
CONTINUOUS
10
5.6294416929133861
20
-4.4400270078740158
11
5.6309444881889759
21
-4.4445354330708664
0
LINE
8
BLACK
6
CONTINUOUS
10
5.6309444881889759
20
-4.4445354330708664
11
5.6323263779527561
21
-4.4459173228346458
0
LINE
8
BLACK
6
CONTINUOUS
10
5.6323263779527561
20
-4.4459173228346458
11
5.6326935826771649
21
-4.4463647637795276
0
LINE
8
BLACK
6
CONTINUOUS
10
5.6326935826771649
20
-4.4463647637795276
11
5.6331344881889764
21
-4.447429173228346
0
LINE
8
BLACK
6
CONTINUOUS
10
5.6331344881889764
20
-4.447429173228346
11
5.6331344881889764
21
-4.4485812598425198
0
LINE
8
BLACK
6
CONTINUOUS
10
5.6331344881889764
20
-4.4485812598425198
11
5.6326935826771649
21
-4.4496456692913382
0
LINE
8
BLACK
6
CONTINUOUS
10
5.6326935826771649
20
-4.4496456692913382
11
5.6318788976377956
21
-4.4504603543307084
0
LINE
8
BLACK
6
CONTINUOUS
10
5.6318788976377956
20
-4.4504603543307084
11
5.6308144881889763
21
-4.4509012598425199
0
LINE
8
BLACK
6
CONTINUOUS
10
5.6308144881889763
20
-4.4509012598425199
11
5.6296624015748034
21
-4.4509012598425199
0
LINE
8
BLACK
6
CONTINUOUS
10
5.6296624015748034
20
-4.4509012598425199
11
5.6285979921259841
21
-4.4504603543307084
0
LINE
8
BLACK
6
CONTINUOUS
10
5.6285979921259841
20
-4.4504603543307084
11
5.6281505511811023
21
-4.4500931496062988
0
LINE
8
BLACK
6
CONTINUOUS
10
5.6281505511811023
20
-4.4500931496062988
11
5.6262757874015747
21
-4.4482183858267712
0
LINE
8
BLACK
6
CONTINUOUS
10
5.6262757874015747
20
-4.4482183858267712
11
5.6259085826771651
21
-4.4477709448818894
0
LINE
8
BLACK
6
CONTINUOUS
10
5.6259085826771651
20
-4.4477709448818894
11
5.6258679527559057
21
-4.4476728740157476
0
LINE
8
BLACK
6
CONTINUOUS
10
5.6258679527559057
20
-4.4476728740157476
11
5.6257984645669294
21
-4.4475927559055117
0
LINE
8
BLACK
6
CONTINUOUS
10
5.6257984645669294
20
-4.4475927559055117
11
5.6255624803149606
21
-4.4470642125984252
0
LINE
8
BLACK
6
CONTINUOUS
10
5.6255624803149606
20
-4.4470642125984252
11
5.6236877165354331
21
-4.4414399212598425
0
LINE
8
BLACK
6
CONTINUOUS
10
5.6236877165354331
20
-4.4414399212598425
11
5.6236227559055116
21
-4.4411543307086614
0
LINE
8
BLACK
6
CONTINUOUS
10
5.6236227559055116
20
-4.4411543307086614
11
5.6235929133858269
21
-4.4410822440944884
0
LINE
8
BLACK
6
CONTINUOUS
10
5.6235929133858269
20
-4.4410822440944884
11
5.6235825984251964
21
-4.4409777165354329
0
LINE
8
BLACK
6
CONTINUOUS
10
5.6235825984251964
20
-4.4409777165354329
11
5.6235593700787403
21
-4.4408754724409452
0
LINE
8
BLACK
6
CONTINUOUS
10
5.6235593700787403
20
-4.4408754724409452
11
5.6235648818897639
21
-4.4407977165354326
0
LINE
8
BLACK
6
CONTINUOUS
10
5.6235648818897639
20
-4.4407977165354326
11
5.6235361811023621
21
-4.4405061811023625
0
LINE
8
BLACK
6
CONTINUOUS
10
5.6235361811023621
20
-4.4405061811023625
11
5.6235361811023621
21
-4.4367566535433074
0
LINE
8
BLACK
6
CONTINUOUS
10
5.6235361811023621
20
-4.4367566535433074
11
5.6235648818897639
21
-4.4364650787401576
0
LINE
8
BLACK
6
CONTINUOUS
10
5.6235648818897639
20
-4.4364650787401576
11
5.6235593700787403
21
-4.4363873622047247
0
LINE
8
BLACK
6
CONTINUOUS
10
5.6235593700787403
20
-4.4363873622047247
11
5.6235825984251964
21
-4.4362850787401573
0
LINE
8
BLACK
6
CONTINUOUS
10
5.6235825984251964
20
-4.4362850787401573
11
5.6235929133858269
21
-4.4361805905511806
0
LINE
8
BLACK
6
CONTINUOUS
10
5.6235929133858269
20
-4.4361805905511806
11
5.6236227559055116
21
-4.4361084645669289
0
LINE
8
BLACK
6
CONTINUOUS
10
5.6236227559055116
20
-4.4361084645669289
11
5.6236877165354331
21
-4.4358229133858265
0
LINE
8
BLACK
6
CONTINUOUS
10
5.6236877165354331
20
-4.4358229133858265
11
5.6255624803149606
21
-4.4301986220472438
0
LINE
8
BLACK
6
CONTINUOUS
10
5.6255624803149606
20
-4.4301986220472438
11
5.6257984645669294
21
-4.4296700787401573
0
LINE
8
BLACK
6
CONTINUOUS
10
5.6257984645669294
20
-4.4296700787401573
11
5.6258679527559057
21
-4.4295899212598426
0
LINE
8
BLACK
6
CONTINUOUS
10
5.6258679527559057
20
-4.4295899212598426
11
5.6259085826771651
21
-4.4294918897637796
0
LINE
8
BLACK
6
CONTINUOUS
10
5.6259085826771651
20
-4.4294918897637796
11
5.6262757874015747
21
-4.4290444488188978
0
LINE
8
BLACK
6
CONTINUOUS
10
5.6262757874015747
20
-4.4290444488188978
11
5.6300253149606299
21
-4.4252949212598427
0
LINE
8
BLACK
6
CONTINUOUS
10
5.6300253149606299
20
-4.4252949212598427
11
5.6302516929133857
21
-4.42510905511811
0
LINE
8
BLACK
6
CONTINUOUS
10
5.6302516929133857
20
-4.42510905511811
11
5.6303028346456694
21
-4.4250501574803147
0
LINE
8
BLACK
6
CONTINUOUS
10
5.6303028346456694
20
-4.4250501574803147
11
5.6303915748031494
21
-4.4249942519685037
0
LINE
8
BLACK
6
CONTINUOUS
10
5.6303915748031494
20
-4.4249942519685037
11
5.6304727559055117
21
-4.4249276771653543
0
LINE
8
BLACK
6
CONTINUOUS
10
5.6304727559055117
20
-4.4249276771653543
11
5.6305448818897634
21
-4.4248977952755908
0
LINE
8
BLACK
6
CONTINUOUS
10
5.6305448818897634
20
-4.4248977952755908
11
5.6307927165354332
21
-4.4247418110236216
0
LINE
8
BLACK
6
CONTINUOUS
10
5.6307927165354332
20
-4.4247418110236216
11
5.6345422440944883
21
-4.4228670472440941
0
LINE
8
BLACK
6
CONTINUOUS
10
5.6345422440944883
20
-4.4228670472440941
11
5.6345843307086616
21
-4.4228509055118108
0
LINE
8
BLACK
6
CONTINUOUS
10
5.6345843307086616
20
-4.4228509055118108
11
5.6346014960629924
21
-4.4228382283464569
0
LINE
8
BLACK
6
CONTINUOUS
10
5.6346014960629924
20
-4.4228382283464569
11
5.6348430708661414
21
-4.4227518897637799
0
LINE
8
BLACK
6
CONTINUOUS
10
5.6348430708661414
20
-4.4227518897637799
11
5.6350828346456687
21
-4.4226601574803146
0
LINE
8
BLACK
6
CONTINUOUS
10
5.6350828346456687
20
-4.4226601574803146
11
5.6351040944881889
21
-4.4226586220472441
0
LINE
8
BLACK
6
CONTINUOUS
10
5.6351040944881889
20
-4.4226586220472441
11
5.6351466141732285
21
-4.4226434645669288
0
LINE
8
BLACK
6
CONTINUOUS
10
5.6351466141732285
20
-4.4226434645669288
11
5.6426456692913387
21
-4.4207687007874013
0
LINE
8
BLACK
6
CONTINUOUS
10
5.6426456692913387
20
-4.4207687007874013
11
5.6427455118110235
21
-4.4207538976377956
0
LINE
8
BLACK
6
CONTINUOUS
10
5.6427455118110235
20
-4.4207538976377956
11
5.6427857480314962
21
-4.4207372834645664
0
LINE
8
BLACK
6
CONTINUOUS
10
5.6427857480314962
20
-4.4207372834645664
11
5.6430027559055116
21
-4.4207159055118108
0
LINE
8
BLACK
6
CONTINUOUS
10
5.6430027559055116
20
-4.4207159055118108
11
5.6432182677165352
21
-4.4206840551181106
0
LINE
8
BLACK
6
CONTINUOUS
10
5.6432182677165352
20
-4.4206840551181106
11
5.6432612598425198
21
-4.4206904330708658
0
LINE
8
BLACK
6
CONTINUOUS
10
5.6432612598425198
20
-4.4206904330708658
11
5.6433618110236221
21
-4.4206805511811025
0
LINE
8
BLACK
6
CONTINUOUS
10
5.6433618110236221
20
-4.4206805511811025
11
5.6489861023622048
21
-4.4206805511811025
0
LINE
8
BLACK
6
CONTINUOUS
10
5.6489861023622048
20
-4.4206805511811025
11
5.6490866141732283
21
-4.4206904330708658
0
LINE
8
BLACK
6
CONTINUOUS
10
5.7160157480314959
20
-4.4206904330708658
11
5.7160587795275593
21
-4.4206840551181106
0
LINE
8
BLACK
6
CONTINUOUS
10
5.7160587795275593
20
-4.4206840551181106
11
5.7162742519685041
21
-4.4207159055118108
0
LINE
8
BLACK
6
CONTINUOUS
10
5.7162742519685041
20
-4.4207159055118108
11
5.7164912992125982
21
-4.4207372834645664
0
LINE
8
BLACK
6
CONTINUOUS
10
5.7164912992125982
20
-4.4207372834645664
11
5.7165314960629923
21
-4.4207538976377956
0
LINE
8
BLACK
6
CONTINUOUS
10
5.7165314960629923
20
-4.4207538976377956
11
5.7166313779527558
21
-4.4207687007874013
0
LINE
8
BLACK
6
CONTINUOUS
10
5.7166313779527558
20
-4.4207687007874013
11
5.724130433070866
21
-4.4226434645669288
0
LINE
8
BLACK
6
CONTINUOUS
10
5.724130433070866
20
-4.4226434645669288
11
5.7241729133858268
21
-4.4226586220472441
0
LINE
8
BLACK
6
CONTINUOUS
10
5.7241729133858268
20
-4.4226586220472441
11
5.7241941732283461
21
-4.4226601574803146
0
LINE
8
BLACK
6
CONTINUOUS
10
5.7241941732283461
20
-4.4226601574803146
11
5.7244335826771655
21
-4.4227517716535436
0
LINE
8
BLACK
6
CONTINUOUS
10
5.7244335826771655
20
-4.4227517716535436
11
5.7246755511811021
21
-4.4228382283464569
0
LINE
8
BLACK
6
CONTINUOUS
10
5.7246755511811021
20
-4.4228382283464569
11
5.7246926771653541
21
-4.4228509055118108
0
LINE
8
BLACK
6
CONTINUOUS
10
5.7246926771653541
20
-4.4228509055118108
11
5.7247348031496061
21
-4.4228670472440941
0
LINE
8
BLACK
6
CONTINUOUS
10
5.7247348031496061
20
-4.4228670472440941
11
5.7284843307086613
21
-4.4247418110236216
0
LINE
8
BLACK
6
CONTINUOUS
10
5.7284843307086613
20
-4.4247418110236216
11
5.7287322047244089
21
-4.4248978346456695
0
LINE
8
BLACK
6
CONTINUOUS
10
5.7287322047244089
20
-4.4248978346456695
11
5.7288042519685041
21
-4.4249276771653543
0
LINE
8
BLACK
6
CONTINUOUS
10
5.7288042519685041
20
-4.4249276771653543
11
5.7288852755905513
21
-4.4249941732283462
0
LINE
8
BLACK
6
CONTINUOUS
10
5.7288852755905513
20
-4.4249941732283462
11
5.7289742125984251
21
-4.4250501574803147
0
LINE
8
BLACK
6
CONTINUOUS
10
5.7289742125984251
20
-4.4250501574803147
11
5.7290253543307088
21
-4.4251091338582675
0
LINE
8
BLACK
6
CONTINUOUS
10
5.7290253543307088
20
-4.4251091338582675
11
5.7292517322834646
21
-4.4252949212598427
0
LINE
8
BLACK
6
CONTINUOUS
10
5.7292517322834646
20
-4.4252949212598427
11
5.7330012992125985
21
-4.4290444488188978
0
LINE
8
BLACK
6
CONTINUOUS
10
5.7330012992125985
20
-4.4290444488188978
11
5.7333685433070869
21
-4.4294918897637796
0
LINE
8
BLACK
6
CONTINUOUS
10
5.7333685433070869
20
-4.4294918897637796
11
5.7334091338582676
21
-4.4295899212598426
0
LINE
8
BLACK
6
CONTINUOUS
10
5.7334091338582676
20
-4.4295899212598426
11
5.7334786220472438
21
-4.4296700393700785
0
LINE
8
BLACK
6
CONTINUOUS
10
5.7334786220472438
20
-4.4296700393700785
11
5.7337146062992126
21
-4.4301986220472438
0
LINE
8
BLACK
6
CONTINUOUS
10
5.7337146062992126
20
-4.4301986220472438
11
5.7355893700787401
21
-4.4358228740157477
0
LINE
8
BLACK
6
CONTINUOUS
10
5.7355893700787401
20
-4.4358228740157477
11
5.7356542913385828
21
-4.4361085039370076
0
LINE
8
BLACK
6
CONTINUOUS
10
5.7356542913385828
20
-4.4361085039370076
11
5.7356841732283463
21
-4.4361805905511806
0
LINE
8
BLACK
6
CONTINUOUS
10
5.7356841732283463
20
-4.4361805905511806
11
5.7356944488188972
21
-4.4362850393700786
0
LINE
8
BLACK
6
CONTINUOUS
10
5.7356944488188972
20
-4.4362850393700786
11
5.7357177165354329
21
-4.436387322834646
0
LINE
8
BLACK
6
CONTINUOUS
10
5.7357177165354329
20
-4.436387322834646
11
5.7357121653543306
21
-4.4364650393700789
0
LINE
8
BLACK
6
CONTINUOUS
10
5.7357121653543306
20
-4.4364650393700789
11
5.7357409055118111
21
-4.4367566535433074
0
LINE
8
BLACK
6
CONTINUOUS
10
5.7357409055118111
20
-4.4367566535433074
11
5.7357409055118111
21
-4.4405061811023625
0
LINE
8
BLACK
6
CONTINUOUS
10
5.7357409055118111
20
-4.4405061811023625
11
5.7357121653543306
21
-4.4407977559055114
0
LINE
8
BLACK
6
CONTINUOUS
10
5.7357121653543306
20
-4.4407977559055114
11
5.7357177165354329
21
-4.4408755118110239
0
LINE
8
BLACK
6
CONTINUOUS
10
5.7357177165354329
20
-4.4408755118110239
11
5.7356944488188972
21
-4.4409777559055117
0
LINE
8
BLACK
6
CONTINUOUS
10
5.7356944488188972
20
-4.4409777559055117
11
5.7356841732283463
21
-4.4410822440944884
0
LINE
8
BLACK
6
CONTINUOUS
10
5.7356841732283463
20
-4.4410822440944884
11
5.7356542913385828
21
-4.4411542913385826
0
LINE
8
BLACK
6
CONTINUOUS
10
5.7356542913385828
20
-4.4411542913385826
11
5.7355893700787401
21
-4.4414399606299213
0
LINE
8
BLACK
6
CONTINUOUS
10
5.7355893700787401
20
-4.4414399606299213
11
5.7337146062992126
21
-4.4470642125984252
0
LINE
8
BLACK
6
CONTINUOUS
10
5.7337146062992126
20
-4.4470642125984252
11
5.7334786220472438
21
-4.4475927952755905
0
LINE
8
BLACK
6
CONTINUOUS
10
5.7334786220472438
20
-4.4475927952755905
11
5.7334090551181101
21
-4.4476729527559051
0
LINE
8
BLACK
6
CONTINUOUS
10
5.7334090551181101
20
-4.4476729527559051
11
5.7333685039370081
21
-4.4477709448818894
0
LINE
8
BLACK
6
CONTINUOUS
10
5.7333685039370081
20
-4.4477709448818894
11
5.7330012598425197
21
-4.44821842519685
0
LINE
8
BLACK
6
CONTINUOUS
10
5.7330012598425197
20
-4.44821842519685
11
5.7311264566929134
21
-4.4500931889763775
0
LINE
8
BLACK
6
CONTINUOUS
10
5.7311264566929134
20
-4.4500931889763775
11
5.7306790157480316
21
-4.4504603937007872
0
LINE
8
BLACK
6
CONTINUOUS
10
5.7306790157480316
20
-4.4504603937007872
11
5.7296146062992124
21
-4.4509012598425199
0
LINE
8
BLACK
6
CONTINUOUS
10
5.7296146062992124
20
-4.4509012598425199
11
5.7284625196850394
21
-4.4509012598425199
0
LINE
8
BLACK
6
CONTINUOUS
10
5.7284625196850394
20
-4.4509012598425199
11
5.7273981102362201
21
-4.4504603543307084
0
LINE
8
BLACK
6
CONTINUOUS
10
5.7273981102362201
20
-4.4504603543307084
11
5.7265834251968499
21
-4.4496456692913382
0
LINE
8
BLACK
6
CONTINUOUS
10
5.7265834251968499
20
-4.4496456692913382
11
5.726142559055118
21
-4.4485812598425198
0
LINE
8
BLACK
6
CONTINUOUS
10
5.726142559055118
20
-4.4485812598425198
11
5.726142559055118
21
-4.447429173228346
0
LINE
8
BLACK
6
CONTINUOUS
10
5.726142559055118
20
-4.447429173228346
11
5.7265834645669287
21
-4.4463647637795276
0
LINE
8
BLACK
6
CONTINUOUS
10
5.7265834645669287
20
-4.4463647637795276
11
5.7269507086614171
21
-4.445917283464567
0
LINE
8
BLACK
6
CONTINUOUS
10
5.7269507086614171
20
-4.445917283464567
11
5.7283325984251965
21
-4.4445353937007877
0
LINE
8
BLACK
6
CONTINUOUS
10
5.7283325984251965
20
-4.4445353937007877
11
5.7298353937007871
21
-4.4400270472440946
0
LINE
8
BLACK
6
CONTINUOUS
10
5.7298353937007871
20
-4.4400270472440946
11
5.7298353937007871
21
-4.4372357874015744
0
LINE
8
BLACK
6
CONTINUOUS
10
5.7298353937007871
20
-4.4372357874015744
11
5.7283325984251965
21
-4.4327274015748026
0
LINE
8
BLACK
6
CONTINUOUS
10
5.7283325984251965
20
-4.4327274015748026
11
5.7254147244094487
21
-4.4298095669291335
0
LINE
8
BLACK
6
CONTINUOUS
10
5.7254147244094487
20
-4.4298095669291335
11
5.72238374015748
21
-4.4282940551181103
0
LINE
8
BLACK
6
CONTINUOUS
10
5.72238374015748
20
-4.4282940551181103
11
5.7155516929133858
21
-4.4265860629921256
0
LINE
8
BLACK
6
CONTINUOUS
10
5.7155516929133858
20
-4.4265860629921256
11
5.7106544881889763
21
-4.4265860629921256
0
LINE
8
BLACK
6
CONTINUOUS
10
5.7106544881889763
20
-4.4265860629921256
11
5.7038224409448821
21
-4.4282940551181103
0
LINE
8
BLACK
6
CONTINUOUS
10
5.7038224409448821
20
-4.4282940551181103
11
5.7007914566929134
21
-4.4298095669291335
0
LINE
8
BLACK
6
CONTINUOUS
10
5.7007914566929134
20
-4.4298095669291335
11
5.6978736220472443
21
-4.4327273622047247
0
LINE
8
BLACK
6
CONTINUOUS
10
5.6978736220472443
20
-4.4327273622047247
11
5.6963708267716537
21
-4.4372357874015744
0
LINE
8
BLACK
6
CONTINUOUS
10
5.6963708267716537
20
-4.4372357874015744
11
5.6963708267716537
21
-4.4400270078740158
0
LINE
8
BLACK
6
CONTINUOUS
10
5.6963708267716537
20
-4.4400270078740158
11
5.6978736220472443
21
-4.4445354330708664
0
LINE
8
BLACK
6
CONTINUOUS
10
5.6978736220472443
20
-4.4445354330708664
11
5.6992555118110237
21
-4.4459173228346458
0
LINE
8
BLACK
6
CONTINUOUS
10
5.6992555118110237
20
-4.4459173228346458
11
5.6996227165354325
21
-4.4463647637795276
0
LINE
8
BLACK
6
CONTINUOUS
10
5.6996227165354325
20
-4.4463647637795276
11
5.700063622047244
21
-4.447429173228346
0
LINE
8
BLACK
6
CONTINUOUS
10
5.700063622047244
20
-4.447429173228346
11
5.700063622047244
21
-4.4485812598425198
0
LINE
8
BLACK
6
CONTINUOUS
10
5.700063622047244
20
-4.4485812598425198
11
5.6996227165354325
21
-4.4496456692913382
0
LINE
8
BLACK
6
CONTINUOUS
10
5.6996227165354325
20
-4.4496456692913382
11
5.6988080314960632
21
-4.4504603543307084
0
LINE
8
BLACK
6
CONTINUOUS
10
5.6988080314960632
20
-4.4504603543307084
11
5.6977436220472439
21
-4.4509012598425199
0
LINE
8
BLACK
6
CONTINUOUS
10
5.6977436220472439
20
-4.4509012598425199
11
5.696591535433071
21
-4.4509012598425199
0
LINE
8
BLACK
6
CONTINUOUS
10
5.696591535433071
20
-4.4509012598425199
11
5.6955271259842517
21
-4.4504603543307084
0
LINE
8
BLACK
6
CONTINUOUS
10
5.6955271259842517
20
-4.4504603543307084
11
5.6950796850393699
21
-4.4500931496062988
0
LINE
8
BLACK
6
CONTINUOUS
10
5.6950796850393699
20
-4.4500931496062988
11
5.6932049212598423
21
-4.4482183858267712
0
LINE
8
BLACK
6
CONTINUOUS
10
5.6932049212598423
20
-4.4482183858267712
11
5.6928377165354327
21
-4.4477709448818894
0
LINE
8
BLACK
6
CONTINUOUS
10
5.6928377165354327
20
-4.4477709448818894
11
5.6927970866141733
21
-4.4476728740157476
0
LINE
8
BLACK
6
CONTINUOUS
10
5.6927970866141733
20
-4.4476728740157476
11
5.692727598425197
21
-4.4475927559055117
0
LINE
8
BLACK
6
CONTINUOUS
10
5.692727598425197
20
-4.4475927559055117
11
5.6924916141732282
21
-4.4470642125984252
0
LINE
8
BLACK
6
CONTINUOUS
10
5.6924916141732282
20
-4.4470642125984252
11
5.6906168503937007
21
-4.4414399212598425
0
LINE
8
BLACK
6
CONTINUOUS
10
5.6906168503937007
20
-4.4414399212598425
11
5.6905518897637792
21
-4.4411543307086614
0
LINE
8
BLACK
6
CONTINUOUS
10
5.6905518897637792
20
-4.4411543307086614
11
5.6905220472440945
21
-4.4410822440944884
0
LINE
8
BLACK
6
CONTINUOUS
10
5.6905220472440945
20
-4.4410822440944884
11
5.6905117322834649
21
-4.4409777165354329
0
LINE
8
BLACK
6
CONTINUOUS
10
5.6905117322834649
20
-4.4409777165354329
11
5.6904885039370079
21
-4.4408754724409452
0
LINE
8
BLACK
6
CONTINUOUS
10
5.6904885039370079
20
-4.4408754724409452
11
5.6904940157480315
21
-4.4407977165354326
0
LINE
8
BLACK
6
CONTINUOUS
10
5.6904940157480315
20
-4.4407977165354326
11
5.6904653149606297
21
-4.4405061811023625
0
LINE
8
BLACK
6
CONTINUOUS
10
5.6904653149606297
20
-4.4405061811023625
11
5.6904653149606297
21
-4.4367566535433074
0
LINE
8
BLACK
6
CONTINUOUS
10
5.6904653149606297
20
-4.4367566535433074
11
5.6904940157480315
21
-4.4364650787401576
0
LINE
8
BLACK
6
CONTINUOUS
10
5.6904940157480315
20
-4.4364650787401576
11
5.6904885039370079
21
-4.4363873622047247
0
LINE
8
BLACK
6
CONTINUOUS
10
5.6904885039370079
20
-4.4363873622047247
11
5.6905117322834649
21
-4.4362850787401573
0
LINE
8
BLACK
6
CONTINUOUS
10
5.6905117322834649
20
-4.4362850787401573
11
5.6905220472440945
21
-4.4361805905511806
0
LINE
8
BLACK
6
CONTINUOUS
10
5.6905220472440945
20
-4.4361805905511806
11
5.6905518897637792
21
-4.4361084645669289
0
LINE
8
BLACK
6
CONTINUOUS
10
5.6905518897637792
20
-4.4361084645669289
11
5.6906168503937007
21
-4.4358229133858265
0
LINE
8
BLACK
6
CONTINUOUS
10
5.6906168503937007
20
-4.4358229133858265
11
5.6924916141732282
21
-4.4301986220472438
0
LINE
8
BLACK
6
CONTINUOUS
10
5.6924916141732282
20
-4.4301986220472438
11
5.692727598425197
21
-4.4296700787401573
0
LINE
8
BLACK
6
CONTINUOUS
10
5.692727598425197
20
-4.4296700787401573
11
5.6927970866141733
21
-4.4295899212598426
0
LINE
8
BLACK
6
CONTINUOUS
10
5.6927970866141733
20
-4.4295899212598426
11
5.6928377165354327
21
-4.4294918897637796
0
LINE
8
BLACK
6
CONTINUOUS
10
5.6928377165354327
20
-4.4294918897637796
11
5.6932049212598423
21
-4.4290444488188978
0
LINE
8
BLACK
6
CONTINUOUS
10
5.6932049212598423
20
-4.4290444488188978
11
5.6969544488188975
21
-4.4252949212598427
0
LINE
8
BLACK
6
CONTINUOUS
10
5.6969544488188975
20
-4.4252949212598427
11
5.6971808267716533
21
-4.42510905511811
0
LINE
8
BLACK
6
CONTINUOUS
10
5.6971808267716533
20
-4.42510905511811
11
5.697231968503937
21
-4.4250501574803147
0
LINE
8
BLACK
6
CONTINUOUS
10
5.697231968503937
20
-4.4250501574803147
11
5.697320708661417
21
-4.4249942519685037
0
LINE
8
BLACK
6
CONTINUOUS
10
5.697320708661417
20
-4.4249942519685037
11
5.6974018897637793
21
-4.4249276771653543
0
LINE
8
BLACK
6
CONTINUOUS
10
5.6974018897637793
20
-4.4249276771653543
11
5.697474015748031
21
-4.4248977952755908
0
LINE
8
BLACK
6
CONTINUOUS
10
5.697474015748031
20
-4.4248977952755908
11
5.6977218503937008
21
-4.4247418110236216
0
LINE
8
BLACK
6
CONTINUOUS
10
5.6977218503937008
20
-4.4247418110236216
11
5.7014713779527559
21
-4.4228670472440941
0
LINE
8
BLACK
6
CONTINUOUS
10
5.7014713779527559
20
-4.4228670472440941
11
5.7015134645669292
21
-4.4228509055118108
0
LINE
8
BLACK
6
CONTINUOUS
10
5.7015134645669292
20
-4.4228509055118108
11
5.70153062992126
21
-4.4228382283464569
0
LINE
8
BLACK
6
CONTINUOUS
10
5.70153062992126
20
-4.4228382283464569
11
5.701772204724409
21
-4.4227518897637799
0
LINE
8
BLACK
6
CONTINUOUS
10
5.701772204724409
20
-4.4227518897637799
11
5.7020119685039372
21
-4.4226601574803146
0
LINE
8
BLACK
6
CONTINUOUS
10
5.7020119685039372
20
-4.4226601574803146
11
5.7020332283464565
21
-4.4226586220472441
0
LINE
8
BLACK
6
CONTINUOUS
10
5.7020332283464565
20
-4.4226586220472441
11
5.7020757480314961
21
-4.4226434645669288
0
LINE
8
BLACK
6
CONTINUOUS
10
5.7020757480314961
20
-4.4226434645669288
11
5.7095748031496063
21
-4.4207687007874013
0
LINE
8
BLACK
6
CONTINUOUS
10
5.7095748031496063
20
-4.4207687007874013
11
5.7096746456692911
21
-4.4207538976377956
0
LINE
8
BLACK
6
CONTINUOUS
10
5.7096746456692911
20
-4.4207538976377956
11
5.7097148818897638
21
-4.4207372834645664
0
LINE
8
BLACK
6
CONTINUOUS
10
5.7097148818897638
20
-4.4207372834645664
11
5.7099318897637792
21
-4.4207159055118108
0
LINE
8
BLACK
6
CONTINUOUS
10
5.7099318897637792
20
-4.4207159055118108
11
5.7101474015748028
21
-4.4206840551181106
0
LINE
8
BLACK
6
CONTINUOUS
10
5.7101474015748028
20
-4.4206840551181106
11
5.7101903937007874
21
-4.4206904330708658
0
LINE
8
BLACK
6
CONTINUOUS
10
5.7101903937007874
20
-4.4206904330708658
11
5.7102909448818897
21
-4.4206805511811025
0
LINE
8
BLACK
6
CONTINUOUS
10
5.7102909448818897
20
-4.4206805511811025
11
5.7159152362204724
21
-4.4206805511811025
0
LINE
8
BLACK
6
CONTINUOUS
10
5.7159152362204724
20
-4.4206805511811025
11
5.7160157480314959
21
-4.4206904330708658
0
LINE
8
BLACK
6
CONTINUOUS
10
5.4949479921259838
20
-4.4028842519685041
11
5.4950459842519681
21
-4.4029248425196847
0
LINE
8
BLACK
6
CONTINUOUS
10
5.4950459842519681
20
-4.4029248425196847
11
5.4951518110236215
21
-4.4029323622047247
0
LINE
8
BLACK
6
CONTINUOUS
10
5.4951518110236215
20
-4.4029323622047247
11
5.4956924409448815
21
-4.4031392519685042
0
LINE
8
BLACK
6
CONTINUOUS
10
5.4956924409448815
20
-4.4031392519685042
11
5.4994419685039366
21
-4.4050140157480318
0
LINE
8
BLACK
6
CONTINUOUS
10
5.4994419685039366
20
-4.4050140157480318
11
5.4996899606299214
21
-4.4051700787401575
0
LINE
8
BLACK
6
CONTINUOUS
10
5.4996899606299214
20
-4.4051700787401575
11
5.4997619291338582
21
-4.4051999212598423
0
LINE
8
BLACK
6
CONTINUOUS
10
5.4997619291338582
20
-4.4051999212598423
11
5.4998428740157479
21
-4.4052663779527554
0
LINE
8
BLACK
6
CONTINUOUS
10
5.4998428740157479
20
-4.4052663779527554
11
5.4999318503937005
21
-4.405322362204724
0
LINE
8
BLACK
6
CONTINUOUS
10
5.4999318503937005
20
-4.405322362204724
11
5.4999829921259842
21
-4.4053813385826768
0
LINE
8
BLACK
6
CONTINUOUS
10
5.4999829921259842
20
-4.4053813385826768
11
5.50020937007874
21
-4.4055671259842519
0
LINE
8
BLACK
6
CONTINUOUS
10
5.50020937007874
20
-4.4055671259842519
11
5.5020841338582676
21
-4.4074418897637795
0
LINE
8
BLACK
6
CONTINUOUS
10
5.5020841338582676
20
-4.4074418897637795
11
5.5024513385826772
21
-4.4078893307086613
0
LINE
8
BLACK
6
CONTINUOUS
10
5.5024513385826772
20
-4.4078893307086613
11
5.5028922440944879
21
-4.4089537401574805
0
LINE
8
BLACK
6
CONTINUOUS
10
5.5028922440944879
20
-4.4089537401574805
11
5.5028922440944879
21
-4.4101058267716535
0
LINE
8
BLACK
6
CONTINUOUS
10
5.5028922440944879
20
-4.4101058267716535
11
5.5024513385826772
21
-4.4111702362204728
0
LINE
8
BLACK
6
CONTINUOUS
10
5.5024513385826772
20
-4.4111702362204728
11
5.501636653543307
21
-4.4119849212598421
0
LINE
8
BLACK
6
CONTINUOUS
10
5.501636653543307
20
-4.4119849212598421
11
5.5005722440944878
21
-4.4124258267716536
0
LINE
8
BLACK
6
CONTINUOUS
10
5.5005722440944878
20
-4.4124258267716536
11
5.4994201574803148
21
-4.4124258267716536
0
LINE
8
BLACK
6
CONTINUOUS
10
5.4994201574803148
20
-4.4124258267716536
11
5.4983557480314955
21
-4.4119849212598421
0
LINE
8
BLACK
6
CONTINUOUS
10
5.4983557480314955
20
-4.4119849212598421
11
5.4979083070866137
21
-4.4116177165354333
0
LINE
8
BLACK
6
CONTINUOUS
10
5.4979083070866137
20
-4.4116177165354333
11
5.496372362204724
21
-4.4100817716535436
0
LINE
8
BLACK
6
CONTINUOUS
10
5.496372362204724
20
-4.4100817716535436
11
5.4936748818897634
21
-4.4087330314960633
0
LINE
8
BLACK
6
CONTINUOUS
10
5.4936748818897634
20
-4.4087330314960633
11
5.4856951574803148
21
-4.4087330314960633
0
LINE
8
BLACK
6
CONTINUOUS
10
5.4856951574803148
20
-4.4087330314960633
11
5.4829976771653541
21
-4.4100817716535436
0
LINE
8
BLACK
6
CONTINUOUS
10
5.4829976771653541
20
-4.4100817716535436
11
5.4818005511811023
21
-4.4112788976377955
0
LINE
8
BLACK
6
CONTINUOUS
10
5.4818005511811023
20
-4.4112788976377955
11
5.480451811023622
21
-4.4139763779527561
0
LINE
8
BLACK
6
CONTINUOUS
10
5.480451811023622
20
-4.4139763779527561
11
5.480451811023622
21
-4.41654968503937
0
LINE
8
BLACK
6
CONTINUOUS
10
5.480451811023622
20
-4.41654968503937
11
5.4819546062992126
21
-4.4210581102362205
0
LINE
8
BLACK
6
CONTINUOUS
10
5.4819546062992126
20
-4.4210581102362205
11
5.5039588976377951
21
-4.4430624409448818
0
LINE
8
BLACK
6
CONTINUOUS
10
5.5039588976377951
20
-4.4430624409448818
11
5.5043261417322835
21
-4.4435098818897636
0
LINE
8
BLACK
6
CONTINUOUS
10
5.5043261417322835
20
-4.4435098818897636
11
5.5047670078740154
21
-4.4445743307086616
0
LINE
8
BLACK
6
CONTINUOUS
10
5.5047670078740154
20
-4.4445743307086616
11
5.5047670078740154
21
-4.4457264173228346
0
LINE
8
BLACK
6
CONTINUOUS
10
5.5047670078740154
20
-4.4457264173228346
11
5.5043261023622048
21
-4.4467908267716538
0
LINE
8
BLACK
6
CONTINUOUS
10
5.5043261023622048
20
-4.4467908267716538
11
5.5035114566929133
21
-4.4476055118110231
0
LINE
8
BLACK
6
CONTINUOUS
10
5.5035114566929133
20
-4.4476055118110231
11
5.502758779527559
21
-4.4479172440944881
0
LINE
8
BLACK
6
CONTINUOUS
10
5.502758779527559
20
-4.4479172440944881
11
5.5024470472440941
21
-4.4480463779527559
0
LINE
8
BLACK
6
CONTINUOUS
10
5.5024470472440941
20
-4.4480463779527559
11
5.5018709842519682
21
-4.4481031102362207
0
LINE
8
BLACK
6
CONTINUOUS
10
5.5018709842519682
20
-4.4481031102362207
11
5.47749905511811
21
-4.4481031102362207
0
LINE
8
BLACK
6
CONTINUOUS
10
5.47749905511811
20
-4.4481031102362207
11
5.4769229921259841
21
-4.4480463779527559
0
LINE
8
BLACK
6
CONTINUOUS
10
5.4769229921259841
20
-4.4480463779527559
11
5.4758585826771649
21
-4.4476054724409444
0
LINE
8
BLACK
6
CONTINUOUS
10
5.4758585826771649
20
-4.4476054724409444
11
5.4750439370078743
21
-4.4467908267716538
0
LINE
8
BLACK
6
CONTINUOUS
10
5.4750439370078743
20
-4.4467908267716538
11
5.4746030314960628
21
-4.4457264173228346
0
LINE
8
BLACK
6
CONTINUOUS
10
5.4746030314960628
20
-4.4457264173228346
11
5.4746030314960628
21
-4.4445742913385828
0
LINE
8
BLACK
6
CONTINUOUS
10
5.4746030314960628
20
-4.4445742913385828
11
5.4750439370078743
21
-4.4435098818897636
0
LINE
8
BLACK
6
CONTINUOUS
10
5.4750439370078743
20
-4.4435098818897636
11
5.4758585826771649
21
-4.4426952362204721
0
LINE
8
BLACK
6
CONTINUOUS
10
5.4758585826771649
20
-4.4426952362204721
11
5.4769229921259841
21
-4.4422543307086615
0
LINE
8
BLACK
6
CONTINUOUS
10
5.4769229921259841
20
-4.4422543307086615
11
5.47749905511811
21
-4.4421975984251967
0
LINE
8
BLACK
6
CONTINUOUS
10
5.47749905511811
20
-4.4421975984251967
11
5.4947424015748032
21
-4.4421975984251967
0
LINE
8
BLACK
6
CONTINUOUS
10
5.4947424015748032
20
-4.4421975984251967
11
5.4772859055118106
21
-4.4247410629921262
0
LINE
8
BLACK
6
CONTINUOUS
10
5.4772859055118106
20
-4.4247410629921262
11
5.4769187007874018
21
-4.4242936220472444
0
LINE
8
BLACK
6
CONTINUOUS
10
5.4769187007874018
20
-4.4242936220472444
11
5.4768780708661415
21
-4.4241955511811026
0
LINE
8
BLACK
6
CONTINUOUS
10
5.4768780708661415
20
-4.4241955511811026
11
5.4768085826771653
21
-4.4241154330708659
0
LINE
8
BLACK
6
CONTINUOUS
10
5.4768085826771653
20
-4.4241154330708659
11
5.4765725984251965
21
-4.4235868897637793
0
LINE
8
BLACK
6
CONTINUOUS
10
5.4765725984251965
20
-4.4235868897637793
11
5.4746978346456689
21
-4.4179625984251967
0
LINE
8
BLACK
6
CONTINUOUS
10
5.4746978346456689
20
-4.4179625984251967
11
5.4746328740157475
21
-4.4176770078740155
0
LINE
8
BLACK
6
CONTINUOUS
10
5.4746328740157475
20
-4.4176770078740155
11
5.4746030314960628
21
-4.4176049212598425
0
LINE
8
BLACK
6
CONTINUOUS
10
5.4746030314960628
20
-4.4176049212598425
11
5.4745927165354331
21
-4.4175003937007871
0
LINE
8
BLACK
6
CONTINUOUS
10
5.4745927165354331
20
-4.4175003937007871
11
5.4745694881889762
21
-4.4173981496062993
0
LINE
8
BLACK
6
CONTINUOUS
10
5.4745694881889762
20
-4.4173981496062993
11
5.4745749999999997
21
-4.4173203937007877
0
LINE
8
BLACK
6
CONTINUOUS
10
5.4745749999999997
20
-4.4173203937007877
11
5.4745462992125979
21
-4.4170288582677166
0
LINE
8
BLACK
6
CONTINUOUS
10
5.4745462992125979
20
-4.4170288582677166
11
5.4745462992125979
21
-4.4132793307086615
0
LINE
8
BLACK
6
CONTINUOUS
10
5.4745462992125979
20
-4.4132793307086615
11
5.4746030314960628
21
-4.4127032677165356
0
LINE
8
BLACK
6
CONTINUOUS
10
5.4746030314960628
20
-4.4127032677165356
11
5.4746436220472443
21
-4.4126052362204726
0
LINE
8
BLACK
6
CONTINUOUS
10
5.4746436220472443
20
-4.4126052362204726
11
5.4746511417322834
21
-4.4124994488188971
0
LINE
8
BLACK
6
CONTINUOUS
10
5.4746511417322834
20
-4.4124994488188971
11
5.4748580314960629
21
-4.411958818897638
0
LINE
8
BLACK
6
CONTINUOUS
10
5.4748580314960629
20
-4.411958818897638
11
5.4767327952755904
21
-4.4082092913385829
0
LINE
8
BLACK
6
CONTINUOUS
10
5.4767327952755904
20
-4.4082092913385829
11
5.4768888582677162
21
-4.4079612598425193
0
LINE
8
BLACK
6
CONTINUOUS
10
5.4768888582677162
20
-4.4079612598425193
11
5.4769187007874018
21
-4.4078893307086613
0
LINE
8
BLACK
6
CONTINUOUS
10
5.4769187007874018
20
-4.4078893307086613
11
5.476985157480315
21
-4.4078083464566928
0
LINE
8
BLACK
6
CONTINUOUS
10
5.476985157480315
20
-4.4078083464566928
11
5.4770411417322835
21
-4.407719409448819
0
LINE
8
BLACK
6
CONTINUOUS
10
5.4770411417322835
20
-4.407719409448819
11
5.4771001181102363
21
-4.4076682283464566
0
LINE
8
BLACK
6
CONTINUOUS
10
5.4771001181102363
20
-4.4076682283464566
11
5.4772859055118106
21
-4.4074418897637795
0
LINE
8
BLACK
6
CONTINUOUS
10
5.4772859055118106
20
-4.4074418897637795
11
5.4791606692913382
21
-4.4055671259842519
0
LINE
8
BLACK
6
CONTINUOUS
10
5.4791606692913382
20
-4.4055671259842519
11
5.4793870078740152
21
-4.4053813385826768
0
LINE
8
BLACK
6
CONTINUOUS
10
5.4793870078740152
20
-4.4053813385826768
11
5.4794381889763777
21
-4.405322362204724
0
LINE
8
BLACK
6
CONTINUOUS
10
5.4794381889763777
20
-4.405322362204724
11
5.4795271259842515
21
-4.4052663779527554
0
LINE
8
BLACK
6
CONTINUOUS
10
5.4795271259842515
20
-4.4052663779527554
11
5.47960811023622
21
-4.4051999212598423
0
LINE
8
BLACK
6
CONTINUOUS
10
5.47960811023622
20
-4.4051999212598423
11
5.4796800393700789
21
-4.4051700787401575
0
LINE
8
BLACK
6
CONTINUOUS
10
5.4796800393700789
20
-4.4051700787401575
11
5.4799280708661415
21
-4.4050140157480318
0
LINE
8
BLACK
6
CONTINUOUS
10
5.4799280708661415
20
-4.4050140157480318
11
5.4836775984251966
21
-4.4031392519685042
0
LINE
8
BLACK
6
CONTINUOUS
10
5.4836775984251966
20
-4.4031392519685042
11
5.4842181889763779
21
-4.4029323622047247
0
LINE
8
BLACK
6
CONTINUOUS
10
5.4842181889763779
20
-4.4029323622047247
11
5.4843240551181101
21
-4.402924803149606
0
LINE
8
BLACK
6
CONTINUOUS
10
5.4843240551181101
20
-4.402924803149606
11
5.4844220472440943
21
-4.4028842519685041
0
LINE
8
BLACK
6
CONTINUOUS
10
5.4844220472440943
20
-4.4028842519685041
11
5.4849981102362202
21
-4.4028275196850393
0
LINE
8
BLACK
6
CONTINUOUS
10
5.4849981102362202
20
-4.4028275196850393
11
5.494371929133858
21
-4.4028275196850393
0
LINE
8
BLACK
6
CONTINUOUS
10
5.494371929133858
20
-4.4028275196850393
11
5.4949479921259838
21
-4.4028842519685041
0
LINE
8
BLACK
6
CONTINUOUS
10
5.5185096062992125
20
-4.4033251574803147
11
5.519324251968504
21
-4.4041398031496062
0
LINE
8
BLACK
6
CONTINUOUS
10
5.519324251968504
20
-4.4041398031496062
11
5.5197651574803146
21
-4.4052042125984254
0
LINE
8
BLACK
6
CONTINUOUS
10
5.5197651574803146
20
-4.4052042125984254
11
5.5198218897637794
21
-4.4057802755905513
0
LINE
8
BLACK
6
CONTINUOUS
10
5.5198218897637794
20
-4.4057802755905513
11
5.5198218897637794
21
-4.4369542125984252
0
LINE
8
BLACK
6
CONTINUOUS
10
5.5198218897637794
20
-4.4369542125984252
11
5.5211706299212597
21
-4.4396516929133858
0
LINE
8
BLACK
6
CONTINUOUS
10
5.5211706299212597
20
-4.4396516929133858
11
5.5223677559055115
21
-4.4408488582677164
0
LINE
8
BLACK
6
CONTINUOUS
10
5.5223677559055115
20
-4.4408488582677164
11
5.5250652362204722
21
-4.4421975984251967
0
LINE
8
BLACK
6
CONTINUOUS
10
5.5250652362204722
20
-4.4421975984251967
11
5.5311701968503932
21
-4.4421975984251967
0
LINE
8
BLACK
6
CONTINUOUS
10
5.5311701968503932
20
-4.4421975984251967
11
5.5338676377952751
21
-4.4408488582677164
0
LINE
8
BLACK
6
CONTINUOUS
10
5.5338676377952751
20
-4.4408488582677164
11
5.5350647637795278
21
-4.4396516929133858
0
LINE
8
BLACK
6
CONTINUOUS
10
5.5350647637795278
20
-4.4396516929133858
11
5.5364135433070869
21
-4.4369542125984252
0
LINE
8
BLACK
6
CONTINUOUS
10
5.5364135433070869
20
-4.4369542125984252
11
5.5364135433070869
21
-4.4057802755905513
0
LINE
8
BLACK
6
CONTINUOUS
10
5.5364135433070869
20
-4.4057802755905513
11
5.5364702755905508
21
-4.4052042125984254
0
LINE
8
BLACK
6
CONTINUOUS
10
5.5364702755905508
20
-4.4052042125984254
11
5.5369111811023624
21
-4.4041398031496062
0
LINE
8
BLACK
6
CONTINUOUS
10
5.5369111811023624
20
-4.4041398031496062
11
5.5377258267716538
21
-4.4033251574803147
0
LINE
8
BLACK
6
CONTINUOUS
10
5.5377258267716538
20
-4.4033251574803147
11
5.5387902362204722
21
-4.4028842519685041
0
LINE
8
BLACK
6
CONTINUOUS
10
5.5387902362204722
20
-4.4028842519685041
11
5.5399423622047239
21
-4.4028842519685041
0
LINE
8
BLACK
6
CONTINUOUS
10
5.5399423622047239
20
-4.4028842519685041
11
5.5410067716535432
21
-4.4033251574803147
0
LINE
8
BLACK
6
CONTINUOUS
10
5.5410067716535432
20
-4.4033251574803147
11
5.5418214173228346
21
-4.4041398031496062
0
LINE
8
BLACK
6
CONTINUOUS
10
5.5418214173228346
20
-4.4041398031496062
11
5.5422623228346453
21
-4.4052042125984254
0
LINE
8
BLACK
6
CONTINUOUS
10
5.5422623228346453
20
-4.4052042125984254
11
5.5423190551181101
21
-4.4057802755905513
0
LINE
8
BLACK
6
CONTINUOUS
10
5.5423190551181101
20
-4.4057802755905513
11
5.5423190551181101
21
-4.4376512598425197
0
LINE
8
BLACK
6
CONTINUOUS
10
5.5423190551181101
20
-4.4376512598425197
11
5.5422623228346453
21
-4.4382273228346456
0
LINE
8
BLACK
6
CONTINUOUS
10
5.5422623228346453
20
-4.4382273228346456
11
5.5422217322834646
21
-4.4383252755905511
0
LINE
8
BLACK
6
CONTINUOUS
10
5.5422217322834646
20
-4.4383252755905511
11
5.5422142125984255
21
-4.438431181102362
0
LINE
8
BLACK
6
CONTINUOUS
10
5.5422142125984255
20
-4.438431181102362
11
5.5420073228346451
21
-4.4389717716535433
0
LINE
8
BLACK
6
CONTINUOUS
10
5.5420073228346451
20
-4.4389717716535433
11
5.5401325590551176
21
-4.4427212992125984
0
LINE
8
BLACK
6
CONTINUOUS
10
5.5401325590551176
20
-4.4427212992125984
11
5.5399764960629918
21
-4.4429691732283461
0
LINE
8
BLACK
6
CONTINUOUS
10
5.5399764960629918
20
-4.4429691732283461
11
5.5399466929133858
21
-4.4430412204724412
0
LINE
8
BLACK
6
CONTINUOUS
10
5.5399466929133858
20
-4.4430412204724412
11
5.5398801574803151
21
-4.4431222440944884
0
LINE
8
BLACK
6
CONTINUOUS
10
5.5398801574803151
20
-4.4431222440944884
11
5.5398242125984254
21
-4.4432111811023622
0
LINE
8
BLACK
6
CONTINUOUS
10
5.5398242125984254
20
-4.4432111811023622
11
5.5397651968503938
21
-4.4432623228346459
0
LINE
8
BLACK
6
CONTINUOUS
10
5.5397651968503938
20
-4.4432623228346459
11
5.5395794488188974
21
-4.4434887007874018
0
LINE
8
BLACK
6
CONTINUOUS
10
5.5395794488188974
20
-4.4434887007874018
11
5.5377047244094486
21
-4.4453634645669293
0
LINE
8
BLACK
6
CONTINUOUS
10
5.5377047244094486
20
-4.4453634645669293
11
5.5374783464566928
21
-4.4455492125984248
0
LINE
8
BLACK
6
CONTINUOUS
10
5.5374783464566928
20
-4.4455492125984248
11
5.5374271653543303
21
-4.4456082677165352
0
LINE
8
BLACK
6
CONTINUOUS
10
5.5374271653543303
20
-4.4456082677165352
11
5.5373381889763778
21
-4.4456642519685037
0
LINE
8
BLACK
6
CONTINUOUS
10
5.5373381889763778
20
-4.4456642519685037
11
5.5372572440944881
21
-4.4457307086614168
0
LINE
8
BLACK
6
CONTINUOUS
10
5.5372572440944881
20
-4.4457307086614168
11
5.5371852755905513
21
-4.4457605118110237
0
LINE
8
BLACK
6
CONTINUOUS
10
5.5371852755905513
20
-4.4457605118110237
11
5.5369372834645665
21
-4.4459166141732283
0
LINE
8
BLACK
6
CONTINUOUS
10
5.5369372834645665
20
-4.4459166141732283
11
5.5331877559055114
21
-4.4477913779527558
0
LINE
8
BLACK
6
CONTINUOUS
10
5.5331877559055114
20
-4.4477913779527558
11
5.5326471259842522
21
-4.4479982677165353
0
LINE
8
BLACK
6
CONTINUOUS
10
5.5326471259842522
20
-4.4479982677165353
11
5.532541299212598
21
-4.4480057480314956
0
LINE
8
BLACK
6
CONTINUOUS
10
5.532541299212598
20
-4.4480057480314956
11
5.5324433070866137
21
-4.4480463779527559
0
LINE
8
BLACK
6
CONTINUOUS
10
5.5324433070866137
20
-4.4480463779527559
11
5.5318672440944878
21
-4.4481031102362207
0
LINE
8
BLACK
6
CONTINUOUS
10
5.5318672440944878
20
-4.4481031102362207
11
5.5243681889763776
21
-4.4481031102362207
0
LINE
8
BLACK
6
CONTINUOUS
10
5.5243681889763776
20
-4.4481031102362207
11
5.5237921259842517
21
-4.4480463779527559
0
LINE
8
BLACK
6
CONTINUOUS
10
5.5237921259842517
20
-4.4480463779527559
11
5.5236941338582675
21
-4.4480057874015744
0
LINE
8
BLACK
6
CONTINUOUS
10
5.5236941338582675
20
-4.4480057874015744
11
5.5235882677165353
21
-4.4479982677165353
0
LINE
8
BLACK
6
CONTINUOUS
10
5.5235882677165353
20
-4.4479982677165353
11
5.5230476771653541
21
-4.4477913779527558
0
LINE
8
BLACK
6
CONTINUOUS
10
5.5230476771653541
20
-4.4477913779527558
11
5.5192981496062989
21
-4.4459166141732283
0
LINE
8
BLACK
6
CONTINUOUS
10
5.5192981496062989
20
-4.4459166141732283
11
5.5190501181102363
21
-4.4457605118110237
0
LINE
8
BLACK
6
CONTINUOUS
10
5.5190501181102363
20
-4.4457605118110237
11
5.5189781889763783
21
-4.4457307086614168
0
LINE
8
BLACK
6
CONTINUOUS
10
5.5189781889763783
20
-4.4457307086614168
11
5.5188972047244089
21
-4.4456642519685037
0
LINE
8
BLACK
6
CONTINUOUS
10
5.5188972047244089
20
-4.4456642519685037
11
5.5188082677165351
21
-4.4456082677165352
0
LINE
8
BLACK
6
CONTINUOUS
10
5.5188082677165351
20
-4.4456082677165352
11
5.5187570472440948
21
-4.4455492125984248
0
LINE
8
BLACK
6
CONTINUOUS
10
5.5187570472440948
20
-4.4455492125984248
11
5.5185307086614168
21
-4.4453634645669293
0
LINE
8
BLACK
6
CONTINUOUS
10
5.5185307086614168
20
-4.4453634645669293
11
5.5166559448818893
21
-4.443488661417323
0
LINE
8
BLACK
6
CONTINUOUS
10
5.5166559448818893
20
-4.443488661417323
11
5.5164701968503937
21
-4.4432623228346459
0
LINE
8
BLACK
6
CONTINUOUS
10
5.5164701968503937
20
-4.4432623228346459
11
5.5164112204724409
21
-4.4432111811023622
0
LINE
8
BLACK
6
CONTINUOUS
10
5.5164112204724409
20
-4.4432111811023622
11
5.5163552362204724
21
-4.4431222440944884
0
LINE
8
BLACK
6
CONTINUOUS
10
5.5163552362204724
20
-4.4431222440944884
11
5.5162887401574805
21
-4.4430412204724412
0
LINE
8
BLACK
6
CONTINUOUS
10
5.5162887401574805
20
-4.4430412204724412
11
5.5162588976377949
21
-4.4429691732283461
0
LINE
8
BLACK
6
CONTINUOUS
10
5.5162588976377949
20
-4.4429691732283461
11
5.5161028740157478
21
-4.4427212992125984
0
LINE
8
BLACK
6
CONTINUOUS
10
5.5161028740157478
20
-4.4427212992125984
11
5.5142281102362203
21
-4.4389717716535433
0
LINE
8
BLACK
6
CONTINUOUS
10
5.5142281102362203
20
-4.4389717716535433
11
5.5140212204724408
21
-4.4384311417322833
0
LINE
8
BLACK
6
CONTINUOUS
10
5.5140212204724408
20
-4.4384311417322833
11
5.5140137007874017
21
-4.4383253149606299
0
LINE
8
BLACK
6
CONTINUOUS
10
5.5140137007874017
20
-4.4383253149606299
11
5.5139731102362202
21
-4.4382273228346456
0
LINE
8
BLACK
6
CONTINUOUS
10
5.5139731102362202
20
-4.4382273228346456
11
5.5139163779527554
21
-4.4376512598425197
0
LINE
8
BLACK
6
CONTINUOUS
10
5.5139163779527554
20
-4.4376512598425197
11
5.5139163779527554
21
-4.4057802755905513
0
LINE
8
BLACK
6
CONTINUOUS
10
5.5139163779527554
20
-4.4057802755905513
11
5.5139731102362202
21
-4.4052042125984254
0
LINE
8
BLACK
6
CONTINUOUS
10
5.5139731102362202
20
-4.4052042125984254
11
5.5144140157480317
21
-4.4041398031496062
0
LINE
8
BLACK
6
CONTINUOUS
10
5.5144140157480317
20
-4.4041398031496062
11
5.5152286614173232
21
-4.4033251574803147
0
LINE
8
BLACK
6
CONTINUOUS
10
5.5152286614173232
20
-4.4033251574803147
11
5.5162930708661415
21
-4.4028842519685041
0
LINE
8
BLACK
6
CONTINUOUS
10
5.5162930708661415
20
-4.4028842519685041
11
5.5174451968503933
21
-4.4028842519685041
0
LINE
8
BLACK
6
CONTINUOUS
10
5.5174451968503933
20
-4.4028842519685041
11
5.5185096062992125
21
-4.4033251574803147
0
LINE
8
BLACK
6
CONTINUOUS
10
6.3381979527559054
20
-4.432896338582677
11
6.3394763779527556
21
-4.4341747637795272
0
LINE
8
BLACK
6
CONTINUOUS
10
6.3394763779527556
20
-4.4341747637795272
11
6.3394763779527556
21
-4.4359827165354329
0
LINE
8
BLACK
6
CONTINUOUS
10
6.3394763779527556
20
-4.4359827165354329
11
6.3381979527559054
21
-4.4372611417322831
0
LINE
8
BLACK
6
CONTINUOUS
10
6.3381979527559054
20
-4.4372611417322831
11
6.3372939763779526
21
-4.4374409448818897
0
LINE
8
BLACK
6
CONTINUOUS
10
6.3372939763779526
20
-4.4374409448818897
11
6.3238083858267711
21
-4.4374409448818897
0
LINE
8
BLACK
6
CONTINUOUS
10
6.3238083858267711
20
-4.4374409448818897
11
6.3229044094488192
21
-4.4372611417322831
0
LINE
8
BLACK
6
CONTINUOUS
10
6.3229044094488192
20
-4.4372611417322831
11
6.321625984251968
21
-4.4359827165354329
0
LINE
8
BLACK
6
CONTINUOUS
10
6.321625984251968
20
-4.4359827165354329
11
6.321625984251968
21
-4.4341747637795272
0
LINE
8
BLACK
6
CONTINUOUS
10
6.321625984251968
20
-4.4341747637795272
11
6.3229044094488192
21
-4.432896338582677
0
LINE
8
BLACK
6
CONTINUOUS
10
6.3229044094488192
20
-4.432896338582677
11
6.3238083858267711
21
-4.4327165354330704
0
LINE
8
BLACK
6
CONTINUOUS
10
6.3238083858267711
20
-4.4327165354330704
11
6.3372939763779526
21
-4.4327165354330704
0
LINE
8
BLACK
6
CONTINUOUS
10
6.3372939763779526
20
-4.4327165354330704
11
6.3381979527559054
21
-4.432896338582677
0
LINE
8
BLACK
6
CONTINUOUS
10
6.547197952755905
20
-4.4277388582677162
11
6.5484763779527562
21
-4.4290172834645665
0
LINE
8
BLACK
6
CONTINUOUS
10
6.5484763779527562
20
-4.4290172834645665
11
6.5484763779527562
21
-4.4308252362204721
0
LINE
8
BLACK
6
CONTINUOUS
10
6.5484763779527562
20
-4.4308252362204721
11
6.547197952755905
21
-4.4321036614173224
0
LINE
8
BLACK
6
CONTINUOUS
10
6.547197952755905
20
-4.4321036614173224
11
6.5462939763779522
21
-4.4322834645669289
0
LINE
8
BLACK
6
CONTINUOUS
10
6.5462939763779522
20
-4.4322834645669289
11
6.5328083858267716
21
-4.4322834645669289
0
LINE
8
BLACK
6
CONTINUOUS
10
6.5328083858267716
20
-4.4322834645669289
11
6.5319044094488188
21
-4.4321036614173224
0
LINE
8
BLACK
6
CONTINUOUS
10
6.5319044094488188
20
-4.4321036614173224
11
6.5306259842519685
21
-4.4308252362204721
0
LINE
8
BLACK
6
CONTINUOUS
10
6.5306259842519685
20
-4.4308252362204721
11
6.5306259842519685
21
-4.4290172834645665
0
LINE
8
BLACK
6
CONTINUOUS
10
6.5306259842519685
20
-4.4290172834645665
11
6.5319044094488188
21
-4.4277388582677162
0
LINE
8
BLACK
6
CONTINUOUS
10
6.5319044094488188
20
-4.4277388582677162
11
6.5328083858267716
21
-4.4275590551181105
0
LINE
8
BLACK
6
CONTINUOUS
10
6.5328083858267716
20
-4.4275590551181105
11
6.5462939763779522
21
-4.4275590551181105
0
LINE
8
BLACK
6
CONTINUOUS
10
6.5462939763779522
20
-4.4275590551181105
11
6.547197952755905
21
-4.4277388582677162
0
LINE
8
BLACK
6
CONTINUOUS
10
6.2251916929133859
20
-4.385718897637795
11
6.2252896850393702
21
-4.3857594881889765
0
LINE
8
BLACK
6
CONTINUOUS
10
6.2252896850393702
20
-4.3857594881889765
11
6.2253955118110236
21
-4.3857670078740156
0
LINE
8
BLACK
6
CONTINUOUS
10
6.2253955118110236
20
-4.3857670078740156
11
6.2259361417322836
21
-4.3859738976377951
0
LINE
8
BLACK
6
CONTINUOUS
10
6.2259361417322836
20
-4.3859738976377951
11
6.2296856692913387
21
-4.3878486614173227
0
LINE
8
BLACK
6
CONTINUOUS
10
6.2296856692913387
20
-4.3878486614173227
11
6.2299336614173226
21
-4.3880047244094484
0
LINE
8
BLACK
6
CONTINUOUS
10
6.2299336614173226
20
-4.3880047244094484
11
6.2300056299212594
21
-4.3880345669291341
0
LINE
8
BLACK
6
CONTINUOUS
10
6.2300056299212594
20
-4.3880345669291341
11
6.2300865748031491
21
-4.3881010236220472
0
LINE
8
BLACK
6
CONTINUOUS
10
6.2300865748031491
20
-4.3881010236220472
11
6.2301755511811026
21
-4.3881570078740157
0
LINE
8
BLACK
6
CONTINUOUS
10
6.2301755511811026
20
-4.3881570078740157
11
6.2302266929133854
21
-4.3882159842519686
0
LINE
8
BLACK
6
CONTINUOUS
10
6.2302266929133854
20
-4.3882159842519686
11
6.2304530708661412
21
-4.3884017716535428
0
LINE
8
BLACK
6
CONTINUOUS
10
6.2304530708661412
20
-4.3884017716535428
11
6.2323278346456688
21
-4.3902765354330704
0
LINE
8
BLACK
6
CONTINUOUS
10
6.2323278346456688
20
-4.3902765354330704
11
6.2325135826771652
21
-4.3905028740157483
0
LINE
8
BLACK
6
CONTINUOUS
10
6.2325135826771652
20
-4.3905028740157483
11
6.2325725984251967
21
-4.3905540551181099
0
LINE
8
BLACK
6
CONTINUOUS
10
6.2325725984251967
20
-4.3905540551181099
11
6.2326285433070865
21
-4.3906429921259837
0
LINE
8
BLACK
6
CONTINUOUS
10
6.2326285433070865
20
-4.3906429921259837
11
6.2326950393700784
21
-4.3907239763779531
0
LINE
8
BLACK
6
CONTINUOUS
10
6.2326950393700784
20
-4.3907239763779531
11
6.2327248425196853
21
-4.3907959055118111
0
LINE
8
BLACK
6
CONTINUOUS
10
6.2327248425196853
20
-4.3907959055118111
11
6.2328809448818898
21
-4.3910439370078738
0
LINE
8
BLACK
6
CONTINUOUS
10
6.2328809448818898
20
-4.3910439370078738
11
6.2347557086614174
21
-4.3947934645669289
0
LINE
8
BLACK
6
CONTINUOUS
10
6.2347557086614174
20
-4.3947934645669289
11
6.2349625984251968
21
-4.3953340551181102
0
LINE
8
BLACK
6
CONTINUOUS
10
6.2349625984251968
20
-4.3953340551181102
11
6.2349701181102359
21
-4.3954399212598423
0
LINE
8
BLACK
6
CONTINUOUS
10
6.2349701181102359
20
-4.3954399212598423
11
6.2350107086614175
21
-4.3955379133858266
0
LINE
8
BLACK
6
CONTINUOUS
10
6.2350107086614175
20
-4.3955379133858266
11
6.2350674409448814
21
-4.3961139763779524
0
LINE
8
BLACK
6
CONTINUOUS
10
6.2350674409448814
20
-4.3961139763779524
11
6.2350674409448814
21
-4.39798874015748
0
LINE
8
BLACK
6
CONTINUOUS
10
6.2350674409448814
20
-4.39798874015748
11
6.2350107086614175
21
-4.3985648031496059
0
LINE
8
BLACK
6
CONTINUOUS
10
6.2350107086614175
20
-4.3985648031496059
11
6.2349701181102359
21
-4.3986627559055114
0
LINE
8
BLACK
6
CONTINUOUS
10
6.2349701181102359
20
-4.3986627559055114
11
6.2349625984251968
21
-4.3987686614173231
0
LINE
8
BLACK
6
CONTINUOUS
10
6.2349625984251968
20
-4.3987686614173231
11
6.2347557086614174
21
-4.3993092519685035
0
LINE
8
BLACK
6
CONTINUOUS
10
6.2347557086614174
20
-4.3993092519685035
11
6.2328809448818898
21
-4.4030587795275586
0
LINE
8
BLACK
6
CONTINUOUS
10
6.2328809448818898
20
-4.4030587795275586
11
6.2327248425196853
21
-4.4033067716535434
0
LINE
8
BLACK
6
CONTINUOUS
10
6.2327248425196853
20
-4.4033067716535434
11
6.2326950393700784
21
-4.4033787401574802
0
LINE
8
BLACK
6
CONTINUOUS
10
6.2326950393700784
20
-4.4033787401574802
11
6.2326285433070865
21
-4.4034596850393699
0
LINE
8
BLACK
6
CONTINUOUS
10
6.2326285433070865
20
-4.4034596850393699
11
6.2325725984251967
21
-4.4035486614173225
0
LINE
8
BLACK
6
CONTINUOUS
10
6.2325725984251967
20
-4.4035486614173225
11
6.2325135826771652
21
-4.4035998031496062
0
LINE
8
BLACK
6
CONTINUOUS
10
6.2325135826771652
20
-4.4035998031496062
11
6.2323278346456688
21
-4.403826181102362
0
LINE
8
BLACK
6
CONTINUOUS
10
6.2323278346456688
20
-4.403826181102362
11
6.2306662204724406
21
-4.4054877952755902
0
LINE
8
BLACK
6
CONTINUOUS
10
6.2306662204724406
20
-4.4054877952755902
11
6.2323278346456688
21
-4.4071494094488184
0
LINE
8
BLACK
6
CONTINUOUS
10
6.2323278346456688
20
-4.4071494094488184
11
6.2325135826771652
21
-4.4073757480314963
0
LINE
8
BLACK
6
CONTINUOUS
10
6.2325135826771652
20
-4.4073757480314963
11
6.2325725984251967
21
-4.4074269291338579
0
LINE
8
BLACK
6
CONTINUOUS
10
6.2325725984251967
20
-4.4074269291338579
11
6.2326285433070865
21
-4.4075158661417317
0
LINE
8
BLACK
6
CONTINUOUS
10
6.2326285433070865
20
-4.4075158661417317
11
6.2326950393700784
21
-4.4075968503937011
0
LINE
8
BLACK
6
CONTINUOUS
10
6.2326950393700784
20
-4.4075968503937011
11
6.2327248425196853
21
-4.4076687795275591
0
LINE
8
BLACK
6
CONTINUOUS
10
6.2327248425196853
20
-4.4076687795275591
11
6.2328809448818898
21
-4.4079168110236218
0
LINE
8
BLACK
6
CONTINUOUS
10
6.2328809448818898
20
-4.4079168110236218
11
6.2347557086614174
21
-4.4116663385826769
0
LINE
8
BLACK
6
CONTINUOUS
10
6.2347557086614174
20
-4.4116663385826769
11
6.2349625984251968
21
-4.4122069291338581
0
LINE
8
BLACK
6
CONTINUOUS
10
6.2349625984251968
20
-4.4122069291338581
11
6.2349701181102359
21
-4.4123127952755903
0
LINE
8
BLACK
6
CONTINUOUS
10
6.2349701181102359
20
-4.4123127952755903
11
6.2350107086614175
21
-4.4124107874015746
0
LINE
8
BLACK
6
CONTINUOUS
10
6.2350107086614175
20
-4.4124107874015746
11
6.2350674409448814
21
-4.4129868503937004
0
LINE
8
BLACK
6
CONTINUOUS
10
6.2350674409448814
20
-4.4129868503937004
11
6.2350674409448814
21
-4.4204859055118106
0
LINE
8
BLACK
6
CONTINUOUS
10
6.2350674409448814
20
-4.4204859055118106
11
6.2350107086614175
21
-4.4210619685039365
0
LINE
8
BLACK
6
CONTINUOUS
10
6.2350107086614175
20
-4.4210619685039365
11
6.2349701181102359
21
-4.421159921259842
0
LINE
8
BLACK
6
CONTINUOUS
10
6.2349701181102359
20
-4.421159921259842
11
6.2349625984251968
21
-4.4212658267716538
0
LINE
8
BLACK
6
CONTINUOUS
10
6.2349625984251968
20
-4.4212658267716538
11
6.2347557086614174
21
-4.4218064173228342
0
LINE
8
BLACK
6
CONTINUOUS
10
6.2347557086614174
20
-4.4218064173228342
11
6.2328809448818898
21
-4.4255559448818893
0
LINE
8
BLACK
6
CONTINUOUS
10
6.2328809448818898
20
-4.4255559448818893
11
6.232724881889764
21
-4.4258038188976379
0
LINE
8
BLACK
6
CONTINUOUS
10
6.232724881889764
20
-4.4258038188976379
11
6.2326950787401572
21
-4.4258758661417321
0
LINE
8
BLACK
6
CONTINUOUS
10
6.2326950787401572
20
-4.4258758661417321
11
6.2326285433070865
21
-4.4259568897637793
0
LINE
8
BLACK
6
CONTINUOUS
10
6.2326285433070865
20
-4.4259568897637793
11
6.2325725984251967
21
-4.4260458267716531
0
LINE
8
BLACK
6
CONTINUOUS
10
6.2325725984251967
20
-4.4260458267716531
11
6.2325135826771652
21
-4.4260969685039369
0
LINE
8
BLACK
6
CONTINUOUS
10
6.2325135826771652
20
-4.4260969685039369
11
6.2323278346456688
21
-4.4263233464566927
0
LINE
8
BLACK
6
CONTINUOUS
10
6.2323278346456688
20
-4.4263233464566927
11
6.2304531102362199
21
-4.4281981102362202
0
LINE
8
BLACK
6
CONTINUOUS
10
6.2304531102362199
20
-4.4281981102362202
11
6.2302267322834641
21
-4.4283838582677166
0
LINE
8
BLACK
6
CONTINUOUS
10
6.2302267322834641
20
-4.4283838582677166
11
6.2301755511811026
21
-4.428442913385827
0
LINE
8
BLACK
6
CONTINUOUS
10
6.2301755511811026
20
-4.428442913385827
11
6.2300865748031491
21
-4.4284988976377955
0
LINE
8
BLACK
6
CONTINUOUS
10
6.2300865748031491
20
-4.4284988976377955
11
6.2300056299212594
21
-4.4285653543307086
0
LINE
8
BLACK
6
CONTINUOUS
10
6.2300056299212594
20
-4.4285653543307086
11
6.2299336614173226
21
-4.4285951574803146
0
LINE
8
BLACK
6
CONTINUOUS
10
6.2299336614173226
20
-4.4285951574803146
11
6.2296856692913387
21
-4.4287512598425192
0
LINE
8
BLACK
6
CONTINUOUS
10
6.2296856692913387
20
-4.4287512598425192
11
6.2259361417322836
21
-4.4306260236220467
0
LINE
8
BLACK
6
CONTINUOUS
10
6.2259361417322836
20
-4.4306260236220467
11
6.2253955118110236
21
-4.4308329133858271
0
LINE
8
BLACK
6
CONTINUOUS
10
6.2253955118110236
20
-4.4308329133858271
11
6.2252896850393702
21
-4.4308403937007874
0
LINE
8
BLACK
6
CONTINUOUS
10
6.2252896850393702
20
-4.4308403937007874
11
6.2251916929133859
21
-4.4308810236220468
0
LINE
8
BLACK
6
CONTINUOUS
10
6.2251916929133859
20
-4.4308810236220468
11
6.2246156299212601
21
-4.4309377559055116
0
LINE
8
BLACK
6
CONTINUOUS
10
6.2246156299212601
20
-4.4309377559055116
11
6.2171165748031498
21
-4.4309377559055116
0
LINE
8
BLACK
6
CONTINUOUS
10
6.2171165748031498
20
-4.4309377559055116
11
6.2165405118110231
21
-4.4308810236220468
0
LINE
8
BLACK
6
CONTINUOUS
10
6.2165405118110231
20
-4.4308810236220468
11
6.2164425196850388
21
-4.4308404330708662
0
LINE
8
BLACK
6
CONTINUOUS
10
6.2164425196850388
20
-4.4308404330708662
11
6.2163366535433067
21
-4.4308329133858271
0
LINE
8
BLACK
6
CONTINUOUS
10
6.2163366535433067
20
-4.4308329133858271
11
6.2157960629921263
21
-4.4306260236220467
0
LINE
8
BLACK
6
CONTINUOUS
10
6.2157960629921263
20
-4.4306260236220467
11
6.2120465354330703
21
-4.4287512598425192
0
LINE
8
BLACK
6
CONTINUOUS
10
6.2120465354330703
20
-4.4287512598425192
11
6.2117985039370076
21
-4.4285951574803146
0
LINE
8
BLACK
6
CONTINUOUS
10
6.2117985039370076
20
-4.4285951574803146
11
6.2117265748031496
21
-4.4285653543307086
0
LINE
8
BLACK
6
CONTINUOUS
10
6.2117265748031496
20
-4.4285653543307086
11
6.2116455905511812
21
-4.4284988976377955
0
LINE
8
BLACK
6
CONTINUOUS
10
6.2116455905511812
20
-4.4284988976377955
11
6.2115566535433073
21
-4.428442913385827
0
LINE
8
BLACK
6
CONTINUOUS
10
6.2115566535433073
20
-4.428442913385827
11
6.2115054330708661
21
-4.4283838582677166
0
LINE
8
BLACK
6
CONTINUOUS
10
6.2115054330708661
20
-4.4283838582677166
11
6.211279094488189
21
-4.4281981102362202
0
LINE
8
BLACK
6
CONTINUOUS
10
6.211279094488189
20
-4.4281981102362202
11
6.2094043307086615
21
-4.4263233070866139
0
LINE
8
BLACK
6
CONTINUOUS
10
6.2094043307086615
20
-4.4263233070866139
11
6.2092185826771651
21
-4.4260969685039369
0
LINE
8
BLACK
6
CONTINUOUS
10
6.2092185826771651
20
-4.4260969685039369
11
6.2091596062992123
21
-4.4260458267716531
0
LINE
8
BLACK
6
CONTINUOUS
10
6.2091596062992123
20
-4.4260458267716531
11
6.2091036220472438
21
-4.4259568897637793
0
LINE
8
BLACK
6
CONTINUOUS
10
6.2091036220472438
20
-4.4259568897637793
11
6.2090371259842518
21
-4.4258758661417321
0
LINE
8
BLACK
6
CONTINUOUS
10
6.2090371259842518
20
-4.4258758661417321
11
6.2090072834645671
21
-4.4258038188976379
0
LINE
8
BLACK
6
CONTINUOUS
10
6.2090072834645671
20
-4.4258038188976379
11
6.2088512598425192
21
-4.4255559448818893
0
LINE
8
BLACK
6
CONTINUOUS
10
6.2088512598425192
20
-4.4255559448818893
11
6.2069764960629916
21
-4.4218064173228342
0
LINE
8
BLACK
6
CONTINUOUS
10
6.2069764960629916
20
-4.4218064173228342
11
6.2067696062992121
21
-4.4212657874015751
0
LINE
8
BLACK
6
CONTINUOUS
10
6.2067696062992121
20
-4.4212657874015751
11
6.2067620866141731
21
-4.4211599606299208
0
LINE
8
BLACK
6
CONTINUOUS
10
6.2067620866141731
20
-4.4211599606299208
11
6.2067214960629924
21
-4.4210619685039365
0
LINE
8
BLACK
6
CONTINUOUS
10
6.2067214960629924
20
-4.4210619685039365
11
6.2066647637795276
21
-4.4204859055118106
0
LINE
8
BLACK
6
CONTINUOUS
10
6.2066647637795276
20
-4.4204859055118106
11
6.2066647637795276
21
-4.4129868503937004
0
LINE
8
BLACK
6
CONTINUOUS
10
6.2066647637795276
20
-4.4129868503937004
11
6.2067214960629924
21
-4.4124107874015746
0
LINE
8
BLACK
6
CONTINUOUS
10
6.2067214960629924
20
-4.4124107874015746
11
6.2067620866141731
21
-4.4123127559055115
0
LINE
8
BLACK
6
CONTINUOUS
10
6.2067620866141731
20
-4.4123127559055115
11
6.2067696062992121
21
-4.4122069685039369
0
LINE
8
BLACK
6
CONTINUOUS
10
6.2067696062992121
20
-4.4122069685039369
11
6.2069764960629916
21
-4.4116663385826769
0
LINE
8
BLACK
6
CONTINUOUS
10
6.2069764960629916
20
-4.4116663385826769
11
6.2088512598425192
21
-4.4079168110236218
0
LINE
8
BLACK
6
CONTINUOUS
10
6.2088512598425192
20
-4.4079168110236218
11
6.2090073228346458
21
-4.4076687795275591
0
LINE
8
BLACK
6
CONTINUOUS
10
6.2090073228346458
20
-4.4076687795275591
11
6.2090371653543306
21
-4.4075968503937011
0
LINE
8
BLACK
6
CONTINUOUS
10
6.2090371653543306
20
-4.4075968503937011
11
6.2091036220472438
21
-4.4075158661417317
0
LINE
8
BLACK
6
CONTINUOUS
10
6.2091036220472438
20
-4.4075158661417317
11
6.2091596062992123
21
-4.4074269291338579
0
LINE
8
BLACK
6
CONTINUOUS
10
6.2091596062992123
20
-4.4074269291338579
11
6.2092185826771651
21
-4.4073757480314963
0
LINE
8
BLACK
6
CONTINUOUS
10
6.2092185826771651
20
-4.4073757480314963
11
6.2094043700787402
21
-4.4071494094488184
0
LINE
8
BLACK
6
CONTINUOUS
10
6.2094043700787402
20
-4.4071494094488184
11
6.2110659842519684
21
-4.4054877952755902
0
LINE
8
BLACK
6
CONTINUOUS
10
6.2110659842519684
20
-4.4054877952755902
11
6.2094043700787402
21
-4.403826181102362
0
LINE
8
BLACK
6
CONTINUOUS
10
6.2094043700787402
20
-4.403826181102362
11
6.2092185826771651
21
-4.4035998031496062
0
LINE
8
BLACK
6
CONTINUOUS
10
6.2092185826771651
20
-4.4035998031496062
11
6.2091596062992123
21
-4.4035486614173225
0
LINE
8
BLACK
6
CONTINUOUS
10
6.2091596062992123
20
-4.4035486614173225
11
6.2091036220472438
21
-4.4034596850393699
0
LINE
8
BLACK
6
CONTINUOUS
10
6.2091036220472438
20
-4.4034596850393699
11
6.2090371653543306
21
-4.4033787401574802
0
LINE
8
BLACK
6
CONTINUOUS
10
6.2090371653543306
20
-4.4033787401574802
11
6.2090073228346458
21
-4.4033067716535434
0
LINE
8
BLACK
6
CONTINUOUS
10
6.2090073228346458
20
-4.4033067716535434
11
6.2088512598425192
21
-4.4030587795275586
0
LINE
8
BLACK
6
CONTINUOUS
10
6.2088512598425192
20
-4.4030587795275586
11
6.2069764960629916
21
-4.3993092519685035
0
LINE
8
BLACK
6
CONTINUOUS
10
6.2069764960629916
20
-4.3993092519685035
11
6.2067696062992121
21
-4.3987686220472444
0
LINE
8
BLACK
6
CONTINUOUS
10
6.2067696062992121
20
-4.3987686220472444
11
6.2067620866141731
21
-4.3986627952755901
0
LINE
8
BLACK
6
CONTINUOUS
10
6.2067620866141731
20
-4.3986627952755901
11
6.2067214960629924
21
-4.3985648031496059
0
LINE
8
BLACK
6
CONTINUOUS
10
6.2067214960629924
20
-4.3985648031496059
11
6.2066647637795276
21
-4.39798874015748
0
LINE
8
BLACK
6
CONTINUOUS
10
6.2066647637795276
20
-4.39798874015748
11
6.2066647637795276
21
-4.3961139763779524
0
LINE
8
BLACK
6
CONTINUOUS
10
6.2066647637795276
20
-4.3961139763779524
11
6.2067214960629924
21
-4.3955379133858266
0
LINE
8
BLACK
6
CONTINUOUS
10
6.2067214960629924
20
-4.3955379133858266
11
6.2067620866141731
21
-4.3954398818897635
0
LINE
8
BLACK
6
CONTINUOUS
10
6.2067620866141731
20
-4.3954398818897635
11
6.2067696062992121
21
-4.3953340944881889
0
LINE
8
BLACK
6
CONTINUOUS
10
6.2067696062992121
20
-4.3953340944881889
11
6.2069764960629916
21
-4.3947934645669289
0
LINE
8
BLACK
6
CONTINUOUS
10
6.2069764960629916
20
-4.3947934645669289
11
6.2088512598425192
21
-4.3910439370078738
0
LINE
8
BLACK
6
CONTINUOUS
10
6.2088512598425192
20
-4.3910439370078738
11
6.2090073228346458
21
-4.3907959055118111
0
LINE
8
BLACK
6
CONTINUOUS
10
6.2090073228346458
20
-4.3907959055118111
11
6.2090371653543306
21
-4.3907239763779531
0
LINE
8
BLACK
6
CONTINUOUS
10
6.2090371653543306
20
-4.3907239763779531
11
6.2091036220472438
21
-4.3906429921259837
0
LINE
8
BLACK
6
CONTINUOUS
10
6.2091036220472438
20
-4.3906429921259837
11
6.2091596062992123
21
-4.3905540551181099
0
LINE
8
BLACK
6
CONTINUOUS
10
6.2091596062992123
20
-4.3905540551181099
11
6.2092185826771651
21
-4.3905028740157483
0
LINE
8
BLACK
6
CONTINUOUS
10
6.2092185826771651
20
-4.3905028740157483
11
6.2094043700787402
21
-4.3902765354330704
0
LINE
8
BLACK
6
CONTINUOUS
10
6.2094043700787402
20
-4.3902765354330704
11
6.2112791338582678
21
-4.3884017716535428
0
LINE
8
BLACK
6
CONTINUOUS
10
6.2112791338582678
20
-4.3884017716535428
11
6.2115054724409449
21
-4.3882159842519686
0
LINE
8
BLACK
6
CONTINUOUS
10
6.2115054724409449
20
-4.3882159842519686
11
6.2115566535433073
21
-4.3881570078740157
0
LINE
8
BLACK
6
CONTINUOUS
10
6.2115566535433073
20
-4.3881570078740157
11
6.2116455905511812
21
-4.3881010236220472
0
LINE
8
BLACK
6
CONTINUOUS
10
6.2116455905511812
20
-4.3881010236220472
11
6.2117265748031496
21
-4.3880345669291341
0
LINE
8
BLACK
6
CONTINUOUS
10
6.2117265748031496
20
-4.3880345669291341
11
6.2117985039370076
21
-4.3880047244094484
0
LINE
8
BLACK
6
CONTINUOUS
10
6.2117985039370076
20
-4.3880047244094484
11
6.2120465354330703
21
-4.3878486614173227
0
LINE
8
BLACK
6
CONTINUOUS
10
6.2120465354330703
20
-4.3878486614173227
11
6.2157960629921263
21
-4.3859738976377951
0
LINE
8
BLACK
6
CONTINUOUS
10
6.2157960629921263
20
-4.3859738976377951
11
6.2163366535433067
21
-4.3857670078740156
0
LINE
8
BLACK
6
CONTINUOUS
10
6.2163366535433067
20
-4.3857670078740156
11
6.2164425196850388
21
-4.3857594488188978
0
LINE
8
BLACK
6
CONTINUOUS
10
6.2164425196850388
20
-4.3857594488188978
11
6.2165405118110231
21
-4.385718897637795
0
LINE
8
BLACK
6
CONTINUOUS
10
6.2165405118110231
20
-4.385718897637795
11
6.2171165748031498
21
-4.3856621653543302
0
LINE
8
BLACK
6
CONTINUOUS
10
6.2171165748031498
20
-4.3856621653543302
11
6.2246156299212601
21
-4.3856621653543302
0
LINE
8
BLACK
6
CONTINUOUS
10
6.2246156299212601
20
-4.3856621653543302
11
6.2251916929133859
21
-4.385718897637795
0
LINE
8
BLACK
6
CONTINUOUS
10
6.2151161417322829
20
-4.4097892913385826
11
6.2139190157480311
21
-4.4109864173228344
0
LINE
8
BLACK
6
CONTINUOUS
10
6.2139190157480311
20
-4.4109864173228344
11
6.2125702755905508
21
-4.413683897637795
0
LINE
8
BLACK
6
CONTINUOUS
10
6.2125702755905508
20
-4.413683897637795
11
6.2125702755905508
21
-4.4197888582677161
0
LINE
8
BLACK
6
CONTINUOUS
10
6.2125702755905508
20
-4.4197888582677161
11
6.2139190157480311
21
-4.4224863385826767
0
LINE
8
BLACK
6
CONTINUOUS
10
6.2139190157480311
20
-4.4224863385826767
11
6.2151161417322829
21
-4.4236835039370082
0
LINE
8
BLACK
6
CONTINUOUS
10
6.2151161417322829
20
-4.4236835039370082
11
6.2178136220472435
21
-4.4250322440944885
0
LINE
8
BLACK
6
CONTINUOUS
10
6.2178136220472435
20
-4.4250322440944885
11
6.2239185826771655
21
-4.4250322440944885
0
LINE
8
BLACK
6
CONTINUOUS
10
6.2239185826771655
20
-4.4250322440944885
11
6.2266160236220474
21
-4.4236835039370082
0
LINE
8
BLACK
6
CONTINUOUS
10
6.2266160236220474
20
-4.4236835039370082
11
6.2278131496062992
21
-4.4224863385826767
0
LINE
8
BLACK
6
CONTINUOUS
10
6.2278131496062992
20
-4.4224863385826767
11
6.2291619291338582
21
-4.4197888582677161
0
LINE
8
BLACK
6
CONTINUOUS
10
6.2291619291338582
20
-4.4197888582677161
11
6.2291619291338582
21
-4.413683897637795
0
LINE
8
BLACK
6
CONTINUOUS
10
6.2291619291338582
20
-4.413683897637795
11
6.2278131889763779
21
-4.4109864173228344
0
LINE
8
BLACK
6
CONTINUOUS
10
6.2278131889763779
20
-4.4109864173228344
11
6.2266160629921261
21
-4.4097892913385826
0
LINE
8
BLACK
6
CONTINUOUS
10
6.2266160629921261
20
-4.4097892913385826
11
6.2239185826771655
21
-4.4084405511811022
0
LINE
8
BLACK
6
CONTINUOUS
10
6.2239185826771655
20
-4.4084405511811022
11
6.2178136220472435
21
-4.4084405511811022
0
LINE
8
BLACK
6
CONTINUOUS
10
6.2178136220472435
20
-4.4084405511811022
11
6.2151161417322829
21
-4.4097892913385826
0
LINE
8
BLACK
6
CONTINUOUS
10
6.2151161417322829
20
-4.3929164173228346
11
6.2139190157480311
21
-4.3941135433070864
0
LINE
8
BLACK
6
CONTINUOUS
10
6.2139190157480311
20
-4.3941135433070864
11
6.2125702755905508
21
-4.396811023622047
0
LINE
8
BLACK
6
CONTINUOUS
10
6.2125702755905508
20
-4.396811023622047
11
6.2125702755905508
21
-4.3972916929133854
0
LINE
8
BLACK
6
CONTINUOUS
10
6.2125702755905508
20
-4.3972916929133854
11
6.2139190157480311
21
-4.399989173228346
0
LINE
8
BLACK
6
CONTINUOUS
10
6.2139190157480311
20
-4.399989173228346
11
6.2151161417322829
21
-4.4011862992125987
0
LINE
8
BLACK
6
CONTINUOUS
10
6.2151161417322829
20
-4.4011862992125987
11
6.2178136220472435
21
-4.4025350393700791
0
LINE
8
BLACK
6
CONTINUOUS
10
6.2178136220472435
20
-4.4025350393700791
11
6.2239185826771655
21
-4.4025350393700791
0
LINE
8
BLACK
6
CONTINUOUS
10
6.2239185826771655
20
-4.4025350393700791
11
6.2266160629921261
21
-4.4011862992125987
0
LINE
8
BLACK
6
CONTINUOUS
10
6.2266160629921261
20
-4.4011862992125987
11
6.2278131889763779
21
-4.399989173228346
0
LINE
8
BLACK
6
CONTINUOUS
10
6.2278131889763779
20
-4.399989173228346
11
6.2291619291338582
21
-4.3972916929133854
0
LINE
8
BLACK
6
CONTINUOUS
10
6.2291619291338582
20
-4.3972916929133854
11
6.2291619291338582
21
-4.396811023622047
0
LINE
8
BLACK
6
CONTINUOUS
10
6.2291619291338582
20
-4.396811023622047
11
6.2278131889763779
21
-4.3941135433070864
0
LINE
8
BLACK
6
CONTINUOUS
10
6.2278131889763779
20
-4.3941135433070864
11
6.2266160629921261
21
-4.3929164173228346
0
LINE
8
BLACK
6
CONTINUOUS
10
6.2266160629921261
20
-4.3929164173228346
11
6.2239185826771655
21
-4.3915676771653542
0
LINE
8
BLACK
6
CONTINUOUS
10
6.2239185826771655
20
-4.3915676771653542
11
6.2178136220472435
21
-4.3915676771653542
0
LINE
8
BLACK
6
CONTINUOUS
10
6.2178136220472435
20
-4.3915676771653542
11
6.2151161417322829
21
-4.3929164173228346
0
LINE
8
BLACK
6
CONTINUOUS
10
6.2586529527559049
20
-4.385690866141732
11
6.2587307086614175
21
-4.3856853543307084
0
LINE
8
BLACK
6
CONTINUOUS
10
6.2587307086614175
20
-4.3856853543307084
11
6.2588329527559052
21
-4.3857085826771653
0
LINE
8
BLACK
6
CONTINUOUS
10
6.2588329527559052
20
-4.3857085826771653
11
6.2589374803149607
21
-4.385718897637795
0
LINE
8
BLACK
6
CONTINUOUS
10
6.2589374803149607
20
-4.385718897637795
11
6.2590095669291337
21
-4.3857487401574806
0
LINE
8
BLACK
6
CONTINUOUS
10
6.2590095669291337
20
-4.3857487401574806
11
6.2592951574803148
21
-4.3858137007874012
0
LINE
8
BLACK
6
CONTINUOUS
10
6.2592951574803148
20
-4.3858137007874012
11
6.2649194488188975
21
-4.3876884645669287
0
LINE
8
BLACK
6
CONTINUOUS
10
6.2649194488188975
20
-4.3876884645669287
11
6.265447992125984
21
-4.3879244488188975
0
LINE
8
BLACK
6
CONTINUOUS
10
6.265447992125984
20
-4.3879244488188975
11
6.2655281102362199
21
-4.3879939370078738
0
LINE
8
BLACK
6
CONTINUOUS
10
6.2655281102362199
20
-4.3879939370078738
11
6.2656261811023617
21
-4.3880345669291341
0
LINE
8
BLACK
6
CONTINUOUS
10
6.2656261811023617
20
-4.3880345669291341
11
6.2660736220472444
21
-4.3884017716535428
0
LINE
8
BLACK
6
CONTINUOUS
10
6.2660736220472444
20
-4.3884017716535428
11
6.2698231496062995
21
-4.3921512992125979
0
LINE
8
BLACK
6
CONTINUOUS
10
6.2698231496062995
20
-4.3921512992125979
11
6.2700089763779525
21
-4.3923776771653547
0
LINE
8
BLACK
6
CONTINUOUS
10
6.2700089763779525
20
-4.3923776771653547
11
6.2700679133858266
21
-4.3924288188976375
0
LINE
8
BLACK
6
CONTINUOUS
10
6.2700679133858266
20
-4.3924288188976375
11
6.2701237795275588
21
-4.3925175590551184
0
LINE
8
BLACK
6
CONTINUOUS
10
6.2701237795275588
20
-4.3925175590551184
11
6.270190393700787
21
-4.3925987401574806
0
LINE
8
BLACK
6
CONTINUOUS
10
6.270190393700787
20
-4.3925987401574806
11
6.2702202362204726
21
-4.3926708661417324
0
LINE
8
BLACK
6
CONTINUOUS
10
6.2702202362204726
20
-4.3926708661417324
11
6.2703762598425197
21
-4.3929187007874013
0
LINE
8
BLACK
6
CONTINUOUS
10
6.2703762598425197
20
-4.3929187007874013
11
6.2722510236220472
21
-4.3966682283464564
0
LINE
8
BLACK
6
CONTINUOUS
10
6.2722510236220472
20
-4.3966682283464564
11
6.2722671259842517
21
-4.3967103149606297
0
LINE
8
BLACK
6
CONTINUOUS
10
6.2722671259842517
20
-4.3967103149606297
11
6.2722798425196853
21
-4.3967274803149605
0
LINE
8
BLACK
6
CONTINUOUS
10
6.2722798425196853
20
-4.3967274803149605
11
6.2723661417322836
21
-4.3969690551181104
0
LINE
8
BLACK
6
CONTINUOUS
10
6.2723661417322836
20
-4.3969690551181104
11
6.2724579133858267
21
-4.3972088188976377
0
LINE
8
BLACK
6
CONTINUOUS
10
6.2724579133858267
20
-4.3972088188976377
11
6.2724594094488184
21
-4.397230078740157
0
LINE
8
BLACK
6
CONTINUOUS
10
6.2724594094488184
20
-4.397230078740157
11
6.2724746062992125
21
-4.3972725984251966
0
LINE
8
BLACK
6
CONTINUOUS
10
6.2724746062992125
20
-4.3972725984251966
11
6.2743493700787401
21
-4.4047716535433068
0
LINE
8
BLACK
6
CONTINUOUS
10
6.2743493700787401
20
-4.4047716535433068
11
6.2743641338582679
21
-4.4048714960629924
0
LINE
8
BLACK
6
CONTINUOUS
10
6.2743641338582679
20
-4.4048714960629924
11
6.2743807874015749
21
-4.4049117322834643
0
LINE
8
BLACK
6
CONTINUOUS
10
6.2743807874015749
20
-4.4049117322834643
11
6.2744021259842517
21
-4.4051287401574806
0
LINE
8
BLACK
6
CONTINUOUS
10
6.2744021259842517
20
-4.4051287401574806
11
6.2744340157480316
21
-4.4053442519685042
0
LINE
8
BLACK
6
CONTINUOUS
10
6.2744340157480316
20
-4.4053442519685042
11
6.2744275984251967
21
-4.4053872440944879
0
LINE
8
BLACK
6
CONTINUOUS
10
6.2744275984251967
20
-4.4053872440944879
11
6.2744375196850388
21
-4.4054877952755902
0
LINE
8
BLACK
6
CONTINUOUS
10
6.2744375196850388
20
-4.4054877952755902
11
6.2744375196850388
21
-4.4111120866141729
0
LINE
8
BLACK
6
CONTINUOUS
10
6.2744375196850388
20
-4.4111120866141729
11
6.2744275984251967
21
-4.4112125984251964
0
LINE
8
BLACK
6
CONTINUOUS
10
6.2744275984251967
20
-4.4112125984251964
11
6.2744340157480316
21
-4.4112556299212597
0
LINE
8
BLACK
6
CONTINUOUS
10
6.2744340157480316
20
-4.4112556299212597
11
6.2744021259842517
21
-4.4114711023622046
0
LINE
8
BLACK
6
CONTINUOUS
10
6.2744021259842517
20
-4.4114711023622046
11
6.2743807874015749
21
-4.4116881496062987
0
LINE
8
BLACK
6
CONTINUOUS
10
6.2743807874015749
20
-4.4116881496062987
11
6.2743641338582679
21
-4.4117283464566928
0
LINE
8
BLACK
6
CONTINUOUS
10
6.2743641338582679
20
-4.4117283464566928
11
6.2743493700787401
21
-4.4118282283464563
0
LINE
8
BLACK
6
CONTINUOUS
10
6.2743493700787401
20
-4.4118282283464563
11
6.2724746062992125
21
-4.4193272834645665
0
LINE
8
BLACK
6
CONTINUOUS
10
6.2724746062992125
20
-4.4193272834645665
11
6.2724594094488184
21
-4.4193697637795273
0
LINE
8
BLACK
6
CONTINUOUS
10
6.2724594094488184
20
-4.4193697637795273
11
6.2724579133858267
21
-4.4193910629921263
0
LINE
8
BLACK
6
CONTINUOUS
10
6.2724579133858267
20
-4.4193910629921263
11
6.2723661417322836
21
-4.4196307874015748
0
LINE
8
BLACK
6
CONTINUOUS
10
6.2723661417322836
20
-4.4196307874015748
11
6.2722798425196853
21
-4.4198724015748034
0
LINE
8
BLACK
6
CONTINUOUS
10
6.2722798425196853
20
-4.4198724015748034
11
6.2722671259842517
21
-4.4198895275590546
0
LINE
8
BLACK
6
CONTINUOUS
10
6.2722671259842517
20
-4.4198895275590546
11
6.2722510236220472
21
-4.4199316535433066
0
LINE
8
BLACK
6
CONTINUOUS
10
6.2722510236220472
20
-4.4199316535433066
11
6.2703762598425197
21
-4.4236811811023617
0
LINE
8
BLACK
6
CONTINUOUS
10
6.2703762598425197
20
-4.4236811811023617
11
6.2702201968503939
21
-4.4239290551181103
0
LINE
8
BLACK
6
CONTINUOUS
10
6.2702201968503939
20
-4.4239290551181103
11
6.270190393700787
21
-4.4240011023622046
0
LINE
8
BLACK
6
CONTINUOUS
10
6.270190393700787
20
-4.4240011023622046
11
6.2701238582677163
21
-4.4240821259842518
0
LINE
8
BLACK
6
CONTINUOUS
10
6.2701238582677163
20
-4.4240821259842518
11
6.2700679133858266
21
-4.4241710629921256
0
LINE
8
BLACK
6
CONTINUOUS
10
6.2700679133858266
20
-4.4241710629921256
11
6.270008897637795
21
-4.4242222047244093
0
LINE
8
BLACK
6
CONTINUOUS
10
6.270008897637795
20
-4.4242222047244093
11
6.2698231889763782
21
-4.4244485433070864
0
LINE
8
BLACK
6
CONTINUOUS
10
6.2698231889763782
20
-4.4244485433070864
11
6.2660736220472444
21
-4.428198149606299
0
LINE
8
BLACK
6
CONTINUOUS
10
6.2660736220472444
20
-4.428198149606299
11
6.2656261811023617
21
-4.4285653543307086
0
LINE
8
BLACK
6
CONTINUOUS
10
6.2656261811023617
20
-4.4285653543307086
11
6.2655281102362199
21
-4.4286059448818893
0
LINE
8
BLACK
6
CONTINUOUS
10
6.2655281102362199
20
-4.4286059448818893
11
6.265447992125984
21
-4.4286754724409452
0
LINE
8
BLACK
6
CONTINUOUS
10
6.265447992125984
20
-4.4286754724409452
11
6.2649194488188975
21
-4.4289114566929131
0
LINE
8
BLACK
6
CONTINUOUS
10
6.2649194488188975
20
-4.4289114566929131
11
6.2592951574803148
21
-4.4307862204724406
0
LINE
8
BLACK
6
CONTINUOUS
10
6.2592951574803148
20
-4.4307862204724406
11
6.2590095669291337
21
-4.4308511417322833
0
LINE
8
BLACK
6
CONTINUOUS
10
6.2590095669291337
20
-4.4308511417322833
11
6.2589374803149607
21
-4.4308810236220468
0
LINE
8
BLACK
6
CONTINUOUS
10
6.2589374803149607
20
-4.4308810236220468
11
6.2588329527559052
21
-4.4308912992125986
0
LINE
8
BLACK
6
CONTINUOUS
10
6.2588329527559052
20
-4.4308912992125986
11
6.2587307086614175
21
-4.4309145669291334
0
LINE
8
BLACK
6
CONTINUOUS
10
6.2587307086614175
20
-4.4309145669291334
11
6.2586529527559049
21
-4.4309090157480311
0
LINE
8
BLACK
6
CONTINUOUS
10
6.2586529527559049
20
-4.4309090157480311
11
6.2583614173228348
21
-4.4309377559055116
0
LINE
8
BLACK
6
CONTINUOUS
10
6.2583614173228348
20
-4.4309377559055116
11
6.2546118897637797
21
-4.4309377559055116
0
LINE
8
BLACK
6
CONTINUOUS
10
6.2546118897637797
20
-4.4309377559055116
11
6.2543202755905511
21
-4.4309090157480311
0
LINE
8
BLACK
6
CONTINUOUS
10
6.2543202755905511
20
-4.4309090157480311
11
6.2542425590551183
21
-4.4309145669291334
0
LINE
8
BLACK
6
CONTINUOUS
10
6.2542425590551183
20
-4.4309145669291334
11
6.2541402755905509
21
-4.4308912992125986
0
LINE
8
BLACK
6
CONTINUOUS
10
6.2541402755905509
20
-4.4308912992125986
11
6.2540358267716538
21
-4.4308810236220468
0
LINE
8
BLACK
6
CONTINUOUS
10
6.2540358267716538
20
-4.4308810236220468
11
6.2539637401574799
21
-4.4308511417322833
0
LINE
8
BLACK
6
CONTINUOUS
10
6.2539637401574799
20
-4.4308511417322833
11
6.25367811023622
21
-4.4307862204724406
0
LINE
8
BLACK
6
CONTINUOUS
10
6.25367811023622
20
-4.4307862204724406
11
6.2480538582677161
21
-4.4289114566929131
0
LINE
8
BLACK
6
CONTINUOUS
10
6.2480538582677161
20
-4.4289114566929131
11
6.2475252755905508
21
-4.4286754724409452
0
LINE
8
BLACK
6
CONTINUOUS
10
6.2475252755905508
20
-4.4286754724409452
11
6.2474450787401574
21
-4.4286059055118105
0
LINE
8
BLACK
6
CONTINUOUS
10
6.2474450787401574
20
-4.4286059055118105
11
6.2473471259842519
21
-4.4285653543307086
0
LINE
8
BLACK
6
CONTINUOUS
10
6.2473471259842519
20
-4.4285653543307086
11
6.2468996456692913
21
-4.4281981102362202
0
LINE
8
BLACK
6
CONTINUOUS
10
6.2468996456692913
20
-4.4281981102362202
11
6.2450248818897638
21
-4.4263233070866139
0
LINE
8
BLACK
6
CONTINUOUS
10
6.2450248818897638
20
-4.4263233070866139
11
6.2446576771653541
21
-4.4258758661417321
0
LINE
8
BLACK
6
CONTINUOUS
10
6.2446576771653541
20
-4.4258758661417321
11
6.2442168110236222
21
-4.4248114566929129
0
LINE
8
BLACK
6
CONTINUOUS
10
6.2442168110236222
20
-4.4248114566929129
11
6.2442168110236222
21
-4.4236593700787399
0
LINE
8
BLACK
6
CONTINUOUS
10
6.2442168110236222
20
-4.4236593700787399
11
6.2446577165354329
21
-4.4225949606299215
0
LINE
8
BLACK
6
CONTINUOUS
10
6.2446577165354329
20
-4.4225949606299215
11
6.2454724015748031
21
-4.4217802755905513
0
LINE
8
BLACK
6
CONTINUOUS
10
6.2454724015748031
20
-4.4217802755905513
11
6.2465368110236223
21
-4.4213394094488185
0
LINE
8
BLACK
6
CONTINUOUS
10
6.2465368110236223
20
-4.4213394094488185
11
6.2476888976377953
21
-4.4213394094488185
0
LINE
8
BLACK
6
CONTINUOUS
10
6.2476888976377953
20
-4.4213394094488185
11
6.2487533070866137
21
-4.4217803149606301
0
LINE
8
BLACK
6
CONTINUOUS
10
6.2487533070866137
20
-4.4217803149606301
11
6.2492007874015743
21
-4.4221475590551176
0
LINE
8
BLACK
6
CONTINUOUS
10
6.2492007874015743
20
-4.4221475590551176
11
6.2505826377952758
21
-4.4235294488188979
0
LINE
8
BLACK
6
CONTINUOUS
10
6.2505826377952758
20
-4.4235294488188979
11
6.2550910236220467
21
-4.4250322440944885
0
LINE
8
BLACK
6
CONTINUOUS
10
6.2550910236220467
20
-4.4250322440944885
11
6.2578822834645669
21
-4.4250322440944885
0
LINE
8
BLACK
6
CONTINUOUS
10
6.2578822834645669
20
-4.4250322440944885
11
6.2623906692913387
21
-4.4235294094488191
0
LINE
8
BLACK
6
CONTINUOUS
10
6.2623906692913387
20
-4.4235294094488191
11
6.265308464566929
21
-4.4206115748031491
0
LINE
8
BLACK
6
CONTINUOUS
10
6.265308464566929
20
-4.4206115748031491
11
6.2668239763779523
21
-4.4175805905511814
0
LINE
8
BLACK
6
CONTINUOUS
10
6.2668239763779523
20
-4.4175805905511814
11
6.2685320078740157
21
-4.4107485433070863
0
LINE
8
BLACK
6
CONTINUOUS
10
6.2685320078740157
20
-4.4107485433070863
11
6.2685320078740157
21
-4.4058513385826767
0
LINE
8
BLACK
6
CONTINUOUS
10
6.2685320078740157
20
-4.4058513385826767
11
6.2668239763779523
21
-4.3990192913385826
0
LINE
8
BLACK
6
CONTINUOUS
10
6.2668239763779523
20
-4.3990192913385826
11
6.2653085039370078
21
-4.3959883070866139
0
LINE
8
BLACK
6
CONTINUOUS
10
6.2653085039370078
20
-4.3959883070866139
11
6.2623906692913387
21
-4.3930704724409448
0
LINE
8
BLACK
6
CONTINUOUS
10
6.2623906692913387
20
-4.3930704724409448
11
6.2578822834645669
21
-4.3915676771653542
0
LINE
8
BLACK
6
CONTINUOUS
10
6.2578822834645669
20
-4.3915676771653542
11
6.2550910236220467
21
-4.3915676771653542
0
LINE
8
BLACK
6
CONTINUOUS
10
6.2550910236220467
20
-4.3915676771653542
11
6.2505826377952758
21
-4.3930704724409448
0
LINE
8
BLACK
6
CONTINUOUS
10
6.2505826377952758
20
-4.3930704724409448
11
6.2492007480314955
21
-4.3944523622047242
0
LINE
8
BLACK
6
CONTINUOUS
10
6.2492007480314955
20
-4.3944523622047242
11
6.2487533070866137
21
-4.3948195669291339
0
LINE
8
BLACK
6
CONTINUOUS
10
6.2487533070866137
20
-4.3948195669291339
11
6.2476888582677166
21
-4.3952604724409445
0
LINE
8
BLACK
6
CONTINUOUS
10
6.2476888582677166
20
-4.3952604724409445
11
6.2465368110236223
21
-4.3952604724409445
0
LINE
8
BLACK
6
CONTINUOUS
10
6.2465368110236223
20
-4.3952604724409445
11
6.2454723622047243
21
-4.3948195669291339
0
LINE
8
BLACK
6
CONTINUOUS
10
6.2454723622047243
20
-4.3948195669291339
11
6.2446577165354329
21
-4.3940049212598424
0
LINE
8
BLACK
6
CONTINUOUS
10
6.2446577165354329
20
-4.3940049212598424
11
6.2442168110236222
21
-4.3929404724409444
0
LINE
8
BLACK
6
CONTINUOUS
10
6.2442168110236222
20
-4.3929404724409444
11
6.2442168110236222
21
-4.3917884251968502
0
LINE
8
BLACK
6
CONTINUOUS
10
6.2442168110236222
20
-4.3917884251968502
11
6.2446577165354329
21
-4.3907239763779531
0
LINE
8
BLACK
6
CONTINUOUS
10
6.2446577165354329
20
-4.3907239763779531
11
6.2450249212598425
21
-4.3902765354330704
0
LINE
8
BLACK
6
CONTINUOUS
10
6.2450249212598425
20
-4.3902765354330704
11
6.2468996850393701
21
-4.3884017716535428
0
LINE
8
BLACK
6
CONTINUOUS
10
6.2468996850393701
20
-4.3884017716535428
11
6.2473471259842519
21
-4.3880345669291341
0
LINE
8
BLACK
6
CONTINUOUS
10
6.2473471259842519
20
-4.3880345669291341
11
6.2474450787401574
21
-4.3879939763779525
0
LINE
8
BLACK
6
CONTINUOUS
10
6.2474450787401574
20
-4.3879939763779525
11
6.2475252755905508
21
-4.3879244488188975
0
LINE
8
BLACK
6
CONTINUOUS
10
6.2475252755905508
20
-4.3879244488188975
11
6.2480538582677161
21
-4.3876884645669287
0
LINE
8
BLACK
6
CONTINUOUS
10
6.2480538582677161
20
-4.3876884645669287
11
6.25367811023622
21
-4.3858137007874012
0
LINE
8
BLACK
6
CONTINUOUS
10
6.25367811023622
20
-4.3858137007874012
11
6.2539637401574799
21
-4.3857487401574806
0
LINE
8
BLACK
6
CONTINUOUS
10
6.2539637401574799
20
-4.3857487401574806
11
6.2540358267716538
21
-4.385718897637795
0
LINE
8
BLACK
6
CONTINUOUS
10
6.2540358267716538
20
-4.385718897637795
11
6.2541402755905509
21
-4.3857085826771653
0
LINE
8
BLACK
6
CONTINUOUS
10
6.2541402755905509
20
-4.3857085826771653
11
6.2542425590551183
21
-4.3856853543307084
0
LINE
8
BLACK
6
CONTINUOUS
10
6.2542425590551183
20
-4.3856853543307084
11
6.2543202755905511
21
-4.385690866141732
0
LINE
8
BLACK
6
CONTINUOUS
10
6.2543202755905511
20
-4.385690866141732
11
6.2546118897637797
21
-4.3856621653543302
0
LINE
8
BLACK
6
CONTINUOUS
10
6.2546118897637797
20
-4.3856621653543302
11
6.2583614173228348
21
-4.3856621653543302
0
LINE
8
BLACK
6
CONTINUOUS
10
6.2583614173228348
20
-4.3856621653543302
11
6.2586529527559049
21
-4.385690866141732
0
LINE
8
BLACK
6
CONTINUOUS
10
6.5645977559055115
20
-4.3719393700787403
11
6.5648870472440946
21
-4.3719393700787403
0
LINE
8
BLACK
6
CONTINUOUS
10
6.5648870472440946
20
-4.3719393700787403
11
6.5651571259842516
21
-4.3720512204724411
0
LINE
8
BLACK
6
CONTINUOUS
10
6.5651571259842516
20
-4.3720512204724411
11
6.5654437795275591
21
-4.3721085826771651
0
LINE
8
BLACK
6
CONTINUOUS
10
6.5654437795275591
20
-4.3721085826771651
11
6.5656841338582677
21
-4.3722695275590553
0
LINE
8
BLACK
6
CONTINUOUS
10
6.5656841338582677
20
-4.3722695275590553
11
6.5659514566929129
21
-4.372380275590551
0
LINE
8
BLACK
6
CONTINUOUS
10
6.5659514566929129
20
-4.372380275590551
11
6.5661581496062986
21
-4.3725869685039367
0
LINE
8
BLACK
6
CONTINUOUS
10
6.5661581496062986
20
-4.3725869685039367
11
6.5664010629921261
21
-4.3727496456692911
0
LINE
8
BLACK
6
CONTINUOUS
10
6.5664010629921261
20
-4.3727496456692911
11
6.5667640551181101
21
-4.3731928740157482
0
LINE
8
BLACK
6
CONTINUOUS
10
6.5667640551181101
20
-4.3731928740157482
11
6.5667661023622044
21
-4.3731949212598424
0
LINE
8
BLACK
6
CONTINUOUS
10
6.5667661023622044
20
-4.3731949212598424
11
6.5667664566929131
21
-4.373195787401575
0
LINE
8
BLACK
6
CONTINUOUS
10
6.5667664566929131
20
-4.373195787401575
11
6.5667678346456695
21
-4.3731974803149605
0
LINE
8
BLACK
6
CONTINUOUS
10
6.5667678346456695
20
-4.3731974803149605
11
6.5703551574803152
21
-4.3785785039370078
0
LINE
8
BLACK
6
CONTINUOUS
10
6.5703551574803152
20
-4.3785785039370078
11
6.573559133858268
21
-4.3817824803149605
0
LINE
8
BLACK
6
CONTINUOUS
10
6.573559133858268
20
-4.3817824803149605
11
6.5768800787401576
21
-4.3834429527559058
0
LINE
8
BLACK
6
CONTINUOUS
10
6.5768800787401576
20
-4.3834429527559058
11
6.5773699606299214
21
-4.383751299212598
0
LINE
8
BLACK
6
CONTINUOUS
10
6.5773699606299214
20
-4.383751299212598
11
6.5781248031496062
21
-4.3846216929133854
0
LINE
8
BLACK
6
CONTINUOUS
10
6.5781248031496062
20
-4.3846216929133854
11
6.5784891338582678
21
-4.3857146456692915
0
LINE
8
BLACK
6
CONTINUOUS
10
6.5784891338582678
20
-4.3857146456692915
11
6.5784074803149606
21
-4.3868638582677164
0
LINE
8
BLACK
6
CONTINUOUS
10
6.5784074803149606
20
-4.3868638582677164
11
6.5778922047244093
21
-4.3878943700787403
0
LINE
8
BLACK
6
CONTINUOUS
10
6.5778922047244093
20
-4.3878943700787403
11
6.5770218503937006
21
-4.3886492125984251
0
LINE
8
BLACK
6
CONTINUOUS
10
6.5770218503937006
20
-4.3886492125984251
11
6.5759288582677167
21
-4.3890135433070867
0
LINE
8
BLACK
6
CONTINUOUS
10
6.5759288582677167
20
-4.3890135433070867
11
6.5747796456692909
21
-4.3889318897637795
0
LINE
8
BLACK
6
CONTINUOUS
10
6.5747796456692909
20
-4.3889318897637795
11
6.5742390551181105
21
-4.388725
0
LINE
8
BLACK
6
CONTINUOUS
10
6.5742390551181105
20
-4.388725
11
6.5704895275590554
21
-4.3868502362204724
0
LINE
8
BLACK
6
CONTINUOUS
10
6.5704895275590554
20
-4.3868502362204724
11
6.5702416929133856
21
-4.3866942125984254
0
LINE
8
BLACK
6
CONTINUOUS
10
6.5702416929133856
20
-4.3866942125984254
11
6.5701695669291338
21
-4.3866643700787398
0
LINE
8
BLACK
6
CONTINUOUS
10
6.5701695669291338
20
-4.3866643700787398
11
6.5700883858267716
21
-4.3865977559055116
0
LINE
8
BLACK
6
CONTINUOUS
10
6.5700883858267716
20
-4.3865977559055116
11
6.5699996456692915
21
-4.3865418897637793
0
LINE
8
BLACK
6
CONTINUOUS
10
6.5699996456692915
20
-4.3865418897637793
11
6.5699485039370078
21
-4.3864829527559053
0
LINE
8
BLACK
6
CONTINUOUS
10
6.5699485039370078
20
-4.3864829527559053
11
6.569722125984252
21
-4.3862971259842523
0
LINE
8
BLACK
6
CONTINUOUS
10
6.569722125984252
20
-4.3862971259842523
11
6.5672637401574798
21
-4.3838387401574801
0
LINE
8
BLACK
6
CONTINUOUS
10
6.5672637401574798
20
-4.3838387401574801
11
6.5672637401574798
21
-4.4112527165354329
0
LINE
8
BLACK
6
CONTINUOUS
10
6.5672637401574798
20
-4.4112527165354329
11
6.575559566929134
21
-4.4112527165354329
0
LINE
8
BLACK
6
CONTINUOUS
10
6.575559566929134
20
-4.4112527165354329
11
6.5761356299212599
21
-4.4113094488188977
0
LINE
8
BLACK
6
CONTINUOUS
10
6.5761356299212599
20
-4.4113094488188977
11
6.5772000393700782
21
-4.4117503543307084
0
LINE
8
BLACK
6
CONTINUOUS
10
6.5772000393700782
20
-4.4117503543307084
11
6.5780146850393697
21
-4.4125649999999998
0
LINE
8
BLACK
6
CONTINUOUS
10
6.5780146850393697
20
-4.4125649999999998
11
6.5784555905511812
21
-4.4136294094488191
0
LINE
8
BLACK
6
CONTINUOUS
10
6.5784555905511812
20
-4.4136294094488191
11
6.5784555905511812
21
-4.4147815354330708
0
LINE
8
BLACK
6
CONTINUOUS
10
6.5784555905511812
20
-4.4147815354330708
11
6.5780146850393697
21
-4.4158459448818901
0
LINE
8
BLACK
6
CONTINUOUS
10
6.5780146850393697
20
-4.4158459448818901
11
6.5772000393700782
21
-4.4166605905511807
0
LINE
8
BLACK
6
CONTINUOUS
10
6.5772000393700782
20
-4.4166605905511807
11
6.5761356299212599
21
-4.4171014960629922
0
LINE
8
BLACK
6
CONTINUOUS
10
6.5761356299212599
20
-4.4171014960629922
11
6.575559566929134
21
-4.417158228346457
0
LINE
8
BLACK
6
CONTINUOUS
10
6.575559566929134
20
-4.417158228346457
11
6.5530624015748034
21
-4.417158228346457
0
LINE
8
BLACK
6
CONTINUOUS
10
6.5530624015748034
20
-4.417158228346457
11
6.5524863385826766
21
-4.4171014960629922
0
LINE
8
BLACK
6
CONTINUOUS
10
6.5524863385826766
20
-4.4171014960629922
11
6.5514219291338582
21
-4.4166605905511807
0
LINE
8
BLACK
6
CONTINUOUS
10
6.5514219291338582
20
-4.4166605905511807
11
6.5506072834645668
21
-4.4158459448818901
0
LINE
8
BLACK
6
CONTINUOUS
10
6.5506072834645668
20
-4.4158459448818901
11
6.5501663779527561
21
-4.4147815354330708
0
LINE
8
BLACK
6
CONTINUOUS
10
6.5501663779527561
20
-4.4147815354330708
11
6.5501663779527561
21
-4.4136294094488191
0
LINE
8
BLACK
6
CONTINUOUS
10
6.5501663779527561
20
-4.4136294094488191
11
6.5506072834645668
21
-4.4125649999999998
0
LINE
8
BLACK
6
CONTINUOUS
10
6.5506072834645668
20
-4.4125649999999998
11
6.5514219291338582
21
-4.4117503543307084
0
LINE
8
BLACK
6
CONTINUOUS
10
6.5514219291338582
20
-4.4117503543307084
11
6.5524863385826766
21
-4.4113094488188977
0
LINE
8
BLACK
6
CONTINUOUS
10
6.5524863385826766
20
-4.4113094488188977
11
6.5530624015748034
21
-4.4112527165354329
0
LINE
8
BLACK
6
CONTINUOUS
10
6.5530624015748034
20
-4.4112527165354329
11
6.5613582283464567
21
-4.4112527165354329
0
LINE
8
BLACK
6
CONTINUOUS
10
6.5613582283464567
20
-4.4112527165354329
11
6.5613582283464567
21
-4.3748353937007876
0
LINE
8
BLACK
6
CONTINUOUS
10
6.5613582283464567
20
-4.3748353937007876
11
6.5613584251968504
21
-4.3748333070866137
0
LINE
8
BLACK
6
CONTINUOUS
10
6.5613584251968504
20
-4.3748333070866137
11
6.5613582283464567
21
-4.374832283464567
0
LINE
8
BLACK
6
CONTINUOUS
10
6.5613582283464567
20
-4.374832283464567
11
6.5613588188976379
21
-4.3748292519685039
0
LINE
8
BLACK
6
CONTINUOUS
10
6.5613588188976379
20
-4.3748292519685039
11
6.5614149606299215
21
-4.3742593307086617
0
LINE
8
BLACK
6
CONTINUOUS
10
6.5614149606299215
20
-4.3742593307086617
11
6.5615268110236222
21
-4.373989212598425
0
LINE
8
BLACK
6
CONTINUOUS
10
6.5615268110236222
20
-4.373989212598425
11
6.5615841732283462
21
-4.3737025984251972
0
LINE
8
BLACK
6
CONTINUOUS
10
6.5615841732283462
20
-4.3737025984251972
11
6.5617451181102364
21
-4.3734622047244089
0
LINE
8
BLACK
6
CONTINUOUS
10
6.5617451181102364
20
-4.3734622047244089
11
6.5618558661417321
21
-4.3731949212598424
0
LINE
8
BLACK
6
CONTINUOUS
10
6.5618558661417321
20
-4.3731949212598424
11
6.5620625590551178
21
-4.372988188976378
0
LINE
8
BLACK
6
CONTINUOUS
10
6.5620625590551178
20
-4.372988188976378
11
6.5622252362204723
21
-4.3727453149606301
0
LINE
8
BLACK
6
CONTINUOUS
10
6.5622252362204723
20
-4.3727453149606301
11
6.5624659448818896
21
-4.3725848031496062
0
LINE
8
BLACK
6
CONTINUOUS
10
6.5624659448818896
20
-4.3725848031496062
11
6.5626705118110236
21
-4.372380275590551
0
LINE
8
BLACK
6
CONTINUOUS
10
6.5626705118110236
20
-4.372380275590551
11
6.5629405905511806
21
-4.3722683858267715
0
LINE
8
BLACK
6
CONTINUOUS
10
6.5629405905511806
20
-4.3722683858267715
11
6.563183858267716
21
-4.3721062204724408
0
LINE
8
BLACK
6
CONTINUOUS
10
6.563183858267716
20
-4.3721062204724408
11
6.5634676377952754
21
-4.3720500787401573
0
LINE
8
BLACK
6
CONTINUOUS
10
6.5634676377952754
20
-4.3720500787401573
11
6.5637349212598428
21
-4.3719393700787403
0
LINE
8
BLACK
6
CONTINUOUS
10
6.5637349212598428
20
-4.3719393700787403
11
6.5640273228346455
21
-4.3719393700787403
0
LINE
8
BLACK
6
CONTINUOUS
10
6.5640273228346455
20
-4.3719393700787403
11
6.5643140944881893
21
-4.3718826377952755
0
LINE
8
BLACK
6
CONTINUOUS
10
6.5643140944881893
20
-4.3718826377952755
11
6.5645977559055115
21
-4.3719393700787403
0
LINE
8
BLACK
6
CONTINUOUS
10
6.6136309448818897
20
-4.3719393700787403
11
6.6146953543307081
21
-4.372380275590551
0
LINE
8
BLACK
6
CONTINUOUS
10
6.6146953543307081
20
-4.372380275590551
11
6.6155099999999996
21
-4.3731949212598424
0
LINE
8
BLACK
6
CONTINUOUS
10
6.6155099999999996
20
-4.3731949212598424
11
6.6159509055118111
21
-4.3742593307086617
0
LINE
8
BLACK
6
CONTINUOUS
10
6.6159509055118111
20
-4.3742593307086617
11
6.616007637795275
21
-4.3748353937007876
0
LINE
8
BLACK
6
CONTINUOUS
10
6.616007637795275
20
-4.3748353937007876
11
6.616007637795275
21
-4.414205472440945
0
LINE
8
BLACK
6
CONTINUOUS
10
6.616007637795275
20
-4.414205472440945
11
6.6159509055118111
21
-4.4147815354330708
0
LINE
8
BLACK
6
CONTINUOUS
10
6.6159509055118111
20
-4.4147815354330708
11
6.6155099999999996
21
-4.4158459448818901
0
LINE
8
BLACK
6
CONTINUOUS
10
6.6155099999999996
20
-4.4158459448818901
11
6.6146953543307081
21
-4.4166605905511807
0
LINE
8
BLACK
6
CONTINUOUS
10
6.6146953543307081
20
-4.4166605905511807
11
6.6136309448818897
21
-4.4171014960629922
0
LINE
8
BLACK
6
CONTINUOUS
10
6.6136309448818897
20
-4.4171014960629922
11
6.612478818897638
21
-4.4171014960629922
0
LINE
8
BLACK
6
CONTINUOUS
10
6.612478818897638
20
-4.4171014960629922
11
6.6114144094488188
21
-4.4166605905511807
0
LINE
8
BLACK
6
CONTINUOUS
10
6.6114144094488188
20
-4.4166605905511807
11
6.6105997637795273
21
-4.4158459448818901
0
LINE
8
BLACK
6
CONTINUOUS
10
6.6105997637795273
20
-4.4158459448818901
11
6.6101588582677167
21
-4.4147815354330708
0
LINE
8
BLACK
6
CONTINUOUS
10
6.6101588582677167
20
-4.4147815354330708
11
6.6101021259842518
21
-4.414205472440945
0
LINE
8
BLACK
6
CONTINUOUS
10
6.6101021259842518
20
-4.414205472440945
11
6.6101021259842518
21
-4.3984105511811027
0
LINE
8
BLACK
6
CONTINUOUS
10
6.6101021259842518
20
-4.3984105511811027
11
6.60521842519685
21
-4.3984105511811027
0
LINE
8
BLACK
6
CONTINUOUS
10
6.60521842519685
20
-4.3984105511811027
11
6.5929766929133855
21
-4.4158987795275593
0
LINE
8
BLACK
6
CONTINUOUS
10
6.5929766929133855
20
-4.4158987795275593
11
6.5925998818897638
21
-4.4163381496062994
0
LINE
8
BLACK
6
CONTINUOUS
10
6.5925998818897638
20
-4.4163381496062994
11
6.5916282677165352
21
-4.4169573228346453
0
LINE
8
BLACK
6
CONTINUOUS
10
6.5916282677165352
20
-4.4169573228346453
11
6.5904937401574806
21
-4.4171575196850394
0
LINE
8
BLACK
6
CONTINUOUS
10
6.5904937401574806
20
-4.4171575196850394
11
6.5893688976377955
21
-4.4169083464566929
0
LINE
8
BLACK
6
CONTINUOUS
10
6.5893688976377955
20
-4.4169083464566929
11
6.5884250393700787
21
-4.4162476377952755
0
LINE
8
BLACK
6
CONTINUOUS
10
6.5884250393700787
20
-4.4162476377952755
11
6.587805866141732
21
-4.415276023622047
0
LINE
8
BLACK
6
CONTINUOUS
10
6.587805866141732
20
-4.415276023622047
11
6.5876056692913387
21
-4.4141414960629923
0
LINE
8
BLACK
6
CONTINUOUS
10
6.5876056692913387
20
-4.4141414960629923
11
6.5878548425196852
21
-4.4130166535433073
0
LINE
8
BLACK
6
CONTINUOUS
10
6.5878548425196852
20
-4.4130166535433073
11
6.58813874015748
21
-4.4125121653543307
0
LINE
8
BLACK
6
CONTINUOUS
10
6.58813874015748
20
-4.4125121653543307
11
6.5980128740157475
21
-4.3984062204724408
0
LINE
8
BLACK
6
CONTINUOUS
10
6.5980128740157475
20
-4.3984062204724408
11
6.5974807086614176
21
-4.3983538188976379
0
LINE
8
BLACK
6
CONTINUOUS
10
6.5974807086614176
20
-4.3983538188976379
11
6.5973827165354333
21
-4.3983132283464563
0
LINE
8
BLACK
6
CONTINUOUS
10
6.5973827165354333
20
-4.3983132283464563
11
6.5972768503937003
21
-4.3983057086614172
0
LINE
8
BLACK
6
CONTINUOUS
10
6.5972768503937003
20
-4.3983057086614172
11
6.5967362598425199
21
-4.3980988188976378
0
LINE
8
BLACK
6
CONTINUOUS
10
6.5967362598425199
20
-4.3980988188976378
11
6.5929867322834648
21
-4.3962240551181102
0
LINE
8
BLACK
6
CONTINUOUS
10
6.5929867322834648
20
-4.3962240551181102
11
6.5927387007874012
21
-4.3960679527559057
0
LINE
8
BLACK
6
CONTINUOUS
10
6.5927387007874012
20
-4.3960679527559057
11
6.5926667716535432
21
-4.3960381496062988
0
LINE
8
BLACK
6
CONTINUOUS
10
6.5926667716535432
20
-4.3960381496062988
11
6.5925857874015747
21
-4.3959716535433069
0
LINE
8
BLACK
6
CONTINUOUS
10
6.5925857874015747
20
-4.3959716535433069
11
6.5924968503937009
21
-4.3959157086614171
0
LINE
8
BLACK
6
CONTINUOUS
10
6.5924968503937009
20
-4.3959157086614171
11
6.5924456692913385
21
-4.3958566929133855
0
LINE
8
BLACK
6
CONTINUOUS
10
6.5924456692913385
20
-4.3958566929133855
11
6.5922193307086614
21
-4.39567094488189
0
LINE
8
BLACK
6
CONTINUOUS
10
6.5922193307086614
20
-4.39567094488189
11
6.5903445669291338
21
-4.3937961811023625
0
LINE
8
BLACK
6
CONTINUOUS
10
6.5903445669291338
20
-4.3937961811023625
11
6.5901587795275587
21
-4.3935698031496058
0
LINE
8
BLACK
6
CONTINUOUS
10
6.5901587795275587
20
-4.3935698031496058
11
6.5900998031496059
21
-4.3935186614173229
0
LINE
8
BLACK
6
CONTINUOUS
10
6.5900998031496059
20
-4.3935186614173229
11
6.5900438188976374
21
-4.3934296850393704
0
LINE
8
BLACK
6
CONTINUOUS
10
6.5900438188976374
20
-4.3934296850393704
11
6.5899773622047242
21
-4.3933487401574798
0
LINE
8
BLACK
6
CONTINUOUS
10
6.5899773622047242
20
-4.3933487401574798
11
6.5899475196850394
21
-4.393276771653543
0
LINE
8
BLACK
6
CONTINUOUS
10
6.5899475196850394
20
-4.393276771653543
11
6.5897914566929137
21
-4.3930287795275591
0
LINE
8
BLACK
6
CONTINUOUS
10
6.5897914566929137
20
-4.3930287795275591
11
6.5879166929133861
21
-4.389279251968504
0
LINE
8
BLACK
6
CONTINUOUS
10
6.5879166929133861
20
-4.389279251968504
11
6.5877098031496057
21
-4.388738622047244
0
LINE
8
BLACK
6
CONTINUOUS
10
6.5877098031496057
20
-4.388738622047244
11
6.5877022834645667
21
-4.3886327952755906
0
LINE
8
BLACK
6
CONTINUOUS
10
6.5877022834645667
20
-4.3886327952755906
11
6.587661692913386
21
-4.3885348031496063
0
LINE
8
BLACK
6
CONTINUOUS
10
6.587661692913386
20
-4.3885348031496063
11
6.5876049606299212
21
-4.3879587401574804
0
LINE
8
BLACK
6
CONTINUOUS
10
6.5876049606299212
20
-4.3879587401574804
11
6.5876049606299212
21
-4.3823344488188978
0
LINE
8
BLACK
6
CONTINUOUS
10
6.5876049606299212
20
-4.3823344488188978
11
6.587661692913386
21
-4.3817583858267719
0
LINE
8
BLACK
6
CONTINUOUS
10
6.587661692913386
20
-4.3817583858267719
11
6.5877022834645667
21
-4.3816603543307089
0
LINE
8
BLACK
6
CONTINUOUS
10
6.5877022834645667
20
-4.3816603543307089
11
6.5877098031496057
21
-4.3815545669291334
0
LINE
8
BLACK
6
CONTINUOUS
10
6.5877098031496057
20
-4.3815545669291334
11
6.5879166929133861
21
-4.3810139370078742
0
LINE
8
BLACK
6
CONTINUOUS
10
6.5879166929133861
20
-4.3810139370078742
11
6.5897914566929137
21
-4.3772644094488191
0
LINE
8
BLACK
6
CONTINUOUS
10
6.5897914566929137
20
-4.3772644094488191
11
6.5899475196850394
21
-4.3770163779527556
0
LINE
8
BLACK
6
CONTINUOUS
10
6.5899475196850394
20
-4.3770163779527556
11
6.5899773622047242
21
-4.3769444488188975
0
LINE
8
BLACK
6
CONTINUOUS
10
6.5899773622047242
20
-4.3769444488188975
11
6.5900438188976374
21
-4.3768634645669291
0
LINE
8
BLACK
6
CONTINUOUS
10
6.5900438188976374
20
-4.3768634645669291
11
6.5900998031496059
21
-4.3767745275590553
0
LINE
8
BLACK
6
CONTINUOUS
10
6.5900998031496059
20
-4.3767745275590553
11
6.5901587795275587
21
-4.3767233464566928
0
LINE
8
BLACK
6
CONTINUOUS
10
6.5901587795275587
20
-4.3767233464566928
11
6.5903445669291338
21
-4.3764970078740157
0
LINE
8
BLACK
6
CONTINUOUS
10
6.5903445669291338
20
-4.3764970078740157
11
6.5922193307086614
21
-4.3746222440944882
0
LINE
8
BLACK
6
CONTINUOUS
10
6.5922193307086614
20
-4.3746222440944882
11
6.5924456692913385
21
-4.374436456692913
0
LINE
8
BLACK
6
CONTINUOUS
10
6.5924456692913385
20
-4.374436456692913
11
6.5924968503937009
21
-4.3743774803149602
0
LINE
8
BLACK
6
CONTINUOUS
10
6.5924968503937009
20
-4.3743774803149602
11
6.5925857874015747
21
-4.3743214960629917
0
LINE
8
BLACK
6
CONTINUOUS
10
6.5925857874015747
20
-4.3743214960629917
11
6.5926667716535432
21
-4.3742550393700785
0
LINE
8
BLACK
6
CONTINUOUS
10
6.5926667716535432
20
-4.3742550393700785
11
6.5927387007874012
21
-4.3742251968503938
0
LINE
8
BLACK
6
CONTINUOUS
10
6.5927387007874012
20
-4.3742251968503938
11
6.5929867322834648
21
-4.374069133858268
0
LINE
8
BLACK
6
CONTINUOUS
10
6.5929867322834648
20
-4.374069133858268
11
6.5967362598425199
21
-4.3721943700787405
0
LINE
8
BLACK
6
CONTINUOUS
10
6.5967362598425199
20
-4.3721943700787405
11
6.5972768503937003
21
-4.3719874803149601
0
LINE
8
BLACK
6
CONTINUOUS
10
6.5972768503937003
20
-4.3719874803149601
11
6.5973827165354333
21
-4.3719799212598422
0
LINE
8
BLACK
6
CONTINUOUS
10
6.5973827165354333
20
-4.3719799212598422
11
6.5974807086614176
21
-4.3719393700787403
0
LINE
8
BLACK
6
CONTINUOUS
10
6.5974807086614176
20
-4.3719393700787403
11
6.5980567716535434
21
-4.3718826377952755
0
LINE
8
BLACK
6
CONTINUOUS
10
6.5980567716535434
20
-4.3718826377952755
11
6.6130548818897639
21
-4.3718826377952755
0
LINE
8
BLACK
6
CONTINUOUS
10
6.6130548818897639
20
-4.3718826377952755
11
6.6136309448818897
21
-4.3719393700787403
0
LINE
8
BLACK
6
CONTINUOUS
10
6.5960563385826774
20
-4.379136889763779
11
6.5948592125984247
21
-4.3803340157480317
0
LINE
8
BLACK
6
CONTINUOUS
10
6.5948592125984247
20
-4.3803340157480317
11
6.5935104724409443
21
-4.3830314960629924
0
LINE
8
BLACK
6
CONTINUOUS
10
6.5935104724409443
20
-4.3830314960629924
11
6.5935104724409443
21
-4.3872616929133859
0
LINE
8
BLACK
6
CONTINUOUS
10
6.5935104724409443
20
-4.3872616929133859
11
6.5948592125984247
21
-4.3899591732283465
0
LINE
8
BLACK
6
CONTINUOUS
10
6.5948592125984247
20
-4.3899591732283465
11
6.5960563385826774
21
-4.3911562992125983
0
LINE
8
BLACK
6
CONTINUOUS
10
6.5960563385826774
20
-4.3911562992125983
11
6.598753818897638
21
-4.3925050393700786
0
LINE
8
BLACK
6
CONTINUOUS
10
6.598753818897638
20
-4.3925050393700786
11
6.6101021259842518
21
-4.3925050393700786
0
LINE
8
BLACK
6
CONTINUOUS
10
6.6101021259842518
20
-4.3925050393700786
11
6.6101021259842518
21
-4.3777881496062987
0
LINE
8
BLACK
6
CONTINUOUS
10
6.6101021259842518
20
-4.3777881496062987
11
6.598753818897638
21
-4.3777881496062987
0
LINE
8
BLACK
6
CONTINUOUS
10
6.598753818897638
20
-4.3777881496062987
11
6.5960563385826774
21
-4.379136889763779
0
LINE
8
BLACK
6
CONTINUOUS
10
6.7533119685039367
20
-4.3591519291338585
11
6.7541266141732281
21
-4.3599665748031491
0
LINE
8
BLACK
6
CONTINUOUS
10
6.7541266141732281
20
-4.3599665748031491
11
6.7545675196850397
21
-4.3610309842519683
0
LINE
8
BLACK
6
CONTINUOUS
10
6.7545675196850397
20
-4.3610309842519683
11
6.7546242519685036
21
-4.3616070472440942
0
LINE
8
BLACK
6
CONTINUOUS
10
6.7546242519685036
20
-4.3616070472440942
11
6.7546242519685036
21
-4.4009771259842516
0
LINE
8
BLACK
6
CONTINUOUS
10
6.7546242519685036
20
-4.4009771259842516
11
6.7545675196850397
21
-4.4015531889763775
0
LINE
8
BLACK
6
CONTINUOUS
10
6.7545675196850397
20
-4.4015531889763775
11
6.7541266141732281
21
-4.4026175984251967
0
LINE
8
BLACK
6
CONTINUOUS
10
6.7541266141732281
20
-4.4026175984251967
11
6.7533119685039367
21
-4.4034322440944882
0
LINE
8
BLACK
6
CONTINUOUS
10
6.7533119685039367
20
-4.4034322440944882
11
6.7522475590551183
21
-4.4038731496062988
0
LINE
8
BLACK
6
CONTINUOUS
10
6.7522475590551183
20
-4.4038731496062988
11
6.7516714960629916
21
-4.4039298818897636
0
LINE
8
BLACK
6
CONTINUOUS
10
6.7516714960629916
20
-4.4039298818897636
11
6.732923858267716
21
-4.4039298818897636
0
LINE
8
BLACK
6
CONTINUOUS
10
6.732923858267716
20
-4.4039298818897636
11
6.7323477952755901
21
-4.4038731496062988
0
LINE
8
BLACK
6
CONTINUOUS
10
6.7323477952755901
20
-4.4038731496062988
11
6.7312833858267718
21
-4.4034322440944882
0
LINE
8
BLACK
6
CONTINUOUS
10
6.7312833858267718
20
-4.4034322440944882
11
6.7304687401574803
21
-4.4026175984251967
0
LINE
8
BLACK
6
CONTINUOUS
10
6.7304687401574803
20
-4.4026175984251967
11
6.7300278346456688
21
-4.4015531889763775
0
LINE
8
BLACK
6
CONTINUOUS
10
6.7300278346456688
20
-4.4015531889763775
11
6.7300278346456688
21
-4.4004010629921257
0
LINE
8
BLACK
6
CONTINUOUS
10
6.7300278346456688
20
-4.4004010629921257
11
6.7304687401574803
21
-4.3993366535433074
0
LINE
8
BLACK
6
CONTINUOUS
10
6.7304687401574803
20
-4.3993366535433074
11
6.7312833858267718
21
-4.3985220078740159
0
LINE
8
BLACK
6
CONTINUOUS
10
6.7312833858267718
20
-4.3985220078740159
11
6.7323477952755901
21
-4.3980811023622044
0
LINE
8
BLACK
6
CONTINUOUS
10
6.7323477952755901
20
-4.3980811023622044
11
6.732923858267716
21
-4.3980243700787405
0
LINE
8
BLACK
6
CONTINUOUS
10
6.732923858267716
20
-4.3980243700787405
11
6.7487187401574804
21
-4.3980243700787405
0
LINE
8
BLACK
6
CONTINUOUS
10
6.7487187401574804
20
-4.3980243700787405
11
6.7487187401574804
21
-4.3616070472440942
0
LINE
8
BLACK
6
CONTINUOUS
10
6.7487187401574804
20
-4.3616070472440942
11
6.7487754724409443
21
-4.3610309842519683
0
LINE
8
BLACK
6
CONTINUOUS
10
6.7487754724409443
20
-4.3610309842519683
11
6.7492163779527559
21
-4.3599665748031491
0
LINE
8
BLACK
6
CONTINUOUS
10
6.7492163779527559
20
-4.3599665748031491
11
6.7500310236220473
21
-4.3591519291338585
0
LINE
8
BLACK
6
CONTINUOUS
10
6.7500310236220473
20
-4.3591519291338585
11
6.7510954330708657
21
-4.358711023622047
0
LINE
8
BLACK
6
CONTINUOUS
10
6.7510954330708657
20
-4.358711023622047
11
6.7522475590551183
21
-4.358711023622047
0
LINE
8
BLACK
6
CONTINUOUS
10
6.7522475590551183
20
-4.358711023622047
11
6.7533119685039367
21
-4.3591519291338585
0
LINE
8
BLACK
6
CONTINUOUS
10
6.7241260629921262
20
-4.358711023622047
11
6.7251904724409446
21
-4.3591519291338585
0
LINE
8
BLACK
6
CONTINUOUS
10
6.7251904724409446
20
-4.3591519291338585
11
6.726005118110236
21
-4.3599665748031491
0
LINE
8
BLACK
6
CONTINUOUS
10
6.726005118110236
20
-4.3599665748031491
11
6.7264460236220467
21
-4.3610309842519683
0
LINE
8
BLACK
6
CONTINUOUS
10
6.7264460236220467
20
-4.3610309842519683
11
6.7264460236220467
21
-4.3621831102362201
0
LINE
8
BLACK
6
CONTINUOUS
10
6.7264460236220467
20
-4.3621831102362201
11
6.726005118110236
21
-4.3632475196850393
0
LINE
8
BLACK
6
CONTINUOUS
10
6.726005118110236
20
-4.3632475196850393
11
6.7251904724409446
21
-4.3640621653543308
0
LINE
8
BLACK
6
CONTINUOUS
10
6.7251904724409446
20
-4.3640621653543308
11
6.7241260629921262
21
-4.3645030708661414
0
LINE
8
BLACK
6
CONTINUOUS
10
6.7241260629921262
20
-4.3645030708661414
11
6.7235499999999995
21
-4.3645598031496062
0
LINE
8
BLACK
6
CONTINUOUS
10
6.7235499999999995
20
-4.3645598031496062
11
6.7017812992125982
21
-4.3645598031496062
0
LINE
8
BLACK
6
CONTINUOUS
10
6.7017812992125982
20
-4.3645598031496062
11
6.7168901968503931
21
-4.3998139763779527
0
LINE
8
BLACK
6
CONTINUOUS
10
6.7168901968503931
20
-4.3998139763779527
11
6.7170649606299211
21
-4.4003657874015749
0
LINE
8
BLACK
6
CONTINUOUS
10
6.7170649606299211
20
-4.4003657874015749
11
6.7170790157480313
21
-4.4015178346456691
0
LINE
8
BLACK
6
CONTINUOUS
10
6.7170790157480313
20
-4.4015178346456691
11
6.7166511417322834
21
-4.4025875196850395
0
LINE
8
BLACK
6
CONTINUOUS
10
6.7166511417322834
20
-4.4025875196850395
11
6.7158464566929128
21
-4.4034120472440943
0
LINE
8
BLACK
6
CONTINUOUS
10
6.7158464566929128
20
-4.4034120472440943
11
6.7147874803149605
21
-4.403865905511811
0
LINE
8
BLACK
6
CONTINUOUS
10
6.7147874803149605
20
-4.403865905511811
11
6.7136354724409451
21
-4.4038799212598425
0
LINE
8
BLACK
6
CONTINUOUS
10
6.7136354724409451
20
-4.4038799212598425
11
6.7125657874015747
21
-4.4034520472440946
0
LINE
8
BLACK
6
CONTINUOUS
10
6.7125657874015747
20
-4.4034520472440946
11
6.7117412204724411
21
-4.4026474015748027
0
LINE
8
BLACK
6
CONTINUOUS
10
6.7117412204724411
20
-4.4026474015748027
11
6.7114621653543303
21
-4.4021402755905514
0
LINE
8
BLACK
6
CONTINUOUS
10
6.7114621653543303
20
-4.4021402755905514
11
6.6945892913385823
21
-4.362770196850394
0
LINE
8
BLACK
6
CONTINUOUS
10
6.6945892913385823
20
-4.362770196850394
11
6.6944145275590552
21
-4.362218346456693
0
LINE
8
BLACK
6
CONTINUOUS
10
6.6944145275590552
20
-4.362218346456693
11
6.6944142913385827
21
-4.3622000393700784
0
LINE
8
BLACK
6
CONTINUOUS
10
6.6944142913385827
20
-4.3622000393700784
11
6.6944072834645665
21
-4.3621831102362201
0
LINE
8
BLACK
6
CONTINUOUS
10
6.6944072834645665
20
-4.3621831102362201
11
6.6944072834645665
21
-4.3616245669291338
0
LINE
8
BLACK
6
CONTINUOUS
10
6.6944072834645665
20
-4.3616245669291338
11
6.6944004724409449
21
-4.3610663385826767
0
LINE
8
BLACK
6
CONTINUOUS
10
6.6944004724409449
20
-4.3610663385826767
11
6.6944072834645665
21
-4.361049291338583
0
LINE
8
BLACK
6
CONTINUOUS
10
6.6944072834645665
20
-4.361049291338583
11
6.6944072834645665
21
-4.3610309842519683
0
LINE
8
BLACK
6
CONTINUOUS
10
6.6944072834645665
20
-4.3610309842519683
11
6.6946207086614171
21
-4.3605156299212595
0
LINE
8
BLACK
6
CONTINUOUS
10
6.6946207086614171
20
-4.3605156299212595
11
6.6948283464566929
21
-4.3599966535433072
0
LINE
8
BLACK
6
CONTINUOUS
10
6.6948283464566929
20
-4.3599966535433072
11
6.6948411417322831
21
-4.3599835039370074
0
LINE
8
BLACK
6
CONTINUOUS
10
6.6948411417322831
20
-4.3599835039370074
11
6.694848188976378
21
-4.3599665748031491
0
LINE
8
BLACK
6
CONTINUOUS
10
6.694848188976378
20
-4.3599665748031491
11
6.6952426377952756
21
-4.3595720866141727
0
LINE
8
BLACK
6
CONTINUOUS
10
6.6952426377952756
20
-4.3595720866141727
11
6.6956330314960626
21
-4.3591720866141728
0
LINE
8
BLACK
6
CONTINUOUS
10
6.6956330314960626
20
-4.3591720866141728
11
6.6956498818897634
21
-4.3591648425196849
0
LINE
8
BLACK
6
CONTINUOUS
10
6.6956498818897634
20
-4.3591648425196849
11
6.6956628346456695
21
-4.3591519291338585
0
LINE
8
BLACK
6
CONTINUOUS
10
6.6956628346456695
20
-4.3591519291338585
11
6.6961785826771649
21
-4.3589382677165354
0
LINE
8
BLACK
6
CONTINUOUS
10
6.6961785826771649
20
-4.3589382677165354
11
6.6966920078740158
21
-4.3587182677165357
0
LINE
8
BLACK
6
CONTINUOUS
10
6.6966920078740158
20
-4.3587182677165357
11
6.6967102755905508
21
-4.3587180314960632
0
LINE
8
BLACK
6
CONTINUOUS
10
6.6967102755905508
20
-4.3587180314960632
11
6.6967272440944878
21
-4.358711023622047
0
LINE
8
BLACK
6
CONTINUOUS
10
6.6967272440944878
20
-4.358711023622047
11
6.6973033070866137
21
-4.3586542913385822
0
LINE
8
BLACK
6
CONTINUOUS
10
6.6973033070866137
20
-4.3586542913385822
11
6.7235499999999995
21
-4.3586542913385822
0
LINE
8
BLACK
6
CONTINUOUS
10
6.7235499999999995
20
-4.3586542913385822
11
6.7241260629921262
21
-4.358711023622047
0
LINE
8
BLACK
6
CONTINUOUS
10
5.7611113385826771
20
-4.3978963385826768
11
5.7623897637795274
21
-4.3991747637795271
0
LINE
8
BLACK
6
CONTINUOUS
10
5.7623897637795274
20
-4.3991747637795271
11
5.7623897637795274
21
-4.4009827165354327
0
LINE
8
BLACK
6
CONTINUOUS
10
5.7623897637795274
20
-4.4009827165354327
11
5.7611113385826771
21
-4.402261141732283
0
LINE
8
BLACK
6
CONTINUOUS
10
5.7611113385826771
20
-4.402261141732283
11
5.7602073622047243
21
-4.4024409448818895
0
LINE
8
BLACK
6
CONTINUOUS
10
5.7602073622047243
20
-4.4024409448818895
11
5.7467217716535428
21
-4.4024409448818895
0
LINE
8
BLACK
6
CONTINUOUS
10
5.7467217716535428
20
-4.4024409448818895
11
5.74581779527559
21
-4.402261141732283
0
LINE
8
BLACK
6
CONTINUOUS
10
5.74581779527559
20
-4.402261141732283
11
5.7445393700787397
21
-4.4009827165354327
0
LINE
8
BLACK
6
CONTINUOUS
10
5.7445393700787397
20
-4.4009827165354327
11
5.7445393700787397
21
-4.3991747637795271
0
LINE
8
BLACK
6
CONTINUOUS
10
5.7445393700787397
20
-4.3991747637795271
11
5.74581779527559
21
-4.3978963385826768
0
LINE
8
BLACK
6
CONTINUOUS
10
5.74581779527559
20
-4.3978963385826768
11
5.7467217716535428
21
-4.3977165354330712
0
LINE
8
BLACK
6
CONTINUOUS
10
5.7467217716535428
20
-4.3977165354330712
11
5.7602073622047243
21
-4.3977165354330712
0
LINE
8
BLACK
6
CONTINUOUS
10
5.7602073622047243
20
-4.3977165354330712
11
5.7611113385826771
21
-4.3978963385826768
0
LINE
8
BLACK
6
CONTINUOUS
10
6.8156097244094482
20
-4.36899594488189
11
6.8164244094488184
21
-4.3698105905511806
0
LINE
8
BLACK
6
CONTINUOUS
10
6.8164244094488184
20
-4.3698105905511806
11
6.8166808661417324
21
-4.3704298031496061
0
LINE
8
BLACK
6
CONTINUOUS
10
6.8166808661417324
20
-4.3704298031496061
11
6.8168652755905512
21
-4.3708749999999998
0
LINE
8
BLACK
6
CONTINUOUS
10
6.8168652755905512
20
-4.3708749999999998
11
6.816922007874016
21
-4.3714510629921257
0
LINE
8
BLACK
6
CONTINUOUS
10
6.816922007874016
20
-4.3714510629921257
11
6.816922007874016
21
-4.3958229921259839
0
LINE
8
BLACK
6
CONTINUOUS
10
6.816922007874016
20
-4.3958229921259839
11
6.8168652755905512
21
-4.3963990551181098
0
LINE
8
BLACK
6
CONTINUOUS
10
6.8168652755905512
20
-4.3963990551181098
11
6.8164243700787397
21
-4.397463464566929
0
LINE
8
BLACK
6
CONTINUOUS
10
6.8164243700787397
20
-4.397463464566929
11
6.8156097244094482
21
-4.3982781102362205
0
LINE
8
BLACK
6
CONTINUOUS
10
6.8156097244094482
20
-4.3982781102362205
11
6.8145453149606299
21
-4.3987190157480311
0
LINE
8
BLACK
6
CONTINUOUS
10
6.8145453149606299
20
-4.3987190157480311
11
6.8133931889763781
21
-4.3987190157480311
0
LINE
8
BLACK
6
CONTINUOUS
10
6.8133931889763781
20
-4.3987190157480311
11
6.8123287795275589
21
-4.3982781102362205
0
LINE
8
BLACK
6
CONTINUOUS
10
6.8123287795275589
20
-4.3982781102362205
11
6.8115141338582674
21
-4.397463464566929
0
LINE
8
BLACK
6
CONTINUOUS
10
6.8115141338582674
20
-4.397463464566929
11
6.8110732283464568
21
-4.3963990551181098
0
LINE
8
BLACK
6
CONTINUOUS
10
6.8110732283464568
20
-4.3963990551181098
11
6.811016496062992
21
-4.3958229921259839
0
LINE
8
BLACK
6
CONTINUOUS
10
6.811016496062992
20
-4.3958229921259839
11
6.811016496062992
21
-4.3785796062992128
0
LINE
8
BLACK
6
CONTINUOUS
10
6.811016496062992
20
-4.3785796062992128
11
6.7935599606299215
21
-4.3960361417322833
0
LINE
8
BLACK
6
CONTINUOUS
10
6.7935599606299215
20
-4.3960361417322833
11
6.7931125196850388
21
-4.396403346456693
0
LINE
8
BLACK
6
CONTINUOUS
10
6.7931125196850388
20
-4.396403346456693
11
6.793014448818897
21
-4.3964439370078736
0
LINE
8
BLACK
6
CONTINUOUS
10
6.793014448818897
20
-4.3964439370078736
11
6.7929343307086612
21
-4.3965134645669286
0
LINE
8
BLACK
6
CONTINUOUS
10
6.7929343307086612
20
-4.3965134645669286
11
6.7924057874015746
21
-4.3967494488188974
0
LINE
8
BLACK
6
CONTINUOUS
10
6.7924057874015746
20
-4.3967494488188974
11
6.786781496062992
21
-4.398624212598425
0
LINE
8
BLACK
6
CONTINUOUS
10
6.786781496062992
20
-4.398624212598425
11
6.7864959055118108
21
-4.3986891338582677
0
LINE
8
BLACK
6
CONTINUOUS
10
6.7864959055118108
20
-4.3986891338582677
11
6.7864238188976378
21
-4.3987190157480311
0
LINE
8
BLACK
6
CONTINUOUS
10
6.7864238188976378
20
-4.3987190157480311
11
6.7863192913385824
21
-4.3987292913385829
0
LINE
8
BLACK
6
CONTINUOUS
10
6.7863192913385824
20
-4.3987292913385829
11
6.7862170472440946
21
-4.3987525590551178
0
LINE
8
BLACK
6
CONTINUOUS
10
6.7862170472440946
20
-4.3987525590551178
11
6.786139291338583
21
-4.3987470078740154
0
LINE
8
BLACK
6
CONTINUOUS
10
6.786139291338583
20
-4.3987470078740154
11
6.7858477559055119
21
-4.398775748031496
0
LINE
8
BLACK
6
CONTINUOUS
10
6.7858477559055119
20
-4.398775748031496
11
6.7820982283464568
21
-4.398775748031496
0
LINE
8
BLACK
6
CONTINUOUS
10
6.7820982283464568
20
-4.398775748031496
11
6.7815221653543309
21
-4.3987190157480311
0
LINE
8
BLACK
6
CONTINUOUS
10
6.7815221653543309
20
-4.3987190157480311
11
6.7814241732283467
21
-4.3986784251968505
0
LINE
8
BLACK
6
CONTINUOUS
10
6.7814241732283467
20
-4.3986784251968505
11
6.7813183070866137
21
-4.3986709055118105
0
LINE
8
BLACK
6
CONTINUOUS
10
6.7813183070866137
20
-4.3986709055118105
11
6.7807777165354333
21
-4.398464015748031
0
LINE
8
BLACK
6
CONTINUOUS
10
6.7807777165354333
20
-4.398464015748031
11
6.7770281889763782
21
-4.3965892519685035
0
LINE
8
BLACK
6
CONTINUOUS
10
6.7770281889763782
20
-4.3965892519685035
11
6.7767801574803146
21
-4.3964331496062989
0
LINE
8
BLACK
6
CONTINUOUS
10
6.7767801574803146
20
-4.3964331496062989
11
6.7767082283464566
21
-4.396403346456693
0
LINE
8
BLACK
6
CONTINUOUS
10
6.7767082283464566
20
-4.396403346456693
11
6.7766272440944881
21
-4.396336850393701
0
LINE
8
BLACK
6
CONTINUOUS
10
6.7766272440944881
20
-4.396336850393701
11
6.7765383070866143
21
-4.3962809055118113
0
LINE
8
BLACK
6
CONTINUOUS
10
6.7765383070866143
20
-4.3962809055118113
11
6.7764871259842518
21
-4.3962218897637797
0
LINE
8
BLACK
6
CONTINUOUS
10
6.7764871259842518
20
-4.3962218897637797
11
6.7762607874015748
21
-4.3960361417322833
0
LINE
8
BLACK
6
CONTINUOUS
10
6.7762607874015748
20
-4.3960361417322833
11
6.7743860236220472
21
-4.3941613779527557
0
LINE
8
BLACK
6
CONTINUOUS
10
6.7743860236220472
20
-4.3941613779527557
11
6.7742002362204721
21
-4.3939349999999999
0
LINE
8
BLACK
6
CONTINUOUS
10
6.7742002362204721
20
-4.3939349999999999
11
6.7741412598425192
21
-4.3938838582677162
0
LINE
8
BLACK
6
CONTINUOUS
10
6.7741412598425192
20
-4.3938838582677162
11
6.7740852755905507
21
-4.3937948818897636
0
LINE
8
BLACK
6
CONTINUOUS
10
6.7740852755905507
20
-4.3937948818897636
11
6.7740188188976376
21
-4.3937139370078739
0
LINE
8
BLACK
6
CONTINUOUS
10
6.7740188188976376
20
-4.3937139370078739
11
6.7739889763779528
21
-4.3936419685039372
0
LINE
8
BLACK
6
CONTINUOUS
10
6.7739889763779528
20
-4.3936419685039372
11
6.773832913385827
21
-4.3933939763779524
0
LINE
8
BLACK
6
CONTINUOUS
10
6.773832913385827
20
-4.3933939763779524
11
6.7719581496062995
21
-4.3896444488188973
0
LINE
8
BLACK
6
CONTINUOUS
10
6.7719581496062995
20
-4.3896444488188973
11
6.7717512598425191
21
-4.3891038188976381
0
LINE
8
BLACK
6
CONTINUOUS
10
6.7717512598425191
20
-4.3891038188976381
11
6.77174374015748
21
-4.3889979921259838
0
LINE
8
BLACK
6
CONTINUOUS
10
6.77174374015748
20
-4.3889979921259838
11
6.7717031496062994
21
-4.3888999999999996
0
LINE
8
BLACK
6
CONTINUOUS
10
6.7717031496062994
20
-4.3888999999999996
11
6.7716464173228346
21
-4.3883239370078737
0
LINE
8
BLACK
6
CONTINUOUS
10
6.7716464173228346
20
-4.3883239370078737
11
6.7716464173228346
21
-4.3789501181102359
0
LINE
8
BLACK
6
CONTINUOUS
10
6.7716464173228346
20
-4.3789501181102359
11
6.7717031496062994
21
-4.3783740551181101
0
LINE
8
BLACK
6
CONTINUOUS
10
6.7717031496062994
20
-4.3783740551181101
11
6.77174374015748
21
-4.378276023622047
0
LINE
8
BLACK
6
CONTINUOUS
10
6.77174374015748
20
-4.378276023622047
11
6.7717512598425191
21
-4.3781702362204724
0
LINE
8
BLACK
6
CONTINUOUS
10
6.7717512598425191
20
-4.3781702362204724
11
6.7719581496062995
21
-4.3776296062992124
0
LINE
8
BLACK
6
CONTINUOUS
10
6.7719581496062995
20
-4.3776296062992124
11
6.773832913385827
21
-4.3738800787401573
0
LINE
8
BLACK
6
CONTINUOUS
10
6.773832913385827
20
-4.3738800787401573
11
6.7739889763779528
21
-4.3736320472440946
0
LINE
8
BLACK
6
CONTINUOUS
10
6.7739889763779528
20
-4.3736320472440946
11
6.7740188188976376
21
-4.3735601181102357
0
LINE
8
BLACK
6
CONTINUOUS
10
6.7740188188976376
20
-4.3735601181102357
11
6.7740852755905507
21
-4.3734791338582673
0
LINE
8
BLACK
6
CONTINUOUS
10
6.7740852755905507
20
-4.3734791338582673
11
6.7741412598425192
21
-4.3733901968503934
0
LINE
8
BLACK
6
CONTINUOUS
10
6.7741412598425192
20
-4.3733901968503934
11
6.7742002362204721
21
-4.373339015748031
0
LINE
8
BLACK
6
CONTINUOUS
10
6.7742002362204721
20
-4.373339015748031
11
6.7743860236220472
21
-4.3731126771653539
0
LINE
8
BLACK
6
CONTINUOUS
10
6.7743860236220472
20
-4.3731126771653539
11
6.7762607874015748
21
-4.3712379133858263
0
LINE
8
BLACK
6
CONTINUOUS
10
6.7762607874015748
20
-4.3712379133858263
11
6.7767082283464566
21
-4.3708707086614176
0
LINE
8
BLACK
6
CONTINUOUS
10
6.7767082283464566
20
-4.3708707086614176
11
6.7777726377952758
21
-4.3704298031496061
0
LINE
8
BLACK
6
CONTINUOUS
10
6.7777726377952758
20
-4.3704298031496061
11
6.7789247244094488
21
-4.3704298031496061
0
LINE
8
BLACK
6
CONTINUOUS
10
6.7789247244094488
20
-4.3704298031496061
11
6.7799891338582672
21
-4.3708707086614176
0
LINE
8
BLACK
6
CONTINUOUS
10
6.7799891338582672
20
-4.3708707086614176
11
6.7808038188976374
21
-4.3716853937007869
0
LINE
8
BLACK
6
CONTINUOUS
10
6.7808038188976374
20
-4.3716853937007869
11
6.7812447244094489
21
-4.3727498031496062
0
LINE
8
BLACK
6
CONTINUOUS
10
6.7812447244094489
20
-4.3727498031496062
11
6.7812447244094489
21
-4.3739018897637791
0
LINE
8
BLACK
6
CONTINUOUS
10
6.7812447244094489
20
-4.3739018897637791
11
6.7808038188976374
21
-4.3749662992125984
0
LINE
8
BLACK
6
CONTINUOUS
10
6.7808038188976374
20
-4.3749662992125984
11
6.7804366141732286
21
-4.3754137401574802
0
LINE
8
BLACK
6
CONTINUOUS
10
6.7804366141732286
20
-4.3754137401574802
11
6.7789006692913381
21
-4.3769496850393699
0
LINE
8
BLACK
6
CONTINUOUS
10
6.7789006692913381
20
-4.3769496850393699
11
6.7775519291338577
21
-4.3796471653543305
0
LINE
8
BLACK
6
CONTINUOUS
10
6.7775519291338577
20
-4.3796471653543305
11
6.7775519291338577
21
-4.3876268897637791
0
LINE
8
BLACK
6
CONTINUOUS
10
6.7775519291338577
20
-4.3876268897637791
11
6.7789006692913381
21
-4.3903243700787398
0
LINE
8
BLACK
6
CONTINUOUS
10
6.7789006692913381
20
-4.3903243700787398
11
6.7800977952755908
21
-4.3915214960629925
0
LINE
8
BLACK
6
CONTINUOUS
10
6.7800977952755908
20
-4.3915214960629925
11
6.7827952755905514
21
-4.3928702362204719
0
LINE
8
BLACK
6
CONTINUOUS
10
6.7827952755905514
20
-4.3928702362204719
11
6.785368622047244
21
-4.3928702362204719
0
LINE
8
BLACK
6
CONTINUOUS
10
6.785368622047244
20
-4.3928702362204719
11
6.7898770078740158
21
-4.3913674015748034
0
LINE
8
BLACK
6
CONTINUOUS
10
6.7898770078740158
20
-4.3913674015748034
11
6.8118813385826771
21
-4.3693631496062988
0
LINE
8
BLACK
6
CONTINUOUS
10
6.8118813385826771
20
-4.3693631496062988
11
6.8123287795275589
21
-4.3689959055118113
0
LINE
8
BLACK
6
CONTINUOUS
10
6.8123287795275589
20
-4.3689959055118113
11
6.8130814173228345
21
-4.3686841338582676
0
LINE
8
BLACK
6
CONTINUOUS
10
6.8130814173228345
20
-4.3686841338582676
11
6.8133931889763781
21
-4.3685550393700785
0
LINE
8
BLACK
6
CONTINUOUS
10
6.8133931889763781
20
-4.3685550393700785
11
6.8145453149606299
21
-4.3685550393700785
0
LINE
8
BLACK
6
CONTINUOUS
10
6.8145453149606299
20
-4.3685550393700785
11
6.8156097244094482
21
-4.36899594488189
0
LINE
8
BLACK
6
CONTINUOUS
10
5.5457071259842516
20
-4.3939593307086611
11
5.5469855511811019
21
-4.3952377559055114
0
LINE
8
BLACK
6
CONTINUOUS
10
5.5469855511811019
20
-4.3952377559055114
11
5.5469855511811019
21
-4.397045708661417
0
LINE
8
BLACK
6
CONTINUOUS
10
5.5469855511811019
20
-4.397045708661417
11
5.5457071259842516
21
-4.3983241338582673
0
LINE
8
BLACK
6
CONTINUOUS
10
5.5457071259842516
20
-4.3983241338582673
11
5.5448031496062988
21
-4.3985039370078738
0
LINE
8
BLACK
6
CONTINUOUS
10
5.5448031496062988
20
-4.3985039370078738
11
5.4739370078740155
21
-4.3985039370078738
0
LINE
8
BLACK
6
CONTINUOUS
10
5.4739370078740155
20
-4.3985039370078738
11
5.4730330314960627
21
-4.3983241338582673
0
LINE
8
BLACK
6
CONTINUOUS
10
5.4730330314960627
20
-4.3983241338582673
11
5.4717546062992124
21
-4.397045708661417
0
LINE
8
BLACK
6
CONTINUOUS
10
5.4717546062992124
20
-4.397045708661417
11
5.4717546062992124
21
-4.3952377559055114
0
LINE
8
BLACK
6
CONTINUOUS
10
5.4717546062992124
20
-4.3952377559055114
11
5.4730330314960627
21
-4.3939593307086611
0
LINE
8
BLACK
6
CONTINUOUS
10
5.4730330314960627
20
-4.3939593307086611
11
5.4739370078740155
21
-4.3937795275590554
0
LINE
8
BLACK
6
CONTINUOUS
10
5.4739370078740155
20
-4.3937795275590554
11
5.5448031496062988
21
-4.3937795275590554
0
LINE
8
BLACK
6
CONTINUOUS
10
5.5448031496062988
20
-4.3937795275590554
11
5.5457071259842516
21
-4.3939593307086611
0
LINE
8
BLACK
6
CONTINUOUS
10
6.3381979527559054
20
-4.392738858267716
11
6.3394763779527556
21
-4.3940172834645672
0
LINE
8
BLACK
6
CONTINUOUS
10
6.3394763779527556
20
-4.3940172834645672
11
6.3394763779527556
21
-4.3958252362204719
0
LINE
8
BLACK
6
CONTINUOUS
10
6.3394763779527556
20
-4.3958252362204719
11
6.3381979527559054
21
-4.3971036614173231
0
LINE
8
BLACK
6
CONTINUOUS
10
6.3381979527559054
20
-4.3971036614173231
11
6.3372939763779526
21
-4.3972834645669288
0
LINE
8
BLACK
6
CONTINUOUS
10
6.3372939763779526
20
-4.3972834645669288
11
6.3238083858267711
21
-4.3972834645669288
0
LINE
8
BLACK
6
CONTINUOUS
10
6.3238083858267711
20
-4.3972834645669288
11
6.3229044094488192
21
-4.3971036614173231
0
LINE
8
BLACK
6
CONTINUOUS
10
6.3229044094488192
20
-4.3971036614173231
11
6.321625984251968
21
-4.3958252362204719
0
LINE
8
BLACK
6
CONTINUOUS
10
6.321625984251968
20
-4.3958252362204719
11
6.321625984251968
21
-4.3940172834645672
0
LINE
8
BLACK
6
CONTINUOUS
10
6.321625984251968
20
-4.3940172834645672
11
6.3229044094488192
21
-4.392738858267716
0
LINE
8
BLACK
6
CONTINUOUS
10
6.3229044094488192
20
-4.392738858267716
11
6.3238083858267711
21
-4.3925590551181104
0
LINE
8
BLACK
6
CONTINUOUS
10
6.3238083858267711
20
-4.3925590551181104
11
6.3372939763779526
21
-4.3925590551181104
0
LINE
8
BLACK
6
CONTINUOUS
10
6.3372939763779526
20
-4.3925590551181104
11
6.3381979527559054
21
-4.392738858267716
0
LINE
8
BLACK
6
CONTINUOUS
10
5.6619933858267713
20
-4.3898598818897634
11
5.6630577952755905
21
-4.3903007874015749
0
LINE
8
BLACK
6
CONTINUOUS
10
5.6630577952755905
20
-4.3903007874015749
11
5.663872440944882
21
-4.3911154330708664
0
LINE
8
BLACK
6
CONTINUOUS
10
5.663872440944882
20
-4.3911154330708664
11
5.6643133464566926
21
-4.3921798425196847
0
LINE
8
BLACK
6
CONTINUOUS
10
5.6643133464566926
20
-4.3921798425196847
11
5.6643133464566926
21
-4.3933319685039365
0
LINE
8
BLACK
6
CONTINUOUS
10
5.6643133464566926
20
-4.3933319685039365
11
5.663872440944882
21
-4.3943963779527557
0
LINE
8
BLACK
6
CONTINUOUS
10
5.663872440944882
20
-4.3943963779527557
11
5.6630577952755905
21
-4.3952110236220472
0
LINE
8
BLACK
6
CONTINUOUS
10
5.6630577952755905
20
-4.3952110236220472
11
5.6619933858267713
21
-4.3956519291338578
0
LINE
8
BLACK
6
CONTINUOUS
10
5.6619933858267713
20
-4.3956519291338578
11
5.6614173228346454
21
-4.3957086614173226
0
LINE
8
BLACK
6
CONTINUOUS
10
5.6614173228346454
20
-4.3957086614173226
11
5.6014173228346458
21
-4.3957086614173226
0
LINE
8
BLACK
6
CONTINUOUS
10
5.6014173228346458
20
-4.3957086614173226
11
5.6008412598425199
21
-4.3956519291338578
0
LINE
8
BLACK
6
CONTINUOUS
10
5.6008412598425199
20
-4.3956519291338578
11
5.5997768503937007
21
-4.3952110236220472
0
LINE
8
BLACK
6
CONTINUOUS
10
5.5997768503937007
20
-4.3952110236220472
11
5.5989622047244092
21
-4.3943963779527557
0
LINE
8
BLACK
6
CONTINUOUS
10
5.5989622047244092
20
-4.3943963779527557
11
5.5985212992125986
21
-4.3933319685039365
0
LINE
8
BLACK
6
CONTINUOUS
10
5.5985212992125986
20
-4.3933319685039365
11
5.5985212992125986
21
-4.3921798425196847
0
LINE
8
BLACK
6
CONTINUOUS
10
5.5985212992125986
20
-4.3921798425196847
11
5.5989622047244092
21
-4.3911154330708664
0
LINE
8
BLACK
6
CONTINUOUS
10
5.5989622047244092
20
-4.3911154330708664
11
5.5997768503937007
21
-4.3903007874015749
0
LINE
8
BLACK
6
CONTINUOUS
10
5.5997768503937007
20
-4.3903007874015749
11
5.6008412598425199
21
-4.3898598818897634
0
LINE
8
BLACK
6
CONTINUOUS
10
5.6008412598425199
20
-4.3898598818897634
11
5.6014173228346458
21
-4.3898031496062995
0
LINE
8
BLACK
6
CONTINUOUS
10
5.6014173228346458
20
-4.3898031496062995
11
5.6614173228346454
21
-4.3898031496062995
0
LINE
8
BLACK
6
CONTINUOUS
10
5.6614173228346454
20
-4.3898031496062995
11
5.6619933858267713
21
-4.3898598818897634
0
LINE
8
BLACK
6
CONTINUOUS
10
5.862027086614173
20
-4.3477661417322837
11
5.8621250787401573
21
-4.3478067322834644
0
LINE
8
BLACK
6
CONTINUOUS
10
5.8621250787401573
20
-4.3478067322834644
11
5.8622309055118107
21
-4.3478142519685035
0
LINE
8
BLACK
6
CONTINUOUS
10
5.8622309055118107
20
-4.3478142519685035
11
5.8627715354330707
21
-4.3480211417322829
0
LINE
8
BLACK
6
CONTINUOUS
10
5.8627715354330707
20
-4.3480211417322829
11
5.8665210629921258
21
-4.3498959055118105
0
LINE
8
BLACK
6
CONTINUOUS
10
5.8665210629921258
20
-4.3498959055118105
11
5.8667690551181098
21
-4.3500519685039372
0
LINE
8
BLACK
6
CONTINUOUS
10
5.8667690551181098
20
-4.3500519685039372
11
5.8668410236220474
21
-4.3500818110236219
0
LINE
8
BLACK
6
CONTINUOUS
10
5.8668410236220474
20
-4.3500818110236219
11
5.8669219685039371
21
-4.3501482677165351
0
LINE
8
BLACK
6
CONTINUOUS
10
5.8669219685039371
20
-4.3501482677165351
11
5.8670109448818897
21
-4.3502042519685036
0
LINE
8
BLACK
6
CONTINUOUS
10
5.8670109448818897
20
-4.3502042519685036
11
5.8670620866141734
21
-4.3502632283464564
0
LINE
8
BLACK
6
CONTINUOUS
10
5.8670620866141734
20
-4.3502632283464564
11
5.8672884645669292
21
-4.3504490157480316
0
LINE
8
BLACK
6
CONTINUOUS
10
5.8672884645669292
20
-4.3504490157480316
11
5.8691632283464568
21
-4.3523237795275591
0
LINE
8
BLACK
6
CONTINUOUS
10
5.8691632283464568
20
-4.3523237795275591
11
5.8695304330708664
21
-4.3527712204724409
0
LINE
8
BLACK
6
CONTINUOUS
10
5.8695304330708664
20
-4.3527712204724409
11
5.8699713385826771
21
-4.3538356299212602
0
LINE
8
BLACK
6
CONTINUOUS
10
5.8699713385826771
20
-4.3538356299212602
11
5.8699713385826771
21
-4.3549877165354332
0
LINE
8
BLACK
6
CONTINUOUS
10
5.8699713385826771
20
-4.3549877165354332
11
5.8695304330708664
21
-4.3560521259842515
0
LINE
8
BLACK
6
CONTINUOUS
10
5.8695304330708664
20
-4.3560521259842515
11
5.8687157480314962
21
-4.3568668110236217
0
LINE
8
BLACK
6
CONTINUOUS
10
5.8687157480314962
20
-4.3568668110236217
11
5.867651338582677
21
-4.3573077165354333
0
LINE
8
BLACK
6
CONTINUOUS
10
5.867651338582677
20
-4.3573077165354333
11
5.866499251968504
21
-4.3573077165354333
0
LINE
8
BLACK
6
CONTINUOUS
10
5.866499251968504
20
-4.3573077165354333
11
5.8654348425196847
21
-4.3568668110236217
0
LINE
8
BLACK
6
CONTINUOUS
10
5.8654348425196847
20
-4.3568668110236217
11
5.8649874015748029
21
-4.3564996062992121
0
LINE
8
BLACK
6
CONTINUOUS
10
5.8649874015748029
20
-4.3564996062992121
11
5.8634514566929132
21
-4.3549636614173224
0
LINE
8
BLACK
6
CONTINUOUS
10
5.8634514566929132
20
-4.3549636614173224
11
5.8607539763779526
21
-4.3536149212598421
0
LINE
8
BLACK
6
CONTINUOUS
10
5.8607539763779526
20
-4.3536149212598421
11
5.852774251968504
21
-4.3536149212598421
0
LINE
8
BLACK
6
CONTINUOUS
10
5.852774251968504
20
-4.3536149212598421
11
5.8500767716535433
21
-4.3549636614173224
0
LINE
8
BLACK
6
CONTINUOUS
10
5.8500767716535433
20
-4.3549636614173224
11
5.8488796456692915
21
-4.3561607874015751
0
LINE
8
BLACK
6
CONTINUOUS
10
5.8488796456692915
20
-4.3561607874015751
11
5.8475309055118112
21
-4.3588582677165357
0
LINE
8
BLACK
6
CONTINUOUS
10
5.8475309055118112
20
-4.3588582677165357
11
5.8475309055118112
21
-4.3614315748031496
0
LINE
8
BLACK
6
CONTINUOUS
10
5.8475309055118112
20
-4.3614315748031496
11
5.8490337007874018
21
-4.3659400000000002
0
LINE
8
BLACK
6
CONTINUOUS
10
5.8490337007874018
20
-4.3659400000000002
11
5.8710379921259843
21
-4.3879443307086614
0
LINE
8
BLACK
6
CONTINUOUS
10
5.8710379921259843
20
-4.3879443307086614
11
5.8714052362204727
21
-4.3883917716535432
0
LINE
8
BLACK
6
CONTINUOUS
10
5.8714052362204727
20
-4.3883917716535432
11
5.8718461023622046
21
-4.3894562204724412
0
LINE
8
BLACK
6
CONTINUOUS
10
5.8718461023622046
20
-4.3894562204724412
11
5.8718461023622046
21
-4.3906083070866142
0
LINE
8
BLACK
6
CONTINUOUS
10
5.8718461023622046
20
-4.3906083070866142
11
5.871405196850394
21
-4.3916727165354326
0
LINE
8
BLACK
6
CONTINUOUS
10
5.871405196850394
20
-4.3916727165354326
11
5.8705905511811025
21
-4.3924874015748028
0
LINE
8
BLACK
6
CONTINUOUS
10
5.8705905511811025
20
-4.3924874015748028
11
5.8698378740157482
21
-4.3927991338582677
0
LINE
8
BLACK
6
CONTINUOUS
10
5.8698378740157482
20
-4.3927991338582677
11
5.8695261417322833
21
-4.3929282677165356
0
LINE
8
BLACK
6
CONTINUOUS
10
5.8695261417322833
20
-4.3929282677165356
11
5.8689500787401574
21
-4.3929849999999995
0
LINE
8
BLACK
6
CONTINUOUS
10
5.8689500787401574
20
-4.3929849999999995
11
5.8445781496062992
21
-4.3929849999999995
0
LINE
8
BLACK
6
CONTINUOUS
10
5.8445781496062992
20
-4.3929849999999995
11
5.8440020866141733
21
-4.3929282677165356
0
LINE
8
BLACK
6
CONTINUOUS
10
5.8440020866141733
20
-4.3929282677165356
11
5.8429376771653541
21
-4.392487362204724
0
LINE
8
BLACK
6
CONTINUOUS
10
5.8429376771653541
20
-4.392487362204724
11
5.8421230314960626
21
-4.3916727165354326
0
LINE
8
BLACK
6
CONTINUOUS
10
5.8421230314960626
20
-4.3916727165354326
11
5.841682125984252
21
-4.3906083070866142
0
LINE
8
BLACK
6
CONTINUOUS
10
5.841682125984252
20
-4.3906083070866142
11
5.841682125984252
21
-4.3894561811023625
0
LINE
8
BLACK
6
CONTINUOUS
10
5.841682125984252
20
-4.3894561811023625
11
5.8421230314960626
21
-4.3883917716535432
0
LINE
8
BLACK
6
CONTINUOUS
10
5.8421230314960626
20
-4.3883917716535432
11
5.8429376771653541
21
-4.3875771259842518
0
LINE
8
BLACK
6
CONTINUOUS
10
5.8429376771653541
20
-4.3875771259842518
11
5.8440020866141733
21
-4.3871362204724411
0
LINE
8
BLACK
6
CONTINUOUS
10
5.8440020866141733
20
-4.3871362204724411
11
5.8445781496062992
21
-4.3870794881889763
0
LINE
8
BLACK
6
CONTINUOUS
10
5.8445781496062992
20
-4.3870794881889763
11
5.8618214960629924
21
-4.3870794881889763
0
LINE
8
BLACK
6
CONTINUOUS
10
5.8618214960629924
20
-4.3870794881889763
11
5.8443649999999998
21
-4.3696229527559058
0
LINE
8
BLACK
6
CONTINUOUS
10
5.8443649999999998
20
-4.3696229527559058
11
5.8439977952755902
21
-4.3691755118110231
0
LINE
8
BLACK
6
CONTINUOUS
10
5.8439977952755902
20
-4.3691755118110231
11
5.8439571653543307
21
-4.3690774409448814
0
LINE
8
BLACK
6
CONTINUOUS
10
5.8439571653543307
20
-4.3690774409448814
11
5.8438876771653545
21
-4.3689973228346455
0
LINE
8
BLACK
6
CONTINUOUS
10
5.8438876771653545
20
-4.3689973228346455
11
5.8436516929133857
21
-4.368468779527559
0
LINE
8
BLACK
6
CONTINUOUS
10
5.8436516929133857
20
-4.368468779527559
11
5.8417769291338582
21
-4.3628444881889763
0
LINE
8
BLACK
6
CONTINUOUS
10
5.8417769291338582
20
-4.3628444881889763
11
5.8417119685039367
21
-4.3625588976377951
0
LINE
8
BLACK
6
CONTINUOUS
10
5.8417119685039367
20
-4.3625588976377951
11
5.841682125984252
21
-4.3624868110236221
0
LINE
8
BLACK
6
CONTINUOUS
10
5.841682125984252
20
-4.3624868110236221
11
5.8416718110236223
21
-4.3623822834645667
0
LINE
8
BLACK
6
CONTINUOUS
10
5.8416718110236223
20
-4.3623822834645667
11
5.8416485826771654
21
-4.3622800393700789
0
LINE
8
BLACK
6
CONTINUOUS
10
5.8416485826771654
20
-4.3622800393700789
11
5.841654094488189
21
-4.3622022834645664
0
LINE
8
BLACK
6
CONTINUOUS
10
5.841654094488189
20
-4.3622022834645664
11
5.8416253937007871
21
-4.3619107480314963
0
LINE
8
BLACK
6
CONTINUOUS
10
5.8416253937007871
20
-4.3619107480314963
11
5.8416253937007871
21
-4.3581612204724411
0
LINE
8
BLACK
6
CONTINUOUS
10
5.8416253937007871
20
-4.3581612204724411
11
5.841682125984252
21
-4.3575851574803153
0
LINE
8
BLACK
6
CONTINUOUS
10
5.841682125984252
20
-4.3575851574803153
11
5.8417227165354326
21
-4.3574871259842523
0
LINE
8
BLACK
6
CONTINUOUS
10
5.8417227165354326
20
-4.3574871259842523
11
5.8417302362204726
21
-4.3573813385826767
0
LINE
8
BLACK
6
CONTINUOUS
10
5.8417302362204726
20
-4.3573813385826767
11
5.8419371259842521
21
-4.3568407086614176
0
LINE
8
BLACK
6
CONTINUOUS
10
5.8419371259842521
20
-4.3568407086614176
11
5.8438118897637796
21
-4.3530911811023625
0
LINE
8
BLACK
6
CONTINUOUS
10
5.8438118897637796
20
-4.3530911811023625
11
5.8439679527559054
21
-4.3528431496062989
0
LINE
8
BLACK
6
CONTINUOUS
10
5.8439679527559054
20
-4.3528431496062989
11
5.8439977952755902
21
-4.3527712204724409
0
LINE
8
BLACK
6
CONTINUOUS
10
5.8439977952755902
20
-4.3527712204724409
11
5.8440642519685042
21
-4.3526902362204725
0
LINE
8
BLACK
6
CONTINUOUS
10
5.8440642519685042
20
-4.3526902362204725
11
5.8441202362204727
21
-4.3526012992125986
0
LINE
8
BLACK
6
CONTINUOUS
10
5.8441202362204727
20
-4.3526012992125986
11
5.8441792125984247
21
-4.3525501181102362
0
LINE
8
BLACK
6
CONTINUOUS
10
5.8441792125984247
20
-4.3525501181102362
11
5.8443649999999998
21
-4.3523237795275591
0
LINE
8
BLACK
6
CONTINUOUS
10
5.8443649999999998
20
-4.3523237795275591
11
5.8462397637795274
21
-4.3504490157480316
0
LINE
8
BLACK
6
CONTINUOUS
10
5.8462397637795274
20
-4.3504490157480316
11
5.8464661023622044
21
-4.3502632283464564
0
LINE
8
BLACK
6
CONTINUOUS
10
5.8464661023622044
20
-4.3502632283464564
11
5.8465172834645669
21
-4.3502042519685036
0
LINE
8
BLACK
6
CONTINUOUS
10
5.8465172834645669
20
-4.3502042519685036
11
5.8466062204724407
21
-4.3501482677165351
0
LINE
8
BLACK
6
CONTINUOUS
10
5.8466062204724407
20
-4.3501482677165351
11
5.8466872047244092
21
-4.3500818110236219
0
LINE
8
BLACK
6
CONTINUOUS
10
5.8466872047244092
20
-4.3500818110236219
11
5.8467591338582672
21
-4.3500519685039372
0
LINE
8
BLACK
6
CONTINUOUS
10
5.8467591338582672
20
-4.3500519685039372
11
5.8470071653543307
21
-4.3498959055118105
0
LINE
8
BLACK
6
CONTINUOUS
10
5.8470071653543307
20
-4.3498959055118105
11
5.8507566929133858
21
-4.3480211417322829
0
LINE
8
BLACK
6
CONTINUOUS
10
5.8507566929133858
20
-4.3480211417322829
11
5.8512972834645671
21
-4.3478142519685035
0
LINE
8
BLACK
6
CONTINUOUS
10
5.8512972834645671
20
-4.3478142519685035
11
5.8514031496062993
21
-4.3478066929133856
0
LINE
8
BLACK
6
CONTINUOUS
10
5.8514031496062993
20
-4.3478066929133856
11
5.8515011417322835
21
-4.3477661417322837
0
LINE
8
BLACK
6
CONTINUOUS
10
5.8515011417322835
20
-4.3477661417322837
11
5.8520772047244094
21
-4.3477094094488189
0
LINE
8
BLACK
6
CONTINUOUS
10
5.8520772047244094
20
-4.3477094094488189
11
5.8614510236220472
21
-4.3477094094488189
0
LINE
8
BLACK
6
CONTINUOUS
10
5.8614510236220472
20
-4.3477094094488189
11
5.862027086614173
21
-4.3477661417322837
0
LINE
8
BLACK
6
CONTINUOUS
10
5.8936135826771654
20
-4.3477381102362207
11
5.893691338582677
21
-4.3477325984251971
0
LINE
8
BLACK
6
CONTINUOUS
10
5.893691338582677
20
-4.3477325984251971
11
5.8937935826771648
21
-4.3477558267716532
0
LINE
8
BLACK
6
CONTINUOUS
10
5.8937935826771648
20
-4.3477558267716532
11
5.8938981102362202
21
-4.3477661417322837
0
LINE
8
BLACK
6
CONTINUOUS
10
5.8938981102362202
20
-4.3477661417322837
11
5.8939701968503933
21
-4.3477959842519684
0
LINE
8
BLACK
6
CONTINUOUS
10
5.8939701968503933
20
-4.3477959842519684
11
5.8942557874015744
21
-4.3478609448818899
0
LINE
8
BLACK
6
CONTINUOUS
10
5.8942557874015744
20
-4.3478609448818899
11
5.8998800787401571
21
-4.3497357086614175
0
LINE
8
BLACK
6
CONTINUOUS
10
5.8998800787401571
20
-4.3497357086614175
11
5.9004086220472436
21
-4.3499716929133854
0
LINE
8
BLACK
6
CONTINUOUS
10
5.9004086220472436
20
-4.3499716929133854
11
5.9004887401574804
21
-4.3500411811023625
0
LINE
8
BLACK
6
CONTINUOUS
10
5.9004887401574804
20
-4.3500411811023625
11
5.9005868110236221
21
-4.3500818110236219
0
LINE
8
BLACK
6
CONTINUOUS
10
5.9005868110236221
20
-4.3500818110236219
11
5.901034251968504
21
-4.3504490157480316
0
LINE
8
BLACK
6
CONTINUOUS
10
5.901034251968504
20
-4.3504490157480316
11
5.9047837795275591
21
-4.3541985433070867
0
LINE
8
BLACK
6
CONTINUOUS
10
5.9047837795275591
20
-4.3541985433070867
11
5.9049696062992121
21
-4.3544249212598425
0
LINE
8
BLACK
6
CONTINUOUS
10
5.9049696062992121
20
-4.3544249212598425
11
5.9050285433070862
21
-4.3544760629921262
0
LINE
8
BLACK
6
CONTINUOUS
10
5.9050285433070862
20
-4.3544760629921262
11
5.9050844094488184
21
-4.3545648031496063
0
LINE
8
BLACK
6
CONTINUOUS
10
5.9050844094488184
20
-4.3545648031496063
11
5.9051510236220475
21
-4.3546459842519685
0
LINE
8
BLACK
6
CONTINUOUS
10
5.9051510236220475
20
-4.3546459842519685
11
5.9051808661417322
21
-4.3547181102362202
0
LINE
8
BLACK
6
CONTINUOUS
10
5.9051808661417322
20
-4.3547181102362202
11
5.9053368897637792
21
-4.35496594488189
0
LINE
8
BLACK
6
CONTINUOUS
10
5.9053368897637792
20
-4.35496594488189
11
5.9072116535433068
21
-4.3587154724409451
0
LINE
8
BLACK
6
CONTINUOUS
10
5.9072116535433068
20
-4.3587154724409451
11
5.9072277559055113
21
-4.3587575590551184
0
LINE
8
BLACK
6
CONTINUOUS
10
5.9072277559055113
20
-4.3587575590551184
11
5.9072404724409449
21
-4.3587747244094484
0
LINE
8
BLACK
6
CONTINUOUS
10
5.9072404724409449
20
-4.3587747244094484
11
5.9073267716535431
21
-4.3590162992125983
0
LINE
8
BLACK
6
CONTINUOUS
10
5.9073267716535431
20
-4.3590162992125983
11
5.9074185433070863
21
-4.3592560629921255
0
LINE
8
BLACK
6
CONTINUOUS
10
5.9074185433070863
20
-4.3592560629921255
11
5.9074200393700789
21
-4.3592773228346458
0
LINE
8
BLACK
6
CONTINUOUS
10
5.9074200393700789
20
-4.3592773228346458
11
5.9074352362204721
21
-4.3593198425196853
0
LINE
8
BLACK
6
CONTINUOUS
10
5.9074352362204721
20
-4.3593198425196853
11
5.9093099999999996
21
-4.3668188976377955
0
LINE
8
BLACK
6
CONTINUOUS
10
5.9093099999999996
20
-4.3668188976377955
11
5.9093247637795274
21
-4.3669187401574803
0
LINE
8
BLACK
6
CONTINUOUS
10
5.9093247637795274
20
-4.3669187401574803
11
5.9093414173228345
21
-4.3669589763779531
0
LINE
8
BLACK
6
CONTINUOUS
10
5.9093414173228345
20
-4.3669589763779531
11
5.9093627559055113
21
-4.3671759842519684
0
LINE
8
BLACK
6
CONTINUOUS
10
5.9093627559055113
20
-4.3671759842519684
11
5.9093946456692912
21
-4.367391496062992
0
LINE
8
BLACK
6
CONTINUOUS
10
5.9093946456692912
20
-4.367391496062992
11
5.9093882283464563
21
-4.3674344881889766
0
LINE
8
BLACK
6
CONTINUOUS
10
5.9093882283464563
20
-4.3674344881889766
11
5.9093981496062993
21
-4.3675350393700789
0
LINE
8
BLACK
6
CONTINUOUS
10
5.9093981496062993
20
-4.3675350393700789
11
5.9093981496062993
21
-4.3731593307086616
0
LINE
8
BLACK
6
CONTINUOUS
10
5.9093981496062993
20
-4.3731593307086616
11
5.9093882283464563
21
-4.3732598425196851
0
LINE
8
BLACK
6
CONTINUOUS
10
5.9093882283464563
20
-4.3732598425196851
11
5.9093946456692912
21
-4.3733028740157476
0
LINE
8
BLACK
6
CONTINUOUS
10
5.9093946456692912
20
-4.3733028740157476
11
5.9093627559055113
21
-4.3735183464566925
0
LINE
8
BLACK
6
CONTINUOUS
10
5.9093627559055113
20
-4.3735183464566925
11
5.9093414173228345
21
-4.3737353937007875
0
LINE
8
BLACK
6
CONTINUOUS
10
5.9093414173228345
20
-4.3737353937007875
11
5.9093247637795274
21
-4.3737755905511806
0
LINE
8
BLACK
6
CONTINUOUS
10
5.9093247637795274
20
-4.3737755905511806
11
5.9093099999999996
21
-4.373875472440945
0
LINE
8
BLACK
6
CONTINUOUS
10
5.9093099999999996
20
-4.373875472440945
11
5.9074352362204721
21
-4.3813745275590552
0
LINE
8
BLACK
6
CONTINUOUS
10
5.9074352362204721
20
-4.3813745275590552
11
5.9074200393700789
21
-4.381417007874016
0
LINE
8
BLACK
6
CONTINUOUS
10
5.9074200393700789
20
-4.381417007874016
11
5.9074185433070863
21
-4.3814383070866141
0
LINE
8
BLACK
6
CONTINUOUS
10
5.9074185433070863
20
-4.3814383070866141
11
5.9073267716535431
21
-4.3816780314960626
0
LINE
8
BLACK
6
CONTINUOUS
10
5.9073267716535431
20
-4.3816780314960626
11
5.9072404724409449
21
-4.3819196456692913
0
LINE
8
BLACK
6
CONTINUOUS
10
5.9072404724409449
20
-4.3819196456692913
11
5.9072277559055113
21
-4.3819367716535433
0
LINE
8
BLACK
6
CONTINUOUS
10
5.9072277559055113
20
-4.3819367716535433
11
5.9072116535433068
21
-4.3819788976377954
0
LINE
8
BLACK
6
CONTINUOUS
10
5.9072116535433068
20
-4.3819788976377954
11
5.9053368897637792
21
-4.3857284251968505
0
LINE
8
BLACK
6
CONTINUOUS
10
5.9053368897637792
20
-4.3857284251968505
11
5.9051808267716535
21
-4.3859762992125981
0
LINE
8
BLACK
6
CONTINUOUS
10
5.9051808267716535
20
-4.3859762992125981
11
5.9051510236220475
21
-4.3860483464566924
0
LINE
8
BLACK
6
CONTINUOUS
10
5.9051510236220475
20
-4.3860483464566924
11
5.9050844881889759
21
-4.3861293700787405
0
LINE
8
BLACK
6
CONTINUOUS
10
5.9050844881889759
20
-4.3861293700787405
11
5.9050285433070862
21
-4.3862183070866143
0
LINE
8
BLACK
6
CONTINUOUS
10
5.9050285433070862
20
-4.3862183070866143
11
5.9049695275590546
21
-4.3862694488188971
0
LINE
8
BLACK
6
CONTINUOUS
10
5.9049695275590546
20
-4.3862694488188971
11
5.9047838188976378
21
-4.3864957874015751
0
LINE
8
BLACK
6
CONTINUOUS
10
5.9047838188976378
20
-4.3864957874015751
11
5.901034251968504
21
-4.3902453937007877
0
LINE
8
BLACK
6
CONTINUOUS
10
5.901034251968504
20
-4.3902453937007877
11
5.9005868110236221
21
-4.3906125984251965
0
LINE
8
BLACK
6
CONTINUOUS
10
5.9005868110236221
20
-4.3906125984251965
11
5.9004887401574804
21
-4.390653188976378
0
LINE
8
BLACK
6
CONTINUOUS
10
5.9004887401574804
20
-4.390653188976378
11
5.9004086220472436
21
-4.390722716535433
0
LINE
8
BLACK
6
CONTINUOUS
10
5.9004086220472436
20
-4.390722716535433
11
5.8998800787401571
21
-4.3909587007874018
0
LINE
8
BLACK
6
CONTINUOUS
10
5.8998800787401571
20
-4.3909587007874018
11
5.8942557874015744
21
-4.3928334645669294
0
LINE
8
BLACK
6
CONTINUOUS
10
5.8942557874015744
20
-4.3928334645669294
11
5.8939701968503933
21
-4.3928983858267712
0
LINE
8
BLACK
6
CONTINUOUS
10
5.8939701968503933
20
-4.3928983858267712
11
5.8938981102362202
21
-4.3929282677165356
0
LINE
8
BLACK
6
CONTINUOUS
10
5.8938981102362202
20
-4.3929282677165356
11
5.8937935826771648
21
-4.3929385433070864
0
LINE
8
BLACK
6
CONTINUOUS
10
5.8937935826771648
20
-4.3929385433070864
11
5.893691338582677
21
-4.3929618110236222
0
LINE
8
BLACK
6
CONTINUOUS
10
5.893691338582677
20
-4.3929618110236222
11
5.8936135826771654
21
-4.3929562598425198
0
LINE
8
BLACK
6
CONTINUOUS
10
5.8936135826771654
20
-4.3929562598425198
11
5.8933220472440944
21
-4.3929849999999995
0
LINE
8
BLACK
6
CONTINUOUS
10
5.8933220472440944
20
-4.3929849999999995
11
5.8895725196850393
21
-4.3929849999999995
0
LINE
8
BLACK
6
CONTINUOUS
10
5.8895725196850393
20
-4.3929849999999995
11
5.8892809055118107
21
-4.3929562598425198
0
LINE
8
BLACK
6
CONTINUOUS
10
5.8892809055118107
20
-4.3929562598425198
11
5.8892031889763778
21
-4.3929618110236222
0
LINE
8
BLACK
6
CONTINUOUS
10
5.8892031889763778
20
-4.3929618110236222
11
5.8891009055118113
21
-4.3929385433070864
0
LINE
8
BLACK
6
CONTINUOUS
10
5.8891009055118113
20
-4.3929385433070864
11
5.8889964566929134
21
-4.3929282677165356
0
LINE
8
BLACK
6
CONTINUOUS
10
5.8889964566929134
20
-4.3929282677165356
11
5.8889243700787404
21
-4.3928983858267712
0
LINE
8
BLACK
6
CONTINUOUS
10
5.8889243700787404
20
-4.3928983858267712
11
5.8886387401574805
21
-4.3928334645669294
0
LINE
8
BLACK
6
CONTINUOUS
10
5.8886387401574805
20
-4.3928334645669294
11
5.8830144881889765
21
-4.3909587007874018
0
LINE
8
BLACK
6
CONTINUOUS
10
5.8830144881889765
20
-4.3909587007874018
11
5.8824859055118113
21
-4.390722716535433
0
LINE
8
BLACK
6
CONTINUOUS
10
5.8824859055118113
20
-4.390722716535433
11
5.882405708661417
21
-4.3906531496062993
0
LINE
8
BLACK
6
CONTINUOUS
10
5.882405708661417
20
-4.3906531496062993
11
5.8823077559055115
21
-4.3906125984251965
0
LINE
8
BLACK
6
CONTINUOUS
10
5.8823077559055115
20
-4.3906125984251965
11
5.8818602755905509
21
-4.3902453543307089
0
LINE
8
BLACK
6
CONTINUOUS
10
5.8818602755905509
20
-4.3902453543307089
11
5.8799855118110234
21
-4.3883705511811026
0
LINE
8
BLACK
6
CONTINUOUS
10
5.8799855118110234
20
-4.3883705511811026
11
5.8796183070866137
21
-4.3879231102362199
0
LINE
8
BLACK
6
CONTINUOUS
10
5.8796183070866137
20
-4.3879231102362199
11
5.8791774409448818
21
-4.3868587007874016
0
LINE
8
BLACK
6
CONTINUOUS
10
5.8791774409448818
20
-4.3868587007874016
11
5.8791774409448818
21
-4.3857066141732286
0
LINE
8
BLACK
6
CONTINUOUS
10
5.8791774409448818
20
-4.3857066141732286
11
5.8796183464566925
21
-4.3846422047244094
0
LINE
8
BLACK
6
CONTINUOUS
10
5.8796183464566925
20
-4.3846422047244094
11
5.8804330314960627
21
-4.3838275196850391
0
LINE
8
BLACK
6
CONTINUOUS
10
5.8804330314960627
20
-4.3838275196850391
11
5.8814974409448819
21
-4.3833866535433073
0
LINE
8
BLACK
6
CONTINUOUS
10
5.8814974409448819
20
-4.3833866535433073
11
5.8826495275590549
21
-4.3833866535433073
0
LINE
8
BLACK
6
CONTINUOUS
10
5.8826495275590549
20
-4.3833866535433073
11
5.8837139370078742
21
-4.3838275590551179
0
LINE
8
BLACK
6
CONTINUOUS
10
5.8837139370078742
20
-4.3838275590551179
11
5.8841614173228347
21
-4.3841948031496063
0
LINE
8
BLACK
6
CONTINUOUS
10
5.8841614173228347
20
-4.3841948031496063
11
5.8855432677165354
21
-4.3855766929133857
0
LINE
8
BLACK
6
CONTINUOUS
10
5.8855432677165354
20
-4.3855766929133857
11
5.8900516535433072
21
-4.3870794881889763
0
LINE
8
BLACK
6
CONTINUOUS
10
5.8900516535433072
20
-4.3870794881889763
11
5.8928429133858264
21
-4.3870794881889763
0
LINE
8
BLACK
6
CONTINUOUS
10
5.8928429133858264
20
-4.3870794881889763
11
5.8973512992125983
21
-4.3855766535433069
0
LINE
8
BLACK
6
CONTINUOUS
10
5.8973512992125983
20
-4.3855766535433069
11
5.9002690944881886
21
-4.3826588188976379
0
LINE
8
BLACK
6
CONTINUOUS
10
5.9002690944881886
20
-4.3826588188976379
11
5.9017846062992128
21
-4.3796278346456692
0
LINE
8
BLACK
6
CONTINUOUS
10
5.9017846062992128
20
-4.3796278346456692
11
5.9034926377952752
21
-4.372795787401575
0
LINE
8
BLACK
6
CONTINUOUS
10
5.9034926377952752
20
-4.372795787401575
11
5.9034926377952752
21
-4.3678985826771655
0
LINE
8
BLACK
6
CONTINUOUS
10
5.9034926377952752
20
-4.3678985826771655
11
5.9017846062992128
21
-4.3610665354330704
0
LINE
8
BLACK
6
CONTINUOUS
10
5.9017846062992128
20
-4.3610665354330704
11
5.9002691338582673
21
-4.3580355511811026
0
LINE
8
BLACK
6
CONTINUOUS
10
5.9002691338582673
20
-4.3580355511811026
11
5.8973512992125983
21
-4.3551177165354327
0
LINE
8
BLACK
6
CONTINUOUS
10
5.8973512992125983
20
-4.3551177165354327
11
5.8928429133858264
21
-4.3536149212598421
0
LINE
8
BLACK
6
CONTINUOUS
10
5.8928429133858264
20
-4.3536149212598421
11
5.8900516535433072
21
-4.3536149212598421
0
LINE
8
BLACK
6
CONTINUOUS
10
5.8900516535433072
20
-4.3536149212598421
11
5.8855432677165354
21
-4.3551177165354327
0
LINE
8
BLACK
6
CONTINUOUS
10
5.8855432677165354
20
-4.3551177165354327
11
5.884161377952756
21
-4.3564996062992121
0
LINE
8
BLACK
6
CONTINUOUS
10
5.884161377952756
20
-4.3564996062992121
11
5.8837139370078742
21
-4.3568668110236217
0
LINE
8
BLACK
6
CONTINUOUS
10
5.8837139370078742
20
-4.3568668110236217
11
5.8826494881889762
21
-4.3573077165354333
0
LINE
8
BLACK
6
CONTINUOUS
10
5.8826494881889762
20
-4.3573077165354333
11
5.8814974409448819
21
-4.3573077165354333
0
LINE
8
BLACK
6
CONTINUOUS
10
5.8814974409448819
20
-4.3573077165354333
11
5.8804329921259839
21
-4.3568668110236217
0
LINE
8
BLACK
6
CONTINUOUS
10
5.8804329921259839
20
-4.3568668110236217
11
5.8796183464566925
21
-4.3560521653543303
0
LINE
8
BLACK
6
CONTINUOUS
10
5.8796183464566925
20
-4.3560521653543303
11
5.8791774409448818
21
-4.3549877165354332
0
LINE
8
BLACK
6
CONTINUOUS
10
5.8791774409448818
20
-4.3549877165354332
11
5.8791774409448818
21
-4.3538356692913389
0
LINE
8
BLACK
6
CONTINUOUS
10
5.8791774409448818
20
-4.3538356692913389
11
5.8796183464566925
21
-4.3527712204724409
0
LINE
8
BLACK
6
CONTINUOUS
10
5.8796183464566925
20
-4.3527712204724409
11
5.8799855511811021
21
-4.3523237795275591
0
LINE
8
BLACK
6
CONTINUOUS
10
5.8799855511811021
20
-4.3523237795275591
11
5.8818603149606297
21
-4.3504490157480316
0
LINE
8
BLACK
6
CONTINUOUS
10
5.8818603149606297
20
-4.3504490157480316
11
5.8823077559055115
21
-4.3500818110236219
0
LINE
8
BLACK
6
CONTINUOUS
10
5.8823077559055115
20
-4.3500818110236219
11
5.882405708661417
21
-4.3500412204724412
0
LINE
8
BLACK
6
CONTINUOUS
10
5.882405708661417
20
-4.3500412204724412
11
5.8824859055118113
21
-4.3499716929133854
0
LINE
8
BLACK
6
CONTINUOUS
10
5.8824859055118113
20
-4.3499716929133854
11
5.8830144881889765
21
-4.3497357086614175
0
LINE
8
BLACK
6
CONTINUOUS
10
5.8830144881889765
20
-4.3497357086614175
11
5.8886387401574805
21
-4.3478609448818899
0
LINE
8
BLACK
6
CONTINUOUS
10
5.8886387401574805
20
-4.3478609448818899
11
5.8889243700787404
21
-4.3477959842519684
0
LINE
8
BLACK
6
CONTINUOUS
10
5.8889243700787404
20
-4.3477959842519684
11
5.8889964566929134
21
-4.3477661417322837
0
LINE
8
BLACK
6
CONTINUOUS
10
5.8889964566929134
20
-4.3477661417322837
11
5.8891009055118113
21
-4.3477558267716532
0
LINE
8
BLACK
6
CONTINUOUS
10
5.8891009055118113
20
-4.3477558267716532
11
5.8892031889763778
21
-4.3477325984251971
0
LINE
8
BLACK
6
CONTINUOUS
10
5.8892031889763778
20
-4.3477325984251971
11
5.8892809055118107
21
-4.3477381102362207
0
LINE
8
BLACK
6
CONTINUOUS
10
5.8892809055118107
20
-4.3477381102362207
11
5.8895725196850393
21
-4.3477094094488189
0
LINE
8
BLACK
6
CONTINUOUS
10
5.8895725196850393
20
-4.3477094094488189
11
5.8933220472440944
21
-4.3477094094488189
0
LINE
8
BLACK
6
CONTINUOUS
10
5.8933220472440944
20
-4.3477094094488189
11
5.8936135826771654
21
-4.3477381102362207
0
LINE
8
BLACK
6
CONTINUOUS
10
5.410576062992126
20
-4.3796039763779531
11
5.4116404724409444
21
-4.3800448818897637
0
LINE
8
BLACK
6
CONTINUOUS
10
5.4116404724409444
20
-4.3800448818897637
11
5.4124551181102358
21
-4.3808595275590552
0
LINE
8
BLACK
6
CONTINUOUS
10
5.4124551181102358
20
-4.3808595275590552
11
5.4128960236220474
21
-4.3819239370078735
0
LINE
8
BLACK
6
CONTINUOUS
10
5.4128960236220474
20
-4.3819239370078735
11
5.4128960236220474
21
-4.3830760629921262
0
LINE
8
BLACK
6
CONTINUOUS
10
5.4128960236220474
20
-4.3830760629921262
11
5.4124551181102358
21
-4.3841404724409445
0
LINE
8
BLACK
6
CONTINUOUS
10
5.4124551181102358
20
-4.3841404724409445
11
5.4116404724409444
21
-4.384955118110236
0
LINE
8
BLACK
6
CONTINUOUS
10
5.4116404724409444
20
-4.384955118110236
11
5.410576062992126
21
-4.3853960236220475
0
LINE
8
BLACK
6
CONTINUOUS
10
5.410576062992126
20
-4.3853960236220475
11
5.4100000000000001
21
-4.3854527559055114
0
LINE
8
BLACK
6
CONTINUOUS
10
5.4100000000000001
20
-4.3854527559055114
11
5.3499999999999996
21
-4.3854527559055114
0
LINE
8
BLACK
6
CONTINUOUS
10
5.3499999999999996
20
-4.3854527559055114
11
5.3494239370078738
21
-4.3853960236220475
0
LINE
8
BLACK
6
CONTINUOUS
10
5.3494239370078738
20
-4.3853960236220475
11
5.3483595275590554
21
-4.384955118110236
0
LINE
8
BLACK
6
CONTINUOUS
10
5.3483595275590554
20
-4.384955118110236
11
5.347544881889764
21
-4.3841404724409445
0
LINE
8
BLACK
6
CONTINUOUS
10
5.347544881889764
20
-4.3841404724409445
11
5.3471039763779524
21
-4.3830760629921262
0
LINE
8
BLACK
6
CONTINUOUS
10
5.3471039763779524
20
-4.3830760629921262
11
5.3471039763779524
21
-4.3819239370078735
0
LINE
8
BLACK
6
CONTINUOUS
10
5.3471039763779524
20
-4.3819239370078735
11
5.347544881889764
21
-4.3808595275590552
0
LINE
8
BLACK
6
CONTINUOUS
10
5.347544881889764
20
-4.3808595275590552
11
5.3483595275590554
21
-4.3800448818897637
0
LINE
8
BLACK
6
CONTINUOUS
10
5.3483595275590554
20
-4.3800448818897637
11
5.3494239370078738
21
-4.3796039763779531
0
LINE
8
BLACK
6
CONTINUOUS
10
5.3494239370078738
20
-4.3796039763779531
11
5.3499999999999996
21
-4.3795472440944883
0
LINE
8
BLACK
6
CONTINUOUS
10
5.3499999999999996
20
-4.3795472440944883
11
5.4100000000000001
21
-4.3795472440944883
0
LINE
8
BLACK
6
CONTINUOUS
10
5.4100000000000001
20
-4.3795472440944883
11
5.410576062992126
21
-4.3796039763779531
0
LINE
8
BLACK
6
CONTINUOUS
10
6.4313086614173223
20
-4.3578963385826768
11
6.4325870866141734
21
-4.3591747637795271
0
LINE
8
BLACK
6
CONTINUOUS
10
6.4325870866141734
20
-4.3591747637795271
11
6.4325870866141734
21
-4.3609827165354327
0
LINE
8
BLACK
6
CONTINUOUS
10
6.4325870866141734
20
-4.3609827165354327
11
6.4313086614173223
21
-4.362261141732283
0
LINE
8
BLACK
6
CONTINUOUS
10
6.4313086614173223
20
-4.362261141732283
11
6.4304046850393703
21
-4.3624409448818895
0
LINE
8
BLACK
6
CONTINUOUS
10
6.4304046850393703
20
-4.3624409448818895
11
6.4175874409448816
21
-4.3624409448818895
0
LINE
8
BLACK
6
CONTINUOUS
10
6.4175874409448816
20
-4.3624409448818895
11
6.4166834645669288
21
-4.362261141732283
0
LINE
8
BLACK
6
CONTINUOUS
10
6.4166834645669288
20
-4.362261141732283
11
6.4154050393700786
21
-4.3609827165354327
0
LINE
8
BLACK
6
CONTINUOUS
10
6.4154050393700786
20
-4.3609827165354327
11
6.4154050393700786
21
-4.3591747637795271
0
LINE
8
BLACK
6
CONTINUOUS
10
6.4154050393700786
20
-4.3591747637795271
11
6.4166834645669288
21
-4.3578963385826768
0
LINE
8
BLACK
6
CONTINUOUS
10
6.4166834645669288
20
-4.3578963385826768
11
6.4175874409448816
21
-4.3577165354330711
0
LINE
8
BLACK
6
CONTINUOUS
10
6.4175874409448816
20
-4.3577165354330711
11
6.4304046850393703
21
-4.3577165354330711
0
LINE
8
BLACK
6
CONTINUOUS
10
6.4304046850393703
20
-4.3577165354330711
11
6.4313086614173223
21
-4.3578963385826768
0
LINE
8
BLACK
6
CONTINUOUS
10
6.5913086614173224
20
-4.3578963385826768
11
6.5925870866141727
21
-4.3591747637795271
0
LINE
8
BLACK
6
CONTINUOUS
10
6.5925870866141727
20
-4.3591747637795271
11
6.5925870866141727
21
-4.3609827165354327
0
LINE
8
BLACK
6
CONTINUOUS
10
6.5925870866141727
20
-4.3609827165354327
11
6.5913086614173224
21
-4.362261141732283
0
LINE
8
BLACK
6
CONTINUOUS
10
6.5913086614173224
20
-4.362261141732283
11
6.5904046850393696
21
-4.3624409448818895
0
LINE
8
BLACK
6
CONTINUOUS
10
6.5904046850393696
20
-4.3624409448818895
11
6.5775874409448818
21
-4.3624409448818895
0
LINE
8
BLACK
6
CONTINUOUS
10
6.5775874409448818
20
-4.3624409448818895
11
6.576683464566929
21
-4.362261141732283
0
LINE
8
BLACK
6
CONTINUOUS
10
6.576683464566929
20
-4.362261141732283
11
6.5754050393700787
21
-4.3609827165354327
0
LINE
8
BLACK
6
CONTINUOUS
10
6.5754050393700787
20
-4.3609827165354327
11
6.5754050393700787
21
-4.3591747637795271
0
LINE
8
BLACK
6
CONTINUOUS
10
6.5754050393700787
20
-4.3591747637795271
11
6.576683464566929
21
-4.3578963385826768
0
LINE
8
BLACK
6
CONTINUOUS
10
6.576683464566929
20
-4.3578963385826768
11
6.5775874409448818
21
-4.3577165354330711
0
LINE
8
BLACK
6
CONTINUOUS
10
6.5775874409448818
20
-4.3577165354330711
11
6.5904046850393696
21
-4.3577165354330711
0
LINE
8
BLACK
6
CONTINUOUS
10
6.5904046850393696
20
-4.3577165354330711
11
6.5913086614173224
21
-4.3578963385826768
0
LINE
8
BLACK
6
CONTINUOUS
10
5.7611113385826771
20
-4.3577388582677168
11
5.7623897637795274
21
-4.3590172834645671
0
LINE
8
BLACK
6
CONTINUOUS
10
5.7623897637795274
20
-4.3590172834645671
11
5.7623897637795274
21
-4.3608252362204727
0
LINE
8
BLACK
6
CONTINUOUS
10
5.7623897637795274
20
-4.3608252362204727
11
5.7611113385826771
21
-4.362103661417323
0
LINE
8
BLACK
6
CONTINUOUS
10
5.7611113385826771
20
-4.362103661417323
11
5.7602073622047243
21
-4.3622834645669286
0
LINE
8
BLACK
6
CONTINUOUS
10
5.7602073622047243
20
-4.3622834645669286
11
5.7467217716535428
21
-4.3622834645669286
0
LINE
8
BLACK
6
CONTINUOUS
10
5.7467217716535428
20
-4.3622834645669286
11
5.74581779527559
21
-4.362103661417323
0
LINE
8
BLACK
6
CONTINUOUS
10
5.74581779527559
20
-4.362103661417323
11
5.7445393700787397
21
-4.3608252362204727
0
LINE
8
BLACK
6
CONTINUOUS
10
5.7445393700787397
20
-4.3608252362204727
11
5.7445393700787397
21
-4.3590172834645671
0
LINE
8
BLACK
6
CONTINUOUS
10
5.7445393700787397
20
-4.3590172834645671
11
5.74581779527559
21
-4.3577388582677168
0
LINE
8
BLACK
6
CONTINUOUS
10
5.74581779527559
20
-4.3577388582677168
11
5.7467217716535428
21
-4.3575590551181103
0
LINE
8
BLACK
6
CONTINUOUS
10
5.7467217716535428
20
-4.3575590551181103
11
5.7602073622047243
21
-4.3575590551181103
0
LINE
8
BLACK
6
CONTINUOUS
10
5.7602073622047243
20
-4.3575590551181103
11
5.7611113385826771
21
-4.3577388582677168
0
LINE
8
BLACK
6
CONTINUOUS
10
6.8156097244094482
20
-4.3315006299212602
11
6.8164244094488184
21
-4.3323152755905507
0
LINE
8
BLACK
6
CONTINUOUS
10
6.8164244094488184
20
-4.3323152755905507
11
6.8166808661417324
21
-4.3329344881889762
0
LINE
8
BLACK
6
CONTINUOUS
10
6.8166808661417324
20
-4.3329344881889762
11
6.8168652755905512
21
-4.33337968503937
0
LINE
8
BLACK
6
CONTINUOUS
10
6.8168652755905512
20
-4.33337968503937
11
6.816922007874016
21
-4.3339557480314959
0
LINE
8
BLACK
6
CONTINUOUS
10
6.816922007874016
20
-4.3339557480314959
11
6.816922007874016
21
-4.3583276771653541
0
LINE
8
BLACK
6
CONTINUOUS
10
6.816922007874016
20
-4.3583276771653541
11
6.8168652755905512
21
-4.3589037401574799
0
LINE
8
BLACK
6
CONTINUOUS
10
6.8168652755905512
20
-4.3589037401574799
11
6.8164243700787397
21
-4.3599681496062992
0
LINE
8
BLACK
6
CONTINUOUS
10
6.8164243700787397
20
-4.3599681496062992
11
6.8156097244094482
21
-4.3607827952755907
0
LINE
8
BLACK
6
CONTINUOUS
10
6.8156097244094482
20
-4.3607827952755907
11
6.8145453149606299
21
-4.3612237007874013
0
LINE
8
BLACK
6
CONTINUOUS
10
6.8145453149606299
20
-4.3612237007874013
11
6.8133931889763781
21
-4.3612237007874013
0
LINE
8
BLACK
6
CONTINUOUS
10
6.8133931889763781
20
-4.3612237007874013
11
6.8123287795275589
21
-4.3607827952755907
0
LINE
8
BLACK
6
CONTINUOUS
10
6.8123287795275589
20
-4.3607827952755907
11
6.8115141338582674
21
-4.3599681496062992
0
LINE
8
BLACK
6
CONTINUOUS
10
6.8115141338582674
20
-4.3599681496062992
11
6.8110732283464568
21
-4.3589037401574799
0
LINE
8
BLACK
6
CONTINUOUS
10
6.8110732283464568
20
-4.3589037401574799
11
6.811016496062992
21
-4.3583276771653541
0
LINE
8
BLACK
6
CONTINUOUS
10
6.811016496062992
20
-4.3583276771653541
11
6.811016496062992
21
-4.341084291338583
0
LINE
8
BLACK
6
CONTINUOUS
10
6.811016496062992
20
-4.341084291338583
11
6.7935599606299215
21
-4.3585408267716534
0
LINE
8
BLACK
6
CONTINUOUS
10
6.7935599606299215
20
-4.3585408267716534
11
6.7931125196850388
21
-4.3589080314960631
0
LINE
8
BLACK
6
CONTINUOUS
10
6.7931125196850388
20
-4.3589080314960631
11
6.793014448818897
21
-4.3589486220472438
0
LINE
8
BLACK
6
CONTINUOUS
10
6.793014448818897
20
-4.3589486220472438
11
6.7929343307086612
21
-4.3590181496062987
0
LINE
8
BLACK
6
CONTINUOUS
10
6.7929343307086612
20
-4.3590181496062987
11
6.7924057874015746
21
-4.3592541338582675
0
LINE
8
BLACK
6
CONTINUOUS
10
6.7924057874015746
20
-4.3592541338582675
11
6.786781496062992
21
-4.3611288976377951
0
LINE
8
BLACK
6
CONTINUOUS
10
6.786781496062992
20
-4.3611288976377951
11
6.7864959055118108
21
-4.3611938188976378
0
LINE
8
BLACK
6
CONTINUOUS
10
6.7864959055118108
20
-4.3611938188976378
11
6.7864238188976378
21
-4.3612237007874013
0
LINE
8
BLACK
6
CONTINUOUS
10
6.7864238188976378
20
-4.3612237007874013
11
6.7863192913385824
21
-4.3612339763779531
0
LINE
8
BLACK
6
CONTINUOUS
10
6.7863192913385824
20
-4.3612339763779531
11
6.7862170472440946
21
-4.3612572440944879
0
LINE
8
BLACK
6
CONTINUOUS
10
6.7862170472440946
20
-4.3612572440944879
11
6.786139291338583
21
-4.3612516929133855
0
LINE
8
BLACK
6
CONTINUOUS
10
6.786139291338583
20
-4.3612516929133855
11
6.7858477559055119
21
-4.3612804330708661
0
LINE
8
BLACK
6
CONTINUOUS
10
6.7858477559055119
20
-4.3612804330708661
11
6.7820982283464568
21
-4.3612804330708661
0
LINE
8
BLACK
6
CONTINUOUS
10
6.7820982283464568
20
-4.3612804330708661
11
6.7815221653543309
21
-4.3612237007874013
0
LINE
8
BLACK
6
CONTINUOUS
10
6.7815221653543309
20
-4.3612237007874013
11
6.7814241732283467
21
-4.3611831102362206
0
LINE
8
BLACK
6
CONTINUOUS
10
6.7814241732283467
20
-4.3611831102362206
11
6.7813183070866137
21
-4.3611755905511806
0
LINE
8
BLACK
6
CONTINUOUS
10
6.7813183070866137
20
-4.3611755905511806
11
6.7807777165354333
21
-4.3609687007874012
0
LINE
8
BLACK
6
CONTINUOUS
10
6.7807777165354333
20
-4.3609687007874012
11
6.7770281889763782
21
-4.3590939370078736
0
LINE
8
BLACK
6
CONTINUOUS
10
6.7770281889763782
20
-4.3590939370078736
11
6.7767801574803146
21
-4.3589378346456691
0
LINE
8
BLACK
6
CONTINUOUS
10
6.7767801574803146
20
-4.3589378346456691
11
6.7767082283464566
21
-4.3589080314960631
0
LINE
8
BLACK
6
CONTINUOUS
10
6.7767082283464566
20
-4.3589080314960631
11
6.7766272440944881
21
-4.3588415354330712
0
LINE
8
BLACK
6
CONTINUOUS
10
6.7766272440944881
20
-4.3588415354330712
11
6.7765383070866143
21
-4.3587855905511814
0
LINE
8
BLACK
6
CONTINUOUS
10
6.7765383070866143
20
-4.3587855905511814
11
6.7764871259842518
21
-4.3587265748031498
0
LINE
8
BLACK
6
CONTINUOUS
10
6.7764871259842518
20
-4.3587265748031498
11
6.7762607874015748
21
-4.3585408267716534
0
LINE
8
BLACK
6
CONTINUOUS
10
6.7762607874015748
20
-4.3585408267716534
11
6.7743860236220472
21
-4.3566660629921259
0
LINE
8
BLACK
6
CONTINUOUS
10
6.7743860236220472
20
-4.3566660629921259
11
6.7742002362204721
21
-4.3564396850393701
0
LINE
8
BLACK
6
CONTINUOUS
10
6.7742002362204721
20
-4.3564396850393701
11
6.7741412598425192
21
-4.3563885433070864
0
LINE
8
BLACK
6
CONTINUOUS
10
6.7741412598425192
20
-4.3563885433070864
11
6.7740852755905507
21
-4.3562995669291338
0
LINE
8
BLACK
6
CONTINUOUS
10
6.7740852755905507
20
-4.3562995669291338
11
6.7740188188976376
21
-4.3562186220472441
0
LINE
8
BLACK
6
CONTINUOUS
10
6.7740188188976376
20
-4.3562186220472441
11
6.7739889763779528
21
-4.3561466535433073
0
LINE
8
BLACK
6
CONTINUOUS
10
6.7739889763779528
20
-4.3561466535433073
11
6.773832913385827
21
-4.3558986614173225
0
LINE
8
BLACK
6
CONTINUOUS
10
6.773832913385827
20
-4.3558986614173225
11
6.7719581496062995
21
-4.3521491338582674
0
LINE
8
BLACK
6
CONTINUOUS
10
6.7719581496062995
20
-4.3521491338582674
11
6.7717512598425191
21
-4.3516085039370074
0
LINE
8
BLACK
6
CONTINUOUS
10
6.7717512598425191
20
-4.3516085039370074
11
6.77174374015748
21
-4.351502677165354
0
LINE
8
BLACK
6
CONTINUOUS
10
6.77174374015748
20
-4.351502677165354
11
6.7717031496062994
21
-4.3514046850393697
0
LINE
8
BLACK
6
CONTINUOUS
10
6.7717031496062994
20
-4.3514046850393697
11
6.7716464173228346
21
-4.3508286220472439
0
LINE
8
BLACK
6
CONTINUOUS
10
6.7716464173228346
20
-4.3508286220472439
11
6.7716464173228346
21
-4.3414548031496061
0
LINE
8
BLACK
6
CONTINUOUS
10
6.7716464173228346
20
-4.3414548031496061
11
6.7717031496062994
21
-4.3408787401574802
0
LINE
8
BLACK
6
CONTINUOUS
10
6.7717031496062994
20
-4.3408787401574802
11
6.77174374015748
21
-4.3407807086614172
0
LINE
8
BLACK
6
CONTINUOUS
10
6.77174374015748
20
-4.3407807086614172
11
6.7717512598425191
21
-4.3406749212598426
0
LINE
8
BLACK
6
CONTINUOUS
10
6.7717512598425191
20
-4.3406749212598426
11
6.7719581496062995
21
-4.3401342913385825
0
LINE
8
BLACK
6
CONTINUOUS
10
6.7719581496062995
20
-4.3401342913385825
11
6.773832913385827
21
-4.3363847637795274
0
LINE
8
BLACK
6
CONTINUOUS
10
6.773832913385827
20
-4.3363847637795274
11
6.7739889763779528
21
-4.3361367322834647
0
LINE
8
BLACK
6
CONTINUOUS
10
6.7739889763779528
20
-4.3361367322834647
11
6.7740188188976376
21
-4.3360648031496059
0
LINE
8
BLACK
6
CONTINUOUS
10
6.7740188188976376
20
-4.3360648031496059
11
6.7740852755905507
21
-4.3359838188976374
0
LINE
8
BLACK
6
CONTINUOUS
10
6.7740852755905507
20
-4.3359838188976374
11
6.7741412598425192
21
-4.3358948818897636
0
LINE
8
BLACK
6
CONTINUOUS
10
6.7741412598425192
20
-4.3358948818897636
11
6.7742002362204721
21
-4.3358437007874011
0
LINE
8
BLACK
6
CONTINUOUS
10
6.7742002362204721
20
-4.3358437007874011
11
6.7743860236220472
21
-4.335617362204724
0
LINE
8
BLACK
6
CONTINUOUS
10
6.7743860236220472
20
-4.335617362204724
11
6.7762607874015748
21
-4.3337425984251965
0
LINE
8
BLACK
6
CONTINUOUS
10
6.7762607874015748
20
-4.3337425984251965
11
6.7767082283464566
21
-4.3333753937007877
0
LINE
8
BLACK
6
CONTINUOUS
10
6.7767082283464566
20
-4.3333753937007877
11
6.7777726377952758
21
-4.3329344881889762
0
LINE
8
BLACK
6
CONTINUOUS
10
6.7777726377952758
20
-4.3329344881889762
11
6.7789247244094488
21
-4.3329344881889762
0
LINE
8
BLACK
6
CONTINUOUS
10
6.7789247244094488
20
-4.3329344881889762
11
6.7799891338582672
21
-4.3333753937007877
0
LINE
8
BLACK
6
CONTINUOUS
10
6.7799891338582672
20
-4.3333753937007877
11
6.7808038188976374
21
-4.334190078740157
0
LINE
8
BLACK
6
CONTINUOUS
10
6.7808038188976374
20
-4.334190078740157
11
6.7812447244094489
21
-4.3352544881889763
0
LINE
8
BLACK
6
CONTINUOUS
10
6.7812447244094489
20
-4.3352544881889763
11
6.7812447244094489
21
-4.3364065748031493
0
LINE
8
BLACK
6
CONTINUOUS
10
6.7812447244094489
20
-4.3364065748031493
11
6.7808038188976374
21
-4.3374709842519685
0
LINE
8
BLACK
6
CONTINUOUS
10
6.7808038188976374
20
-4.3374709842519685
11
6.7804366141732286
21
-4.3379184251968503
0
LINE
8
BLACK
6
CONTINUOUS
10
6.7804366141732286
20
-4.3379184251968503
11
6.7789006692913381
21
-4.33945437007874
0
LINE
8
BLACK
6
CONTINUOUS
10
6.7789006692913381
20
-4.33945437007874
11
6.7775519291338577
21
-4.3421518503937007
0
LINE
8
BLACK
6
CONTINUOUS
10
6.7775519291338577
20
-4.3421518503937007
11
6.7775519291338577
21
-4.3501315748031493
0
LINE
8
BLACK
6
CONTINUOUS
10
6.7775519291338577
20
-4.3501315748031493
11
6.7789006692913381
21
-4.3528290551181099
0
LINE
8
BLACK
6
CONTINUOUS
10
6.7789006692913381
20
-4.3528290551181099
11
6.7800977952755908
21
-4.3540261811023617
0
LINE
8
BLACK
6
CONTINUOUS
10
6.7800977952755908
20
-4.3540261811023617
11
6.7827952755905514
21
-4.355374921259842
0
LINE
8
BLACK
6
CONTINUOUS
10
6.7827952755905514
20
-4.355374921259842
11
6.785368622047244
21
-4.355374921259842
0
LINE
8
BLACK
6
CONTINUOUS
10
6.785368622047244
20
-4.355374921259842
11
6.7898770078740158
21
-4.3538720866141727
0
LINE
8
BLACK
6
CONTINUOUS
10
6.7898770078740158
20
-4.3538720866141727
11
6.8118813385826771
21
-4.3318678346456689
0
LINE
8
BLACK
6
CONTINUOUS
10
6.8118813385826771
20
-4.3318678346456689
11
6.8123287795275589
21
-4.3315005905511814
0
LINE
8
BLACK
6
CONTINUOUS
10
6.8123287795275589
20
-4.3315005905511814
11
6.8130814173228345
21
-4.3311888188976377
0
LINE
8
BLACK
6
CONTINUOUS
10
6.8130814173228345
20
-4.3311888188976377
11
6.8133931889763781
21
-4.3310597244094486
0
LINE
8
BLACK
6
CONTINUOUS
10
6.8133931889763781
20
-4.3310597244094486
11
6.8145453149606299
21
-4.3310597244094486
0
LINE
8
BLACK
6
CONTINUOUS
10
6.8145453149606299
20
-4.3310597244094486
11
6.8156097244094482
21
-4.3315006299212602
0
LINE
8
BLACK
6
CONTINUOUS
10
5.6035997244094489
20
-4.3168519291338585
11
5.6037795275590554
21
-4.3177559055118113
0
LINE
8
BLACK
6
CONTINUOUS
10
5.6037795275590554
20
-4.3177559055118113
11
5.6037795275590554
21
-4.3477559055118107
0
LINE
8
BLACK
6
CONTINUOUS
10
5.6037795275590554
20
-4.3477559055118107
11
5.6035997244094489
21
-4.3486598818897635
0
LINE
8
BLACK
6
CONTINUOUS
10
5.6035997244094489
20
-4.3486598818897635
11
5.6023212992125986
21
-4.3499383070866138
0
LINE
8
BLACK
6
CONTINUOUS
10
5.6023212992125986
20
-4.3499383070866138
11
5.600513346456693
21
-4.3499383070866138
0
LINE
8
BLACK
6
CONTINUOUS
10
5.600513346456693
20
-4.3499383070866138
11
5.5992349212598427
21
-4.3486598818897635
0
LINE
8
BLACK
6
CONTINUOUS
10
5.5992349212598427
20
-4.3486598818897635
11
5.5990551181102362
21
-4.3477559055118107
0
LINE
8
BLACK
6
CONTINUOUS
10
5.5990551181102362
20
-4.3477559055118107
11
5.5990551181102362
21
-4.3177559055118113
0
LINE
8
BLACK
6
CONTINUOUS
10
5.5990551181102362
20
-4.3177559055118113
11
5.5992349212598427
21
-4.3168519291338585
0
LINE
8
BLACK
6
CONTINUOUS
10
5.5992349212598427
20
-4.3168519291338585
11
5.600513346456693
21
-4.3155735039370073
0
LINE
8
BLACK
6
CONTINUOUS
10
5.600513346456693
20
-4.3155735039370073
11
5.6023212992125986
21
-4.3155735039370073
0
LINE
8
BLACK
6
CONTINUOUS
10
5.6023212992125986
20
-4.3155735039370073
11
5.6035997244094489
21
-4.3168519291338585
0
LINE
8
BLACK
6
CONTINUOUS
10
5.6635997244094485
20
-4.3168519291338585
11
5.663779527559055
21
-4.3177559055118113
0
LINE
8
BLACK
6
CONTINUOUS
10
5.663779527559055
20
-4.3177559055118113
11
5.663779527559055
21
-4.3477559055118107
0
LINE
8
BLACK
6
CONTINUOUS
10
5.663779527559055
20
-4.3477559055118107
11
5.6635997244094485
21
-4.3486598818897635
0
LINE
8
BLACK
6
CONTINUOUS
10
5.6635997244094485
20
-4.3486598818897635
11
5.6623212992125982
21
-4.3499383070866138
0
LINE
8
BLACK
6
CONTINUOUS
10
5.6623212992125982
20
-4.3499383070866138
11
5.6605133464566926
21
-4.3499383070866138
0
LINE
8
BLACK
6
CONTINUOUS
10
5.6605133464566926
20
-4.3499383070866138
11
5.6592349212598423
21
-4.3486598818897635
0
LINE
8
BLACK
6
CONTINUOUS
10
5.6592349212598423
20
-4.3486598818897635
11
5.6590551181102358
21
-4.3477559055118107
0
LINE
8
BLACK
6
CONTINUOUS
10
5.6590551181102358
20
-4.3477559055118107
11
5.6590551181102358
21
-4.3177559055118113
0
LINE
8
BLACK
6
CONTINUOUS
10
5.6590551181102358
20
-4.3177559055118113
11
5.6592349212598423
21
-4.3168519291338585
0
LINE
8
BLACK
6
CONTINUOUS
10
5.6592349212598423
20
-4.3168519291338585
11
5.6605133464566926
21
-4.3155735039370073
0
LINE
8
BLACK
6
CONTINUOUS
10
5.6605133464566926
20
-4.3155735039370073
11
5.6623212992125982
21
-4.3155735039370073
0
LINE
8
BLACK
6
CONTINUOUS
10
5.6623212992125982
20
-4.3155735039370073
11
5.6635997244094485
21
-4.3168519291338585
0
LINE
8
BLACK
6
CONTINUOUS
10
5.7505760629921259
20
-4.3346039763779523
11
5.7516404724409451
21
-4.3350448818897638
0
LINE
8
BLACK
6
CONTINUOUS
10
5.7516404724409451
20
-4.3350448818897638
11
5.7524551181102357
21
-4.3358595275590552
0
LINE
8
BLACK
6
CONTINUOUS
10
5.7524551181102357
20
-4.3358595275590552
11
5.7528960236220472
21
-4.3369239370078736
0
LINE
8
BLACK
6
CONTINUOUS
10
5.7528960236220472
20
-4.3369239370078736
11
5.7528960236220472
21
-4.3380760629921262
0
LINE
8
BLACK
6
CONTINUOUS
10
5.7528960236220472
20
-4.3380760629921262
11
5.7524551181102357
21
-4.3391404724409446
0
LINE
8
BLACK
6
CONTINUOUS
10
5.7524551181102357
20
-4.3391404724409446
11
5.7516404724409451
21
-4.339955118110236
0
LINE
8
BLACK
6
CONTINUOUS
10
5.7516404724409451
20
-4.339955118110236
11
5.7505760629921259
21
-4.3403960236220476
0
LINE
8
BLACK
6
CONTINUOUS
10
5.7505760629921259
20
-4.3403960236220476
11
5.75
21
-4.3404527559055115
0
LINE
8
BLACK
6
CONTINUOUS
10
5.75
20
-4.3404527559055115
11
5.6899999999999995
21
-4.3404527559055115
0
LINE
8
BLACK
6
CONTINUOUS
10
5.6899999999999995
20
-4.3404527559055115
11
5.6894239370078736
21
-4.3403960236220476
0
LINE
8
BLACK
6
CONTINUOUS
10
5.6894239370078736
20
-4.3403960236220476
11
5.6883595275590553
21
-4.339955118110236
0
LINE
8
BLACK
6
CONTINUOUS
10
5.6883595275590553
20
-4.339955118110236
11
5.6875448818897638
21
-4.3391404724409446
0
LINE
8
BLACK
6
CONTINUOUS
10
5.6875448818897638
20
-4.3391404724409446
11
5.6871039763779523
21
-4.3380760629921262
0
LINE
8
BLACK
6
CONTINUOUS
10
5.6871039763779523
20
-4.3380760629921262
11
5.6871039763779523
21
-4.3369239370078736
0
LINE
8
BLACK
6
CONTINUOUS
10
5.6871039763779523
20
-4.3369239370078736
11
5.6875448818897638
21
-4.3358595275590552
0
LINE
8
BLACK
6
CONTINUOUS
10
5.6875448818897638
20
-4.3358595275590552
11
5.6883595275590553
21
-4.3350448818897638
0
LINE
8
BLACK
6
CONTINUOUS
10
5.6883595275590553
20
-4.3350448818897638
11
5.6894239370078736
21
-4.3346039763779523
0
LINE
8
BLACK
6
CONTINUOUS
10
5.6894239370078736
20
-4.3346039763779523
11
5.6899999999999995
21
-4.3345472440944883
0
LINE
8
BLACK
6
CONTINUOUS
10
5.6899999999999995
20
-4.3345472440944883
11
5.75
21
-4.3345472440944883
0
LINE
8
BLACK
6
CONTINUOUS
10
5.75
20
-4.3345472440944883
11
5.7505760629921259
21
-4.3346039763779523
0
LINE
8
BLACK
6
CONTINUOUS
10
5.3521824015748027
20
-4.3065960236220473
11
5.3523622047244093
21
-4.3075000000000001
0
LINE
8
BLACK
6
CONTINUOUS
10
5.3523622047244093
20
-4.3075000000000001
11
5.3523622047244093
21
-4.3374999999999995
0
LINE
8
BLACK
6
CONTINUOUS
10
5.3523622047244093
20
-4.3374999999999995
11
5.3521824015748027
21
-4.3384039763779523
0
LINE
8
BLACK
6
CONTINUOUS
10
5.3521824015748027
20
-4.3384039763779523
11
5.3509039763779525
21
-4.3396824015748034
0
LINE
8
BLACK
6
CONTINUOUS
10
5.3509039763779525
20
-4.3396824015748034
11
5.3490960236220468
21
-4.3396824015748034
0
LINE
8
BLACK
6
CONTINUOUS
10
5.3490960236220468
20
-4.3396824015748034
11
5.3478175984251966
21
-4.3384039763779523
0
LINE
8
BLACK
6
CONTINUOUS
10
5.3478175984251966
20
-4.3384039763779523
11
5.34763779527559
21
-4.3374999999999995
0
LINE
8
BLACK
6
CONTINUOUS
10
5.34763779527559
20
-4.3374999999999995
11
5.34763779527559
21
-4.3075000000000001
0
LINE
8
BLACK
6
CONTINUOUS
10
5.34763779527559
20
-4.3075000000000001
11
5.3478175984251966
21
-4.3065960236220473
0
LINE
8
BLACK
6
CONTINUOUS
10
5.3478175984251966
20
-4.3065960236220473
11
5.3490960236220468
21
-4.305317598425197
0
LINE
8
BLACK
6
CONTINUOUS
10
5.3490960236220468
20
-4.305317598425197
11
5.3509039763779525
21
-4.305317598425197
0
LINE
8
BLACK
6
CONTINUOUS
10
5.3509039763779525
20
-4.305317598425197
11
5.3521824015748027
21
-4.3065960236220473
0
LINE
8
BLACK
6
CONTINUOUS
10
5.4121824015748032
20
-4.3065960236220473
11
5.4123622047244098
21
-4.3075000000000001
0
LINE
8
BLACK
6
CONTINUOUS
10
5.4123622047244098
20
-4.3075000000000001
11
5.4123622047244098
21
-4.3374999999999995
0
LINE
8
BLACK
6
CONTINUOUS
10
5.4123622047244098
20
-4.3374999999999995
11
5.4121824015748032
21
-4.3384039763779523
0
LINE
8
BLACK
6
CONTINUOUS
10
5.4121824015748032
20
-4.3384039763779523
11
5.410903976377953
21
-4.3396824015748034
0
LINE
8
BLACK
6
CONTINUOUS
10
5.410903976377953
20
-4.3396824015748034
11
5.4090960236220473
21
-4.3396824015748034
0
LINE
8
BLACK
6
CONTINUOUS
10
5.4090960236220473
20
-4.3396824015748034
11
5.407817598425197
21
-4.3384039763779523
0
LINE
8
BLACK
6
CONTINUOUS
10
5.407817598425197
20
-4.3384039763779523
11
5.4076377952755905
21
-4.3374999999999995
0
LINE
8
BLACK
6
CONTINUOUS
10
5.4076377952755905
20
-4.3374999999999995
11
5.4076377952755905
21
-4.3075000000000001
0
LINE
8
BLACK
6
CONTINUOUS
10
5.4076377952755905
20
-4.3075000000000001
11
5.407817598425197
21
-4.3065960236220473
0
LINE
8
BLACK
6
CONTINUOUS
10
5.407817598425197
20
-4.3065960236220473
11
5.4090960236220473
21
-4.305317598425197
0
LINE
8
BLACK
6
CONTINUOUS
10
5.4090960236220473
20
-4.305317598425197
11
5.410903976377953
21
-4.305317598425197
0
LINE
8
BLACK
6
CONTINUOUS
10
5.410903976377953
20
-4.305317598425197
11
5.4121824015748032
21
-4.3065960236220473
0
LINE
8
BLACK
6
CONTINUOUS
10
6.7971968503937008
20
-4.2935175590551182
11
6.7972398818897632
21
-4.2935111811023621
0
LINE
8
BLACK
6
CONTINUOUS
10
6.7972398818897632
20
-4.2935111811023621
11
6.7974553543307081
21
-4.2935430314960632
0
LINE
8
BLACK
6
CONTINUOUS
10
6.7974553543307081
20
-4.2935430314960632
11
6.7976724015748031
21
-4.2935644094488188
0
LINE
8
BLACK
6
CONTINUOUS
10
6.7976724015748031
20
-4.2935644094488188
11
6.7977125984251963
21
-4.2935810236220471
0
LINE
8
BLACK
6
CONTINUOUS
10
6.7977125984251963
20
-4.2935810236220471
11
6.7978124803149607
21
-4.2935958267716536
0
LINE
8
BLACK
6
CONTINUOUS
10
6.7978124803149607
20
-4.2935958267716536
11
6.8053115354330709
21
-4.2954705905511812
0
LINE
8
BLACK
6
CONTINUOUS
10
6.8053115354330709
20
-4.2954705905511812
11
6.8053540157480317
21
-4.2954857480314956
0
LINE
8
BLACK
6
CONTINUOUS
10
6.8053540157480317
20
-4.2954857480314956
11
6.805375275590551
21
-4.295487283464567
0
LINE
8
BLACK
6
CONTINUOUS
10
6.805375275590551
20
-4.295487283464567
11
6.8056146850393695
21
-4.2955788976377951
0
LINE
8
BLACK
6
CONTINUOUS
10
6.8056146850393695
20
-4.2955788976377951
11
6.8058566535433069
21
-4.2956653543307084
0
LINE
8
BLACK
6
CONTINUOUS
10
6.8058566535433069
20
-4.2956653543307084
11
6.805873779527559
21
-4.2956780314960632
0
LINE
8
BLACK
6
CONTINUOUS
10
6.805873779527559
20
-4.2956780314960632
11
6.805915905511811
21
-4.2956941732283465
0
LINE
8
BLACK
6
CONTINUOUS
10
6.805915905511811
20
-4.2956941732283465
11
6.8096654330708661
21
-4.297568937007874
0
LINE
8
BLACK
6
CONTINUOUS
10
6.8096654330708661
20
-4.297568937007874
11
6.8099133070866138
21
-4.297724960629921
0
LINE
8
BLACK
6
CONTINUOUS
10
6.8099133070866138
20
-4.297724960629921
11
6.8099853543307081
21
-4.2977548031496058
0
LINE
8
BLACK
6
CONTINUOUS
10
6.8099853543307081
20
-4.2977548031496058
11
6.8100663779527562
21
-4.2978212992125986
0
LINE
8
BLACK
6
CONTINUOUS
10
6.8100663779527562
20
-4.2978212992125986
11
6.81015531496063
21
-4.2978772834645671
0
LINE
8
BLACK
6
CONTINUOUS
10
6.81015531496063
20
-4.2978772834645671
11
6.8102064566929128
21
-4.2979362598425199
0
LINE
8
BLACK
6
CONTINUOUS
10
6.8102064566929128
20
-4.2979362598425199
11
6.8104328346456695
21
-4.2981220472440942
0
LINE
8
BLACK
6
CONTINUOUS
10
6.8104328346456695
20
-4.2981220472440942
11
6.8141824015748034
21
-4.3018715748031493
0
LINE
8
BLACK
6
CONTINUOUS
10
6.8141824015748034
20
-4.3018715748031493
11
6.8145496456692909
21
-4.3023190157480311
0
LINE
8
BLACK
6
CONTINUOUS
10
6.8145496456692909
20
-4.3023190157480311
11
6.8145902362204724
21
-4.3024170472440941
0
LINE
8
BLACK
6
CONTINUOUS
10
6.8145902362204724
20
-4.3024170472440941
11
6.8146597244094487
21
-4.3024971653543309
0
LINE
8
BLACK
6
CONTINUOUS
10
6.8146597244094487
20
-4.3024971653543309
11
6.8148957086614175
21
-4.3030257480314962
0
LINE
8
BLACK
6
CONTINUOUS
10
6.8148957086614175
20
-4.3030257480314962
11
6.816770472440945
21
-4.3086500000000001
0
LINE
8
BLACK
6
CONTINUOUS
10
6.816770472440945
20
-4.3086500000000001
11
6.8168353937007868
21
-4.30893562992126
0
LINE
8
BLACK
6
CONTINUOUS
10
6.8168353937007868
20
-4.30893562992126
11
6.8168652755905512
21
-4.309007716535433
0
LINE
8
BLACK
6
CONTINUOUS
10
6.8168652755905512
20
-4.309007716535433
11
6.8168755511811021
21
-4.3091121653543309
0
LINE
8
BLACK
6
CONTINUOUS
10
6.8168755511811021
20
-4.3091121653543309
11
6.8168988188976378
21
-4.3092144488188975
0
LINE
8
BLACK
6
CONTINUOUS
10
6.8168988188976378
20
-4.3092144488188975
11
6.8168932677165355
21
-4.3092921653543304
0
LINE
8
BLACK
6
CONTINUOUS
10
6.8168932677165355
20
-4.3092921653543304
11
6.816922007874016
21
-4.3095837795275589
0
LINE
8
BLACK
6
CONTINUOUS
10
6.816922007874016
20
-4.3095837795275589
11
6.816922007874016
21
-4.313333307086614
0
LINE
8
BLACK
6
CONTINUOUS
10
6.816922007874016
20
-4.313333307086614
11
6.8168932677165355
21
-4.3136248818897638
0
LINE
8
BLACK
6
CONTINUOUS
10
6.8168932677165355
20
-4.3136248818897638
11
6.8168988188976378
21
-4.3137026377952754
0
LINE
8
BLACK
6
CONTINUOUS
10
6.8168988188976378
20
-4.3137026377952754
11
6.8168755511811021
21
-4.3138048818897641
0
LINE
8
BLACK
6
CONTINUOUS
10
6.8168755511811021
20
-4.3138048818897641
11
6.8168652755905512
21
-4.3139093700787399
0
LINE
8
BLACK
6
CONTINUOUS
10
6.8168652755905512
20
-4.3139093700787399
11
6.8168353937007868
21
-4.3139814173228341
0
LINE
8
BLACK
6
CONTINUOUS
10
6.8168353937007868
20
-4.3139814173228341
11
6.816770472440945
21
-4.3142670866141728
0
LINE
8
BLACK
6
CONTINUOUS
10
6.816770472440945
20
-4.3142670866141728
11
6.8148957086614175
21
-4.3198913385826767
0
LINE
8
BLACK
6
CONTINUOUS
10
6.8148957086614175
20
-4.3198913385826767
11
6.8146597244094487
21
-4.320419921259842
0
LINE
8
BLACK
6
CONTINUOUS
10
6.8146597244094487
20
-4.320419921259842
11
6.8145901574803149
21
-4.3205000787401575
0
LINE
8
BLACK
6
CONTINUOUS
10
6.8145901574803149
20
-4.3205000787401575
11
6.8145496062992121
21
-4.3205980708661418
0
LINE
8
BLACK
6
CONTINUOUS
10
6.8145496062992121
20
-4.3205980708661418
11
6.8141823622047246
21
-4.3210455511811023
0
LINE
8
BLACK
6
CONTINUOUS
10
6.8141823622047246
20
-4.3210455511811023
11
6.8123075590551183
21
-4.3229203149606299
0
LINE
8
BLACK
6
CONTINUOUS
10
6.8123075590551183
20
-4.3229203149606299
11
6.8118601181102365
21
-4.3232875196850395
0
LINE
8
BLACK
6
CONTINUOUS
10
6.8118601181102365
20
-4.3232875196850395
11
6.8107957086614173
21
-4.3237283858267714
0
LINE
8
BLACK
6
CONTINUOUS
10
6.8107957086614173
20
-4.3237283858267714
11
6.8096436220472443
21
-4.3237283858267714
0
LINE
8
BLACK
6
CONTINUOUS
10
6.8096436220472443
20
-4.3237283858267714
11
6.808579212598425
21
-4.3232874803149608
0
LINE
8
BLACK
6
CONTINUOUS
10
6.808579212598425
20
-4.3232874803149608
11
6.8077645275590548
21
-4.3224727952755906
0
LINE
8
BLACK
6
CONTINUOUS
10
6.8077645275590548
20
-4.3224727952755906
11
6.8073236614173229
21
-4.3214083858267713
0
LINE
8
BLACK
6
CONTINUOUS
10
6.8073236614173229
20
-4.3214083858267713
11
6.8073236614173229
21
-4.3202562992125983
0
LINE
8
BLACK
6
CONTINUOUS
10
6.8073236614173229
20
-4.3202562992125983
11
6.8077645669291336
21
-4.3191918897637791
0
LINE
8
BLACK
6
CONTINUOUS
10
6.8077645669291336
20
-4.3191918897637791
11
6.808131811023622
21
-4.3187444094488185
0
LINE
8
BLACK
6
CONTINUOUS
10
6.808131811023622
20
-4.3187444094488185
11
6.8095137007874014
21
-4.3173625196850391
0
LINE
8
BLACK
6
CONTINUOUS
10
6.8095137007874014
20
-4.3173625196850391
11
6.811016496062992
21
-4.3128541732283461
0
LINE
8
BLACK
6
CONTINUOUS
10
6.811016496062992
20
-4.3128541732283461
11
6.811016496062992
21
-4.3100629133858268
0
LINE
8
BLACK
6
CONTINUOUS
10
6.811016496062992
20
-4.3100629133858268
11
6.8095137007874014
21
-4.305554527559055
0
LINE
8
BLACK
6
CONTINUOUS
10
6.8095137007874014
20
-4.305554527559055
11
6.8065958267716535
21
-4.3026366929133859
0
LINE
8
BLACK
6
CONTINUOUS
10
6.8065958267716535
20
-4.3026366929133859
11
6.8035648425196849
21
-4.3011211811023617
0
LINE
8
BLACK
6
CONTINUOUS
10
6.8035648425196849
20
-4.3011211811023617
11
6.7967327952755907
21
-4.299413188976378
0
LINE
8
BLACK
6
CONTINUOUS
10
6.7967327952755907
20
-4.299413188976378
11
6.7918355905511811
21
-4.299413188976378
0
LINE
8
BLACK
6
CONTINUOUS
10
6.7918355905511811
20
-4.299413188976378
11
6.7850035433070861
21
-4.3011211811023617
0
LINE
8
BLACK
6
CONTINUOUS
10
6.7850035433070861
20
-4.3011211811023617
11
6.7819725590551183
21
-4.3026366929133859
0
LINE
8
BLACK
6
CONTINUOUS
10
6.7819725590551183
20
-4.3026366929133859
11
6.7790547244094483
21
-4.3055544881889762
0
LINE
8
BLACK
6
CONTINUOUS
10
6.7790547244094483
20
-4.3055544881889762
11
6.7775519291338577
21
-4.3100629133858268
0
LINE
8
BLACK
6
CONTINUOUS
10
6.7775519291338577
20
-4.3100629133858268
11
6.7775519291338577
21
-4.3128541338582673
0
LINE
8
BLACK
6
CONTINUOUS
10
6.7775519291338577
20
-4.3128541338582673
11
6.7790547244094483
21
-4.3173625590551179
0
LINE
8
BLACK
6
CONTINUOUS
10
6.7790547244094483
20
-4.3173625590551179
11
6.7804366141732286
21
-4.3187444488188973
0
LINE
8
BLACK
6
CONTINUOUS
10
6.7804366141732286
20
-4.3187444488188973
11
6.7808038188976374
21
-4.3191918897637791
0
LINE
8
BLACK
6
CONTINUOUS
10
6.7808038188976374
20
-4.3191918897637791
11
6.7812447244094489
21
-4.3202562992125983
0
LINE
8
BLACK
6
CONTINUOUS
10
6.7812447244094489
20
-4.3202562992125983
11
6.7812447244094489
21
-4.3214083858267713
0
LINE
8
BLACK
6
CONTINUOUS
10
6.7812447244094489
20
-4.3214083858267713
11
6.7808038188976374
21
-4.3224727952755906
0
LINE
8
BLACK
6
CONTINUOUS
10
6.7808038188976374
20
-4.3224727952755906
11
6.7799891338582672
21
-4.3232874803149608
0
LINE
8
BLACK
6
CONTINUOUS
10
6.7799891338582672
20
-4.3232874803149608
11
6.7789247244094488
21
-4.3237283858267714
0
LINE
8
BLACK
6
CONTINUOUS
10
6.7789247244094488
20
-4.3237283858267714
11
6.7777726377952758
21
-4.3237283858267714
0
LINE
8
BLACK
6
CONTINUOUS
10
6.7777726377952758
20
-4.3237283858267714
11
6.7767082283464566
21
-4.3232874803149608
0
LINE
8
BLACK
6
CONTINUOUS
10
6.7767082283464566
20
-4.3232874803149608
11
6.7762607874015748
21
-4.3229202755905511
0
LINE
8
BLACK
6
CONTINUOUS
10
6.7762607874015748
20
-4.3229202755905511
11
6.7743860236220472
21
-4.3210455118110236
0
LINE
8
BLACK
6
CONTINUOUS
10
6.7743860236220472
20
-4.3210455118110236
11
6.7740188188976376
21
-4.3205980708661418
0
LINE
8
BLACK
6
CONTINUOUS
10
6.7740188188976376
20
-4.3205980708661418
11
6.7739781889763782
21
-4.3205
0
LINE
8
BLACK
6
CONTINUOUS
10
6.7739781889763782
20
-4.3205
11
6.773908700787401
21
-4.3204198818897641
0
LINE
8
BLACK
6
CONTINUOUS
10
6.773908700787401
20
-4.3204198818897641
11
6.7736727165354331
21
-4.3198913385826767
0
LINE
8
BLACK
6
CONTINUOUS
10
6.7736727165354331
20
-4.3198913385826767
11
6.7717979527559056
21
-4.314267047244094
0
LINE
8
BLACK
6
CONTINUOUS
10
6.7717979527559056
20
-4.314267047244094
11
6.7717329921259841
21
-4.3139814566929129
0
LINE
8
BLACK
6
CONTINUOUS
10
6.7717329921259841
20
-4.3139814566929129
11
6.7717031496062994
21
-4.3139093700787399
0
LINE
8
BLACK
6
CONTINUOUS
10
6.7717031496062994
20
-4.3139093700787399
11
6.7716928346456688
21
-4.3138048425196853
0
LINE
8
BLACK
6
CONTINUOUS
10
6.7716928346456688
20
-4.3138048425196853
11
6.7716696062992128
21
-4.3137025984251967
0
LINE
8
BLACK
6
CONTINUOUS
10
6.7716696062992128
20
-4.3137025984251967
11
6.7716751181102364
21
-4.313624842519685
0
LINE
8
BLACK
6
CONTINUOUS
10
6.7716751181102364
20
-4.313624842519685
11
6.7716464173228346
21
-4.313333307086614
0
LINE
8
BLACK
6
CONTINUOUS
10
6.7716464173228346
20
-4.313333307086614
11
6.7716464173228346
21
-4.3095837795275589
0
LINE
8
BLACK
6
CONTINUOUS
10
6.7716464173228346
20
-4.3095837795275589
11
6.7716751181102364
21
-4.3092922047244091
0
LINE
8
BLACK
6
CONTINUOUS
10
6.7716751181102364
20
-4.3092922047244091
11
6.7716696062992128
21
-4.3092144881889762
0
LINE
8
BLACK
6
CONTINUOUS
10
6.7716696062992128
20
-4.3092144881889762
11
6.7716928346456688
21
-4.3091122047244097
0
LINE
8
BLACK
6
CONTINUOUS
10
6.7716928346456688
20
-4.3091122047244097
11
6.7717031496062994
21
-4.309007716535433
0
LINE
8
BLACK
6
CONTINUOUS
10
6.7717031496062994
20
-4.309007716535433
11
6.7717329921259841
21
-4.3089355905511812
0
LINE
8
BLACK
6
CONTINUOUS
10
6.7717329921259841
20
-4.3089355905511812
11
6.7717979527559056
21
-4.3086500393700788
0
LINE
8
BLACK
6
CONTINUOUS
10
6.7717979527559056
20
-4.3086500393700788
11
6.7736727165354331
21
-4.3030257480314962
0
LINE
8
BLACK
6
CONTINUOUS
10
6.7736727165354331
20
-4.3030257480314962
11
6.773908700787401
21
-4.3024972047244097
0
LINE
8
BLACK
6
CONTINUOUS
10
6.773908700787401
20
-4.3024972047244097
11
6.7739781889763782
21
-4.3024170472440941
0
LINE
8
BLACK
6
CONTINUOUS
10
6.7739781889763782
20
-4.3024170472440941
11
6.7740188188976376
21
-4.3023190157480311
0
LINE
8
BLACK
6
CONTINUOUS
10
6.7740188188976376
20
-4.3023190157480311
11
6.7743860236220472
21
-4.3018715748031493
0
LINE
8
BLACK
6
CONTINUOUS
10
6.7743860236220472
20
-4.3018715748031493
11
6.7781355511811023
21
-4.2981220472440942
0
LINE
8
BLACK
6
CONTINUOUS
10
6.7781355511811023
20
-4.2981220472440942
11
6.7783619291338582
21
-4.2979361811023624
0
LINE
8
BLACK
6
CONTINUOUS
10
6.7783619291338582
20
-4.2979361811023624
11
6.7784130708661419
21
-4.2978772834645671
0
LINE
8
BLACK
6
CONTINUOUS
10
6.7784130708661419
20
-4.2978772834645671
11
6.7785018110236219
21
-4.2978213779527561
0
LINE
8
BLACK
6
CONTINUOUS
10
6.7785018110236219
20
-4.2978213779527561
11
6.7785829921259841
21
-4.2977548031496058
0
LINE
8
BLACK
6
CONTINUOUS
10
6.7785829921259841
20
-4.2977548031496058
11
6.7786551181102359
21
-4.2977249212598423
0
LINE
8
BLACK
6
CONTINUOUS
10
6.7786551181102359
20
-4.2977249212598423
11
6.7789029527559057
21
-4.297568937007874
0
LINE
8
BLACK
6
CONTINUOUS
10
6.7789029527559057
20
-4.297568937007874
11
6.7826524803149608
21
-4.2956941732283465
0
LINE
8
BLACK
6
CONTINUOUS
10
6.7826524803149608
20
-4.2956941732283465
11
6.7826945669291341
21
-4.2956780314960632
0
LINE
8
BLACK
6
CONTINUOUS
10
6.7826945669291341
20
-4.2956780314960632
11
6.782711732283464
21
-4.2956653543307084
0
LINE
8
BLACK
6
CONTINUOUS
10
6.782711732283464
20
-4.2956653543307084
11
6.7829533070866139
21
-4.2955790157480314
0
LINE
8
BLACK
6
CONTINUOUS
10
6.7829533070866139
20
-4.2955790157480314
11
6.7831930708661412
21
-4.295487283464567
0
LINE
8
BLACK
6
CONTINUOUS
10
6.7831930708661412
20
-4.295487283464567
11
6.7832143307086614
21
-4.2954857480314956
0
LINE
8
BLACK
6
CONTINUOUS
10
6.7832143307086614
20
-4.2954857480314956
11
6.783256850393701
21
-4.2954705905511812
0
LINE
8
BLACK
6
CONTINUOUS
10
6.783256850393701
20
-4.2954705905511812
11
6.7907559055118112
21
-4.2935958267716536
0
LINE
8
BLACK
6
CONTINUOUS
10
6.7907559055118112
20
-4.2935958267716536
11
6.7908557480314959
21
-4.2935810236220471
0
LINE
8
BLACK
6
CONTINUOUS
10
6.7908557480314959
20
-4.2935810236220471
11
6.7908959842519687
21
-4.2935644094488188
0
LINE
8
BLACK
6
CONTINUOUS
10
6.7908959842519687
20
-4.2935644094488188
11
6.7911129921259841
21
-4.2935430314960632
0
LINE
8
BLACK
6
CONTINUOUS
10
6.7911129921259841
20
-4.2935430314960632
11
6.7913285039370077
21
-4.2935111811023621
0
LINE
8
BLACK
6
CONTINUOUS
10
6.7913285039370077
20
-4.2935111811023621
11
6.7913714960629923
21
-4.2935175590551182
0
LINE
8
BLACK
6
CONTINUOUS
10
6.7913714960629923
20
-4.2935175590551182
11
6.7914720472440946
21
-4.293507677165354
0
LINE
8
BLACK
6
CONTINUOUS
10
6.7914720472440946
20
-4.293507677165354
11
6.7970963385826773
21
-4.293507677165354
0
LINE
8
BLACK
6
CONTINUOUS
10
6.7970963385826773
20
-4.293507677165354
11
6.7971968503937008
21
-4.2935175590551182
0
LINE
8
BLACK
6
CONTINUOUS
10
6.4313086614173223
20
-4.3177388582677168
11
6.4325870866141734
21
-4.319017283464567
0
LINE
8
BLACK
6
CONTINUOUS
10
6.4325870866141734
20
-4.319017283464567
11
6.4325870866141734
21
-4.3208252362204727
0
LINE
8
BLACK
6
CONTINUOUS
10
6.4325870866141734
20
-4.3208252362204727
11
6.4313086614173223
21
-4.3221036614173229
0
LINE
8
BLACK
6
CONTINUOUS
10
6.4313086614173223
20
-4.3221036614173229
11
6.4304046850393703
21
-4.3222834645669295
0
LINE
8
BLACK
6
CONTINUOUS
10
6.4304046850393703
20
-4.3222834645669295
11
6.4175874409448816
21
-4.3222834645669295
0
LINE
8
BLACK
6
CONTINUOUS
10
6.4175874409448816
20
-4.3222834645669295
11
6.4166834645669288
21
-4.3221036614173229
0
LINE
8
BLACK
6
CONTINUOUS
10
6.4166834645669288
20
-4.3221036614173229
11
6.4154050393700786
21
-4.3208252362204727
0
LINE
8
BLACK
6
CONTINUOUS
10
6.4154050393700786
20
-4.3208252362204727
11
6.4154050393700786
21
-4.319017283464567
0
LINE
8
BLACK
6
CONTINUOUS
10
6.4154050393700786
20
-4.319017283464567
11
6.4166834645669288
21
-4.3177388582677168
0
LINE
8
BLACK
6
CONTINUOUS
10
6.4166834645669288
20
-4.3177388582677168
11
6.4175874409448816
21
-4.3175590551181102
0
LINE
8
BLACK
6
CONTINUOUS
10
6.4175874409448816
20
-4.3175590551181102
11
6.4304046850393703
21
-4.3175590551181102
0
LINE
8
BLACK
6
CONTINUOUS
10
6.4304046850393703
20
-4.3175590551181102
11
6.4313086614173223
21
-4.3177388582677168
0
LINE
8
BLACK
6
CONTINUOUS
10
6.5913086614173224
20
-4.3177388582677168
11
6.5925870866141727
21
-4.319017283464567
0
LINE
8
BLACK
6
CONTINUOUS
10
6.5925870866141727
20
-4.319017283464567
11
6.5925870866141727
21
-4.3208252362204727
0
LINE
8
BLACK
6
CONTINUOUS
10
6.5925870866141727
20
-4.3208252362204727
11
6.5913086614173224
21
-4.3221036614173229
0
LINE
8
BLACK
6
CONTINUOUS
10
6.5913086614173224
20
-4.3221036614173229
11
6.5904046850393696
21
-4.3222834645669295
0
LINE
8
BLACK
6
CONTINUOUS
10
6.5904046850393696
20
-4.3222834645669295
11
6.5775874409448818
21
-4.3222834645669295
0
LINE
8
BLACK
6
CONTINUOUS
10
6.5775874409448818
20
-4.3222834645669295
11
6.576683464566929
21
-4.3221036614173229
0
LINE
8
BLACK
6
CONTINUOUS
10
6.576683464566929
20
-4.3221036614173229
11
6.5754050393700787
21
-4.3208252362204727
0
LINE
8
BLACK
6
CONTINUOUS
10
6.5754050393700787
20
-4.3208252362204727
11
6.5754050393700787
21
-4.319017283464567
0
LINE
8
BLACK
6
CONTINUOUS
10
6.5754050393700787
20
-4.319017283464567
11
6.576683464566929
21
-4.3177388582677168
0
LINE
8
BLACK
6
CONTINUOUS
10
6.576683464566929
20
-4.3177388582677168
11
6.5775874409448818
21
-4.3175590551181102
0
LINE
8
BLACK
6
CONTINUOUS
10
6.5775874409448818
20
-4.3175590551181102
11
6.5904046850393696
21
-4.3175590551181102
0
LINE
8
BLACK
6
CONTINUOUS
10
6.5904046850393696
20
-4.3175590551181102
11
6.5913086614173224
21
-4.3177388582677168
0
LINE
8
BLACK
6
CONTINUOUS
10
5.9609039763779528
20
-4.2384475196850389
11
5.9621824015748031
21
-4.23972594488189
0
LINE
8
BLACK
6
CONTINUOUS
10
5.9621824015748031
20
-4.23972594488189
11
5.9621824015748031
21
-4.2415338976377948
0
LINE
8
BLACK
6
CONTINUOUS
10
5.9621824015748031
20
-4.2415338976377948
11
5.9609039763779528
21
-4.2428123228346459
0
LINE
8
BLACK
6
CONTINUOUS
10
5.9609039763779528
20
-4.2428123228346459
11
5.96
21
-4.2429921259842516
0
LINE
8
BLACK
6
CONTINUOUS
10
5.96
20
-4.2429921259842516
11
5.7930708661417318
21
-4.2429921259842516
0
LINE
8
BLACK
6
CONTINUOUS
10
5.7930708661417318
20
-4.2429921259842516
11
5.7930708661417318
21
-4.317007874015748
0
LINE
8
BLACK
6
CONTINUOUS
10
5.7930708661417318
20
-4.317007874015748
11
5.96
21
-4.317007874015748
0
LINE
8
BLACK
6
CONTINUOUS
10
5.96
20
-4.317007874015748
11
5.9609039763779528
21
-4.3171876771653546
0
LINE
8
BLACK
6
CONTINUOUS
10
5.9609039763779528
20
-4.3171876771653546
11
5.9621824015748031
21
-4.3184661023622049
0
LINE
8
BLACK
6
CONTINUOUS
10
5.9621824015748031
20
-4.3184661023622049
11
5.9621824015748031
21
-4.3202740551181105
0
LINE
8
BLACK
6
CONTINUOUS
10
5.9621824015748031
20
-4.3202740551181105
11
5.9609039763779528
21
-4.3215524803149608
0
LINE
8
BLACK
6
CONTINUOUS
10
5.9609039763779528
20
-4.3215524803149608
11
5.96
21
-4.3217322834645664
0
LINE
8
BLACK
6
CONTINUOUS
10
5.96
20
-4.3217322834645664
11
5.7907086614173231
21
-4.3217322834645664
0
LINE
8
BLACK
6
CONTINUOUS
10
5.7907086614173231
20
-4.3217322834645664
11
5.7898046850393703
21
-4.3215524803149608
0
LINE
8
BLACK
6
CONTINUOUS
10
5.7898046850393703
20
-4.3215524803149608
11
5.7885262598425191
21
-4.3202740551181105
0
LINE
8
BLACK
6
CONTINUOUS
10
5.7885262598425191
20
-4.3202740551181105
11
5.7883464566929135
21
-4.3193700787401577
0
LINE
8
BLACK
6
CONTINUOUS
10
5.7883464566929135
20
-4.3193700787401577
11
5.7883464566929135
21
-4.2406299212598428
0
LINE
8
BLACK
6
CONTINUOUS
10
5.7883464566929135
20
-4.2406299212598428
11
5.7885262598425191
21
-4.23972594488189
0
LINE
8
BLACK
6
CONTINUOUS
10
5.7885262598425191
20
-4.23972594488189
11
5.7898046850393703
21
-4.2384475196850389
0
LINE
8
BLACK
6
CONTINUOUS
10
5.7898046850393703
20
-4.2384475196850389
11
5.7907086614173231
21
-4.2382677165354332
0
LINE
8
BLACK
6
CONTINUOUS
10
5.7907086614173231
20
-4.2382677165354332
11
5.96
21
-4.2382677165354332
0
LINE
8
BLACK
6
CONTINUOUS
10
5.96
20
-4.2382677165354332
11
5.9609039763779528
21
-4.2384475196850389
0
LINE
8
BLACK
6
CONTINUOUS
10
6.4105113385826771
20
-4.25934094488189
11
6.4106093307086613
21
-4.2593815354330706
0
LINE
8
BLACK
6
CONTINUOUS
10
6.4106093307086613
20
-4.2593815354330706
11
6.4107151574803147
21
-4.2593890551181097
0
LINE
8
BLACK
6
CONTINUOUS
10
6.4107151574803147
20
-4.2593890551181097
11
6.4112557874015748
21
-4.2595959448818901
0
LINE
8
BLACK
6
CONTINUOUS
10
6.4112557874015748
20
-4.2595959448818901
11
6.4150053149606299
21
-4.2614707086614176
0
LINE
8
BLACK
6
CONTINUOUS
10
6.4150053149606299
20
-4.2614707086614176
11
6.4152533070866138
21
-4.2616267716535434
0
LINE
8
BLACK
6
CONTINUOUS
10
6.4152533070866138
20
-4.2616267716535434
11
6.4153252755905514
21
-4.2616566141732282
0
LINE
8
BLACK
6
CONTINUOUS
10
6.4153252755905514
20
-4.2616566141732282
11
6.4154062204724411
21
-4.2617230708661413
0
LINE
8
BLACK
6
CONTINUOUS
10
6.4154062204724411
20
-4.2617230708661413
11
6.4154951968503937
21
-4.2617790551181098
0
LINE
8
BLACK
6
CONTINUOUS
10
6.4154951968503937
20
-4.2617790551181098
11
6.4155463385826774
21
-4.2618380314960627
0
LINE
8
BLACK
6
CONTINUOUS
10
6.4155463385826774
20
-4.2618380314960627
11
6.4157727165354332
21
-4.2620238188976378
0
LINE
8
BLACK
6
CONTINUOUS
10
6.4157727165354332
20
-4.2620238188976378
11
6.4176474803149608
21
-4.2638985826771654
0
LINE
8
BLACK
6
CONTINUOUS
10
6.4176474803149608
20
-4.2638985826771654
11
6.4180146850393696
21
-4.2643460236220472
0
LINE
8
BLACK
6
CONTINUOUS
10
6.4180146850393696
20
-4.2643460236220472
11
6.4184555905511811
21
-4.2654104330708664
0
LINE
8
BLACK
6
CONTINUOUS
10
6.4184555905511811
20
-4.2654104330708664
11
6.4184555905511811
21
-4.2665625196850394
0
LINE
8
BLACK
6
CONTINUOUS
10
6.4184555905511811
20
-4.2665625196850394
11
6.4180146850393696
21
-4.2676269291338578
0
LINE
8
BLACK
6
CONTINUOUS
10
6.4180146850393696
20
-4.2676269291338578
11
6.4172000000000002
21
-4.268441614173228
0
LINE
8
BLACK
6
CONTINUOUS
10
6.4172000000000002
20
-4.268441614173228
11
6.416135590551181
21
-4.2688825196850395
0
LINE
8
BLACK
6
CONTINUOUS
10
6.416135590551181
20
-4.2688825196850395
11
6.414983503937008
21
-4.2688825196850395
0
LINE
8
BLACK
6
CONTINUOUS
10
6.414983503937008
20
-4.2688825196850395
11
6.4139190944881888
21
-4.268441614173228
0
LINE
8
BLACK
6
CONTINUOUS
10
6.4139190944881888
20
-4.268441614173228
11
6.4134716535433069
21
-4.2680744094488192
0
LINE
8
BLACK
6
CONTINUOUS
10
6.4134716535433069
20
-4.2680744094488192
11
6.4119357086614173
21
-4.2665384645669286
0
LINE
8
BLACK
6
CONTINUOUS
10
6.4119357086614173
20
-4.2665384645669286
11
6.4092382283464566
21
-4.2651897244094483
0
LINE
8
BLACK
6
CONTINUOUS
10
6.4092382283464566
20
-4.2651897244094483
11
6.401258503937008
21
-4.2651897244094483
0
LINE
8
BLACK
6
CONTINUOUS
10
6.401258503937008
20
-4.2651897244094483
11
6.3985610236220474
21
-4.2665384645669286
0
LINE
8
BLACK
6
CONTINUOUS
10
6.3985610236220474
20
-4.2665384645669286
11
6.3973638976377956
21
-4.2677355905511813
0
LINE
8
BLACK
6
CONTINUOUS
10
6.3973638976377956
20
-4.2677355905511813
11
6.3960151574803152
21
-4.270433070866142
0
LINE
8
BLACK
6
CONTINUOUS
10
6.3960151574803152
20
-4.270433070866142
11
6.3960151574803152
21
-4.2730063779527558
0
LINE
8
BLACK
6
CONTINUOUS
10
6.3960151574803152
20
-4.2730063779527558
11
6.397517952755905
21
-4.2775148031496064
0
LINE
8
BLACK
6
CONTINUOUS
10
6.397517952755905
20
-4.2775148031496064
11
6.4195222440944884
21
-4.2995191338582677
0
LINE
8
BLACK
6
CONTINUOUS
10
6.4195222440944884
20
-4.2995191338582677
11
6.4198894881889759
21
-4.2999665748031495
0
LINE
8
BLACK
6
CONTINUOUS
10
6.4198894881889759
20
-4.2999665748031495
11
6.4203303543307086
21
-4.3010310236220475
0
LINE
8
BLACK
6
CONTINUOUS
10
6.4203303543307086
20
-4.3010310236220475
11
6.4203303543307086
21
-4.3021831102362205
0
LINE
8
BLACK
6
CONTINUOUS
10
6.4203303543307086
20
-4.3021831102362205
11
6.4198894488188971
21
-4.3032475196850397
0
LINE
8
BLACK
6
CONTINUOUS
10
6.4198894488188971
20
-4.3032475196850397
11
6.4190748031496065
21
-4.304062204724409
0
LINE
8
BLACK
6
CONTINUOUS
10
6.4190748031496065
20
-4.304062204724409
11
6.4184766929133854
21
-4.3043099212598426
0
LINE
8
BLACK
6
CONTINUOUS
10
6.4184766929133854
20
-4.3043099212598426
11
6.4180103937007873
21
-4.3045030708661418
0
LINE
8
BLACK
6
CONTINUOUS
10
6.4180103937007873
20
-4.3045030708661418
11
6.4174343307086614
21
-4.3045598031496066
0
LINE
8
BLACK
6
CONTINUOUS
10
6.4174343307086614
20
-4.3045598031496066
11
6.3930624015748032
21
-4.3045598031496066
0
LINE
8
BLACK
6
CONTINUOUS
10
6.3930624015748032
20
-4.3045598031496066
11
6.3924863385826773
21
-4.3045030708661418
0
LINE
8
BLACK
6
CONTINUOUS
10
6.3924863385826773
20
-4.3045030708661418
11
6.3914219291338581
21
-4.3040621653543303
0
LINE
8
BLACK
6
CONTINUOUS
10
6.3914219291338581
20
-4.3040621653543303
11
6.3906072834645666
21
-4.3032475196850397
0
LINE
8
BLACK
6
CONTINUOUS
10
6.3906072834645666
20
-4.3032475196850397
11
6.390166377952756
21
-4.3021831102362205
0
LINE
8
BLACK
6
CONTINUOUS
10
6.390166377952756
20
-4.3021831102362205
11
6.390166377952756
21
-4.3010309842519687
0
LINE
8
BLACK
6
CONTINUOUS
10
6.390166377952756
20
-4.3010309842519687
11
6.3906072834645666
21
-4.2999665748031495
0
LINE
8
BLACK
6
CONTINUOUS
10
6.3906072834645666
20
-4.2999665748031495
11
6.3914219291338581
21
-4.299151929133858
0
LINE
8
BLACK
6
CONTINUOUS
10
6.3914219291338581
20
-4.299151929133858
11
6.3924863385826773
21
-4.2987110236220474
0
LINE
8
BLACK
6
CONTINUOUS
10
6.3924863385826773
20
-4.2987110236220474
11
6.3930624015748032
21
-4.2986542913385826
0
LINE
8
BLACK
6
CONTINUOUS
10
6.3930624015748032
20
-4.2986542913385826
11
6.4103057480314956
21
-4.2986542913385826
0
LINE
8
BLACK
6
CONTINUOUS
10
6.4103057480314956
20
-4.2986542913385826
11
6.3928492519685038
21
-4.2811977559055121
0
LINE
8
BLACK
6
CONTINUOUS
10
6.3928492519685038
20
-4.2811977559055121
11
6.3924820472440942
21
-4.2807503149606294
0
LINE
8
BLACK
6
CONTINUOUS
10
6.3924820472440942
20
-4.2807503149606294
11
6.3924414173228348
21
-4.2806522440944885
0
LINE
8
BLACK
6
CONTINUOUS
10
6.3924414173228348
20
-4.2806522440944885
11
6.3923719291338585
21
-4.2805721259842517
0
LINE
8
BLACK
6
CONTINUOUS
10
6.3923719291338585
20
-4.2805721259842517
11
6.3921359448818897
21
-4.2800435826771652
0
LINE
8
BLACK
6
CONTINUOUS
10
6.3921359448818897
20
-4.2800435826771652
11
6.3902611811023622
21
-4.2744192913385826
0
LINE
8
BLACK
6
CONTINUOUS
10
6.3902611811023622
20
-4.2744192913385826
11
6.3901962204724407
21
-4.2741337007874014
0
LINE
8
BLACK
6
CONTINUOUS
10
6.3901962204724407
20
-4.2741337007874014
11
6.390166377952756
21
-4.2740616141732284
0
LINE
8
BLACK
6
CONTINUOUS
10
6.390166377952756
20
-4.2740616141732284
11
6.3901560629921255
21
-4.273957086614173
0
LINE
8
BLACK
6
CONTINUOUS
10
6.3901560629921255
20
-4.273957086614173
11
6.3901328346456694
21
-4.2738548425196852
0
LINE
8
BLACK
6
CONTINUOUS
10
6.3901328346456694
20
-4.2738548425196852
11
6.390138346456693
21
-4.2737770866141735
0
LINE
8
BLACK
6
CONTINUOUS
10
6.390138346456693
20
-4.2737770866141735
11
6.3901096456692912
21
-4.2734855511811025
0
LINE
8
BLACK
6
CONTINUOUS
10
6.3901096456692912
20
-4.2734855511811025
11
6.3901096456692912
21
-4.2697360236220474
0
LINE
8
BLACK
6
CONTINUOUS
10
6.3901096456692912
20
-4.2697360236220474
11
6.390166377952756
21
-4.2691599606299215
0
LINE
8
BLACK
6
CONTINUOUS
10
6.390166377952756
20
-4.2691599606299215
11
6.3902069685039367
21
-4.2690619291338585
0
LINE
8
BLACK
6
CONTINUOUS
10
6.3902069685039367
20
-4.2690619291338585
11
6.3902144881889766
21
-4.268956141732283
0
LINE
8
BLACK
6
CONTINUOUS
10
6.3902144881889766
20
-4.268956141732283
11
6.3904213779527561
21
-4.2684155118110239
0
LINE
8
BLACK
6
CONTINUOUS
10
6.3904213779527561
20
-4.2684155118110239
11
6.3922961417322837
21
-4.2646659842519687
0
LINE
8
BLACK
6
CONTINUOUS
10
6.3922961417322837
20
-4.2646659842519687
11
6.3924522047244094
21
-4.2644179527559052
0
LINE
8
BLACK
6
CONTINUOUS
10
6.3924522047244094
20
-4.2644179527559052
11
6.3924820472440942
21
-4.2643460236220472
0
LINE
8
BLACK
6
CONTINUOUS
10
6.3924820472440942
20
-4.2643460236220472
11
6.3925485039370074
21
-4.2642650393700787
0
LINE
8
BLACK
6
CONTINUOUS
10
6.3925485039370074
20
-4.2642650393700787
11
6.3926044881889759
21
-4.2641761023622049
0
LINE
8
BLACK
6
CONTINUOUS
10
6.3926044881889759
20
-4.2641761023622049
11
6.3926634645669287
21
-4.2641249212598424
0
LINE
8
BLACK
6
CONTINUOUS
10
6.3926634645669287
20
-4.2641249212598424
11
6.3928492519685038
21
-4.2638985826771654
0
LINE
8
BLACK
6
CONTINUOUS
10
6.3928492519685038
20
-4.2638985826771654
11
6.3947240157480314
21
-4.2620238188976378
0
LINE
8
BLACK
6
CONTINUOUS
10
6.3947240157480314
20
-4.2620238188976378
11
6.3949503543307085
21
-4.2618380314960627
0
LINE
8
BLACK
6
CONTINUOUS
10
6.3949503543307085
20
-4.2618380314960627
11
6.3950015354330709
21
-4.2617790551181098
0
LINE
8
BLACK
6
CONTINUOUS
10
6.3950015354330709
20
-4.2617790551181098
11
6.3950904724409448
21
-4.2617230708661413
0
LINE
8
BLACK
6
CONTINUOUS
10
6.3950904724409448
20
-4.2617230708661413
11
6.3951714566929132
21
-4.2616566141732282
0
LINE
8
BLACK
6
CONTINUOUS
10
6.3951714566929132
20
-4.2616566141732282
11
6.3952433858267712
21
-4.2616267716535434
0
LINE
8
BLACK
6
CONTINUOUS
10
6.3952433858267712
20
-4.2616267716535434
11
6.3954914173228348
21
-4.2614707086614176
0
LINE
8
BLACK
6
CONTINUOUS
10
6.3954914173228348
20
-4.2614707086614176
11
6.3992409448818899
21
-4.2595959448818901
0
LINE
8
BLACK
6
CONTINUOUS
10
6.3992409448818899
20
-4.2595959448818901
11
6.3997815354330712
21
-4.2593890551181097
0
LINE
8
BLACK
6
CONTINUOUS
10
6.3997815354330712
20
-4.2593890551181097
11
6.3998874015748033
21
-4.2593814960629919
0
LINE
8
BLACK
6
CONTINUOUS
10
6.3998874015748033
20
-4.2593814960629919
11
6.3999853937007876
21
-4.25934094488189
0
LINE
8
BLACK
6
CONTINUOUS
10
6.3999853937007876
20
-4.25934094488189
11
6.4005614566929134
21
-4.2592842125984252
0
LINE
8
BLACK
6
CONTINUOUS
10
6.4005614566929134
20
-4.2592842125984252
11
6.4099352755905512
21
-4.2592842125984252
0
LINE
8
BLACK
6
CONTINUOUS
10
6.4099352755905512
20
-4.2592842125984252
11
6.4105113385826771
21
-4.25934094488189
0
LINE
8
BLACK
6
CONTINUOUS
10
6.4536309448818896
20
-4.25934094488189
11
6.4546953543307088
21
-4.2597818503937006
0
LINE
8
BLACK
6
CONTINUOUS
10
6.4546953543307088
20
-4.2597818503937006
11
6.4555099999999994
21
-4.2605964960629921
0
LINE
8
BLACK
6
CONTINUOUS
10
6.4555099999999994
20
-4.2605964960629921
11
6.4559509055118109
21
-4.2616609055118113
0
LINE
8
BLACK
6
CONTINUOUS
10
6.4559509055118109
20
-4.2616609055118113
11
6.4560076377952758
21
-4.2622369685039372
0
LINE
8
BLACK
6
CONTINUOUS
10
6.4560076377952758
20
-4.2622369685039372
11
6.4560076377952758
21
-4.3016070472440946
0
LINE
8
BLACK
6
CONTINUOUS
10
6.4560076377952758
20
-4.3016070472440946
11
6.4559509055118109
21
-4.3021831102362205
0
LINE
8
BLACK
6
CONTINUOUS
10
6.4559509055118109
20
-4.3021831102362205
11
6.4555099999999994
21
-4.3032475196850397
0
LINE
8
BLACK
6
CONTINUOUS
10
6.4555099999999994
20
-4.3032475196850397
11
6.4546953543307088
21
-4.3040621653543303
0
LINE
8
BLACK
6
CONTINUOUS
10
6.4546953543307088
20
-4.3040621653543303
11
6.4536309448818896
21
-4.3045030708661418
0
LINE
8
BLACK
6
CONTINUOUS
10
6.4536309448818896
20
-4.3045030708661418
11
6.4524788188976379
21
-4.3045030708661418
0
LINE
8
BLACK
6
CONTINUOUS
10
6.4524788188976379
20
-4.3045030708661418
11
6.4514144094488186
21
-4.3040621653543303
0
LINE
8
BLACK
6
CONTINUOUS
10
6.4514144094488186
20
-4.3040621653543303
11
6.4505997637795272
21
-4.3032475196850397
0
LINE
8
BLACK
6
CONTINUOUS
10
6.4505997637795272
20
-4.3032475196850397
11
6.4501588582677165
21
-4.3021831102362205
0
LINE
8
BLACK
6
CONTINUOUS
10
6.4501588582677165
20
-4.3021831102362205
11
6.4501021259842517
21
-4.3016070472440946
0
LINE
8
BLACK
6
CONTINUOUS
10
6.4501021259842517
20
-4.3016070472440946
11
6.4501021259842517
21
-4.2858121259842514
0
LINE
8
BLACK
6
CONTINUOUS
10
6.4501021259842517
20
-4.2858121259842514
11
6.4452184251968498
21
-4.2858121259842514
0
LINE
8
BLACK
6
CONTINUOUS
10
6.4452184251968498
20
-4.2858121259842514
11
6.4329766929133854
21
-4.3033003543307089
0
LINE
8
BLACK
6
CONTINUOUS
10
6.4329766929133854
20
-4.3033003543307089
11
6.4325998818897636
21
-4.3037397244094491
0
LINE
8
BLACK
6
CONTINUOUS
10
6.4325998818897636
20
-4.3037397244094491
11
6.4316282677165351
21
-4.3043588976377949
0
LINE
8
BLACK
6
CONTINUOUS
10
6.4316282677165351
20
-4.3043588976377949
11
6.4304937401574804
21
-4.3045590944881891
0
LINE
8
BLACK
6
CONTINUOUS
10
6.4304937401574804
20
-4.3045590944881891
11
6.4293688976377954
21
-4.3043099212598426
0
LINE
8
BLACK
6
CONTINUOUS
10
6.4293688976377954
20
-4.3043099212598426
11
6.4284250393700786
21
-4.3036492125984251
0
LINE
8
BLACK
6
CONTINUOUS
10
6.4284250393700786
20
-4.3036492125984251
11
6.4278058661417319
21
-4.3026775984251966
0
LINE
8
BLACK
6
CONTINUOUS
10
6.4278058661417319
20
-4.3026775984251966
11
6.4276056692913386
21
-4.301543070866142
0
LINE
8
BLACK
6
CONTINUOUS
10
6.4276056692913386
20
-4.301543070866142
11
6.4278548425196851
21
-4.3004182283464569
0
LINE
8
BLACK
6
CONTINUOUS
10
6.4278548425196851
20
-4.3004182283464569
11
6.4281387401574799
21
-4.2999137401574803
0
LINE
8
BLACK
6
CONTINUOUS
10
6.4281387401574799
20
-4.2999137401574803
11
6.4380128740157483
21
-4.2858077952755904
0
LINE
8
BLACK
6
CONTINUOUS
10
6.4380128740157483
20
-4.2858077952755904
11
6.4374807086614174
21
-4.2857553937007875
0
LINE
8
BLACK
6
CONTINUOUS
10
6.4374807086614174
20
-4.2857553937007875
11
6.4373827165354331
21
-4.285714803149606
0
LINE
8
BLACK
6
CONTINUOUS
10
6.4373827165354331
20
-4.285714803149606
11
6.437276850393701
21
-4.2857072834645669
0
LINE
8
BLACK
6
CONTINUOUS
10
6.437276850393701
20
-4.2857072834645669
11
6.4367362598425197
21
-4.2855003937007874
0
LINE
8
BLACK
6
CONTINUOUS
10
6.4367362598425197
20
-4.2855003937007874
11
6.4329867322834646
21
-4.2836256299212598
0
LINE
8
BLACK
6
CONTINUOUS
10
6.4329867322834646
20
-4.2836256299212598
11
6.4327387007874011
21
-4.2834695275590553
0
LINE
8
BLACK
6
CONTINUOUS
10
6.4327387007874011
20
-4.2834695275590553
11
6.4326667716535431
21
-4.2834397244094484
0
LINE
8
BLACK
6
CONTINUOUS
10
6.4326667716535431
20
-4.2834397244094484
11
6.4325857874015746
21
-4.2833732283464565
0
LINE
8
BLACK
6
CONTINUOUS
10
6.4325857874015746
20
-4.2833732283464565
11
6.4324968503937008
21
-4.2833172834645667
0
LINE
8
BLACK
6
CONTINUOUS
10
6.4324968503937008
20
-4.2833172834645667
11
6.4324456692913383
21
-4.2832582677165352
0
LINE
8
BLACK
6
CONTINUOUS
10
6.4324456692913383
20
-4.2832582677165352
11
6.4322193307086613
21
-4.2830725196850397
0
LINE
8
BLACK
6
CONTINUOUS
10
6.4322193307086613
20
-4.2830725196850397
11
6.4303445669291337
21
-4.2811977559055121
0
LINE
8
BLACK
6
CONTINUOUS
10
6.4303445669291337
20
-4.2811977559055121
11
6.4301587795275585
21
-4.2809713779527554
0
LINE
8
BLACK
6
CONTINUOUS
10
6.4301587795275585
20
-4.2809713779527554
11
6.4300998031496057
21
-4.2809202362204726
0
LINE
8
BLACK
6
CONTINUOUS
10
6.4300998031496057
20
-4.2809202362204726
11
6.4300438188976372
21
-4.28083125984252
0
LINE
8
BLACK
6
CONTINUOUS
10
6.4300438188976372
20
-4.28083125984252
11
6.429977362204724
21
-4.2807503149606294
0
LINE
8
BLACK
6
CONTINUOUS
10
6.429977362204724
20
-4.2807503149606294
11
6.4299475196850393
21
-4.2806783464566927
0
LINE
8
BLACK
6
CONTINUOUS
10
6.4299475196850393
20
-4.2806783464566927
11
6.4297914566929135
21
-4.2804303543307087
0
LINE
8
BLACK
6
CONTINUOUS
10
6.4297914566929135
20
-4.2804303543307087
11
6.427916692913386
21
-4.2766808267716536
0
LINE
8
BLACK
6
CONTINUOUS
10
6.427916692913386
20
-4.2766808267716536
11
6.4277098031496065
21
-4.2761401968503936
0
LINE
8
BLACK
6
CONTINUOUS
10
6.4277098031496065
20
-4.2761401968503936
11
6.4277022834645665
21
-4.2760343700787402
0
LINE
8
BLACK
6
CONTINUOUS
10
6.4277022834645665
20
-4.2760343700787402
11
6.4276616929133858
21
-4.2759363779527559
0
LINE
8
BLACK
6
CONTINUOUS
10
6.4276616929133858
20
-4.2759363779527559
11
6.427604960629921
21
-4.2753603149606301
0
LINE
8
BLACK
6
CONTINUOUS
10
6.427604960629921
20
-4.2753603149606301
11
6.427604960629921
21
-4.2697360236220474
0
LINE
8
BLACK
6
CONTINUOUS
10
6.427604960629921
20
-4.2697360236220474
11
6.4276616929133858
21
-4.2691599606299215
0
LINE
8
BLACK
6
CONTINUOUS
10
6.4276616929133858
20
-4.2691599606299215
11
6.4277022834645665
21
-4.2690619291338585
0
LINE
8
BLACK
6
CONTINUOUS
10
6.4277022834645665
20
-4.2690619291338585
11
6.4277098031496065
21
-4.268956141732283
0
LINE
8
BLACK
6
CONTINUOUS
10
6.4277098031496065
20
-4.268956141732283
11
6.427916692913386
21
-4.2684155118110239
0
LINE
8
BLACK
6
CONTINUOUS
10
6.427916692913386
20
-4.2684155118110239
11
6.4297914566929135
21
-4.2646659842519687
0
LINE
8
BLACK
6
CONTINUOUS
10
6.4297914566929135
20
-4.2646659842519687
11
6.4299475196850393
21
-4.2644179527559052
0
LINE
8
BLACK
6
CONTINUOUS
10
6.4299475196850393
20
-4.2644179527559052
11
6.429977362204724
21
-4.2643460236220472
0
LINE
8
BLACK
6
CONTINUOUS
10
6.429977362204724
20
-4.2643460236220472
11
6.4300438188976372
21
-4.2642650393700787
0
LINE
8
BLACK
6
CONTINUOUS
10
6.4300438188976372
20
-4.2642650393700787
11
6.4300998031496057
21
-4.2641761023622049
0
LINE
8
BLACK
6
CONTINUOUS
10
6.4300998031496057
20
-4.2641761023622049
11
6.4301587795275585
21
-4.2641249212598424
0
LINE
8
BLACK
6
CONTINUOUS
10
6.4301587795275585
20
-4.2641249212598424
11
6.4303445669291337
21
-4.2638985826771654
0
LINE
8
BLACK
6
CONTINUOUS
10
6.4303445669291337
20
-4.2638985826771654
11
6.4322193307086613
21
-4.2620238188976378
0
LINE
8
BLACK
6
CONTINUOUS
10
6.4322193307086613
20
-4.2620238188976378
11
6.4324456692913383
21
-4.2618380314960627
0
LINE
8
BLACK
6
CONTINUOUS
10
6.4324456692913383
20
-4.2618380314960627
11
6.4324968503937008
21
-4.2617790551181098
0
LINE
8
BLACK
6
CONTINUOUS
10
6.4324968503937008
20
-4.2617790551181098
11
6.4325857874015746
21
-4.2617230708661413
0
LINE
8
BLACK
6
CONTINUOUS
10
6.4325857874015746
20
-4.2617230708661413
11
6.4326667716535431
21
-4.2616566141732282
0
LINE
8
BLACK
6
CONTINUOUS
10
6.4326667716535431
20
-4.2616566141732282
11
6.4327387007874011
21
-4.2616267716535434
0
LINE
8
BLACK
6
CONTINUOUS
10
6.4327387007874011
20
-4.2616267716535434
11
6.4329867322834646
21
-4.2614707086614176
0
LINE
8
BLACK
6
CONTINUOUS
10
6.4329867322834646
20
-4.2614707086614176
11
6.4367362598425197
21
-4.2595959448818901
0
LINE
8
BLACK
6
CONTINUOUS
10
6.4367362598425197
20
-4.2595959448818901
11
6.437276850393701
21
-4.2593890551181097
0
LINE
8
BLACK
6
CONTINUOUS
10
6.437276850393701
20
-4.2593890551181097
11
6.4373827165354331
21
-4.2593814960629919
0
LINE
8
BLACK
6
CONTINUOUS
10
6.4373827165354331
20
-4.2593814960629919
11
6.4374807086614174
21
-4.25934094488189
0
LINE
8
BLACK
6
CONTINUOUS
10
6.4374807086614174
20
-4.25934094488189
11
6.4380567716535433
21
-4.2592842125984252
0
LINE
8
BLACK
6
CONTINUOUS
10
6.4380567716535433
20
-4.2592842125984252
11
6.4530548818897637
21
-4.2592842125984252
0
LINE
8
BLACK
6
CONTINUOUS
10
6.4530548818897637
20
-4.2592842125984252
11
6.4536309448818896
21
-4.25934094488189
0
LINE
8
BLACK
6
CONTINUOUS
10
6.4360563385826772
20
-4.2665384645669286
11
6.4348592125984254
21
-4.2677355905511813
0
LINE
8
BLACK
6
CONTINUOUS
10
6.4348592125984254
20
-4.2677355905511813
11
6.4335104724409451
21
-4.270433070866142
0
LINE
8
BLACK
6
CONTINUOUS
10
6.4335104724409451
20
-4.270433070866142
11
6.4335104724409451
21
-4.2746632677165355
0
LINE
8
BLACK
6
CONTINUOUS
10
6.4335104724409451
20
-4.2746632677165355
11
6.4348592125984254
21
-4.2773607480314961
0
LINE
8
BLACK
6
CONTINUOUS
10
6.4348592125984254
20
-4.2773607480314961
11
6.4360563385826772
21
-4.2785578740157479
0
LINE
8
BLACK
6
CONTINUOUS
10
6.4360563385826772
20
-4.2785578740157479
11
6.4387538188976379
21
-4.2799066141732283
0
LINE
8
BLACK
6
CONTINUOUS
10
6.4387538188976379
20
-4.2799066141732283
11
6.4501021259842517
21
-4.2799066141732283
0
LINE
8
BLACK
6
CONTINUOUS
10
6.4501021259842517
20
-4.2799066141732283
11
6.4501021259842517
21
-4.2651897244094483
0
LINE
8
BLACK
6
CONTINUOUS
10
6.4501021259842517
20
-4.2651897244094483
11
6.4387538188976379
21
-4.2651897244094483
0
LINE
8
BLACK
6
CONTINUOUS
10
6.4387538188976379
20
-4.2651897244094483
11
6.4360563385826772
21
-4.2665384645669286
0
LINE
8
BLACK
6
CONTINUOUS
10
6.0156016929133855
20
-4.2556401574803147
11
6.0158909842519686
21
-4.2556401574803147
0
LINE
8
BLACK
6
CONTINUOUS
10
6.0158909842519686
20
-4.2556401574803147
11
6.0161610629921256
21
-4.2557520078740154
0
LINE
8
BLACK
6
CONTINUOUS
10
6.0161610629921256
20
-4.2557520078740154
11
6.0164477165354331
21
-4.2558093700787403
0
LINE
8
BLACK
6
CONTINUOUS
10
6.0164477165354331
20
-4.2558093700787403
11
6.0166880708661417
21
-4.2559703149606296
0
LINE
8
BLACK
6
CONTINUOUS
10
6.0166880708661417
20
-4.2559703149606296
11
6.0169553937007869
21
-4.2560810629921262
0
LINE
8
BLACK
6
CONTINUOUS
10
6.0169553937007869
20
-4.2560810629921262
11
6.0171620866141735
21
-4.2562877559055119
0
LINE
8
BLACK
6
CONTINUOUS
10
6.0171620866141735
20
-4.2562877559055119
11
6.0174050000000001
21
-4.2564504330708663
0
LINE
8
BLACK
6
CONTINUOUS
10
6.0174050000000001
20
-4.2564504330708663
11
6.0177679921259841
21
-4.2568936614173225
0
LINE
8
BLACK
6
CONTINUOUS
10
6.0177679921259841
20
-4.2568936614173225
11
6.0177700393700784
21
-4.2568957086614176
0
LINE
8
BLACK
6
CONTINUOUS
10
6.0177700393700784
20
-4.2568957086614176
11
6.0177703937007871
21
-4.2568965748031493
0
LINE
8
BLACK
6
CONTINUOUS
10
6.0177703937007871
20
-4.2568965748031493
11
6.0177717716535435
21
-4.2568982677165357
0
LINE
8
BLACK
6
CONTINUOUS
10
6.0177717716535435
20
-4.2568982677165357
11
6.0213590944881892
21
-4.262279291338583
0
LINE
8
BLACK
6
CONTINUOUS
10
6.0213590944881892
20
-4.262279291338583
11
6.024563070866142
21
-4.2654832677165357
0
LINE
8
BLACK
6
CONTINUOUS
10
6.024563070866142
20
-4.2654832677165357
11
6.0278840157480316
21
-4.2671437401574801
0
LINE
8
BLACK
6
CONTINUOUS
10
6.0278840157480316
20
-4.2671437401574801
11
6.0283738976377954
21
-4.2674520866141732
0
LINE
8
BLACK
6
CONTINUOUS
10
6.0283738976377954
20
-4.2674520866141732
11
6.0291287401574802
21
-4.2683224803149606
0
LINE
8
BLACK
6
CONTINUOUS
10
6.0291287401574802
20
-4.2683224803149606
11
6.0294930708661418
21
-4.2694154330708658
0
LINE
8
BLACK
6
CONTINUOUS
10
6.0294930708661418
20
-4.2694154330708658
11
6.0294114173228346
21
-4.2705646456692916
0
LINE
8
BLACK
6
CONTINUOUS
10
6.0294114173228346
20
-4.2705646456692916
11
6.0288961417322833
21
-4.2715951574803146
0
LINE
8
BLACK
6
CONTINUOUS
10
6.0288961417322833
20
-4.2715951574803146
11
6.0280257874015746
21
-4.2723500000000003
0
LINE
8
BLACK
6
CONTINUOUS
10
6.0280257874015746
20
-4.2723500000000003
11
6.0269327952755907
21
-4.272714330708661
0
LINE
8
BLACK
6
CONTINUOUS
10
6.0269327952755907
20
-4.272714330708661
11
6.0257835826771649
21
-4.2726326771653547
0
LINE
8
BLACK
6
CONTINUOUS
10
6.0257835826771649
20
-4.2726326771653547
11
6.0252429921259845
21
-4.2724257874015743
0
LINE
8
BLACK
6
CONTINUOUS
10
6.0252429921259845
20
-4.2724257874015743
11
6.0214934645669294
21
-4.2705510236220467
0
LINE
8
BLACK
6
CONTINUOUS
10
6.0214934645669294
20
-4.2705510236220467
11
6.0212456299212596
21
-4.2703949999999997
0
LINE
8
BLACK
6
CONTINUOUS
10
6.0212456299212596
20
-4.2703949999999997
11
6.0211735039370078
21
-4.270365157480315
0
LINE
8
BLACK
6
CONTINUOUS
10
6.0211735039370078
20
-4.270365157480315
11
6.0210923228346456
21
-4.2702985433070868
0
LINE
8
BLACK
6
CONTINUOUS
10
6.0210923228346456
20
-4.2702985433070868
11
6.0210035826771655
21
-4.2702426771653546
0
LINE
8
BLACK
6
CONTINUOUS
10
6.0210035826771655
20
-4.2702426771653546
11
6.0209524409448818
21
-4.2701837401574805
0
LINE
8
BLACK
6
CONTINUOUS
10
6.0209524409448818
20
-4.2701837401574805
11
6.020726062992126
21
-4.2699979133858266
0
LINE
8
BLACK
6
CONTINUOUS
10
6.020726062992126
20
-4.2699979133858266
11
6.0182676771653538
21
-4.2675395275590553
0
LINE
8
BLACK
6
CONTINUOUS
10
6.0182676771653538
20
-4.2675395275590553
11
6.0182676771653538
21
-4.2949535039370081
0
LINE
8
BLACK
6
CONTINUOUS
10
6.0182676771653538
20
-4.2949535039370081
11
6.026563503937008
21
-4.2949535039370081
0
LINE
8
BLACK
6
CONTINUOUS
10
6.026563503937008
20
-4.2949535039370081
11
6.0271395669291339
21
-4.2950102362204721
0
LINE
8
BLACK
6
CONTINUOUS
10
6.0271395669291339
20
-4.2950102362204721
11
6.0282039763779522
21
-4.2954511417322836
0
LINE
8
BLACK
6
CONTINUOUS
10
6.0282039763779522
20
-4.2954511417322836
11
6.0290186220472437
21
-4.2962657874015751
0
LINE
8
BLACK
6
CONTINUOUS
10
6.0290186220472437
20
-4.2962657874015751
11
6.0294595275590552
21
-4.2973301968503934
0
LINE
8
BLACK
6
CONTINUOUS
10
6.0294595275590552
20
-4.2973301968503934
11
6.0294595275590552
21
-4.2984823228346452
0
LINE
8
BLACK
6
CONTINUOUS
10
6.0294595275590552
20
-4.2984823228346452
11
6.0290186220472437
21
-4.2995467322834644
0
LINE
8
BLACK
6
CONTINUOUS
10
6.0290186220472437
20
-4.2995467322834644
11
6.0282039763779522
21
-4.3003613779527559
0
LINE
8
BLACK
6
CONTINUOUS
10
6.0282039763779522
20
-4.3003613779527559
11
6.0271395669291339
21
-4.3008022834645665
0
LINE
8
BLACK
6
CONTINUOUS
10
6.0271395669291339
20
-4.3008022834645665
11
6.026563503937008
21
-4.3008590157480313
0
LINE
8
BLACK
6
CONTINUOUS
10
6.026563503937008
20
-4.3008590157480313
11
6.0040663385826774
21
-4.3008590157480313
0
LINE
8
BLACK
6
CONTINUOUS
10
6.0040663385826774
20
-4.3008590157480313
11
6.0034902755905515
21
-4.3008022834645665
0
LINE
8
BLACK
6
CONTINUOUS
10
6.0034902755905515
20
-4.3008022834645665
11
6.0024258661417322
21
-4.3003613779527559
0
LINE
8
BLACK
6
CONTINUOUS
10
6.0024258661417322
20
-4.3003613779527559
11
6.0016112204724408
21
-4.2995467322834644
0
LINE
8
BLACK
6
CONTINUOUS
10
6.0016112204724408
20
-4.2995467322834644
11
6.0011703149606301
21
-4.2984823228346452
0
LINE
8
BLACK
6
CONTINUOUS
10
6.0011703149606301
20
-4.2984823228346452
11
6.0011703149606301
21
-4.2973301968503934
0
LINE
8
BLACK
6
CONTINUOUS
10
6.0011703149606301
20
-4.2973301968503934
11
6.0016112204724408
21
-4.2962657874015751
0
LINE
8
BLACK
6
CONTINUOUS
10
6.0016112204724408
20
-4.2962657874015751
11
6.0024258661417322
21
-4.2954511417322836
0
LINE
8
BLACK
6
CONTINUOUS
10
6.0024258661417322
20
-4.2954511417322836
11
6.0034902755905515
21
-4.2950102362204721
0
LINE
8
BLACK
6
CONTINUOUS
10
6.0034902755905515
20
-4.2950102362204721
11
6.0040663385826774
21
-4.2949535039370081
0
LINE
8
BLACK
6
CONTINUOUS
10
6.0040663385826774
20
-4.2949535039370081
11
6.0123621653543307
21
-4.2949535039370081
0
LINE
8
BLACK
6
CONTINUOUS
10
6.0123621653543307
20
-4.2949535039370081
11
6.0123621653543307
21
-4.2585361811023619
0
LINE
8
BLACK
6
CONTINUOUS
10
6.0123621653543307
20
-4.2585361811023619
11
6.0123623622047244
21
-4.2585340944881889
0
LINE
8
BLACK
6
CONTINUOUS
10
6.0123623622047244
20
-4.2585340944881889
11
6.0123621653543307
21
-4.2585330708661413
0
LINE
8
BLACK
6
CONTINUOUS
10
6.0123621653543307
20
-4.2585330708661413
11
6.0123627559055119
21
-4.2585300393700782
0
LINE
8
BLACK
6
CONTINUOUS
10
6.0123627559055119
20
-4.2585300393700782
11
6.0124188976377955
21
-4.257960118110236
0
LINE
8
BLACK
6
CONTINUOUS
10
6.0124188976377955
20
-4.257960118110236
11
6.0125307480314962
21
-4.2576900000000002
0
LINE
8
BLACK
6
CONTINUOUS
10
6.0125307480314962
20
-4.2576900000000002
11
6.0125881102362202
21
-4.2574033858267715
0
LINE
8
BLACK
6
CONTINUOUS
10
6.0125881102362202
20
-4.2574033858267715
11
6.0127490551181104
21
-4.2571629921259841
0
LINE
8
BLACK
6
CONTINUOUS
10
6.0127490551181104
20
-4.2571629921259841
11
6.0128598031496061
21
-4.2568957086614176
0
LINE
8
BLACK
6
CONTINUOUS
10
6.0128598031496061
20
-4.2568957086614176
11
6.0130664960629918
21
-4.2566889763779523
0
LINE
8
BLACK
6
CONTINUOUS
10
6.0130664960629918
20
-4.2566889763779523
11
6.0132291732283463
21
-4.2564461023622044
0
LINE
8
BLACK
6
CONTINUOUS
10
6.0132291732283463
20
-4.2564461023622044
11
6.0134698818897636
21
-4.2562855905511814
0
LINE
8
BLACK
6
CONTINUOUS
10
6.0134698818897636
20
-4.2562855905511814
11
6.0136744488188976
21
-4.2560810629921262
0
LINE
8
BLACK
6
CONTINUOUS
10
6.0136744488188976
20
-4.2560810629921262
11
6.0139445275590546
21
-4.2559691732283467
0
LINE
8
BLACK
6
CONTINUOUS
10
6.0139445275590546
20
-4.2559691732283467
11
6.01418779527559
21
-4.255807007874016
0
LINE
8
BLACK
6
CONTINUOUS
10
6.01418779527559
20
-4.255807007874016
11
6.0144715748031494
21
-4.2557508661417325
0
LINE
8
BLACK
6
CONTINUOUS
10
6.0144715748031494
20
-4.2557508661417325
11
6.0147388582677168
21
-4.2556401574803147
0
LINE
8
BLACK
6
CONTINUOUS
10
6.0147388582677168
20
-4.2556401574803147
11
6.0150312598425195
21
-4.2556401574803147
0
LINE
8
BLACK
6
CONTINUOUS
10
6.0150312598425195
20
-4.2556401574803147
11
6.0153180314960633
21
-4.2555834251968507
0
LINE
8
BLACK
6
CONTINUOUS
10
6.0153180314960633
20
-4.2555834251968507
11
6.0156016929133855
21
-4.2556401574803147
0
LINE
8
BLACK
6
CONTINUOUS
10
6.0646348818897637
20
-4.2556401574803147
11
6.0656992913385821
21
-4.2560810629921262
0
LINE
8
BLACK
6
CONTINUOUS
10
6.0656992913385821
20
-4.2560810629921262
11
6.0665139370078736
21
-4.2568957086614176
0
LINE
8
BLACK
6
CONTINUOUS
10
6.0665139370078736
20
-4.2568957086614176
11
6.0669548425196851
21
-4.257960118110236
0
LINE
8
BLACK
6
CONTINUOUS
10
6.0669548425196851
20
-4.257960118110236
11
6.0670115748031499
21
-4.2585361811023619
0
LINE
8
BLACK
6
CONTINUOUS
10
6.0670115748031499
20
-4.2585361811023619
11
6.0670115748031499
21
-4.2979062598425193
0
LINE
8
BLACK
6
CONTINUOUS
10
6.0670115748031499
20
-4.2979062598425193
11
6.0669548425196851
21
-4.2984823228346452
0
LINE
8
BLACK
6
CONTINUOUS
10
6.0669548425196851
20
-4.2984823228346452
11
6.0665139370078736
21
-4.2995467322834644
0
LINE
8
BLACK
6
CONTINUOUS
10
6.0665139370078736
20
-4.2995467322834644
11
6.0656992913385821
21
-4.3003613779527559
0
LINE
8
BLACK
6
CONTINUOUS
10
6.0656992913385821
20
-4.3003613779527559
11
6.0646348818897637
21
-4.3008022834645665
0
LINE
8
BLACK
6
CONTINUOUS
10
6.0646348818897637
20
-4.3008022834645665
11
6.0640588188976379
21
-4.3008590157480313
0
LINE
8
BLACK
6
CONTINUOUS
10
6.0640588188976379
20
-4.3008590157480313
11
6.0546850000000001
21
-4.3008590157480313
0
LINE
8
BLACK
6
CONTINUOUS
10
6.0546850000000001
20
-4.3008590157480313
11
6.0543933858267716
21
-4.3008302755905508
0
LINE
8
BLACK
6
CONTINUOUS
10
6.0543933858267716
20
-4.3008302755905508
11
6.0543156692913387
21
-4.3008358267716531
0
LINE
8
BLACK
6
CONTINUOUS
10
6.0543156692913387
20
-4.3008358267716531
11
6.0542133858267713
21
-4.3008125590551183
0
LINE
8
BLACK
6
CONTINUOUS
10
6.0542133858267713
20
-4.3008125590551183
11
6.0541089370078742
21
-4.3008022834645665
0
LINE
8
BLACK
6
CONTINUOUS
10
6.0541089370078742
20
-4.3008022834645665
11
6.0540368503937003
21
-4.300772401574803
0
LINE
8
BLACK
6
CONTINUOUS
10
6.0540368503937003
20
-4.300772401574803
11
6.0537512204724404
21
-4.3007074803149603
0
LINE
8
BLACK
6
CONTINUOUS
10
6.0537512204724404
20
-4.3007074803149603
11
6.0481269685039365
21
-4.2988327165354328
0
LINE
8
BLACK
6
CONTINUOUS
10
6.0481269685039365
20
-4.2988327165354328
11
6.0475983858267712
21
-4.2985967322834648
0
LINE
8
BLACK
6
CONTINUOUS
10
6.0475983858267712
20
-4.2985967322834648
11
6.0475182677165353
21
-4.2985272440944877
0
LINE
8
BLACK
6
CONTINUOUS
10
6.0475182677165353
20
-4.2985272440944877
11
6.0474202362204723
21
-4.2984866535433071
0
LINE
8
BLACK
6
CONTINUOUS
10
6.0474202362204723
20
-4.2984866535433071
11
6.0469727952755905
21
-4.2981194094488187
0
LINE
8
BLACK
6
CONTINUOUS
10
6.0469727952755905
20
-4.2981194094488187
11
6.0432232677165354
21
-4.2943698425196848
0
LINE
8
BLACK
6
CONTINUOUS
10
6.0432232677165354
20
-4.2943698425196848
11
6.0430374803149602
21
-4.294143464566929
0
LINE
8
BLACK
6
CONTINUOUS
10
6.0430374803149602
20
-4.294143464566929
11
6.0429785039370074
21
-4.2940923228346453
0
LINE
8
BLACK
6
CONTINUOUS
10
6.0429785039370074
20
-4.2940923228346453
11
6.0429225196850389
21
-4.2940033858267714
0
LINE
8
BLACK
6
CONTINUOUS
10
6.0429225196850389
20
-4.2940033858267714
11
6.042856023622047
21
-4.2939223622047242
0
LINE
8
BLACK
6
CONTINUOUS
10
6.042856023622047
20
-4.2939223622047242
11
6.0428261811023622
21
-4.29385031496063
0
LINE
8
BLACK
6
CONTINUOUS
10
6.0428261811023622
20
-4.29385031496063
11
6.0426701574803152
21
-4.2936024409448814
0
LINE
8
BLACK
6
CONTINUOUS
10
6.0426701574803152
20
-4.2936024409448814
11
6.0407953937007877
21
-4.2898529133858263
0
LINE
8
BLACK
6
CONTINUOUS
10
6.0407953937007877
20
-4.2898529133858263
11
6.0407792519685035
21
-4.2898107874015743
0
LINE
8
BLACK
6
CONTINUOUS
10
6.0407792519685035
20
-4.2898107874015743
11
6.0407665748031496
21
-4.2897936614173231
0
LINE
8
BLACK
6
CONTINUOUS
10
6.0407665748031496
20
-4.2897936614173231
11
6.0406801181102363
21
-4.2895516929133857
0
LINE
8
BLACK
6
CONTINUOUS
10
6.0406801181102363
20
-4.2895516929133857
11
6.0405885039370073
21
-4.2893122834645672
0
LINE
8
BLACK
6
CONTINUOUS
10
6.0405885039370073
20
-4.2893122834645672
11
6.0405869685039368
21
-4.2892910236220469
0
LINE
8
BLACK
6
CONTINUOUS
10
6.0405869685039368
20
-4.2892910236220469
11
6.0405718110236215
21
-4.2892485433070862
0
LINE
8
BLACK
6
CONTINUOUS
10
6.0405718110236215
20
-4.2892485433070862
11
6.038697047244094
21
-4.2817494881889759
0
LINE
8
BLACK
6
CONTINUOUS
10
6.038697047244094
20
-4.2817494881889759
11
6.0386822440944883
21
-4.2816496062992124
0
LINE
8
BLACK
6
CONTINUOUS
10
6.0386822440944883
20
-4.2816496062992124
11
6.03866562992126
21
-4.2816094094488184
0
LINE
8
BLACK
6
CONTINUOUS
10
6.03866562992126
20
-4.2816094094488184
11
6.0386442519685035
21
-4.2813923622047243
0
LINE
8
BLACK
6
CONTINUOUS
10
6.0386442519685035
20
-4.2813923622047243
11
6.0386124015748033
21
-4.2811768897637794
0
LINE
8
BLACK
6
CONTINUOUS
10
6.0386124015748033
20
-4.2811768897637794
11
6.0386187795275585
21
-4.2811338582677161
0
LINE
8
BLACK
6
CONTINUOUS
10
6.0386187795275585
20
-4.2811338582677161
11
6.0386088976377952
21
-4.2810333464566925
0
LINE
8
BLACK
6
CONTINUOUS
10
6.0386088976377952
20
-4.2810333464566925
11
6.0386088976377952
21
-4.2754090551181099
0
LINE
8
BLACK
6
CONTINUOUS
10
6.0386088976377952
20
-4.2754090551181099
11
6.0386187795275585
21
-4.2753085039370076
0
LINE
8
BLACK
6
CONTINUOUS
10
6.0386187795275585
20
-4.2753085039370076
11
6.0386124015748033
21
-4.2752655118110239
0
LINE
8
BLACK
6
CONTINUOUS
10
6.0386124015748033
20
-4.2752655118110239
11
6.0386442519685035
21
-4.2750500000000002
0
LINE
8
BLACK
6
CONTINUOUS
10
6.0386442519685035
20
-4.2750500000000002
11
6.03866562992126
21
-4.274832992125984
0
LINE
8
BLACK
6
CONTINUOUS
10
6.03866562992126
20
-4.274832992125984
11
6.0386822440944883
21
-4.2747927559055121
0
LINE
8
BLACK
6
CONTINUOUS
10
6.0386822440944883
20
-4.2747927559055121
11
6.038697047244094
21
-4.2746929133858265
0
LINE
8
BLACK
6
CONTINUOUS
10
6.038697047244094
20
-4.2746929133858265
11
6.0405718110236215
21
-4.2671938582677162
0
LINE
8
BLACK
6
CONTINUOUS
10
6.0405718110236215
20
-4.2671938582677162
11
6.0405869685039368
21
-4.2671513385826767
0
LINE
8
BLACK
6
CONTINUOUS
10
6.0405869685039368
20
-4.2671513385826767
11
6.0405885039370073
21
-4.2671301181102361
0
LINE
8
BLACK
6
CONTINUOUS
10
6.0405885039370073
20
-4.2671301181102361
11
6.0406805118110238
21
-4.2668896456692913
0
LINE
8
BLACK
6
CONTINUOUS
10
6.0406805118110238
20
-4.2668896456692913
11
6.0407665748031496
21
-4.2666487401574802
0
LINE
8
BLACK
6
CONTINUOUS
10
6.0407665748031496
20
-4.2666487401574802
11
6.0407792519685035
21
-4.2666315748031494
0
LINE
8
BLACK
6
CONTINUOUS
10
6.0407792519685035
20
-4.2666315748031494
11
6.0407953937007877
21
-4.2665894881889761
0
LINE
8
BLACK
6
CONTINUOUS
10
6.0407953937007877
20
-4.2665894881889761
11
6.0426701574803152
21
-4.262839960629921
0
LINE
8
BLACK
6
CONTINUOUS
10
6.0426701574803152
20
-4.262839960629921
11
6.042826220472441
21
-4.2625919291338583
0
LINE
8
BLACK
6
CONTINUOUS
10
6.042826220472441
20
-4.2625919291338583
11
6.0428560629921257
21
-4.2625200000000003
0
LINE
8
BLACK
6
CONTINUOUS
10
6.0428560629921257
20
-4.2625200000000003
11
6.0429225196850389
21
-4.262439015748031
0
LINE
8
BLACK
6
CONTINUOUS
10
6.0429225196850389
20
-4.262439015748031
11
6.0429785039370074
21
-4.2623500787401571
0
LINE
8
BLACK
6
CONTINUOUS
10
6.0429785039370074
20
-4.2623500787401571
11
6.0430374803149602
21
-4.2622988976377956
0
LINE
8
BLACK
6
CONTINUOUS
10
6.0430374803149602
20
-4.2622988976377956
11
6.0432232677165354
21
-4.2620725590551176
0
LINE
8
BLACK
6
CONTINUOUS
10
6.0432232677165354
20
-4.2620725590551176
11
6.0469727952755905
21
-4.2583230314960625
0
LINE
8
BLACK
6
CONTINUOUS
10
6.0469727952755905
20
-4.2583230314960625
11
6.0474202362204723
21
-4.257955787401575
0
LINE
8
BLACK
6
CONTINUOUS
10
6.0474202362204723
20
-4.257955787401575
11
6.0475182677165353
21
-4.2579151574803147
0
LINE
8
BLACK
6
CONTINUOUS
10
6.0475182677165353
20
-4.2579151574803147
11
6.0475983858267712
21
-4.2578457086614172
0
LINE
8
BLACK
6
CONTINUOUS
10
6.0475983858267712
20
-4.2578457086614172
11
6.0481269685039365
21
-4.2576097244094484
0
LINE
8
BLACK
6
CONTINUOUS
10
6.0481269685039365
20
-4.2576097244094484
11
6.0537512204724404
21
-4.2557349606299208
0
LINE
8
BLACK
6
CONTINUOUS
10
6.0537512204724404
20
-4.2557349606299208
11
6.0540368503937003
21
-4.2556700000000003
0
LINE
8
BLACK
6
CONTINUOUS
10
6.0540368503937003
20
-4.2556700000000003
11
6.0541089370078742
21
-4.2556401574803147
0
LINE
8
BLACK
6
CONTINUOUS
10
6.0541089370078742
20
-4.2556401574803147
11
6.0542133858267713
21
-4.255629842519685
0
LINE
8
BLACK
6
CONTINUOUS
10
6.0542133858267713
20
-4.255629842519685
11
6.0543156692913387
21
-4.2556066141732281
0
LINE
8
BLACK
6
CONTINUOUS
10
6.0543156692913387
20
-4.2556066141732281
11
6.0543933858267716
21
-4.2556121259842516
0
LINE
8
BLACK
6
CONTINUOUS
10
6.0543933858267716
20
-4.2556121259842516
11
6.0546850000000001
21
-4.2555834251968507
0
LINE
8
BLACK
6
CONTINUOUS
10
6.0546850000000001
20
-4.2555834251968507
11
6.0640588188976379
21
-4.2555834251968507
0
LINE
8
BLACK
6
CONTINUOUS
10
6.0640588188976379
20
-4.2555834251968507
11
6.0646348818897637
21
-4.2556401574803147
0
LINE
8
BLACK
6
CONTINUOUS
10
6.0506557480314962
20
-4.2629917322834645
11
6.0477379133858262
21
-4.2659095669291336
0
LINE
8
BLACK
6
CONTINUOUS
10
6.0477379133858262
20
-4.2659095669291336
11
6.046222401574803
21
-4.2689405511811023
0
LINE
8
BLACK
6
CONTINUOUS
10
6.046222401574803
20
-4.2689405511811023
11
6.0445144094488183
21
-4.2757725984251964
0
LINE
8
BLACK
6
CONTINUOUS
10
6.0445144094488183
20
-4.2757725984251964
11
6.0445144094488183
21
-4.280669803149606
0
LINE
8
BLACK
6
CONTINUOUS
10
6.0445144094488183
20
-4.280669803149606
11
6.046222401574803
21
-4.287501850393701
0
LINE
8
BLACK
6
CONTINUOUS
10
6.046222401574803
20
-4.287501850393701
11
6.0477379133858262
21
-4.2905328346456688
0
LINE
8
BLACK
6
CONTINUOUS
10
6.0477379133858262
20
-4.2905328346456688
11
6.0506557480314962
21
-4.2934507086614175
0
LINE
8
BLACK
6
CONTINUOUS
10
6.0506557480314962
20
-4.2934507086614175
11
6.055164133858268
21
-4.2949535039370081
0
LINE
8
BLACK
6
CONTINUOUS
10
6.055164133858268
20
-4.2949535039370081
11
6.0611060629921258
21
-4.2949535039370081
0
LINE
8
BLACK
6
CONTINUOUS
10
6.0611060629921258
20
-4.2949535039370081
11
6.0611060629921258
21
-4.2614889370078739
0
LINE
8
BLACK
6
CONTINUOUS
10
6.0611060629921258
20
-4.2614889370078739
11
6.055164133858268
21
-4.2614889370078739
0
LINE
8
BLACK
6
CONTINUOUS
10
6.055164133858268
20
-4.2614889370078739
11
6.0506557480314962
21
-4.2629917322834645
0
LINE
8
BLACK
6
CONTINUOUS
10
5.6921824015748026
20
-4.2615960236220474
11
5.6923622047244091
21
-4.2625000000000002
0
LINE
8
BLACK
6
CONTINUOUS
10
5.6923622047244091
20
-4.2625000000000002
11
5.6923622047244091
21
-4.2924999999999995
0
LINE
8
BLACK
6
CONTINUOUS
10
5.6923622047244091
20
-4.2924999999999995
11
5.6921824015748026
21
-4.2934039763779523
0
LINE
8
BLACK
6
CONTINUOUS
10
5.6921824015748026
20
-4.2934039763779523
11
5.6909039763779523
21
-4.2946824015748026
0
LINE
8
BLACK
6
CONTINUOUS
10
5.6909039763779523
20
-4.2946824015748026
11
5.6890960236220467
21
-4.2946824015748026
0
LINE
8
BLACK
6
CONTINUOUS
10
5.6890960236220467
20
-4.2946824015748026
11
5.6878175984251964
21
-4.2934039763779523
0
LINE
8
BLACK
6
CONTINUOUS
10
5.6878175984251964
20
-4.2934039763779523
11
5.6876377952755908
21
-4.2924999999999995
0
LINE
8
BLACK
6
CONTINUOUS
10
5.6876377952755908
20
-4.2924999999999995
11
5.6876377952755908
21
-4.2625000000000002
0
LINE
8
BLACK
6
CONTINUOUS
10
5.6876377952755908
20
-4.2625000000000002
11
5.6878175984251964
21
-4.2615960236220474
0
LINE
8
BLACK
6
CONTINUOUS
10
5.6878175984251964
20
-4.2615960236220474
11
5.6890960236220467
21
-4.2603175984251971
0
LINE
8
BLACK
6
CONTINUOUS
10
5.6890960236220467
20
-4.2603175984251971
11
5.6909039763779523
21
-4.2603175984251971
0
LINE
8
BLACK
6
CONTINUOUS
10
5.6909039763779523
20
-4.2603175984251971
11
5.6921824015748026
21
-4.2615960236220474
0
LINE
8
BLACK
6
CONTINUOUS
10
5.7521824015748031
20
-4.2615960236220474
11
5.7523622047244096
21
-4.2625000000000002
0
LINE
8
BLACK
6
CONTINUOUS
10
5.7523622047244096
20
-4.2625000000000002
11
5.7523622047244096
21
-4.2924999999999995
0
LINE
8
BLACK
6
CONTINUOUS
10
5.7523622047244096
20
-4.2924999999999995
11
5.7521824015748031
21
-4.2934039763779523
0
LINE
8
BLACK
6
CONTINUOUS
10
5.7521824015748031
20
-4.2934039763779523
11
5.7509039763779528
21
-4.2946824015748026
0
LINE
8
BLACK
6
CONTINUOUS
10
5.7509039763779528
20
-4.2946824015748026
11
5.7490960236220472
21
-4.2946824015748026
0
LINE
8
BLACK
6
CONTINUOUS
10
5.7490960236220472
20
-4.2946824015748026
11
5.7478175984251969
21
-4.2934039763779523
0
LINE
8
BLACK
6
CONTINUOUS
10
5.7478175984251969
20
-4.2934039763779523
11
5.7476377952755904
21
-4.2924999999999995
0
LINE
8
BLACK
6
CONTINUOUS
10
5.7476377952755904
20
-4.2924999999999995
11
5.7476377952755904
21
-4.2625000000000002
0
LINE
8
BLACK
6
CONTINUOUS
10
5.7476377952755904
20
-4.2625000000000002
11
5.7478175984251969
21
-4.2615960236220474
0
LINE
8
BLACK
6
CONTINUOUS
10
5.7478175984251969
20
-4.2615960236220474
11
5.7490960236220472
21
-4.2603175984251971
0
LINE
8
BLACK
6
CONTINUOUS
10
5.7490960236220472
20
-4.2603175984251971
11
5.7509039763779528
21
-4.2603175984251971
0
LINE
8
BLACK
6
CONTINUOUS
10
5.7509039763779528
20
-4.2603175984251971
11
5.7521824015748031
21
-4.2615960236220474
0
LINE
8
BLACK
6
CONTINUOUS
10
5.6619933858267713
20
-4.2698598818897633
11
5.6630577952755905
21
-4.2703007874015748
0
LINE
8
BLACK
6
CONTINUOUS
10
5.6630577952755905
20
-4.2703007874015748
11
5.663872440944882
21
-4.2711154330708663
0
LINE
8
BLACK
6
CONTINUOUS
10
5.663872440944882
20
-4.2711154330708663
11
5.6643133464566926
21
-4.2721798425196846
0
LINE
8
BLACK
6
CONTINUOUS
10
5.6643133464566926
20
-4.2721798425196846
11
5.6643133464566926
21
-4.2733319685039373
0
LINE
8
BLACK
6
CONTINUOUS
10
5.6643133464566926
20
-4.2733319685039373
11
5.663872440944882
21
-4.2743963779527556
0
LINE
8
BLACK
6
CONTINUOUS
10
5.663872440944882
20
-4.2743963779527556
11
5.6630577952755905
21
-4.2752110236220471
0
LINE
8
BLACK
6
CONTINUOUS
10
5.6630577952755905
20
-4.2752110236220471
11
5.6619933858267713
21
-4.2756519291338586
0
LINE
8
BLACK
6
CONTINUOUS
10
5.6619933858267713
20
-4.2756519291338586
11
5.6614173228346454
21
-4.2757086614173225
0
LINE
8
BLACK
6
CONTINUOUS
10
5.6614173228346454
20
-4.2757086614173225
11
5.6014173228346458
21
-4.2757086614173225
0
LINE
8
BLACK
6
CONTINUOUS
10
5.6014173228346458
20
-4.2757086614173225
11
5.6008412598425199
21
-4.2756519291338586
0
LINE
8
BLACK
6
CONTINUOUS
10
5.6008412598425199
20
-4.2756519291338586
11
5.5997768503937007
21
-4.2752110236220471
0
LINE
8
BLACK
6
CONTINUOUS
10
5.5997768503937007
20
-4.2752110236220471
11
5.5989622047244092
21
-4.2743963779527556
0
LINE
8
BLACK
6
CONTINUOUS
10
5.5989622047244092
20
-4.2743963779527556
11
5.5985212992125986
21
-4.2733319685039373
0
LINE
8
BLACK
6
CONTINUOUS
10
5.5985212992125986
20
-4.2733319685039373
11
5.5985212992125986
21
-4.2721798425196846
0
LINE
8
BLACK
6
CONTINUOUS
10
5.5985212992125986
20
-4.2721798425196846
11
5.5989622047244092
21
-4.2711154330708663
0
LINE
8
BLACK
6
CONTINUOUS
10
5.5989622047244092
20
-4.2711154330708663
11
5.5997768503937007
21
-4.2703007874015748
0
LINE
8
BLACK
6
CONTINUOUS
10
5.5997768503937007
20
-4.2703007874015748
11
5.6008412598425199
21
-4.2698598818897633
0
LINE
8
BLACK
6
CONTINUOUS
10
5.6008412598425199
20
-4.2698598818897633
11
5.6014173228346458
21
-4.2698031496062994
0
LINE
8
BLACK
6
CONTINUOUS
10
5.6014173228346458
20
-4.2698031496062994
11
5.6614173228346454
21
-4.2698031496062994
0
LINE
8
BLACK
6
CONTINUOUS
10
5.6614173228346454
20
-4.2698031496062994
11
5.6619933858267713
21
-4.2698598818897633
0
LINE
8
BLACK
6
CONTINUOUS
10
5.5712976771653544
20
-4.2671876771653539
11
5.5725761023622047
21
-4.268466102362205
0
LINE
8
BLACK
6
CONTINUOUS
10
5.5725761023622047
20
-4.268466102362205
11
5.5725761023622047
21
-4.2702740551181098
0
LINE
8
BLACK
6
CONTINUOUS
10
5.5725761023622047
20
-4.2702740551181098
11
5.5712976771653544
21
-4.2715524803149609
0
LINE
8
BLACK
6
CONTINUOUS
10
5.5712976771653544
20
-4.2715524803149609
11
5.5703937007874016
21
-4.2717322834645666
0
LINE
8
BLACK
6
CONTINUOUS
10
5.5703937007874016
20
-4.2717322834645666
11
5.4739370078740155
21
-4.2717322834645666
0
LINE
8
BLACK
6
CONTINUOUS
10
5.4739370078740155
20
-4.2717322834645666
11
5.4730330314960627
21
-4.2715524803149609
0
LINE
8
BLACK
6
CONTINUOUS
10
5.4730330314960627
20
-4.2715524803149609
11
5.4717546062992124
21
-4.2702740551181098
0
LINE
8
BLACK
6
CONTINUOUS
10
5.4717546062992124
20
-4.2702740551181098
11
5.4717546062992124
21
-4.268466102362205
0
LINE
8
BLACK
6
CONTINUOUS
10
5.4717546062992124
20
-4.268466102362205
11
5.4730330314960627
21
-4.2671876771653539
0
LINE
8
BLACK
6
CONTINUOUS
10
5.4730330314960627
20
-4.2671876771653539
11
5.4739370078740155
21
-4.2670078740157482
0
LINE
8
BLACK
6
CONTINUOUS
10
5.4739370078740155
20
-4.2670078740157482
11
5.5703937007874016
21
-4.2670078740157482
0
LINE
8
BLACK
6
CONTINUOUS
10
5.5703937007874016
20
-4.2670078740157482
11
5.5712976771653544
21
-4.2671876771653539
0
LINE
8
BLACK
6
CONTINUOUS
10
5.410576062992126
20
-4.259603976377953
11
5.4116404724409444
21
-4.2600448818897636
0
LINE
8
BLACK
6
CONTINUOUS
10
5.4116404724409444
20
-4.2600448818897636
11
5.4124551181102358
21
-4.2608595275590551
0
LINE
8
BLACK
6
CONTINUOUS
10
5.4124551181102358
20
-4.2608595275590551
11
5.4128960236220474
21
-4.2619239370078743
0
LINE
8
BLACK
6
CONTINUOUS
10
5.4128960236220474
20
-4.2619239370078743
11
5.4128960236220474
21
-4.263076062992126
0
LINE
8
BLACK
6
CONTINUOUS
10
5.4128960236220474
20
-4.263076062992126
11
5.4124551181102358
21
-4.2641404724409444
0
LINE
8
BLACK
6
CONTINUOUS
10
5.4124551181102358
20
-4.2641404724409444
11
5.4116404724409444
21
-4.2649551181102359
0
LINE
8
BLACK
6
CONTINUOUS
10
5.4116404724409444
20
-4.2649551181102359
11
5.410576062992126
21
-4.2653960236220474
0
LINE
8
BLACK
6
CONTINUOUS
10
5.410576062992126
20
-4.2653960236220474
11
5.4100000000000001
21
-4.2654527559055113
0
LINE
8
BLACK
6
CONTINUOUS
10
5.4100000000000001
20
-4.2654527559055113
11
5.3499999999999996
21
-4.2654527559055113
0
LINE
8
BLACK
6
CONTINUOUS
10
5.3499999999999996
20
-4.2654527559055113
11
5.3494239370078738
21
-4.2653960236220474
0
LINE
8
BLACK
6
CONTINUOUS
10
5.3494239370078738
20
-4.2653960236220474
11
5.3483595275590554
21
-4.2649551181102359
0
LINE
8
BLACK
6
CONTINUOUS
10
5.3483595275590554
20
-4.2649551181102359
11
5.347544881889764
21
-4.2641404724409444
0
LINE
8
BLACK
6
CONTINUOUS
10
5.347544881889764
20
-4.2641404724409444
11
5.3471039763779524
21
-4.263076062992126
0
LINE
8
BLACK
6
CONTINUOUS
10
5.3471039763779524
20
-4.263076062992126
11
5.3471039763779524
21
-4.2619239370078743
0
LINE
8
BLACK
6
CONTINUOUS
10
5.3471039763779524
20
-4.2619239370078743
11
5.347544881889764
21
-4.2608595275590551
0
LINE
8
BLACK
6
CONTINUOUS
10
5.347544881889764
20
-4.2608595275590551
11
5.3483595275590554
21
-4.2600448818897636
0
LINE
8
BLACK
6
CONTINUOUS
10
5.3483595275590554
20
-4.2600448818897636
11
5.3494239370078738
21
-4.259603976377953
0
LINE
8
BLACK
6
CONTINUOUS
10
5.3494239370078738
20
-4.259603976377953
11
5.3499999999999996
21
-4.2595472440944881
0
LINE
8
BLACK
6
CONTINUOUS
10
5.3499999999999996
20
-4.2595472440944881
11
5.4100000000000001
21
-4.2595472440944881
0
LINE
8
BLACK
6
CONTINUOUS
10
5.4100000000000001
20
-4.2595472440944881
11
5.410576062992126
21
-4.259603976377953
0
LINE
8
BLACK
6
CONTINUOUS
10
5.7505760629921259
20
-4.214603976377953
11
5.7516404724409451
21
-4.2150448818897637
0
LINE
8
BLACK
6
CONTINUOUS
10
5.7516404724409451
20
-4.2150448818897637
11
5.7524551181102357
21
-4.2158595275590551
0
LINE
8
BLACK
6
CONTINUOUS
10
5.7524551181102357
20
-4.2158595275590551
11
5.7528960236220472
21
-4.2169239370078735
0
LINE
8
BLACK
6
CONTINUOUS
10
5.7528960236220472
20
-4.2169239370078735
11
5.7528960236220472
21
-4.2180760629921261
0
LINE
8
BLACK
6
CONTINUOUS
10
5.7528960236220472
20
-4.2180760629921261
11
5.7524551181102357
21
-4.2191404724409445
0
LINE
8
BLACK
6
CONTINUOUS
10
5.7524551181102357
20
-4.2191404724409445
11
5.7516404724409451
21
-4.2199551181102359
0
LINE
8
BLACK
6
CONTINUOUS
10
5.7516404724409451
20
-4.2199551181102359
11
5.7505760629921259
21
-4.2203960236220475
0
LINE
8
BLACK
6
CONTINUOUS
10
5.7505760629921259
20
-4.2203960236220475
11
5.75
21
-4.2204527559055114
0
LINE
8
BLACK
6
CONTINUOUS
10
5.75
20
-4.2204527559055114
11
5.6899999999999995
21
-4.2204527559055114
0
LINE
8
BLACK
6
CONTINUOUS
10
5.6899999999999995
20
-4.2204527559055114
11
5.6894239370078736
21
-4.2203960236220475
0
LINE
8
BLACK
6
CONTINUOUS
10
5.6894239370078736
20
-4.2203960236220475
11
5.6883595275590553
21
-4.2199551181102359
0
LINE
8
BLACK
6
CONTINUOUS
10
5.6883595275590553
20
-4.2199551181102359
11
5.6875448818897638
21
-4.2191404724409445
0
LINE
8
BLACK
6
CONTINUOUS
10
5.6875448818897638
20
-4.2191404724409445
11
5.6871039763779523
21
-4.2180760629921261
0
LINE
8
BLACK
6
CONTINUOUS
10
5.6871039763779523
20
-4.2180760629921261
11
5.6871039763779523
21
-4.2169239370078735
0
LINE
8
BLACK
6
CONTINUOUS
10
5.6871039763779523
20
-4.2169239370078735
11
5.6875448818897638
21
-4.2158595275590551
0
LINE
8
BLACK
6
CONTINUOUS
10
5.6875448818897638
20
-4.2158595275590551
11
5.6883595275590553
21
-4.2150448818897637
0
LINE
8
BLACK
6
CONTINUOUS
10
5.6883595275590553
20
-4.2150448818897637
11
5.6894239370078736
21
-4.214603976377953
0
LINE
8
BLACK
6
CONTINUOUS
10
5.6894239370078736
20
-4.214603976377953
11
5.6899999999999995
21
-4.2145472440944882
0
LINE
8
BLACK
6
CONTINUOUS
10
5.6899999999999995
20
-4.2145472440944882
11
5.75
21
-4.2145472440944882
0
LINE
8
BLACK
6
CONTINUOUS
10
5.75
20
-4.2145472440944882
11
5.7505760629921259
21
-4.214603976377953
0
CIRCLE
8
BLACK
10
5.5
20
-4.0999999999999996
40
0.0068897637795276
0
CIRCLE
8
BLACK
10
7.0999999999999996
20
-4.8999999999999995
40
0.0068897637795276
0
CIRCLE
8
BLACK
10
5.4299999999999997
20
-4.6799999999999997
40
0.0068897637795276
0
CIRCLE
8
BLACK
10
5.5300000000000002
20
-4.6799999999999997
40
0.0068897637795276
0
CIRCLE
8
BLACK
10
6.5788188976377953
20
-4.1499999999999995
40
0.0068897637795276
0
CIRCLE
8
BLACK
10
6.5788188976377953
20
-4.0499999999999998
40
0.0068897637795276
0
CIRCLE
8
BLACK
10
6.7796062992125981
20
-4.1499999999999995
40
0.0068897637795276
0
CIRCLE
8
BLACK
10
6.7796062992125981
20
-4.0499999999999998
40
0.0068897637795276
0
CIRCLE
8
BLACK
10
6.440787401574803
20
-4.1499999999999995
40
0.0068897637795276
0
CIRCLE
8
BLACK
10
6.440787401574803
20
-4.0499999999999998
40
0.0068897637795276
0
CIRCLE
8
BLACK
10
7.0620000000000003
20
-4.5
40
0.0068897637795276
0
CIRCLE
8
BLACK
10
6.9619999999999997
20
-4.5999999999999996
40
0.0068897637795276
0
CIRCLE
8
BLACK
10
7.1619999999999999
20
-4.5999999999999996
40
0.0068897637795276
0
CIRCLE
8
BLACK
10
6.9619999999999997
20
-4.3999999999999995
40
0.0068897637795276
0
CIRCLE
8
BLACK
10
7.1619999999999999
20
-4.3999999999999995
40
0.0068897637795276
0
CIRCLE
8
BLACK
10
6.0392125984251965
20
-4.1499999999999995
40
0.0068897637795276
0
CIRCLE
8
BLACK
10
6.0392125984251965
20
-4.0499999999999998
40
0.0068897637795276
0
CIRCLE
8
BLACK
10
6.8799999999999999
20
-4.1499999999999995
40
0.0068897637795276
0
CIRCLE
8
BLACK
10
6.8799999999999999
20
-4.0499999999999998
40
0.0068897637795276
0
CIRCLE
8
BLACK
10
6.1396062992125984
20
-4.1499999999999995
40
0.0068897637795276
0
CIRCLE
8
BLACK
10
6.1396062992125984
20
-4.0499999999999998
40
0.0068897637795276
0
CIRCLE
8
BLACK
10
6.2400000000000002
20
-4.1499999999999995
40
0.0068897637795276
0
CIRCLE
8
BLACK
10
6.2400000000000002
20
-4.0499999999999998
40
0.0068897637795276
0
CIRCLE
8
BLACK
10
6.3403937007874012
20
-4.1499999999999995
40
0.0068897637795276
0
CIRCLE
8
BLACK
10
6.3403937007874012
20
-4.0499999999999998
40
0.0068897637795276
0
CIRCLE
8
BLACK
10
6.6792125984251971
20
-4.1499999999999995
40
0.0068897637795276
0
CIRCLE
8
BLACK
10
6.6792125984251971
20
-4.0499999999999998
40
0.0068897637795276
0
CIRCLE
8
BLACK
10
7.0999999999999996
20
-4.0999999999999996
40
0.0068897637795276
0
CIRCLE
8
BLACK
10
5.7199999999999998
20
-4.1499999999999995
40
0.0068897637795276
0
CIRCLE
8
BLACK
10
5.7199999999999998
20
-4.0499999999999998
40
0.0068897637795276
0
CIRCLE
8
BLACK
10
5.8200000000000003
20
-4.1499999999999995
40
0.0068897637795276
0
CIRCLE
8
BLACK
10
5.8200000000000003
20
-4.0499999999999998
40
0.0068897637795276
0
CIRCLE
8
BLACK
10
5.9199999999999999
20
-4.1499999999999995
40
0.0068897637795276
0
CIRCLE
8
BLACK
10
5.9199999999999999
20
-4.0499999999999998
40
0.0068897637795276
0
CIRCLE
8
BLACK
10
5.5
20
-4.8999999999999995
40
0.0068897637795276
0
CIRCLE
8
BLACK
10
5.4299999999999997
20
-4.4799999999999995
40
0.0068897637795276
0
CIRCLE
8
BLACK
10
5.5300000000000002
20
-4.4799999999999995
40
0.0068897637795276
0
CIRCLE
8
BLACK
10
5.4299999999999997
20
-4.5800000000000001
40
0.0068897637795276
0
CIRCLE
8
BLACK
10
5.5300000000000002
20
-4.5800000000000001
40
0.0068897637795276
0
CIRCLE
8
BLACK
10
5.8585826771653542
20
-4.6730708661417326
40
0.0039370078740157
0
CIRCLE
8
BLACK
10
5.8999212598425199
20
-4.6730708661417326
40
0.0039370078740157
0
CIRCLE
8
BLACK
10
5.9412598425196848
20
-4.6730708661417326
40
0.0039370078740157
0
CIRCLE
8
BLACK
10
5.8585826771653542
20
-4.6317322834645669
40
0.0039370078740157
0
CIRCLE
8
BLACK
10
5.8999212598425199
20
-4.6317322834645669
40
0.0039370078740157
0
CIRCLE
8
BLACK
10
5.9412598425196848
20
-4.6317322834645669
40
0.0039370078740157
0
CIRCLE
8
BLACK
10
5.8585826771653542
20
-4.5903937007874012
40
0.0039370078740157
0
CIRCLE
8
BLACK
10
5.8999212598425199
20
-4.5903937007874012
40
0.0039370078740157
0
CIRCLE
8
BLACK
10
5.9412598425196848
20
-4.5903937007874012
40
0.0039370078740157
  0
ENDSEC
  0
EOF
